,sentence_pair,alignment_type,source_sentence_ids,target_sentence_ids,source_ref,target_ref,source_pos,target_pos,source_case,target_case,pair_type,zero_pair_cost
0,1,one-to-one,dn_0,mkm_0,Ippolita,Ippolita,PROPN,PROPN,nsubj,nsubj,explicit_full,
1,1,one-to-one,dn_0,mkm_0,Ippolita,Ippolita,NULL,NULL,nsubj,nsubj,zero_zero_semantic,0.4567794727664145
2,1,one-to-one,dn_0,mkm_0,MISSING,Ippolita,MISSING,NULL,MISSING,nsubj,leftover_target,
3,1,one-to-one,dn_0,mkm_0,crowd-of-men,crowd-of-men,NOUN,NOUN,obj,nsubj,explicit_ref_pos,
4,1,one-to-one,dn_0,mkm_0,MISSING,crowd-of-men,MISSING,NULL,MISSING,nsubj,leftover_target,
5,3,one-to-one,dn_2,mkm_2,Giorgio,Giorgio,PROPN,PROPN,nmod,nmod,explicit_full,
6,3,one-to-one,dn_2,mkm_2,Giorgio,Giorgio,PRON,PRON,obj,obj,explicit_full,
7,3,one-to-one,dn_2,mkm_2,Ippolita,Ippolita,PRON,NOUN,nsubj,nsubj,explicit_ref_case,
8,3,one-to-one,dn_2,mkm_2,Ippolita,Ippolita,NULL,NULL,nsubj,nsubj,zero_zero_single,
9,4,one-to-one,dn_4,mkm_3,suicidal-man,suicidal-man,PRON,PRON,nsubj,nsubj,explicit_full,
10,4,one-to-one,dn_4,mkm_3,suicidal-man,MISSING,PRON-REFLEX,MISSING,obj,MISSING,leftover_source,
11,4,one-to-one,dn_4,mkm_3,MISSING,suicidal-man,MISSING,NULL,MISSING,nsubj,leftover_target,
12,5,one-to-one,dn_3,mkm_4,Giorgio,Giorgio,PROPN,PROPN,nsubj,nsubj,explicit_full,
13,5,one-to-one,dn_3,mkm_4,crowd-of-men,crowd-of-men,NOUN,NOUN,nmod,obj,explicit_ref_pos,
14,6,one-to-one,dn_5,mkm_6,Giorgio,Giorgio,NULL,PRON,nsubj,nsubj,zero_to_tgt_anchor,
15,7,one-to-one,dn_6,mkm_5,Giorgio Ippolita,Giorgio Ippolita,NULL,NULL,nsubj,nsubj,zero_zero_single,
16,7,one-to-one,dn_6,mkm_5,Ippolita,MISSING,NULL,MISSING,nsubj,MISSING,leftover_source,
17,8,one-to-one,dn_7,mkm_7,Ippolita,Ippolita,PRON,NOUN,nsubj,nsubj,explicit_ref_case,
18,8,one-to-one,dn_7,mkm_7,MISSING,Ippolita,MISSING,NULL,MISSING,nsubj,leftover_target,
19,9,one-to-one,dn_8,mkm_9,Ippolita,Ippolita,NULL,PRON,nsubj,nsubj,zero_to_tgt_anchor,
20,10,one-to-many,dn_9,mkm_8 mkm_10,Giorgio Ippolita,Giorgio Ippolita,NULL,NULL,nsubj,nsubj,zero_zero_single,
21,11,many-to-one,dn_10 dn_11,mkm_11,Giorgio Ippolita,Giorgio Ippolita,NULL,NOUN,nsubj,nsubj,zero_to_tgt_anchor,
22,11,many-to-one,dn_10 dn_11,mkm_11,Ippolita,Ippolita,PROPN,PROPN,nsubj,nsubj,explicit_full,
23,11,many-to-one,dn_10 dn_11,mkm_11,MISSING,Ippolita,MISSING,NULL,MISSING,nsubj,leftover_target,
24,11,many-to-one,dn_10 dn_11,mkm_11,crowd-of-men,crowd-of-men,NOUN,NOUN,obj,obj,explicit_full,
25,15,one-to-one,dn_15,mkm_15,Giorgio,Giorgio,PROPN,PROPN,nsubj,nsubj,explicit_full,
26,16,one-to-one,dn_16,mkm_16,suicidal-man,suicidal-man,PRON,PRON,nsubj,nsubj,explicit_full,
27,16,one-to-one,dn_16,mkm_16,suicidal-man,MISSING,PRON-REFLEX,MISSING,obj,MISSING,leftover_source,
28,16,one-to-one,dn_16,mkm_16,MISSING,suicidal-man,MISSING,NULL,MISSING,nsubj,leftover_target,
29,17,one-to-one,dn_17,mkm_17,Giorgio Ippolita,Giorgio Ippolita,PRON,NOUN,nsubj,nsubj,explicit_ref_case,
30,17,one-to-one,dn_17,mkm_17,Giorgio Ippolita,MISSING,PRON-REFLEX,MISSING,obj,MISSING,leftover_source,
31,17,one-to-one,dn_17,mkm_17,crowd-of-men,crowd-of-men,NOUN,NOUN,nmod,nmod,explicit_full,
32,18,one-to-one,dn_18,mkm_18,crowd-of-men,MISSING,NOUN,MISSING,nsubj,MISSING,leftover_source,
33,19,many-to-one,dn_19 dn_20,mkm_19,crowd-of-men,crowd-of-men,NOUN,NOUN,pred,pred,explicit_full,
34,19,many-to-one,dn_19 dn_20,mkm_19,crowd-of-men,crowd-of-men,DET,NOUN,nmod,nmod,explicit_ref_case,
35,19,many-to-one,dn_19 dn_20,mkm_19,crowd-of-men,crowd-of-men,DET,PRON,nmod,nmod,explicit_ref_case,
36,19,many-to-one,dn_19 dn_20,mkm_19,crowd-of-men,MISSING,NULL,MISSING,nsubj,MISSING,leftover_source,
37,19,many-to-one,dn_19 dn_20,mkm_19,MISSING,crowd-of-men,MISSING,PRON,MISSING,nmod,leftover_target,
38,20,one-to-one,dn_21,mkm_20,young-man,young-man,NOUN,NOUN,nsubj,nsubj,explicit_full,
39,21,many-to-one,dn_23 dn_24,mkm_21,MISSING,crowd-of-men,MISSING,NOUN,MISSING,nmod,leftover_target,
40,21,many-to-one,dn_23 dn_24,mkm_21,man-from-the-crowd,man-from-the-crowd,NOUN,NOUN,nsubj,nsubj,explicit_full,
41,21,many-to-one,dn_23 dn_24,mkm_21,man-from-the-crowd,man-from-the-crowd,NULL,NOUN,nsubj,nsubj,zero_to_tgt_anchor,
42,21,many-to-one,dn_23 dn_24,mkm_21,man-from-the-crowd,MISSING,PRON-REFLEX,MISSING,obj,MISSING,leftover_source,
43,21,many-to-one,dn_23 dn_24,mkm_21,suicidal-man,MISSING,NULL,MISSING,nsubj,MISSING,leftover_source,
44,21,many-to-one,dn_23 dn_24,mkm_21,young-man,young-man,PRON,PRON,nsubj,nsubj,explicit_full,
45,21,many-to-one,dn_23 dn_24,mkm_21,young-man,MISSING,PRON,MISSING,obj,MISSING,leftover_source,
46,21,many-to-one,dn_23 dn_24,mkm_21,young-man,MISSING,PRON-REFLEX,MISSING,obj,MISSING,leftover_source,
47,21,many-to-one,dn_23 dn_24,mkm_21,MISSING,young-man,MISSING,NULL,MISSING,nsubj,leftover_target,
48,22,one-to-one,dn_25,mkm_22,UNKNOWN,UNKNOWN,NULL,NULL,nsubj,nsubj,zero_zero_single,
49,22,one-to-one,dn_25,mkm_22,suicidal-man,MISSING,PRON,MISSING,obj,MISSING,leftover_source,
50,25,one-to-one,dn_28,mkm_25,suicidal-man,suicidal-man,NULL,NULL,nsubj,nsubj,zero_zero_single,
51,26,one-to-one,dn_29,mkm_26,suicidal-man,suicidal-man,NULL,NULL,nsubj,nsubj,zero_zero_semantic,0.01947025954723358
52,26,one-to-one,dn_29,mkm_26,MISSING,suicidal-man,MISSING,NULL,MISSING,nsubj,leftover_target,
53,27,one-to-one,dn_30,mkm_27,man-with-a-pipe,man-with-a-pipe,NOUN,NOUN,nsubj,nsubj,explicit_full,
54,27,one-to-one,dn_30,mkm_27,man-with-a-pipe,man-with-a-pipe,NULL,NULL,nsubj,nsubj,zero_zero_semantic,0.5581093782577744
55,27,one-to-one,dn_30,mkm_27,man-with-a-pipe,MISSING,PRON-REFLEX,MISSING,obj,MISSING,leftover_source,
56,27,one-to-one,dn_30,mkm_27,man-with-a-pipe,MISSING,PRON-REFLEX,MISSING,obj,MISSING,leftover_source,
57,27,one-to-one,dn_30,mkm_27,MISSING,man-with-a-pipe,MISSING,NULL,MISSING,nsubj,leftover_target,
58,29,one-to-many,dn_32,mkm_29 mkm_30,man-with-a-pipe,man-with-a-pipe,DET,DET,nmod,nmod,explicit_full,
59,29,one-to-many,dn_32,mkm_29 mkm_30,man-with-a-pipe,man-with-a-pipe,DET,DET,nmod,nmod,explicit_full,
60,29,one-to-many,dn_32,mkm_29 mkm_30,MISSING,man-with-a-pipe,MISSING,NULL,MISSING,nsubj,leftover_target,
61,31,one-to-one,dn_34,mkm_32,cart-driver,cart-driver,NOUN,NOUN,nsubj,nsubj,explicit_full,
62,31,one-to-one,dn_34,mkm_32,cart-driver,MISSING,PRON-REFLEX,MISSING,obj,MISSING,leftover_source,
63,32,one-to-one,dn_35,mkm_33,crowd-of-men,crowd-of-men,NOUN,NOUN,nsubj,nsubj,explicit_full,
64,32,one-to-one,dn_35,mkm_33,MISSING,crowd-of-men,MISSING,NULL,MISSING,nsubj,leftover_target,
65,32,one-to-one,dn_35,mkm_33,MISSING,crowd-of-men,MISSING,NULL,MISSING,nsubj,leftover_target,
66,33,one-to-one,dn_36,mkm_34,crowd-of-men,crowd-of-men,NULL,PRON,nsubj,nsubj,zero_to_tgt_anchor,
67,35,one-to-many,dn_38,mkm_36 mkm_37,cart-driver,cart-driver,NOUN,NOUN,nsubj,nsubj,explicit_full,
68,35,one-to-many,dn_38,mkm_36 mkm_37,MISSING,cart-driver,MISSING,NULL,MISSING,nsubj,leftover_target,
69,35,one-to-many,dn_38,mkm_36 mkm_37,MISSING,cart-driver,MISSING,PRON,MISSING,nsubj,leftover_target,
70,37,one-to-one,dn_40,mkm_39,man-with-a-pipe,man-with-a-pipe,NOUN,NOUN,nsubj,nsubj,explicit_full,
71,38,one-to-one,dn_41,mkm_40,cart-driver,cart-driver,NOUN,NOUN,nsubj,nsubj,explicit_full,
72,38,one-to-one,dn_41,mkm_40,cart-driver,MISSING,PRON-REFLEX,MISSING,obj,MISSING,leftover_source,
73,38,one-to-one,dn_41,mkm_40,MISSING,cart-driver,MISSING,NULL,MISSING,nsubj,leftover_target,
74,38,one-to-one,dn_41,mkm_40,crowd-of-men,MISSING,PRON,MISSING,nsubj,MISSING,leftover_source,
75,43,one-to-one,dn_46,mkm_45,Giorgio,Giorgio,PROPN,PROPN,vocative,vocative,explicit_full,
76,43,one-to-one,dn_46,mkm_45,Giorgio Ippolita,Giorgio Ippolita,NULL,NULL,nsubj,nsubj,zero_zero_single,
77,44,one-to-many,dn_47,mkm_46 mkm_47 mkm_48,Giorgio,Giorgio,NOUN,NOUN,obj,nmod,explicit_ref_pos,
78,44,one-to-many,dn_47,mkm_46 mkm_47 mkm_48,Giorgio,MISSING,PRON-REFLEX,MISSING,obj,MISSING,leftover_source,
79,44,one-to-many,dn_47,mkm_46 mkm_47 mkm_48,MISSING,Giorgio,MISSING,PRON,MISSING,nsubj,leftover_target,
80,44,one-to-many,dn_47,mkm_46 mkm_47 mkm_48,MISSING,Giorgio,MISSING,NULL,MISSING,nsubj,leftover_target,
81,44,one-to-many,dn_47,mkm_46 mkm_47 mkm_48,Ippolita,Ippolita,PROPN,PROPN,nsubj,nsubj,explicit_full,
82,44,one-to-many,dn_47,mkm_46 mkm_47 mkm_48,MISSING,Ippolita,MISSING,NULL,MISSING,nsubj,leftover_target,
83,44,one-to-many,dn_47,mkm_46 mkm_47 mkm_48,MISSING,Ippolita,MISSING,NULL,MISSING,nsubj,leftover_target,
84,44,one-to-many,dn_47,mkm_46 mkm_47 mkm_48,MISSING,Ippolita,MISSING,PRON,MISSING,nsubj,leftover_target,
85,44,one-to-many,dn_47,mkm_46 mkm_47 mkm_48,crowd-of-men,MISSING,NOUN,MISSING,nmod,MISSING,leftover_source,
86,45,one-to-one,dn_48,mkm_49,Giorgio Ippolita,Giorgio Ippolita,NULL,PRON,nsubj,nsubj,zero_to_tgt_anchor,
87,46,one-to-one,dn_49,mkm_50,Giorgio Ippolita,Giorgio Ippolita,DET,NOUN,obj,nsubj,explicit_ref_only,
88,46,one-to-one,dn_49,mkm_50,Giorgio Ippolita,MISSING,DET,MISSING,nmod,MISSING,leftover_source,
89,46,one-to-one,dn_49,mkm_50,MISSING,Giorgio Ippolita,MISSING,NULL,MISSING,nsubj,leftover_target,
90,46,one-to-one,dn_49,mkm_50,MISSING,Giorgio Ippolita,MISSING,NULL,MISSING,nsubj,leftover_target,
91,47,one-to-one,dn_50,mkm_52,Giorgio,Giorgio,PRON,PROPN,nsubj,nsubj,explicit_ref_case,
92,50,one-to-one,dn_54,mkm_55,Giorgio Ippolita,Giorgio Ippolita,DET,PRON,nmod,nmod,explicit_ref_case,
93,51,one-to-one,dn_55,mkm_56,Ippolita,Ippolita,PRON,PRON,nsubj,nsubj,explicit_full,
94,51,one-to-one,dn_55,mkm_56,MISSING,Ippolita,MISSING,NULL,MISSING,nsubj,leftover_target,
95,54,one-to-one,dn_58,mkm_59,Giorgio,Giorgio,PROPN,PROPN,nsubj,nsubj,explicit_full,
96,54,one-to-one,dn_58,mkm_59,MISSING,Giorgio,MISSING,PRON,MISSING,nmod,leftover_target,
97,54,one-to-one,dn_58,mkm_59,MISSING,Giorgio,MISSING,NULL,MISSING,nsubj,leftover_target,
98,54,one-to-one,dn_58,mkm_59,Ippolita,MISSING,PRON,MISSING,obj,MISSING,leftover_source,
99,55,one-to-one,dn_59,mkm_60,MISSING,Giorgio Ippolita,MISSING,NOUN,MISSING,nmod,leftover_target,
100,56,one-to-one,dn_60,mkm_61,Ippolita,Ippolita,PRON,PRON,nsubj,nsubj,explicit_full,
101,57,one-to-one,dn_61,mkm_62,Ippolita,Ippolita,PRON,PRON,obj,nsubj,explicit_ref_pos,
102,58,one-to-one,dn_62,mkm_63,Giorgio,Giorgio,PRON,PRON,obj,nsubj,explicit_ref_pos,
103,58,one-to-one,dn_62,mkm_63,MISSING,Ippolita,MISSING,NULL,MISSING,nsubj,leftover_target,
104,59,many-to-one,dn_63 dn_64,mkm_64,Giorgio,Giorgio,PRON,PRON,nmod,nmod,explicit_full,
105,59,many-to-one,dn_63 dn_64,mkm_64,Giorgio,Giorgio,PRON,PRON,nsubj,nsubj,explicit_full,
106,59,many-to-one,dn_63 dn_64,mkm_64,Ippolita,Ippolita,PRON,PRON,obj,obj,explicit_full,
107,60,many-to-one,dn_65 dn_66,mkm_65,Giorgio,Giorgio,PRON,PRON,obj,nsubj,explicit_ref_pos,
108,60,many-to-one,dn_65 dn_66,mkm_65,Ippolita,Ippolita,NULL,NULL,nsubj,nsubj,zero_zero_single,
109,61,one-to-one,dn_67,mkm_66,Ippolita,Ippolita,PRON,PRON,nsubj,nsubj,explicit_full,
110,61,one-to-one,dn_67,mkm_66,MISSING,Ippolita,MISSING,NULL,MISSING,nsubj,leftover_target,
111,61,one-to-one,dn_67,mkm_66,MISSING,Ippolita,MISSING,NULL,MISSING,nsubj,leftover_target,
112,62,many-to-one,dn_68 dn_69,mkm_67,Ippolita,Ippolita,PRON,PRON,nsubj,nsubj,explicit_full,
113,62,many-to-one,dn_68 dn_69,mkm_67,Ippolita,Ippolita,NULL,NULL,nsubj,nsubj,zero_zero_semantic,0.4736830385366701
114,62,many-to-one,dn_68 dn_69,mkm_67,Ippolita,Ippolita,NULL,PRON,nsubj,nsubj,zero_to_tgt_anchor,
115,63,one-to-many,dn_70,mkm_68 mkm_70,Giorgio,Giorgio,PRON,PRON,nsubj,nsubj,explicit_full,
116,63,one-to-many,dn_70,mkm_68 mkm_70,Giorgio Ippolita,Giorgio Ippolita,PRON,NOUN,nsubj,obj,explicit_ref_only,
117,63,one-to-many,dn_70,mkm_68 mkm_70,Giorgio Ippolita,MISSING,PRON-REFLEX,MISSING,obj,MISSING,leftover_source,
118,63,one-to-many,dn_70,mkm_68 mkm_70,MISSING,Giorgio Ippolita,MISSING,NULL,MISSING,nsubj,leftover_target,
119,65,one-to-many,dn_72,mkm_71 mkm_72 mkm_73,Giorgio,Giorgio,PRON,PRON,nsubj,nsubj,explicit_full,
120,65,one-to-many,dn_72,mkm_71 mkm_72 mkm_73,Giorgio,Giorgio,NULL,NULL,nsubj,nsubj,zero_zero_semantic,0.39475065940257276
121,65,one-to-many,dn_72,mkm_71 mkm_72 mkm_73,Giorgio,Giorgio,NULL,PRON,nsubj,nsubj,zero_to_tgt_anchor,
122,65,one-to-many,dn_72,mkm_71 mkm_72 mkm_73,Ippolita,Ippolita,PRON,PRON,nsubj,nsubj,explicit_full,
123,65,one-to-many,dn_72,mkm_71 mkm_72 mkm_73,Ippolita,Ippolita,PRON,PRON,obj,obj,explicit_full,
124,65,one-to-many,dn_72,mkm_71 mkm_72 mkm_73,Ippolita,Ippolita,PRON,PRON,nsubj,nsubj,explicit_full,
125,65,one-to-many,dn_72,mkm_71 mkm_72 mkm_73,Ippolita,MISSING,PRON,MISSING,obj,MISSING,leftover_source,
126,65,one-to-many,dn_72,mkm_71 mkm_72 mkm_73,Ippolita,MISSING,PRON,MISSING,obj,MISSING,leftover_source,
127,67,many-to-one,dn_74 dn_75,mkm_75,Ippolita,Ippolita,PROPN,PROPN,vocative,vocative,explicit_full,
128,68,one-to-one,dn_76,mkm_76,Ippolita,Ippolita,NOUN,PRON,nsubj,nsubj,explicit_ref_case,
129,68,one-to-one,dn_76,mkm_76,Ippolita,MISSING,PRON-REFLEX,MISSING,obj,MISSING,leftover_source,
130,68,one-to-one,dn_76,mkm_76,Ippolita,MISSING,NULL,MISSING,nsubj,MISSING,leftover_source,
131,69,one-to-one,dn_77,mkm_77,Giorgio,MISSING,PRON,MISSING,obj,MISSING,leftover_source,
132,69,one-to-one,dn_77,mkm_77,Giorgio Ippolita,Giorgio Ippolita,NOUN,NOUN,nsubj,nmod,explicit_ref_pos,
133,69,one-to-one,dn_77,mkm_77,Ippolita,MISSING,PRON,MISSING,obj,MISSING,leftover_source,
134,70,one-to-one,dn_78,mkm_78,Giorgio Ippolita,Giorgio Ippolita,PRON,NOUN,nsubj,nsubj,explicit_ref_case,
135,70,one-to-one,dn_78,mkm_78,Giorgio Ippolita,Giorgio Ippolita,NULL,NULL,nsubj,nsubj,zero_zero_semantic,0.3200860296506263
136,70,one-to-one,dn_78,mkm_78,Giorgio Ippolita,MISSING,PRON-REFLEX,MISSING,obj,MISSING,leftover_source,
137,70,one-to-one,dn_78,mkm_78,Giorgio Ippolita,MISSING,PRON-REFLEX,MISSING,obj,MISSING,leftover_source,
138,70,one-to-one,dn_78,mkm_78,MISSING,Giorgio Ippolita,MISSING,NULL,MISSING,nsubj,leftover_target,
139,71,one-to-one,dn_79,mkm_79,Giorgio Ippolita,Giorgio Ippolita,PRON,NOUN,obj,obj,explicit_ref_case,
140,71,one-to-one,dn_79,mkm_79,Giorgio Ippolita,MISSING,PRON-REFLEX,MISSING,obj,MISSING,leftover_source,
141,71,one-to-one,dn_79,mkm_79,Giorgio Ippolita,MISSING,PRON-REFLEX,MISSING,obj,MISSING,leftover_source,
142,71,one-to-one,dn_79,mkm_79,Giorgio Ippolita,MISSING,PRON-REFLEX,MISSING,obj,MISSING,leftover_source,
143,71,one-to-one,dn_79,mkm_79,MISSING,Giorgio Ippolita,MISSING,NULL,MISSING,nsubj,leftover_target,
144,71,one-to-one,dn_79,mkm_79,MISSING,Giorgio Ippolita,MISSING,NOUN,MISSING,nsubj,leftover_target,
145,71,one-to-one,dn_79,mkm_79,MISSING,Giorgio Ippolita,MISSING,NULL,MISSING,nsubj,leftover_target,
146,71,one-to-one,dn_79,mkm_79,MISSING,Giorgio Ippolita,MISSING,NULL,MISSING,nsubj,leftover_target,
147,71,one-to-one,dn_79,mkm_79,MISSING,Giorgio Ippolita,MISSING,NULL,MISSING,nsubj,leftover_target,
148,72,one-to-one,dn_80,mkm_80,Giorgio,Giorgio,PROPN,PROPN,nsubj,nsubj,explicit_full,
149,72,one-to-one,dn_80,mkm_80,Ippolita,Ippolita,PROPN,PROPN,nsubj,nsubj,explicit_full,
150,72,one-to-one,dn_80,mkm_80,Ippolita,Ippolita,PRON,PRON,obj,obj,explicit_full,
151,72,one-to-one,dn_80,mkm_80,Ippolita,Ippolita,NULL,NULL,nsubj,nsubj,zero_zero_semantic,0.5076627735778739
152,72,one-to-one,dn_80,mkm_80,Ippolita,MISSING,PRON-REFLEX,MISSING,obj,MISSING,leftover_source,
153,72,one-to-one,dn_80,mkm_80,Ippolita,MISSING,PRON-REFLEX,MISSING,obj,MISSING,leftover_source,
154,72,one-to-one,dn_80,mkm_80,MISSING,Ippolita,MISSING,NULL,MISSING,nsubj,leftover_target,
155,74,one-to-one,dn_82,mkm_82,Giorgio,Giorgio,PRON,PRON,nsubj,nsubj,explicit_full,
156,74,one-to-one,dn_82,mkm_82,MISSING,Giorgio,MISSING,NULL,MISSING,nsubj,leftover_target,
157,75,one-to-one,dn_83,mkm_83,Ippolita,Ippolita,PRON,PRON,nsubj,nsubj,explicit_full,
158,75,one-to-one,dn_83,mkm_83,Ippolita,Ippolita,PRON,PRON,nsubj,nmod,explicit_ref_pos,
159,75,one-to-one,dn_83,mkm_83,MISSING,Ippolita,MISSING,PRON,MISSING,obj,leftover_target,
160,76,one-to-one,dn_84,mkm_84,Giorgio,Giorgio,PRON,PRON,obj,obj,explicit_full,
161,76,one-to-one,dn_84,mkm_84,Giorgio,MISSING,PRON,MISSING,obj,MISSING,leftover_source,
162,76,one-to-one,dn_84,mkm_84,Ippolita,Ippolita,PRON,PRON,nsubj,nsubj,explicit_full,
163,76,one-to-one,dn_84,mkm_84,Ippolita,Ippolita,PRON,PRON,obj,obj,explicit_full,
164,76,one-to-one,dn_84,mkm_84,Ippolita,Ippolita,PRON,PRON,nsubj,nsubj,explicit_full,
165,77,one-to-many,dn_85,mkm_85 mkm_86,Giorgio,Giorgio,PRON,PRON,nsubj,nsubj,explicit_full,
166,77,one-to-many,dn_85,mkm_85 mkm_86,Giorgio,Giorgio,PRON,PRON,obj,nmod,explicit_ref_pos,
167,77,one-to-many,dn_85,mkm_85 mkm_86,Ippolita,Ippolita,DET,PRON,nmod,nmod,explicit_ref_case,
168,77,one-to-many,dn_85,mkm_85 mkm_86,Ippolita,Ippolita,PRON,PRON,obj,nsubj,explicit_ref_pos,
169,77,one-to-many,dn_85,mkm_85 mkm_86,Ippolita,Ippolita,NULL,PRON,nsubj,nsubj,zero_to_tgt_anchor,
170,77,one-to-many,dn_85,mkm_85 mkm_86,Ippolita,Ippolita,NULL,PRON,nsubj,nsubj,zero_to_tgt_anchor,
171,77,one-to-many,dn_85,mkm_85 mkm_86,Ippolita,MISSING,NULL,MISSING,nsubj,MISSING,leftover_source,
172,78,one-to-one,dn_86,mkm_87,Giorgio,Giorgio,PRON,PRON,obj,obj,explicit_full,
173,78,one-to-one,dn_86,mkm_87,Ippolita,Ippolita,PRON,PRON,nsubj,nsubj,explicit_full,
174,79,one-to-one,dn_87,mkm_88,Giorgio,Giorgio,PRON,PRON,nsubj,nsubj,explicit_full,
175,79,one-to-one,dn_87,mkm_88,Giorgio,Giorgio,PRON,PRON,obj,nsubj,explicit_ref_pos,
176,79,one-to-one,dn_87,mkm_88,MISSING,Giorgio,MISSING,NULL,MISSING,nsubj,leftover_target,
177,79,one-to-one,dn_87,mkm_88,MISSING,Giorgio,MISSING,PRON,MISSING,nmod,leftover_target,
178,79,one-to-one,dn_87,mkm_88,MISSING,Giorgio,MISSING,NULL,MISSING,nsubj,leftover_target,
179,79,one-to-one,dn_87,mkm_88,MISSING,Giorgio,MISSING,NULL,MISSING,nsubj,leftover_target,
180,79,one-to-one,dn_87,mkm_88,Ippolita,Ippolita,DET,PRON,nmod,nmod,explicit_ref_case,
181,80,one-to-one,dn_88,mkm_89,Giorgio,Giorgio,PRON,PRON,nsubj,nsubj,explicit_full,
182,80,one-to-one,dn_88,mkm_89,Giorgio,Giorgio,PRON,PRON,obj,obj,explicit_full,
183,80,one-to-one,dn_88,mkm_89,Giorgio,Giorgio,PRON,PRON,nsubj,nsubj,explicit_full,
184,80,one-to-one,dn_88,mkm_89,Giorgio,Giorgio,DET,PRON,nmod,nmod,explicit_ref_case,
185,80,one-to-one,dn_88,mkm_89,Giorgio,Giorgio,DET,PRON,nmod,nmod,explicit_ref_case,
186,80,one-to-one,dn_88,mkm_89,Giorgio,Giorgio,DET,PRON,nmod,nmod,explicit_ref_case,
187,80,one-to-one,dn_88,mkm_89,MISSING,Giorgio,MISSING,NULL,MISSING,nsubj,leftover_target,
188,80,one-to-one,dn_88,mkm_89,MISSING,Giorgio,MISSING,PRON,MISSING,nmod,leftover_target,
189,80,one-to-one,dn_88,mkm_89,MISSING,Giorgio,MISSING,NULL,MISSING,nsubj,leftover_target,
190,80,one-to-one,dn_88,mkm_89,MISSING,Giorgio,MISSING,PRON,MISSING,nsubj,leftover_target,
191,80,one-to-one,dn_88,mkm_89,MISSING,Giorgio,MISSING,PRON,MISSING,obj,leftover_target,
192,80,one-to-one,dn_88,mkm_89,MISSING,Giorgio,MISSING,NULL,MISSING,nsubj,leftover_target,
193,81,many-to-one,dn_89 dn_90,mkm_90,Giorgio,Giorgio,DET,PRON,nmod,nmod,explicit_ref_case,
194,81,many-to-one,dn_89 dn_90,mkm_90,Giorgio,Giorgio,DET,PRON,nmod,nmod,explicit_ref_case,
195,81,many-to-one,dn_89 dn_90,mkm_90,Giorgio,Giorgio,PRON,PRON,nsubj,nmod,explicit_ref_pos,
196,82,one-to-one,dn_91,mkm_92,Giorgio,Giorgio,NULL,PRON,nsubj,nsubj,zero_to_tgt_anchor,
197,83,one-to-many,dn_92,mkm_91 mkm_93,Giorgio,Giorgio,PRON,PRON,nsubj,nsubj,explicit_full,
198,83,one-to-many,dn_92,mkm_91 mkm_93,Ippolita,Ippolita,PRON,PRON,obj,obj,explicit_full,
199,83,one-to-many,dn_92,mkm_91 mkm_93,MISSING,Ippolita,MISSING,NULL,MISSING,nsubj,leftover_target,
200,84,one-to-one,dn_93,mkm_94,Ippolita,Ippolita,PRON,PRON,nsubj,nmod,explicit_ref_pos,
201,87,many-to-one,dn_97 dn_98,mkm_97,Giorgio,Giorgio,PRON,PRON,obj,obj,explicit_full,
202,87,many-to-one,dn_97 dn_98,mkm_97,MISSING,Giorgio Ippolita,MISSING,PRON,MISSING,nmod,leftover_target,
203,87,many-to-one,dn_97 dn_98,mkm_97,Ippolita,Ippolita,PRON,PRON,nsubj,nsubj,explicit_full,
204,88,one-to-one,dn_99,mkm_98,Ippolita,Ippolita,NULL,NULL,nsubj,nsubj,zero_zero_single,
205,89,one-to-one,dn_100,mkm_99,Ippolita,Ippolita,PRON,NOUN,nsubj,nsubj,explicit_ref_case,
206,90,one-to-one,dn_101,mkm_101,Giorgio,Giorgio,PRON,PRON,nsubj,nsubj,explicit_full,
207,92,one-to-one,dn_103,mkm_102,Giorgio Ippolita,Giorgio Ippolita,NULL,NOUN,nsubj,nsubj,zero_to_tgt_anchor,
208,92,one-to-one,dn_103,mkm_102,Giorgio Ippolita,MISSING,NULL,MISSING,nsubj,MISSING,leftover_source,
209,93,one-to-one,dn_104,mkm_103,Ippolita,Ippolita,PROPN,PROPN,nsubj,nsubj,explicit_full,
210,93,one-to-one,dn_104,mkm_103,Ippolita,MISSING,PRON-REFLEX,MISSING,obj,MISSING,leftover_source,
211,93,one-to-one,dn_104,mkm_103,MISSING,Ippolita,MISSING,NULL,MISSING,nsubj,leftover_target,
212,95,one-to-one,dn_106,mkm_107,MISSING,Giorgio Ippolita,MISSING,PRON,MISSING,nmod,leftover_target,
213,96,one-to-one,dn_107,mkm_108,Giorgio,Giorgio,PROPN,PROPN,nsubj,nsubj,explicit_full,
214,96,one-to-one,dn_107,mkm_108,Ippolita,MISSING,NOUN,MISSING,obj,MISSING,leftover_source,
215,97,many-to-one,dn_108 dn_109,mkm_109,Giorgio,Giorgio,PRON,PRON,nsubj,nsubj,explicit_full,
216,97,many-to-one,dn_108 dn_109,mkm_109,Giorgio Ippolita,Giorgio Ippolita,PRON,PRON,nsubj,nsubj,explicit_full,
217,97,many-to-one,dn_108 dn_109,mkm_109,MISSING,Giorgio Ippolita,MISSING,NULL,MISSING,nsubj,leftover_target,
218,98,many-to-one,dn_110 dn_111,mkm_110,MISSING,Giorgio,MISSING,PRON,MISSING,nmod,leftover_target,
219,98,many-to-one,dn_110 dn_111,mkm_110,Ippolita,Ippolita,PROPN,PROPN,nsubj,nsubj,explicit_full,
220,98,many-to-one,dn_110 dn_111,mkm_110,Ippolita,Ippolita,NULL,NULL,nsubj,nsubj,zero_zero_semantic,0.25978094344354397
221,98,many-to-one,dn_110 dn_111,mkm_110,Ippolita,MISSING,DET,MISSING,nmod,MISSING,leftover_source,
222,98,many-to-one,dn_110 dn_111,mkm_110,MISSING,Ippolita,MISSING,NULL,MISSING,nsubj,leftover_target,
223,99,one-to-one,dn_112,mkm_111,MISSING,Giorgio,MISSING,NULL,MISSING,nsubj,leftover_target,
224,100,one-to-one,dn_113,mkm_112,Giorgio,Giorgio,PROPN,PRON,obj,nmod,explicit_ref_only,
225,100,one-to-one,dn_113,mkm_112,Ippolita,Ippolita,NULL,NULL,nsubj,nsubj,zero_zero_single,
226,100,one-to-one,dn_113,mkm_112,MISSING,Ippolita,MISSING,PRON,MISSING,nsubj,leftover_target,
227,101,one-to-one,dn_114,mkm_113,Giorgio Ippolita,Giorgio Ippolita,PRON,NOUN,nsubj,nsubj,explicit_ref_case,
228,101,one-to-one,dn_114,mkm_113,Giorgio Ippolita,MISSING,PRON-REFLEX,MISSING,obj,MISSING,leftover_source,
229,101,one-to-one,dn_114,mkm_113,MISSING,Giorgio Ippolita,MISSING,NOUN,MISSING,nmod,leftover_target,
230,101,one-to-one,dn_114,mkm_113,MISSING,Giorgio Ippolita,MISSING,NULL,MISSING,nsubj,leftover_target,
231,102,one-to-one,dn_115,mkm_114,Giorgio,Giorgio,NOUN,NOUN,nsubj,obj,explicit_ref_pos,
232,102,one-to-one,dn_115,mkm_114,Ippolita,Ippolita,PRON,PRON,nsubj,nsubj,explicit_full,
233,102,one-to-one,dn_115,mkm_114,Ippolita,Ippolita,PRON,PRON,nsubj,nsubj,explicit_full,
234,102,one-to-one,dn_115,mkm_114,MISSING,Ippolita,MISSING,NULL,MISSING,nsubj,leftover_target,
235,103,one-to-one,dn_116,mkm_116,Giorgio,Giorgio,PRON,PRON,nsubj,obj,explicit_ref_pos,
236,103,one-to-one,dn_116,mkm_116,Giorgio,Giorgio,PRON,PRON,nsubj,obj,explicit_ref_pos,
237,103,one-to-one,dn_116,mkm_116,Giorgio,MISSING,DET,MISSING,nmod,MISSING,leftover_source,
238,103,one-to-one,dn_116,mkm_116,Ippolita,Ippolita,NULL,NULL,nsubj,nsubj,zero_zero_semantic,0.3543558188137554
239,103,one-to-one,dn_116,mkm_116,MISSING,Ippolita,MISSING,PRON,MISSING,nsubj,leftover_target,
240,103,one-to-one,dn_116,mkm_116,MISSING,Ippolita,MISSING,NULL,MISSING,nsubj,leftover_target,
241,104,one-to-many,dn_117,mkm_115 mkm_117 mkm_118,Giorgio,Giorgio,NULL,NULL,nsubj,nsubj,zero_zero_semantic,0.308480230362519
242,104,one-to-many,dn_117,mkm_115 mkm_117 mkm_118,MISSING,Giorgio,MISSING,NULL,MISSING,nsubj,leftover_target,
243,104,one-to-many,dn_117,mkm_115 mkm_117 mkm_118,MISSING,Giorgio,MISSING,NULL,MISSING,nsubj,leftover_target,
244,105,one-to-one,dn_118,mkm_119,Giorgio,Giorgio,PRON,PRON,nsubj,obj,explicit_ref_pos,
245,105,one-to-one,dn_118,mkm_119,MISSING,Ippolita,MISSING,PRON,MISSING,nmod,leftover_target,
246,106,one-to-many,dn_119,mkm_120 mkm_121,Giorgio,Giorgio,PRON,PRON,nsubj,nsubj,explicit_full,
247,106,one-to-many,dn_119,mkm_120 mkm_121,Giorgio,Giorgio,PRON,PRON,obj,obj,explicit_full,
248,106,one-to-many,dn_119,mkm_120 mkm_121,Giorgio,Giorgio,PRON,PRON,nmod,nmod,explicit_full,
249,106,one-to-many,dn_119,mkm_120 mkm_121,Giorgio,Giorgio,PRON,PRON,obj,obj,explicit_full,
250,106,one-to-many,dn_119,mkm_120 mkm_121,Giorgio,MISSING,PRON-REFLEX,MISSING,obj,MISSING,leftover_source,
251,106,one-to-many,dn_119,mkm_120 mkm_121,MISSING,Giorgio,MISSING,PRON,MISSING,nmod,leftover_target,
252,106,one-to-many,dn_119,mkm_120 mkm_121,MISSING,Ippolita,MISSING,PRON,MISSING,nsubj,leftover_target,
253,106,one-to-many,dn_119,mkm_120 mkm_121,MISSING,Ippolita,MISSING,NULL,MISSING,nsubj,leftover_target,
254,107,one-to-one,dn_122,mkm_122,Giorgio,Giorgio,NULL,NULL,nsubj,nsubj,zero_zero_single,
255,108,one-to-one,dn_123,mkm_123,Giorgio,Giorgio,PRON,PRON,nsubj,nsubj,explicit_full,
256,109,one-to-one,dn_124,mkm_124,Giorgio,MISSING,NULL,MISSING,nsubj,MISSING,leftover_source,
257,110,one-to-one,dn_125,mkm_125,Giorgio,Giorgio,DET,PRON,nmod,nmod,explicit_ref_case,
258,111,one-to-one,dn_126,mkm_126,Giorgio,Giorgio,PRON,PRON,nsubj,nsubj,explicit_full,
259,111,one-to-one,dn_126,mkm_126,Giorgio,MISSING,PRON-REFLEX,MISSING,obj,MISSING,leftover_source,
260,111,one-to-one,dn_126,mkm_126,Giorgio,MISSING,PRON,MISSING,obj,MISSING,leftover_source,
261,111,one-to-one,dn_126,mkm_126,MISSING,Giorgio,MISSING,NULL,MISSING,nsubj,leftover_target,
262,112,one-to-one,dn_127,mkm_127,Giorgio,Giorgio,DET,PRON,nmod,nmod,explicit_ref_case,
263,112,one-to-one,dn_127,mkm_127,MISSING,Giorgio,MISSING,PRON,MISSING,nmod,leftover_target,
264,112,one-to-one,dn_127,mkm_127,Ippolita,Ippolita,NOUN,NOUN,obj,obj,explicit_full,
265,113,one-to-one,dn_128,mkm_128,Giorgio,Giorgio,PRON,PRON,nsubj,nsubj,explicit_full,
266,113,one-to-one,dn_128,mkm_128,MISSING,Giorgio,MISSING,PRON,MISSING,nsubj,leftover_target,
267,113,one-to-one,dn_128,mkm_128,Ippolita,MISSING,PRON,MISSING,obj,MISSING,leftover_source,
268,114,many-to-one,dn_129 dn_130,mkm_129,Giorgio,Giorgio,PRON,PRON,nsubj,nsubj,explicit_full,
269,114,many-to-one,dn_129 dn_130,mkm_129,Giorgio,Giorgio,DET,PRON,nmod,nmod,explicit_ref_case,
270,114,many-to-one,dn_129 dn_130,mkm_129,Giorgio,MISSING,PRON-REFLEX,MISSING,obj,MISSING,leftover_source,
271,114,many-to-one,dn_129 dn_130,mkm_129,Ippolita,Ippolita,NOUN,NOUN,obj,obj,explicit_full,
272,115,one-to-one,dn_131,mkm_130,Giorgio,Giorgio,DET,PRON,nmod,nsubj,explicit_ref_only,
273,115,one-to-one,dn_131,mkm_130,MISSING,Giorgio,MISSING,NULL,MISSING,nsubj,leftover_target,
274,116,one-to-one,dn_132,mkm_131,Giorgio,MISSING,PRON,MISSING,nsubj,MISSING,leftover_source,
275,116,one-to-one,dn_132,mkm_131,MISSING,Ippolita,MISSING,PRON,MISSING,nsubj,leftover_target,
276,117,one-to-one,dn_133,mkm_132,Giorgio,Giorgio,PRON,PRON,nsubj,nsubj,explicit_full,
277,117,one-to-one,dn_133,mkm_132,Giorgio,MISSING,PRON,MISSING,obj,MISSING,leftover_source,
278,117,one-to-one,dn_133,mkm_132,MISSING,Giorgio,MISSING,NULL,MISSING,nsubj,leftover_target,
279,117,one-to-one,dn_133,mkm_132,Ippolita,Ippolita,PROPN,PROPN,nsubj,nsubj,explicit_full,
280,118,one-to-one,dn_134,mkm_133,Giorgio,Giorgio,PROPN,PROPN,vocative,vocative,explicit_full,
281,118,one-to-one,dn_134,mkm_133,Giorgio,Giorgio,PRON,NULL,nsubj,nsubj,zero_to_src_anchor,
282,118,one-to-one,dn_134,mkm_133,Giorgio,MISSING,PRON,MISSING,obj,MISSING,leftover_source,
283,118,one-to-one,dn_134,mkm_133,Ippolita,Ippolita,PRON,PRON,nsubj,nsubj,explicit_full,
284,119,many-to-one,dn_135 dn_136,mkm_134,Giorgio,Giorgio,PRON,NULL,nsubj,nsubj,zero_to_src_anchor,
285,119,many-to-one,dn_135 dn_136,mkm_134,Giorgio,MISSING,PRON,MISSING,obj,MISSING,leftover_source,
286,119,many-to-one,dn_135 dn_136,mkm_134,Ippolita,Ippolita,NULL,NULL,nsubj,nsubj,zero_zero_single,
287,119,many-to-one,dn_135 dn_136,mkm_134,Ippolita,MISSING,PRON,MISSING,nsubj,MISSING,leftover_source,
288,120,one-to-one,dn_137,mkm_135,Giorgio,Giorgio,PRON,PRON,nsubj,nsubj,explicit_full,
289,121,one-to-one,dn_138,mkm_136,Giorgio,Giorgio,DET,PRON,nmod,nmod,explicit_ref_case,
290,121,one-to-one,dn_138,mkm_136,Giorgio,MISSING,PRON,MISSING,obj,MISSING,leftover_source,
291,121,one-to-one,dn_138,mkm_136,Ippolita,Ippolita,PRON,PRON,nsubj,nsubj,explicit_full,
292,121,one-to-one,dn_138,mkm_136,Ippolita,Ippolita,NULL,NULL,nsubj,nsubj,zero_zero_semantic,0.34615370802647244
293,121,one-to-one,dn_138,mkm_136,MISSING,Ippolita,MISSING,PRON,MISSING,nsubj,leftover_target,
294,121,one-to-one,dn_138,mkm_136,MISSING,Ippolita,MISSING,NULL,MISSING,nsubj,leftover_target,
295,122,one-to-one,dn_139,mkm_137,Giorgio,Giorgio,DET,PRON,nmod,nmod,explicit_ref_case,
296,122,one-to-one,dn_139,mkm_137,Giorgio,MISSING,PRON,MISSING,obj,MISSING,leftover_source,
297,122,one-to-one,dn_139,mkm_137,Ippolita,Ippolita,PRON,PRON,nsubj,nsubj,explicit_full,
298,122,one-to-one,dn_139,mkm_137,Ippolita,MISSING,NULL,MISSING,nsubj,MISSING,leftover_source,
299,122,one-to-one,dn_139,mkm_137,MISSING,Ippolita,MISSING,PRON,MISSING,nmod,leftover_target,
300,123,one-to-one,dn_140,mkm_138,Giorgio,Giorgio,PRON,PRON,nsubj,nsubj,explicit_full,
301,123,one-to-one,dn_140,mkm_138,MISSING,Giorgio,MISSING,PRON,MISSING,nmod,leftover_target,
302,123,one-to-one,dn_140,mkm_138,Ippolita,Ippolita,PRON,PRON,obj,nmod,explicit_ref_pos,
303,126,many-to-one,dn_143 dn_144,mkm_141,Giorgio,Giorgio,PRON,PRON,nsubj,nsubj,explicit_full,
304,126,many-to-one,dn_143 dn_144,mkm_141,Giorgio,Giorgio,PRON,PRON,obj,obj,explicit_full,
305,126,many-to-one,dn_143 dn_144,mkm_141,Giorgio,Giorgio,PRON,NULL,nsubj,nsubj,zero_to_src_anchor,
306,126,many-to-one,dn_143 dn_144,mkm_141,Ippolita,Ippolita,PRON,PRON,nsubj,nsubj,explicit_full,
307,127,one-to-one,dn_145,mkm_142,Giorgio,Giorgio,PRON,PRON,obj,nsubj,explicit_ref_pos,
308,127,one-to-one,dn_145,mkm_142,Giorgio,Giorgio,PRON,PRON,obj,nmod,explicit_ref_pos,
309,127,one-to-one,dn_145,mkm_142,Ippolita,Ippolita,PRON,PRON,nsubj,nsubj,explicit_full,
310,127,one-to-one,dn_145,mkm_142,Ippolita,Ippolita,PRON,PRON,obj,nmod,explicit_ref_pos,
311,127,one-to-one,dn_145,mkm_142,MISSING,Ippolita,MISSING,DET,MISSING,nmod,leftover_target,
312,128,one-to-one,dn_146,mkm_143,Giorgio,Giorgio,PRON,PRON,nsubj,nsubj,explicit_full,
313,128,one-to-one,dn_146,mkm_143,Ippolita,Ippolita,DET,PRON,nmod,nmod,explicit_ref_case,
314,128,one-to-one,dn_146,mkm_143,Ippolita,Ippolita,DET,PRON,nmod,nmod,explicit_ref_case,
315,128,one-to-one,dn_146,mkm_143,Ippolita,Ippolita,DET,PRON,nmod,nmod,explicit_ref_case,
316,130,many-to-one,dn_148 dn_149,mkm_145,Giorgio,MISSING,PRON,MISSING,obj,MISSING,leftover_source,
317,130,many-to-one,dn_148 dn_149,mkm_145,Ippolita,Ippolita,PRON,PRON,nsubj,nsubj,explicit_full,
318,131,one-to-one,dn_150,mkm_146,MISSING,Giorgio,MISSING,PRON,MISSING,nmod,leftover_target,
319,131,one-to-one,dn_150,mkm_146,Giorgio Ippolita,Giorgio Ippolita,PRON,PRON,nsubj,nsubj,explicit_full,
320,131,one-to-one,dn_150,mkm_146,MISSING,Giorgio Ippolita,MISSING,NOUN,MISSING,pred,leftover_target,
321,131,one-to-one,dn_150,mkm_146,MISSING,Giorgio Ippolita,MISSING,NULL,MISSING,nsubj,leftover_target,
322,132,one-to-one,dn_151,mkm_147,Giorgio,Giorgio,PRON,PRON,nsubj,nsubj,explicit_full,
323,132,one-to-one,dn_151,mkm_147,Giorgio,Giorgio,DET,PRON,nmod,nmod,explicit_ref_case,
324,132,one-to-one,dn_151,mkm_147,Ippolita,Ippolita,DET,PRON,nmod,nmod,explicit_ref_case,
325,133,one-to-one,dn_152,mkm_148,Giorgio,Giorgio,DET,PRON,nmod,nmod,explicit_ref_case,
326,133,one-to-one,dn_152,mkm_148,Giorgio,Giorgio,DET,PRON,nmod,nmod,explicit_ref_case,
327,133,one-to-one,dn_152,mkm_148,Giorgio,Giorgio,NULL,PRON,nsubj,nsubj,zero_to_tgt_anchor,
328,133,one-to-one,dn_152,mkm_148,Ippolita,Ippolita,PRON,PRON,obj,obj,explicit_full,
329,133,one-to-one,dn_152,mkm_148,Ippolita,Ippolita,PRON,PRON,obj,obj,explicit_full,
330,134,one-to-one,dn_153,mkm_149,Giorgio,Giorgio,PRON,PRON,nsubj,obj,explicit_ref_pos,
331,134,one-to-one,dn_153,mkm_149,Ippolita,Ippolita,PRON,PRON,obj,obj,explicit_full,
332,134,one-to-one,dn_153,mkm_149,Ippolita,Ippolita,DET,PRON,nmod,nmod,explicit_ref_case,
333,135,one-to-one,dn_154,mkm_150,Giorgio,Giorgio,PRON,PRON,nsubj,nsubj,explicit_full,
334,135,one-to-one,dn_154,mkm_150,Ippolita,Ippolita,DET,PRON,nmod,nmod,explicit_ref_case,
335,136,one-to-many,dn_155,mkm_151 mkm_152,Giorgio,Giorgio,PRON,PRON,nsubj,obj,explicit_ref_pos,
336,136,one-to-many,dn_155,mkm_151 mkm_152,MISSING,Ippolita,MISSING,PRON,MISSING,nmod,leftover_target,
337,137,one-to-many,dn_156,mkm_153 mkm_154,Giorgio,Giorgio,PRON,PRON,obj,nsubj,explicit_ref_pos,
338,137,one-to-many,dn_156,mkm_153 mkm_154,Giorgio,Giorgio,NULL,NULL,nsubj,nsubj,zero_zero_semantic,0.18252240018818966
339,137,one-to-many,dn_156,mkm_153 mkm_154,Giorgio,Giorgio,NULL,NULL,nsubj,nsubj,zero_zero_semantic,0.39770309219009986
340,137,one-to-many,dn_156,mkm_153 mkm_154,Giorgio,Giorgio,NULL,NULL,nsubj,nsubj,zero_zero_semantic,0.07901731097142756
341,137,one-to-many,dn_156,mkm_153 mkm_154,Giorgio,Giorgio,NULL,NULL,nsubj,nsubj,zero_zero_semantic,0.47399852450496405
342,137,one-to-many,dn_156,mkm_153 mkm_154,Giorgio,Giorgio,NULL,PRON,nsubj,nsubj,zero_to_tgt_anchor,
343,137,one-to-many,dn_156,mkm_153 mkm_154,Giorgio,Giorgio,NULL,PRON,nsubj,nsubj,zero_to_tgt_anchor,
344,137,one-to-many,dn_156,mkm_153 mkm_154,Giorgio,MISSING,PRON-REFLEX,MISSING,obj,MISSING,leftover_source,
345,137,one-to-many,dn_156,mkm_153 mkm_154,Giorgio,MISSING,PRON-REFLEX,MISSING,obj,MISSING,leftover_source,
346,137,one-to-many,dn_156,mkm_153 mkm_154,MISSING,Giorgio,MISSING,PRON,MISSING,nmod,leftover_target,
347,137,one-to-many,dn_156,mkm_153 mkm_154,MISSING,Giorgio,MISSING,PRON,MISSING,nmod,leftover_target,
348,137,one-to-many,dn_156,mkm_153 mkm_154,Ippolita,Ippolita,DET,PRON,nmod,nmod,explicit_ref_case,
349,137,one-to-many,dn_156,mkm_153 mkm_154,Ippolita,Ippolita,PRON,PRON,obj,nsubj,explicit_ref_pos,
350,137,one-to-many,dn_156,mkm_153 mkm_154,Ippolita,Ippolita,PRON,PRON,obj,nmod,explicit_ref_pos,
351,137,one-to-many,dn_156,mkm_153 mkm_154,Ippolita,MISSING,PRON,MISSING,obj,MISSING,leftover_source,
352,137,one-to-many,dn_156,mkm_153 mkm_154,Ippolita,MISSING,PRON,MISSING,obj,MISSING,leftover_source,
353,138,many-to-one,dn_157 dn_158,mkm_155,Giorgio,Giorgio,PRON,PRON,obj,obj,explicit_full,
354,138,many-to-one,dn_157 dn_158,mkm_155,Giorgio,Giorgio,PRON,PRON,nsubj,nsubj,explicit_full,
355,138,many-to-one,dn_157 dn_158,mkm_155,MISSING,Giorgio,MISSING,NULL,MISSING,nsubj,leftover_target,
356,138,many-to-one,dn_157 dn_158,mkm_155,Ippolita,Ippolita,PRON,NOUN,obj,nmod,explicit_ref_only,
357,139,one-to-one,dn_159,mkm_156,Giorgio,Giorgio,PRON,PRON,nsubj,nsubj,explicit_full,
358,139,one-to-one,dn_159,mkm_156,Giorgio,Giorgio,DET,PRON,nmod,nmod,explicit_ref_case,
359,139,one-to-one,dn_159,mkm_156,Ippolita,Ippolita,PRON,PRON,obj,obj,explicit_full,
360,140,one-to-one,dn_160,mkm_157,Giorgio,Giorgio,PRON,PRON,obj,obj,explicit_full,
361,140,one-to-one,dn_160,mkm_157,Giorgio,MISSING,NULL,MISSING,nsubj,MISSING,leftover_source,
362,140,one-to-one,dn_160,mkm_157,Giorgio,MISSING,PRON,MISSING,obj,MISSING,leftover_source,
363,140,one-to-one,dn_160,mkm_157,MISSING,Giorgio Ippolita,MISSING,NOUN,MISSING,nmod,leftover_target,
364,140,one-to-one,dn_160,mkm_157,Ippolita,MISSING,PRON,MISSING,obj,MISSING,leftover_source,
365,141,many-to-one,dn_161 dn_162,mkm_158,Giorgio,Giorgio,PRON,PRON,nsubj,nsubj,explicit_full,
366,141,many-to-one,dn_161 dn_162,mkm_158,Giorgio,MISSING,PRON,MISSING,obj,MISSING,leftover_source,
367,141,many-to-one,dn_161 dn_162,mkm_158,MISSING,Giorgio,MISSING,NULL,MISSING,nsubj,leftover_target,
368,141,many-to-one,dn_161 dn_162,mkm_158,Ippolita,Ippolita,PRON,PRON,nsubj,nsubj,explicit_full,
369,141,many-to-one,dn_161 dn_162,mkm_158,Ippolita,MISSING,PRON,MISSING,obj,MISSING,leftover_source,
370,141,many-to-one,dn_161 dn_162,mkm_158,Ippolita,MISSING,NULL,MISSING,nsubj,MISSING,leftover_source,
371,141,many-to-one,dn_161 dn_162,mkm_158,Ippolita,MISSING,NULL,MISSING,nsubj,MISSING,leftover_source,
372,142,many-to-one,dn_163 dn_164,mkm_159,Giorgio,Giorgio,PRON,PRON,obj,obj,explicit_full,
373,142,many-to-one,dn_163 dn_164,mkm_159,Giorgio,MISSING,PRON,MISSING,obj,MISSING,leftover_source,
374,142,many-to-one,dn_163 dn_164,mkm_159,Ippolita,Ippolita,PRON,PRON,nsubj,nsubj,explicit_full,
375,142,many-to-one,dn_163 dn_164,mkm_159,Ippolita,Ippolita,NULL,NULL,nsubj,nsubj,zero_zero_single,
376,142,many-to-one,dn_163 dn_164,mkm_159,MISSING,Ippolita,MISSING,PRON,MISSING,nsubj,leftover_target,
377,143,one-to-one,dn_165,mkm_160,Giorgio,Giorgio,PRON,PRON,nsubj,nsubj,explicit_full,
378,143,one-to-one,dn_165,mkm_160,Giorgio,Giorgio,NULL,NULL,nsubj,nsubj,zero_zero_semantic,0.5260877718936543
379,143,one-to-one,dn_165,mkm_160,Giorgio,Giorgio,NULL,NULL,nsubj,nsubj,zero_zero_semantic,0.27428172290460684
380,143,one-to-one,dn_165,mkm_160,Giorgio,MISSING,PRON-REFLEX,MISSING,obj,MISSING,leftover_source,
381,143,one-to-one,dn_165,mkm_160,Giorgio,MISSING,NULL,MISSING,nsubj,MISSING,leftover_source,
382,143,one-to-one,dn_165,mkm_160,Giorgio,MISSING,NULL,MISSING,nsubj,MISSING,leftover_source,
383,143,one-to-one,dn_165,mkm_160,Ippolita,Ippolita,PRON,PRON,obj,obj,explicit_full,
384,143,one-to-one,dn_165,mkm_160,Ippolita,Ippolita,DET,PRON,nmod,nmod,explicit_ref_case,
385,144,one-to-one,dn_166,mkm_161,Giorgio Ippolita,Giorgio Ippolita,PRON,NOUN,obj,obj,explicit_ref_case,
386,144,one-to-one,dn_166,mkm_161,MISSING,Giorgio Ippolita,MISSING,NOUN,MISSING,nsubj,leftover_target,
387,145,one-to-one,dn_167,mkm_163,Giorgio,Giorgio,PRON,PRON,nsubj,nsubj,explicit_full,
388,145,one-to-one,dn_167,mkm_163,Ippolita,MISSING,PRON,MISSING,obj,MISSING,leftover_source,
389,146,one-to-one,dn_168,mkm_162,Ippolita,Ippolita,NULL,NULL,nsubj,nsubj,zero_zero_single,
390,147,one-to-one,dn_169,mkm_164,Giorgio,MISSING,PRON,MISSING,obj,MISSING,leftover_source,
391,147,one-to-one,dn_169,mkm_164,MISSING,Giorgio,MISSING,NULL,MISSING,nsubj,leftover_target,
392,147,one-to-one,dn_169,mkm_164,Ippolita,MISSING,PRON,MISSING,nsubj,MISSING,leftover_source,
393,148,one-to-one,dn_170,mkm_165,Giorgio,MISSING,NULL,MISSING,nsubj,MISSING,leftover_source,
394,148,one-to-one,dn_170,mkm_165,MISSING,Ippolita,MISSING,PRON,MISSING,nsubj,leftover_target,
395,149,one-to-one,dn_171,mkm_166,Giorgio,Giorgio,PRON,PRON,nsubj,nsubj,explicit_full,
396,149,one-to-one,dn_171,mkm_166,Giorgio,Giorgio,DET,PRON,nmod,nmod,explicit_ref_case,
397,149,one-to-one,dn_171,mkm_166,Ippolita,Ippolita,PRON,PRON,nsubj,nsubj,explicit_full,
398,149,one-to-one,dn_171,mkm_166,Ippolita,Ippolita,DET,PRON,nmod,nmod,explicit_ref_case,
399,150,many-to-one,dn_172 dn_173 dn_174 dn_175,mkm_167,Giorgio,Giorgio,PRON,PRON,nsubj,nsubj,explicit_full,
400,150,many-to-one,dn_172 dn_173 dn_174 dn_175,mkm_167,Giorgio,Giorgio,NULL,NULL,nsubj,nsubj,zero_zero_semantic,0.4505534632026919
401,150,many-to-one,dn_172 dn_173 dn_174 dn_175,mkm_167,Giorgio,MISSING,PRON-REFLEX,MISSING,obj,MISSING,leftover_source,
402,150,many-to-one,dn_172 dn_173 dn_174 dn_175,mkm_167,Giorgio,MISSING,NULL,MISSING,nsubj,MISSING,leftover_source,
403,150,many-to-one,dn_172 dn_173 dn_174 dn_175,mkm_167,MISSING,Giorgio Ippolita,MISSING,NOUN,MISSING,nmod,leftover_target,
404,150,many-to-one,dn_172 dn_173 dn_174 dn_175,mkm_167,Ippolita,Ippolita,PRON,PRON,obj,obj,explicit_full,
405,150,many-to-one,dn_172 dn_173 dn_174 dn_175,mkm_167,Ippolita,Ippolita,PRON,PRON,obj,obj,explicit_full,
406,150,many-to-one,dn_172 dn_173 dn_174 dn_175,mkm_167,Ippolita,MISSING,DET,MISSING,nmod,MISSING,leftover_source,
407,150,many-to-one,dn_172 dn_173 dn_174 dn_175,mkm_167,Ippolita,MISSING,PRON,MISSING,nmod,MISSING,leftover_source,
408,151,one-to-one,dn_177,mkm_168,Ippolita,Ippolita,PRON,PRON,nsubj,nsubj,explicit_full,
409,151,one-to-one,dn_177,mkm_168,MISSING,Ippolita,MISSING,NULL,MISSING,nsubj,leftover_target,
410,152,one-to-one,dn_176,mkm_169,Ippolita,Ippolita,PROPN,PROPN,nsubj,nsubj,explicit_full,
411,153,one-to-one,dn_178,mkm_170,Ippolita,Ippolita,PRON,PRON,nsubj,nsubj,explicit_full,
412,153,one-to-one,dn_178,mkm_170,MISSING,Ippolita,MISSING,PRON,MISSING,nmod,leftover_target,
413,153,one-to-one,dn_178,mkm_170,MISSING,Ippolita,MISSING,NULL,MISSING,nsubj,leftover_target,
414,154,one-to-one,dn_179,mkm_171,MISSING,Giorgio,MISSING,PRON,MISSING,nsubj,leftover_target,
415,154,one-to-one,dn_179,mkm_171,MISSING,Giorgio,MISSING,PRON,MISSING,obj,leftover_target,
416,154,one-to-one,dn_179,mkm_171,Ippolita,Ippolita,NULL,PRON,nsubj,nsubj,zero_to_tgt_anchor,
417,155,one-to-one,dn_180,mkm_172,Giorgio,Giorgio,NOUN,PRON,obj,nmod,explicit_ref_only,
418,155,one-to-one,dn_180,mkm_172,MISSING,Ippolita,MISSING,PRON,MISSING,nmod,leftover_target,
419,156,one-to-one,dn_182,mkm_173,Giorgio,Giorgio,PRON,PRON,nsubj,nsubj,explicit_full,
420,157,one-to-one,dn_181,mkm_174,Ippolita,Ippolita,PROPN,NOUN,nsubj,nsubj,explicit_ref_case,
421,158,one-to-one,dn_183,mkm_175,Giorgio,Giorgio,PRON,PRON,nsubj,nsubj,explicit_full,
422,158,one-to-one,dn_183,mkm_175,Giorgio,Giorgio,DET,PRON,nmod,nmod,explicit_ref_case,
423,159,one-to-many,dn_184,mkm_176 mkm_177,Giorgio,Giorgio,DET,PRON,nmod,nmod,explicit_ref_case,
424,159,one-to-many,dn_184,mkm_176 mkm_177,Giorgio,Giorgio,PRON,PRON,obj,nsubj,explicit_ref_pos,
425,159,one-to-many,dn_184,mkm_176 mkm_177,Giorgio,MISSING,PRON,MISSING,obj,MISSING,leftover_source,
426,159,one-to-many,dn_184,mkm_176 mkm_177,Ippolita,Ippolita,PRON,PRON,nsubj,nsubj,explicit_full,
427,159,one-to-many,dn_184,mkm_176 mkm_177,Ippolita,Ippolita,PRON,PRON,nsubj,nsubj,explicit_full,
428,159,one-to-many,dn_184,mkm_176 mkm_177,MISSING,Ippolita,MISSING,PRON,MISSING,obj,leftover_target,
429,160,one-to-one,dn_185,mkm_178,Giorgio,Giorgio,PRON,PRON,nsubj,nsubj,explicit_full,
430,160,one-to-one,dn_185,mkm_178,Giorgio,MISSING,DET,MISSING,nmod,MISSING,leftover_source,
431,161,one-to-many,dn_186,mkm_179 mkm_180,Giorgio,Giorgio,NULL,NULL,nsubj,nsubj,zero_zero_semantic,0.4357652722434564
432,161,one-to-many,dn_186,mkm_179 mkm_180,Giorgio,Giorgio,NULL,NULL,nsubj,nsubj,zero_zero_semantic,0.18509836246278627
433,161,one-to-many,dn_186,mkm_179 mkm_180,MISSING,Giorgio,MISSING,NULL,MISSING,nsubj,leftover_target,
434,162,many-to-one,dn_187 dn_188,mkm_181,Giorgio,Giorgio,PRON,PRON,nsubj,nsubj,explicit_full,
435,162,many-to-one,dn_187 dn_188,mkm_181,Giorgio,Giorgio,PRON,NULL,nsubj,nsubj,zero_to_src_anchor,
436,163,one-to-one,dn_189,mkm_182,Ippolita,Ippolita,PRON,PRON,nsubj,obj,explicit_ref_pos,
437,163,one-to-one,dn_189,mkm_182,Ippolita,Ippolita,NULL,NULL,nsubj,nsubj,zero_zero_single,
438,165,many-to-one,dn_191 dn_192,mkm_184,Ippolita,Ippolita,PRON,PRON,obj,nsubj,explicit_ref_pos,
439,165,many-to-one,dn_191 dn_192,mkm_184,Ippolita,MISSING,NULL,MISSING,nsubj,MISSING,leftover_source,
440,165,many-to-one,dn_191 dn_192,mkm_184,Ippolita,MISSING,PRON-REFLEX,MISSING,obj,MISSING,leftover_source,
441,165,many-to-one,dn_191 dn_192,mkm_184,Ippolita,MISSING,NULL,MISSING,nsubj,MISSING,leftover_source,
442,166,one-to-one,dn_193,mkm_185,Giorgio,Giorgio,PROPN,PROPN,nsubj,nmod,explicit_ref_pos,
443,166,one-to-one,dn_193,mkm_185,Ippolita,Ippolita,PRON,PRON,nsubj,nsubj,explicit_full,
444,166,one-to-one,dn_193,mkm_185,Ippolita,MISSING,PRON-REFLEX,MISSING,obj,MISSING,leftover_source,
445,166,one-to-one,dn_193,mkm_185,MISSING,Ippolita,MISSING,NULL,MISSING,nsubj,leftover_target,
446,167,one-to-one,dn_194,mkm_186,Giorgio,Giorgio,NOUN,NOUN,obj,nmod,explicit_ref_pos,
447,167,one-to-one,dn_194,mkm_186,Ippolita,Ippolita,PRON,PROPN,nsubj,nsubj,explicit_ref_case,
448,168,many-to-one,dn_195 dn_197,mkm_187,Giorgio,Giorgio,PRON,PRON,nsubj,nsubj,explicit_full,
449,168,many-to-one,dn_195 dn_197,mkm_187,Giorgio,MISSING,NULL,MISSING,nsubj,MISSING,leftover_source,
450,168,many-to-one,dn_195 dn_197,mkm_187,Ippolita,MISSING,PRON,MISSING,obj,MISSING,leftover_source,
451,169,one-to-one,dn_196,mkm_188,Ippolita,Ippolita,PRON,PRON,nsubj,nsubj,explicit_full,
452,169,one-to-one,dn_196,mkm_188,MISSING,Ippolita,MISSING,NULL,MISSING,nsubj,leftover_target,
453,170,one-to-one,dn_198,mkm_189,Giorgio,Giorgio,PRON,PROPN,nsubj,nsubj,explicit_ref_case,
454,170,one-to-one,dn_198,mkm_189,MISSING,Giorgio,MISSING,NULL,MISSING,nsubj,leftover_target,
455,171,one-to-one,dn_199,mkm_190,Giorgio Ippolita,Giorgio Ippolita,PRON,NOUN,nsubj,nsubj,explicit_ref_case,
456,171,one-to-one,dn_199,mkm_190,Giorgio Ippolita,Giorgio Ippolita,NULL,NULL,nsubj,nsubj,zero_zero_single,
457,171,one-to-one,dn_199,mkm_190,MISSING,Giorgio Ippolita,MISSING,PRON,MISSING,nmod,leftover_target,
458,176,one-to-one,dn_204,mkm_196,Giorgio,Giorgio,PROPN,PROPN,nsubj,nsubj,explicit_full,
459,177,one-to-one,dn_205,mkm_195,Giorgio,Giorgio,PRON,PRON,obj,obj,explicit_full,
460,177,one-to-one,dn_205,mkm_195,Ippolita,Ippolita,PRON,PRON,nsubj,nsubj,explicit_full,
461,178,one-to-one,dn_206,mkm_197,Ippolita,Ippolita,NULL,NULL,nsubj,nsubj,zero_zero_single,
462,179,one-to-one,dn_207,mkm_198,Giorgio,Giorgio,PRON,PRON,nsubj,nsubj,explicit_full,
463,179,one-to-one,dn_207,mkm_198,Ippolita,Ippolita,PRON,NULL,nsubj,nsubj,zero_to_src_anchor,
464,179,one-to-one,dn_207,mkm_198,MISSING,Ippolita,MISSING,NULL,MISSING,nsubj,leftover_target,
465,181,one-to-one,dn_209,mkm_200,Giorgio,Giorgio,PRON,PRON,obj,obj,explicit_full,
466,181,one-to-one,dn_209,mkm_200,MISSING,Giorgio,MISSING,PRON,MISSING,nsubj,leftover_target,
467,181,one-to-one,dn_209,mkm_200,MISSING,Giorgio,MISSING,NULL,MISSING,nsubj,leftover_target,
468,182,one-to-one,dn_210,mkm_201,Giorgio,Giorgio,PRON,PRON,nsubj,nmod,explicit_ref_pos,
469,182,one-to-one,dn_210,mkm_201,Giorgio,MISSING,PRON,MISSING,obj,MISSING,leftover_source,
470,183,one-to-one,dn_211,mkm_202,Giorgio,Giorgio,NULL,PRON,nsubj,nsubj,zero_to_tgt_anchor,
471,185,many-to-one,dn_213 dn_214,mkm_204,Ippolita,Ippolita,DET,PRON,nmod,nmod,explicit_ref_case,
472,186,one-to-one,dn_215,mkm_205,Giorgio,Giorgio,PRON,PRON,nsubj,nsubj,explicit_full,
473,186,one-to-one,dn_215,mkm_205,Ippolita,Ippolita,PRON,PROPN,obj,obj,explicit_ref_case,
474,187,one-to-one,dn_217,mkm_206,Ippolita,Ippolita,NULL,PRON,nsubj,nsubj,zero_to_tgt_anchor,
475,188,one-to-one,dn_218,mkm_207,Giorgio,Giorgio,PRON,PRON,obj,nsubj,explicit_ref_pos,
476,188,one-to-one,dn_218,mkm_207,Ippolita,Ippolita,NULL,PRON,nsubj,nsubj,zero_to_tgt_anchor,
477,189,one-to-one,dn_219,mkm_208,Giorgio,Giorgio,PRON,PRON,obj,nsubj,explicit_ref_pos,
478,189,one-to-one,dn_219,mkm_208,Ippolita,Ippolita,PRON,PRON,nsubj,nsubj,explicit_full,
479,189,one-to-one,dn_219,mkm_208,Ippolita,MISSING,PRON-REFLEX,MISSING,obj,MISSING,leftover_source,
480,189,one-to-one,dn_219,mkm_208,Ippolita,MISSING,NULL,MISSING,nsubj,MISSING,leftover_source,
481,189,one-to-one,dn_219,mkm_208,MISSING,Ippolita,MISSING,DET,MISSING,nmod,leftover_target,
482,190,many-to-one,dn_220 dn_221,mkm_209,Giorgio,Giorgio,NULL,PRON,nsubj,nsubj,zero_to_tgt_anchor,
483,190,many-to-one,dn_220 dn_221,mkm_209,Giorgio,MISSING,PRON-REFLEX,MISSING,obj,MISSING,leftover_source,
484,190,many-to-one,dn_220 dn_221,mkm_209,Ippolita,Ippolita,PRON,PRON,nsubj,nsubj,explicit_full,
485,190,many-to-one,dn_220 dn_221,mkm_209,Ippolita,Ippolita,DET,PRON,nmod,obj,explicit_ref_only,
486,191,one-to-one,dn_222,mkm_210,Giorgio,Giorgio,DET,PRON,nmod,nmod,explicit_ref_case,
487,192,one-to-one,dn_223,mkm_211,Giorgio,Giorgio,NULL,NULL,nsubj,nsubj,zero_zero_semantic,0.36163602652502996
488,192,one-to-one,dn_223,mkm_211,MISSING,Giorgio,MISSING,PRON,MISSING,nsubj,leftover_target,
489,192,one-to-one,dn_223,mkm_211,MISSING,Giorgio,MISSING,PRON,MISSING,obj,leftover_target,
490,192,one-to-one,dn_223,mkm_211,MISSING,Giorgio,MISSING,PRON,MISSING,obj,leftover_target,
491,192,one-to-one,dn_223,mkm_211,MISSING,Giorgio,MISSING,NULL,MISSING,nsubj,leftover_target,
492,192,one-to-one,dn_223,mkm_211,Ippolita,Ippolita,NOUN,NOUN,nmod,nmod,explicit_full,
493,193,one-to-one,dn_224,mkm_212,Ippolita,Ippolita,PRON,PRON,nsubj,nsubj,explicit_full,
494,193,one-to-one,dn_224,mkm_212,MISSING,Ippolita,MISSING,PRON,MISSING,nmod,leftover_target,
495,193,one-to-one,dn_224,mkm_212,MISSING,Ippolita,MISSING,NULL,MISSING,nsubj,leftover_target,
496,194,one-to-one,dn_225,mkm_213,Ippolita,Ippolita,NULL,PRON,nsubj,nsubj,zero_to_tgt_anchor,
497,195,one-to-one,dn_226,mkm_214,Ippolita,Ippolita,DET,DET,nmod,nmod,explicit_full,
498,196,one-to-one,dn_227,mkm_215,Ippolita,Ippolita,PRON,PRON,nmod,nmod,explicit_full,
499,197,one-to-one,dn_228,mkm_216,Giorgio,Giorgio,PRON,PRON,obj,obj,explicit_full,
500,197,one-to-one,dn_228,mkm_216,Giorgio,Giorgio,PRON,PRON,obj,obj,explicit_full,
501,197,one-to-one,dn_228,mkm_216,Ippolita,Ippolita,DET,PRON,nmod,nmod,explicit_ref_case,
502,198,one-to-one,dn_229,mkm_217,Ippolita,Ippolita,DET,PRON,nmod,nsubj,explicit_ref_only,
503,199,one-to-one,dn_230,mkm_218,Giorgio,Giorgio,NULL,NULL,nsubj,nsubj,zero_zero_single,
504,199,one-to-one,dn_230,mkm_218,MISSING,Giorgio,MISSING,PRON,MISSING,nsubj,leftover_target,
505,200,one-to-one,dn_231,mkm_219,Ippolita,Ippolita,NULL,PRON,nsubj,nsubj,zero_to_tgt_anchor,
506,201,one-to-one,dn_232,mkm_220,Giorgio,Giorgio,PRON,PRON,nsubj,nsubj,explicit_full,
507,201,one-to-one,dn_232,mkm_220,Ippolita,Ippolita,PRON,PRON,obj,obj,explicit_full,
508,202,one-to-one,dn_233,mkm_221,Giorgio,Giorgio,PRON,PRON,obj,nsubj,explicit_ref_pos,
509,202,one-to-one,dn_233,mkm_221,Ippolita,Ippolita,DET,PRON,nmod,nmod,explicit_ref_case,
510,203,many-to-one,dn_234 dn_235 dn_236,mkm_222,Ippolita,Ippolita,PRON,PRON,nsubj,obj,explicit_ref_pos,
511,204,one-to-one,dn_237,mkm_223,Giorgio,MISSING,PRON,MISSING,obj,MISSING,leftover_source,
512,204,one-to-one,dn_237,mkm_223,MISSING,Ippolita,MISSING,PRON,MISSING,nmod,leftover_target,
513,205,one-to-one,dn_238,mkm_224,Giorgio,Giorgio,PRON,PRON,obj,obj,explicit_full,
514,205,one-to-one,dn_238,mkm_224,Ippolita,Ippolita,PRON,PRON,nsubj,nsubj,explicit_full,
515,206,many-to-one,dn_239 dn_240,mkm_225,Giorgio,Giorgio,NULL,NULL,nsubj,nsubj,zero_zero_single,
516,206,many-to-one,dn_239 dn_240,mkm_225,Giorgio,MISSING,PRON,MISSING,obj,MISSING,leftover_source,
517,206,many-to-one,dn_239 dn_240,mkm_225,Ippolita,Ippolita,PRON,PRON,nsubj,nsubj,explicit_full,
518,206,many-to-one,dn_239 dn_240,mkm_225,Ippolita,MISSING,NULL,MISSING,nsubj,MISSING,leftover_source,
519,206,many-to-one,dn_239 dn_240,mkm_225,Ippolita,MISSING,DET,MISSING,nmod,MISSING,leftover_source,
520,206,many-to-one,dn_239 dn_240,mkm_225,Ippolita,MISSING,DET,MISSING,nmod,MISSING,leftover_source,
521,206,many-to-one,dn_239 dn_240,mkm_225,Ippolitas-sister,Ippolitas-sister,NOUN,NOUN,nmod,nmod,explicit_full,
522,206,many-to-one,dn_239 dn_240,mkm_225,Ippolitas-sister,Ippolitas-sister,NOUN,NOUN,nmod,nmod,explicit_full,
523,207,one-to-many,dn_241,mkm_226 mkm_227,MISSING,Ippolita,MISSING,NULL,MISSING,nsubj,leftover_target,
524,208,one-to-one,dn_242,mkm_228,Giorgio,Giorgio,PRON,NOUN,obj,obj,explicit_ref_case,
525,208,one-to-one,dn_242,mkm_228,Ippolita,Ippolita,PRON,PRON,nsubj,nsubj,explicit_full,
526,208,one-to-one,dn_242,mkm_228,Ippolita,MISSING,NULL,MISSING,nsubj,MISSING,leftover_source,
527,209,many-to-one,dn_243 dn_244,mkm_229,Giorgio,Giorgio,NULL,PRON,nsubj,nsubj,zero_to_tgt_anchor,
528,209,many-to-one,dn_243 dn_244,mkm_229,Ippolita,Ippolita,DET,PRON,nmod,nmod,explicit_ref_case,
529,209,many-to-one,dn_243 dn_244,mkm_229,Ippolita,MISSING,DET,MISSING,nmod,MISSING,leftover_source,
530,210,one-to-many,dn_245,mkm_230 mkm_231,Giorgio,Giorgio,PRON,PRON,nsubj,nsubj,explicit_full,
531,210,one-to-many,dn_245,mkm_230 mkm_231,Giorgio,Giorgio,NULL,NULL,nsubj,nsubj,zero_zero_semantic,0.4762939339411174
532,210,one-to-many,dn_245,mkm_230 mkm_231,MISSING,Giorgio,MISSING,NULL,MISSING,nsubj,leftover_target,
533,210,one-to-many,dn_245,mkm_230 mkm_231,MISSING,Giorgio,MISSING,PRON,MISSING,nsubj,leftover_target,
534,211,one-to-one,dn_246,mkm_232,Giorgio,Giorgio,PRON,PRON,obj,nsubj,explicit_ref_pos,
535,211,one-to-one,dn_246,mkm_232,MISSING,Giorgio,MISSING,NULL,MISSING,nsubj,leftover_target,
536,212,one-to-one,dn_247,mkm_233,MISSING,Ippolita,MISSING,PRON,MISSING,nsubj,leftover_target,
537,212,one-to-one,dn_247,mkm_233,MISSING,Ippolita,MISSING,NULL,MISSING,nsubj,leftover_target,
538,213,one-to-one,dn_248,mkm_234,Giorgio,MISSING,PRON,MISSING,nsubj,MISSING,leftover_source,
539,213,one-to-one,dn_248,mkm_234,Ippolita,Ippolita,PROPN,PROPN,nsubj,nsubj,explicit_full,
540,213,one-to-one,dn_248,mkm_234,MISSING,Ippolita,MISSING,PRON,MISSING,nmod,leftover_target,
541,213,one-to-one,dn_248,mkm_234,MISSING,Ippolita,MISSING,NULL,MISSING,nsubj,leftover_target,
542,213,one-to-one,dn_248,mkm_234,MISSING,Ippolita,MISSING,NULL,MISSING,nsubj,leftover_target,
543,213,one-to-one,dn_248,mkm_234,MISSING,Ippolita,MISSING,NULL,MISSING,nsubj,leftover_target,
544,213,one-to-one,dn_248,mkm_234,Ippolitas-brother-in-law,Ippolitas-brother-in-law,NOUN,NOUN,nmod,nmod,explicit_full,
545,213,one-to-one,dn_248,mkm_234,Ippolitas-brother-in-laws-friends,Ippolitas-brother-in-laws-friends,NOUN,NOUN,obj,obj,explicit_full,
546,213,one-to-one,dn_248,mkm_234,Ippolitas-brother-in-laws-friends,Ippolitas-brother-in-laws-friends,NOUN,NOUN,obj,obj,explicit_full,
547,213,one-to-one,dn_248,mkm_234,Ippolitas-brother-in-laws-friends,Ippolitas-brother-in-laws-friends,NOUN,NOUN,obj,obj,explicit_full,
548,213,one-to-one,dn_248,mkm_234,MISSING,Ippolitas-brother-in-laws-friends,MISSING,NOUN,MISSING,obj,leftover_target,
549,214,one-to-one,dn_249,mkm_235,Ippolita,Ippolita,DET,PRON,nmod,nmod,explicit_ref_case,
550,215,one-to-one,dn_250,mkm_236,Giorgio,Giorgio,PRON,PRON,obj,nsubj,explicit_ref_pos,
551,216,one-to-one,dn_251,mkm_237,MISSING,Ippolita,MISSING,NULL,MISSING,nsubj,leftover_target,
552,217,one-to-one,dn_252 dn_253,mkm_238 mkm_239,Giorgio,Giorgio,PRON,NULL,nsubj,nsubj,zero_to_src_anchor,
553,217,one-to-one,dn_252 dn_253,mkm_238 mkm_239,Ippolita Ippolitas-sister Ippolitas-brother-in-law,Ippolita Ippolitas-sister Ippolitas-brother-in-law,PRON,PRON,obj,nsubj,explicit_ref_pos,
554,217,one-to-one,dn_252 dn_253,mkm_238 mkm_239,Ippolita Ippolitas-sister Ippolitas-brother-in-law,MISSING,PRON,MISSING,obj,MISSING,leftover_source,
555,217,one-to-one,dn_252 dn_253,mkm_238 mkm_239,Ippolitas-brother-in-laws-friends,Ippolitas-brother-in-laws-friends,NOUN,PRON,nsubj,nsubj,explicit_ref_case,
556,217,one-to-one,dn_252 dn_253,mkm_238 mkm_239,Ippolitas-brother-in-laws-friends,MISSING,NULL,MISSING,nsubj,MISSING,leftover_source,
557,217,one-to-one,dn_252 dn_253,mkm_238 mkm_239,MISSING,Ippolitas-brother-in-laws-friends,MISSING,NOUN,MISSING,obj,leftover_target,
558,218,many-to-one,dn_254 dn_255 dn_256,mkm_240,Giorgio,Giorgio,PRON,PRON,obj,nsubj,explicit_ref_pos,
559,218,many-to-one,dn_254 dn_255 dn_256,mkm_240,MISSING,Giorgio,MISSING,NULL,MISSING,nsubj,leftover_target,
560,218,many-to-one,dn_254 dn_255 dn_256,mkm_240,Ippolita,Ippolita,PROPN,PROPN,nsubj,nsubj,explicit_full,
561,218,many-to-one,dn_254 dn_255 dn_256,mkm_240,Ippolita,Ippolita,NULL,NULL,nsubj,nsubj,zero_zero_semantic,0.29358025372825214
562,218,many-to-one,dn_254 dn_255 dn_256,mkm_240,Ippolita,Ippolita,NULL,NULL,nsubj,nsubj,zero_zero_semantic,0.3140707603923225
563,218,many-to-one,dn_254 dn_255 dn_256,mkm_240,Ippolita,Ippolita,NULL,NULL,nsubj,nsubj,zero_zero_semantic,0.4430074543404659
564,218,many-to-one,dn_254 dn_255 dn_256,mkm_240,Ippolita,Ippolita,NULL,NULL,nsubj,nsubj,zero_zero_semantic,0.6586098391606734
565,218,many-to-one,dn_254 dn_255 dn_256,mkm_240,Ippolita,MISSING,PRON,MISSING,nsubj,MISSING,leftover_source,
566,218,many-to-one,dn_254 dn_255 dn_256,mkm_240,Ippolita,MISSING,PRON-REFLEX,MISSING,obj,MISSING,leftover_source,
567,218,many-to-one,dn_254 dn_255 dn_256,mkm_240,Ippolitas-brother-in-laws-friends,Ippolitas-brother-in-laws-friends,PRON,NOUN,obj,obj,explicit_ref_case,
568,218,many-to-one,dn_254 dn_255 dn_256,mkm_240,Ippolitas-brother-in-laws-friends,Ippolitas-brother-in-laws-friends,PRON,PRON,obj,nmod,explicit_ref_pos,
569,218,many-to-one,dn_254 dn_255 dn_256,mkm_240,Ippolitas-brother-in-laws-friends,MISSING,PRON,MISSING,obj,MISSING,leftover_source,
570,219,one-to-many,dn_257,mkm_241 mkm_242,Giorgio,Giorgio,PRON,PRON,obj,obj,explicit_full,
571,219,one-to-many,dn_257,mkm_241 mkm_242,Giorgio,Giorgio,PRON,PRON,obj,obj,explicit_full,
572,219,one-to-many,dn_257,mkm_241 mkm_242,Giorgio,Giorgio,DET,PRON,nmod,nmod,explicit_ref_case,
573,219,one-to-many,dn_257,mkm_241 mkm_242,MISSING,Giorgio,MISSING,PRON,MISSING,nsubj,leftover_target,
574,219,one-to-many,dn_257,mkm_241 mkm_242,MISSING,Giorgio,MISSING,PRON,MISSING,nmod,leftover_target,
575,219,one-to-many,dn_257,mkm_241 mkm_242,Ippolita,Ippolita,NOUN,NOUN,nsubj,nsubj,explicit_full,
576,219,one-to-many,dn_257,mkm_241 mkm_242,Ippolita,Ippolita,PRON,NULL,nsubj,nsubj,zero_to_src_anchor,
577,219,one-to-many,dn_257,mkm_241 mkm_242,MISSING,Ippolita,MISSING,NULL,MISSING,nsubj,leftover_target,
578,219,one-to-many,dn_257,mkm_241 mkm_242,Ippolitas-brother-in-laws-friends,MISSING,NOUN,MISSING,obj,MISSING,leftover_source,
579,220,one-to-one,dn_258,mkm_243,Ippolita,Ippolita,PRON,PRON,nsubj,nsubj,explicit_full,
580,221,one-to-one,dn_259,mkm_244,Ippolita,Ippolita,NULL,PRON,nsubj,nsubj,zero_to_tgt_anchor,
581,222,one-to-one,dn_260,mkm_245,Ippolita,Ippolita,NULL,PRON,nsubj,nsubj,zero_to_tgt_anchor,
582,223,one-to-one,dn_261,mkm_246,MISSING,Giorgio,MISSING,PRON,MISSING,nsubj,leftover_target,
583,223,one-to-one,dn_261,mkm_246,Ippolita,Ippolita,PRON,NULL,nsubj,nsubj,zero_to_src_anchor,
584,223,one-to-one,dn_261,mkm_246,Ippolita,MISSING,PRON,MISSING,nsubj,MISSING,leftover_source,
585,223,one-to-one,dn_261,mkm_246,Ippolitas-brother-in-laws-friends,Ippolitas-brother-in-laws-friends,NOUN,NOUN,obj,obj,explicit_full,
586,223,one-to-one,dn_261,mkm_246,MISSING,Ippolitas-brother-in-laws-friends,MISSING,NOUN,MISSING,nmod,leftover_target,
587,225,one-to-one,dn_263,mkm_249,Giorgio,Giorgio,NOUN,PRON,nsubj,nsubj,explicit_ref_case,
588,225,one-to-one,dn_263,mkm_249,MISSING,Giorgio,MISSING,NULL,MISSING,nsubj,leftover_target,
589,226,one-to-many,dn_264,mkm_248 mkm_250,Giorgio,Giorgio,PRON,PRON,obj,nmod,explicit_ref_pos,
590,226,one-to-many,dn_264,mkm_248 mkm_250,Ippolita,Ippolita,PRON,PRON,obj,obj,explicit_full,
591,226,one-to-many,dn_264,mkm_248 mkm_250,Ippolitas-brother-in-laws-friends,Ippolitas-brother-in-laws-friends,NULL,NOUN,nsubj,nsubj,zero_to_tgt_anchor,
592,227,one-to-one,dn_265,mkm_251,Giorgio,Giorgio,PRON,PRON,nsubj,nsubj,explicit_full,
593,227,one-to-one,dn_265,mkm_251,Ippolita,Ippolita,PRON,PRON,obj,obj,explicit_full,
594,227,one-to-one,dn_265,mkm_251,Ippolita,Ippolita,PRON,PRON,obj,nmod,explicit_ref_pos,
595,227,one-to-one,dn_265,mkm_251,Ippolitas-brother-in-laws-friends,Ippolitas-brother-in-laws-friends,NOUN,NOUN,nsubj,nsubj,explicit_full,
596,228,one-to-one,dn_266,mkm_252,Ippolita,Ippolita,PRON,PROPN,nsubj,nmod,explicit_ref_only,
597,228,one-to-one,dn_266,mkm_252,Ippolita,MISSING,NULL,MISSING,nsubj,MISSING,leftover_source,
598,229,one-to-one,dn_267,mkm_253,Ippolita,Ippolita,PRON,PRON,nsubj,obj,explicit_ref_pos,
599,229,one-to-one,dn_267,mkm_253,Ippolitas-brother-in-laws-friends,Ippolitas-brother-in-laws-friends,NOUN,NOUN,obj,nsubj,explicit_ref_pos,
600,232,many-to-one,dn_270 dn_271,mkm_257,MISSING,Ippolita,MISSING,PRON,MISSING,nsubj,leftover_target,
601,233,one-to-one,dn_272,mkm_258,Giorgio,Giorgio,PRON,PRON,obj,obj,explicit_full,
602,233,one-to-one,dn_272,mkm_258,Ippolita,Ippolita,PRON,NOUN,obj,obj,explicit_ref_case,
603,234,one-to-one,dn_273,mkm_259,Giorgio,Giorgio,DET,PRON,nmod,nmod,explicit_ref_case,
604,235,one-to-one,dn_274,mkm_260,Giorgio,Giorgio,PRON,PRON,nsubj,nsubj,explicit_full,
605,235,one-to-one,dn_274,mkm_260,Giorgio,MISSING,DET,MISSING,nmod,MISSING,leftover_source,
606,235,one-to-one,dn_274,mkm_260,MISSING,Giorgio,MISSING,NULL,MISSING,nsubj,leftover_target,
607,236,one-to-one,dn_275,mkm_261,Giorgio,Giorgio,PRON,PRON,nsubj,nsubj,explicit_full,
608,236,one-to-one,dn_275,mkm_261,Giorgio,Giorgio,NULL,NULL,nsubj,nsubj,zero_zero_semantic,0.27819181439172547
609,236,one-to-one,dn_275,mkm_261,Giorgio,Giorgio,PRON,NULL,nsubj,nsubj,zero_to_src_anchor,
610,236,one-to-one,dn_275,mkm_261,Ippolita,Ippolita,PROPN,PROPN,obj,obj,explicit_full,
611,236,one-to-one,dn_275,mkm_261,MISSING,Ippolita,MISSING,PRON,MISSING,obj,leftover_target,
612,237,one-to-one,dn_276,mkm_262,Giorgio,Giorgio,PRON,PRON,nsubj,nsubj,explicit_full,
613,237,one-to-one,dn_276,mkm_262,Giorgio,MISSING,NULL,MISSING,nsubj,MISSING,leftover_source,
614,237,one-to-one,dn_276,mkm_262,Giorgio,MISSING,NULL,MISSING,nsubj,MISSING,leftover_source,
615,237,one-to-one,dn_276,mkm_262,Ippolita,Ippolita,PRON,PRON,obj,obj,explicit_full,
616,237,one-to-one,dn_276,mkm_262,Ippolita,Ippolita,PRON,PRON,obj,nsubj,explicit_ref_pos,
617,238,one-to-many,dn_277,mkm_263 mkm_264,Giorgio,Giorgio,PRON,PRON,obj,obj,explicit_full,
618,238,one-to-many,dn_277,mkm_263 mkm_264,Giorgio,Giorgio,PRON,PRON,nsubj,nmod,explicit_ref_pos,
619,238,one-to-many,dn_277,mkm_263 mkm_264,Giorgio,MISSING,NULL,MISSING,nsubj,MISSING,leftover_source,
620,239,one-to-one,dn_278,mkm_265,Giorgio,Giorgio,DET,PRON,nmod,nmod,explicit_ref_case,
621,239,one-to-one,dn_278,mkm_265,Giorgio,Giorgio,PRON,NULL,nsubj,nsubj,zero_to_src_anchor,
622,240,one-to-one,dn_279,mkm_266,MISSING,Ippolita,MISSING,PRON,MISSING,nsubj,leftover_target,
623,241,one-to-one,dn_280,mkm_267,MISSING,Giorgio,MISSING,PRON,MISSING,nsubj,leftover_target,
624,241,one-to-one,dn_280,mkm_267,MISSING,Ippolita,MISSING,PRON,MISSING,nmod,leftover_target,
625,242,many-to-one,dn_281 dn_282,mkm_268,Giorgio,Giorgio,PRON,PRON,nsubj,nsubj,explicit_full,
626,242,many-to-one,dn_281 dn_282,mkm_268,Giorgio,Giorgio,DET,PRON,nmod,obj,explicit_ref_only,
627,242,many-to-one,dn_281 dn_282,mkm_268,Giorgio,MISSING,DET,MISSING,nmod,MISSING,leftover_source,
628,242,many-to-one,dn_281 dn_282,mkm_268,Giorgio,MISSING,DET,MISSING,nmod,MISSING,leftover_source,
629,242,many-to-one,dn_281 dn_282,mkm_268,Ippolita,Ippolita,PROPN,PROPN,obj,obj,explicit_full,
630,243,one-to-one,dn_283,mkm_269,Ippolita,Ippolita,PRON,PRON,nsubj,nsubj,explicit_full,
631,243,one-to-one,dn_283,mkm_269,MISSING,Ippolita,MISSING,NULL,MISSING,nsubj,leftover_target,
632,243,one-to-one,dn_283,mkm_269,MISSING,Ippolita,MISSING,NULL,MISSING,nsubj,leftover_target,
633,244,one-to-one,dn_284,mkm_270,Giorgio,Giorgio,PRON,PRON,nsubj,nsubj,explicit_full,
634,244,one-to-one,dn_284,mkm_270,Giorgio,Giorgio,PRON,PRON,nsubj,nsubj,explicit_full,
635,244,one-to-one,dn_284,mkm_270,Giorgio,Giorgio,NULL,NULL,nsubj,nsubj,zero_zero_semantic,0.23142742729398164
636,244,one-to-one,dn_284,mkm_270,Giorgio,Giorgio,PRON,NULL,nsubj,nsubj,zero_to_src_anchor,
637,244,one-to-one,dn_284,mkm_270,Giorgio,MISSING,DET,MISSING,nmod,MISSING,leftover_source,
638,244,one-to-one,dn_284,mkm_270,MISSING,Giorgio,MISSING,NULL,MISSING,nsubj,leftover_target,
639,244,one-to-one,dn_284,mkm_270,MISSING,Giorgio,MISSING,NULL,MISSING,nsubj,leftover_target,
640,244,one-to-one,dn_284,mkm_270,Ippolita,Ippolita,PRON,PRON,obj,nmod,explicit_ref_pos,
641,244,one-to-one,dn_284,mkm_270,Ippolita,Ippolita,PRON,PRON,obj,nsubj,explicit_ref_pos,
642,244,one-to-one,dn_284,mkm_270,Ippolita,MISSING,NOUN,MISSING,obj,MISSING,leftover_source,
643,245,one-to-one,dn_285,mkm_271,Giorgio,Giorgio,PRON,PRON,nsubj,nsubj,explicit_full,
644,245,one-to-one,dn_285,mkm_271,Giorgio,MISSING,DET,MISSING,nmod,MISSING,leftover_source,
645,245,one-to-one,dn_285,mkm_271,Ippolita,Ippolita,NOUN,PRON,nmod,nmod,explicit_ref_case,
646,245,one-to-one,dn_285,mkm_271,MISSING,Ippolita,MISSING,PRON,MISSING,nmod,leftover_target,
647,246,many-to-one,dn_286 dn_287,mkm_272,Giorgio,MISSING,PRON,MISSING,obj,MISSING,leftover_source,
648,247,one-to-one,dn_288 dn_289,mkm_273 mkm_274,Giorgio,Giorgio,PRON,PRON,nsubj,nsubj,explicit_full,
649,247,one-to-one,dn_288 dn_289,mkm_273 mkm_274,MISSING,Giorgio,MISSING,PRON,MISSING,nsubj,leftover_target,
650,247,one-to-one,dn_288 dn_289,mkm_273 mkm_274,MISSING,Giorgio,MISSING,NULL,MISSING,nsubj,leftover_target,
651,247,one-to-one,dn_288 dn_289,mkm_273 mkm_274,Ippolita,Ippolita,PRON,PRON,nsubj,nsubj,explicit_full,
652,247,one-to-one,dn_288 dn_289,mkm_273 mkm_274,Ippolita,Ippolita,PRON,PRON,nmod,nmod,explicit_full,
653,247,one-to-one,dn_288 dn_289,mkm_273 mkm_274,Ippolita,Ippolita,NULL,NULL,nsubj,nsubj,zero_zero_semantic,0.47789633502364576
654,247,one-to-one,dn_288 dn_289,mkm_273 mkm_274,Ippolita,MISSING,DET,MISSING,nmod,MISSING,leftover_source,
655,247,one-to-one,dn_288 dn_289,mkm_273 mkm_274,MISSING,Ippolita,MISSING,NULL,MISSING,nsubj,leftover_target,
656,248,one-to-one,dn_290,mkm_277,Giorgio,MISSING,PRON,MISSING,obj,MISSING,leftover_source,
657,248,one-to-one,dn_290,mkm_277,Ippolita,Ippolita,PROPN,PROPN,nsubj,nsubj,explicit_full,
658,249,one-to-one,dn_291,mkm_275,Giorgio,Giorgio,NULL,NULL,nsubj,nsubj,zero_zero_single,
659,250,one-to-one,dn_292,mkm_276,Giorgio,Giorgio,NULL,NULL,nsubj,nsubj,zero_zero_single,
660,251,one-to-one,dn_293,mkm_279,Giorgio,Giorgio,PRON,PRON,nsubj,nsubj,explicit_full,
661,252,one-to-one,dn_294,mkm_278,Ippolita,Ippolita,PRON,PRON,obj,nmod,explicit_ref_pos,
662,255,many-to-one,dn_297 dn_298,mkm_282,Ippolita,Ippolita,PROPN,PRON,nsubj,nsubj,explicit_ref_case,
663,255,many-to-one,dn_297 dn_298,mkm_282,Ippolita,Ippolita,NULL,NULL,nsubj,nsubj,zero_zero_single,
664,256,one-to-one,dn_299,mkm_283,Giorgio,MISSING,NULL,MISSING,nsubj,MISSING,leftover_source,
665,256,one-to-one,dn_299,mkm_283,Giorgio Ippolita,Giorgio Ippolita,NULL,NULL,nsubj,nsubj,zero_zero_single,
666,257,one-to-one,dn_301,mkm_284,Giorgio Ippolita,Giorgio Ippolita,NULL,NULL,nsubj,nsubj,zero_zero_single,
667,258,many-to-one,dn_302 dn_303,mkm_285,Giorgio Ippolita,Giorgio Ippolita,NULL,NULL,nsubj,nsubj,zero_zero_semantic,0.40953308186203086
668,258,many-to-one,dn_302 dn_303,mkm_285,Giorgio Ippolita,Giorgio Ippolita,NULL,NOUN,nsubj,nsubj,zero_to_tgt_anchor,
669,258,many-to-one,dn_302 dn_303,mkm_285,Giorgio Ippolita,Giorgio Ippolita,NULL,PRON,nsubj,nsubj,zero_to_tgt_anchor,
670,258,many-to-one,dn_302 dn_303,mkm_285,Giorgio Ippolita,MISSING,PRON-REFLEX,MISSING,obj,MISSING,leftover_source,
671,258,many-to-one,dn_302 dn_303,mkm_285,Giorgio Ippolita,MISSING,PRON-REFLEX,MISSING,obj,MISSING,leftover_source,
672,259,one-to-one,dn_304,mkm_288,Ippolita,Ippolita,PROPN,PROPN,nsubj,nsubj,explicit_full,
673,259,one-to-one,dn_304,mkm_288,MISSING,Ippolita,MISSING,NULL,MISSING,nsubj,leftover_target,
674,260,one-to-many,dn_305,mkm_287 mkm_289,Giorgio,Giorgio,NOUN,PRON,vocative,vocative,explicit_ref_case,
675,260,one-to-many,dn_305,mkm_287 mkm_289,Ippolita,MISSING,DET,MISSING,nmod,MISSING,leftover_source,
676,261,one-to-many,dn_306,mkm_290 mkm_291,Ippolita,Ippolita,NULL,NULL,nsubj,nsubj,zero_zero_single,
677,261,one-to-many,dn_306,mkm_290 mkm_291,Ippolita,MISSING,PRON-REFLEX,MISSING,obj,MISSING,leftover_source,
678,261,one-to-many,dn_306,mkm_290 mkm_291,MISSING,Ippolita,MISSING,PRON,MISSING,nsubj,leftover_target,
679,263,one-to-one,dn_308,mkm_294,MISSING,Giorgio Ippolita,MISSING,PRON,MISSING,nmod,leftover_target,
680,265,one-to-one,dn_310,mkm_296,Giorgio,Giorgio,NULL,NULL,nsubj,nsubj,zero_zero_single,
681,266,one-to-one,dn_311,mkm_298,Ippolita,Ippolita,PRON,PRON,nsubj,nsubj,explicit_full,
682,267,one-to-one,dn_312,mkm_297,Giorgio,Giorgio,NULL,NULL,nsubj,nsubj,zero_zero_single,
683,268,one-to-one,dn_313,mkm_300,Giorgio,Giorgio,PRON,NOUN,nsubj,nsubj,explicit_ref_case,
684,269,one-to-one,dn_314,mkm_299,Giorgio,Giorgio,PRON,PRON,nsubj,obj,explicit_ref_pos,
685,269,one-to-one,dn_314,mkm_299,Giorgio,MISSING,NULL,MISSING,nsubj,MISSING,leftover_source,
686,270,one-to-many,dn_315,mkm_301 mkm_302,Giorgio,MISSING,PRON,MISSING,obj,MISSING,leftover_source,
687,270,one-to-many,dn_315,mkm_301 mkm_302,Giorgio Ippolita,Giorgio Ippolita,PRON,PRON,obj,obj,explicit_full,
688,270,one-to-many,dn_315,mkm_301 mkm_302,Giorgio Ippolita,Giorgio Ippolita,NULL,NULL,nsubj,nsubj,zero_zero_semantic,0.5325965420114316
689,270,one-to-many,dn_315,mkm_301 mkm_302,Giorgio Ippolita,Giorgio Ippolita,NULL,NULL,nsubj,nsubj,zero_zero_semantic,0.3703422743542408
690,270,one-to-many,dn_315,mkm_301 mkm_302,MISSING,Giorgio Ippolita,MISSING,PRON,MISSING,nsubj,leftover_target,
691,270,one-to-many,dn_315,mkm_301 mkm_302,MISSING,Giorgio Ippolita,MISSING,PRON,MISSING,nsubj,leftover_target,
692,270,one-to-many,dn_315,mkm_301 mkm_302,MISSING,Giorgio Ippolita,MISSING,PRON,MISSING,obj,leftover_target,
693,270,one-to-many,dn_315,mkm_301 mkm_302,MISSING,Giorgio Ippolita,MISSING,NULL,MISSING,nsubj,leftover_target,
694,270,one-to-many,dn_315,mkm_301 mkm_302,Ippolita,MISSING,PRON,MISSING,obj,MISSING,leftover_source,
695,271,one-to-one,dn_316,mkm_303,Giorgio Ippolita,Giorgio Ippolita,DET,PRON,nmod,nmod,explicit_ref_case,
696,271,one-to-one,dn_316,mkm_303,Giorgio Ippolita,MISSING,PRON,MISSING,nsubj,MISSING,leftover_source,
697,272,one-to-one,dn_317,mkm_304,Giorgio,MISSING,PRON,MISSING,nsubj,MISSING,leftover_source,
698,272,one-to-one,dn_317,mkm_304,Giorgio,MISSING,PRON,MISSING,obj,MISSING,leftover_source,
699,272,one-to-one,dn_317,mkm_304,MISSING,Giorgio Ippolita,MISSING,NULL,MISSING,nsubj,leftover_target,
700,272,one-to-one,dn_317,mkm_304,Ippolita,MISSING,NULL,MISSING,nsubj,MISSING,leftover_source,
701,273,one-to-one,dn_318,mkm_305,Ippolita,Ippolita,PROPN,PROPN,nsubj,nsubj,explicit_full,
702,274,one-to-many,dn_319,mkm_306 mkm_308,Giorgio,Giorgio,NOUN,PROPN,nsubj,nsubj,explicit_ref_case,
703,274,one-to-many,dn_319,mkm_306 mkm_308,Giorgio,MISSING,PRON-REFLEX,MISSING,obj,MISSING,leftover_source,
704,274,one-to-many,dn_319,mkm_306 mkm_308,Giorgio,MISSING,PRON-REFLEX,MISSING,obj,MISSING,leftover_source,
705,274,one-to-many,dn_319,mkm_306 mkm_308,MISSING,Giorgio,MISSING,NULL,MISSING,nsubj,leftover_target,
706,274,one-to-many,dn_319,mkm_306 mkm_308,MISSING,Giorgio,MISSING,NULL,MISSING,nsubj,leftover_target,
707,276,one-to-one,dn_321,mkm_309,Giorgio,Giorgio,PRON,PRON,obj,nmod,explicit_ref_pos,
708,277,one-to-one,dn_322,mkm_310,Giorgio,Giorgio,PRON,PRON,nsubj,nsubj,explicit_full,
709,277,one-to-one,dn_322,mkm_310,Giorgio,Giorgio,NULL,PRON,nsubj,nsubj,zero_to_tgt_anchor,
710,277,one-to-one,dn_322,mkm_310,Giorgio,MISSING,NULL,MISSING,nsubj,MISSING,leftover_source,
711,277,one-to-one,dn_322,mkm_310,Ippolita,Ippolita,PRON,PRON,obj,nsubj,explicit_ref_pos,
712,278,one-to-many,dn_323,mkm_311 mkm_312,Giorgio,Giorgio,PRON,PRON,nsubj,obj,explicit_ref_pos,
713,278,one-to-many,dn_323,mkm_311 mkm_312,Giorgio,MISSING,NULL,MISSING,nsubj,MISSING,leftover_source,
714,278,one-to-many,dn_323,mkm_311 mkm_312,MISSING,Giorgio,MISSING,PRON,MISSING,obj,leftover_target,
715,279,one-to-one,dn_324,mkm_313,Giorgio,Giorgio,PRON,PRON,obj,nsubj,explicit_ref_pos,
716,279,one-to-one,dn_324,mkm_313,Giorgio,MISSING,NULL,MISSING,nsubj,MISSING,leftover_source,
717,280,one-to-one,dn_325,mkm_314,Giorgio,Giorgio,PRON,PRON,nsubj,nsubj,explicit_full,
718,280,one-to-one,dn_325,mkm_314,Giorgio,MISSING,NULL,MISSING,nsubj,MISSING,leftover_source,
719,280,one-to-one,dn_325,mkm_314,Ippolita,Ippolita,PRON,NOUN,obj,obj,explicit_ref_case,
720,281,one-to-one,dn_326,mkm_315,Giorgio,Giorgio,PRON,PRON,obj,nsubj,explicit_ref_pos,
721,281,one-to-one,dn_326,mkm_315,Giorgio,Giorgio,NULL,NULL,nsubj,nsubj,zero_zero_semantic,0.5041917578106926
722,281,one-to-one,dn_326,mkm_315,MISSING,Giorgio,MISSING,PRON,MISSING,nmod,leftover_target,
723,281,one-to-one,dn_326,mkm_315,MISSING,Giorgio,MISSING,NULL,MISSING,nsubj,leftover_target,
724,282,one-to-one,dn_327,mkm_316,Giorgio,Giorgio,PRON,PRON,obj,obj,explicit_full,
725,283,one-to-one,dn_328,mkm_317,Giorgio,Giorgio,PROPN,PROPN,vocative,vocative,explicit_full,
726,284,one-to-one,dn_329,mkm_318,Giorgio,Giorgio,PRON,PRON,obj,nmod,explicit_ref_pos,
727,284,one-to-one,dn_329,mkm_318,Ippolita,Ippolita,PROPN,PROPN,nsubj,nsubj,explicit_full,
728,284,one-to-one,dn_329,mkm_318,MISSING,Ippolita,MISSING,NULL,MISSING,nsubj,leftover_target,
729,285,one-to-one,dn_330 dn_331,mkm_319 mkm_321,Giorgio,Giorgio,PRON,PRON,nsubj,nsubj,explicit_full,
730,285,one-to-one,dn_330 dn_331,mkm_319 mkm_321,Giorgio,Giorgio,NULL,NULL,nsubj,nsubj,zero_zero_semantic,0.6658598651246599
731,285,one-to-one,dn_330 dn_331,mkm_319 mkm_321,Giorgio,Giorgio,NULL,PRON,nsubj,nsubj,zero_to_tgt_anchor,
732,285,one-to-one,dn_330 dn_331,mkm_319 mkm_321,Giorgio Ippolita,Giorgio Ippolita,NULL,NOUN,nsubj,nsubj,zero_to_tgt_anchor,
733,285,one-to-one,dn_330 dn_331,mkm_319 mkm_321,Giorgio Ippolita,MISSING,PRON-REFLEX,MISSING,obj,MISSING,leftover_source,
734,285,one-to-one,dn_330 dn_331,mkm_319 mkm_321,suicidal-man,suicidal-man,NOUN,NOUN,nmod,nmod,explicit_full,
735,286,one-to-one,dn_332,mkm_320,Ippolita,Ippolita,NULL,NULL,nsubj,nsubj,zero_zero_single,
736,287,one-to-one,dn_333,mkm_323,Giorgio,Giorgio,PRON,PRON,obj,nmod,explicit_ref_pos,
737,287,one-to-one,dn_333,mkm_323,Ippolita,Ippolita,PRON,PRON,nsubj,nsubj,explicit_full,
738,289,one-to-many,dn_335,mkm_323 mkm_324,Giorgio,Giorgio,PRON,PRON,nsubj,nsubj,explicit_full,
739,289,one-to-many,dn_335,mkm_323 mkm_324,Giorgio,Giorgio,NULL,NULL,nsubj,nsubj,zero_zero_semantic,0.2801961744532866
740,289,one-to-many,dn_335,mkm_323 mkm_324,Giorgio,Giorgio,NULL,NULL,nsubj,nsubj,zero_zero_semantic,0.7713632535481569
741,289,one-to-many,dn_335,mkm_323 mkm_324,Giorgio,MISSING,PRON-REFLEX,MISSING,obj,MISSING,leftover_source,
742,289,one-to-many,dn_335,mkm_323 mkm_324,Giorgio,MISSING,PRON-REFLEX,MISSING,obj,MISSING,leftover_source,
743,289,one-to-many,dn_335,mkm_323 mkm_324,Giorgio,MISSING,PRON-REFLEX,MISSING,obj,MISSING,leftover_source,
744,289,one-to-many,dn_335,mkm_323 mkm_324,MISSING,Giorgio,MISSING,PRON,MISSING,nmod,leftover_target,
745,289,one-to-many,dn_335,mkm_323 mkm_324,Ippolita,Ippolita,PRON,NOUN,obj,obj,explicit_ref_case,
746,289,one-to-many,dn_335,mkm_323 mkm_324,MISSING,Ippolita,MISSING,PRON,MISSING,nsubj,leftover_target,
747,290,one-to-many,dn_336,mkm_325 mkm_326,Giorgio,Giorgio,PRON,PRON,nsubj,nsubj,explicit_full,
748,290,one-to-many,dn_336,mkm_325 mkm_326,Giorgio,Giorgio,NULL,NULL,nsubj,nsubj,zero_zero_single,
749,290,one-to-many,dn_336,mkm_325 mkm_326,MISSING,Giorgio,MISSING,PRON,MISSING,nmod,leftover_target,
750,291,many-to-one,dn_337 dn_338,mkm_327,MISSING,Giorgio,MISSING,PRON,MISSING,nmod,leftover_target,
751,291,many-to-one,dn_337 dn_338,mkm_327,suicidal-man,suicidal-man,NOUN,NOUN,nmod,nmod,explicit_full,
752,291,many-to-one,dn_337 dn_338,mkm_327,suicidal-man,MISSING,NOUN,MISSING,obj,MISSING,leftover_source,
753,291,many-to-one,dn_337 dn_338,mkm_327,MISSING,suicidal-man,MISSING,NULL,MISSING,nsubj,leftover_target,
754,292,one-to-one,dn_339,mkm_328,suicidal-man,suicidal-man,PRON,PRON,nsubj,nsubj,explicit_full,
755,293,one-to-one,dn_340,mkm_329,suicidal-man,suicidal-man,NULL,PRON,nsubj,nsubj,zero_to_tgt_anchor,
756,293,one-to-one,dn_340,mkm_329,suicidal-man,MISSING,PRON-REFLEX,MISSING,obj,MISSING,leftover_source,
757,294,one-to-one,dn_341,mkm_330,Giorgio,Giorgio,PRON,PRON,obj,nsubj,explicit_ref_pos,
758,294,one-to-one,dn_341,mkm_330,Giorgio,MISSING,NULL,MISSING,nsubj,MISSING,leftover_source,
759,294,one-to-one,dn_341,mkm_330,MISSING,Giorgio,MISSING,PRON,MISSING,nmod,leftover_target,
760,294,one-to-one,dn_341,mkm_330,MISSING,suicidal-man,MISSING,DET,MISSING,nmod,leftover_target,
761,295,many-to-one,dn_342 dn_343,mkm_331,Demetrio,Demetrio,PROPN,PROPN,obj,obj,explicit_full,
762,295,many-to-one,dn_342 dn_343,mkm_331,MISSING,Demetrio,MISSING,NOUN,MISSING,obj,leftover_target,
763,295,many-to-one,dn_342 dn_343,mkm_331,MISSING,Demetrio,MISSING,NOUN,MISSING,nsubj,leftover_target,
764,295,many-to-one,dn_342 dn_343,mkm_331,Giorgio,Giorgio,DET,PRON,nmod,nmod,explicit_ref_case,
765,295,many-to-one,dn_342 dn_343,mkm_331,Giorgio,Giorgio,PRON,PRON,obj,nsubj,explicit_ref_pos,
766,295,many-to-one,dn_342 dn_343,mkm_331,Giorgio,MISSING,NULL,MISSING,nsubj,MISSING,leftover_source,
767,295,many-to-one,dn_342 dn_343,mkm_331,Giorgio,MISSING,DET,MISSING,nmod,MISSING,leftover_source,
768,295,many-to-one,dn_342 dn_343,mkm_331,Giorgios-father,Giorgios-father,NOUN,NOUN,nmod,nmod,explicit_full,
769,297,many-to-one,dn_345 dn_346,mkm_333,Giorgio,Giorgio,PRON,PRON,nsubj,nsubj,explicit_full,
770,297,many-to-one,dn_345 dn_346,mkm_333,Giorgio,MISSING,PRON-REFLEX,MISSING,obj,MISSING,leftover_source,
771,299,one-to-one,dn_348,mkm_335,Giorgio,Giorgio,NULL,PRON,nsubj,nsubj,zero_to_tgt_anchor,
772,299,one-to-one,dn_348,mkm_335,Giorgio,MISSING,NULL,MISSING,nsubj,MISSING,leftover_source,
773,299,one-to-one,dn_348,mkm_335,MISSING,Giorgio,MISSING,PRON,MISSING,nmod,leftover_target,
774,300,one-to-one,dn_349,mkm_336,Giorgio,Giorgio,NULL,PRON,nsubj,nsubj,zero_to_tgt_anchor,
775,301,one-to-one,dn_350,mkm_337,Giorgio,Giorgio,PRON,PRON,obj,nsubj,explicit_ref_pos,
776,302,one-to-one,dn_352,mkm_338,Giorgio,MISSING,PRON,MISSING,obj,MISSING,leftover_source,
777,303,one-to-many,dn_353,mkm_339 mkm_340,Giorgio,Giorgio,PRON,PRON,obj,obj,explicit_full,
778,303,one-to-many,dn_353,mkm_339 mkm_340,Giorgio,Giorgio,PRON,PRON,obj,nsubj,explicit_ref_pos,
779,303,one-to-many,dn_353,mkm_339 mkm_340,Giorgio,Giorgio,NULL,NULL,nsubj,nsubj,zero_zero_semantic,0.29587504267692566
780,303,one-to-many,dn_353,mkm_339 mkm_340,Giorgio,Giorgio,NULL,NULL,nsubj,nsubj,zero_zero_semantic,0.3149014072758811
781,303,one-to-many,dn_353,mkm_339 mkm_340,Giorgio,MISSING,PRON-REFLEX,MISSING,obj,MISSING,leftover_source,
782,303,one-to-many,dn_353,mkm_339 mkm_340,MISSING,Giorgio,MISSING,NULL,MISSING,nsubj,leftover_target,
783,303,one-to-many,dn_353,mkm_339 mkm_340,MISSING,Giorgio,MISSING,PRON,MISSING,nsubj,leftover_target,
784,303,one-to-many,dn_353,mkm_339 mkm_340,Ippolita,Ippolita,PROPN,DET,nmod,nmod,explicit_ref_case,
785,303,one-to-many,dn_353,mkm_339 mkm_340,MISSING,Ippolita,MISSING,NULL,MISSING,nsubj,leftover_target,
786,303,one-to-many,dn_353,mkm_339 mkm_340,MISSING,Ippolita,MISSING,PROPN,MISSING,nsubj,leftover_target,
787,304,many-to-one,dn_354 dn_355 dn_356,mkm_341,Giorgio,Giorgio,DET,DET,nmod,nmod,explicit_full,
788,304,many-to-one,dn_354 dn_355 dn_356,mkm_341,Giorgio,Giorgio,PRON,PRON,obj,nsubj,explicit_ref_pos,
789,304,many-to-one,dn_354 dn_355 dn_356,mkm_341,Giorgio,Giorgio,NULL,NULL,nsubj,nsubj,zero_zero_semantic,0.3611459206215927
790,304,many-to-one,dn_354 dn_355 dn_356,mkm_341,Giorgio,MISSING,PRON-REFLEX,MISSING,obj,MISSING,leftover_source,
791,304,many-to-one,dn_354 dn_355 dn_356,mkm_341,Giorgio,MISSING,NULL,MISSING,nsubj,MISSING,leftover_source,
792,304,many-to-one,dn_354 dn_355 dn_356,mkm_341,Giorgio,MISSING,PRON,MISSING,obj,MISSING,leftover_source,
793,304,many-to-one,dn_354 dn_355 dn_356,mkm_341,Giorgio Ippolita,MISSING,PRON,MISSING,nsubj,MISSING,leftover_source,
794,304,many-to-one,dn_354 dn_355 dn_356,mkm_341,Giorgio Ippolita,MISSING,PRON-REFLEX,MISSING,obj,MISSING,leftover_source,
795,304,many-to-one,dn_354 dn_355 dn_356,mkm_341,Giorgio Ippolita,MISSING,PRON-REFLEX,MISSING,obj,MISSING,leftover_source,
796,304,many-to-one,dn_354 dn_355 dn_356,mkm_341,Ippolita,Ippolita,PRON,PRON,obj,obj,explicit_full,
797,304,many-to-one,dn_354 dn_355 dn_356,mkm_341,Ippolita,Ippolita,PRON,PRON,nmod,nmod,explicit_full,
798,304,many-to-one,dn_354 dn_355 dn_356,mkm_341,Ippolita,Ippolita,PRON,PRON,nsubj,nsubj,explicit_full,
799,304,many-to-one,dn_354 dn_355 dn_356,mkm_341,Ippolita,MISSING,PRON-REFLEX,MISSING,obj,MISSING,leftover_source,
800,304,many-to-one,dn_354 dn_355 dn_356,mkm_341,MISSING,Ippolita,MISSING,NULL,MISSING,nsubj,leftover_target,
801,305,one-to-one,dn_357,mkm_342,guardians,guardians,NULL,NULL,nsubj,nsubj,zero_zero_single,
802,306,one-to-one,dn_358,mkm_343,guardians,guardians,NULL,NULL,nsubj,nsubj,zero_zero_single,
803,307,one-to-one,dn_359,mkm_344,guardians,guardians,NOUN,NOUN,nmod,nmod,explicit_full,
804,308,one-to-one,dn_360,mkm_345,guardians,guardians,NULL,NULL,nsubj,nsubj,zero_zero_single,
805,309,one-to-many,dn_361,mkm_346 mkm_347,Giorgio Ippolita,Giorgio Ippolita,NOUN,NOUN,obj,obj,explicit_full,
806,309,one-to-many,dn_361,mkm_346 mkm_347,MISSING,Giorgio Ippolita,MISSING,PRON,MISSING,obj,leftover_target,
807,309,one-to-many,dn_361,mkm_346 mkm_347,guardians,guardians,NOUN,NOUN,obj,nmod,explicit_ref_pos,
808,309,one-to-many,dn_361,mkm_346 mkm_347,MISSING,guardians,MISSING,DET,MISSING,nmod,leftover_target,
809,310,one-to-one,dn_362,mkm_348,Giorgio Ippolita,Giorgio Ippolita,NOUN,PRON,nsubj,nsubj,explicit_ref_case,
810,310,one-to-one,dn_362,mkm_348,Giorgio Ippolita,MISSING,NULL,MISSING,nsubj,MISSING,leftover_source,
811,310,one-to-one,dn_362,mkm_348,Giorgio Ippolita,MISSING,PRON-REFLEX,MISSING,obj,MISSING,leftover_source,
812,310,one-to-one,dn_362,mkm_348,Giorgio Ippolita,MISSING,NULL,MISSING,nsubj,MISSING,leftover_source,
813,312,one-to-one,dn_364,mkm_350,guardians,guardians,NULL,NULL,nsubj,nsubj,zero_zero_single,
814,314,one-to-one,dn_366,mkm_352,Ippolita,Ippolita,PROPN,PROPN,nsubj,nsubj,explicit_full,
815,314,one-to-one,dn_366,mkm_352,MISSING,Ippolita,MISSING,NULL,MISSING,nsubj,leftover_target,
816,314,one-to-one,dn_366,mkm_352,MISSING,Ippolita,MISSING,NULL,MISSING,nsubj,leftover_target,
817,318,one-to-one,dn_371,mkm_356,Giorgio,MISSING,PRON,MISSING,obj,MISSING,leftover_source,
818,318,one-to-one,dn_371,mkm_356,Ippolita,Ippolita,PRON,NULL,nsubj,nsubj,zero_to_src_anchor,
819,319,one-to-one,dn_372,mkm_357,Giorgio,Giorgio,PROPN,PROPN,nsubj,nsubj,explicit_full,
820,320,one-to-one,dn_373,mkm_358,Ippolita,Ippolita,NULL,NULL,nsubj,nsubj,zero_zero_single,
821,321,one-to-one,dn_374,mkm_359,Ippolita,MISSING,NULL,MISSING,nsubj,MISSING,leftover_source,
822,322,one-to-one,dn_375,mkm_360,Ippolita,MISSING,NULL,MISSING,nsubj,MISSING,leftover_source,
823,323,one-to-one,dn_376,mkm_361,Giorgio,Giorgio,PRON,NULL,nsubj,nsubj,zero_to_src_anchor,
824,323,one-to-one,dn_376,mkm_361,Ippolita,Ippolita,PRON,NULL,nsubj,nsubj,zero_to_src_anchor,
825,324,one-to-one,dn_377,mkm_362,Ippolita,Ippolita,NULL,NULL,nsubj,nsubj,zero_zero_single,
826,325,one-to-one,dn_378,mkm_363,Giorgio Ippolita,Giorgio Ippolita,NULL,NULL,nsubj,nsubj,zero_zero_semantic,0.3641071368959293
827,325,one-to-one,dn_378,mkm_363,Giorgio Ippolita,Giorgio Ippolita,NULL,NOUN,nsubj,nsubj,zero_to_tgt_anchor,
828,325,one-to-one,dn_378,mkm_363,Giorgio Ippolita,Giorgio Ippolita,PRON-REFLEX,NOUN,obj,obj,reflex_obj,
829,325,one-to-one,dn_378,mkm_363,Giorgio Ippolita,MISSING,PRON-REFLEX,MISSING,obj,MISSING,leftover_source,
830,325,one-to-one,dn_378,mkm_363,MISSING,Giorgio Ippolita,MISSING,NOUN,MISSING,nmod,leftover_target,
831,326,one-to-one,dn_379,mkm_366,Giorgio,Giorgio,PRON,PROPN,nsubj,nsubj,explicit_ref_case,
832,327,one-to-one,dn_380,mkm_365,Giorgio,MISSING,PRON,MISSING,obj,MISSING,leftover_source,
833,327,one-to-one,dn_380,mkm_365,Ippolita,Ippolita,NULL,PRON,nsubj,nsubj,zero_to_tgt_anchor,
834,328,one-to-one,dn_381,mkm_364,Giorgio Ippolita,Giorgio Ippolita,PRON,NOUN,obj,nmod,explicit_ref_only,
835,328,one-to-one,dn_381,mkm_364,Giorgio Ippolita,MISSING,NULL,MISSING,nsubj,MISSING,leftover_source,
836,329,one-to-one,dn_382,mkm_368,Giorgio,Giorgio,PRON,PRON,nsubj,nsubj,explicit_full,
837,330,one-to-one,dn_383,mkm_367,MISSING,Giorgio,MISSING,NULL,MISSING,nsubj,leftover_target,
838,331,one-to-one,dn_384,mkm_370,Ippolita,Ippolita,PRON,PRON,nsubj,nsubj,explicit_full,
839,333,many-to-one,dn_386 dn_387,mkm_371,Giorgio,Giorgio,NULL,NULL,nsubj,nsubj,zero_zero_single,
840,333,many-to-one,dn_386 dn_387,mkm_371,Ippolita,Ippolita,PRON,PRON,obj,nsubj,explicit_ref_pos,
841,333,many-to-one,dn_386 dn_387,mkm_371,MISSING,Ippolita,MISSING,PRON,MISSING,nmod,leftover_target,
842,334,many-to-one,dn_388 dn_389 dn_390,mkm_372,Giorgio Ippolita,Giorgio Ippolita,NULL,NOUN,nsubj,nsubj,zero_to_tgt_anchor,
843,334,many-to-one,dn_388 dn_389 dn_390,mkm_372,Giorgio Ippolita,MISSING,PRON-REFLEX,MISSING,obj,MISSING,leftover_source,
844,334,many-to-one,dn_388 dn_389 dn_390,mkm_372,Giorgio Ippolita,MISSING,NULL,MISSING,nsubj,MISSING,leftover_source,
845,334,many-to-one,dn_388 dn_389 dn_390,mkm_372,Ippolita,Ippolita,PRON,PROPN,nsubj,nsubj,explicit_ref_case,
846,335,one-to-one,dn_391,mkm_373,Giorgio,Giorgio,PRON,PRON,nsubj,nsubj,explicit_full,
847,335,one-to-one,dn_391,mkm_373,Ippolita,Ippolita,PRON,PRON,obj,obj,explicit_full,
848,335,one-to-one,dn_391,mkm_373,Ippolita,MISSING,PRON-REFLEX,MISSING,obj,MISSING,leftover_source,
849,335,one-to-one,dn_391,mkm_373,MISSING,Ippolita,MISSING,PRON,MISSING,nsubj,leftover_target,
850,336,one-to-one,dn_392,mkm_374,Giorgio,Giorgio,PRON,PRON,obj,obj,explicit_full,
851,336,one-to-one,dn_392,mkm_374,MISSING,Giorgio,MISSING,PRON,MISSING,nsubj,leftover_target,
852,336,one-to-one,dn_392,mkm_374,Ippolita,Ippolita,PRON,PRON,nsubj,nsubj,explicit_full,
853,336,one-to-one,dn_392,mkm_374,MISSING,Ippolita,MISSING,NULL,MISSING,nsubj,leftover_target,
854,336,one-to-one,dn_392,mkm_374,MISSING,Ippolita,MISSING,PRON,MISSING,nmod,leftover_target,
855,337,one-to-many,dn_393,mkm_375 mkm_376,Giorgio,Giorgio,PRON,PRON,obj,nsubj,explicit_ref_pos,
856,337,one-to-many,dn_393,mkm_375 mkm_376,Giorgio,MISSING,NULL,MISSING,nsubj,MISSING,leftover_source,
857,337,one-to-many,dn_393,mkm_375 mkm_376,Ippolita,Ippolita,PRON,PRON,obj,obj,explicit_full,
858,337,one-to-many,dn_393,mkm_375 mkm_376,Ippolita,Ippolita,NOUN,NOUN,pred,obj,explicit_ref_pos,
859,337,one-to-many,dn_393,mkm_375 mkm_376,Ippolita,Ippolita,NOUN,NOUN,pred,nmod,explicit_ref_pos,
860,337,one-to-many,dn_393,mkm_375 mkm_376,Ippolita,Ippolita,NULL,NULL,nsubj,nsubj,zero_zero_semantic,0.4390119224689547
861,337,one-to-many,dn_393,mkm_375 mkm_376,Ippolita,Ippolita,NULL,PRON,nsubj,nsubj,zero_to_tgt_anchor,
862,337,one-to-many,dn_393,mkm_375 mkm_376,Ippolita,MISSING,NULL,MISSING,nsubj,MISSING,leftover_source,
863,337,one-to-many,dn_393,mkm_375 mkm_376,Ippolita,MISSING,PRON-REFLEX,MISSING,obj,MISSING,leftover_source,
864,337,one-to-many,dn_393,mkm_375 mkm_376,Ippolita,MISSING,NULL,MISSING,nsubj,MISSING,leftover_source,
865,338,one-to-one,dn_394,mkm_377,Giorgio,Giorgio,PRON,PRON,nsubj,nsubj,explicit_full,
866,338,one-to-one,dn_394,mkm_377,Ippolita,Ippolita,PRON,PRON,obj,obj,explicit_full,
867,339,one-to-one,dn_395,mkm_378,Ippolita,Ippolita,PRON,PRON,obj,obj,explicit_full,
868,339,one-to-one,dn_395,mkm_378,Ippolita,Ippolita,PRON,PRON,obj,obj,explicit_full,
869,339,one-to-one,dn_395,mkm_378,Ippolita,MISSING,PRON,MISSING,obj,MISSING,leftover_source,
870,340,many-to-one,dn_396 dn_397,mkm_379,Giorgio,Giorgio,PRON,PRON,obj,nmod,explicit_ref_pos,
871,340,many-to-one,dn_396 dn_397,mkm_379,Giorgio,Giorgio,PRON,PRON,obj,nmod,explicit_ref_pos,
872,341,one-to-one,dn_398,mkm_380,Giorgio Ippolita,Giorgio Ippolita,DET,PRON,nmod,nmod,explicit_ref_case,
873,341,one-to-one,dn_398,mkm_380,Giorgio Ippolita,Giorgio Ippolita,DET,PRON,nmod,nmod,explicit_ref_case,
874,341,one-to-one,dn_398,mkm_380,Giorgio Ippolita,Giorgio Ippolita,PRON,PRON,nsubj,nmod,explicit_ref_pos,
875,341,one-to-one,dn_398,mkm_380,Giorgio Ippolita,MISSING,PRON,MISSING,obj,MISSING,leftover_source,
876,341,one-to-one,dn_398,mkm_380,MISSING,Giorgio Ippolita,MISSING,NULL,MISSING,nsubj,leftover_target,
877,341,one-to-one,dn_398,mkm_380,MISSING,Giorgio Ippolita,MISSING,NULL,MISSING,nsubj,leftover_target,
878,342,one-to-one,dn_399 dn_400,mkm_381 mkm_383,Giorgio,Giorgio,PROPN,PROPN,nsubj,nsubj,explicit_full,
879,342,one-to-one,dn_399 dn_400,mkm_381 mkm_383,Giorgio,Giorgio,PRON,PRON,nsubj,nsubj,explicit_full,
880,342,one-to-one,dn_399 dn_400,mkm_381 mkm_383,Giorgio,MISSING,PRON,MISSING,obj,MISSING,leftover_source,
881,342,one-to-one,dn_399 dn_400,mkm_381 mkm_383,Giorgio,MISSING,PRON-REFLEX,MISSING,obj,MISSING,leftover_source,
882,342,one-to-one,dn_399 dn_400,mkm_381 mkm_383,butler,butler,NOUN,NOUN,nsubj,nsubj,explicit_full,
883,343,one-to-one,dn_401,mkm_382,Giorgio,Giorgio,NULL,PRON,nsubj,nsubj,zero_to_tgt_anchor,
884,344,one-to-one,dn_402,mkm_384,Giorgio,MISSING,PRON,MISSING,obj,MISSING,leftover_source,
885,344,one-to-one,dn_402,mkm_384,butler,butler,NULL,NULL,nsubj,nsubj,zero_zero_single,
886,345,one-to-one,dn_403,mkm_385,AlfonsoExili,AlfonsoExili,NOUN,NOUN,nmod,nmod,explicit_full,
887,345,one-to-one,dn_403,mkm_385,Giorgio,MISSING,NULL,MISSING,nsubj,MISSING,leftover_source,
888,346,many-to-one,dn_404 dn_405,mkm_386,AlfonsoExili,AlfonsoExili,NULL,NULL,nsubj,nsubj,zero_zero_semantic,0.37739228514524603
889,346,many-to-one,dn_404 dn_405,mkm_386,AlfonsoExili,MISSING,NULL,MISSING,nsubj,MISSING,leftover_source,
890,346,many-to-one,dn_404 dn_405,mkm_386,Giorgio,Giorgio,PROPN,PROPN,vocative,vocative,explicit_full,
891,346,many-to-one,dn_404 dn_405,mkm_386,Giorgio,Giorgio,PRON,PRON,obj,obj,explicit_full,
892,346,many-to-one,dn_404 dn_405,mkm_386,Giorgio,MISSING,NULL,MISSING,nsubj,MISSING,leftover_source,
893,347,one-to-one,dn_406,mkm_387,AlfonsoExili,AlfonsoExili,PROPN,DET,nmod,nmod,explicit_ref_case,
894,347,one-to-one,dn_406,mkm_387,MISSING,AlfonsoExili,MISSING,PROPN,MISSING,nsubj,leftover_target,
895,347,one-to-one,dn_406,mkm_387,Giorgio,Giorgio,DET,PRON,nmod,nmod,explicit_ref_case,
896,347,one-to-one,dn_406,mkm_387,Giorgio,Giorgio,NULL,NULL,nsubj,nsubj,zero_zero_single,
897,347,one-to-one,dn_406,mkm_387,MISSING,Giorgio,MISSING,PRON,MISSING,nsubj,leftover_target,
898,348,one-to-one,dn_407,mkm_388,AlfonsoExili,AlfonsoExili,PROPN,PROPN,nsubj,nsubj,explicit_full,
899,348,one-to-one,dn_407,mkm_388,AlfonsoExili,AlfonsoExili,NOUN,NOUN,pred,pred,explicit_full,
900,348,one-to-one,dn_407,mkm_388,AlfonsoExili,AlfonsoExili,NOUN,NOUN,pred,pred,explicit_full,
901,348,one-to-one,dn_407,mkm_388,AlfonsoExili,MISSING,PRON-REFLEX,MISSING,obj,MISSING,leftover_source,
902,348,one-to-one,dn_407,mkm_388,AlfonsoExili,MISSING,NOUN,MISSING,pred,MISSING,leftover_source,
903,348,one-to-one,dn_407,mkm_388,MISSING,AlfonsoExili,MISSING,NULL,MISSING,nsubj,leftover_target,
904,348,one-to-one,dn_407,mkm_388,MISSING,AlfonsoExili,MISSING,NULL,MISSING,nsubj,leftover_target,
905,348,one-to-one,dn_407,mkm_388,MISSING,AlfonsoExili,MISSING,NULL,MISSING,nsubj,leftover_target,
906,348,one-to-one,dn_407,mkm_388,MISSING,AlfonsoExili,MISSING,NULL,MISSING,nsubj,leftover_target,
907,348,one-to-one,dn_407,mkm_388,Giorgio,Giorgio,DET,PRON,nmod,nmod,explicit_ref_case,
908,349,one-to-many,dn_408,mkm_389 mkm_390,AlfonsoExili,AlfonsoExili,PRON,PRON,nsubj,nsubj,explicit_full,
909,349,one-to-many,dn_408,mkm_389 mkm_390,AlfonsoExili,AlfonsoExili,DET,PRON,nmod,nmod,explicit_ref_case,
910,349,one-to-many,dn_408,mkm_389 mkm_390,AlfonsoExili,AlfonsoExili,DET,PRON,nmod,nmod,explicit_ref_case,
911,349,one-to-many,dn_408,mkm_389 mkm_390,AlfonsoExili,AlfonsoExili,NULL,NULL,nsubj,nsubj,zero_zero_single,
912,349,one-to-many,dn_408,mkm_389 mkm_390,AlfonsoExili,MISSING,NOUN,MISSING,pred,MISSING,leftover_source,
913,349,one-to-many,dn_408,mkm_389 mkm_390,AlfonsoExili,MISSING,DET,MISSING,nmod,MISSING,leftover_source,
914,350,one-to-one,dn_409,mkm_391,AlfonsoExili,AlfonsoExili,NULL,NULL,nsubj,nsubj,zero_zero_semantic,0.440175982085374
915,350,one-to-one,dn_409,mkm_391,AlfonsoExili,AlfonsoExili,NULL,NULL,nsubj,nsubj,zero_zero_semantic,0.6491027262461843
916,350,one-to-one,dn_409,mkm_391,AlfonsoExili,AlfonsoExili,NULL,PRON,nsubj,nsubj,zero_to_tgt_anchor,
917,350,one-to-one,dn_409,mkm_391,AlfonsoExili,MISSING,NULL,MISSING,nsubj,MISSING,leftover_source,
918,350,one-to-one,dn_409,mkm_391,AlfonsoExili,MISSING,PRON-REFLEX,MISSING,obj,MISSING,leftover_source,
919,350,one-to-one,dn_409,mkm_391,butler,butler,NOUN,NOUN,nsubj,nsubj,explicit_full,
920,351,one-to-one,dn_410,mkm_392,AlfonsoExili,MISSING,NULL,MISSING,nsubj,MISSING,leftover_source,
921,351,one-to-one,dn_410,mkm_392,Giorgio,Giorgio,PROPN,PROPN,vocative,vocative,explicit_full,
922,351,one-to-one,dn_410,mkm_392,Giorgio,Giorgio,PRON,PRON,obj,nmod,explicit_ref_pos,
923,351,one-to-one,dn_410,mkm_392,MISSING,Giorgio,MISSING,NULL,MISSING,nsubj,leftover_target,
924,351,one-to-one,dn_410,mkm_392,MISSING,Giorgio,MISSING,NULL,MISSING,nsubj,leftover_target,
925,352,many-to-one,dn_411 dn_412,mkm_393,AlfonsoExili,AlfonsoExili,NULL,NULL,nsubj,nsubj,zero_zero_single,
926,352,many-to-one,dn_411 dn_412,mkm_393,AlfonsoExili,MISSING,PRON,MISSING,obj,MISSING,leftover_source,
927,352,many-to-one,dn_411 dn_412,mkm_393,Giorgio,Giorgio,NULL,NULL,nsubj,nsubj,zero_zero_single,
928,353,many-to-one,dn_413 dn_414 dn_415,mkm_394,Giorgio,MISSING,PROPN,MISSING,vocative,MISSING,leftover_source,
929,354,one-to-one,dn_416,mkm_395,AlfonsoExili,AlfonsoExili,PRON,PRON,nsubj,nsubj,explicit_full,
930,354,one-to-one,dn_416,mkm_395,AlfonsoExili,MISSING,DET,MISSING,nmod,MISSING,leftover_source,
931,355,one-to-many,dn_417,mkm_397 mkm_398,AlfonsoExili,AlfonsoExili,PRON,PRON,obj,obj,explicit_full,
932,355,one-to-many,dn_417,mkm_397 mkm_398,AlfonsoExili,AlfonsoExili,NOUN,NOUN,obj,obj,explicit_full,
933,355,one-to-many,dn_417,mkm_397 mkm_398,AlfonsoExili,MISSING,PRON,MISSING,obj,MISSING,leftover_source,
934,355,one-to-many,dn_417,mkm_397 mkm_398,AlfonsoExili,MISSING,PRON,MISSING,obj,MISSING,leftover_source,
935,355,one-to-many,dn_417,mkm_397 mkm_398,Giorgio,Giorgio,PROPN,PROPN,nsubj,nsubj,explicit_full,
936,355,one-to-many,dn_417,mkm_397 mkm_398,Giorgio,Giorgio,PRON,PRON,nsubj,nsubj,explicit_full,
937,355,one-to-many,dn_417,mkm_397 mkm_398,Giorgio,Giorgio,NULL,NULL,nsubj,nsubj,zero_zero_semantic,0.2507665255029135
938,355,one-to-many,dn_417,mkm_397 mkm_398,Giorgio,MISSING,PRON-REFLEX,MISSING,obj,MISSING,leftover_source,
939,355,one-to-many,dn_417,mkm_397 mkm_398,MISSING,Giorgio,MISSING,NULL,MISSING,nsubj,leftover_target,
940,356,one-to-one,dn_418,mkm_396,AlfonsoExili,MISSING,NULL,MISSING,nsubj,MISSING,leftover_source,
941,356,one-to-one,dn_418,mkm_396,Giorgio,MISSING,PRON,MISSING,obj,MISSING,leftover_source,
942,356,one-to-one,dn_418,mkm_396,MISSING,Giorgio,MISSING,NULL,MISSING,nsubj,leftover_target,
943,357,one-to-one,dn_419,mkm_399,AlfonsoExili,AlfonsoExili,PROPN,PROPN,nsubj,nsubj,explicit_full,
944,358,one-to-one,dn_420,mkm_400,Giorgio,Giorgio,NULL,NULL,nsubj,nsubj,zero_zero_single,
945,359,one-to-one,dn_421,mkm_401,AlfonsoExili,AlfonsoExili,NULL,PRON,nsubj,nsubj,zero_to_tgt_anchor,
946,360,one-to-many,dn_422,mkm_402 mkm_403,AlfonsoExili,MISSING,PRON,MISSING,obj,MISSING,leftover_source,
947,360,one-to-many,dn_422,mkm_402 mkm_403,Giorgio,Giorgio,NULL,NULL,nsubj,nsubj,zero_zero_single,
948,361,one-to-one,dn_423,mkm_404,AlfonsoExili,AlfonsoExili,NULL,NULL,nsubj,nsubj,zero_zero_semantic,0.2999210794766744
949,361,one-to-one,dn_423,mkm_404,AlfonsoExili,MISSING,DET,MISSING,nmod,MISSING,leftover_source,
950,361,one-to-one,dn_423,mkm_404,MISSING,AlfonsoExili,MISSING,NULL,MISSING,nsubj,leftover_target,
951,361,one-to-one,dn_423,mkm_404,Giorgio,MISSING,PRON,MISSING,obj,MISSING,leftover_source,
952,362,one-to-one,dn_424,mkm_405,Giorgio,Giorgio,PROPN,PROPN,nsubj,nsubj,explicit_full,
953,363,many-to-one,dn_425 dn_426,mkm_406,Giorgio,Giorgio,NULL,NULL,nsubj,nsubj,zero_zero_semantic,0.315536367893219
954,363,many-to-one,dn_425 dn_426,mkm_406,MISSING,Giorgio,MISSING,NULL,MISSING,nsubj,leftover_target,
955,363,many-to-one,dn_425 dn_426,mkm_406,butler,butler,NOUN,NOUN,obj,obj,explicit_full,
956,363,many-to-one,dn_425 dn_426,mkm_406,butler,MISSING,NOUN,MISSING,nsubj,MISSING,leftover_source,
957,364,one-to-many,dn_427,mkm_407 mkm_409,butler,butler,NULL,NULL,nsubj,nsubj,zero_zero_single,
958,365,one-to-one,dn_428,mkm_410,butler,butler,NOUN,NOUN,nsubj,nsubj,explicit_full,
959,366,many-to-one,dn_429 dn_430 dn_432,mkm_411,Giorgio,MISSING,PRON,MISSING,obj,MISSING,leftover_source,
960,366,many-to-one,dn_429 dn_430 dn_432,mkm_411,butler,butler,NULL,NULL,nsubj,nsubj,zero_zero_semantic,0.19573870514120373
961,366,many-to-one,dn_429 dn_430 dn_432,mkm_411,butler,butler,NULL,NULL,nsubj,nsubj,zero_zero_semantic,0.4520036994950222
962,366,many-to-one,dn_429 dn_430 dn_432,mkm_411,butler,butler,NULL,NULL,nsubj,nsubj,zero_zero_semantic,0.08390130630688372
963,367,one-to-one,dn_433,mkm_412,AlfonsoExili,AlfonsoExili,PROPN,PROPN,nsubj,nsubj,explicit_full,
964,367,one-to-one,dn_433,mkm_412,butler,butler,NOUN,PRON,nsubj,nsubj,explicit_ref_case,
965,368,one-to-one,dn_434,mkm_413,AlfonsoExili,MISSING,PRON,MISSING,obj,MISSING,leftover_source,
966,368,one-to-one,dn_434,mkm_413,Giorgio,Giorgio,NULL,NULL,nsubj,nsubj,zero_zero_single,
967,370,many-to-one,dn_436 dn_437,mkm_415,AlfonsoExili,MISSING,NULL,MISSING,nsubj,MISSING,leftover_source,
968,370,many-to-one,dn_436 dn_437,mkm_415,MISSING,AlfonsoExili,MISSING,PRON,MISSING,nmod,leftover_target,
969,370,many-to-one,dn_436 dn_437,mkm_415,MISSING,Giorgio,MISSING,NULL,MISSING,nsubj,leftover_target,
970,371,one-to-one,dn_438,mkm_416,AlfonsoExili,AlfonsoExili,NULL,NULL,nsubj,nsubj,zero_zero_single,
971,372,one-to-one,dn_439,mkm_417,AlfonsoExili,MISSING,PRON,MISSING,obj,MISSING,leftover_source,
972,372,one-to-one,dn_439,mkm_417,Giorgio,Giorgio,PROPN,PRON,nsubj,nsubj,explicit_ref_case,
973,372,one-to-one,dn_439,mkm_417,Giorgio,Giorgio,NULL,NULL,nsubj,nsubj,zero_zero_single,
974,373,one-to-one,dn_440,mkm_418,AlfonsoExili,AlfonsoExili,PROPN,PROPN,nsubj,nsubj,explicit_full,
975,373,one-to-one,dn_440,mkm_418,MISSING,AlfonsoExili,MISSING,NULL,MISSING,nsubj,leftover_target,
976,373,one-to-one,dn_440,mkm_418,MISSING,AlfonsoExili,MISSING,NULL,MISSING,nsubj,leftover_target,
977,374,one-to-one,dn_441,mkm_419,AlfonsoExili,AlfonsoExili,NULL,PRON,nsubj,nsubj,zero_to_tgt_anchor,
978,375,one-to-one,dn_442,mkm_420,Giorgio,Giorgio,PRON,PRON,nsubj,nsubj,explicit_full,
979,376,one-to-one,dn_443,mkm_421,AlfonsoExili,AlfonsoExili,NULL,PRON,nsubj,nsubj,zero_to_tgt_anchor,
980,376,one-to-one,dn_443,mkm_421,AlfonsoExili,MISSING,PRON-REFLEX,MISSING,obj,MISSING,leftover_source,
981,377,one-to-one,dn_444,mkm_422,Giorgio,MISSING,PRON,MISSING,nsubj,MISSING,leftover_source,
982,378,one-to-one,dn_445,mkm_423,AlfonsoExili,AlfonsoExili,NULL,NULL,nsubj,nsubj,zero_zero_semantic,0.6596207581265605
983,378,one-to-one,dn_445,mkm_423,AlfonsoExili,AlfonsoExili,NULL,NULL,nsubj,nsubj,zero_zero_semantic,0.19925679906063806
984,378,one-to-one,dn_445,mkm_423,AlfonsoExili,AlfonsoExili,NULL,NULL,nsubj,nsubj,zero_zero_semantic,0.44799718192343585
985,378,one-to-one,dn_445,mkm_423,AlfonsoExili,MISSING,PRON-REFLEX,MISSING,obj,MISSING,leftover_source,
986,378,one-to-one,dn_445,mkm_423,AlfonsoExili,MISSING,PRON-REFLEX,MISSING,obj,MISSING,leftover_source,
987,378,one-to-one,dn_445,mkm_423,AlfonsoExili,MISSING,PRON-REFLEX,MISSING,obj,MISSING,leftover_source,
988,378,one-to-one,dn_445,mkm_423,MISSING,AlfonsoExili,MISSING,PRON,MISSING,nsubj,leftover_target,
989,379,one-to-one,dn_446,mkm_424,Giorgio,MISSING,DET,MISSING,nmod,MISSING,leftover_source,
990,379,one-to-one,dn_446,mkm_424,MISSING,Ippolita,MISSING,NOUN,MISSING,nsubj,leftover_target,
991,380,one-to-one,dn_447,mkm_425,Ippolita,Ippolita,PRON,PRON,nsubj,nsubj,explicit_full,
992,380,one-to-one,dn_447,mkm_425,Ippolita,MISSING,NULL,MISSING,nsubj,MISSING,leftover_source,
993,381,many-to-one,dn_448 dn_449,mkm_426,AlfonsoExili,AlfonsoExili,PROPN,PRON,vocative,vocative,explicit_ref_case,
994,381,many-to-one,dn_448 dn_449,mkm_426,AlfonsoExili,AlfonsoExili,NULL,NULL,nsubj,nsubj,zero_zero_single,
995,381,many-to-one,dn_448 dn_449,mkm_426,Giorgio,Giorgio,NULL,PRON,nsubj,nsubj,zero_to_tgt_anchor,
996,382,one-to-one,dn_450,mkm_427,Ippolita,Ippolita,PRON,PRON,vocative,nsubj,explicit_ref_pos,
997,383,one-to-one,dn_451,mkm_428,MISSING,Ippolita,MISSING,DET,MISSING,nmod,leftover_target,
998,384,one-to-one,dn_452,mkm_429,Ippolita,Ippolita,NULL,NULL,nsubj,nsubj,zero_zero_single,
999,385,one-to-one,dn_453,mkm_430,AlfonsoExili,AlfonsoExili,NULL,NULL,nsubj,nsubj,zero_zero_single,
1000,385,one-to-one,dn_453,mkm_430,Ippolita,MISSING,PRON,MISSING,obj,MISSING,leftover_source,
1001,386,one-to-one,dn_454,mkm_431,Ippolita,Ippolita,NULL,NULL,nsubj,nsubj,zero_zero_single,
1002,387,one-to-one,dn_455,mkm_432,AlfonsoExili,MISSING,PRON,MISSING,obj,MISSING,leftover_source,
1003,387,one-to-one,dn_455,mkm_432,MISSING,AlfonsoExili,MISSING,NULL,MISSING,nsubj,leftover_target,
1004,387,one-to-one,dn_455,mkm_432,Ippolita,MISSING,NULL,MISSING,nsubj,MISSING,leftover_source,
1005,387,one-to-one,dn_455,mkm_432,Ippolitas-sister,Ippolitas-sister,NOUN,NOUN,obj,nsubj,explicit_ref_pos,
1006,388,one-to-one,dn_456,mkm_433,AlfonsoExili,AlfonsoExili,PRON,PRON,nsubj,nsubj,explicit_full,
1007,388,one-to-one,dn_456,mkm_433,AlfonsoExili,AlfonsoExili,NULL,NULL,nsubj,nsubj,zero_zero_single,
1008,388,one-to-one,dn_456,mkm_433,AlfonsoExili,MISSING,PRON-REFLEX,MISSING,obj,MISSING,leftover_source,
1009,389,one-to-one,dn_457,mkm_434,AlfonsoExili,AlfonsoExili,NULL,NULL,nsubj,nsubj,zero_zero_single,
1010,389,one-to-one,dn_457,mkm_434,MISSING,AlfonsoExili,MISSING,PRON,MISSING,nsubj,leftover_target,
1011,390,one-to-one,dn_458,mkm_435,Ippolita,Ippolita,NULL,NULL,nsubj,nsubj,zero_zero_single,
1012,390,one-to-one,dn_458,mkm_435,Ippolitas-husband,Ippolitas-husband,NOUN,NOUN,obj,obj,explicit_full,
1013,391,one-to-one,dn_459,mkm_436,AlfonsoExili,MISSING,NULL,MISSING,nsubj,MISSING,leftover_source,
1014,391,one-to-one,dn_459,mkm_436,Ippolita,MISSING,NULL,MISSING,nsubj,MISSING,leftover_source,
1015,392,one-to-one,dn_460,mkm_437,Ippolita,Ippolita,NULL,NULL,nsubj,nsubj,zero_zero_single,
1016,393,one-to-one,dn_461,mkm_438,AlfonsoExili,AlfonsoExili,NULL,PRON,nsubj,nsubj,zero_to_tgt_anchor,
1017,393,one-to-one,dn_461,mkm_438,Ippolita,Ippolita,PRON,NOUN,obj,obj,explicit_ref_case,
1018,394,one-to-one,dn_462,mkm_439,Giorgio,Giorgio,DET,PRON,nmod,nmod,explicit_ref_case,
1019,394,one-to-one,dn_462,mkm_439,Giorgio,Giorgio,NULL,NULL,nsubj,nsubj,zero_zero_single,
1020,394,one-to-one,dn_462,mkm_439,MISSING,Monti,MISSING,NOUN,MISSING,obj,leftover_target,
1021,395,one-to-one,dn_463,mkm_440,Monti,Monti,PROPN,NOUN,vocative,pred,explicit_ref_only,
1022,395,one-to-one,dn_463,mkm_440,MISSING,Monti,MISSING,NULL,MISSING,nsubj,leftover_target,
1023,396,many-to-one,dn_464 dn_465,mkm_441,Giorgio,Giorgio,PRON,NULL,nsubj,nsubj,zero_to_src_anchor,
1024,396,many-to-one,dn_464 dn_465,mkm_441,Monti,Monti,NOUN,NOUN,pred,pred,explicit_full,
1025,396,many-to-one,dn_464 dn_465,mkm_441,Monti,Monti,NOUN,NOUN,pred,pred,explicit_full,
1026,396,many-to-one,dn_464 dn_465,mkm_441,Monti,MISSING,PRON,MISSING,obj,MISSING,leftover_source,
1027,397,one-to-one,dn_466,mkm_442,MISSING,AlfonsoExili,MISSING,PRON,MISSING,nsubj,leftover_target,
1028,397,one-to-one,dn_466,mkm_442,Ippolita,Ippolita,PRON,NOUN,obj,nmod,explicit_ref_only,
1029,397,one-to-one,dn_466,mkm_442,Monti,Monti,NULL,PRON,nsubj,nsubj,zero_to_tgt_anchor,
1030,398,many-to-one,dn_467 dn_468,mkm_443,Giorgio,MISSING,PRON,MISSING,nsubj,MISSING,leftover_source,
1031,399,one-to-one,dn_469,mkm_444,Monti,Monti,PROPN,PROPN,nsubj,nsubj,explicit_full,
1032,400,one-to-many,dn_470,mkm_445 mkm_446,AlfonsoExili,MISSING,NULL,MISSING,nsubj,MISSING,leftover_source,
1033,401,one-to-one,dn_471,mkm_447,AlfonsoExili,AlfonsoExili,NULL,PRON,nsubj,nsubj,zero_to_tgt_anchor,
1034,402,one-to-one,dn_472,mkm_448,Giorgio,Giorgio,PROPN,PROPN,vocative,vocative,explicit_full,
1035,402,one-to-one,dn_472,mkm_448,Giorgio,Giorgio,NULL,NULL,nsubj,nsubj,zero_zero_single,
1036,403,one-to-one,dn_473 dn_474,mkm_449 mkm_450,AlfonsoExili,AlfonsoExili,PROPN,PROPN,nsubj,obj,explicit_ref_pos,
1037,403,one-to-one,dn_473 dn_474,mkm_449 mkm_450,Giorgio,Giorgio,PRON,PRON,nsubj,nsubj,explicit_full,
1038,403,one-to-one,dn_473 dn_474,mkm_449 mkm_450,Giorgio,Giorgio,PROPN,PRON,nsubj,nsubj,explicit_ref_case,
1039,403,one-to-one,dn_473 dn_474,mkm_449 mkm_450,Giorgio,Giorgio,NULL,NULL,nsubj,nsubj,zero_zero_single,
1040,403,one-to-one,dn_473 dn_474,mkm_449 mkm_450,MISSING,Giorgio,MISSING,PRON,MISSING,nmod,leftover_target,
1041,404,one-to-one,dn_475,mkm_451,Giorgio,Giorgio,PROPN,PROPN,vocative,vocative,explicit_full,
1042,405,one-to-one,dn_476,mkm_452,Giorgio,Giorgio,PRON,PRON,nsubj,nsubj,explicit_full,
1043,405,one-to-one,dn_476,mkm_452,Giorgio,MISSING,PRON-REFLEX,MISSING,obj,MISSING,leftover_source,
1044,405,one-to-one,dn_476,mkm_452,MISSING,Giorgio,MISSING,NULL,MISSING,nsubj,leftover_target,
1045,407,one-to-one,dn_478,mkm_454,AlfonsoExili,AlfonsoExili,NULL,PRON,nsubj,nsubj,zero_to_tgt_anchor,
1046,408,one-to-one,dn_479,mkm_455,AlfonsoExili,AlfonsoExili,NULL,NULL,nsubj,nsubj,zero_zero_single,
1047,408,one-to-one,dn_479,mkm_455,AlfonsoExili,MISSING,PRON,MISSING,obj,MISSING,leftover_source,
1048,409,one-to-one,dn_480,mkm_456,AlfonsoExili,AlfonsoExili,NULL,NULL,nsubj,nsubj,zero_zero_single,
1049,409,one-to-one,dn_480,mkm_456,AlfonsoExili,MISSING,PRON,MISSING,obj,MISSING,leftover_source,
1050,410,one-to-one,dn_481,mkm_457,AlfonsoExili,AlfonsoExili,PROPN,PROPN,nsubj,nsubj,explicit_full,
1051,410,one-to-one,dn_481,mkm_457,AlfonsoExili,MISSING,PRON-REFLEX,MISSING,obj,MISSING,leftover_source,
1052,410,one-to-one,dn_481,mkm_457,MISSING,AlfonsoExili,MISSING,NULL,MISSING,nsubj,leftover_target,
1053,411,many-to-one,dn_482 dn_483,mkm_458,Giorgio,Giorgio,NULL,NULL,nsubj,nsubj,zero_zero_single,
1054,412,one-to-one,dn_484,mkm_459,AlfonsoExili,AlfonsoExili,NULL,NULL,nsubj,nsubj,zero_zero_semantic,0.30989018171927807
1055,412,one-to-one,dn_484,mkm_459,AlfonsoExili,AlfonsoExili,NULL,NULL,nsubj,nsubj,zero_zero_semantic,0.3209307702573258
1056,412,one-to-one,dn_484,mkm_459,AlfonsoExili,AlfonsoExili,NULL,NULL,nsubj,nsubj,zero_zero_semantic,0.24566836361520983
1057,412,one-to-one,dn_484,mkm_459,AlfonsoExili,MISSING,PRON-REFLEX,MISSING,obj,MISSING,leftover_source,
1058,412,one-to-one,dn_484,mkm_459,MISSING,AlfonsoExili,MISSING,PRON,MISSING,nsubj,leftover_target,
1059,414,one-to-one,dn_486,mkm_461,AlfonsoExili,AlfonsoExili,DET,PRON,nmod,nsubj,explicit_ref_only,
1060,414,one-to-one,dn_486,mkm_461,AlfonsoExili,MISSING,NULL,MISSING,nsubj,MISSING,leftover_source,
1061,416,one-to-one,dn_488,mkm_464,AlfonsoExili,AlfonsoExili,NULL,PRON,nsubj,nsubj,zero_to_tgt_anchor,
1062,416,one-to-one,dn_488,mkm_464,Giorgio,Giorgio,PROPN,PROPN,nsubj,nsubj,explicit_full,
1063,416,one-to-one,dn_488,mkm_464,Giorgio,MISSING,DET,MISSING,nmod,MISSING,leftover_source,
1064,417,one-to-one,dn_489,mkm_465,AlfonsoExili,AlfonsoExili,NOUN,NOUN,nsubj,nsubj,explicit_full,
1065,417,one-to-one,dn_489,mkm_465,AlfonsoExili,MISSING,PRON-REFLEX,MISSING,obj,MISSING,leftover_source,
1066,418,one-to-one,dn_490,mkm_466,Giorgio,MISSING,PRON,MISSING,nsubj,MISSING,leftover_source,
1067,419,one-to-one,dn_491,mkm_467,AlfonsoExili,AlfonsoExili,NULL,NULL,nsubj,nsubj,zero_zero_single,
1068,420,one-to-one,dn_492,mkm_468,AlfonsoExili,AlfonsoExili,NULL,NULL,nsubj,nsubj,zero_zero_semantic,0.5977926639759022
1069,420,one-to-one,dn_492,mkm_468,AlfonsoExili,AlfonsoExili,NULL,NULL,nsubj,nsubj,zero_zero_semantic,0.3485951403838507
1070,420,one-to-one,dn_492,mkm_468,MISSING,AlfonsoExili,MISSING,PRON,MISSING,nsubj,leftover_target,
1071,420,one-to-one,dn_492,mkm_468,Giorgio,Giorgio,PROPN,PROPN,obj,obj,explicit_full,
1072,422,one-to-one,dn_494,mkm_470,MISSING,Giorgio Ippolita,MISSING,PRON,MISSING,nsubj,leftover_target,
1073,423,one-to-one,dn_495,mkm_471,Ippolita,Ippolita,PROPN,PROPN,nsubj,nsubj,explicit_full,
1074,424,one-to-one,dn_496,mkm_472,Giorgio Ippolita,Giorgio Ippolita,PRON,PRON,nsubj,nsubj,explicit_full,
1075,424,one-to-one,dn_496,mkm_472,MISSING,Giorgio Ippolita,MISSING,NOUN,MISSING,obj,leftover_target,
1076,425,one-to-one,dn_498,mkm_473,Ippolita,Ippolita,NULL,NULL,nsubj,nsubj,zero_zero_single,
1077,425,one-to-one,dn_498,mkm_473,Ippolita,MISSING,PRON-REFLEX,MISSING,obj,MISSING,leftover_source,
1078,426,one-to-one,dn_497,mkm_474,Giorgio,Giorgio,PROPN,PROPN,nsubj,nsubj,explicit_full,
1079,427,one-to-one,dn_499,mkm_475,Ippolita,Ippolita,NULL,NULL,nsubj,nsubj,zero_zero_single,
1080,427,one-to-one,dn_499,mkm_475,Ippolita,MISSING,PRON-REFLEX,MISSING,obj,MISSING,leftover_source,
1081,429,one-to-one,dn_501,mkm_477,Giorgio,Giorgio,PRON,PRON,obj,nmod,explicit_ref_pos,
1082,429,one-to-one,dn_501,mkm_477,Ippolita,Ippolita,PRON,PRON,nsubj,nsubj,explicit_full,
1083,430,one-to-one,dn_502,mkm_478,Giorgio,Giorgio,PRON,PRON,obj,nsubj,explicit_ref_pos,
1084,430,one-to-one,dn_502,mkm_478,Ippolita,Ippolita,PRON,PRON,nsubj,nsubj,explicit_full,
1085,430,one-to-one,dn_502,mkm_478,Ippolita,Ippolita,NULL,NULL,nsubj,nsubj,zero_zero_single,
1086,430,one-to-one,dn_502,mkm_478,Ippolita,MISSING,PRON,MISSING,obj,MISSING,leftover_source,
1087,431,one-to-one,dn_503,mkm_479,Ippolita,Ippolita,NULL,PRON,nsubj,nsubj,zero_to_tgt_anchor,
1088,432,one-to-one,dn_504,mkm_480,Ippolita,Ippolita,NULL,PRON,nsubj,nsubj,zero_to_tgt_anchor,
1089,433,one-to-one,dn_505,mkm_481,Ippolita,Ippolita,NULL,NULL,nsubj,nsubj,zero_zero_single,
1090,434,many-to-one,dn_506 dn_507,mkm_482,Giorgio,MISSING,PRON,MISSING,nsubj,MISSING,leftover_source,
1091,434,many-to-one,dn_506 dn_507,mkm_482,Ippolita,MISSING,PRON,MISSING,obj,MISSING,leftover_source,
1092,434,many-to-one,dn_506 dn_507,mkm_482,Ippolitas-family,MISSING,NULL,MISSING,nsubj,MISSING,leftover_source,
1093,435,one-to-one,dn_508,mkm_483,Giorgio,MISSING,PRON,MISSING,obj,MISSING,leftover_source,
1094,435,one-to-one,dn_508,mkm_483,Ippolita,Ippolita,NULL,PRON,nsubj,nsubj,zero_to_tgt_anchor,
1095,436,one-to-one,dn_509,mkm_484,Ippolita Ippolitas-family,MISSING,NULL,MISSING,nsubj,MISSING,leftover_source,
1096,437,one-to-one,dn_510,mkm_485,Giorgio Ippolita,Giorgio Ippolita,NULL,NOUN,nsubj,nsubj,zero_to_tgt_anchor,
1097,437,one-to-one,dn_510,mkm_485,Giorgio Ippolita,MISSING,PRON-REFLEX,MISSING,obj,MISSING,leftover_source,
1098,441,one-to-one,dn_514,mkm_489,Giorgio,MISSING,DET,MISSING,nmod,MISSING,leftover_source,
1099,441,one-to-one,dn_514,mkm_489,MISSING,Ippolita,MISSING,PRON,MISSING,nmod,leftover_target,
1100,442,one-to-one,dn_515,mkm_490,Giorgio,Giorgio,PRON,PRON,nsubj,nsubj,explicit_full,
1101,442,one-to-one,dn_515,mkm_490,Giorgio,Giorgio,NULL,PRON,nsubj,nsubj,zero_to_tgt_anchor,
1102,442,one-to-one,dn_515,mkm_490,Giorgio,MISSING,NULL,MISSING,nsubj,MISSING,leftover_source,
1103,443,many-to-one,dn_516 dn_517,mkm_491,Giorgio,Giorgio,NULL,NULL,nsubj,nsubj,zero_zero_semantic,0.22346604934760503
1104,443,many-to-one,dn_516 dn_517,mkm_491,Giorgio,Giorgio,NULL,PRON,nsubj,nsubj,zero_to_tgt_anchor,
1105,443,many-to-one,dn_516 dn_517,mkm_491,Giorgio,MISSING,PRON-REFLEX,MISSING,obj,MISSING,leftover_source,
1106,443,many-to-one,dn_516 dn_517,mkm_491,Giorgio,MISSING,NULL,MISSING,nsubj,MISSING,leftover_source,
1107,443,many-to-one,dn_516 dn_517,mkm_491,Ippolita,Ippolita,PRON,PRON,obj,obj,explicit_full,
1108,443,many-to-one,dn_516 dn_517,mkm_491,Ippolita,MISSING,PRON,MISSING,obj,MISSING,leftover_source,
1109,444,one-to-one,dn_518,mkm_492,Giorgio,Giorgio,NULL,NULL,nsubj,nsubj,zero_zero_single,
1110,444,one-to-one,dn_518,mkm_492,Giorgio,MISSING,PRON-REFLEX,MISSING,obj,MISSING,leftover_source,
1111,445,one-to-one,dn_519,mkm_493,Ippolita,Ippolita,NULL,NULL,nsubj,nsubj,zero_zero_semantic,0.1924824498086878
1112,445,one-to-one,dn_519,mkm_493,Ippolita,Ippolita,NULL,NULL,nsubj,nsubj,zero_zero_semantic,0.5675600185317268
1113,445,one-to-one,dn_519,mkm_493,Ippolita,MISSING,PRON-REFLEX,MISSING,obj,MISSING,leftover_source,
1114,446,one-to-one,dn_520,mkm_494,Ippolita,Ippolita,PRON,PRON,nsubj,nsubj,explicit_full,
1115,447,many-to-one,dn_523 dn_524,mkm_495,Ippolita,Ippolita,NULL,NULL,nsubj,nsubj,zero_zero_semantic,0.3509495552273422
1116,447,many-to-one,dn_523 dn_524,mkm_495,Ippolita,Ippolita,NULL,PRON,nsubj,nsubj,zero_to_tgt_anchor,
1117,447,many-to-one,dn_523 dn_524,mkm_495,Ippolita,Ippolita,NULL,PRON,nsubj,nsubj,zero_to_tgt_anchor,
1118,447,many-to-one,dn_523 dn_524,mkm_495,Ippolita,MISSING,NULL,MISSING,nsubj,MISSING,leftover_source,
1119,450,one-to-one,dn_527,mkm_498,Giorgio,Giorgio,PRON,PRON,nsubj,nsubj,explicit_full,
1120,450,one-to-one,dn_527,mkm_498,Giorgio,MISSING,DET,MISSING,nmod,MISSING,leftover_source,
1121,450,one-to-one,dn_527,mkm_498,Giorgio Ippolita,Giorgio Ippolita,NULL,PRON,nsubj,nsubj,zero_to_tgt_anchor,
1122,451,one-to-one,dn_528,mkm_499,Giorgio,Giorgio,PRON,PRON,nsubj,nsubj,explicit_full,
1123,452,one-to-one,dn_529,mkm_500,Ippolita,Ippolita,PRON,PRON,nsubj,nsubj,explicit_full,
1124,453,one-to-one,dn_530,mkm_502,Giorgio,Giorgio,PROPN,PROPN,nsubj,nsubj,explicit_full,
1125,455,one-to-one,dn_532,mkm_504,Giorgio,Giorgio,NULL,PRON,nsubj,nsubj,zero_to_tgt_anchor,
1126,455,one-to-one,dn_532,mkm_504,MISSING,Ippolita,MISSING,PRON,MISSING,nmod,leftover_target,
1127,455,one-to-one,dn_532,mkm_504,Ippolitas-husband,Ippolitas-husband,NOUN,NOUN,obj,obj,explicit_full,
1128,456,many-to-one,dn_533 dn_534,mkm_505,Giorgio,Giorgio,PRON,PRON,nsubj,nsubj,explicit_full,
1129,456,many-to-one,dn_533 dn_534,mkm_505,Ippolita,Ippolita,PRON,PRON,nsubj,nsubj,explicit_full,
1130,456,many-to-one,dn_533 dn_534,mkm_505,Ippolita,MISSING,NULL,MISSING,nsubj,MISSING,leftover_source,
1131,457,many-to-one,dn_535 dn_536,mkm_506,Giorgio,Giorgio,PRON,PRON,obj,nsubj,explicit_ref_pos,
1132,457,many-to-one,dn_535 dn_536,mkm_506,Giorgio,Giorgio,PRON,PRON,obj,nsubj,explicit_ref_pos,
1133,457,many-to-one,dn_535 dn_536,mkm_506,Giorgio,MISSING,DET,MISSING,nmod,MISSING,leftover_source,
1134,457,many-to-one,dn_535 dn_536,mkm_506,MISSING,Giorgio,MISSING,NULL,MISSING,nsubj,leftover_target,
1135,457,many-to-one,dn_535 dn_536,mkm_506,MISSING,Ippolita,MISSING,PRON,MISSING,nmod,leftover_target,
1136,457,many-to-one,dn_535 dn_536,mkm_506,MISSING,Ippolita,MISSING,NOUN,MISSING,obj,leftover_target,
1137,457,many-to-one,dn_535 dn_536,mkm_506,Ippolitas-husband,Ippolitas-husband,NOUN,NOUN,nsubj,obj,explicit_ref_pos,
1138,457,many-to-one,dn_535 dn_536,mkm_506,Ippolitas-husband,Ippolitas-husband,PRON,NULL,nsubj,nsubj,zero_to_src_anchor,
1139,458,many-to-one,dn_537 dn_538,mkm_507,Giorgio,Giorgio,PRON,PRON,nsubj,nsubj,explicit_full,
1140,458,many-to-one,dn_537 dn_538,mkm_507,Giorgio,Giorgio,NULL,NULL,nsubj,nsubj,zero_zero_single,
1141,458,many-to-one,dn_537 dn_538,mkm_507,Giorgio,MISSING,PRON-REFLEX,MISSING,obj,MISSING,leftover_source,
1142,460,one-to-one,dn_540,mkm_509,Giorgio,Giorgio,PRON,PRON,nsubj,nsubj,explicit_full,
1143,460,one-to-one,dn_540,mkm_509,Giorgio,Giorgio,DET,PRON,nmod,nmod,explicit_ref_case,
1144,460,one-to-one,dn_540,mkm_509,Ippolita,Ippolita,PROPN,PROPN,nmod,nsubj,explicit_ref_pos,
1145,461,one-to-one,dn_541,mkm_511,Ippolita,Ippolita,PRON,PRON,nsubj,nsubj,explicit_full,
1146,462,one-to-one,dn_542,mkm_510,Giorgio Ippolita,Giorgio Ippolita,NULL,NULL,nsubj,nsubj,zero_zero_single,
1147,463,one-to-one,dn_543,mkm_512,MISSING,Giorgio Ippolita,MISSING,NULL,MISSING,nsubj,leftover_target,
1148,465,one-to-one,dn_545,mkm_514,Ippolita,Ippolita,PRON,PRON,nsubj,nsubj,explicit_full,
1149,465,one-to-one,dn_545,mkm_514,Ippolita,MISSING,NOUN,MISSING,nmod,MISSING,leftover_source,
1150,465,one-to-one,dn_545,mkm_514,Ippolitas-mother,Ippolitas-mother,NOUN,NOUN,obj,obj,explicit_full,
1151,466,one-to-one,dn_546,mkm_515,Ippolita,Ippolita,NULL,NULL,nsubj,nsubj,zero_zero_single,
1152,466,one-to-one,dn_546,mkm_515,Ippolitas-mother,MISSING,NULL,MISSING,nsubj,MISSING,leftover_source,
1153,466,one-to-one,dn_546,mkm_515,Ippolitas-mother,MISSING,NOUN,MISSING,vocative,MISSING,leftover_source,
1154,467,one-to-one,dn_547,mkm_516,Ippolita,Ippolita,NULL,NULL,nsubj,nsubj,zero_zero_single,
1155,467,one-to-one,dn_547,mkm_516,Ippolitas-mother,MISSING,PRON,MISSING,obj,MISSING,leftover_source,
1156,468,many-to-one,dn_548 dn_549,mkm_517,Giorgio,MISSING,NULL,MISSING,nsubj,MISSING,leftover_source,
1157,468,many-to-one,dn_548 dn_549,mkm_517,Ippolita,Ippolita,NULL,NULL,nsubj,nsubj,zero_zero_single,
1158,468,many-to-one,dn_548 dn_549,mkm_517,Ippolitas-mother,MISSING,PRON,MISSING,obj,MISSING,leftover_source,
1159,469,one-to-one,dn_550,mkm_518,Ippolita,Ippolita,PRON,PRON,nsubj,nsubj,explicit_full,
1160,469,one-to-one,dn_550,mkm_518,Ippolita,Ippolita,NULL,NULL,nsubj,nsubj,zero_zero_single,
1161,470,one-to-one,dn_551,mkm_519,Giorgio,Giorgio,PRON,PRON,nsubj,obj,explicit_ref_pos,
1162,470,one-to-one,dn_551,mkm_519,Ippolita,Ippolita,PRON,DET,obj,nmod,explicit_ref_only,
1163,471,one-to-one,dn_552,mkm_520,Giorgio,Giorgio,PRON,PRON,obj,obj,explicit_full,
1164,471,one-to-one,dn_552,mkm_520,Ippolita,Ippolita,PRON,PROPN,nsubj,nsubj,explicit_ref_case,
1165,471,one-to-one,dn_552,mkm_520,MISSING,Ippolita,MISSING,PRON,MISSING,nmod,leftover_target,
1166,471,one-to-one,dn_552,mkm_520,Ippolitas-mother,Ippolitas-mother,NOUN,NOUN,obj,obj,explicit_full,
1167,472,one-to-one,dn_553,mkm_521,Giorgio,Giorgio,NULL,PRON,nsubj,nsubj,zero_to_tgt_anchor,
1168,472,one-to-one,dn_553,mkm_521,MISSING,Ippolita,MISSING,PRON,MISSING,nmod,leftover_target,
1169,472,one-to-one,dn_553,mkm_521,Ippolitas-husband,Ippolitas-husband,NOUN,NOUN,nmod,nsubj,explicit_ref_pos,
1170,473,one-to-one,dn_554,mkm_522,Giorgio,Giorgio,DET,PRON,nmod,nmod,explicit_ref_case,
1171,473,one-to-one,dn_554,mkm_522,Giorgio,Giorgio,PRON,NULL,nsubj,nsubj,zero_to_src_anchor,
1172,473,one-to-one,dn_554,mkm_522,MISSING,Giorgio,MISSING,NULL,MISSING,nsubj,leftover_target,
1173,473,one-to-one,dn_554,mkm_522,Ippolita,Ippolita,DET,PRON,nmod,nsubj,explicit_ref_only,
1174,474,one-to-one,dn_555,mkm_523,Giorgio,Giorgio,DET,PRON,nmod,nsubj,explicit_ref_only,
1175,474,one-to-one,dn_555,mkm_523,Giorgio,MISSING,NULL,MISSING,nsubj,MISSING,leftover_source,
1176,474,one-to-one,dn_555,mkm_523,Giorgio,MISSING,NULL,MISSING,nsubj,MISSING,leftover_source,
1177,474,one-to-one,dn_555,mkm_523,Giorgio,MISSING,PRON-REFLEX,MISSING,obj,MISSING,leftover_source,
1178,474,one-to-one,dn_555,mkm_523,Giorgio,MISSING,DET,MISSING,nmod,MISSING,leftover_source,
1179,474,one-to-one,dn_555,mkm_523,Ippolita,Ippolita,PRON,PRON,obj,nsubj,explicit_ref_pos,
1180,474,one-to-one,dn_555,mkm_523,Ippolita,MISSING,NULL,MISSING,nsubj,MISSING,leftover_source,
1181,475,one-to-many,dn_556,mkm_524 mkm_525,Giorgio,Giorgio,PRON,PRON,nsubj,nsubj,explicit_full,
1182,475,one-to-many,dn_556,mkm_524 mkm_525,Giorgio,Giorgio,NULL,NULL,nsubj,nsubj,zero_zero_semantic,0.5072760989679458
1183,475,one-to-many,dn_556,mkm_524 mkm_525,Giorgio,Giorgio,NULL,PRON,nsubj,nsubj,zero_to_tgt_anchor,
1184,475,one-to-many,dn_556,mkm_524 mkm_525,MISSING,Giorgio,MISSING,PRON,MISSING,nsubj,leftover_target,
1185,475,one-to-many,dn_556,mkm_524 mkm_525,Ippolita,Ippolita,PRON,PRON,obj,obj,explicit_full,
1186,475,one-to-many,dn_556,mkm_524 mkm_525,Ippolita,Ippolita,PRON,PRON,obj,obj,explicit_full,
1187,475,one-to-many,dn_556,mkm_524 mkm_525,Ippolita,Ippolita,PRON,PRON,obj,obj,explicit_full,
1188,475,one-to-many,dn_556,mkm_524 mkm_525,Ippolita,Ippolita,PRON,PRON,obj,obj,explicit_full,
1189,475,one-to-many,dn_556,mkm_524 mkm_525,MISSING,Ippolita,MISSING,NOUN,MISSING,pred,leftover_target,
1190,476,many-to-one,dn_557 dn_559,mkm_526,Giorgio Ippolita,Giorgio Ippolita,NULL,NULL,nsubj,nsubj,zero_zero_single,
1191,477,one-to-one,dn_558,mkm_527,Ippolita,Ippolita,PRON,PRON,nsubj,nsubj,explicit_full,
1192,478,one-to-one,dn_560,mkm_528,Giorgio,MISSING,NULL,MISSING,nsubj,MISSING,leftover_source,
1193,478,one-to-one,dn_560,mkm_528,Giorgio,MISSING,PRON,MISSING,nsubj,MISSING,leftover_source,
1194,480,one-to-one,dn_562,mkm_531,Giorgio,Giorgio,NULL,NULL,nsubj,nsubj,zero_zero_semantic,0.2877518304369666
1195,480,one-to-one,dn_562,mkm_531,Giorgio,Giorgio,NULL,NULL,nsubj,nsubj,zero_zero_semantic,0.13870741746705378
1196,480,one-to-one,dn_562,mkm_531,MISSING,Ippolita,MISSING,PRON,MISSING,nsubj,leftover_target,
1197,481,one-to-one,dn_563,mkm_532,Giorgio Ippolita,Giorgio Ippolita,NULL,NULL,nsubj,nsubj,zero_zero_single,
1198,482,one-to-one,dn_564,mkm_533,Giorgio,Giorgio,PRON,PRON,nsubj,obj,explicit_ref_pos,
1199,482,one-to-one,dn_564,mkm_533,Ippolita,Ippolita,PRON,PRON,nsubj,nsubj,explicit_full,
1200,482,one-to-one,dn_564,mkm_533,Ippolita,Ippolita,NULL,NULL,nsubj,nsubj,zero_zero_semantic,0.4563896302734652
1201,482,one-to-one,dn_564,mkm_533,Ippolita,Ippolita,NULL,NULL,nsubj,nsubj,zero_zero_semantic,0.43082511165449694
1202,482,one-to-one,dn_564,mkm_533,Ippolita,MISSING,PRON-REFLEX,MISSING,obj,MISSING,leftover_source,
1203,482,one-to-one,dn_564,mkm_533,MISSING,Ippolita,MISSING,NULL,MISSING,nsubj,leftover_target,
1204,483,one-to-one,dn_565,mkm_534,Ippolita,Ippolita,NULL,NULL,nsubj,nsubj,zero_zero_single,
1205,484,one-to-one,dn_566 dn_567,mkm_535 mkm_536,Giorgio,Giorgio,PRON,PRON,nsubj,nsubj,explicit_full,
1206,484,one-to-one,dn_566 dn_567,mkm_535 mkm_536,Giorgio,Giorgio,NULL,NULL,nsubj,nsubj,zero_zero_single,
1207,484,one-to-one,dn_566 dn_567,mkm_535 mkm_536,MISSING,Giorgio,MISSING,PRON,MISSING,nsubj,leftover_target,
1208,484,one-to-one,dn_566 dn_567,mkm_535 mkm_536,Ippolita,Ippolita,PRON,PRON,obj,nmod,explicit_ref_pos,
1209,484,one-to-one,dn_566 dn_567,mkm_535 mkm_536,MISSING,Ippolita,MISSING,DET,MISSING,nmod,leftover_target,
1210,484,one-to-one,dn_566 dn_567,mkm_535 mkm_536,MISSING,Ippolita,MISSING,DET,MISSING,nmod,leftover_target,
1211,485,many-to-one,dn_568 dn_569,mkm_537,Giorgio,Giorgio,NULL,PRON,nsubj,nsubj,zero_to_tgt_anchor,
1212,485,many-to-one,dn_568 dn_569,mkm_537,Ippolita,Ippolita,PRON,PRON,nsubj,nsubj,explicit_full,
1213,485,many-to-one,dn_568 dn_569,mkm_537,Ippolita,Ippolita,NULL,PRON,nsubj,nsubj,zero_to_tgt_anchor,
1214,486,one-to-one,dn_570,mkm_538,Ippolita,Ippolita,NULL,NULL,nsubj,nsubj,zero_zero_single,
1215,487,one-to-one,dn_571,mkm_539,Ippolita,Ippolita,PRON,PRON,nsubj,nsubj,explicit_full,
1216,487,one-to-one,dn_571,mkm_539,Ippolita,MISSING,DET,MISSING,nmod,MISSING,leftover_source,
1217,488,many-to-one,dn_572 dn_573,mkm_540,Giorgio,Giorgio,PRON,PRON,nsubj,nsubj,explicit_full,
1218,488,many-to-one,dn_572 dn_573,mkm_540,Giorgio,MISSING,DET,MISSING,nmod,MISSING,leftover_source,
1219,488,many-to-one,dn_572 dn_573,mkm_540,MISSING,Giorgio,MISSING,NULL,MISSING,nsubj,leftover_target,
1220,488,many-to-one,dn_572 dn_573,mkm_540,MISSING,Giorgio,MISSING,NULL,MISSING,nsubj,leftover_target,
1221,489,one-to-one,dn_574,mkm_541,Giorgio,Giorgio,PRON,PRON,obj,obj,explicit_full,
1222,489,one-to-one,dn_574,mkm_541,Ippolita,Ippolita,PRON,PRON,nsubj,nsubj,explicit_full,
1223,489,one-to-one,dn_574,mkm_541,Ippolita,Ippolita,PRON,PRON,obj,obj,explicit_full,
1224,489,one-to-one,dn_574,mkm_541,Ippolita,Ippolita,PRON,PRON,obj,nsubj,explicit_ref_pos,
1225,489,one-to-one,dn_574,mkm_541,Ippolita,Ippolita,NULL,PRON,nsubj,nsubj,zero_to_tgt_anchor,
1226,489,one-to-one,dn_574,mkm_541,Ippolita,Ippolita,NULL,PRON,nsubj,nsubj,zero_to_tgt_anchor,
1227,490,one-to-one,dn_575,mkm_542,AlfonsoExili,AlfonsoExili,PROPN,PROPN,nsubj,nsubj,explicit_full,
1228,490,one-to-one,dn_575,mkm_542,Monti,Monti,NOUN,PRON,nsubj,nsubj,explicit_ref_case,
1229,490,one-to-one,dn_575,mkm_542,Monti,MISSING,PRON,MISSING,obj,MISSING,leftover_source,
1230,491,one-to-one,dn_576,mkm_543,Ippolita,Ippolita,PRON,PRON,nsubj,nsubj,explicit_full,
1231,492,many-to-one,dn_577 dn_578,mkm_544,Ippolita,Ippolita,PRON,PRON,obj,nsubj,explicit_ref_pos,
1232,492,many-to-one,dn_577 dn_578,mkm_544,Ippolita,Ippolita,NULL,NULL,nsubj,nsubj,zero_zero_semantic,0.57576900190216
1233,492,many-to-one,dn_577 dn_578,mkm_544,Ippolita,Ippolita,NULL,NULL,nsubj,nsubj,zero_zero_semantic,0.8231767468249142
1234,492,many-to-one,dn_577 dn_578,mkm_544,Ippolita,MISSING,PRON-REFLEX,MISSING,obj,MISSING,leftover_source,
1235,493,one-to-one,dn_579,mkm_545,CountessAlbertini,CountessAlbertini,NOUN,NOUN,nsubj,nsubj,explicit_full,
1236,493,one-to-one,dn_579,mkm_545,MISSING,CountessAlbertini,MISSING,NOUN,MISSING,nmod,leftover_target,
1237,493,one-to-one,dn_579,mkm_545,MISSING,CountessAlbertinis-husband,MISSING,NOUN,MISSING,nmod,leftover_target,
1238,493,one-to-one,dn_579,mkm_545,Giorgio,Giorgio,PRON,PRON,obj,nsubj,explicit_ref_pos,
1239,493,one-to-one,dn_579,mkm_545,MISSING,Giorgio,MISSING,PRON,MISSING,nmod,leftover_target,
1240,494,one-to-one,dn_580,mkm_546,CountessAlbertini,CountessAlbertini,NULL,NULL,nsubj,nsubj,zero_zero_semantic,0.3778157515021471
1241,494,one-to-one,dn_580,mkm_546,CountessAlbertini,CountessAlbertini,PRON,NULL,nsubj,nsubj,zero_to_src_anchor,
1242,494,one-to-one,dn_580,mkm_546,MISSING,CountessAlbertini,MISSING,NULL,MISSING,nsubj,leftover_target,
1243,494,one-to-one,dn_580,mkm_546,CountessAlbertinis-husband,CountessAlbertinis-husband,NOUN,NOUN,obj,obj,explicit_full,
1244,495,many-to-one,dn_581 dn_582,mkm_547,Giorgio,Giorgio,PRON,PRON,obj,nmod,explicit_ref_pos,
1245,495,many-to-one,dn_581 dn_582,mkm_547,Giorgio,Giorgio,PRON,PRON,nsubj,nmod,explicit_ref_pos,
1246,495,many-to-one,dn_581 dn_582,mkm_547,MISSING,Giorgio,MISSING,PRON,MISSING,nmod,leftover_target,
1247,496,one-to-one,dn_583,mkm_548,Giorgio,Giorgio,DET,PRON,nmod,nmod,explicit_ref_case,
1248,496,one-to-one,dn_583,mkm_548,MISSING,Giorgio,MISSING,PRON,MISSING,nsubj,leftover_target,
1249,497,one-to-one,dn_584,mkm_549,Giorgio,Giorgio,PRON,PRON,nsubj,nsubj,explicit_full,
1250,497,one-to-one,dn_584,mkm_549,MISSING,Giorgio,MISSING,PRON,MISSING,nsubj,leftover_target,
1251,497,one-to-one,dn_584,mkm_549,MISSING,Ippolita,MISSING,NOUN,MISSING,nmod,leftover_target,
1252,499,one-to-one,dn_586,mkm_551,Ippolita,Ippolita,PRON,PRON,nsubj,nsubj,explicit_full,
1253,499,one-to-one,dn_586,mkm_551,Ippolita,MISSING,PRON,MISSING,obj,MISSING,leftover_source,
1254,500,many-to-one,dn_587 dn_588 dn_589 dn_590,mkm_552,MISSING,Giorgio,MISSING,PRON,MISSING,obj,leftover_target,
1255,500,many-to-one,dn_587 dn_588 dn_589 dn_590,mkm_552,Ippolita,MISSING,PRON,MISSING,nsubj,MISSING,leftover_source,
1256,501,many-to-one,dn_591 dn_592,mkm_553,Giorgio,Giorgio,NOUN,NOUN,nmod,nmod,explicit_full,
1257,501,many-to-one,dn_591 dn_592,mkm_553,Ippolita,Ippolita,PRON,PRON,nsubj,nsubj,explicit_full,
1258,501,many-to-one,dn_591 dn_592,mkm_553,Ippolita,Ippolita,NULL,NULL,nsubj,nsubj,zero_zero_semantic,0.37433600957699464
1259,501,many-to-one,dn_591 dn_592,mkm_553,Ippolita,MISSING,PRON-REFLEX,MISSING,obj,MISSING,leftover_source,
1260,501,many-to-one,dn_591 dn_592,mkm_553,MISSING,Ippolita,MISSING,NULL,MISSING,nsubj,leftover_target,
1261,501,many-to-one,dn_591 dn_592,mkm_553,MISSING,Ippolita,MISSING,NULL,MISSING,nsubj,leftover_target,
1262,502,one-to-one,dn_593,mkm_554,Ippolita,Ippolita,PRON,PRON,nsubj,nsubj,explicit_full,
1263,502,one-to-one,dn_593,mkm_554,Ippolita,Ippolita,NULL,PRON,nsubj,nsubj,zero_to_tgt_anchor,
1264,503,many-to-one,dn_594 dn_595,mkm_555,MISSING,Giorgio,MISSING,PRON,MISSING,nsubj,leftover_target,
1265,505,one-to-one,dn_597,mkm_557,Giorgio Ippolita,Giorgio Ippolita,PRON,NULL,nsubj,nsubj,zero_to_src_anchor,
1266,505,one-to-one,dn_597,mkm_557,Ippolita,MISSING,NULL,MISSING,nsubj,MISSING,leftover_source,
1267,506,many-to-one,dn_598 dn_599,mkm_558,Giorgio,Giorgio,PRON,PRON,nsubj,nsubj,explicit_full,
1268,506,many-to-one,dn_598 dn_599,mkm_558,Giorgio,Giorgio,PROPN,PRON,obj,obj,explicit_ref_case,
1269,506,many-to-one,dn_598 dn_599,mkm_558,Giorgio,MISSING,PRON-REFLEX,MISSING,obj,MISSING,leftover_source,
1270,506,many-to-one,dn_598 dn_599,mkm_558,MISSING,Ippolita,MISSING,PRON,MISSING,nmod,leftover_target,
1271,507,one-to-one,dn_600,mkm_559,Giorgio,Giorgio,NULL,NULL,nsubj,nsubj,zero_zero_semantic,0.45929112635274916
1272,507,one-to-one,dn_600,mkm_559,Giorgio,Giorgio,NULL,NULL,nsubj,nsubj,zero_zero_semantic,0.5370038302402806
1273,507,one-to-one,dn_600,mkm_559,MISSING,Giorgio,MISSING,PRON,MISSING,nsubj,leftover_target,
1274,507,one-to-one,dn_600,mkm_559,MISSING,Giorgio,MISSING,PRON,MISSING,nmod,leftover_target,
1275,507,one-to-one,dn_600,mkm_559,MISSING,Giorgio,MISSING,PRON,MISSING,nsubj,leftover_target,
1276,507,one-to-one,dn_600,mkm_559,MISSING,Giorgio,MISSING,PRON,MISSING,nmod,leftover_target,
1277,507,one-to-one,dn_600,mkm_559,Ippolita,Ippolita,PROPN,PROPN,nmod,nmod,explicit_full,
1278,509,one-to-one,dn_602,mkm_561,Ippolita,Ippolita,NULL,PRON,nsubj,nsubj,zero_to_tgt_anchor,
1279,510,many-to-one,dn_603 dn_604 dn_605,mkm_562,MISSING,Ippolita,MISSING,NULL,MISSING,nsubj,leftover_target,
1280,510,many-to-one,dn_603 dn_604 dn_605,mkm_562,MISSING,Ippolita,MISSING,NULL,MISSING,nsubj,leftover_target,
1281,510,many-to-one,dn_603 dn_604 dn_605,mkm_562,MISSING,Ippolita,MISSING,NULL,MISSING,nsubj,leftover_target,
1282,510,many-to-one,dn_603 dn_604 dn_605,mkm_562,MISSING,Ippolita,MISSING,NULL,MISSING,nsubj,leftover_target,
1283,511,one-to-one,dn_606,mkm_564,Ippolita,Ippolita,PROPN,PROPN,nsubj,nsubj,explicit_full,
1284,511,one-to-one,dn_606,mkm_564,Ippolita,Ippolita,NULL,NULL,nsubj,nsubj,zero_zero_semantic,0.16157400803660582
1285,511,one-to-one,dn_606,mkm_564,MISSING,Ippolita,MISSING,NULL,MISSING,nsubj,leftover_target,
1286,513,many-to-one,dn_608 dn_609 dn_610,mkm_565,Giorgio,Giorgio,PRON,PRON,nsubj,nsubj,explicit_full,
1287,513,many-to-one,dn_608 dn_609 dn_610,mkm_565,Giorgio,Giorgio,PRON,PRON,nsubj,nsubj,explicit_full,
1288,513,many-to-one,dn_608 dn_609 dn_610,mkm_565,Giorgio,Giorgio,NULL,NULL,nsubj,nsubj,zero_zero_semantic,0.5475513332903501
1289,513,many-to-one,dn_608 dn_609 dn_610,mkm_565,Giorgio,Giorgio,NULL,NULL,nsubj,nsubj,zero_zero_semantic,0.34482621139553116
1290,513,many-to-one,dn_608 dn_609 dn_610,mkm_565,Giorgio,MISSING,PRON,MISSING,obj,MISSING,leftover_source,
1291,513,many-to-one,dn_608 dn_609 dn_610,mkm_565,MISSING,Giorgio,MISSING,NULL,MISSING,nsubj,leftover_target,
1292,515,one-to-one,dn_612,mkm_567,Giorgio,Giorgio,PRON,PRON,nsubj,nsubj,explicit_full,
1293,515,one-to-one,dn_612,mkm_567,Giorgio,Giorgio,NULL,PRON,nsubj,nsubj,zero_to_tgt_anchor,
1294,515,one-to-one,dn_612,mkm_567,MISSING,Giorgio,MISSING,PRON,MISSING,nmod,leftover_target,
1295,516,many-to-one,dn_613 dn_614,mkm_568,MISSING,Giorgio,MISSING,NULL,MISSING,nsubj,leftover_target,
1296,516,many-to-one,dn_613 dn_614,mkm_568,MISSING,Giorgio,MISSING,NULL,MISSING,nsubj,leftover_target,
1297,517,one-to-one,dn_615,mkm_569,MISSING,Giorgio,MISSING,NULL,MISSING,nsubj,leftover_target,
1298,517,one-to-one,dn_615,mkm_569,MISSING,Giorgio,MISSING,NULL,MISSING,nsubj,leftover_target,
1299,517,one-to-one,dn_615,mkm_569,MISSING,Giorgio,MISSING,NULL,MISSING,nsubj,leftover_target,
1300,517,one-to-one,dn_615,mkm_569,MISSING,Giorgio,MISSING,NULL,MISSING,nsubj,leftover_target,
1301,517,one-to-one,dn_615,mkm_569,MISSING,Giorgio,MISSING,NULL,MISSING,nsubj,leftover_target,
1302,518,many-to-one,dn_616 dn_617,mkm_570,Ippolita,Ippolita,PROPN,PROPN,nsubj,nsubj,explicit_full,
1303,518,many-to-one,dn_616 dn_617,mkm_570,Ippolita,Ippolita,PRON,NULL,nsubj,nsubj,zero_to_src_anchor,
1304,518,many-to-one,dn_616 dn_617,mkm_570,MISSING,Ippolita,MISSING,NULL,MISSING,nsubj,leftover_target,
1305,519,many-to-one,dn_618 dn_619,mkm_571,Giorgio,Giorgio,NULL,NULL,nsubj,nsubj,zero_zero_single,
1306,519,many-to-one,dn_618 dn_619,mkm_571,Ippolita,Ippolita,PRON,PRON,nsubj,nsubj,explicit_full,
1307,519,many-to-one,dn_618 dn_619,mkm_571,Ippolita,MISSING,PRON,MISSING,obj,MISSING,leftover_source,
1308,520,one-to-many,dn_620,mkm_572 mkm_573,Giorgio,Giorgio,NOUN,NOUN,nmod,nmod,explicit_full,
1309,520,one-to-many,dn_620,mkm_572 mkm_573,Giorgio,Giorgio,PRON,PRON,obj,nmod,explicit_ref_pos,
1310,520,one-to-many,dn_620,mkm_572 mkm_573,Ippolita,Ippolita,PRON,PRON,nsubj,nsubj,explicit_full,
1311,520,one-to-many,dn_620,mkm_572 mkm_573,Ippolita,Ippolita,NULL,NULL,nsubj,nsubj,zero_zero_semantic,0.40164841052086075
1312,520,one-to-many,dn_620,mkm_572 mkm_573,Ippolita,Ippolita,PRON-REFLEX,PRON,obj,obj,reflex_obj,
1313,520,one-to-many,dn_620,mkm_572 mkm_573,MISSING,Ippolita,MISSING,PRON,MISSING,nmod,leftover_target,
1314,520,one-to-many,dn_620,mkm_572 mkm_573,MISSING,Ippolita,MISSING,PRON,MISSING,nmod,leftover_target,
1315,520,one-to-many,dn_620,mkm_572 mkm_573,MISSING,Ippolita,MISSING,NULL,MISSING,nsubj,leftover_target,
1316,521,one-to-one,dn_621,mkm_574,Giorgio,Giorgio,NULL,NULL,nsubj,nsubj,zero_zero_single,
1317,521,one-to-one,dn_621,mkm_574,Ippolita,MISSING,PRON,MISSING,obj,MISSING,leftover_source,
1318,522,many-to-one,dn_622 dn_623,mkm_575,Giorgio,Giorgio,PRON,PRON,nsubj,nsubj,explicit_full,
1319,522,many-to-one,dn_622 dn_623,mkm_575,Giorgio,Giorgio,NULL,PRON,nsubj,nsubj,zero_to_tgt_anchor,
1320,522,many-to-one,dn_622 dn_623,mkm_575,Ippolita,Ippolita,PRON,PRON,obj,nmod,explicit_ref_pos,
1321,522,many-to-one,dn_622 dn_623,mkm_575,Ippolita,Ippolita,PRON,PRON,obj,nmod,explicit_ref_pos,
1322,523,one-to-one,dn_624,mkm_576,Ippolita,MISSING,NULL,MISSING,nsubj,MISSING,leftover_source,
1323,523,one-to-one,dn_624,mkm_576,MISSING,Ippolita,MISSING,PRON,MISSING,nmod,leftover_target,
1324,524,one-to-one,dn_625,mkm_577,Giorgio,Giorgio,NULL,NULL,nsubj,nsubj,zero_zero_single,
1325,524,one-to-one,dn_625,mkm_577,MISSING,Giorgio,MISSING,PRON,MISSING,nsubj,leftover_target,
1326,525,one-to-one,dn_626,mkm_578,Giorgio,Giorgio,PRON,PRON,nsubj,nmod,explicit_ref_pos,
1327,525,one-to-one,dn_626,mkm_578,Giorgio,MISSING,NULL,MISSING,nsubj,MISSING,leftover_source,
1328,525,one-to-one,dn_626,mkm_578,Ippolita,Ippolita,PROPN,PRON,obj,obj,explicit_ref_case,
1329,525,one-to-one,dn_626,mkm_578,Ippolita,Ippolita,PRON,PROPN,nmod,nsubj,explicit_ref_only,
1330,526,one-to-one,dn_627,mkm_579,Giorgio,Giorgio,NULL,NULL,nsubj,nsubj,zero_zero_single,
1331,526,one-to-one,dn_627,mkm_579,MISSING,Giorgio,MISSING,PRON,MISSING,nsubj,leftover_target,
1332,526,one-to-one,dn_627,mkm_579,Ippolita,Ippolita,PRON,PRON,obj,nsubj,explicit_ref_pos,
1333,526,one-to-one,dn_627,mkm_579,MISSING,Ippolita,MISSING,NULL,MISSING,nsubj,leftover_target,
1334,527,one-to-one,dn_628,mkm_580,Giorgio,Giorgio,PRON,PRON,nsubj,nsubj,explicit_full,
1335,527,one-to-one,dn_628,mkm_580,Ippolita,Ippolita,PRON,PRON,obj,obj,explicit_full,
1336,527,one-to-one,dn_628,mkm_580,Ippolita,Ippolita,PRON,PRON,nsubj,nsubj,explicit_full,
1337,528,one-to-one,dn_629,mkm_581,Giorgio,Giorgio,NULL,NULL,nsubj,nsubj,zero_zero_single,
1338,528,one-to-one,dn_629,mkm_581,Ippolita,MISSING,PRON,MISSING,obj,MISSING,leftover_source,
1339,529,one-to-one,dn_630,mkm_582,Ippolita,Ippolita,PRON,PRON,nsubj,nsubj,explicit_full,
1340,532,one-to-one,dn_633,mkm_585,Giorgio,Giorgio,PRON,PRON,nsubj,nsubj,explicit_full,
1341,532,one-to-one,dn_633,mkm_585,MISSING,Giorgio,MISSING,NULL,MISSING,nsubj,leftover_target,
1342,532,one-to-one,dn_633,mkm_585,Giorgio Ippolita,Giorgio Ippolita,PRON,PRON,nsubj,nsubj,explicit_full,
1343,532,one-to-one,dn_633,mkm_585,Giorgio Ippolita,Giorgio Ippolita,NULL,NULL,nsubj,nsubj,zero_zero_single,
1344,532,one-to-one,dn_633,mkm_585,MISSING,Giorgio Ippolita,MISSING,PRON,MISSING,nmod,leftover_target,
1345,532,one-to-one,dn_633,mkm_585,MISSING,Giorgio Ippolita,MISSING,PRON,MISSING,nmod,leftover_target,
1346,533,one-to-one,dn_634,mkm_586,Giorgio Ippolita,Giorgio Ippolita,NULL,PRON,nsubj,nsubj,zero_to_tgt_anchor,
1347,534,many-to-one,dn_635 dn_636,mkm_587,Giorgio,Giorgio,PROPN,PRON,nsubj,nsubj,explicit_ref_case,
1348,535,one-to-one,dn_637,mkm_588,Giorgio,Giorgio,PRON,PROPN,nsubj,nsubj,explicit_ref_case,
1349,536,one-to-one,dn_638,mkm_589,Ippolita,Ippolita,PROPN,PROPN,nsubj,nsubj,explicit_full,
1350,536,one-to-one,dn_638,mkm_589,Ippolita,MISSING,DET,MISSING,nmod,MISSING,leftover_source,
1351,536,one-to-one,dn_638,mkm_589,aunt-Giovianna,aunt-Giovianna,NOUN,NOUN,nmod,obj,explicit_ref_pos,
1352,537,one-to-one,dn_639,mkm_590,Giorgio,Giorgio,PRON,PRON,nsubj,obj,explicit_ref_pos,
1353,537,one-to-one,dn_639,mkm_590,Ippolita,Ippolita,PROPN,PROPN,nsubj,obj,explicit_ref_pos,
1354,537,one-to-one,dn_639,mkm_590,MISSING,Ippolita,MISSING,NULL,MISSING,nsubj,leftover_target,
1355,540,one-to-one,dn_642,mkm_593,Giorgio Ippolita,Giorgio Ippolita,NULL,NOUN,nsubj,nsubj,zero_to_tgt_anchor,
1356,541,one-to-one,dn_643,mkm_594,Giorgio Ippolita,Giorgio Ippolita,PRON,NOUN,obj,obj,explicit_ref_case,
1357,541,one-to-one,dn_643,mkm_594,Giorgio Ippolita,Giorgio Ippolita,NULL,NULL,nsubj,nsubj,zero_zero_single,
1358,541,one-to-one,dn_643,mkm_594,Giorgio Ippolita,MISSING,PRON-REFLEX,MISSING,obj,MISSING,leftover_source,
1359,541,one-to-one,dn_643,mkm_594,MISSING,Giorgio Ippolita,MISSING,NOUN,MISSING,nsubj,leftover_target,
1360,541,one-to-one,dn_643,mkm_594,MISSING,Giorgio Ippolita,MISSING,PRON,MISSING,nsubj,leftover_target,
1361,541,one-to-one,dn_643,mkm_594,MISSING,Giorgio Ippolita,MISSING,PRON,MISSING,nmod,leftover_target,
1362,541,one-to-one,dn_643,mkm_594,stations-crowd,stations-crowd,NOUN,NOUN,obj,nmod,explicit_ref_pos,
1363,542,many-to-one,dn_644 dn_645 dn_646,mkm_595,Giorgio,MISSING,NULL,MISSING,nsubj,MISSING,leftover_source,
1364,542,many-to-one,dn_644 dn_645 dn_646,mkm_595,MISSING,Giorgio,MISSING,PRON,MISSING,vocative,leftover_target,
1365,542,many-to-one,dn_644 dn_645 dn_646,mkm_595,Giorgio Ippolita,MISSING,PRON,MISSING,obj,MISSING,leftover_source,
1366,542,many-to-one,dn_644 dn_645 dn_646,mkm_595,Giorgio Ippolita,MISSING,PRON,MISSING,obj,MISSING,leftover_source,
1367,542,many-to-one,dn_644 dn_645 dn_646,mkm_595,MISSING,Giorgio Ippolita,MISSING,NULL,MISSING,nsubj,leftover_target,
1368,542,many-to-one,dn_644 dn_645 dn_646,mkm_595,MISSING,Giorgio Ippolita,MISSING,NULL,MISSING,nsubj,leftover_target,
1369,542,many-to-one,dn_644 dn_645 dn_646,mkm_595,stations-crowd,MISSING,NULL,MISSING,nsubj,MISSING,leftover_source,
1370,542,many-to-one,dn_644 dn_645 dn_646,mkm_595,stations-crowd,MISSING,NULL,MISSING,nsubj,MISSING,leftover_source,
1371,543,one-to-many,dn_647,mkm_596 mkm_597,Ippolita,Ippolita,PROPN,PROPN,nsubj,nsubj,explicit_full,
1372,543,one-to-many,dn_647,mkm_596 mkm_597,Ippolita,Ippolita,PRON,PRON,nmod,nmod,explicit_full,
1373,543,one-to-many,dn_647,mkm_596 mkm_597,Ippolita,Ippolita,PRON,PRON,obj,nsubj,explicit_ref_pos,
1374,543,one-to-many,dn_647,mkm_596 mkm_597,Ippolita,Ippolita,NULL,NULL,nsubj,nsubj,zero_zero_single,
1375,543,one-to-many,dn_647,mkm_596 mkm_597,MISSING,stations-crowd,MISSING,NOUN,MISSING,nmod,leftover_target,
1376,545,one-to-many,dn_649,mkm_599 mkm_600,Ippolita,Ippolita,NULL,NULL,nsubj,nsubj,zero_zero_single,
1377,545,one-to-many,dn_649,mkm_599 mkm_600,MISSING,Ippolita,MISSING,PRON,MISSING,nsubj,leftover_target,
1378,546,one-to-one,dn_650,mkm_601,Giorgio Ippolita,Giorgio Ippolita,NULL,NULL,nsubj,nsubj,zero_zero_semantic,0.27533868770202496
1379,546,one-to-one,dn_650,mkm_601,Giorgio Ippolita,Giorgio Ippolita,NULL,PRON,nsubj,nsubj,zero_to_tgt_anchor,
1380,546,one-to-one,dn_650,mkm_601,Giorgio Ippolita,Giorgio Ippolita,PRON-REFLEX,NOUN,obj,obj,reflex_obj,
1381,546,one-to-one,dn_650,mkm_601,MrMartlet MrsMartlet another-traveller,MrMartlet MrsMartlet another-traveller,NOUN,NOUN,obj,nsubj,explicit_ref_pos,
1382,547,one-to-one,dn_651,mkm_602,Giorgio,Giorgio,PROPN,PROPN,nsubj,nsubj,explicit_full,
1383,547,one-to-one,dn_651,mkm_602,MrMartlet,MrMartlet,NOUN,NOUN,obj,obj,explicit_full,
1384,547,one-to-one,dn_651,mkm_602,MrsMartlet,MrsMartlet,NOUN,NOUN,obj,obj,explicit_full,
1385,548,one-to-one,dn_652,mkm_603,MrMartlet MrsMartlet,MISSING,NULL,MISSING,nsubj,MISSING,leftover_source,
1386,549,one-to-one,dn_653,mkm_604,Giorgio,Giorgio,NOUN,PRON,nmod,nmod,explicit_ref_case,
1387,549,one-to-one,dn_653,mkm_604,Ippolita,Ippolita,PROPN,PROPN,nsubj,nsubj,explicit_full,
1388,549,one-to-one,dn_653,mkm_604,Ippolita,MISSING,PRON-REFLEX,MISSING,obj,MISSING,leftover_source,
1389,550,one-to-one,dn_654,mkm_605,Giorgio,Giorgio,NULL,NULL,nsubj,nsubj,zero_zero_single,
1390,550,one-to-one,dn_654,mkm_605,Ippolita,MISSING,PRON,MISSING,obj,MISSING,leftover_source,
1391,551,one-to-one,dn_655,mkm_606,Ippolita,Ippolita,PRON,PRON,nsubj,nsubj,explicit_full,
1392,551,one-to-one,dn_655,mkm_606,MrMartlet MrsMartlet,MrMartlet MrsMartlet,NOUN,NOUN,obj,obj,explicit_full,
1393,552,one-to-one,dn_656,mkm_607,MrMartlet,MrMartlet,NOUN,NOUN,nsubj,nsubj,explicit_full,
1394,552,one-to-one,dn_656,mkm_607,MrMartlet,MrMartlet,NOUN,NOUN,pred,pred,explicit_full,
1395,552,one-to-one,dn_656,mkm_607,MISSING,MrMartlet,MISSING,DET,MISSING,nmod,leftover_target,
1396,553,one-to-many,dn_657,mkm_608 mkm_609,MrsMartlet,MrsMartlet,NOUN,NOUN,nsubj,nsubj,explicit_full,
1397,553,one-to-many,dn_657,mkm_608 mkm_609,MrsMartlet,MrsMartlet,DET,DET,nmod,nmod,explicit_full,
1398,553,one-to-many,dn_657,mkm_608 mkm_609,MrsMartlet,MrsMartlet,NULL,NULL,nsubj,nsubj,zero_zero_single,
1399,553,one-to-many,dn_657,mkm_608 mkm_609,MrsMartlet,MISSING,DET,MISSING,nmod,MISSING,leftover_source,
1400,554,one-to-one,dn_658,mkm_610,MrMartlet,MrMartlet,NOUN,NOUN,nmod,nmod,explicit_full,
1401,555,one-to-one,dn_659,mkm_611,Giorgio,Giorgio,PROPN,PROPN,nmod,nmod,explicit_full,
1402,555,one-to-one,dn_659,mkm_611,MrMartlet,MrMartlet,PRON,PRON,nsubj,nsubj,explicit_full,
1403,555,one-to-one,dn_659,mkm_611,MISSING,MrMartlet,MISSING,NULL,MISSING,nsubj,leftover_target,
1404,556,one-to-one,dn_660,mkm_612,Ippolita,Ippolita,PROPN,PROPN,nsubj,nsubj,explicit_full,
1405,556,one-to-one,dn_660,mkm_612,Ippolita,MISSING,DET,MISSING,nmod,MISSING,leftover_source,
1406,557,one-to-one,dn_661,mkm_613,Ippolita,Ippolita,NULL,NULL,nsubj,nsubj,zero_zero_single,
1407,557,one-to-one,dn_661,mkm_613,Ippolita,MISSING,PRON,MISSING,nsubj,MISSING,leftover_source,
1408,557,one-to-one,dn_661,mkm_613,MrMartlet MrsMartlet,MrMartlet MrsMartlet,NOUN,NOUN,obj,obj,explicit_full,
1409,558,one-to-many,dn_662,mkm_614 mkm_615,Ippolita,Ippolita,DET,PRON,nmod,nmod,explicit_ref_case,
1410,558,one-to-many,dn_662,mkm_614 mkm_615,Ippolita,Ippolita,NULL,NULL,nsubj,nsubj,zero_zero_semantic,0.7267130353577334
1411,558,one-to-many,dn_662,mkm_614 mkm_615,Ippolita,Ippolita,NULL,NULL,nsubj,nsubj,zero_zero_semantic,0.3124804652944514
1412,558,one-to-many,dn_662,mkm_614 mkm_615,MISSING,Ippolita,MISSING,PRON,MISSING,nsubj,leftover_target,
1413,558,one-to-many,dn_662,mkm_614 mkm_615,MrMartlet MrsMartlet,MrMartlet MrsMartlet,NOUN,NOUN,nsubj,nsubj,explicit_full,
1414,559,one-to-one,dn_663,mkm_617,Giorgio,Giorgio,NULL,NULL,nsubj,nsubj,zero_zero_single,
1415,559,one-to-one,dn_663,mkm_617,Ippolita,MISSING,PRON,MISSING,obj,MISSING,leftover_source,
1416,560,one-to-one,dn_664,mkm_616,MrMartlet MrsMartlet,MISSING,NULL,MISSING,nsubj,MISSING,leftover_source,
1417,561,one-to-one,dn_665,mkm_618,Giorgio,Giorgio,NOUN,NOUN,nsubj,nmod,explicit_ref_pos,
1418,561,one-to-one,dn_665,mkm_618,Ippolita,Ippolita,NULL,PRON,nsubj,nsubj,zero_to_tgt_anchor,
1419,562,many-to-one,dn_666 dn_667,mkm_619,MrMartlet,MrMartlet,PROPN,PROPN,nsubj,nsubj,explicit_full,
1420,562,many-to-one,dn_666 dn_667,mkm_619,MrMartlet MrsMartlet,MrMartlet MrsMartlet,PROPN,PROPN,nsubj,nsubj,explicit_full,
1421,562,many-to-one,dn_666 dn_667,mkm_619,MrsMartlet,MrsMartlet,NOUN,NOUN,obj,nsubj,explicit_ref_pos,
1422,563,one-to-one,dn_668,mkm_620,Giorgio Ippolita,MISSING,PRON,MISSING,obj,MISSING,leftover_source,
1423,563,one-to-one,dn_668,mkm_620,MrMartlet MrsMartlet,MrMartlet MrsMartlet,NULL,NOUN,nsubj,nsubj,zero_to_tgt_anchor,
1424,564,one-to-one,dn_669,mkm_621,MISSING,Giorgio Ippolita,MISSING,PRON,MISSING,nsubj,leftover_target,
1425,564,one-to-one,dn_669,mkm_621,MISSING,Ippolita,MISSING,NULL,MISSING,nsubj,leftover_target,
1426,564,one-to-one,dn_669,mkm_621,MrMartlet MrsMartlet,MISSING,NULL,MISSING,nsubj,MISSING,leftover_source,
1427,564,one-to-one,dn_669,mkm_621,MrMartlet MrsMartlet,MISSING,NULL,MISSING,nsubj,MISSING,leftover_source,
1428,564,one-to-one,dn_669,mkm_621,MISSING,MrMartlet MrsMartlet,MISSING,NOUN,MISSING,obj,leftover_target,
1429,565,one-to-one,dn_670,mkm_622,MISSING,Giorgio,MISSING,PRON,MISSING,nsubj,leftover_target,
1430,565,one-to-one,dn_670,mkm_622,Ippolita,MISSING,NULL,MISSING,nsubj,MISSING,leftover_source,
1431,565,one-to-one,dn_670,mkm_622,Ippolita,MISSING,PRON,MISSING,nsubj,MISSING,leftover_source,
1432,565,one-to-one,dn_670,mkm_622,MrMartlet MrsMartlet,MISSING,PRON,MISSING,obj,MISSING,leftover_source,
1433,566,one-to-one,dn_671,mkm_623,Giorgio,Giorgio,PRON,NULL,nsubj,nsubj,zero_to_src_anchor,
1434,566,one-to-one,dn_671,mkm_623,Ippolita,Ippolita,PRON,PRON,obj,obj,explicit_full,
1435,566,one-to-one,dn_671,mkm_623,MrMartlet MrsMartlet,MISSING,PRON,MISSING,nsubj,MISSING,leftover_source,
1436,567,one-to-one,dn_672,mkm_624,Ippolita,Ippolita,NULL,NULL,nsubj,nsubj,zero_zero_single,
1437,568,many-to-one,dn_673 dn_674,mkm_625,Ippolita,Ippolita,PRON,PRON,obj,obj,explicit_full,
1438,568,many-to-one,dn_673 dn_674,mkm_625,Ippolita,Ippolita,PRON,PRON,obj,nmod,explicit_ref_pos,
1439,569,one-to-one,dn_675,mkm_626,Ippolita,Ippolita,PRON,PRON,nsubj,nsubj,explicit_full,
1440,569,one-to-one,dn_675,mkm_626,MrMartlet MrsMartlet,MrMartlet MrsMartlet,NOUN,NOUN,obj,obj,explicit_full,
1441,571,one-to-one,dn_677 dn_678 dn_679,mkm_628 mkm_629 mkm_630 mkm_631,AlessandroMemmi,AlessandroMemmi,NOUN,NOUN,nsubj,nsubj,explicit_full,
1442,571,one-to-one,dn_677 dn_678 dn_679,mkm_628 mkm_629 mkm_630 mkm_631,Ippolita,Ippolita,NULL,NULL,nsubj,nsubj,zero_zero_semantic,0.5423252374977112
1443,571,one-to-one,dn_677 dn_678 dn_679,mkm_628 mkm_629 mkm_630 mkm_631,Ippolita,Ippolita,NULL,PRON,nsubj,nsubj,zero_to_tgt_anchor,
1444,571,one-to-one,dn_677 dn_678 dn_679,mkm_628 mkm_629 mkm_630 mkm_631,Ippolita,Ippolita,NULL,PRON,nsubj,nsubj,zero_to_tgt_anchor,
1445,571,one-to-one,dn_677 dn_678 dn_679,mkm_628 mkm_629 mkm_630 mkm_631,Ippolita,Ippolita,PRON-REFLEX,PRON,obj,obj,reflex_obj,
1446,571,one-to-one,dn_677 dn_678 dn_679,mkm_628 mkm_629 mkm_630 mkm_631,MISSING,Ippolita,MISSING,PRON,MISSING,nmod,leftover_target,
1447,571,one-to-one,dn_677 dn_678 dn_679,mkm_628 mkm_629 mkm_630 mkm_631,SebastianBach,SebastianBach,PROPN,PROPN,nmod,nmod,explicit_full,
1448,571,one-to-one,dn_677 dn_678 dn_679,mkm_628 mkm_629 mkm_630 mkm_631,audience,audience,NOUN,NOUN,nsubj,nsubj,explicit_full,
1449,571,one-to-one,dn_677 dn_678 dn_679,mkm_628 mkm_629 mkm_630 mkm_631,maidens,maidens,NOUN,NOUN,nsubj,nsubj,explicit_full,
1450,571,one-to-one,dn_677 dn_678 dn_679,mkm_628 mkm_629 mkm_630 mkm_631,violinists,violinists,NOUN,NOUN,nsubj,nsubj,explicit_full,
1451,572,one-to-many,dn_680,mkm_632 mkm_633 mkm_635,Giorgio,Giorgio,NOUN,NOUN,obj,obj,explicit_full,
1452,572,one-to-many,dn_680,mkm_632 mkm_633 mkm_635,Ippolita,Ippolita,PRON,PRON,nsubj,nsubj,explicit_full,
1453,572,one-to-many,dn_680,mkm_632 mkm_633 mkm_635,Ippolita,MISSING,PRON,MISSING,obj,MISSING,leftover_source,
1454,572,one-to-many,dn_680,mkm_632 mkm_633 mkm_635,MISSING,Ippolita,MISSING,NULL,MISSING,nsubj,leftover_target,
1455,572,one-to-many,dn_680,mkm_632 mkm_633 mkm_635,MISSING,Ippolita,MISSING,NULL,MISSING,nsubj,leftover_target,
1456,573,one-to-one,dn_681,mkm_634,Giorgio,MISSING,NULL,MISSING,nsubj,MISSING,leftover_source,
1457,573,one-to-one,dn_681,mkm_634,Giorgio,MISSING,PRON,MISSING,nsubj,MISSING,leftover_source,
1458,573,one-to-one,dn_681,mkm_634,MISSING,Ippolita,MISSING,PRON,MISSING,nsubj,leftover_target,
1459,573,one-to-one,dn_681,mkm_634,MISSING,Ippolita,MISSING,NULL,MISSING,nsubj,leftover_target,
1460,574,one-to-one,dn_682,mkm_636,Giorgio,Giorgio,PRON,PRON,obj,obj,explicit_full,
1461,574,one-to-one,dn_682,mkm_636,Giorgio,Giorgio,PRON,PRON,obj,obj,explicit_full,
1462,574,one-to-one,dn_682,mkm_636,Ippolita,Ippolita,PRON,PRON,nsubj,nsubj,explicit_full,
1463,574,one-to-one,dn_682,mkm_636,MISSING,Ippolita,MISSING,PRON,MISSING,nsubj,leftover_target,
1464,574,one-to-one,dn_682,mkm_636,MISSING,Ippolita,MISSING,NULL,MISSING,nsubj,leftover_target,
1465,574,one-to-one,dn_682,mkm_636,MISSING,Ippolita,MISSING,PRON,MISSING,nsubj,leftover_target,
1466,574,one-to-one,dn_682,mkm_636,MISSING,Ippolita,MISSING,NULL,MISSING,nsubj,leftover_target,
1467,575,one-to-one,dn_683,mkm_637,Giorgio,Giorgio,PRON,PRON,nsubj,nsubj,explicit_full,
1468,575,one-to-one,dn_683,mkm_637,Giorgio,Giorgio,NULL,NULL,nsubj,nsubj,zero_zero_semantic,0.5757046022072987
1469,575,one-to-one,dn_683,mkm_637,MISSING,Giorgio,MISSING,NULL,MISSING,nsubj,leftover_target,
1470,575,one-to-one,dn_683,mkm_637,MISSING,Giorgio,MISSING,PRON,MISSING,nmod,leftover_target,
1471,575,one-to-one,dn_683,mkm_637,Ippolita,Ippolita,PRON,PRON,obj,nmod,explicit_ref_pos,
1472,575,one-to-one,dn_683,mkm_637,Ippolita,Ippolita,PRON,PRON,obj,nmod,explicit_ref_pos,
1473,576,one-to-one,dn_684,mkm_638,Giorgio Ippolita,Giorgio Ippolita,PRON,NOUN,nsubj,nsubj,explicit_ref_case,
1474,576,one-to-one,dn_684,mkm_638,Giorgio Ippolita,MISSING,DET,MISSING,nmod,MISSING,leftover_source,
1475,576,one-to-one,dn_684,mkm_638,MISSING,Giorgio Ippolita,MISSING,NULL,MISSING,nsubj,leftover_target,
1476,576,one-to-one,dn_684,mkm_638,MISSING,Giorgio Ippolita,MISSING,NULL,MISSING,nsubj,leftover_target,
1477,577,one-to-many,dn_685,mkm_639 mkm_640,Giorgio Ippolita,Giorgio Ippolita,NULL,NULL,nsubj,nsubj,zero_zero_semantic,0.4107298419605034
1478,577,one-to-many,dn_685,mkm_639 mkm_640,MISSING,Giorgio Ippolita,MISSING,PRON,MISSING,nsubj,leftover_target,
1479,577,one-to-many,dn_685,mkm_639 mkm_640,MISSING,Giorgio Ippolita,MISSING,NULL,MISSING,nsubj,leftover_target,
1480,577,one-to-many,dn_685,mkm_639 mkm_640,MISSING,Giorgio Ippolita,MISSING,NULL,MISSING,nsubj,leftover_target,
1481,579,many-to-one,dn_687 dn_688,mkm_642,MrMartlet,MrMartlet,PROPN,PROPN,nsubj,nsubj,explicit_full,
1482,579,many-to-one,dn_687 dn_688,mkm_642,MrsMartlet,MrsMartlet,PROPN,PROPN,nsubj,nsubj,explicit_full,
1483,579,many-to-one,dn_687 dn_688,mkm_642,another-traveller,another-traveller,NOUN,NOUN,nsubj,nsubj,explicit_full,
1484,579,many-to-one,dn_687 dn_688,mkm_642,MISSING,another-traveller,MISSING,PRON,MISSING,nsubj,leftover_target,
1485,579,many-to-one,dn_687 dn_688,mkm_642,MISSING,another-traveller,MISSING,NULL,MISSING,nsubj,leftover_target,
1486,580,one-to-many,dn_689,mkm_643 mkm_644,MISSING,AlessandroMemmi,MISSING,NOUN,MISSING,obj,leftover_target,
1487,580,one-to-many,dn_689,mkm_643 mkm_644,MISSING,Giorgio,MISSING,PROPN,MISSING,nsubj,leftover_target,
1488,580,one-to-many,dn_689,mkm_643 mkm_644,MrMartlet,MrMartlet,PROPN,PROPN,nsubj,nsubj,explicit_full,
1489,580,one-to-many,dn_689,mkm_643 mkm_644,another-traveller,MISSING,NOUN,MISSING,obj,MISSING,leftover_source,
1490,580,one-to-many,dn_689,mkm_643 mkm_644,MISSING,chorus,MISSING,NOUN,MISSING,nsubj,leftover_target,
1491,581,many-to-one,dn_690 dn_691 dn_692,mkm_645,Giorgio,MISSING,PROPN,MISSING,nsubj,MISSING,leftover_source,
1492,581,many-to-one,dn_690 dn_691 dn_692,mkm_645,Giorgio,MISSING,PRON-REFLEX,MISSING,obj,MISSING,leftover_source,
1493,581,many-to-one,dn_690 dn_691 dn_692,mkm_645,MrMartlet another-traveller,MISSING,NOUN,MISSING,nsubj,MISSING,leftover_source,
1494,581,many-to-one,dn_690 dn_691 dn_692,mkm_645,MISSING,audience,MISSING,NOUN,MISSING,nsubj,leftover_target,
1495,581,many-to-one,dn_690 dn_691 dn_692,mkm_645,MISSING,audience,MISSING,NULL,MISSING,nsubj,leftover_target,
1496,582,one-to-one,dn_693,mkm_646,Giorgio,Giorgio,PRON,PRON,nsubj,nsubj,explicit_full,
1497,582,one-to-one,dn_693,mkm_646,Giorgio,MISSING,DET,MISSING,nmod,MISSING,leftover_source,
1498,583,one-to-one,dn_694,mkm_647,Giorgio,Giorgio,DET,PRON,nmod,nmod,explicit_ref_case,
1499,584,one-to-one,dn_695,mkm_648,Giorgio,Giorgio,NULL,PRON,nsubj,nsubj,zero_to_tgt_anchor,
1500,585,one-to-one,dn_696,mkm_649,Giorgio,Giorgio,DET,PRON,nmod,nmod,explicit_ref_case,
1501,586,many-to-one,dn_697 dn_698 dn_699,mkm_650,Giorgio,Giorgio,DET,PRON,nmod,nmod,explicit_ref_case,
1502,586,many-to-one,dn_697 dn_698 dn_699,mkm_650,Giorgio,Giorgio,PRON,NULL,nsubj,nsubj,zero_to_src_anchor,
1503,586,many-to-one,dn_697 dn_698 dn_699,mkm_650,MISSING,Giorgio,MISSING,NULL,MISSING,nsubj,leftover_target,
1504,587,one-to-one,dn_700,mkm_651,Giorgio,Giorgio,NULL,NULL,nsubj,nsubj,zero_zero_single,
1505,587,one-to-one,dn_700,mkm_651,MrMartlet,MrMartlet,PROPN,PROPN,nsubj,obj,explicit_ref_pos,
1506,588,one-to-one,dn_701,mkm_652,Giorgio,MISSING,PRON,MISSING,obj,MISSING,leftover_source,
1507,588,one-to-one,dn_701,mkm_652,Ippolita,Ippolita,PROPN,PROPN,nsubj,nsubj,explicit_full,
1508,589,one-to-one,dn_702,mkm_653,MISSING,MrMartlet,MISSING,NULL,MISSING,nsubj,leftover_target,
1509,590,one-to-one,dn_703,mkm_655,Ippolita,Ippolita,NULL,NULL,nsubj,nsubj,zero_zero_single,
1510,590,one-to-one,dn_703,mkm_655,MISSING,Ippolita,MISSING,PRON,MISSING,nsubj,leftover_target,
1511,591,one-to-one,dn_704,mkm_654,Giorgio,Giorgio,PRON,PRON,nsubj,nsubj,explicit_full,
1512,591,one-to-one,dn_704,mkm_654,MISSING,Giorgio,MISSING,NULL,MISSING,nsubj,leftover_target,
1513,593,many-to-one,dn_706 dn_707,mkm_657,Giorgio,MISSING,PRON,MISSING,obj,MISSING,leftover_source,
1514,593,many-to-one,dn_706 dn_707,mkm_657,MISSING,Ippolita,MISSING,NULL,MISSING,nsubj,leftover_target,
1515,593,many-to-one,dn_706 dn_707,mkm_657,MISSING,Ippolita,MISSING,NULL,MISSING,nsubj,leftover_target,
1516,594,one-to-one,dn_708,mkm_658,Giorgio,Giorgio,PRON,PRON,obj,obj,explicit_full,
1517,594,one-to-one,dn_708,mkm_658,Ippolita,Ippolita,PRON,PRON,nsubj,nsubj,explicit_full,
1518,594,one-to-one,dn_708,mkm_658,MISSING,Ippolita,MISSING,NULL,MISSING,nsubj,leftover_target,
1519,594,one-to-one,dn_708,mkm_658,MISSING,Ippolita,MISSING,NULL,MISSING,nsubj,leftover_target,
1520,595,one-to-one,dn_709,mkm_659,Giorgio,Giorgio,PRON,PRON,obj,nmod,explicit_ref_pos,
1521,595,one-to-one,dn_709,mkm_659,Ippolita,Ippolita,DET,PRON,nmod,nmod,explicit_ref_case,
1522,596,one-to-one,dn_710,mkm_660,Giorgio,Giorgio,PROPN,PROPN,nsubj,nsubj,explicit_full,
1523,597,one-to-one,dn_711,mkm_661,Ippolita,Ippolita,PRON,PRON,nsubj,nsubj,explicit_full,
1524,598,one-to-one,dn_712,mkm_662,Ippolita,Ippolita,DET,PRON,nmod,nmod,explicit_ref_case,
1525,600,many-to-one,dn_714 dn_715,mkm_664,Giorgio,Giorgio,PRON,PRON,obj,nsubj,explicit_ref_pos,
1526,600,many-to-one,dn_714 dn_715,mkm_664,Ippolita,Ippolita,PRON,PRON,nsubj,nsubj,explicit_full,
1527,600,many-to-one,dn_714 dn_715,mkm_664,Ippolita,Ippolita,NOUN,PRON,nmod,nmod,explicit_ref_case,
1528,600,many-to-one,dn_714 dn_715,mkm_664,Ippolita,MISSING,PRON-REFLEX,MISSING,obj,MISSING,leftover_source,
1529,601,many-to-one,dn_716 dn_717,mkm_665,Giorgio,MISSING,NULL,MISSING,nsubj,MISSING,leftover_source,
1530,602,one-to-one,dn_718,mkm_666,Ippolita,Ippolita,PROPN,PROPN,nsubj,nsubj,explicit_full,
1531,603,one-to-one,dn_719,mkm_667,MISSING,Giorgio Ippolita,MISSING,PRON,MISSING,obj,leftover_target,
1532,604,many-to-one,dn_720 dn_722,mkm_668,Giorgio,MISSING,NULL,MISSING,nsubj,MISSING,leftover_source,
1533,604,many-to-one,dn_720 dn_722,mkm_668,Giorgio Ippolita,Giorgio Ippolita,NULL,NULL,nsubj,nsubj,zero_zero_single,
1534,605,one-to-one,dn_721,mkm_669,Ippolita,Ippolita,PRON,PRON,nsubj,nsubj,explicit_full,
1535,607,many-to-one,dn_724 dn_725,mkm_671,Giorgio,Giorgio,NULL,NULL,nsubj,nsubj,zero_zero_single,
1536,610,one-to-one,dn_728,mkm_674,Giorgio,Giorgio,PROPN,PROPN,nsubj,nsubj,explicit_full,
1537,610,one-to-one,dn_728,mkm_674,Giorgio,MISSING,PRON-REFLEX,MISSING,obj,MISSING,leftover_source,
1538,612,one-to-one,dn_730,mkm_676,Giorgio,Giorgio,NULL,NULL,nsubj,nsubj,zero_zero_single,
1539,613,many-to-one,dn_731 dn_732,mkm_677,Giorgio,MISSING,NOUN,MISSING,vocative,MISSING,leftover_source,
1540,614,one-to-one,dn_733,mkm_678,man-on-the-train,man-on-the-train,NOUN,NOUN,nsubj,nsubj,explicit_full,
1541,614,one-to-one,dn_733,mkm_678,MISSING,man-on-the-train,MISSING,NULL,MISSING,nsubj,leftover_target,
1542,615,one-to-one,dn_734,mkm_679,Giorgio,Giorgio,NULL,NULL,nsubj,nsubj,zero_zero_single,
1543,616,one-to-one,dn_735,mkm_680,Giorgio,Giorgio,NULL,NULL,nsubj,nsubj,zero_zero_single,
1544,616,one-to-one,dn_735,mkm_680,Giorgio,MISSING,NOUN,MISSING,vocative,MISSING,leftover_source,
1545,617,many-to-one,dn_736 dn_737,mkm_681,Giorgio,Giorgio,NOUN,PROPN,obj,nsubj,explicit_ref_only,
1546,617,many-to-one,dn_736 dn_737,mkm_681,Ippolita,Ippolita,PROPN,PROPN,nsubj,nsubj,explicit_full,
1547,617,many-to-one,dn_736 dn_737,mkm_681,Ippolita,Ippolita,PRON,PRON,nmod,nmod,explicit_full,
1548,617,many-to-one,dn_736 dn_737,mkm_681,Ippolita,Ippolita,PRON-REFLEX,PRON,obj,obj,reflex_obj,
1549,617,many-to-one,dn_736 dn_737,mkm_681,MISSING,Ippolita,MISSING,NULL,MISSING,nsubj,leftover_target,
1550,617,many-to-one,dn_736 dn_737,mkm_681,MrMartlet MrsMartlet,MrMartlet MrsMartlet,NOUN,NOUN,nsubj,nsubj,explicit_full,
1551,617,many-to-one,dn_736 dn_737,mkm_681,MrMartlet MrsMartlet,MrMartlet MrsMartlet,NULL,NULL,nsubj,nsubj,zero_zero_single,
1552,618,one-to-one,dn_738,mkm_682,MISSING,Giorgio Ippolita,MISSING,NULL,MISSING,nsubj,leftover_target,
1553,620,one-to-one,dn_740,mkm_684,Giorgio,Giorgio,PROPN,PROPN,nsubj,nsubj,explicit_full,
1554,620,one-to-one,dn_740,mkm_684,Ippolita,Ippolita,PROPN,PROPN,nsubj,nsubj,explicit_full,
1555,620,one-to-one,dn_740,mkm_684,man-on-the-train,MISSING,NOUN,MISSING,obj,MISSING,leftover_source,
1556,621,one-to-one,dn_741,mkm_685,MISSING,Ippolita,MISSING,PROPN,MISSING,obj,leftover_target,
1557,621,one-to-one,dn_741,mkm_685,MrMartlet,MrMartlet,PROPN,PROPN,nsubj,nsubj,explicit_full,
1558,621,one-to-one,dn_741,mkm_685,MISSING,MrMartlet,MISSING,PRON,MISSING,obj,leftover_target,
1559,621,one-to-one,dn_741,mkm_685,MISSING,MrMartlet,MISSING,PRON,MISSING,nsubj,leftover_target,
1560,622,one-to-one,dn_742,mkm_686,Ippolita,Ippolita,PROPN,PRON,obj,nsubj,explicit_ref_only,
1561,622,one-to-one,dn_742,mkm_686,MISSING,Ippolita,MISSING,NULL,MISSING,nsubj,leftover_target,
1562,622,one-to-one,dn_742,mkm_686,MrMartlet,MISSING,PRON,MISSING,nsubj,MISSING,leftover_source,
1563,622,one-to-one,dn_742,mkm_686,MrMartlet,MISSING,PRON-REFLEX,MISSING,obj,MISSING,leftover_source,
1564,623,one-to-one,dn_743,mkm_687,MrMartlet,MrMartlet,PROPN,PROPN,vocative,vocative,explicit_full,
1565,624,one-to-one,dn_744,mkm_688,Ippolita,Ippolita,PRON,PRON,nsubj,nsubj,explicit_full,
1566,624,one-to-one,dn_744,mkm_688,MISSING,Ippolita,MISSING,NULL,MISSING,nsubj,leftover_target,
1567,624,one-to-one,dn_744,mkm_688,MISSING,Ippolita,MISSING,NULL,MISSING,nsubj,leftover_target,
1568,624,one-to-one,dn_744,mkm_688,MISSING,Ippolita,MISSING,NULL,MISSING,nsubj,leftover_target,
1569,624,one-to-one,dn_744,mkm_688,MISSING,Ippolita,MISSING,NULL,MISSING,nsubj,leftover_target,
1570,625,one-to-one,dn_745,mkm_689,Ippolita,Ippolita,PRON,PRON,obj,nsubj,explicit_ref_pos,
1571,625,one-to-one,dn_745,mkm_689,MrMartlet,MrMartlet,PRON,NOUN,obj,obj,explicit_ref_case,
1572,626,one-to-one,dn_746,mkm_690,Ippolita,Ippolita,NULL,PRON,nsubj,nsubj,zero_to_tgt_anchor,
1573,626,one-to-one,dn_746,mkm_690,MrMartlet,MrMartlet,PRON,PRON,obj,nmod,explicit_ref_pos,
1574,627,one-to-one,dn_747,mkm_691,Giorgio,Giorgio,PROPN,PROPN,obj,nmod,explicit_ref_pos,
1575,627,one-to-one,dn_747,mkm_691,Ippolita,MISSING,PRON-REFLEX,MISSING,obj,MISSING,leftover_source,
1576,627,one-to-one,dn_747,mkm_691,MISSING,Ippolita,MISSING,NULL,MISSING,nsubj,leftover_target,
1577,627,one-to-one,dn_747,mkm_691,MISSING,Ippolita,MISSING,NULL,MISSING,nsubj,leftover_target,
1578,629,many-to-one,dn_749 dn_750,mkm_693,MISSING,Giorgio Ippolita,MISSING,PRON,MISSING,obj,leftover_target,
1579,629,many-to-one,dn_749 dn_750,mkm_693,station-worker,station-worker,NOUN,NOUN,nsubj,nsubj,explicit_full,
1580,631,one-to-one,dn_752,mkm_695,Ippolita,Ippolita,PROPN,PROPN,nsubj,nsubj,explicit_full,
1581,633,many-to-one,dn_754 dn_755,mkm_697,Giorgio,Giorgio,PRON,PRON,nsubj,nsubj,explicit_full,
1582,633,many-to-one,dn_754 dn_755,mkm_697,Giorgio,MISSING,PRON,MISSING,obj,MISSING,leftover_source,
1583,633,many-to-one,dn_754 dn_755,mkm_697,MISSING,Giorgio,MISSING,NULL,MISSING,nsubj,leftover_target,
1584,633,many-to-one,dn_754 dn_755,mkm_697,Ippolita,Ippolita,PRON,PRON,nsubj,nsubj,explicit_full,
1585,633,many-to-one,dn_754 dn_755,mkm_697,Ippolita,Ippolita,NULL,NULL,nsubj,nsubj,zero_zero_single,
1586,634,many-to-one,dn_756 dn_757,mkm_698,Giorgio,Giorgio,PROPN,NOUN,vocative,vocative,explicit_ref_case,
1587,634,many-to-one,dn_756 dn_757,mkm_698,Giorgio,Giorgio,NULL,NULL,nsubj,nsubj,zero_zero_semantic,0.2933433603937343
1588,634,many-to-one,dn_756 dn_757,mkm_698,Giorgio,MISSING,NULL,MISSING,nsubj,MISSING,leftover_source,
1589,634,many-to-one,dn_756 dn_757,mkm_698,Giorgio,MISSING,PRON-REFLEX,MISSING,obj,MISSING,leftover_source,
1590,634,many-to-one,dn_756 dn_757,mkm_698,Giorgio,MISSING,PRON-REFLEX,MISSING,obj,MISSING,leftover_source,
1591,634,many-to-one,dn_756 dn_757,mkm_698,Giorgio,MISSING,NULL,MISSING,nsubj,MISSING,leftover_source,
1592,634,many-to-one,dn_756 dn_757,mkm_698,Ippolita,MISSING,PRON,MISSING,obj,MISSING,leftover_source,
1593,635,many-to-one,dn_758 dn_759,mkm_699,Giorgio,Giorgio,PRON,PRON,obj,nsubj,explicit_ref_pos,
1594,635,many-to-one,dn_758 dn_759,mkm_699,Giorgio Ippolita,Giorgio Ippolita,PRON,NOUN,nsubj,nsubj,explicit_ref_case,
1595,635,many-to-one,dn_758 dn_759,mkm_699,Giorgio Ippolita,MISSING,PRON-REFLEX,MISSING,obj,MISSING,leftover_source,
1596,635,many-to-one,dn_758 dn_759,mkm_699,Ippolita,Ippolita,PRON,PRON,nsubj,nsubj,explicit_full,
1597,640,one-to-one,dn_765,mkm_704,Giorgio Ippolita,Giorgio Ippolita,NOUN,NOUN,nsubj,nsubj,explicit_full,
1598,640,one-to-one,dn_765,mkm_704,Giorgio Ippolita,MISSING,PRON-REFLEX,MISSING,obj,MISSING,leftover_source,
1599,640,one-to-one,dn_765,mkm_704,MISSING,Giorgio Ippolita,MISSING,NULL,MISSING,nsubj,leftover_target,
1600,643,one-to-one,dn_768,mkm_708,Giorgio,MISSING,NULL,MISSING,nsubj,MISSING,leftover_source,
1601,644,one-to-one,dn_769,mkm_709,Ippolita,Ippolita,PROPN,PROPN,nsubj,nsubj,explicit_full,
1602,644,one-to-one,dn_769,mkm_709,MISSING,Ippolita,MISSING,NULL,MISSING,nsubj,leftover_target,
1603,646,one-to-one,dn_771,mkm_711,Ippolita,MISSING,PRON,MISSING,obj,MISSING,leftover_source,
1604,647,one-to-one,dn_772,mkm_712,Giorgio Ippolita,Giorgio Ippolita,NULL,NULL,nsubj,nsubj,zero_zero_single,
1605,648,one-to-one,dn_773,mkm_713,Giorgio,Giorgio,PROPN,PROPN,nsubj,nsubj,explicit_full,
1606,650,one-to-one,dn_775,mkm_715,Giorgio,Giorgio,PRON,PRON,nsubj,nsubj,explicit_full,
1607,651,one-to-one,dn_776,mkm_716,Giorgio Ippolita,Giorgio Ippolita,PRON,PRON,obj,nmod,explicit_ref_pos,
1608,652,one-to-one,dn_777,mkm_717,Giorgio Ippolita,Giorgio Ippolita,NULL,NULL,nsubj,nsubj,zero_zero_single,
1609,652,one-to-one,dn_777,mkm_717,MISSING,Giorgio Ippolita,MISSING,NOUN,MISSING,nsubj,leftover_target,
1610,653,one-to-one,dn_778,mkm_718,Giorgio Ippolita,Giorgio Ippolita,NULL,NULL,nsubj,nsubj,zero_zero_single,
1611,654,one-to-one,dn_779,mkm_719,Giorgio,Giorgio,DET,PRON,nmod,nmod,explicit_ref_case,
1612,654,one-to-one,dn_779,mkm_719,Ippolita,Ippolita,DET,PRON,nmod,obj,explicit_ref_only,
1613,655,one-to-one,dn_780,mkm_720,Giorgio,Giorgio,PROPN,PROPN,nsubj,nsubj,explicit_full,
1614,657,one-to-one,dn_782,mkm_722,Ippolita,Ippolita,PRON,PRON,nsubj,nsubj,explicit_full,
1615,658,one-to-one,dn_783,mkm_723,Giorgio,Giorgio,NULL,PRON,nsubj,nsubj,zero_to_tgt_anchor,
1616,658,one-to-one,dn_783,mkm_723,MISSING,Giorgio,MISSING,PRON,MISSING,nmod,leftover_target,
1617,658,one-to-one,dn_783,mkm_723,Ippolita,Ippolita,PRON,PRON,obj,obj,explicit_full,
1618,659,one-to-one,dn_784,mkm_724,Giorgio,Giorgio,PRON,PRON,nsubj,nsubj,explicit_full,
1619,659,one-to-one,dn_784,mkm_724,MISSING,Giorgio,MISSING,NULL,MISSING,nsubj,leftover_target,
1620,659,one-to-one,dn_784,mkm_724,MISSING,Giorgio,MISSING,NULL,MISSING,nsubj,leftover_target,
1621,660,one-to-one,dn_785,mkm_725,MISSING,Giorgio,MISSING,PRON,MISSING,obj,leftover_target,
1622,662,one-to-one,dn_787 dn_788,mkm_727 mkm_728,Giorgio,Giorgio,PRON,PRON,nsubj,nsubj,explicit_full,
1623,662,one-to-one,dn_787 dn_788,mkm_727 mkm_728,Giorgio,Giorgio,NULL,NULL,nsubj,nsubj,zero_zero_semantic,0.23632847898383547
1624,662,one-to-one,dn_787 dn_788,mkm_727 mkm_728,Giorgio,Giorgio,NULL,NULL,nsubj,nsubj,zero_zero_semantic,0.38888626917716873
1625,662,one-to-one,dn_787 dn_788,mkm_727 mkm_728,Giorgio,Giorgio,NULL,PRON,nsubj,nsubj,zero_to_tgt_anchor,
1626,663,one-to-one,dn_793,mkm_729,Giorgio,Giorgio,PRON,PRON,nsubj,nsubj,explicit_full,
1627,665,one-to-many,dn_795,mkm_731 mkm_732,Giorgio,Giorgio,PRON,PRON,nsubj,nsubj,explicit_full,
1628,665,one-to-many,dn_795,mkm_731 mkm_732,Giorgio,Giorgio,PRON,PRON,nsubj,nmod,explicit_ref_pos,
1629,665,one-to-many,dn_795,mkm_731 mkm_732,Giorgio,MISSING,PRON,MISSING,obj,MISSING,leftover_source,
1630,665,one-to-many,dn_795,mkm_731 mkm_732,Ippolita,Ippolita,PROPN,PROPN,nsubj,nsubj,explicit_full,
1631,665,one-to-many,dn_795,mkm_731 mkm_732,MISSING,Ippolita,MISSING,NULL,MISSING,nsubj,leftover_target,
1632,665,one-to-many,dn_795,mkm_731 mkm_732,MISSING,Ippolita,MISSING,NULL,MISSING,nsubj,leftover_target,
1633,665,one-to-many,dn_795,mkm_731 mkm_732,MISSING,Ippolita,MISSING,PRON,MISSING,obj,leftover_target,
1634,667,many-to-one,dn_797 dn_798 dn_799,mkm_734,Giorgio,Giorgio,PRON,PRON,nsubj,nsubj,explicit_full,
1635,667,many-to-one,dn_797 dn_798 dn_799,mkm_734,Giorgio,Giorgio,PRON,PRON,nsubj,nsubj,explicit_full,
1636,667,many-to-one,dn_797 dn_798 dn_799,mkm_734,MISSING,Giorgio,MISSING,PRON,MISSING,nsubj,leftover_target,
1637,667,many-to-one,dn_797 dn_798 dn_799,mkm_734,MISSING,Giorgio,MISSING,NULL,MISSING,nsubj,leftover_target,
1638,667,many-to-one,dn_797 dn_798 dn_799,mkm_734,MISSING,Giorgio,MISSING,NULL,MISSING,nsubj,leftover_target,
1639,667,many-to-one,dn_797 dn_798 dn_799,mkm_734,Ippolita,MISSING,NULL,MISSING,nsubj,MISSING,leftover_source,
1640,668,one-to-one,dn_800,mkm_735,Ippolita,Ippolita,PRON,PRON,nsubj,nsubj,explicit_full,
1641,669,one-to-many,dn_801,mkm_736 mkm_737,Giorgio,Giorgio,PRON,PRON,nsubj,nsubj,explicit_full,
1642,669,one-to-many,dn_801,mkm_736 mkm_737,Ippolita,Ippolita,PRON,PRON,obj,nsubj,explicit_ref_pos,
1643,669,one-to-many,dn_801,mkm_736 mkm_737,MISSING,Ippolita,MISSING,NULL,MISSING,nsubj,leftover_target,
1644,670,one-to-one,dn_802,mkm_738,Ippolita,Ippolita,PRON,PRON,nsubj,nsubj,explicit_full,
1645,670,one-to-one,dn_802,mkm_738,Ippolita,Ippolita,PROPN,PROPN,vocative,vocative,explicit_full,
1646,670,one-to-one,dn_802,mkm_738,Ippolita,Ippolita,PRON-REFLEX,PRON,obj,obj,reflex_obj,
1647,670,one-to-one,dn_802,mkm_738,Ippolita,MISSING,NULL,MISSING,nsubj,MISSING,leftover_source,
1648,671,one-to-one,dn_803,mkm_739,Giorgio,Giorgio,PRON,PRON,obj,nsubj,explicit_ref_pos,
1649,672,one-to-one,dn_804,mkm_740,Giorgio,Giorgio,NULL,PRON,nsubj,nsubj,zero_to_tgt_anchor,
1650,673,one-to-one,dn_805,mkm_741,Ippolita,Ippolita,NOUN,NOUN,nsubj,nsubj,explicit_full,
1651,673,one-to-one,dn_805,mkm_741,Ippolita,Ippolita,NULL,NULL,nsubj,nsubj,zero_zero_single,
1652,674,one-to-one,dn_806,mkm_742,Ippolita,Ippolita,NULL,PRON,nsubj,nsubj,zero_to_tgt_anchor,
1653,675,many-to-one,dn_807 dn_808,mkm_743,Giorgio,Giorgio,NULL,PRON,nsubj,nsubj,zero_to_tgt_anchor,
1654,675,many-to-one,dn_807 dn_808,mkm_743,Giorgio,Giorgio,NULL,PRON,nsubj,nsubj,zero_to_tgt_anchor,
1655,675,many-to-one,dn_807 dn_808,mkm_743,Giorgio,MISSING,NULL,MISSING,nsubj,MISSING,leftover_source,
1656,675,many-to-one,dn_807 dn_808,mkm_743,MISSING,Giorgio,MISSING,PRON,MISSING,nmod,leftover_target,
1657,675,many-to-one,dn_807 dn_808,mkm_743,Ippolita,Ippolita,PRON,PRON,obj,obj,explicit_full,
1658,675,many-to-one,dn_807 dn_808,mkm_743,Ippolita,Ippolita,PRON,PRON,obj,nmod,explicit_ref_pos,
1659,675,many-to-one,dn_807 dn_808,mkm_743,Ippolita,Ippolita,PRON,PRON,obj,nmod,explicit_ref_pos,
1660,675,many-to-one,dn_807 dn_808,mkm_743,Ippolita,Ippolita,PRON,PRON,obj,nsubj,explicit_ref_pos,
1661,675,many-to-one,dn_807 dn_808,mkm_743,Ippolitas-chaperon,Ippolitas-chaperon,NOUN,NOUN,obj,obj,explicit_full,
1662,676,many-to-one,dn_809 dn_810,mkm_744,Giorgio,Giorgio,NULL,PRON,nsubj,nsubj,zero_to_tgt_anchor,
1663,676,many-to-one,dn_809 dn_810,mkm_744,Ippolita,Ippolita,PRON,PRON,nsubj,nsubj,explicit_full,
1664,676,many-to-one,dn_809 dn_810,mkm_744,Ippolita,MISSING,PRON-REFLEX,MISSING,obj,MISSING,leftover_source,
1665,677,many-to-one,dn_811 dn_812,mkm_745,Giorgio,Giorgio,NULL,PRON,nsubj,nsubj,zero_to_tgt_anchor,
1666,677,many-to-one,dn_811 dn_812,mkm_745,Ippolita,Ippolita,PRON,PRON,obj,nmod,explicit_ref_pos,
1667,677,many-to-one,dn_811 dn_812,mkm_745,Ippolita,MISSING,NULL,MISSING,nsubj,MISSING,leftover_source,
1668,678,one-to-one,dn_813,mkm_746,Ippolita,Ippolita,PROPN,PROPN,nsubj,nsubj,explicit_full,
1669,678,one-to-one,dn_813,mkm_746,MISSING,Ippolita,MISSING,NULL,MISSING,nsubj,leftover_target,
1670,679,one-to-many,dn_814,mkm_747 mkm_749,Ippolita,Ippolita,NULL,PRON,nsubj,nsubj,zero_to_tgt_anchor,
1671,680,one-to-one,dn_815,mkm_748,Ippolita,Ippolita,PRON,PRON,nsubj,nsubj,explicit_full,
1672,681,one-to-one,dn_816,mkm_750,Ippolita,Ippolita,NULL,PRON,nsubj,nsubj,zero_to_tgt_anchor,
1673,681,one-to-one,dn_816,mkm_750,Ippolita,MISSING,PRON-REFLEX,MISSING,obj,MISSING,leftover_source,
1674,682,one-to-one,dn_817,mkm_751,Ippolita,Ippolita,NULL,PRON,nsubj,nsubj,zero_to_tgt_anchor,
1675,684,one-to-one,dn_820,mkm_753,Giorgio Ippolita,Giorgio Ippolita,PRON,NOUN,nsubj,nsubj,explicit_ref_case,
1676,684,one-to-one,dn_820,mkm_753,MISSING,Giorgio Ippolita,MISSING,NULL,MISSING,nsubj,leftover_target,
1677,685,one-to-one,dn_821,mkm_754,Ippolita,Ippolita,PROPN,PROPN,nsubj,nsubj,explicit_full,
1678,686,one-to-one,dn_822,mkm_755,Giorgio Ippolita,Giorgio Ippolita,DET,PRON,nmod,nmod,explicit_ref_case,
1679,686,one-to-one,dn_822,mkm_755,Giorgio Ippolita,Giorgio Ippolita,PRON,PRON,obj,nmod,explicit_ref_pos,
1680,687,one-to-one,dn_823,mkm_756,Giorgio Ippolita,Giorgio Ippolita,PRON,PRON,nsubj,nsubj,explicit_full,
1681,687,one-to-one,dn_823,mkm_756,MISSING,Giorgio Ippolita,MISSING,NULL,MISSING,nsubj,leftover_target,
1682,687,one-to-one,dn_823,mkm_756,MISSING,Giorgio Ippolita,MISSING,PRON,MISSING,obj,leftover_target,
1683,688,one-to-many,dn_824,mkm_757 mkm_758,Giorgio Ippolita,Giorgio Ippolita,NOUN,PRON,nmod,nmod,explicit_ref_case,
1684,688,one-to-many,dn_824,mkm_757 mkm_758,Giorgio Ippolita,Giorgio Ippolita,PRON,NULL,nsubj,nsubj,zero_to_src_anchor,
1685,688,one-to-many,dn_824,mkm_757 mkm_758,MISSING,Giorgio Ippolita,MISSING,NULL,MISSING,nsubj,leftover_target,
1686,689,many-to-one,dn_825 dn_826,mkm_759,Giorgio Ippolita,Giorgio Ippolita,PRON,PRON,nsubj,nsubj,explicit_full,
1687,689,many-to-one,dn_825 dn_826,mkm_759,MISSING,Giorgio Ippolita,MISSING,PRON,MISSING,nmod,leftover_target,
1688,689,many-to-one,dn_825 dn_826,mkm_759,MISSING,Giorgio Ippolita,MISSING,NULL,MISSING,nsubj,leftover_target,
1689,689,many-to-one,dn_825 dn_826,mkm_759,MISSING,Giorgio Ippolita,MISSING,PRON,MISSING,obj,leftover_target,
1690,689,many-to-one,dn_825 dn_826,mkm_759,MISSING,Giorgio Ippolita,MISSING,NULL,MISSING,nsubj,leftover_target,
1691,689,many-to-one,dn_825 dn_826,mkm_759,MISSING,Giorgio Ippolita,MISSING,PRON,MISSING,nmod,leftover_target,
1692,689,many-to-one,dn_825 dn_826,mkm_759,MISSING,Giorgio Ippolita,MISSING,NULL,MISSING,nsubj,leftover_target,
1693,689,many-to-one,dn_825 dn_826,mkm_759,MISSING,Giorgio Ippolita,MISSING,NULL,MISSING,nsubj,leftover_target,
1694,689,many-to-one,dn_825 dn_826,mkm_759,MISSING,Giorgio Ippolita,MISSING,NULL,MISSING,nsubj,leftover_target,
1695,690,one-to-one,dn_827,mkm_760,Giorgio Ippolita,Giorgio Ippolita,DET,PRON,nmod,nmod,explicit_ref_case,
1696,691,one-to-one,dn_828,mkm_761,Giorgio,Giorgio,NULL,NULL,nsubj,nsubj,zero_zero_single,
1697,692,one-to-one,dn_829,mkm_762,Ippolita,Ippolita,PROPN,PROPN,nsubj,nsubj,explicit_full,
1698,692,one-to-one,dn_829,mkm_762,MISSING,Ippolita,MISSING,NULL,MISSING,nsubj,leftover_target,
1699,693,one-to-one,dn_830,mkm_763,Ippolita,Ippolita,PRON,PRON,nsubj,nsubj,explicit_full,
1700,693,one-to-one,dn_830,mkm_763,MISSING,Ippolita,MISSING,PRON,MISSING,nsubj,leftover_target,
1701,694,one-to-one,dn_831,mkm_764,Giorgio,Giorgio,PROPN,PROPN,nsubj,nsubj,explicit_full,
1702,694,one-to-one,dn_831,mkm_764,MISSING,Giorgio,MISSING,NULL,MISSING,nsubj,leftover_target,
1703,694,one-to-one,dn_831,mkm_764,Ippolita,Ippolita,PRON,PRON,obj,obj,explicit_full,
1704,695,one-to-one,dn_832,mkm_765,MISSING,Giorgio,MISSING,NULL,MISSING,nsubj,leftover_target,
1705,695,one-to-one,dn_832,mkm_765,Giorgio Ippolita,MISSING,PRON,MISSING,nsubj,MISSING,leftover_source,
1706,695,one-to-one,dn_832,mkm_765,MISSING,Ippolita,MISSING,NOUN,MISSING,nmod,leftover_target,
1707,696,one-to-one,dn_833,mkm_766,Giorgio Ippolita,Giorgio Ippolita,NULL,PRON,nsubj,nsubj,zero_to_tgt_anchor,
1708,696,one-to-one,dn_833,mkm_766,Giorgio Ippolita,MISSING,NULL,MISSING,nsubj,MISSING,leftover_source,
1709,700,one-to-one,dn_837,mkm_770,Ippolita,Ippolita,PROPN,PROPN,vocative,vocative,explicit_full,
1710,701,one-to-one,dn_838,mkm_771,Giorgio,Giorgio,PROPN,PROPN,nsubj,nsubj,explicit_full,
1711,701,one-to-one,dn_838,mkm_771,MISSING,Giorgio,MISSING,NULL,MISSING,nsubj,leftover_target,
1712,702,one-to-one,dn_839,mkm_772,Giorgio,Giorgio,NULL,NULL,nsubj,nsubj,zero_zero_semantic,0.36543190404381504
1713,702,one-to-one,dn_839,mkm_772,Giorgio,MISSING,NULL,MISSING,nsubj,MISSING,leftover_source,
1714,702,one-to-one,dn_839,mkm_772,MISSING,Giorgio,MISSING,PRON,MISSING,nmod,leftover_target,
1715,702,one-to-one,dn_839,mkm_772,Ippolita,MISSING,PRON-REFLEX,MISSING,obj,MISSING,leftover_source,
1716,702,one-to-one,dn_839,mkm_772,Ippolita,MISSING,NULL,MISSING,nsubj,MISSING,leftover_source,
1717,702,one-to-one,dn_839,mkm_772,MISSING,Ippolita,MISSING,PRON,MISSING,nmod,leftover_target,
1718,703,one-to-one,dn_840,mkm_773,Giorgio,MISSING,NULL,MISSING,nsubj,MISSING,leftover_source,
1719,703,one-to-one,dn_840,mkm_773,Giorgio,MISSING,NULL,MISSING,nsubj,MISSING,leftover_source,
1720,703,one-to-one,dn_840,mkm_773,MISSING,Giorgio,MISSING,PRON,MISSING,obj,leftover_target,
1721,703,one-to-one,dn_840,mkm_773,Ippolita,MISSING,DET,MISSING,nmod,MISSING,leftover_source,
1722,704,one-to-one,dn_841,mkm_774,Giorgio,Giorgio,DET,PRON,nmod,obj,explicit_ref_only,
1723,704,one-to-one,dn_841,mkm_774,Giorgios-younger-sister-Ippolita,Giorgios-younger-sister-Ippolita,NOUN,NOUN,nsubj,nsubj,explicit_full,
1724,704,one-to-one,dn_841,mkm_774,Giorgios-younger-sister-Ippolita,MISSING,PRON-REFLEX,MISSING,obj,MISSING,leftover_source,
1725,705,one-to-one,dn_842,mkm_775,Giorgio,Giorgio,PRON,PRON,obj,obj,explicit_full,
1726,705,one-to-one,dn_842,mkm_775,MISSING,Ippolita,MISSING,PRON,MISSING,nmod,leftover_target,
1727,706,one-to-one,dn_843 dn_844,mkm_776 mkm_777 mkm_778,Giorgio,Giorgio,DET,PRON,nmod,nmod,explicit_ref_case,
1728,706,one-to-one,dn_843 dn_844,mkm_776 mkm_777 mkm_778,Giorgio,Giorgio,NULL,PRON,nsubj,nsubj,zero_to_tgt_anchor,
1729,706,one-to-one,dn_843 dn_844,mkm_776 mkm_777 mkm_778,MISSING,Giorgio,MISSING,PRON,MISSING,nsubj,leftover_target,
1730,707,one-to-one,dn_845,mkm_779,Giorgio,Giorgio,DET,PRON,nmod,nmod,explicit_ref_case,
1731,707,one-to-one,dn_845,mkm_779,Giorgios-younger-sister-Ippolita,Giorgios-younger-sister-Ippolita,NOUN,NOUN,nmod,nmod,explicit_full,
1732,708,one-to-many,dn_846,mkm_780 mkm_781 mkm_782,Giorgio,Giorgio,PRON,PRON,nsubj,nsubj,explicit_full,
1733,708,one-to-many,dn_846,mkm_780 mkm_781 mkm_782,Giorgio,Giorgio,PRON,PRON,obj,obj,explicit_full,
1734,708,one-to-many,dn_846,mkm_780 mkm_781 mkm_782,Giorgio,Giorgio,PRON,PRON,obj,obj,explicit_full,
1735,708,one-to-many,dn_846,mkm_780 mkm_781 mkm_782,Giorgio,Giorgio,PRON,PRON,obj,nsubj,explicit_ref_pos,
1736,708,one-to-many,dn_846,mkm_780 mkm_781 mkm_782,Giorgio,Giorgio,NULL,NULL,nsubj,nsubj,zero_zero_semantic,0.395833228491483
1737,708,one-to-many,dn_846,mkm_780 mkm_781 mkm_782,Giorgio,Giorgio,NULL,NULL,nsubj,nsubj,zero_zero_semantic,0.5660113899147191
1738,708,one-to-many,dn_846,mkm_780 mkm_781 mkm_782,Giorgio,Giorgio,NULL,NULL,nsubj,nsubj,zero_zero_semantic,0.47154504319717044
1739,708,one-to-many,dn_846,mkm_780 mkm_781 mkm_782,MISSING,Giorgio,MISSING,PRON,MISSING,nsubj,leftover_target,
1740,708,one-to-many,dn_846,mkm_780 mkm_781 mkm_782,Ippolita,Ippolita,PRON,PRON,obj,obj,explicit_full,
1741,708,one-to-many,dn_846,mkm_780 mkm_781 mkm_782,Ippolita,Ippolita,PRON,PRON,nsubj,nsubj,explicit_full,
1742,708,one-to-many,dn_846,mkm_780 mkm_781 mkm_782,Ippolita,Ippolita,PRON,PRON,obj,nmod,explicit_ref_pos,
1743,708,one-to-many,dn_846,mkm_780 mkm_781 mkm_782,Ippolita,Ippolita,NULL,NULL,nsubj,nsubj,zero_zero_semantic,0.292650576057281
1744,708,one-to-many,dn_846,mkm_780 mkm_781 mkm_782,Ippolita,MISSING,NULL,MISSING,nsubj,MISSING,leftover_source,
1745,710,one-to-many,dn_848,mkm_784 mkm_785,Giorgio,Giorgio,DET,PRON,nmod,nsubj,explicit_ref_only,
1746,710,one-to-many,dn_848,mkm_784 mkm_785,Giorgio,Giorgio,NULL,NULL,nsubj,nsubj,zero_zero_semantic,0.1963236208305185
1747,710,one-to-many,dn_848,mkm_784 mkm_785,Giorgio,Giorgio,NULL,PRON,nsubj,nsubj,zero_to_tgt_anchor,
1748,711,one-to-one,dn_849,mkm_786,Giorgio,Giorgio,NULL,PRON,nsubj,nsubj,zero_to_tgt_anchor,
1749,711,one-to-one,dn_849,mkm_786,Giorgio,MISSING,NULL,MISSING,nsubj,MISSING,leftover_source,
1750,711,one-to-one,dn_849,mkm_786,GiovanniSgambati,MISSING,PROPN,MISSING,nmod,MISSING,leftover_source,
1751,711,one-to-one,dn_849,mkm_786,Ippolita,Ippolita,PRON,PRON,obj,obj,explicit_full,
1752,711,one-to-one,dn_849,mkm_786,Ippolita,Ippolita,PRON,PRON,nsubj,nsubj,explicit_full,
1753,711,one-to-one,dn_849,mkm_786,Ippolita,MISSING,PRON,MISSING,obj,MISSING,leftover_source,
1754,712,one-to-one,dn_850,mkm_787,Giorgio,Giorgio,PRON,PRON,obj,obj,explicit_full,
1755,712,one-to-one,dn_850,mkm_787,Ippolita,Ippolita,NULL,PRON,nsubj,nsubj,zero_to_tgt_anchor,
1756,713,many-to-one,dn_851 dn_852,mkm_788,Giorgio,Giorgio,PRON,PRON,obj,obj,explicit_full,
1757,713,many-to-one,dn_851 dn_852,mkm_788,Giorgio Ippolita,MISSING,PRON-REFLEX,MISSING,obj,MISSING,leftover_source,
1758,713,many-to-one,dn_851 dn_852,mkm_788,Giorgio Ippolita,MISSING,NULL,MISSING,nsubj,MISSING,leftover_source,
1759,713,many-to-one,dn_851 dn_852,mkm_788,Ippolita,Ippolita,NULL,NULL,nsubj,nsubj,zero_zero_semantic,0.45676366728113804
1760,713,many-to-one,dn_851 dn_852,mkm_788,Ippolita,Ippolita,NULL,PRON,nsubj,nsubj,zero_to_tgt_anchor,
1761,713,many-to-one,dn_851 dn_852,mkm_788,Ippolita,MISSING,PRON-REFLEX,MISSING,obj,MISSING,leftover_source,
1762,714,one-to-one,dn_853,mkm_789,Ippolita,Ippolita,NULL,NULL,nsubj,nsubj,zero_zero_single,
1763,714,one-to-one,dn_853,mkm_789,Ippolita,MISSING,PRON,MISSING,obj,MISSING,leftover_source,
1764,715,one-to-one,dn_854,mkm_790,Cecilia,Cecilia,NOUN,NOUN,obj,nsubj,explicit_ref_pos,
1765,715,one-to-one,dn_854,mkm_790,Ippolita,Ippolita,PRON,PRON,obj,nsubj,explicit_ref_pos,
1766,715,one-to-one,dn_854,mkm_790,Ippolita,MISSING,NULL,MISSING,nsubj,MISSING,leftover_source,
1767,716,many-to-one,dn_855 dn_856,mkm_791,Cecilia,Cecilia,PROPN,PROPN,pred,pred,explicit_full,
1768,716,many-to-one,dn_855 dn_856,mkm_791,Cecilia,Cecilia,NOUN,PRON,pred,nmod,explicit_ref_only,
1769,716,many-to-one,dn_855 dn_856,mkm_791,Ippolita,MISSING,DET,MISSING,nmod,MISSING,leftover_source,
1770,717,one-to-one,dn_857,mkm_792,Giorgio,Giorgio,PRON,PRON,nsubj,nsubj,explicit_full,
1771,717,one-to-one,dn_857,mkm_792,Giorgio,MISSING,PRON-REFLEX,MISSING,obj,MISSING,leftover_source,
1772,717,one-to-one,dn_857,mkm_792,MISSING,Giorgio,MISSING,NULL,MISSING,nsubj,leftover_target,
1773,717,one-to-one,dn_857,mkm_792,Ippolita,Ippolita,PRON,PRON,obj,obj,explicit_full,
1774,718,many-to-one,dn_858 dn_859,mkm_793,Giorgio,Giorgio,NULL,PRON,nsubj,nsubj,zero_to_tgt_anchor,
1775,718,many-to-one,dn_858 dn_859,mkm_793,Giorgio Ippolita,Giorgio Ippolita,NOUN,PRON,nsubj,nmod,explicit_ref_only,
1776,718,many-to-one,dn_858 dn_859,mkm_793,Ippolita,Ippolita,NULL,PRON,nsubj,nsubj,zero_to_tgt_anchor,
1777,719,one-to-one,dn_860,mkm_794,Giorgio,MISSING,PRON,MISSING,obj,MISSING,leftover_source,
1778,720,one-to-one,dn_861,mkm_795,Giorgio,MISSING,NULL,MISSING,nsubj,MISSING,leftover_source,
1779,720,one-to-one,dn_861,mkm_795,MISSING,Ippolita,MISSING,PRON,MISSING,nmod,leftover_target,
1780,721,one-to-one,dn_862,mkm_796,Ippolita,Ippolita,NULL,NULL,nsubj,nsubj,zero_zero_single,
1781,721,one-to-one,dn_862,mkm_796,Ippolita,MISSING,PRON-REFLEX,MISSING,obj,MISSING,leftover_source,
1782,723,one-to-one,dn_864,mkm_798,Giorgio,Giorgio,DET,PRON,nmod,nsubj,explicit_ref_only,
1783,724,one-to-one,dn_865,mkm_799,Giorgio,Giorgio,NULL,NULL,nsubj,nsubj,zero_zero_single,
1784,724,one-to-one,dn_865,mkm_799,MISSING,Giorgio,MISSING,PRON,MISSING,nsubj,leftover_target,
1785,725,one-to-many,dn_866,mkm_800 mkm_801,Giorgio,Giorgio,DET,PRON,obj,nsubj,explicit_ref_only,
1786,725,one-to-many,dn_866,mkm_800 mkm_801,Giorgio,Giorgio,NULL,PRON,nsubj,nsubj,zero_to_tgt_anchor,
1787,725,one-to-many,dn_866,mkm_800 mkm_801,Giorgio,MISSING,NULL,MISSING,nsubj,MISSING,leftover_source,
1788,725,one-to-many,dn_866,mkm_800 mkm_801,Ippolita,Ippolita,PRON,PRON,obj,obj,explicit_full,
1789,726,one-to-one,dn_867,mkm_802,Giorgio,Giorgio,PRON,NULL,nsubj,nsubj,zero_to_src_anchor,
1790,727,many-to-one,dn_868 dn_869,mkm_803,Giorgio,Giorgio,PRON,PRON,obj,nsubj,explicit_ref_pos,
1791,727,many-to-one,dn_868 dn_869,mkm_803,Giorgio,MISSING,DET,MISSING,nmod,MISSING,leftover_source,
1792,727,many-to-one,dn_868 dn_869,mkm_803,Giorgio,MISSING,DET,MISSING,nmod,MISSING,leftover_source,
1793,727,many-to-one,dn_868 dn_869,mkm_803,MISSING,Giorgio,MISSING,NULL,MISSING,nsubj,leftover_target,
1794,727,many-to-one,dn_868 dn_869,mkm_803,MISSING,Giorgio,MISSING,NULL,MISSING,nsubj,leftover_target,
1795,728,one-to-one,dn_870,mkm_804,Giorgio,Giorgio,PRON,PRON,obj,nsubj,explicit_ref_pos,
1796,728,one-to-one,dn_870,mkm_804,Giorgio,MISSING,PRON-REFLEX,MISSING,obj,MISSING,leftover_source,
1797,728,one-to-one,dn_870,mkm_804,Giorgio,MISSING,NULL,MISSING,nsubj,MISSING,leftover_source,
1798,729,one-to-many,dn_871,mkm_805 mkm_806,Beethoven,Beethoven,PROPN,PROPN,nmod,nmod,explicit_full,
1799,729,one-to-many,dn_871,mkm_805 mkm_806,Giorgio,Giorgio,DET,PRON,nmod,nsubj,explicit_ref_only,
1800,729,one-to-many,dn_871,mkm_805 mkm_806,Giorgio,Giorgio,NULL,NULL,nsubj,nsubj,zero_zero_semantic,0.5499050045967948
1801,729,one-to-many,dn_871,mkm_805 mkm_806,Giorgio,Giorgio,NULL,NULL,nsubj,nsubj,zero_zero_semantic,0.2563568949074808
1802,729,one-to-many,dn_871,mkm_805 mkm_806,Giorgio,Giorgio,PRON-REFLEX,PRON,obj,obj,reflex_obj,
1803,729,one-to-many,dn_871,mkm_805 mkm_806,Giorgio,MISSING,PRON-REFLEX,MISSING,obj,MISSING,leftover_source,
1804,729,one-to-many,dn_871,mkm_805 mkm_806,Ippolita,Ippolita,NOUN,PRON,nsubj,nmod,explicit_ref_only,
1805,730,one-to-one,dn_872,mkm_807,Giorgio,Giorgio,PRON,PRON,obj,nsubj,explicit_ref_pos,
1806,730,one-to-one,dn_872,mkm_807,Giorgio,Giorgio,PRON,PRON,obj,nmod,explicit_ref_pos,
1807,730,one-to-one,dn_872,mkm_807,Ippolita,Ippolita,PROPN,PROPN,nsubj,nsubj,explicit_full,
1808,730,one-to-one,dn_872,mkm_807,Ippolita,Ippolita,PRON,NULL,nsubj,nsubj,zero_to_src_anchor,
1809,731,one-to-one,dn_873,mkm_808,Giorgio,MISSING,PRON,MISSING,obj,MISSING,leftover_source,
1810,732,one-to-one,dn_874,mkm_809,Giorgio,MISSING,PRON,MISSING,obj,MISSING,leftover_source,
1811,733,one-to-one,dn_875,mkm_810,Giorgio,Giorgio,DET,PRON,nmod,nmod,explicit_ref_case,
1812,734,one-to-one,dn_876,mkm_811,Giorgio,Giorgio,PROPN,PROPN,nsubj,nsubj,explicit_full,
1813,734,one-to-one,dn_876,mkm_811,Giorgio,MISSING,NULL,MISSING,nsubj,MISSING,leftover_source,
1814,735,one-to-one,dn_877,mkm_812,Giorgio,MISSING,PRON,MISSING,obj,MISSING,leftover_source,
1815,736,one-to-one,dn_878,mkm_813,Ippolita,Ippolita,NULL,NULL,nsubj,nsubj,zero_zero_single,
1816,736,one-to-one,dn_878,mkm_813,Ippolita,MISSING,PRON-REFLEX,MISSING,obj,MISSING,leftover_source,
1817,738,one-to-one,dn_881 dn_882 dn_883 dn_884,mkm_815 mkm_816,Ippolita,Ippolita,NULL,NULL,nsubj,nsubj,zero_zero_single,
1818,738,one-to-one,dn_881 dn_882 dn_883 dn_884,mkm_815 mkm_816,Ippolita,MISSING,PRON-REFLEX,MISSING,obj,MISSING,leftover_source,
1819,740,one-to-one,dn_886,mkm_818,audience,audience,NOUN,NOUN,nsubj,vocative,explicit_ref_pos,
1820,741,one-to-one,dn_887,mkm_819,AlessandroMemmi,AlessandroMemmi,PROPN,PROPN,nsubj,nsubj,explicit_full,
1821,741,one-to-one,dn_887,mkm_819,AlessandroMemmi,MISSING,NULL,MISSING,nsubj,MISSING,leftover_source,
1822,741,one-to-one,dn_887,mkm_819,AlessandroMemmi,MISSING,DET,MISSING,nmod,MISSING,leftover_source,
1823,741,one-to-one,dn_887,mkm_819,audience,audience,NOUN,NOUN,obj,obj,explicit_full,
1824,742,one-to-one,dn_888,mkm_820,Ippolita,Ippolita,PRON,PRON,nsubj,nsubj,explicit_full,
1825,742,one-to-one,dn_888,mkm_820,Ippolita,Ippolita,NOUN,PRON,vocative,nsubj,explicit_ref_only,
1826,742,one-to-one,dn_888,mkm_820,audience,audience,NOUN,NOUN,obj,obj,explicit_full,
1827,743,one-to-one,dn_889,mkm_821,Ippolita,MISSING,NULL,MISSING,nsubj,MISSING,leftover_source,
1828,743,one-to-one,dn_889,mkm_821,MrMartlet,MrMartlet,PROPN,PROPN,nsubj,nsubj,explicit_full,
1829,743,one-to-one,dn_889,mkm_821,MrMartlet,MrMartlet,PROPN,PROPN,nsubj,nsubj,explicit_full,
1830,743,one-to-one,dn_889,mkm_821,MrMartlet,MISSING,NULL,MISSING,nsubj,MISSING,leftover_source,
1831,743,one-to-one,dn_889,mkm_821,MISSING,MrMartlet,MISSING,NOUN,MISSING,pred,leftover_target,
1832,743,one-to-one,dn_889,mkm_821,MISSING,MrMartlet,MISSING,PRON,MISSING,nmod,leftover_target,
1833,743,one-to-one,dn_889,mkm_821,MISSING,MrMartlet MrsMartlet,MISSING,NOUN,MISSING,nsubj,leftover_target,
1834,743,one-to-one,dn_889,mkm_821,MrsMartlet,MISSING,NOUN,MISSING,nsubj,MISSING,leftover_source,
1835,744,one-to-one,dn_890,mkm_822,Boll,Boll,PROPN,NOUN,nmod,nmod,explicit_ref_case,
1836,744,one-to-one,dn_890,mkm_822,Boll,MISSING,NOUN,MISSING,nsubj,MISSING,leftover_source,
1837,744,one-to-one,dn_890,mkm_822,Ippolita,Ippolita,NOUN,PRON,obj,nmod,explicit_ref_only,
1838,744,one-to-one,dn_890,mkm_822,MargheritaTraubeBoll,MargheritaTraubeBoll,NOUN,NOUN,pred,pred,explicit_full,
1839,744,one-to-one,dn_890,mkm_822,MargheritaTraubeBoll,MargheritaTraubeBoll,NOUN,PROPN,nsubj,nsubj,explicit_ref_case,
1840,744,one-to-one,dn_890,mkm_822,MargheritaTraubeBoll,MISSING,PROPN,MISSING,pred,MISSING,leftover_source,
1841,744,one-to-one,dn_890,mkm_822,MargheritaTraubeBoll,MISSING,NOUN,MISSING,pred,MISSING,leftover_source,
1842,744,one-to-one,dn_890,mkm_822,MISSING,MargheritaTraubeBoll,MISSING,NULL,MISSING,nsubj,leftover_target,
1843,745,one-to-many,dn_891,mkm_823 mkm_824,Fleichl,Fleichl,NOUN,NOUN,nsubj,nsubj,explicit_full,
1844,745,one-to-many,dn_891,mkm_823 mkm_824,Fleichl,Fleichl,NOUN,NOUN,pred,pred,explicit_full,
1845,745,one-to-many,dn_891,mkm_823 mkm_824,Fleichl,Fleichl,NOUN,NOUN,pred,pred,explicit_full,
1846,745,one-to-many,dn_891,mkm_823 mkm_824,Fleichl,Fleichl,NOUN,NOUN,pred,pred,explicit_full,
1847,745,one-to-many,dn_891,mkm_823 mkm_824,Fleichl,Fleichl,NOUN,PROPN,pred,pred,explicit_ref_case,
1848,745,one-to-many,dn_891,mkm_823 mkm_824,Fleichl,Fleichl,PROPN,NULL,nsubj,nsubj,zero_to_src_anchor,
1849,745,one-to-many,dn_891,mkm_823 mkm_824,SebastianBach,SebastianBach,PROPN,PROPN,nmod,nmod,explicit_full,
1850,746,one-to-one,dn_892,mkm_825,Castracane,Castracane,NOUN,NOUN,nsubj,nsubj,explicit_full,
1851,746,one-to-one,dn_892,mkm_825,Castracane,Castracane,PROPN,PROPN,pred,pred,explicit_full,
1852,746,one-to-one,dn_892,mkm_825,Castracane,MISSING,NOUN,MISSING,pred,MISSING,leftover_source,
1853,747,one-to-one,dn_893,mkm_826,MISSING,Castracane,MISSING,NOUN,MISSING,obj,leftover_target,
1854,747,one-to-one,dn_893,mkm_826,Cuboni,Cuboni,PROPN,PROPN,nsubj,nsubj,explicit_full,
1855,747,one-to-one,dn_893,mkm_826,Cuboni,Cuboni,NOUN,NOUN,nsubj,pred,explicit_ref_pos,
1856,747,one-to-one,dn_893,mkm_826,Cuboni,Cuboni,NOUN,NOUN,nsubj,pred,explicit_ref_pos,
1857,747,one-to-one,dn_893,mkm_826,Cuboni,MISSING,NOUN,MISSING,nsubj,MISSING,leftover_source,
1858,748,one-to-one,dn_894,mkm_827,JacopoMoleschott,JacopoMoleschott,PROPN,PROPN,nsubj,nsubj,explicit_full,
1859,748,one-to-one,dn_894,mkm_827,JacopoMoleschott,JacopoMoleschott,NOUN,NOUN,nsubj,pred,explicit_ref_pos,
1860,748,one-to-one,dn_894,mkm_827,JacopoMoleschott,JacopoMoleschott,NOUN,NOUN,nsubj,nmod,explicit_ref_pos,
1861,749,one-to-many,dn_895,mkm_828 mkm_829,Blaserna,Blaserna,PROPN,PROPN,nsubj,nsubj,explicit_full,
1862,749,one-to-many,dn_895,mkm_828 mkm_829,Blaserna,MISSING,NOUN,MISSING,nsubj,MISSING,leftover_source,
1863,749,one-to-many,dn_895,mkm_828 mkm_829,Davis,Davis,PROPN,PROPN,nsubj,nsubj,explicit_full,
1864,749,one-to-many,dn_895,mkm_828 mkm_829,Davis,Davis,NOUN,NOUN,nsubj,nsubj,explicit_full,
1865,749,one-to-many,dn_895,mkm_828 mkm_829,Davis,Davis,NOUN,NOUN,nsubj,pred,explicit_ref_pos,
1866,749,one-to-many,dn_895,mkm_828 mkm_829,MISSING,Davis,MISSING,NULL,MISSING,nsubj,leftover_target,
1867,749,one-to-many,dn_895,mkm_828 mkm_829,Helmholtz,Helmholtz,PROPN,PROPN,nmod,nmod,explicit_full,
1868,750,many-to-one,dn_896 dn_897,mkm_830,audience,audience,NOUN,NOUN,nsubj,nsubj,explicit_full,
1869,750,many-to-one,dn_896 dn_897,mkm_830,audience,audience,NOUN,NOUN,pred,pred,explicit_full,
1870,750,many-to-one,dn_896 dn_897,mkm_830,audience,audience,NOUN,NOUN,pred,pred,explicit_full,
1871,750,many-to-one,dn_896 dn_897,mkm_830,audience,audience,NOUN,NOUN,pred,pred,explicit_full,
1872,751,one-to-one,dn_898,mkm_831,Giorgio,Giorgio,PRON,PRON,nsubj,nsubj,explicit_full,
1873,751,one-to-one,dn_898,mkm_831,Giorgio,MISSING,PRON-REFLEX,MISSING,obj,MISSING,leftover_source,
1874,751,one-to-one,dn_898,mkm_831,Giorgio,MISSING,PRON,MISSING,nmod,MISSING,leftover_source,
1875,751,one-to-one,dn_898,mkm_831,MISSING,Giorgio,MISSING,NULL,MISSING,nsubj,leftover_target,
1876,752,one-to-many,dn_899,mkm_832 mkm_833,AlessandroMemmi,AlessandroMemmi,PROPN,NOUN,nsubj,nmod,explicit_ref_only,
1877,752,one-to-many,dn_899,mkm_832 mkm_833,audience,audience,NOUN,NOUN,nsubj,nsubj,explicit_full,
1878,752,one-to-many,dn_899,mkm_832 mkm_833,audience,audience,PRON,NOUN,nsubj,nsubj,explicit_ref_case,
1879,752,one-to-many,dn_899,mkm_832 mkm_833,audience,audience,PRON,NOUN,nsubj,nsubj,explicit_ref_case,
1880,752,one-to-many,dn_899,mkm_832 mkm_833,audience,audience,PRON,NOUN,nsubj,nsubj,explicit_ref_case,
1881,752,one-to-many,dn_899,mkm_832 mkm_833,audience,audience,DET,PRON,nmod,nmod,explicit_ref_case,
1882,752,one-to-many,dn_899,mkm_832 mkm_833,chorus,chorus,NOUN,NOUN,nmod,nmod,explicit_full,
1883,753,one-to-one,dn_900,mkm_834,chorus,chorus,NOUN,NOUN,nsubj,nsubj,explicit_full,
1884,753,one-to-one,dn_900,mkm_834,MISSING,chorus,MISSING,NULL,MISSING,nsubj,leftover_target,
1885,754,one-to-one,dn_901,mkm_835,maidens,maidens,NOUN,NOUN,nsubj,nsubj,explicit_full,
1886,754,one-to-one,dn_901,mkm_835,maidens,MISSING,PRON-REFLEX,MISSING,obj,MISSING,leftover_source,
1887,754,one-to-one,dn_901,mkm_835,MISSING,maidens,MISSING,NULL,MISSING,nsubj,leftover_target,
1888,755,one-to-one,dn_902,mkm_836,maidens,maidens,DET,PRON,nmod,nsubj,explicit_ref_only,
1889,755,one-to-one,dn_902,mkm_836,violinists,violinists,NOUN,NOUN,nmod,nmod,explicit_full,
1890,757,one-to-one,dn_904,mkm_838,AlessandroMemmi,AlessandroMemmi,PROPN,PROPN,nsubj,nsubj,explicit_full,
1891,757,one-to-one,dn_904,mkm_838,AlessandroMemmi,MISSING,DET,MISSING,nmod,MISSING,leftover_source,
1892,757,one-to-one,dn_904,mkm_838,MISSING,AlessandroMemmi,MISSING,NULL,MISSING,nsubj,leftover_target,
1893,757,one-to-one,dn_904,mkm_838,MISSING,AlessandroMemmi,MISSING,NULL,MISSING,nsubj,leftover_target,
1894,757,one-to-one,dn_904,mkm_838,MISSING,chorus,MISSING,NOUN,MISSING,obj,leftover_target,
1895,761,one-to-one,dn_908,mkm_842,audience,audience,NOUN,NOUN,nmod,nmod,explicit_full,
1896,765,one-to-one,dn_912,mkm_847,Giorgio Ippolita,Giorgio Ippolita,NOUN,NOUN,obj,nmod,explicit_ref_pos,
1897,765,one-to-one,dn_912,mkm_847,MISSING,Giorgio Ippolita,MISSING,NULL,MISSING,nsubj,leftover_target,
1898,765,one-to-one,dn_912,mkm_847,audience,audience,NOUN,PRON,obj,obj,explicit_ref_case,
1899,765,one-to-one,dn_912,mkm_847,MISSING,audience,MISSING,NOUN,MISSING,nmod,leftover_target,
1900,766,one-to-one,dn_913,mkm_848,Giorgio,Giorgio,PRON,PRON,nsubj,nsubj,explicit_full,
1901,766,one-to-one,dn_913,mkm_848,Giorgio,Giorgio,NULL,NULL,nsubj,nsubj,zero_zero_single,
1902,768,one-to-one,dn_915,mkm_850,Giorgio,Giorgio,NULL,PRON,nsubj,nsubj,zero_to_tgt_anchor,
1903,769,one-to-one,dn_916,mkm_851,AlessandroMemmi,AlessandroMemmi,NOUN,NOUN,nsubj,nsubj,explicit_full,
1904,769,one-to-one,dn_916,mkm_851,AlessandroMemmi,AlessandroMemmi,DET,PRON,nmod,nmod,explicit_ref_case,
1905,769,one-to-one,dn_916,mkm_851,AlessandroMemmi,AlessandroMemmi,NULL,NULL,nsubj,nsubj,zero_zero_single,
1906,769,one-to-one,dn_916,mkm_851,AlessandroMemmi,MISSING,NOUN,MISSING,nsubj,MISSING,leftover_source,
1907,769,one-to-one,dn_916,mkm_851,AlessandroMemmi,MISSING,PRON-REFLEX,MISSING,obj,MISSING,leftover_source,
1908,769,one-to-one,dn_916,mkm_851,Schopenhauer,Schopenhauer,PROPN,PROPN,nmod,nmod,explicit_full,
1909,769,one-to-one,dn_916,mkm_851,SebastianBach,SebastianBach,PROPN,PROPN,nmod,nmod,explicit_full,
1910,769,one-to-one,dn_916,mkm_851,audience,audience,DET,NOUN,nmod,nmod,explicit_ref_case,
1911,769,one-to-one,dn_916,mkm_851,audience,audience,NOUN,NOUN,obj,nsubj,explicit_ref_pos,
1912,769,one-to-one,dn_916,mkm_851,chorus,chorus,NOUN,NOUN,obj,nmod,explicit_ref_pos,
1913,769,one-to-one,dn_916,mkm_851,maidens,maidens,NOUN,NOUN,obj,obj,explicit_full,
1914,770,one-to-one,dn_917,mkm_852,Hoffmann,Hoffmann,PROPN,PROPN,nmod,nmod,explicit_full,
1915,771,one-to-one,dn_918,mkm_853,audience,audience,NOUN,NOUN,nsubj,nsubj,explicit_full,
1916,771,one-to-one,dn_918,mkm_853,audience,audience,DET,PRON,nmod,nsubj,explicit_ref_only,
1917,771,one-to-one,dn_918,mkm_853,audience,audience,DET,PRON,nmod,obj,explicit_ref_only,
1918,771,one-to-one,dn_918,mkm_853,audience,audience,NULL,NULL,nsubj,nsubj,zero_zero_semantic,0.43948070572749504
1919,771,one-to-one,dn_918,mkm_853,audience,MISSING,PRON-REFLEX,MISSING,obj,MISSING,leftover_source,
1920,771,one-to-one,dn_918,mkm_853,audience,MISSING,NULL,MISSING,nsubj,MISSING,leftover_source,
1921,771,one-to-one,dn_918,mkm_853,audience,MISSING,PRON-REFLEX,MISSING,obj,MISSING,leftover_source,
1922,771,one-to-one,dn_918,mkm_853,audience,MISSING,PRON-REFLEX,MISSING,obj,MISSING,leftover_source,
1923,772,one-to-one,dn_919,mkm_854,AlessandroMemmi,AlessandroMemmi,NOUN,NOUN,nmod,nmod,explicit_full,
1924,772,one-to-one,dn_919,mkm_854,AlessandroMemmi,MISSING,NOUN,MISSING,nmod,MISSING,leftover_source,
1925,772,one-to-one,dn_919,mkm_854,Giorgio,Giorgio,NOUN,NOUN,obj,obj,explicit_full,
1926,772,one-to-one,dn_919,mkm_854,Ippolita,Ippolita,NOUN,NOUN,obj,obj,explicit_full,
1927,772,one-to-one,dn_919,mkm_854,MISSING,audience,MISSING,PRON,MISSING,nmod,leftover_target,
1928,773,one-to-one,dn_920,mkm_855,AlessandroMemmi,AlessandroMemmi,NOUN,NOUN,nsubj,nsubj,explicit_full,
1929,773,one-to-one,dn_920,mkm_855,Giorgio,Giorgio,NOUN,NOUN,obj,obj,explicit_full,
1930,773,one-to-one,dn_920,mkm_855,Ippolita,Ippolita,PROPN,PROPN,obj,obj,explicit_full,
1931,773,one-to-one,dn_920,mkm_855,MISSING,Ippolita,MISSING,PRON,MISSING,nsubj,leftover_target,
1932,774,one-to-one,dn_921,mkm_856,Giorgio,Giorgio,PRON,PRON,nsubj,nsubj,explicit_full,
1933,774,one-to-one,dn_921,mkm_856,Giorgio,Giorgio,PRON-REFLEX,PRON,obj,obj,reflex_obj,
1934,774,one-to-one,dn_921,mkm_856,MISSING,Giorgio,MISSING,NULL,MISSING,nsubj,leftover_target,
1935,775,one-to-one,dn_922,mkm_857,Giorgio,Giorgio,PRON,PRON,obj,nsubj,explicit_ref_pos,
1936,775,one-to-one,dn_922,mkm_857,Giorgio,MISSING,NULL,MISSING,nsubj,MISSING,leftover_source,
1937,776,many-to-one,dn_923 dn_924,mkm_858,Ippolita,Ippolita,PROPN,PROPN,nsubj,nsubj,explicit_full,
1938,776,many-to-one,dn_923 dn_924,mkm_858,Ippolita,MISSING,NULL,MISSING,nsubj,MISSING,leftover_source,
1939,777,one-to-one,dn_925,mkm_859,Giorgio,Giorgio,NULL,NULL,nsubj,nsubj,zero_zero_single,
1940,777,one-to-one,dn_925,mkm_859,Giorgio,MISSING,PRON-REFLEX,MISSING,obj,MISSING,leftover_source,
1941,779,one-to-one,dn_931,mkm_861,Giorgio Ippolita,Giorgio Ippolita,NULL,NULL,nsubj,nsubj,zero_zero_semantic,0.4339897502413871
1942,779,one-to-one,dn_931,mkm_861,Giorgio Ippolita,Giorgio Ippolita,NULL,PRON,nsubj,nsubj,zero_to_tgt_anchor,
1943,779,one-to-one,dn_931,mkm_861,Giorgio Ippolita,MISSING,PRON-REFLEX,MISSING,obj,MISSING,leftover_source,
1944,780,one-to-one,dn_932,mkm_862,Giorgio Ippolita,MISSING,PRON,MISSING,obj,MISSING,leftover_source,
1945,783,one-to-one,dn_935,mkm_866,Giorgio Ippolita,Giorgio Ippolita,DET,PRON,nmod,nmod,explicit_ref_case,
1946,784,one-to-one,dn_936,mkm_867,Ippolita,Ippolita,PROPN,PROPN,nsubj,nsubj,explicit_full,
1947,784,one-to-one,dn_936,mkm_867,Ippolita,Ippolita,NULL,NULL,nsubj,nsubj,zero_zero_semantic,0.5979922891340472
1948,784,one-to-one,dn_936,mkm_867,Ippolita,MISSING,PRON-REFLEX,MISSING,obj,MISSING,leftover_source,
1949,784,one-to-one,dn_936,mkm_867,MISSING,Ippolita,MISSING,NULL,MISSING,nsubj,leftover_target,
1950,786,one-to-one,dn_938,mkm_869,MISSING,Giorgio Ippolita,MISSING,PRON,MISSING,nsubj,leftover_target,
1951,788,one-to-one,dn_940,mkm_871,service-worker,service-worker,NOUN,NOUN,nsubj,nsubj,explicit_full,
1952,788,one-to-one,dn_940,mkm_871,service-worker,MISSING,PRON-REFLEX,MISSING,obj,MISSING,leftover_source,
1953,788,one-to-one,dn_940,mkm_871,MISSING,service-worker,MISSING,NULL,MISSING,nsubj,leftover_target,
1954,789,one-to-one,dn_941,mkm_872,Giorgio Ippolita,Giorgio Ippolita,NULL,NULL,nsubj,nsubj,zero_zero_single,
1955,790,one-to-one,dn_942,mkm_873,Giorgio,Giorgio,PROPN,PROPN,nsubj,nsubj,explicit_full,
1956,793,one-to-one,dn_945,mkm_877,Giorgio,Giorgio,PROPN,PROPN,nmod,nmod,explicit_full,
1957,793,one-to-one,dn_945,mkm_877,Ippolita,Ippolita,PROPN,PROPN,nsubj,nsubj,explicit_full,
1958,793,one-to-one,dn_945,mkm_877,Ippolita,Ippolita,NULL,NULL,nsubj,nsubj,zero_zero_semantic,0.3734638001168928
1959,793,one-to-one,dn_945,mkm_877,MISSING,Ippolita,MISSING,NULL,MISSING,nsubj,leftover_target,
1960,794,one-to-one,dn_946,mkm_878,Giorgio,Giorgio,PRON,PRON,obj,obj,explicit_full,
1961,794,one-to-one,dn_946,mkm_878,Ippolita,Ippolita,NULL,NULL,nsubj,nsubj,zero_zero_semantic,0.2971505371745301
1962,794,one-to-one,dn_946,mkm_878,Ippolita,MISSING,PRON-REFLEX,MISSING,obj,MISSING,leftover_source,
1963,794,one-to-one,dn_946,mkm_878,MISSING,Ippolita,MISSING,PRON,MISSING,nsubj,leftover_target,
1964,794,one-to-one,dn_946,mkm_878,MISSING,Ippolita,MISSING,NULL,MISSING,nsubj,leftover_target,
1965,795,one-to-one,dn_948,mkm_879,Giorgio Ippolita,Giorgio Ippolita,NULL,NULL,nsubj,nsubj,zero_zero_single,
1966,795,one-to-one,dn_948,mkm_879,Ippolita,MISSING,NULL,MISSING,nsubj,MISSING,leftover_source,
1967,796,one-to-one,dn_947,mkm_880,Giorgio,Giorgio,PROPN,PROPN,nsubj,nsubj,explicit_full,
1968,796,one-to-one,dn_947,mkm_880,Ippolita,MISSING,PRON,MISSING,obj,MISSING,leftover_source,
1969,798,one-to-one,dn_950,mkm_882,Ippolita,Ippolita,PRON,NOUN,nsubj,nsubj,explicit_ref_case,
1970,799,many-to-one,dn_951 dn_952 dn_953,mkm_883,Giorgio,MISSING,NULL,MISSING,nsubj,MISSING,leftover_source,
1971,799,many-to-one,dn_951 dn_952 dn_953,mkm_883,Giorgio Ippolita,Giorgio Ippolita,NULL,NULL,nsubj,nsubj,zero_zero_semantic,0.4912455511213553
1972,799,many-to-one,dn_951 dn_952 dn_953,mkm_883,MISSING,Giorgio Ippolita,MISSING,NULL,MISSING,nsubj,leftover_target,
1973,799,many-to-one,dn_951 dn_952 dn_953,mkm_883,Ippolita,MISSING,PRON-REFLEX,MISSING,obj,MISSING,leftover_source,
1974,799,many-to-one,dn_951 dn_952 dn_953,mkm_883,Ippolita,MISSING,NULL,MISSING,nsubj,MISSING,leftover_source,
1975,800,one-to-one,dn_954,mkm_884,Giorgio,Giorgio,PRON,PRON,nmod,nmod,explicit_full,
1976,800,one-to-one,dn_954,mkm_884,Ippolita,Ippolita,PRON,PRON,nsubj,nsubj,explicit_full,
1977,800,one-to-one,dn_954,mkm_884,Ippolita,MISSING,PRON-REFLEX,MISSING,obj,MISSING,leftover_source,
1978,800,one-to-one,dn_954,mkm_884,MISSING,Ippolita,MISSING,NULL,MISSING,nsubj,leftover_target,
1979,801,many-to-one,dn_955 dn_956 dn_957,mkm_885,Giorgio,Giorgio,NOUN,NOUN,obj,obj,explicit_full,
1980,801,many-to-one,dn_955 dn_956 dn_957,mkm_885,Giorgio,Giorgio,PRON,PRON,obj,obj,explicit_full,
1981,801,many-to-one,dn_955 dn_956 dn_957,mkm_885,Giorgio,Giorgio,PRON,PRON,nmod,obj,explicit_ref_pos,
1982,801,many-to-one,dn_955 dn_956 dn_957,mkm_885,Ippolita,Ippolita,PRON,PRON,nsubj,nsubj,explicit_full,
1983,801,many-to-one,dn_955 dn_956 dn_957,mkm_885,Ippolita,Ippolita,NULL,NULL,nsubj,nsubj,zero_zero_semantic,0.4808621167225375
1984,801,many-to-one,dn_955 dn_956 dn_957,mkm_885,Ippolita,Ippolita,NULL,NULL,nsubj,nsubj,zero_zero_semantic,0.5312697004962774
1985,801,many-to-one,dn_955 dn_956 dn_957,mkm_885,Ippolita,Ippolita,NULL,NULL,nsubj,nsubj,zero_zero_semantic,0.3849162208574089
1986,801,many-to-one,dn_955 dn_956 dn_957,mkm_885,Ippolita,MISSING,DET,MISSING,nmod,MISSING,leftover_source,
1987,801,many-to-one,dn_955 dn_956 dn_957,mkm_885,Ippolita,MISSING,DET,MISSING,nmod,MISSING,leftover_source,
1988,801,many-to-one,dn_955 dn_956 dn_957,mkm_885,MISSING,Ippolita,MISSING,NULL,MISSING,nsubj,leftover_target,
1989,801,many-to-one,dn_955 dn_956 dn_957,mkm_885,MISSING,Ippolita,MISSING,NULL,MISSING,nsubj,leftover_target,
1990,802,one-to-one,dn_958,mkm_886,Giorgio,Giorgio,PRON,PRON,nsubj,nsubj,explicit_full,
1991,802,one-to-one,dn_958,mkm_886,MISSING,Giorgio,MISSING,NULL,MISSING,nsubj,leftover_target,
1992,802,one-to-one,dn_958,mkm_886,MISSING,Giorgio,MISSING,NULL,MISSING,nsubj,leftover_target,
1993,802,one-to-one,dn_958,mkm_886,MISSING,Giorgio,MISSING,NULL,MISSING,nsubj,leftover_target,
1994,802,one-to-one,dn_958,mkm_886,Ippolita,Ippolita,PRON,PRON,obj,nmod,explicit_ref_pos,
1995,802,one-to-one,dn_958,mkm_886,MISSING,Ippolita,MISSING,PRON,MISSING,nsubj,leftover_target,
1996,803,many-to-one,dn_959 dn_961,mkm_888,Ippolita,Ippolita,NULL,PRON,nsubj,nsubj,zero_to_tgt_anchor,
1997,803,many-to-one,dn_959 dn_961,mkm_888,Ippolita,MISSING,NULL,MISSING,nsubj,MISSING,leftover_source,
1998,804,one-to-one,dn_960,mkm_887,Giorgio,Giorgio,DET,NOUN,nmod,obj,explicit_ref_only,
1999,804,one-to-one,dn_960,mkm_887,Ippolita,MISSING,PRON,MISSING,obj,MISSING,leftover_source,
2000,804,one-to-one,dn_960,mkm_887,MISSING,Ippolita,MISSING,NULL,MISSING,nsubj,leftover_target,
2001,805,many-to-one,dn_962 dn_963,mkm_889,Giorgio,Giorgio,PRON,NOUN,nsubj,nsubj,explicit_ref_case,
2002,805,many-to-one,dn_962 dn_963,mkm_889,Giorgio,MISSING,PRON,MISSING,nmod,MISSING,leftover_source,
2003,805,many-to-one,dn_962 dn_963,mkm_889,Giorgio,MISSING,NULL,MISSING,nsubj,MISSING,leftover_source,
2004,806,one-to-one,dn_964,mkm_890,Ippolita,MISSING,NULL,MISSING,nsubj,MISSING,leftover_source,
2005,807,many-to-one,dn_965 dn_966,mkm_891,Giorgio,Giorgio,PRON,PRON,nsubj,nsubj,explicit_full,
2006,807,many-to-one,dn_965 dn_966,mkm_891,Giorgio,Giorgio,PRON,PRON,obj,obj,explicit_full,
2007,807,many-to-one,dn_965 dn_966,mkm_891,Giorgio,Giorgio,PRON,NOUN,nsubj,nsubj,explicit_ref_case,
2008,807,many-to-one,dn_965 dn_966,mkm_891,Giorgio,Giorgio,NULL,NULL,nsubj,nsubj,zero_zero_semantic,0.4660735871820223
2009,807,many-to-one,dn_965 dn_966,mkm_891,Giorgio,MISSING,PRON,MISSING,obj,MISSING,leftover_source,
2010,807,many-to-one,dn_965 dn_966,mkm_891,Giorgio,MISSING,NULL,MISSING,nsubj,MISSING,leftover_source,
2011,807,many-to-one,dn_965 dn_966,mkm_891,Ippolita,MISSING,PRON,MISSING,obj,MISSING,leftover_source,
2012,808,one-to-one,dn_967,mkm_892,Giorgio,Giorgio,DET,PRON,nmod,nsubj,explicit_ref_only,
2013,808,one-to-one,dn_967,mkm_892,Giorgio,MISSING,NULL,MISSING,nsubj,MISSING,leftover_source,
2014,808,one-to-one,dn_967,mkm_892,Giorgio,MISSING,NULL,MISSING,nsubj,MISSING,leftover_source,
2015,808,one-to-one,dn_967,mkm_892,Giorgio,MISSING,NULL,MISSING,nsubj,MISSING,leftover_source,
2016,808,one-to-one,dn_967,mkm_892,MISSING,Giorgio,MISSING,PRON,MISSING,obj,leftover_target,
2017,808,one-to-one,dn_967,mkm_892,Ippolita,Ippolita,PRON,PRON,obj,obj,explicit_full,
2018,808,one-to-one,dn_967,mkm_892,Ippolita,Ippolita,PRON,PRON,obj,nsubj,explicit_ref_pos,
2019,808,one-to-one,dn_967,mkm_892,Ippolita,Ippolita,PRON,PRON,obj,nsubj,explicit_ref_pos,
2020,809,one-to-many,dn_968,mkm_893 mkm_894 mkm_895,Giorgio,Giorgio,PRON,PRON,obj,obj,explicit_full,
2021,809,one-to-many,dn_968,mkm_893 mkm_894 mkm_895,Giorgio,Giorgio,PRON,PRON,obj,obj,explicit_full,
2022,809,one-to-many,dn_968,mkm_893 mkm_894 mkm_895,Giorgio,Giorgio,PRON,PRON,obj,nmod,explicit_ref_pos,
2023,809,one-to-many,dn_968,mkm_893 mkm_894 mkm_895,MISSING,Giorgio,MISSING,PRON,MISSING,nmod,leftover_target,
2024,809,one-to-many,dn_968,mkm_893 mkm_894 mkm_895,Ippolita,Ippolita,PRON,PRON,nsubj,nsubj,explicit_full,
2025,809,one-to-many,dn_968,mkm_893 mkm_894 mkm_895,Ippolita,Ippolita,PRON,PRON,nsubj,nsubj,explicit_full,
2026,809,one-to-many,dn_968,mkm_893 mkm_894 mkm_895,Ippolita,Ippolita,DET,PRON,nmod,nmod,explicit_ref_case,
2027,809,one-to-many,dn_968,mkm_893 mkm_894 mkm_895,Ippolita,Ippolita,NULL,NULL,nsubj,nsubj,zero_zero_semantic,0.25300967597665913
2028,809,one-to-many,dn_968,mkm_893 mkm_894 mkm_895,Ippolita,Ippolita,NULL,NULL,nsubj,nsubj,zero_zero_semantic,0.4833135617952856
2029,809,one-to-many,dn_968,mkm_893 mkm_894 mkm_895,Ippolita,Ippolita,NULL,PRON,nsubj,nsubj,zero_to_tgt_anchor,
2030,809,one-to-many,dn_968,mkm_893 mkm_894 mkm_895,Ippolita,Ippolita,NULL,PRON,nsubj,nsubj,zero_to_tgt_anchor,
2031,809,one-to-many,dn_968,mkm_893 mkm_894 mkm_895,MISSING,Ippolita,MISSING,PRON,MISSING,nmod,leftover_target,
2032,810,one-to-one,dn_969,mkm_896,Giorgio Ippolita,Giorgio Ippolita,NULL,PRON,nsubj,nsubj,zero_to_tgt_anchor,
2033,810,one-to-one,dn_969,mkm_896,Giorgio Ippolita,Giorgio Ippolita,PRON-REFLEX,NOUN,obj,obj,reflex_obj,
2034,810,one-to-one,dn_969,mkm_896,MISSING,Giorgio Ippolita,MISSING,PRON,MISSING,nsubj,leftover_target,
2035,811,one-to-many,dn_970,mkm_897 mkm_898,Giorgio,Giorgio,NOUN,NOUN,nmod,nmod,explicit_full,
2036,811,one-to-many,dn_970,mkm_897 mkm_898,Giorgio,Giorgio,PRON,PRON,obj,obj,explicit_full,
2037,811,one-to-many,dn_970,mkm_897 mkm_898,Ippolita,Ippolita,PRON,PRON,nsubj,nsubj,explicit_full,
2038,811,one-to-many,dn_970,mkm_897 mkm_898,Ippolita,Ippolita,NULL,NULL,nsubj,nsubj,zero_zero_single,
2039,811,one-to-many,dn_970,mkm_897 mkm_898,Ippolita,MISSING,PRON-REFLEX,MISSING,obj,MISSING,leftover_source,
2040,811,one-to-many,dn_970,mkm_897 mkm_898,MISSING,Ippolita,MISSING,PRON,MISSING,nmod,leftover_target,
2041,812,one-to-many,dn_971,mkm_899 mkm_900,Giorgio,Giorgio,PRON,NOUN,nsubj,nsubj,explicit_ref_case,
2042,812,one-to-many,dn_971,mkm_899 mkm_900,MISSING,Giorgio,MISSING,NULL,MISSING,nsubj,leftover_target,
2043,812,one-to-many,dn_971,mkm_899 mkm_900,Giorgio Ippolita,Giorgio Ippolita,NULL,PRON,nsubj,nsubj,zero_to_tgt_anchor,
2044,812,one-to-many,dn_971,mkm_899 mkm_900,Ippolita,Ippolita,PRON,PRON,obj,nmod,explicit_ref_pos,
2045,812,one-to-many,dn_971,mkm_899 mkm_900,Ippolita,MISSING,PRON,MISSING,obj,MISSING,leftover_source,
2046,812,one-to-many,dn_971,mkm_899 mkm_900,Ippolita,MISSING,PRON,MISSING,obj,MISSING,leftover_source,
2047,812,one-to-many,dn_971,mkm_899 mkm_900,Ippolita,MISSING,PRON,MISSING,obj,MISSING,leftover_source,
2048,813,many-to-one,dn_972 dn_973,mkm_901,Ippolita,Ippolita,PRON,PRON,nsubj,nsubj,explicit_full,
2049,813,many-to-one,dn_972 dn_973,mkm_901,Ippolita,Ippolita,PRON,PRON,nmod,nmod,explicit_full,
2050,813,many-to-one,dn_972 dn_973,mkm_901,MISSING,Ippolita,MISSING,NULL,MISSING,nsubj,leftover_target,
2051,814,one-to-one,dn_974,mkm_902,Giorgio Ippolita,Giorgio Ippolita,PRON,PRON,nsubj,nsubj,explicit_full,
2052,814,one-to-one,dn_974,mkm_902,Giorgio Ippolita,MISSING,PRON-REFLEX,MISSING,obj,MISSING,leftover_source,
2053,814,one-to-one,dn_974,mkm_902,MISSING,Giorgio Ippolita,MISSING,PRON,MISSING,nsubj,leftover_target,
2054,815,one-to-one,dn_975,mkm_903,Giorgio,Giorgio,PRON,NOUN,nsubj,nsubj,explicit_ref_case,
2055,815,one-to-one,dn_975,mkm_903,Giorgio,Giorgio,DET,NOUN,nmod,nmod,explicit_ref_case,
2056,815,one-to-one,dn_975,mkm_903,Ippolita,Ippolita,PRON,PRON,obj,obj,explicit_full,
2057,816,many-to-one,dn_976 dn_977,mkm_904,Giorgio Ippolita,Giorgio Ippolita,PRON,NOUN,obj,nmod,explicit_ref_only,
2058,816,many-to-one,dn_976 dn_977,mkm_904,Giorgio Ippolita,MISSING,NULL,MISSING,nsubj,MISSING,leftover_source,
2059,817,one-to-one,dn_978,mkm_905,Giorgio Ippolita,MISSING,DET,MISSING,nmod,MISSING,leftover_source,
2060,817,one-to-one,dn_978,mkm_905,Giorgio Ippolita,MISSING,DET,MISSING,nmod,MISSING,leftover_source,
2061,818,one-to-one,dn_979,mkm_906,Giorgio Ippolita,Giorgio Ippolita,DET,PRON,nmod,nmod,explicit_ref_case,
2062,819,one-to-one,dn_980,mkm_907,Giorgio,Giorgio,PRON,PRON,obj,obj,explicit_full,
2063,819,one-to-one,dn_980,mkm_907,Giorgio,Giorgio,PRON,PRON,obj,obj,explicit_full,
2064,819,one-to-one,dn_980,mkm_907,Giorgio,MISSING,DET,MISSING,nmod,MISSING,leftover_source,
2065,819,one-to-one,dn_980,mkm_907,Ippolita,Ippolita,PRON,PRON,nsubj,nsubj,explicit_full,
2066,819,one-to-one,dn_980,mkm_907,Ippolita,Ippolita,PRON,PRON,nsubj,nmod,explicit_ref_pos,
2067,819,one-to-one,dn_980,mkm_907,Ippolita,Ippolita,NULL,NULL,nsubj,nsubj,zero_zero_single,
2068,819,one-to-one,dn_980,mkm_907,Ippolita,MISSING,PRON,MISSING,obj,MISSING,leftover_source,
2069,820,one-to-one,dn_982,mkm_908,Giorgio,Giorgio,PRON,PRON,nsubj,nsubj,explicit_full,
2070,820,one-to-one,dn_982,mkm_908,Giorgio,Giorgio,NULL,NULL,nsubj,nsubj,zero_zero_semantic,0.3589793018415823
2071,820,one-to-one,dn_982,mkm_908,Giorgio,Giorgio,NULL,NOUN,nsubj,nsubj,zero_to_tgt_anchor,
2072,820,one-to-one,dn_982,mkm_908,Ippolita,Ippolita,PRON,PRON,obj,obj,explicit_full,
2073,820,one-to-one,dn_982,mkm_908,Ippolita,Ippolita,PRON,PRON,obj,obj,explicit_full,
2074,820,one-to-one,dn_982,mkm_908,Ippolita,MISSING,PRON,MISSING,obj,MISSING,leftover_source,
2075,821,one-to-one,dn_983,mkm_909,Giorgio,Giorgio,DET,PRON,nmod,nmod,explicit_ref_case,
2076,821,one-to-one,dn_983,mkm_909,MISSING,Giorgio,MISSING,PRON,MISSING,nmod,leftover_target,
2077,821,one-to-one,dn_983,mkm_909,Ippolita,Ippolita,PRON,PRON,nsubj,nsubj,explicit_full,
2078,821,one-to-one,dn_983,mkm_909,Ippolita,Ippolita,NOUN,NOUN,pred,pred,explicit_full,
2079,822,many-to-one,dn_984 dn_985,mkm_910,Giorgio,Giorgio,PRON,NOUN,nsubj,nsubj,explicit_ref_case,
2080,822,many-to-one,dn_984 dn_985,mkm_910,Giorgio,Giorgio,DET,NOUN,nmod,nmod,explicit_ref_case,
2081,822,many-to-one,dn_984 dn_985,mkm_910,Giorgio,Giorgio,PRON,NOUN,obj,nmod,explicit_ref_only,
2082,822,many-to-one,dn_984 dn_985,mkm_910,Giorgio,MISSING,PRON-REFLEX,MISSING,obj,MISSING,leftover_source,
2083,822,many-to-one,dn_984 dn_985,mkm_910,Ippolita,Ippolita,PRON,PRON,obj,obj,explicit_full,
2084,822,many-to-one,dn_984 dn_985,mkm_910,Ippolita,Ippolita,PRON,PRON,nsubj,nsubj,explicit_full,
2085,822,many-to-one,dn_984 dn_985,mkm_910,MISSING,Ippolita,MISSING,NULL,MISSING,nsubj,leftover_target,
2086,823,one-to-many,dn_986,mkm_911 mkm_913,Giorgio,Giorgio,PRON,PRON,obj,nmod,explicit_ref_pos,
2087,823,one-to-many,dn_986,mkm_911 mkm_913,Giorgio,MISSING,PRON,MISSING,obj,MISSING,leftover_source,
2088,823,one-to-many,dn_986,mkm_911 mkm_913,Ippolita,Ippolita,PRON,PRON,nsubj,nsubj,explicit_full,
2089,823,one-to-many,dn_986,mkm_911 mkm_913,Ippolita,MISSING,PRON-REFLEX,MISSING,obj,MISSING,leftover_source,
2090,824,one-to-one,dn_987,mkm_912,Giorgio,Giorgio,NULL,PRON,nsubj,nsubj,zero_to_tgt_anchor,
2091,825,one-to-one,dn_988,mkm_914,Giorgio,Giorgio,PRON,PRON,nsubj,obj,explicit_ref_pos,
2092,825,one-to-one,dn_988,mkm_914,MISSING,Giorgio,MISSING,NULL,MISSING,nsubj,leftover_target,
2093,825,one-to-one,dn_988,mkm_914,MISSING,Giorgio,MISSING,NULL,MISSING,nsubj,leftover_target,
2094,825,one-to-one,dn_988,mkm_914,MISSING,Giorgio,MISSING,NULL,MISSING,nsubj,leftover_target,
2095,825,one-to-one,dn_988,mkm_914,MISSING,Ippolita,MISSING,PRON,MISSING,nmod,leftover_target,
2096,826,one-to-one,dn_989,mkm_916,Giorgio,Giorgio,NULL,PRON,nsubj,nsubj,zero_to_tgt_anchor,
2097,828,one-to-one,dn_991,mkm_917,Giorgio Ippolita,MISSING,NULL,MISSING,nsubj,MISSING,leftover_source,
2098,828,one-to-one,dn_991,mkm_917,MISSING,Giorgio Ippolita,MISSING,NOUN,MISSING,obj,leftover_target,
2099,829,one-to-many,dn_992,mkm_918 mkm_919,Giorgio Ippolita,Giorgio Ippolita,DET,NOUN,nmod,obj,explicit_ref_only,
2100,829,one-to-many,dn_992,mkm_918 mkm_919,Giorgio Ippolita,Giorgio Ippolita,NULL,NULL,nsubj,nsubj,zero_zero_semantic,0.23594539774628173
2101,829,one-to-many,dn_992,mkm_918 mkm_919,Giorgio Ippolita,Giorgio Ippolita,NULL,NULL,nsubj,nsubj,zero_zero_semantic,0.1326045475345079
2102,829,one-to-many,dn_992,mkm_918 mkm_919,Giorgio Ippolita,Giorgio Ippolita,NULL,NULL,nsubj,nsubj,zero_zero_semantic,0.11095108446370379
2103,829,one-to-many,dn_992,mkm_918 mkm_919,Giorgio Ippolita,Giorgio Ippolita,NULL,NULL,nsubj,nsubj,zero_zero_semantic,0.3694424842348057
2104,829,one-to-many,dn_992,mkm_918 mkm_919,Giorgio Ippolita,Giorgio Ippolita,NULL,PRON,nsubj,nsubj,zero_to_tgt_anchor,
2105,829,one-to-many,dn_992,mkm_918 mkm_919,Giorgio Ippolita,Giorgio Ippolita,PRON-REFLEX,NOUN,obj,obj,reflex_obj,
2106,829,one-to-many,dn_992,mkm_918 mkm_919,Giorgio Ippolita,MISSING,NULL,MISSING,nsubj,MISSING,leftover_source,
2107,829,one-to-many,dn_992,mkm_918 mkm_919,Giorgio Ippolita,MISSING,PRON-REFLEX,MISSING,obj,MISSING,leftover_source,
2108,829,one-to-many,dn_992,mkm_918 mkm_919,Giorgio Ippolita,MISSING,PRON-REFLEX,MISSING,obj,MISSING,leftover_source,
2109,829,one-to-many,dn_992,mkm_918 mkm_919,Giorgio Ippolita,MISSING,PRON-REFLEX,MISSING,obj,MISSING,leftover_source,
2110,830,one-to-one,dn_993,mkm_920,Giorgio,MISSING,PRON,MISSING,obj,MISSING,leftover_source,
2111,830,one-to-one,dn_993,mkm_920,Giorgio Ippolita,Giorgio Ippolita,DET,PRON,nmod,nsubj,explicit_ref_only,
2112,830,one-to-one,dn_993,mkm_920,Giorgio Ippolita,Giorgio Ippolita,NULL,NULL,nsubj,nsubj,zero_zero_semantic,0.3701216543393847
2113,830,one-to-one,dn_993,mkm_920,MISSING,Giorgio Ippolita,MISSING,NULL,MISSING,nsubj,leftover_target,
2114,830,one-to-one,dn_993,mkm_920,Ippolita,MISSING,PRON,MISSING,obj,MISSING,leftover_source,
2115,831,one-to-one,dn_994,mkm_921,Giorgio Ippolita,Giorgio Ippolita,NULL,PRON,nsubj,nsubj,zero_to_tgt_anchor,
2116,832,one-to-one,dn_995,mkm_923,Ippolita,Ippolita,PROPN,PROPN,nsubj,nsubj,explicit_full,
2117,832,one-to-one,dn_995,mkm_923,Ippolita,MISSING,NULL,MISSING,nsubj,MISSING,leftover_source,
2118,833,one-to-many,dn_996,mkm_922 mkm_924,Giorgio,Giorgio,NULL,NULL,nsubj,nsubj,zero_zero_semantic,0.13168855599666895
2119,833,one-to-many,dn_996,mkm_922 mkm_924,Giorgio,Giorgio,NULL,NULL,nsubj,nsubj,zero_zero_semantic,0.33851389559330763
2120,833,one-to-many,dn_996,mkm_922 mkm_924,Giorgio,MISSING,PRON-REFLEX,MISSING,obj,MISSING,leftover_source,
2121,833,one-to-many,dn_996,mkm_922 mkm_924,MISSING,Giorgio,MISSING,PRON,MISSING,nmod,leftover_target,
2122,833,one-to-many,dn_996,mkm_922 mkm_924,Ippolita,MISSING,DET,MISSING,nmod,MISSING,leftover_source,
2123,834,one-to-one,dn_997,mkm_925,Giorgio,Giorgio,PROPN,PROPN,nsubj,nsubj,explicit_full,
2124,834,one-to-one,dn_997,mkm_925,Giorgio,MISSING,PRON-REFLEX,MISSING,obj,MISSING,leftover_source,
2125,834,one-to-one,dn_997,mkm_925,Giorgio,MISSING,NULL,MISSING,nsubj,MISSING,leftover_source,
2126,834,one-to-one,dn_997,mkm_925,Ippolita,MISSING,PRON,MISSING,obj,MISSING,leftover_source,
2127,835,many-to-one,dn_998 dn_1000,mkm_927,Giorgio,MISSING,PRON,MISSING,obj,MISSING,leftover_source,
2128,835,many-to-one,dn_998 dn_1000,mkm_927,Ippolita,Ippolita,PRON,PRON,nsubj,nsubj,explicit_full,
2129,835,many-to-one,dn_998 dn_1000,mkm_927,Ippolita,Ippolita,NULL,NULL,nsubj,nsubj,zero_zero_semantic,0.44771914536302737
2130,835,many-to-one,dn_998 dn_1000,mkm_927,MISSING,Ippolita,MISSING,NULL,MISSING,nsubj,leftover_target,
2131,836,one-to-one,dn_999,mkm_926,Giorgio,MISSING,PRON,MISSING,obj,MISSING,leftover_source,
2132,837,one-to-one,dn_1001,mkm_928,Giorgio,Giorgio,PRON,PRON,nsubj,nsubj,explicit_full,
2133,837,one-to-one,dn_1001,mkm_928,Ippolita,MISSING,PRON,MISSING,obj,MISSING,leftover_source,
2134,838,one-to-one,dn_1002,mkm_929,Giorgio,Giorgio,PRON,PRON,obj,nmod,explicit_ref_pos,
2135,838,one-to-one,dn_1002,mkm_929,Ippolita,Ippolita,PRON,PRON,nsubj,nsubj,explicit_full,
2136,839,one-to-one,dn_1003,mkm_931,Ippolita,Ippolita,NULL,PRON,nsubj,nsubj,zero_to_tgt_anchor,
2137,840,one-to-one,dn_1004,mkm_930,Giorgio,Giorgio,PRON,PRON,nsubj,nsubj,explicit_full,
2138,841,one-to-one,dn_1005,mkm_932,Giorgio,Giorgio,PRON,PRON,obj,obj,explicit_full,
2139,841,one-to-one,dn_1005,mkm_932,Ippolita,Ippolita,NULL,PRON,nsubj,nsubj,zero_to_tgt_anchor,
2140,842,one-to-one,dn_1006,mkm_933,Giorgio,Giorgio,PRON,PRON,obj,obj,explicit_full,
2141,842,one-to-one,dn_1006,mkm_933,Giorgio,Giorgio,PRON,PRON,obj,nmod,explicit_ref_pos,
2142,842,one-to-one,dn_1006,mkm_933,Ippolita,Ippolita,NULL,NULL,nsubj,nsubj,zero_zero_semantic,0.5202816853878879
2143,842,one-to-one,dn_1006,mkm_933,Ippolita,Ippolita,NULL,NULL,nsubj,nsubj,zero_zero_semantic,0.13534130691480237
2144,842,one-to-one,dn_1006,mkm_933,Ippolita,MISSING,PRON-REFLEX,MISSING,obj,MISSING,leftover_source,
2145,843,one-to-one,dn_1007,mkm_934,Giorgio,Giorgio,PRON,PRON,nsubj,nsubj,explicit_full,
2146,843,one-to-one,dn_1007,mkm_934,MISSING,Giorgio,MISSING,NULL,MISSING,nsubj,leftover_target,
2147,843,one-to-one,dn_1007,mkm_934,Ippolita,Ippolita,PRON,PRON,nmod,nmod,explicit_full,
2148,844,many-to-one,dn_1008 dn_1009,mkm_935,Ippolita,Ippolita,PRON,PRON,nsubj,nsubj,explicit_full,
2149,844,many-to-one,dn_1008 dn_1009,mkm_935,Ippolita,Ippolita,NULL,NULL,nsubj,nsubj,zero_zero_single,
2150,845,many-to-one,dn_1010 dn_1011,mkm_936,Giorgio Ippolita,Giorgio Ippolita,PRON,PRON,obj,obj,explicit_full,
2151,845,many-to-one,dn_1010 dn_1011,mkm_936,Giorgio Ippolita,Giorgio Ippolita,PRON,NOUN,nsubj,nsubj,explicit_ref_case,
2152,845,many-to-one,dn_1010 dn_1011,mkm_936,MISSING,Giorgio Ippolita,MISSING,NULL,MISSING,nsubj,leftover_target,
2153,845,many-to-one,dn_1010 dn_1011,mkm_936,MISSING,Giorgio Ippolita,MISSING,NULL,MISSING,nsubj,leftover_target,
2154,846,one-to-one,dn_1012,mkm_937,Giorgio Ippolita,Giorgio Ippolita,NULL,NULL,nsubj,nsubj,zero_zero_single,
2155,846,one-to-one,dn_1012,mkm_937,Giorgio Ippolita,MISSING,PRON-REFLEX,MISSING,obj,MISSING,leftover_source,
2156,846,one-to-one,dn_1012,mkm_937,MISSING,Giorgio Ippolita,MISSING,NOUN,MISSING,nsubj,leftover_target,
2157,847,one-to-one,dn_1013,mkm_938,Ippolita,Ippolita,PRON,PRON,nsubj,nsubj,explicit_full,
2158,847,one-to-one,dn_1013,mkm_938,MISSING,Ippolita,MISSING,NULL,MISSING,nsubj,leftover_target,
2159,848,one-to-many,dn_1014,mkm_939 mkm_940,Giorgio Ippolita,Giorgio Ippolita,NULL,NULL,nsubj,nsubj,zero_zero_semantic,0.5392584916120184
2160,848,one-to-many,dn_1014,mkm_939 mkm_940,Giorgio Ippolita,Giorgio Ippolita,NULL,NULL,nsubj,nsubj,zero_zero_semantic,0.249265091849449
2161,848,one-to-many,dn_1014,mkm_939 mkm_940,Giorgio Ippolita,Giorgio Ippolita,PRON-REFLEX,NOUN,obj,obj,reflex_obj,
2162,848,one-to-many,dn_1014,mkm_939 mkm_940,MISSING,Giorgio Ippolita,MISSING,NOUN,MISSING,nmod,leftover_target,
2163,849,one-to-one,dn_1015,mkm_941,Giorgio Ippolita,Giorgio Ippolita,NULL,PRON,nsubj,nsubj,zero_to_tgt_anchor,
2164,849,one-to-one,dn_1015,mkm_941,Ippolita,Ippolita,PRON,PRON,nsubj,nsubj,explicit_full,
2165,849,one-to-one,dn_1015,mkm_941,Ippolita,MISSING,PRON,MISSING,obj,MISSING,leftover_source,
2166,849,one-to-one,dn_1015,mkm_941,MISSING,Ippolita,MISSING,NULL,MISSING,nsubj,leftover_target,
2167,849,one-to-one,dn_1015,mkm_941,MISSING,Ippolita,MISSING,NULL,MISSING,nsubj,leftover_target,
2168,850,one-to-one,dn_1017,mkm_942,Giorgio,Giorgio,PRON,PROPN,nsubj,nsubj,explicit_ref_case,
2169,850,one-to-one,dn_1017,mkm_942,Giorgio,Giorgio,NULL,NULL,nsubj,nsubj,zero_zero_semantic,0.6153309947563341
2170,850,one-to-one,dn_1017,mkm_942,Giorgio,Giorgio,NULL,NULL,nsubj,nsubj,zero_zero_semantic,0.3572754825305457
2171,850,one-to-one,dn_1017,mkm_942,Giorgio,MISSING,PRON-REFLEX,MISSING,obj,MISSING,leftover_source,
2172,850,one-to-one,dn_1017,mkm_942,Ippolita,Ippolita,PRON,PRON,obj,nmod,explicit_ref_pos,
2173,850,one-to-one,dn_1017,mkm_942,Ippolita,MISSING,PRON,MISSING,obj,MISSING,leftover_source,
2174,851,one-to-one,dn_1018,mkm_944,Ippolita,Ippolita,PRON,PRON,nsubj,nsubj,explicit_full,
2175,851,one-to-one,dn_1018,mkm_944,Ippolita,MISSING,PRON,MISSING,nmod,MISSING,leftover_source,
2176,852,many-to-one,dn_1019 dn_1020,mkm_943,MISSING,Giorgio,MISSING,PRON,MISSING,nsubj,leftover_target,
2177,852,many-to-one,dn_1019 dn_1020,mkm_943,Giorgio Ippolita,MISSING,PRON,MISSING,nsubj,MISSING,leftover_source,
2178,852,many-to-one,dn_1019 dn_1020,mkm_943,Giorgio Ippolita,MISSING,NULL,MISSING,nsubj,MISSING,leftover_source,
2179,854,one-to-one,dn_1022,mkm_946,Ippolita,Ippolita,PRON,PRON,nsubj,nsubj,explicit_full,
2180,856,one-to-one,dn_1024,mkm_948,MISSING,Giorgio,MISSING,NOUN,MISSING,nmod,leftover_target,
2181,856,one-to-one,dn_1024,mkm_948,Ippolita,Ippolita,PROPN,PRON,nsubj,nsubj,explicit_ref_case,
2182,856,one-to-one,dn_1024,mkm_948,Ippolita,Ippolita,NULL,NULL,nsubj,nsubj,zero_zero_single,
2183,857,one-to-one,dn_1025,mkm_949,Giorgio Ippolita,MISSING,NULL,MISSING,nsubj,MISSING,leftover_source,
2184,857,one-to-one,dn_1025,mkm_949,MISSING,Giorgio Ippolita,MISSING,NOUN,MISSING,obj,leftover_target,
2185,858,one-to-one,dn_1026,mkm_950,Giorgio Ippolita,MISSING,PRON,MISSING,obj,MISSING,leftover_source,
2186,858,one-to-one,dn_1026,mkm_950,UNKNOWN,MISSING,NULL,MISSING,nsubj,MISSING,leftover_source,
2187,859,one-to-one,dn_1027,mkm_951,Giorgio,Giorgio,PROPN,PROPN,nmod,nmod,explicit_full,
2188,859,one-to-one,dn_1027,mkm_951,Ippolita,Ippolita,NULL,NULL,nsubj,nsubj,zero_zero_semantic,0.3505761132734578
2189,859,one-to-one,dn_1027,mkm_951,Ippolita,Ippolita,NULL,NULL,nsubj,nsubj,zero_zero_semantic,0.4916869175991392
2190,859,one-to-one,dn_1027,mkm_951,Ippolita,MISSING,PRON-REFLEX,MISSING,obj,MISSING,leftover_source,
2191,859,one-to-one,dn_1027,mkm_951,Ippolita,MISSING,PRON-REFLEX,MISSING,obj,MISSING,leftover_source,
2192,859,one-to-one,dn_1027,mkm_951,MISSING,Ippolita,MISSING,PRON,MISSING,nsubj,leftover_target,
2193,861,one-to-one,dn_1029,mkm_953,Giorgio Ippolita,Giorgio Ippolita,NULL,NULL,nsubj,nsubj,zero_zero_semantic,0.3380945183376156
2194,861,one-to-one,dn_1029,mkm_953,Giorgio Ippolita,Giorgio Ippolita,NULL,NULL,nsubj,nsubj,zero_zero_semantic,0.6143666245279804
2195,862,many-to-one,dn_1030 dn_1031,mkm_954,Giorgio Ippolita,Giorgio Ippolita,PRON,NOUN,nsubj,nsubj,explicit_ref_case,
2196,862,many-to-one,dn_1030 dn_1031,mkm_954,Giorgio Ippolita,Giorgio Ippolita,NULL,NULL,nsubj,nsubj,zero_zero_semantic,0.500074028968811
2197,862,many-to-one,dn_1030 dn_1031,mkm_954,Giorgio Ippolita,Giorgio Ippolita,NULL,NULL,nsubj,nsubj,zero_zero_semantic,0.5863242196381515
2198,862,many-to-one,dn_1030 dn_1031,mkm_954,Giorgio Ippolita,Giorgio Ippolita,PRON-REFLEX,NOUN,obj,obj,reflex_obj,
2199,862,many-to-one,dn_1030 dn_1031,mkm_954,MISSING,Giorgio Ippolita,MISSING,NOUN,MISSING,obj,leftover_target,
2200,863,one-to-one,dn_1033 dn_1034,mkm_955 mkm_956,Giorgio Ippolita,Giorgio Ippolita,DET,PRON,nmod,nsubj,explicit_ref_only,
2201,863,one-to-one,dn_1033 dn_1034,mkm_955 mkm_956,Giorgio Ippolita,Giorgio Ippolita,NULL,NULL,nsubj,nsubj,zero_zero_semantic,0.5153681764415666
2202,863,one-to-one,dn_1033 dn_1034,mkm_955 mkm_956,Giorgio Ippolita,MISSING,NULL,MISSING,nsubj,MISSING,leftover_source,
2203,864,many-to-one,dn_1038 dn_1039,mkm_957,Giorgio Ippolita,Giorgio Ippolita,DET,PRON,nmod,nmod,explicit_ref_case,
2204,864,many-to-one,dn_1038 dn_1039,mkm_957,Giorgio Ippolita,Giorgio Ippolita,PRON,PRON,obj,nmod,explicit_ref_pos,
2205,864,many-to-one,dn_1038 dn_1039,mkm_957,Giorgio Ippolita,MISSING,DET,MISSING,obj,MISSING,leftover_source,
2206,865,one-to-one,dn_1043,mkm_958,Ippolita,Ippolita,NULL,NULL,nsubj,nsubj,zero_zero_semantic,0.507285562774507
2207,865,one-to-one,dn_1043,mkm_958,Ippolita,Ippolita,NULL,PROPN,nsubj,nsubj,zero_to_tgt_anchor,
2208,866,many-to-one,dn_1044 dn_1045,mkm_959,Giorgio,Giorgio,PROPN,PROPN,nsubj,nsubj,explicit_full,
2209,866,many-to-one,dn_1044 dn_1045,mkm_959,Giorgio,Giorgio,PRON,PRON,nsubj,nsubj,explicit_full,
2210,866,many-to-one,dn_1044 dn_1045,mkm_959,Giorgio,Giorgio,PRON,PRON,obj,nmod,explicit_ref_pos,
2211,866,many-to-one,dn_1044 dn_1045,mkm_959,Giorgio,Giorgio,NULL,NULL,nsubj,nsubj,zero_zero_single,
2212,866,many-to-one,dn_1044 dn_1045,mkm_959,Ippolita,Ippolita,PRON,PRON,obj,nmod,explicit_ref_pos,
2213,866,many-to-one,dn_1044 dn_1045,mkm_959,Ippolita,MISSING,PRON,MISSING,obj,MISSING,leftover_source,
2214,867,one-to-one,dn_1046,mkm_960,Giorgio,Giorgio,NULL,NULL,nsubj,nsubj,zero_zero_single,
2215,868,one-to-one,dn_1047,mkm_961,Giorgio,MISSING,PRON,MISSING,obj,MISSING,leftover_source,
2216,868,one-to-one,dn_1047,mkm_961,Ippolita,Ippolita,PROPN,PROPN,nsubj,nsubj,explicit_full,
2217,868,one-to-one,dn_1047,mkm_961,MISSING,Ippolita,MISSING,NULL,MISSING,nsubj,leftover_target,
2218,869,one-to-one,dn_1048,mkm_962,Ippolita,Ippolita,PRON,PRON,obj,obj,explicit_full,
2219,870,one-to-one,dn_1049,mkm_963,Giorgio,Giorgio,PRON,PRON,nsubj,nsubj,explicit_full,
2220,870,one-to-one,dn_1049,mkm_963,Ippolita,Ippolita,PRON,PRON,obj,nsubj,explicit_ref_pos,
2221,871,one-to-one,dn_1050,mkm_964,Giorgio,Giorgio,PRON,PRON,obj,obj,explicit_full,
2222,871,one-to-one,dn_1050,mkm_964,Ippolita,Ippolita,PRON,PRON,nsubj,nsubj,explicit_full,
2223,871,one-to-one,dn_1050,mkm_964,Ippolita,Ippolita,NULL,NULL,nsubj,nsubj,zero_zero_single,
2224,871,one-to-one,dn_1050,mkm_964,Ippolita,MISSING,PRON-REFLEX,MISSING,obj,MISSING,leftover_source,
2225,871,one-to-one,dn_1050,mkm_964,Ippolita,MISSING,DET,MISSING,nmod,MISSING,leftover_source,
2226,871,one-to-one,dn_1050,mkm_964,MISSING,Ippolita Ippolitas-husband,MISSING,NOUN,MISSING,obj,leftover_target,
2227,871,one-to-one,dn_1050,mkm_964,MISSING,Ippolita Ippolitas-husband,MISSING,NOUN,MISSING,obj,leftover_target,
2228,871,one-to-one,dn_1050,mkm_964,Ippolitas-husband,MISSING,NOUN,MISSING,obj,MISSING,leftover_source,
2229,872,one-to-one,dn_1054,mkm_965,Ippolita,Ippolita,PRON,PRON,obj,obj,explicit_full,
2230,873,one-to-one,dn_1055,mkm_966,Giorgio,Giorgio,PRON,PRON,nsubj,nsubj,explicit_full,
2231,873,one-to-one,dn_1055,mkm_966,MISSING,Giorgio Ippolita,MISSING,NOUN,MISSING,nmod,leftover_target,
2232,874,one-to-one,dn_1058,mkm_967,Giorgio,Giorgio,NOUN,PRON,nsubj,nsubj,explicit_ref_case,
2233,874,one-to-one,dn_1058,mkm_967,Giorgio,MISSING,NULL,MISSING,nsubj,MISSING,leftover_source,
2234,874,one-to-one,dn_1058,mkm_967,MISSING,Giorgio,MISSING,NOUN,MISSING,obj,leftover_target,
2235,874,one-to-one,dn_1058,mkm_967,Ippolita,Ippolita,PROPN,PROPN,nsubj,nsubj,explicit_full,
2236,874,one-to-one,dn_1058,mkm_967,MISSING,Ippolita,MISSING,PRON,MISSING,nmod,leftover_target,
2237,875,one-to-one,dn_1059,mkm_968,Giorgio,Giorgio,PRON,PRON,obj,obj,explicit_full,
2238,875,one-to-one,dn_1059,mkm_968,Giorgio,MISSING,PRON,MISSING,obj,MISSING,leftover_source,
2239,875,one-to-one,dn_1059,mkm_968,Ippolita,Ippolita,PRON,PRON,nsubj,nsubj,explicit_full,
2240,876,one-to-one,dn_1060,mkm_969,Giorgio,Giorgio,PRON,NULL,nsubj,nsubj,zero_to_src_anchor,
2241,877,one-to-one,dn_1061,mkm_970,Giorgio,Giorgio,PRON,PRON,nsubj,nsubj,explicit_full,
2242,877,one-to-one,dn_1061,mkm_970,Giorgio,Giorgio,NULL,NULL,nsubj,nsubj,zero_zero_semantic,0.3243812982582834
2243,877,one-to-one,dn_1061,mkm_970,MISSING,Giorgio,MISSING,NULL,MISSING,nsubj,leftover_target,
2244,877,one-to-one,dn_1061,mkm_970,MISSING,Giorgio,MISSING,NULL,MISSING,nsubj,leftover_target,
2245,877,one-to-one,dn_1061,mkm_970,Ippolita,Ippolita,PRON,PRON,obj,nsubj,explicit_ref_pos,
2246,877,one-to-one,dn_1061,mkm_970,MISSING,Ippolita,MISSING,PRON,MISSING,nmod,leftover_target,
2247,878,one-to-one,dn_1062,mkm_971,Giorgio,Giorgio,PRON,PRON,nsubj,nsubj,explicit_full,
2248,878,one-to-one,dn_1062,mkm_971,Giorgio,MISSING,PRON,MISSING,obj,MISSING,leftover_source,
2249,878,one-to-one,dn_1062,mkm_971,Ippolita,Ippolita,PRON,PRON,nsubj,nsubj,explicit_full,
2250,878,one-to-one,dn_1062,mkm_971,Ippolita,Ippolita,NULL,NULL,nsubj,nsubj,zero_zero_single,
2251,879,one-to-many,dn_1063,mkm_972 mkm_973,Giorgio,Giorgio,PRON,PRON,obj,nmod,explicit_ref_pos,
2252,879,one-to-many,dn_1063,mkm_972 mkm_973,MISSING,Giorgio,MISSING,PRON,MISSING,nmod,leftover_target,
2253,879,one-to-many,dn_1063,mkm_972 mkm_973,MISSING,Giorgio,MISSING,PRON,MISSING,nmod,leftover_target,
2254,879,one-to-many,dn_1063,mkm_972 mkm_973,MISSING,Giorgio,MISSING,PRON,MISSING,nsubj,leftover_target,
2255,879,one-to-many,dn_1063,mkm_972 mkm_973,MISSING,Giorgio Ippolita,MISSING,NULL,MISSING,nsubj,leftover_target,
2256,879,one-to-many,dn_1063,mkm_972 mkm_973,MISSING,Giorgio Ippolita,MISSING,NULL,MISSING,nsubj,leftover_target,
2257,879,one-to-many,dn_1063,mkm_972 mkm_973,Ippolita,Ippolita,NULL,PRON,nsubj,nsubj,zero_to_tgt_anchor,
2258,879,one-to-many,dn_1063,mkm_972 mkm_973,Ippolita,MISSING,NULL,MISSING,nsubj,MISSING,leftover_source,
2259,879,one-to-many,dn_1063,mkm_972 mkm_973,Ippolita,MISSING,NULL,MISSING,nsubj,MISSING,leftover_source,
2260,880,one-to-one,dn_1064,mkm_974,MISSING,Giorgio Ippolita,MISSING,NULL,MISSING,nsubj,leftover_target,
2261,881,one-to-one,dn_1065,mkm_975,Ippolita,Ippolita,NULL,PRON,nsubj,nsubj,zero_to_tgt_anchor,
2262,882,one-to-one,dn_1066,mkm_976,Giorgio,MISSING,NOUN,MISSING,vocative,MISSING,leftover_source,
2263,882,one-to-one,dn_1066,mkm_976,MISSING,Giorgio,MISSING,NULL,MISSING,nsubj,leftover_target,
2264,882,one-to-one,dn_1066,mkm_976,MISSING,Giorgio,MISSING,NULL,MISSING,nsubj,leftover_target,
2265,883,one-to-one,dn_1067,mkm_977,MISSING,Giorgio Ippolita,MISSING,NULL,MISSING,nsubj,leftover_target,
2266,884,one-to-one,dn_1068,mkm_978,Giorgio,Giorgio,PRON,PRON,obj,obj,explicit_full,
2267,884,one-to-one,dn_1068,mkm_978,Ippolita,Ippolita,PRON,PRON,nsubj,nsubj,explicit_full,
2268,884,one-to-one,dn_1068,mkm_978,Ippolita,MISSING,PRON-REFLEX,MISSING,obj,MISSING,leftover_source,
2269,885,one-to-one,dn_1069,mkm_979,Ippolita,Ippolita,NULL,NULL,nsubj,nsubj,zero_zero_semantic,0.5028473495998803
2270,885,one-to-one,dn_1069,mkm_979,Ippolita,Ippolita,NULL,PRON,nsubj,nsubj,zero_to_tgt_anchor,
2271,886,many-to-one,dn_1070 dn_1071 dn_1072 dn_1073,mkm_980,Giorgio,Giorgio,NOUN,PRON,vocative,vocative,explicit_ref_case,
2272,886,many-to-one,dn_1070 dn_1071 dn_1072 dn_1073,mkm_980,Giorgio Ippolita,Giorgio Ippolita,NULL,NULL,nsubj,nsubj,zero_zero_single,
2273,887,one-to-one,dn_1074,mkm_981,Giorgio,Giorgio,PRON,PRON,nsubj,nsubj,explicit_full,
2274,887,one-to-one,dn_1074,mkm_981,Giorgio,MISSING,PRON,MISSING,obj,MISSING,leftover_source,
2275,887,one-to-one,dn_1074,mkm_981,MISSING,Giorgio,MISSING,NULL,MISSING,nsubj,leftover_target,
2276,887,one-to-one,dn_1074,mkm_981,MISSING,Ippolita,MISSING,PRON,MISSING,nmod,leftover_target,
2277,888,one-to-one,dn_1075,mkm_982,Giorgio,Giorgio,PRON-REFLEX,PRON,obj,obj,reflex_obj,
2278,888,one-to-one,dn_1075,mkm_982,Giorgio,MISSING,NULL,MISSING,nsubj,MISSING,leftover_source,
2279,892,one-to-one,dn_1079,mkm_986,Giorgio Ippolita,Giorgio Ippolita,NULL,NULL,nsubj,nsubj,zero_zero_single,
2280,893,one-to-one,dn_1080,mkm_987,Giorgio,Giorgio,PROPN,PROPN,nsubj,nsubj,explicit_full,
2281,893,one-to-one,dn_1080,mkm_987,Giorgio,MISSING,PRON,MISSING,nmod,MISSING,leftover_source,
2282,893,one-to-one,dn_1080,mkm_987,Giorgio,MISSING,PRON,MISSING,obj,MISSING,leftover_source,
2283,893,one-to-one,dn_1080,mkm_987,MISSING,Giorgio,MISSING,NULL,MISSING,nsubj,leftover_target,
2284,893,one-to-one,dn_1080,mkm_987,MISSING,Giorgio,MISSING,NULL,MISSING,nsubj,leftover_target,
2285,893,one-to-one,dn_1080,mkm_987,Ippolita,MISSING,NOUN,MISSING,nmod,MISSING,leftover_source,
2286,894,one-to-one,dn_1081,mkm_988,Giorgio,Giorgio,PRON,PRON,obj,obj,explicit_full,
2287,895,many-to-one,dn_1082 dn_1083,mkm_989,Giorgio Ippolita,Giorgio Ippolita,NULL,NULL,nsubj,nsubj,zero_zero_single,
2288,895,many-to-one,dn_1082 dn_1083,mkm_989,MISSING,Giorgio Ippolita,MISSING,PRON,MISSING,nmod,leftover_target,
2289,896,one-to-one,dn_1084,mkm_990,Giorgio,Giorgio,PRON,PRON,nsubj,nsubj,explicit_full,
2290,896,one-to-one,dn_1084,mkm_990,Giorgio,Giorgio,NULL,NULL,nsubj,nsubj,zero_zero_single,
2291,897,one-to-many,dn_1085,mkm_991 mkm_992,Giorgio,Giorgio,DET,PRON,nmod,nsubj,explicit_ref_only,
2292,897,one-to-many,dn_1085,mkm_991 mkm_992,Giorgio,Giorgio,NULL,NULL,nsubj,nsubj,zero_zero_semantic,0.44040260027194844
2293,897,one-to-many,dn_1085,mkm_991 mkm_992,Giorgio,MISSING,DET,MISSING,nmod,MISSING,leftover_source,
2294,897,one-to-many,dn_1085,mkm_991 mkm_992,MISSING,Giorgio,MISSING,NULL,MISSING,nsubj,leftover_target,
2295,898,one-to-one,dn_1086,mkm_993,Giorgio,Giorgio,PRON,PRON,obj,nmod,explicit_ref_pos,
2296,898,one-to-one,dn_1086,mkm_993,Giorgio,Giorgio,PRON,PRON,obj,nmod,explicit_ref_pos,
2297,902,one-to-one,dn_1090,mkm_1000,Ippolita,MISSING,PRON,MISSING,obj,MISSING,leftover_source,
2298,903,one-to-many,dn_1091,mkm_1001 mkm_1002,Ippolita,Ippolita,PROPN,PROPN,nsubj,nsubj,explicit_full,
2299,903,one-to-many,dn_1091,mkm_1001 mkm_1002,Ippolita,MISSING,PRON-REFLEX,MISSING,obj,MISSING,leftover_source,
2300,903,one-to-many,dn_1091,mkm_1001 mkm_1002,MISSING,Ippolita,MISSING,NULL,MISSING,nsubj,leftover_target,
2301,903,one-to-many,dn_1091,mkm_1001 mkm_1002,MISSING,Ippolita,MISSING,NULL,MISSING,nsubj,leftover_target,
2302,903,one-to-many,dn_1091,mkm_1001 mkm_1002,MISSING,Ippolita,MISSING,NULL,MISSING,nsubj,leftover_target,
2303,904,one-to-one,dn_1092,mkm_1003,Ippolita,Ippolita,NULL,NULL,nsubj,nsubj,zero_zero_single,
2304,904,one-to-one,dn_1092,mkm_1003,Ippolita,MISSING,PRON-REFLEX,MISSING,obj,MISSING,leftover_source,
2305,904,one-to-one,dn_1092,mkm_1003,MISSING,Ippolita,MISSING,PRON,MISSING,nsubj,leftover_target,
2306,905,one-to-one,dn_1093,mkm_1004,Ippolita,Ippolita,PRON,PRON,nsubj,obj,explicit_ref_pos,
2307,905,one-to-one,dn_1093,mkm_1004,MISSING,Ippolita,MISSING,PRON,MISSING,nmod,leftover_target,
2308,905,one-to-one,dn_1093,mkm_1004,aunt-Giovianna,aunt-Giovianna,NOUN,PROPN,obj,nmod,explicit_ref_only,
2309,906,one-to-many,dn_1094,mkm_1005 mkm_1006 mkm_1007,Ippolita,Ippolita,NULL,PRON,nsubj,nsubj,zero_to_tgt_anchor,
2310,906,one-to-many,dn_1094,mkm_1005 mkm_1006 mkm_1007,Ippolita,MISSING,PRON-REFLEX,MISSING,obj,MISSING,leftover_source,
2311,906,one-to-many,dn_1094,mkm_1005 mkm_1006 mkm_1007,aunt-Giovianna,aunt-Giovianna,NOUN,NOUN,nsubj,nsubj,explicit_full,
2312,906,one-to-many,dn_1094,mkm_1005 mkm_1006 mkm_1007,aunt-Giovianna,MISSING,NULL,MISSING,nsubj,MISSING,leftover_source,
2313,906,one-to-many,dn_1094,mkm_1005 mkm_1006 mkm_1007,MISSING,aunt-Giovianna,MISSING,NOUN,MISSING,vocative,leftover_target,
2314,907,one-to-one,dn_1095,mkm_1008,Giorgio,MISSING,PRON,MISSING,nsubj,MISSING,leftover_source,
2315,907,one-to-one,dn_1095,mkm_1008,Ippolita,Ippolita,NULL,PRON,nsubj,nsubj,zero_to_tgt_anchor,
2316,907,one-to-one,dn_1095,mkm_1008,Ippolita,Ippolita,NULL,PRON,nsubj,nsubj,zero_to_tgt_anchor,
2317,907,one-to-one,dn_1095,mkm_1008,Ippolita,MISSING,PRON-REFLEX,MISSING,obj,MISSING,leftover_source,
2318,907,one-to-one,dn_1095,mkm_1008,aunt-Giovianna,aunt-Giovianna,DET,NOUN,nmod,nmod,explicit_ref_case,
2319,907,one-to-one,dn_1095,mkm_1008,aunt-Giovianna,MISSING,PRON,MISSING,obj,MISSING,leftover_source,
2320,908,many-to-one,dn_1096 dn_1097 dn_1098,mkm_1009,MISSING,Giorgio,MISSING,PRON,MISSING,nsubj,leftover_target,
2321,908,many-to-one,dn_1096 dn_1097 dn_1098,mkm_1009,Ippolita,MISSING,PRON-REFLEX,MISSING,obj,MISSING,leftover_source,
2322,908,many-to-one,dn_1096 dn_1097 dn_1098,mkm_1009,Ippolita,MISSING,NULL,MISSING,nsubj,MISSING,leftover_source,
2323,908,many-to-one,dn_1096 dn_1097 dn_1098,mkm_1009,Ippolita,MISSING,NULL,MISSING,nsubj,MISSING,leftover_source,
2324,908,many-to-one,dn_1096 dn_1097 dn_1098,mkm_1009,aunt-Giovianna,aunt-Giovianna,NOUN,NOUN,vocative,nsubj,explicit_ref_pos,
2325,908,many-to-one,dn_1096 dn_1097 dn_1098,mkm_1009,aunt-Giovianna,MISSING,NULL,MISSING,nsubj,MISSING,leftover_source,
2326,908,many-to-one,dn_1096 dn_1097 dn_1098,mkm_1009,aunt-Giovianna,MISSING,PRON,MISSING,obj,MISSING,leftover_source,
2327,908,many-to-one,dn_1096 dn_1097 dn_1098,mkm_1009,aunt-Giovianna,MISSING,DET,MISSING,nmod,MISSING,leftover_source,
2328,908,many-to-one,dn_1096 dn_1097 dn_1098,mkm_1009,aunt-Giovianna,MISSING,DET,MISSING,nmod,MISSING,leftover_source,
2329,909,one-to-many,dn_1099,mkm_1010 mkm_1011,Giorgio,Giorgio,PROPN,PROPN,obj,obj,explicit_full,
2330,909,one-to-many,dn_1099,mkm_1010 mkm_1011,Ippolita,Ippolita,PRON,PROPN,nsubj,nsubj,explicit_ref_case,
2331,909,one-to-many,dn_1099,mkm_1010 mkm_1011,Ippolita,MISSING,PRON-REFLEX,MISSING,obj,MISSING,leftover_source,
2332,909,one-to-many,dn_1099,mkm_1010 mkm_1011,MISSING,Ippolita,MISSING,NULL,MISSING,nsubj,leftover_target,
2333,909,one-to-many,dn_1099,mkm_1010 mkm_1011,MISSING,Ippolita,MISSING,NULL,MISSING,nsubj,leftover_target,
2334,909,one-to-many,dn_1099,mkm_1010 mkm_1011,pavers,pavers,NOUN,NOUN,nsubj,nmod,explicit_ref_pos,
2335,910,one-to-one,dn_1100,mkm_1012,Ippolita,Ippolita,NULL,NULL,nsubj,nsubj,zero_zero_single,
2336,910,one-to-one,dn_1100,mkm_1012,Ippolita,MISSING,PRON-REFLEX,MISSING,obj,MISSING,leftover_source,
2337,912,one-to-one,dn_1102,mkm_1014,Ippolita,Ippolita,PRON,PRON,nsubj,nsubj,explicit_full,
2338,912,one-to-one,dn_1102,mkm_1014,MISSING,Ippolita,MISSING,NULL,MISSING,nsubj,leftover_target,
2339,913,many-to-one,dn_1103 dn_1104,mkm_1015,Ippolita,Ippolita,PRON,PRON,obj,nsubj,explicit_ref_pos,
2340,913,many-to-one,dn_1103 dn_1104,mkm_1015,Ippolita,Ippolita,NULL,NULL,nsubj,nsubj,zero_zero_semantic,0.33275270904450455
2341,913,many-to-one,dn_1103 dn_1104,mkm_1015,Ippolita,Ippolita,NULL,NULL,nsubj,nsubj,zero_zero_semantic,0.5683690022359523
2342,913,many-to-one,dn_1103 dn_1104,mkm_1015,Ippolita,MISSING,PRON,MISSING,obj,MISSING,leftover_source,
2343,913,many-to-one,dn_1103 dn_1104,mkm_1015,MISSING,Ippolita,MISSING,NULL,MISSING,nsubj,leftover_target,
2344,914,one-to-one,dn_1105,mkm_1016,Ippolita,Ippolita,PRON,PRON,nsubj,nsubj,explicit_full,
2345,914,one-to-one,dn_1105,mkm_1016,Ippolita,Ippolita,PRON-REFLEX,PRON,obj,obj,reflex_obj,
2346,914,one-to-one,dn_1105,mkm_1016,MISSING,Ippolita,MISSING,NULL,MISSING,nsubj,leftover_target,
2347,915,one-to-one,dn_1106,mkm_1017,Ippolita,MISSING,PRON,MISSING,obj,MISSING,leftover_source,
2348,915,one-to-one,dn_1106,mkm_1017,Ippolita,MISSING,PRON,MISSING,nsubj,MISSING,leftover_source,
2349,917,one-to-one,dn_1109,mkm_1019,Ippolita,Ippolita,PRON,PRON,obj,nsubj,explicit_ref_pos,
2350,918,one-to-one,dn_1110,mkm_1020,Ippolita,Ippolita,NULL,NULL,nsubj,nsubj,zero_zero_single,
2351,918,one-to-one,dn_1110,mkm_1020,MISSING,Ippolita,MISSING,PRON,MISSING,nsubj,leftover_target,
2352,919,one-to-one,dn_1111,mkm_1021,Ippolita,Ippolita,PRON,PRON,obj,nmod,explicit_ref_pos,
2353,919,one-to-one,dn_1111,mkm_1021,Ippolita,MISSING,PRON,MISSING,obj,MISSING,leftover_source,
2354,921,many-to-one,dn_1113 dn_1114,mkm_1023,Ippolita,Ippolita,PRON,PRON,obj,nsubj,explicit_ref_pos,
2355,921,many-to-one,dn_1113 dn_1114,mkm_1023,Ippolita,MISSING,NULL,MISSING,nsubj,MISSING,leftover_source,
2356,921,many-to-one,dn_1113 dn_1114,mkm_1023,Ippolita,MISSING,NULL,MISSING,nsubj,MISSING,leftover_source,
2357,921,many-to-one,dn_1113 dn_1114,mkm_1023,MISSING,Ippolita,MISSING,PRON,MISSING,nmod,leftover_target,
2358,922,one-to-one,dn_1115,mkm_1024,Ippolita,Ippolita,PRON,PRON,nsubj,nsubj,explicit_full,
2359,922,one-to-one,dn_1115,mkm_1024,MISSING,Ippolita,MISSING,NULL,MISSING,nsubj,leftover_target,
2360,922,one-to-one,dn_1115,mkm_1024,MISSING,Ippolita,MISSING,NULL,MISSING,nsubj,leftover_target,
2361,922,one-to-one,dn_1115,mkm_1024,MISSING,Ippolita,MISSING,NULL,MISSING,nsubj,leftover_target,
2362,922,one-to-one,dn_1115,mkm_1024,MISSING,Ippolita,MISSING,NULL,MISSING,nsubj,leftover_target,
2363,925,one-to-one,dn_1118,mkm_1027,Ippolita,Ippolita,NULL,NULL,nsubj,nsubj,zero_zero_single,
2364,925,one-to-one,dn_1118,mkm_1027,Ippolita,MISSING,PRON-REFLEX,MISSING,obj,MISSING,leftover_source,
2365,925,one-to-one,dn_1118,mkm_1027,aunt-Giovianna,aunt-Giovianna,NOUN,NOUN,nmod,nsubj,explicit_ref_pos,
2366,926,one-to-one,dn_1119,mkm_1028,Clarice,Clarice,NOUN,NOUN,nsubj,nsubj,explicit_full,
2367,926,one-to-one,dn_1119,mkm_1028,Clarice,Clarice,NOUN,NOUN,nsubj,pred,explicit_ref_pos,
2368,926,one-to-one,dn_1119,mkm_1028,Clarice,MISSING,PRON-REFLEX,MISSING,obj,MISSING,leftover_source,
2369,926,one-to-one,dn_1119,mkm_1028,Clarice,MISSING,NOUN,MISSING,obj,MISSING,leftover_source,
2370,926,one-to-one,dn_1119,mkm_1028,Ippolita,Ippolita,PRON,PRON,obj,obj,explicit_full,
2371,927,many-to-one,dn_1120 dn_1121,mkm_1029,Ippolita Clarice,Ippolita Clarice,PRON,PRON,nsubj,nsubj,explicit_full,
2372,927,many-to-one,dn_1120 dn_1121,mkm_1029,aunt-Giovianna,aunt-Giovianna,NOUN,NOUN,nsubj,nsubj,explicit_full,
2373,928,one-to-one,dn_1122,mkm_1030,Ippolita Clarice,Ippolita Clarice,PRON,PRON,obj,obj,explicit_full,
2374,929,one-to-one,dn_1123,mkm_1031,Clarice,Clarice,PROPN,PROPN,nsubj,nsubj,explicit_full,
2375,929,one-to-one,dn_1123,mkm_1031,Clarice,MISSING,NULL,MISSING,nsubj,MISSING,leftover_source,
2376,930,one-to-one,dn_1124,mkm_1032,Ippolita Clarice,Ippolita Clarice,PRON,PRON,nsubj,nsubj,explicit_full,
2377,930,one-to-one,dn_1124,mkm_1032,MISSING,Ippolita Clarice,MISSING,NULL,MISSING,nsubj,leftover_target,
2378,931,one-to-one,dn_1125,mkm_1033,Clarice,Clarice,PROPN,PROPN,nsubj,nsubj,explicit_full,
2379,932,one-to-one,dn_1126,mkm_1034,Clarice,Clarice,NOUN,NOUN,pred,pred,explicit_full,
2380,932,one-to-one,dn_1126,mkm_1034,Clarice,Clarice,NULL,PRON,nsubj,nsubj,zero_to_tgt_anchor,
2381,933,one-to-one,dn_1127,mkm_1035,Ippolita Clarice,Ippolita Clarice,PRON,PRON,nsubj,nsubj,explicit_full,
2382,933,one-to-one,dn_1127,mkm_1035,MISSING,Ippolita Clarice,MISSING,NULL,MISSING,nsubj,leftover_target,
2383,933,one-to-one,dn_1127,mkm_1035,MISSING,Ippolita Clarice,MISSING,NULL,MISSING,nsubj,leftover_target,
2384,934,one-to-one,dn_1128,mkm_1036,MISSING,Clarice,MISSING,PROPN,MISSING,nsubj,leftover_target,
2385,934,one-to-one,dn_1128,mkm_1036,Ippolita Clarice,MISSING,DET,MISSING,nmod,MISSING,leftover_source,
2386,935,one-to-one,dn_1129,mkm_1037,Clarice,Clarice,PROPN,PRON,nsubj,nsubj,explicit_ref_case,
2387,935,one-to-one,dn_1129,mkm_1037,MISSING,Clarice,MISSING,NULL,MISSING,nsubj,leftover_target,
2388,935,one-to-one,dn_1129,mkm_1037,MISSING,Clarice,MISSING,NULL,MISSING,nsubj,leftover_target,
2389,935,one-to-one,dn_1129,mkm_1037,Ippolita,Ippolita,PRON,PRON,obj,obj,explicit_full,
2390,935,one-to-one,dn_1129,mkm_1037,Ippolita,Ippolita,NULL,NULL,nsubj,nsubj,zero_zero_semantic,0.27637657967870355
2391,935,one-to-one,dn_1129,mkm_1037,Ippolita,Ippolita,NULL,NULL,nsubj,nsubj,zero_zero_semantic,0.6070912082411155
2392,935,one-to-one,dn_1129,mkm_1037,Ippolita,MISSING,PRON,MISSING,obj,MISSING,leftover_source,
2393,935,one-to-one,dn_1129,mkm_1037,MISSING,Ippolita Clarice,MISSING,NOUN,MISSING,nsubj,leftover_target,
2394,936,many-to-one,dn_1130 dn_1131,mkm_1038,Ippolita Clarice,Ippolita Clarice,PRON,PRON,nsubj,nsubj,explicit_full,
2395,936,many-to-one,dn_1130 dn_1131,mkm_1038,MISSING,Ippolita Clarice,MISSING,NULL,MISSING,nsubj,leftover_target,
2396,936,many-to-one,dn_1130 dn_1131,mkm_1038,MISSING,Ippolita Clarice,MISSING,NULL,MISSING,nsubj,leftover_target,
2397,937,one-to-one,dn_1132,mkm_1039,Ippolita Clarice,MISSING,NULL,MISSING,nsubj,MISSING,leftover_source,
2398,937,one-to-one,dn_1132,mkm_1039,aunt-Giovianna,aunt-Giovianna,NOUN,NOUN,nsubj,nsubj,explicit_full,
2399,937,one-to-one,dn_1132,mkm_1039,MISSING,aunt-Giovianna,MISSING,NOUN,MISSING,nmod,leftover_target,
2400,937,one-to-one,dn_1132,mkm_1039,MISSING,aunt-Giovianna,MISSING,NULL,MISSING,nsubj,leftover_target,
2401,938,one-to-one,dn_1133,mkm_1040,Clarice,Clarice,PROPN,PROPN,nsubj,nsubj,explicit_full,
2402,938,one-to-one,dn_1133,mkm_1040,MISSING,Clarice,MISSING,NULL,MISSING,nsubj,leftover_target,
2403,938,one-to-one,dn_1133,mkm_1040,Ippolita,Ippolita,PRON,PRON,nsubj,nsubj,explicit_full,
2404,938,one-to-one,dn_1133,mkm_1040,Ippolita,MISSING,PRON-REFLEX,MISSING,obj,MISSING,leftover_source,
2405,939,one-to-one,dn_1134,mkm_1041,MISSING,Ippolita,MISSING,PRON,MISSING,nsubj,leftover_target,
2406,939,one-to-one,dn_1134,mkm_1041,MISSING,Ippolita,MISSING,PRON,MISSING,obj,leftover_target,
2407,939,one-to-one,dn_1134,mkm_1041,MISSING,aunt-Giovianna,MISSING,NOUN,MISSING,nsubj,leftover_target,
2408,939,one-to-one,dn_1134,mkm_1041,MISSING,aunt-Giovianna,MISSING,NULL,MISSING,nsubj,leftover_target,
2409,940,one-to-one,dn_1135,mkm_1042,Ippolita,Ippolita,PRON,PRON,obj,nsubj,explicit_ref_pos,
2410,940,one-to-one,dn_1135,mkm_1042,Ippolita,MISSING,PRON,MISSING,obj,MISSING,leftover_source,
2411,940,one-to-one,dn_1135,mkm_1042,Ippolita,MISSING,NULL,MISSING,nsubj,MISSING,leftover_source,
2412,940,one-to-one,dn_1135,mkm_1042,aunt-Giovianna,aunt-Giovianna,PRON,NOUN,obj,obj,explicit_ref_case,
2413,940,one-to-one,dn_1135,mkm_1042,aunt-Giovianna,MISSING,NOUN,MISSING,nsubj,MISSING,leftover_source,
2414,941,one-to-one,dn_1136,mkm_1043,Ippolita,Ippolita,NULL,NULL,nsubj,nsubj,zero_zero_single,
2415,942,one-to-one,dn_1137,mkm_1044,Ippolita,Ippolita,PRON,PRON,obj,nsubj,explicit_ref_pos,
2416,943,one-to-many,dn_1138,mkm_1045 mkm_1046,Ippolita,Ippolita,PRON,PRON,nsubj,nsubj,explicit_full,
2417,943,one-to-many,dn_1138,mkm_1045 mkm_1046,Ippolita,Ippolita,PRON,PRON,obj,obj,explicit_full,
2418,943,one-to-many,dn_1138,mkm_1045 mkm_1046,Ippolita,MISSING,PRON-REFLEX,MISSING,obj,MISSING,leftover_source,
2419,943,one-to-many,dn_1138,mkm_1045 mkm_1046,Ippolita,MISSING,PRON,MISSING,obj,MISSING,leftover_source,
2420,943,one-to-many,dn_1138,mkm_1045 mkm_1046,MISSING,Ippolita,MISSING,NULL,MISSING,nsubj,leftover_target,
2421,943,one-to-many,dn_1138,mkm_1045 mkm_1046,MISSING,Ippolita,MISSING,NULL,MISSING,nsubj,leftover_target,
2422,943,one-to-many,dn_1138,mkm_1045 mkm_1046,pavers,pavers,NOUN,NOUN,nsubj,nmod,explicit_ref_pos,
2423,944,one-to-one,dn_1139,mkm_1047,Giorgio Ippolita,Giorgio Ippolita,NOUN,NOUN,nsubj,nsubj,explicit_full,
2424,944,one-to-one,dn_1139,mkm_1047,MISSING,Giorgio Ippolita,MISSING,NULL,MISSING,nsubj,leftover_target,
2425,945,many-to-one,dn_1140 dn_1141,mkm_1048,Giorgio Ippolita,Giorgio Ippolita,NULL,NULL,nsubj,nsubj,zero_zero_semantic,0.5806905148910875
2426,945,many-to-one,dn_1140 dn_1141,mkm_1048,Giorgio Ippolita,Giorgio Ippolita,NULL,NULL,nsubj,nsubj,zero_zero_semantic,0.397281948864992
2427,945,many-to-one,dn_1140 dn_1141,mkm_1048,MISSING,Giorgio Ippolita,MISSING,PRON,MISSING,nsubj,leftover_target,
2428,945,many-to-one,dn_1140 dn_1141,mkm_1048,MISSING,Giorgio Ippolita,MISSING,NOUN,MISSING,obj,leftover_target,
2429,946,one-to-one,dn_1142,mkm_1049,Giorgio Ippolita,Giorgio Ippolita,NULL,PRON,nsubj,nsubj,zero_to_tgt_anchor,
2430,947,one-to-one,dn_1143,mkm_1050,Giorgio,Giorgio,PROPN,PROPN,obj,nmod,explicit_ref_pos,
2431,947,one-to-one,dn_1143,mkm_1050,Giorgio,MISSING,PRON,MISSING,obj,MISSING,leftover_source,
2432,947,one-to-one,dn_1143,mkm_1050,Ippolita,Ippolita,PROPN,PROPN,nsubj,nsubj,explicit_full,
2433,947,one-to-one,dn_1143,mkm_1050,Ippolita,MISSING,DET,MISSING,nmod,MISSING,leftover_source,
2434,947,one-to-one,dn_1143,mkm_1050,Ippolita,MISSING,PRON-REFLEX,MISSING,obj,MISSING,leftover_source,
2435,947,one-to-one,dn_1143,mkm_1050,MISSING,Ippolita,MISSING,NULL,MISSING,nsubj,leftover_target,
2436,948,many-to-one,dn_1144 dn_1145,mkm_1051,Giorgio,Giorgio,DET,PRON,nmod,nmod,explicit_ref_case,
2437,948,many-to-one,dn_1144 dn_1145,mkm_1051,Giorgio,Giorgio,NULL,NULL,nsubj,nsubj,zero_zero_single,
2438,949,one-to-one,dn_1146,mkm_1052,Ippolita,Ippolita,PRON,PRON,obj,nsubj,explicit_ref_pos,
2439,949,one-to-one,dn_1146,mkm_1052,Ippolita,Ippolita,NULL,NULL,nsubj,nsubj,zero_zero_single,
2440,950,one-to-one,dn_1147,mkm_1055,Giorgio,Giorgio,PROPN,PROPN,nsubj,nsubj,explicit_full,
2441,952,one-to-one,dn_1149,mkm_1054,Ippolita,Ippolita,NULL,NULL,nsubj,nsubj,zero_zero_single,
2442,953,many-to-one,dn_1150 dn_1151,mkm_1056,Ippolita,MISSING,NULL,MISSING,nsubj,MISSING,leftover_source,
2443,954,many-to-one,dn_1152 dn_1153,mkm_1057,Ippolita,Ippolita,NULL,NULL,nsubj,nsubj,zero_zero_semantic,0.3454075281445245
2444,954,many-to-one,dn_1152 dn_1153,mkm_1057,Ippolita,Ippolita,NULL,NULL,nsubj,nsubj,zero_zero_semantic,0.26285814477711195
2445,954,many-to-one,dn_1152 dn_1153,mkm_1057,Ippolitas-husband,Ippolitas-husband,NOUN,NOUN,nmod,obj,explicit_ref_pos,
2446,956,one-to-one,dn_1155,mkm_1059,Giorgio,MISSING,PRON,MISSING,obj,MISSING,leftover_source,
2447,956,one-to-one,dn_1155,mkm_1059,Ippolita,Ippolita,NULL,NULL,nsubj,nsubj,zero_zero_single,
2448,957,one-to-one,dn_1156,mkm_1060,Giorgio,Giorgio,PROPN,PROPN,nsubj,nsubj,explicit_full,
2449,958,one-to-one,dn_1157,mkm_1061,Ippolita,Ippolita,PRON,PRON,nsubj,nsubj,explicit_full,
2450,959,one-to-one,dn_1158,mkm_1062,Giorgio,Giorgio,PROPN,PROPN,nsubj,nsubj,explicit_full,
2451,959,one-to-one,dn_1158,mkm_1062,Giorgio,MISSING,PRON-REFLEX,MISSING,obj,MISSING,leftover_source,
2452,959,one-to-one,dn_1158,mkm_1062,MISSING,Giorgio,MISSING,NULL,MISSING,nsubj,leftover_target,
2453,959,one-to-one,dn_1158,mkm_1062,Ippolita,Ippolita,PRON,PRON,obj,nmod,explicit_ref_pos,
2454,959,one-to-one,dn_1158,mkm_1062,Ippolita,Ippolita,PRON,NULL,nsubj,nsubj,zero_to_src_anchor,
2455,960,many-to-one,dn_1159 dn_1160,mkm_1063,Giorgio,Giorgio,PRON,NULL,nsubj,nsubj,zero_to_src_anchor,
2456,960,many-to-one,dn_1159 dn_1160,mkm_1063,Ippolita,MISSING,NULL,MISSING,nsubj,MISSING,leftover_source,
2457,961,one-to-many,dn_1161,mkm_1064 mkm_1065,Giorgio,Giorgio,PRON,NOUN,obj,obj,explicit_ref_case,
2458,961,one-to-many,dn_1161,mkm_1064 mkm_1065,Ippolita,Ippolita,PRON,PRON,nsubj,nsubj,explicit_full,
2459,961,one-to-many,dn_1161,mkm_1064 mkm_1065,Ippolita,Ippolita,NULL,NULL,nsubj,nsubj,zero_zero_semantic,0.3876757561519405
2460,961,one-to-many,dn_1161,mkm_1064 mkm_1065,Ippolita,Ippolita,NULL,NULL,nsubj,nsubj,zero_zero_semantic,0.4605792379224206
2461,961,one-to-many,dn_1161,mkm_1064 mkm_1065,Ippolita,MISSING,PRON-REFLEX,MISSING,obj,MISSING,leftover_source,
2462,961,one-to-many,dn_1161,mkm_1064 mkm_1065,MISSING,Ippolita,MISSING,PRON,MISSING,nsubj,leftover_target,
2463,961,one-to-many,dn_1161,mkm_1064 mkm_1065,MISSING,Ippolita,MISSING,PRON,MISSING,nsubj,leftover_target,
2464,962,one-to-one,dn_1162,mkm_1066,Giorgio,MISSING,PRON,MISSING,obj,MISSING,leftover_source,
2465,962,one-to-one,dn_1162,mkm_1066,Giorgio,MISSING,NULL,MISSING,nsubj,MISSING,leftover_source,
2466,962,one-to-one,dn_1162,mkm_1066,Ippolita,Ippolita,NULL,NULL,nsubj,nsubj,zero_zero_single,
2467,962,one-to-one,dn_1162,mkm_1066,Ippolita,MISSING,PRON,MISSING,obj,MISSING,leftover_source,
2468,963,one-to-one,dn_1163,mkm_1067,Giorgio,Giorgio,DET,PRON,nmod,nsubj,explicit_ref_only,
2469,963,one-to-one,dn_1163,mkm_1067,Giorgio,MISSING,NULL,MISSING,nsubj,MISSING,leftover_source,
2470,964,one-to-one,dn_1164,mkm_1068,Giorgio,Giorgio,NULL,NULL,nsubj,nsubj,zero_zero_single,
2471,964,one-to-one,dn_1164,mkm_1068,Ippolita,MISSING,PRON,MISSING,obj,MISSING,leftover_source,
2472,966,many-to-one,dn_1166 dn_1167,mkm_1070,Giorgio,MISSING,NULL,MISSING,nsubj,MISSING,leftover_source,
2473,966,many-to-one,dn_1166 dn_1167,mkm_1070,Ippolita,Ippolita,NULL,NULL,nsubj,nsubj,zero_zero_single,
2474,966,many-to-one,dn_1166 dn_1167,mkm_1070,Ippolita,MISSING,PRON,MISSING,obj,MISSING,leftover_source,
2475,966,many-to-one,dn_1166 dn_1167,mkm_1070,Ippolita,MISSING,PRON,MISSING,obj,MISSING,leftover_source,
2476,967,one-to-one,dn_1168,mkm_1071,Giorgio,MISSING,NOUN,MISSING,nmod,MISSING,leftover_source,
2477,967,one-to-one,dn_1168,mkm_1071,Ippolita,Ippolita,PRON,PRON,nsubj,nsubj,explicit_full,
2478,967,one-to-one,dn_1168,mkm_1071,MISSING,Ippolita,MISSING,NOUN,MISSING,nmod,leftover_target,
2479,967,one-to-one,dn_1168,mkm_1071,MISSING,Ippolita,MISSING,NULL,MISSING,nsubj,leftover_target,
2480,968,one-to-one,dn_1169,mkm_1072,Giorgio Ippolita,Giorgio Ippolita,NULL,NULL,nsubj,nsubj,zero_zero_semantic,0.13467520252893495
2481,968,one-to-one,dn_1169,mkm_1072,Giorgio Ippolita,Giorgio Ippolita,NULL,NULL,nsubj,nsubj,zero_zero_semantic,0.1985598679930698
2482,969,one-to-one,dn_1170,mkm_1073,Giorgio Ippolita,Giorgio Ippolita,NULL,NULL,nsubj,nsubj,zero_zero_single,
2483,969,one-to-one,dn_1170,mkm_1073,Ippolita,MISSING,NULL,MISSING,nsubj,MISSING,leftover_source,
2484,973,one-to-one,dn_1175,mkm_1077,Pancrazio,Pancrazio,PROPN,PROPN,nsubj,nsubj,explicit_full,
2485,974,one-to-one,dn_1176,mkm_1078,Ippolita,Ippolita,PROPN,PROPN,nsubj,nsubj,explicit_full,
2486,974,one-to-one,dn_1176,mkm_1078,MISSING,Ippolita,MISSING,NULL,MISSING,nsubj,leftover_target,
2487,974,one-to-one,dn_1176,mkm_1078,MISSING,Ippolita,MISSING,NULL,MISSING,nsubj,leftover_target,
2488,975,one-to-one,dn_1177,mkm_1079,Pancrazio,Pancrazio,PROPN,PROPN,nsubj,nsubj,explicit_full,
2489,975,one-to-one,dn_1177,mkm_1079,Pancrazio,MISSING,DET,MISSING,nmod,MISSING,leftover_source,
2490,975,one-to-one,dn_1177,mkm_1079,Pancrazio,MISSING,DET,MISSING,nmod,MISSING,leftover_source,
2491,976,one-to-one,dn_1178,mkm_1080,Pancrazio,Pancrazio,NULL,NULL,nsubj,nsubj,zero_zero_semantic,0.3189783366478008
2492,976,one-to-one,dn_1178,mkm_1080,Pancrazio,Pancrazio,NULL,NULL,nsubj,nsubj,zero_zero_semantic,0.23613316171843074
2493,976,one-to-one,dn_1178,mkm_1080,Pancrazio,Pancrazio,NULL,PRON,nsubj,nsubj,zero_to_tgt_anchor,
2494,977,one-to-many,dn_1179,mkm_1081 mkm_1082,Pancrazio,Pancrazio,PRON,PRON,nsubj,nsubj,explicit_full,
2495,977,one-to-many,dn_1179,mkm_1081 mkm_1082,Pancrazio,Pancrazio,NULL,NULL,nsubj,nsubj,zero_zero_semantic,0.7209814275780769
2496,977,one-to-many,dn_1179,mkm_1081 mkm_1082,Pancrazio,Pancrazio,NULL,NULL,nsubj,nsubj,zero_zero_semantic,0.6173580385937953
2497,977,one-to-many,dn_1179,mkm_1081 mkm_1082,Pancrazio,Pancrazio,NULL,NULL,nsubj,nsubj,zero_zero_semantic,0.35618088721111685
2498,978,one-to-one,dn_1180,mkm_1084,Giorgio,Giorgio,PROPN,PROPN,nsubj,nsubj,explicit_full,
2499,979,one-to-one,dn_1181,mkm_1083,Pancrazio,Pancrazio,PROPN,PROPN,nsubj,nsubj,explicit_full,
2500,979,one-to-one,dn_1181,mkm_1083,Pancrazio,Pancrazio,DET,PRON,nmod,nmod,explicit_ref_case,
2501,982,many-to-one,dn_1184 dn_1185 dn_1186,mkm_1088,Ippolita,Ippolita,PROPN,PROPN,nsubj,nsubj,explicit_full,
2502,982,many-to-one,dn_1184 dn_1185 dn_1186,mkm_1088,Ippolita,Ippolita,PRON,NULL,nsubj,nsubj,zero_to_src_anchor,
2503,985,one-to-one,dn_1189,mkm_1091,Giorgio,Giorgio,PROPN,PROPN,nsubj,nsubj,explicit_full,
2504,988,one-to-one,dn_1192,mkm_1094,Giorgio,MISSING,NOUN,MISSING,vocative,MISSING,leftover_source,
2505,989,many-to-one,dn_1193 dn_1194,mkm_1095,Giorgio,MISSING,PRON,MISSING,obj,MISSING,leftover_source,
2506,989,many-to-one,dn_1193 dn_1194,mkm_1095,Giorgio Ippolita,Giorgio Ippolita,PRON,NOUN,nsubj,nsubj,explicit_ref_case,
2507,989,many-to-one,dn_1193 dn_1194,mkm_1095,Giorgio Ippolita,Giorgio Ippolita,NULL,NULL,nsubj,nsubj,zero_zero_semantic,0.5342158761360597
2508,989,many-to-one,dn_1193 dn_1194,mkm_1095,Giorgio Ippolita,Giorgio Ippolita,NULL,NULL,nsubj,nsubj,zero_zero_semantic,0.6452929549711437
2509,989,many-to-one,dn_1193 dn_1194,mkm_1095,Giorgio Ippolita,MISSING,PRON-REFLEX,MISSING,obj,MISSING,leftover_source,
2510,989,many-to-one,dn_1193 dn_1194,mkm_1095,Ippolita,MISSING,PRON,MISSING,obj,MISSING,leftover_source,
2511,990,many-to-one,dn_1195 dn_1196,mkm_1096,Giorgio,Giorgio,PROPN,PROPN,obj,nsubj,explicit_ref_pos,
2512,990,many-to-one,dn_1195 dn_1196,mkm_1096,Giorgio,MISSING,DET,MISSING,nmod,MISSING,leftover_source,
2513,990,many-to-one,dn_1195 dn_1196,mkm_1096,MISSING,Giorgio,MISSING,NULL,MISSING,nsubj,leftover_target,
2514,991,one-to-one,dn_1197,mkm_1097,Giorgio,Giorgio,DET,PRON,nmod,nmod,explicit_ref_case,
2515,992,one-to-one,dn_1198,mkm_1098,Giorgio,MISSING,PRON,MISSING,obj,MISSING,leftover_source,
2516,993,one-to-one,dn_1199,mkm_1099,Giorgio,Giorgio,PRON,PRON,obj,obj,explicit_full,
2517,994,one-to-one,dn_1200,mkm_1100,Giorgio,Giorgio,PRON,PRON,obj,obj,explicit_full,
2518,994,one-to-one,dn_1200,mkm_1100,Giorgio,Giorgio,PRON,PRON,obj,obj,explicit_full,
2519,996,one-to-one,dn_1202,mkm_1102,Giorgio,Giorgio,DET,PRON,nmod,nmod,explicit_ref_case,
2520,996,one-to-one,dn_1202,mkm_1102,Ippolita,Ippolita,PRON,PRON,obj,nmod,explicit_ref_pos,
2521,997,one-to-one,dn_1203,mkm_1103,Giorgio,Giorgio,PRON,PRON,obj,obj,explicit_full,
2522,997,one-to-one,dn_1203,mkm_1103,Giorgio,MISSING,PRON,MISSING,nsubj,MISSING,leftover_source,
2523,997,one-to-one,dn_1203,mkm_1103,Giorgio,MISSING,DET,MISSING,nmod,MISSING,leftover_source,
2524,998,many-to-one,dn_1204 dn_1205,mkm_1104,Giorgio,Giorgio,PRON,PRON,obj,obj,explicit_full,
2525,998,many-to-one,dn_1204 dn_1205,mkm_1104,Giorgio,Giorgio,PRON,PRON,obj,obj,explicit_full,
2526,998,many-to-one,dn_1204 dn_1205,mkm_1104,MISSING,Giorgio,MISSING,PRON,MISSING,obj,leftover_target,
2527,998,many-to-one,dn_1204 dn_1205,mkm_1104,Ippolita,Ippolita,PRON,PRON,nsubj,nsubj,explicit_full,
2528,999,one-to-one,dn_1206,mkm_1105,Giorgio,MISSING,PRON,MISSING,obj,MISSING,leftover_source,
2529,1000,many-to-one,dn_1207 dn_1208 dn_1209,mkm_1106,Giorgio,Giorgio,PRON,PRON,nsubj,nsubj,explicit_full,
2530,1000,many-to-one,dn_1207 dn_1208 dn_1209,mkm_1106,Giorgio,Giorgio,PRON,NULL,nsubj,nsubj,zero_to_src_anchor,
2531,1000,many-to-one,dn_1207 dn_1208 dn_1209,mkm_1106,Giorgio,MISSING,DET,MISSING,nmod,MISSING,leftover_source,
2532,1000,many-to-one,dn_1207 dn_1208 dn_1209,mkm_1106,Giorgio,MISSING,PRON,MISSING,obj,MISSING,leftover_source,
2533,1000,many-to-one,dn_1207 dn_1208 dn_1209,mkm_1106,Giorgio,MISSING,PRON,MISSING,obj,MISSING,leftover_source,
2534,1000,many-to-one,dn_1207 dn_1208 dn_1209,mkm_1106,Giorgio,MISSING,PRON,MISSING,nsubj,MISSING,leftover_source,
2535,1000,many-to-one,dn_1207 dn_1208 dn_1209,mkm_1106,Ippolita,Ippolita,PRON,PRON,obj,obj,explicit_full,
2536,1000,many-to-one,dn_1207 dn_1208 dn_1209,mkm_1106,Ippolita,MISSING,PRON,MISSING,nsubj,MISSING,leftover_source,
2537,1001,one-to-one,dn_1210,mkm_1107,MISSING,Giorgio,MISSING,PRON,MISSING,nsubj,leftover_target,
2538,1001,one-to-one,dn_1210,mkm_1107,Ippolita,Ippolita,PROPN,PROPN,nmod,nsubj,explicit_ref_pos,
2539,1002,one-to-one,dn_1211,mkm_1108,Giorgio,MISSING,NULL,MISSING,nsubj,MISSING,leftover_source,
2540,1003,one-to-one,dn_1212,mkm_1109,Giorgio,MISSING,NULL,MISSING,nsubj,MISSING,leftover_source,
2541,1003,one-to-one,dn_1212,mkm_1109,Giorgio,MISSING,NULL,MISSING,nsubj,MISSING,leftover_source,
2542,1003,one-to-one,dn_1212,mkm_1109,MISSING,Giorgio,MISSING,PRON,MISSING,obj,leftover_target,
2543,1004,one-to-one,dn_1213,mkm_1110,Giorgio,Giorgio,PRON,PRON,nsubj,nsubj,explicit_full,
2544,1004,one-to-one,dn_1213,mkm_1110,Giorgio,Giorgio,NULL,NULL,nsubj,nsubj,zero_zero_semantic,0.36054206529932636
2545,1004,one-to-one,dn_1213,mkm_1110,Giorgio,MISSING,PRON,MISSING,obj,MISSING,leftover_source,
2546,1004,one-to-one,dn_1213,mkm_1110,MISSING,Giorgio,MISSING,NULL,MISSING,nsubj,leftover_target,
2547,1005,one-to-one,dn_1214,mkm_1111,Giorgio,MISSING,NULL,MISSING,nsubj,MISSING,leftover_source,
2548,1006,one-to-one,dn_1215,mkm_1112,Giorgio,Giorgio,DET,PRON,nmod,nmod,explicit_ref_case,
2549,1007,one-to-one,dn_1216,mkm_1113,Giorgio,MISSING,PRON,MISSING,obj,MISSING,leftover_source,
2550,1007,one-to-one,dn_1216,mkm_1113,Giorgio,MISSING,PRON,MISSING,obj,MISSING,leftover_source,
2551,1007,one-to-one,dn_1216,mkm_1113,MISSING,Giorgio,MISSING,NULL,MISSING,nsubj,leftover_target,
2552,1007,one-to-one,dn_1216,mkm_1113,MISSING,Giorgio,MISSING,NULL,MISSING,nsubj,leftover_target,
2553,1009,one-to-one,dn_1218,mkm_1115,Giorgio,Giorgio,NULL,PRON,nsubj,nsubj,zero_to_tgt_anchor,
2554,1010,one-to-one,dn_1219,mkm_1116,Giorgio,Giorgio,PRON,PRON,nsubj,nsubj,explicit_full,
2555,1010,one-to-one,dn_1219,mkm_1116,Giorgio,MISSING,PRON,MISSING,obj,MISSING,leftover_source,
2556,1010,one-to-one,dn_1219,mkm_1116,Giorgio,MISSING,PRON,MISSING,obj,MISSING,leftover_source,
2557,1010,one-to-one,dn_1219,mkm_1116,MISSING,Giorgio,MISSING,NULL,MISSING,nsubj,leftover_target,
2558,1010,one-to-one,dn_1219,mkm_1116,MISSING,Giorgio,MISSING,NULL,MISSING,nsubj,leftover_target,
2559,1010,one-to-one,dn_1219,mkm_1116,MISSING,Giorgio,MISSING,NULL,MISSING,nsubj,leftover_target,
2560,1012,one-to-one,dn_1221,mkm_1118,Giorgio,MISSING,NULL,MISSING,nsubj,MISSING,leftover_source,
2561,1012,one-to-one,dn_1221,mkm_1118,Giorgio,MISSING,NULL,MISSING,nsubj,MISSING,leftover_source,
2562,1012,one-to-one,dn_1221,mkm_1118,Ippolita,Ippolita,PRON,PRON,nmod,nmod,explicit_full,
2563,1013,many-to-one,dn_1222 dn_1223,mkm_1119,Giorgio,Giorgio,NULL,NULL,nsubj,nsubj,zero_zero_single,
2564,1013,many-to-one,dn_1222 dn_1223,mkm_1119,Ippolita,Ippolita,PRON,PRON,nsubj,nsubj,explicit_full,
2565,1013,many-to-one,dn_1222 dn_1223,mkm_1119,Ippolita,MISSING,DET,MISSING,nmod,MISSING,leftover_source,
2566,1014,one-to-one,dn_1224,mkm_1120,Giorgio,Giorgio,NULL,PRON,nsubj,nsubj,zero_to_tgt_anchor,
2567,1014,one-to-one,dn_1224,mkm_1120,Ippolita,Ippolita,PRON,PRON,obj,obj,explicit_full,
2568,1015,many-to-one,dn_1225 dn_1226,mkm_1121,Giorgio,Giorgio,NULL,PRON,nsubj,nsubj,zero_to_tgt_anchor,
2569,1015,many-to-one,dn_1225 dn_1226,mkm_1121,Ippolita,Ippolita,DET,PRON,nmod,nmod,explicit_ref_case,
2570,1015,many-to-one,dn_1225 dn_1226,mkm_1121,Ippolita,MISSING,DET,MISSING,nmod,MISSING,leftover_source,
2571,1015,many-to-one,dn_1225 dn_1226,mkm_1121,Ippolita,MISSING,DET,MISSING,nmod,MISSING,leftover_source,
2572,1016,one-to-one,dn_1227,mkm_1122,Giorgio,Giorgio,NULL,PRON,nsubj,nsubj,zero_to_tgt_anchor,
2573,1016,one-to-one,dn_1227,mkm_1122,Giorgio,MISSING,NULL,MISSING,nsubj,MISSING,leftover_source,
2574,1016,one-to-one,dn_1227,mkm_1122,Ippolita,Ippolita,DET,PRON,nmod,nmod,explicit_ref_case,
2575,1017,one-to-one,dn_1228 dn_1229 dn_1230,mkm_1123 mkm_1124 mkm_1125,Giorgio,Giorgio,PRON,PRON,obj,obj,explicit_full,
2576,1017,one-to-one,dn_1228 dn_1229 dn_1230,mkm_1123 mkm_1124 mkm_1125,Giorgio,Giorgio,PRON,PRON,obj,obj,explicit_full,
2577,1017,one-to-one,dn_1228 dn_1229 dn_1230,mkm_1123 mkm_1124 mkm_1125,Giorgio,MISSING,PRON,MISSING,nsubj,MISSING,leftover_source,
2578,1017,one-to-one,dn_1228 dn_1229 dn_1230,mkm_1123 mkm_1124 mkm_1125,Giorgio,MISSING,PRON,MISSING,obj,MISSING,leftover_source,
2579,1017,one-to-one,dn_1228 dn_1229 dn_1230,mkm_1123 mkm_1124 mkm_1125,Ippolita,Ippolita,PRON,PRON,nsubj,nsubj,explicit_full,
2580,1017,one-to-one,dn_1228 dn_1229 dn_1230,mkm_1123 mkm_1124 mkm_1125,Ippolita,Ippolita,DET,PRON,nmod,nsubj,explicit_ref_only,
2581,1017,one-to-one,dn_1228 dn_1229 dn_1230,mkm_1123 mkm_1124 mkm_1125,Ippolita,Ippolita,NULL,NULL,nsubj,nsubj,zero_zero_semantic,0.17640054332358496
2582,1017,one-to-one,dn_1228 dn_1229 dn_1230,mkm_1123 mkm_1124 mkm_1125,Ippolita,Ippolita,NULL,NULL,nsubj,nsubj,zero_zero_semantic,0.2036530580549013
2583,1017,one-to-one,dn_1228 dn_1229 dn_1230,mkm_1123 mkm_1124 mkm_1125,Ippolita,Ippolita,NULL,NULL,nsubj,nsubj,zero_zero_semantic,0.2597774523419219
2584,1017,one-to-one,dn_1228 dn_1229 dn_1230,mkm_1123 mkm_1124 mkm_1125,MISSING,Ippolita,MISSING,NULL,MISSING,nsubj,leftover_target,
2585,1017,one-to-one,dn_1228 dn_1229 dn_1230,mkm_1123 mkm_1124 mkm_1125,MISSING,Ippolita,MISSING,PRON,MISSING,nsubj,leftover_target,
2586,1018,one-to-one,dn_1231,mkm_1126,Giorgio,Giorgio,PRON,PRON,nsubj,nsubj,explicit_full,
2587,1018,one-to-one,dn_1231,mkm_1126,Giorgio,Giorgio,PRON,PRON,nsubj,nmod,explicit_ref_pos,
2588,1018,one-to-one,dn_1231,mkm_1126,Giorgio,Giorgio,PRON,NULL,nsubj,nsubj,zero_to_src_anchor,
2589,1018,one-to-one,dn_1231,mkm_1126,MISSING,Giorgio,MISSING,NULL,MISSING,nsubj,leftover_target,
2590,1018,one-to-one,dn_1231,mkm_1126,Ippolita,Ippolita,PRON,PRON,obj,obj,explicit_full,
2591,1018,one-to-one,dn_1231,mkm_1126,Ippolita,Ippolita,PRON,PRON,obj,obj,explicit_full,
2592,1018,one-to-one,dn_1231,mkm_1126,Ippolita,Ippolita,PRON,PRON,obj,nsubj,explicit_ref_pos,
2593,1020,many-to-one,dn_1234 dn_1235,mkm_1128,Ippolita,Ippolita,PRON,PRON,nsubj,nsubj,explicit_full,
2594,1020,many-to-one,dn_1234 dn_1235,mkm_1128,Ippolita,MISSING,NULL,MISSING,nsubj,MISSING,leftover_source,
2595,1021,one-to-one,dn_1236,mkm_1129,MISSING,Giorgio Ippolita,MISSING,NOUN,MISSING,nmod,leftover_target,
2596,1022,one-to-one,dn_1237,mkm_1130,Giorgio,Giorgio,NULL,NULL,nsubj,nsubj,zero_zero_semantic,0.5085630971524451
2597,1022,one-to-one,dn_1237,mkm_1130,MISSING,Giorgio,MISSING,PRON,MISSING,nsubj,leftover_target,
2598,1022,one-to-one,dn_1237,mkm_1130,MISSING,Giorgio,MISSING,NULL,MISSING,nsubj,leftover_target,
2599,1023,one-to-one,dn_1238,mkm_1131,Giorgio,Giorgio,DET,PRON,nmod,nmod,explicit_ref_case,
2600,1024,one-to-many,dn_1239,mkm_1132 mkm_1133,Giorgio,Giorgio,PRON,PRON,nsubj,nsubj,explicit_full,
2601,1024,one-to-many,dn_1239,mkm_1132 mkm_1133,Giorgio,Giorgio,PRON,PRON,nsubj,nsubj,explicit_full,
2602,1024,one-to-many,dn_1239,mkm_1132 mkm_1133,Giorgio,Giorgio,PRON,PRON,obj,nmod,explicit_ref_pos,
2603,1024,one-to-many,dn_1239,mkm_1132 mkm_1133,Giorgio,Giorgio,PRON,PRON,obj,nmod,explicit_ref_pos,
2604,1024,one-to-many,dn_1239,mkm_1132 mkm_1133,MISSING,Giorgio,MISSING,NULL,MISSING,nsubj,leftover_target,
2605,1024,one-to-many,dn_1239,mkm_1132 mkm_1133,MISSING,Giorgio,MISSING,NULL,MISSING,nsubj,leftover_target,
2606,1024,one-to-many,dn_1239,mkm_1132 mkm_1133,MISSING,Giorgio,MISSING,NULL,MISSING,nsubj,leftover_target,
2607,1025,one-to-one,dn_1240,mkm_1134,Giorgio,Giorgio,NULL,NULL,nsubj,nsubj,zero_zero_single,
2608,1025,one-to-one,dn_1240,mkm_1134,MISSING,Giorgio,MISSING,PRON,MISSING,nsubj,leftover_target,
2609,1027,one-to-one,dn_1245,mkm_1136,Giorgio,Giorgio,PROPN,PROPN,nsubj,nsubj,explicit_full,
2610,1027,one-to-one,dn_1245,mkm_1136,Giorgio,Giorgio,PRON,PRON,obj,nmod,explicit_ref_pos,
2611,1027,one-to-one,dn_1245,mkm_1136,Giorgio,Giorgio,NULL,NULL,nsubj,nsubj,zero_zero_semantic,0.3180577830662803
2612,1027,one-to-one,dn_1245,mkm_1136,MISSING,Giorgio,MISSING,NULL,MISSING,nsubj,leftover_target,
2613,1029,many-to-one,dn_1247 dn_1248,mkm_1138,Giorgio,Giorgio,PRON,PRON,obj,obj,explicit_full,
2614,1029,many-to-one,dn_1247 dn_1248,mkm_1138,Giorgio,MISSING,PRON,MISSING,obj,MISSING,leftover_source,
2615,1029,many-to-one,dn_1247 dn_1248,mkm_1138,Ippolita,Ippolita,PROPN,PROPN,nmod,obj,explicit_ref_pos,
2616,1030,one-to-one,dn_1249,mkm_1140,Giorgio,Giorgio,PRON,PRON,nsubj,nsubj,explicit_full,
2617,1031,one-to-one,dn_1250,mkm_1139,Giorgio,MISSING,NULL,MISSING,nsubj,MISSING,leftover_source,
2618,1031,one-to-one,dn_1250,mkm_1139,Giorgio,MISSING,PRON,MISSING,nsubj,MISSING,leftover_source,
2619,1032,one-to-one,dn_1251,mkm_1141,Giorgio,Giorgio,PRON,PRON,nsubj,nsubj,explicit_full,
2620,1032,one-to-one,dn_1251,mkm_1141,Giorgio,MISSING,PRON,MISSING,obj,MISSING,leftover_source,
2621,1032,one-to-one,dn_1251,mkm_1141,MISSING,Giorgio,MISSING,NULL,MISSING,nsubj,leftover_target,
2622,1032,one-to-one,dn_1251,mkm_1141,Ippolita,Ippolita,PRON,PRON,nsubj,nsubj,explicit_full,
2623,1033,one-to-one,dn_1252,mkm_1142,Giorgio,Giorgio,NOUN,NOUN,obj,obj,explicit_full,
2624,1033,one-to-one,dn_1252,mkm_1142,Giorgio,Giorgio,NOUN,NOUN,obj,obj,explicit_full,
2625,1033,one-to-one,dn_1252,mkm_1142,Giorgio,Giorgio,PRON,PRON,obj,nsubj,explicit_ref_pos,
2626,1033,one-to-one,dn_1252,mkm_1142,MISSING,Giorgio,MISSING,NULL,MISSING,nsubj,leftover_target,
2627,1034,one-to-many,dn_1253,mkm_1143 mkm_1144,Giorgio,Giorgio,PRON,PRON,nsubj,nsubj,explicit_full,
2628,1034,one-to-many,dn_1253,mkm_1143 mkm_1144,Giorgio,Giorgio,PRON,PRON,obj,obj,explicit_full,
2629,1034,one-to-many,dn_1253,mkm_1143 mkm_1144,Giorgio,Giorgio,NOUN,PRON,obj,nsubj,explicit_ref_only,
2630,1034,one-to-many,dn_1253,mkm_1143 mkm_1144,Giorgio,Giorgio,DET,PRON,nmod,nsubj,explicit_ref_only,
2631,1034,one-to-many,dn_1253,mkm_1143 mkm_1144,Giorgio,Giorgio,NULL,NULL,nsubj,nsubj,zero_zero_semantic,0.5696170141431699
2632,1034,one-to-many,dn_1253,mkm_1143 mkm_1144,Giorgio,Giorgio,NULL,NULL,nsubj,nsubj,zero_zero_semantic,0.20942841935118373
2633,1034,one-to-many,dn_1253,mkm_1143 mkm_1144,Giorgio,Giorgio,NULL,NULL,nsubj,nsubj,zero_zero_semantic,0.4968192063797091
2634,1036,one-to-one,dn_1255,mkm_1146,Giorgio,Giorgio,NOUN,NOUN,nmod,nsubj,explicit_ref_pos,
2635,1036,one-to-one,dn_1255,mkm_1146,MISSING,Giorgio,MISSING,NULL,MISSING,nsubj,leftover_target,
2636,1036,one-to-one,dn_1255,mkm_1146,MISSING,Giorgio,MISSING,NULL,MISSING,nsubj,leftover_target,
2637,1036,one-to-one,dn_1255,mkm_1146,MISSING,Giorgio,MISSING,NULL,MISSING,nsubj,leftover_target,
2638,1037,one-to-one,dn_1256,mkm_1147,Giorgio,Giorgio,PRON,PRON,nsubj,nsubj,explicit_full,
2639,1037,one-to-one,dn_1256,mkm_1147,MISSING,Giorgio,MISSING,NULL,MISSING,nsubj,leftover_target,
2640,1039,one-to-many,dn_1258,mkm_1149 mkm_1150 mkm_1151,MISSING,Giorgio,MISSING,NULL,MISSING,nsubj,leftover_target,
2641,1039,one-to-many,dn_1258,mkm_1149 mkm_1150 mkm_1151,MISSING,Giorgio,MISSING,PRON,MISSING,nsubj,leftover_target,
2642,1041,one-to-one,dn_1260,mkm_1154,Giorgio,Giorgio,PROPN,PROPN,nsubj,nsubj,explicit_full,
2643,1043,many-to-one,dn_1262 dn_1263,mkm_1155,Giorgio,Giorgio,DET,PRON,nmod,nmod,explicit_ref_case,
2644,1043,many-to-one,dn_1262 dn_1263,mkm_1155,Giorgio,Giorgio,DET,PRON,nmod,nmod,explicit_ref_case,
2645,1044,one-to-one,dn_1264,mkm_1156,Giorgio,Giorgio,PRON,PRON,nsubj,nsubj,explicit_full,
2646,1044,one-to-one,dn_1264,mkm_1156,Giorgio,Giorgio,PRON,PRON,nsubj,nsubj,explicit_full,
2647,1044,one-to-one,dn_1264,mkm_1156,Giorgio,Giorgio,DET,PRON,nmod,nmod,explicit_ref_case,
2648,1044,one-to-one,dn_1264,mkm_1156,MISSING,Giorgio,MISSING,NULL,MISSING,nsubj,leftover_target,
2649,1045,one-to-one,dn_1265,mkm_1157,Giorgio,Giorgio,PRON,PRON,nsubj,nsubj,explicit_full,
2650,1045,one-to-one,dn_1265,mkm_1157,Giorgio,Giorgio,NULL,NULL,nsubj,nsubj,zero_zero_semantic,0.31921392308834173
2651,1045,one-to-one,dn_1265,mkm_1157,MISSING,Giorgio,MISSING,NULL,MISSING,nsubj,leftover_target,
2652,1046,one-to-one,dn_1266,mkm_1158,Giorgio,MISSING,NULL,MISSING,nsubj,MISSING,leftover_source,
2653,1047,one-to-one,dn_1267,mkm_1159,Giorgio,Giorgio,PRON,PRON,nsubj,nsubj,explicit_full,
2654,1047,one-to-one,dn_1267,mkm_1159,MISSING,Giorgio,MISSING,NULL,MISSING,nsubj,leftover_target,
2655,1047,one-to-one,dn_1267,mkm_1159,MISSING,Giorgio Ippolita,MISSING,PRON,MISSING,nsubj,leftover_target,
2656,1047,one-to-one,dn_1267,mkm_1159,Ippolita,MISSING,PRON,MISSING,obj,MISSING,leftover_source,
2657,1048,one-to-one,dn_1268,mkm_1160,Ippolita,Ippolita,DET,PRON,nmod,nsubj,explicit_ref_only,
2658,1049,many-to-one,dn_1269 dn_1270 dn_1271,mkm_1161,Giorgio,Giorgio,PRON,PRON,nsubj,nsubj,explicit_full,
2659,1049,many-to-one,dn_1269 dn_1270 dn_1271,mkm_1161,MISSING,Giorgio,MISSING,NULL,MISSING,nsubj,leftover_target,
2660,1049,many-to-one,dn_1269 dn_1270 dn_1271,mkm_1161,Ippolita,Ippolita,PRON,PRON,nsubj,nsubj,explicit_full,
2661,1049,many-to-one,dn_1269 dn_1270 dn_1271,mkm_1161,Ippolita,Ippolita,PRON,PRON,obj,obj,explicit_full,
2662,1049,many-to-one,dn_1269 dn_1270 dn_1271,mkm_1161,Ippolita,Ippolita,PRON,PRON,nsubj,nmod,explicit_ref_pos,
2663,1049,many-to-one,dn_1269 dn_1270 dn_1271,mkm_1161,Ippolita,Ippolita,NULL,NULL,nsubj,nsubj,zero_zero_semantic,0.1809986040189669
2664,1049,many-to-one,dn_1269 dn_1270 dn_1271,mkm_1161,Ippolita,Ippolita,NULL,NULL,nsubj,nsubj,zero_zero_semantic,0.19019250184684605
2665,1049,many-to-one,dn_1269 dn_1270 dn_1271,mkm_1161,Ippolita,MISSING,PRON,MISSING,obj,MISSING,leftover_source,
2666,1049,many-to-one,dn_1269 dn_1270 dn_1271,mkm_1161,Ippolita,MISSING,PRON,MISSING,obj,MISSING,leftover_source,
2667,1049,many-to-one,dn_1269 dn_1270 dn_1271,mkm_1161,Ippolita,MISSING,PRON,MISSING,obj,MISSING,leftover_source,
2668,1049,many-to-one,dn_1269 dn_1270 dn_1271,mkm_1161,Ippolita,MISSING,PRON,MISSING,obj,MISSING,leftover_source,
2669,1049,many-to-one,dn_1269 dn_1270 dn_1271,mkm_1161,MISSING,Ippolita,MISSING,NULL,MISSING,nsubj,leftover_target,
2670,1050,one-to-one,dn_1272,mkm_1162,Giorgio,Giorgio,PRON,PRON,nsubj,obj,explicit_ref_pos,
2671,1050,one-to-one,dn_1272,mkm_1162,Giorgio,MISSING,PRON-REFLEX,MISSING,obj,MISSING,leftover_source,
2672,1051,one-to-one,dn_1273,mkm_1163,Ippolita,Ippolita,DET,PRON,nmod,nmod,explicit_ref_case,
2673,1051,one-to-one,dn_1273,mkm_1163,Ippolitas-husband,Ippolitas-husband,NOUN,PRON,nsubj,nsubj,explicit_ref_case,
2674,1051,one-to-one,dn_1273,mkm_1163,Ippolitas-husband,MISSING,NULL,MISSING,nsubj,MISSING,leftover_source,
2675,1051,one-to-one,dn_1273,mkm_1163,Ippolitas-husbands-female-friend,Ippolitas-husbands-female-friend,NOUN,NOUN,obj,nmod,explicit_ref_pos,
2676,1051,one-to-one,dn_1273,mkm_1163,Ippolitas-husbands-male-friend,Ippolitas-husbands-male-friend,NOUN,NOUN,obj,obj,explicit_full,
2677,1052,one-to-one,dn_1274,mkm_1164,Ippolita,Ippolita,PRON,PRON,obj,obj,explicit_full,
2678,1052,one-to-one,dn_1274,mkm_1164,Ippolitas-husband Ippolitas-husbands-male-friend Ippolitas-husbands-female-friend,Ippolitas-husband Ippolitas-husbands-male-friend Ippolitas-husbands-female-friend,NULL,NOUN,nsubj,nsubj,zero_to_tgt_anchor,
2679,1053,one-to-one,dn_1275,mkm_1165,Giorgio,Giorgio,PRON,PRON,obj,nsubj,explicit_ref_pos,
2680,1053,one-to-one,dn_1275,mkm_1165,Giorgio,Giorgio,NULL,NULL,nsubj,nsubj,zero_zero_semantic,0.24242545039521685
2681,1053,one-to-one,dn_1275,mkm_1165,Giorgio,Giorgio,NULL,NULL,nsubj,nsubj,zero_zero_semantic,0.45219321376688665
2682,1053,one-to-one,dn_1275,mkm_1165,Giorgio,MISSING,PRON-REFLEX,MISSING,obj,MISSING,leftover_source,
2683,1054,one-to-one,dn_1276,mkm_1166,Giorgio,Giorgio,PRON,PRON,obj,obj,explicit_full,
2684,1054,one-to-one,dn_1276,mkm_1166,Ippolitas-husband Ippolitas-husbands-male-friend Ippolitas-husbands-female-friend,Ippolitas-husband Ippolitas-husbands-male-friend Ippolitas-husbands-female-friend,NOUN,NOUN,nmod,nsubj,explicit_ref_pos,
2685,1054,one-to-one,dn_1276,mkm_1166,Ippolitas-husband Ippolitas-husbands-male-friend Ippolitas-husbands-female-friend,Ippolitas-husband Ippolitas-husbands-male-friend Ippolitas-husbands-female-friend,NULL,NULL,nsubj,nsubj,zero_zero_single,
2686,1055,one-to-one,dn_1277,mkm_1167,Giorgio,Giorgio,PRON,PRON,obj,obj,explicit_full,
2687,1055,one-to-one,dn_1277,mkm_1167,Ippolita,Ippolita,PRON,PRON,nsubj,nsubj,explicit_full,
2688,1055,one-to-one,dn_1277,mkm_1167,Ippolita,Ippolita,NULL,NULL,nsubj,nsubj,zero_zero_single,
2689,1055,one-to-one,dn_1277,mkm_1167,Ippolitas-husband Ippolitas-husbands-male-friend Ippolitas-husbands-female-friend,Ippolitas-husband Ippolitas-husbands-male-friend Ippolitas-husbands-female-friend,PRON,NOUN,nsubj,nsubj,explicit_ref_case,
2690,1056,one-to-many,dn_1278,mkm_1168 mkm_1169,Giorgio,Giorgio,PRON,PRON,nsubj,nsubj,explicit_full,
2691,1056,one-to-many,dn_1278,mkm_1168 mkm_1169,Giorgio,MISSING,NULL,MISSING,nsubj,MISSING,leftover_source,
2692,1056,one-to-many,dn_1278,mkm_1168 mkm_1169,Ippolita,Ippolita,PROPN,PRON,obj,obj,explicit_ref_case,
2693,1056,one-to-many,dn_1278,mkm_1168 mkm_1169,MISSING,Ippolita,MISSING,PROPN,MISSING,nsubj,leftover_target,
2694,1056,one-to-many,dn_1278,mkm_1168 mkm_1169,Ippolitas-husband,Ippolitas-husband,NOUN,NOUN,obj,obj,explicit_full,
2695,1056,one-to-many,dn_1278,mkm_1168 mkm_1169,Ippolitas-husbands-female-friend,Ippolitas-husbands-female-friend,NOUN,NOUN,obj,nsubj,explicit_ref_pos,
2696,1056,one-to-many,dn_1278,mkm_1168 mkm_1169,Ippolitas-husbands-male-friend,Ippolitas-husbands-male-friend,NOUN,NOUN,obj,obj,explicit_full,
2697,1057,one-to-many,dn_1279,mkm_1170 mkm_1171,Giorgio,Giorgio,PRON,PRON,nsubj,nsubj,explicit_full,
2698,1057,one-to-many,dn_1279,mkm_1170 mkm_1171,Giorgio,Giorgio,NULL,PRON,nsubj,nsubj,zero_to_tgt_anchor,
2699,1057,one-to-many,dn_1279,mkm_1170 mkm_1171,Giorgio,MISSING,NULL,MISSING,nsubj,MISSING,leftover_source,
2700,1057,one-to-many,dn_1279,mkm_1170 mkm_1171,MISSING,Giorgio,MISSING,PRON,MISSING,nmod,leftover_target,
2701,1057,one-to-many,dn_1279,mkm_1170 mkm_1171,Ippolita,Ippolita,NOUN,NOUN,nsubj,nsubj,explicit_full,
2702,1057,one-to-many,dn_1279,mkm_1170 mkm_1171,Ippolitas-husband Ippolitas-husbands-male-friend Ippolitas-husbands-female-friend,Ippolitas-husband Ippolitas-husbands-male-friend Ippolitas-husbands-female-friend,DET,NOUN,nmod,nmod,explicit_ref_case,
2703,1057,one-to-many,dn_1279,mkm_1170 mkm_1171,Ippolitas-husband Ippolitas-husbands-male-friend Ippolitas-husbands-female-friend,Ippolitas-husband Ippolitas-husbands-male-friend Ippolitas-husbands-female-friend,DET,PRON,nmod,nmod,explicit_ref_case,
2704,1057,one-to-many,dn_1279,mkm_1170 mkm_1171,Ippolitas-husband Ippolitas-husbands-male-friend Ippolitas-husbands-female-friend,Ippolitas-husband Ippolitas-husbands-male-friend Ippolitas-husbands-female-friend,DET,NOUN,nmod,nmod,explicit_ref_case,
2705,1057,one-to-many,dn_1279,mkm_1170 mkm_1171,Ippolitas-husband Ippolitas-husbands-male-friend Ippolitas-husbands-female-friend,MISSING,PRON,MISSING,obj,MISSING,leftover_source,
2706,1057,one-to-many,dn_1279,mkm_1170 mkm_1171,Ippolitas-husband Ippolitas-husbands-male-friend Ippolitas-husbands-female-friend,MISSING,DET,MISSING,nmod,MISSING,leftover_source,
2707,1058,one-to-one,dn_1280,mkm_1172,Giorgio,MISSING,NULL,MISSING,nsubj,MISSING,leftover_source,
2708,1059,many-to-one,dn_1281 dn_1282 dn_1283,mkm_1173,Giorgio,Giorgio,NULL,NULL,nsubj,nsubj,zero_zero_semantic,0.4136622612402864
2709,1059,many-to-one,dn_1281 dn_1282 dn_1283,mkm_1173,Giorgio,MISSING,NULL,MISSING,nsubj,MISSING,leftover_source,
2710,1059,many-to-one,dn_1281 dn_1282 dn_1283,mkm_1173,Giorgio,MISSING,NULL,MISSING,nsubj,MISSING,leftover_source,
2711,1059,many-to-one,dn_1281 dn_1282 dn_1283,mkm_1173,Ippolita,Ippolita,PRON,PRON,obj,obj,explicit_full,
2712,1060,one-to-one,dn_1284,mkm_1174,Giorgio,Giorgio,NULL,NULL,nsubj,nsubj,zero_zero_semantic,0.15124955203603296
2713,1060,one-to-one,dn_1284,mkm_1174,Giorgio,Giorgio,NULL,NULL,nsubj,nsubj,zero_zero_semantic,0.23505487073870268
2714,1063,one-to-one,dn_1287,mkm_1177,Giorgio,Giorgio,NULL,NULL,nsubj,nsubj,zero_zero_single,
2715,1063,one-to-one,dn_1287,mkm_1177,Ippolita,MISSING,PRON,MISSING,obj,MISSING,leftover_source,
2716,1063,one-to-one,dn_1287,mkm_1177,Ippolita,MISSING,PRON,MISSING,obj,MISSING,leftover_source,
2717,1064,one-to-one,dn_1289,mkm_1178,Giorgio,Giorgio,PRON,PRON,obj,obj,explicit_full,
2718,1064,one-to-one,dn_1289,mkm_1178,Ippolita,Ippolita,PRON,PRON,nsubj,nsubj,explicit_full,
2719,1064,one-to-one,dn_1289,mkm_1178,Ippolita,MISSING,NULL,MISSING,nsubj,MISSING,leftover_source,
2720,1065,one-to-one,dn_1290,mkm_1179,Ippolita,Ippolita,NULL,NULL,nsubj,nsubj,zero_zero_single,
2721,1066,one-to-one,dn_1291,mkm_1180,Ippolita,Ippolita,PRON,PRON,nsubj,nsubj,explicit_full,
2722,1067,one-to-one,dn_1292,mkm_1181,Ippolita,Ippolita,NULL,PRON,nsubj,nsubj,zero_to_tgt_anchor,
2723,1068,one-to-one,dn_1293,mkm_1182,Ippolita,Ippolita,NULL,NULL,nsubj,nsubj,zero_zero_single,
2724,1069,many-to-one,dn_1294 dn_1295 dn_1296 dn_1297,mkm_1183,Giorgio,Giorgio,PRON,PRON,nsubj,nsubj,explicit_full,
2725,1069,many-to-one,dn_1294 dn_1295 dn_1296 dn_1297,mkm_1183,Giorgio,Giorgio,NULL,NULL,nsubj,nsubj,zero_zero_semantic,0.39021916167533144
2726,1069,many-to-one,dn_1294 dn_1295 dn_1296 dn_1297,mkm_1183,Giorgio,Giorgio,NULL,PRON,nsubj,nsubj,zero_to_tgt_anchor,
2727,1069,many-to-one,dn_1294 dn_1295 dn_1296 dn_1297,mkm_1183,Giorgio,Giorgio,NULL,PRON,nsubj,nsubj,zero_to_tgt_anchor,
2728,1069,many-to-one,dn_1294 dn_1295 dn_1296 dn_1297,mkm_1183,Giorgio,MISSING,NULL,MISSING,nsubj,MISSING,leftover_source,
2729,1069,many-to-one,dn_1294 dn_1295 dn_1296 dn_1297,mkm_1183,Giorgio,MISSING,NULL,MISSING,nsubj,MISSING,leftover_source,
2730,1069,many-to-one,dn_1294 dn_1295 dn_1296 dn_1297,mkm_1183,Giorgio,MISSING,NULL,MISSING,nsubj,MISSING,leftover_source,
2731,1069,many-to-one,dn_1294 dn_1295 dn_1296 dn_1297,mkm_1183,Ippolita,MISSING,PRON,MISSING,obj,MISSING,leftover_source,
2732,1071,one-to-one,dn_1299,mkm_1185,Ippolita,Ippolita,PROPN,PROPN,nsubj,nsubj,explicit_full,
2733,1072,many-to-one,dn_1300 dn_1301,mkm_1186,Ippolita,Ippolita,PRON,PRON,nsubj,nsubj,explicit_full,
2734,1072,many-to-one,dn_1300 dn_1301,mkm_1186,Ippolita,MISSING,NULL,MISSING,nsubj,MISSING,leftover_source,
2735,1073,one-to-one,dn_1302,mkm_1187,Giorgio,Giorgio,PRON,PRON,nsubj,nsubj,explicit_full,
2736,1073,one-to-one,dn_1302,mkm_1187,MISSING,Giorgio,MISSING,NULL,MISSING,nsubj,leftover_target,
2737,1075,one-to-one,dn_1304,mkm_1189,Giorgio,Giorgio,NULL,NULL,nsubj,nsubj,zero_zero_single,
2738,1076,one-to-one,dn_1305,mkm_1190,Giorgio,MISSING,NULL,MISSING,nsubj,MISSING,leftover_source,
2739,1076,one-to-one,dn_1305,mkm_1190,Ippolita,Ippolita,DET,PRON,nmod,nmod,explicit_ref_case,
2740,1076,one-to-one,dn_1305,mkm_1190,Ippolita,MISSING,DET,MISSING,nmod,MISSING,leftover_source,
2741,1077,one-to-one,dn_1306,mkm_1191,Giorgio,Giorgio,NULL,NULL,nsubj,nsubj,zero_zero_single,
2742,1077,one-to-one,dn_1306,mkm_1191,Ippolita,MISSING,PRON,MISSING,obj,MISSING,leftover_source,
2743,1078,one-to-one,dn_1307,mkm_1192,Giorgio,MISSING,NULL,MISSING,nsubj,MISSING,leftover_source,
2744,1080,one-to-one,dn_1309,mkm_1194,Ippolita,Ippolita,DET,PRON,nmod,nmod,explicit_ref_case,
2745,1082,one-to-many,dn_1312,mkm_1196 mkm_1197,Giorgio Ippolita,Giorgio Ippolita,NULL,NULL,nsubj,nsubj,zero_zero_single,
2746,1082,one-to-many,dn_1312,mkm_1196 mkm_1197,Giorgio Ippolita,MISSING,PRON-REFLEX,MISSING,obj,MISSING,leftover_source,
2747,1083,one-to-one,dn_1313,mkm_1198,Giorgio,Giorgio,NULL,NULL,nsubj,nsubj,zero_zero_single,
2748,1083,one-to-one,dn_1313,mkm_1198,Giorgio,MISSING,PRON-REFLEX,MISSING,obj,MISSING,leftover_source,
2749,1084,one-to-one,dn_1314,mkm_1199,Giorgio Ippolita,Giorgio Ippolita,NULL,NULL,nsubj,nsubj,zero_zero_single,
2750,1085,one-to-one,dn_1315,mkm_1200,MISSING,Ippolita,MISSING,PRON,MISSING,nmod,leftover_target,
2751,1085,one-to-one,dn_1315,mkm_1200,Ippolitas-sister-in-law,Ippolitas-sister-in-law,NOUN,NOUN,nsubj,vocative,explicit_ref_pos,
2752,1086,many-to-one,dn_1316 dn_1317,mkm_1201,Giorgio,Giorgio,PRON,PRON,nsubj,nsubj,explicit_full,
2753,1086,many-to-one,dn_1316 dn_1317,mkm_1201,Giorgio,Giorgio,NULL,NULL,nsubj,nsubj,zero_zero_single,
2754,1086,many-to-one,dn_1316 dn_1317,mkm_1201,Giorgio,MISSING,PRON-REFLEX,MISSING,obj,MISSING,leftover_source,
2755,1088,one-to-one,dn_1319,mkm_1203,Giorgio Ippolita,Giorgio Ippolita,PRON,PRON,nsubj,nsubj,explicit_full,
2756,1088,one-to-one,dn_1319,mkm_1203,MISSING,Giorgio Ippolita,MISSING,NULL,MISSING,nsubj,leftover_target,
2757,1089,one-to-one,dn_1320,mkm_1204,Giorgio,Giorgio,NULL,NULL,nsubj,nsubj,zero_zero_single,
2758,1089,one-to-one,dn_1320,mkm_1204,MISSING,Giorgio,MISSING,PRON,MISSING,nsubj,leftover_target,
2759,1089,one-to-one,dn_1320,mkm_1204,MISSING,Giorgio,MISSING,PRON,MISSING,nsubj,leftover_target,
2760,1090,one-to-one,dn_1321,mkm_1205,Giorgio,MISSING,PRON,MISSING,obj,MISSING,leftover_source,
2761,1090,one-to-one,dn_1321,mkm_1205,MISSING,Giorgio,MISSING,NULL,MISSING,nsubj,leftover_target,
2762,1092,one-to-one,dn_1323,mkm_1207,Giorgio,Giorgio,NULL,PRON,nsubj,nsubj,zero_to_tgt_anchor,
2763,1093,one-to-one,dn_1324,mkm_1208,Ippolita,Ippolita,NULL,PRON,nsubj,nsubj,zero_to_tgt_anchor,
2764,1094,one-to-one,dn_1325,mkm_1209,Ippolita,Ippolita,PRON,PRON,nsubj,nsubj,explicit_full,
2765,1095,one-to-one,dn_1326,mkm_1210,Giorgio Ippolita,Giorgio Ippolita,DET,PRON,nmod,nmod,explicit_ref_case,
2766,1095,one-to-one,dn_1326,mkm_1210,Giorgio Ippolita,MISSING,NULL,MISSING,nsubj,MISSING,leftover_source,
2767,1096,one-to-one,dn_1327,mkm_1211,Giorgio Ippolita,Giorgio Ippolita,NULL,NOUN,nsubj,nsubj,zero_to_tgt_anchor,
2768,1097,many-to-one,dn_1328 dn_1329,mkm_1212,Giorgio,Giorgio,PRON,PRON,obj,obj,explicit_full,
2769,1097,many-to-one,dn_1328 dn_1329,mkm_1212,Giorgio,Giorgio,PRON,PRON,obj,nmod,explicit_ref_pos,
2770,1097,many-to-one,dn_1328 dn_1329,mkm_1212,Giorgio,MISSING,NULL,MISSING,nsubj,MISSING,leftover_source,
2771,1098,one-to-one,dn_1330,mkm_1213,Giorgio,Giorgio,DET,PRON,nmod,nmod,explicit_ref_case,
2772,1098,one-to-one,dn_1330,mkm_1213,Giorgio,Giorgio,NULL,NULL,nsubj,nsubj,zero_zero_single,
2773,1098,one-to-one,dn_1330,mkm_1213,MISSING,Giorgio,MISSING,PRON,MISSING,nsubj,leftover_target,
2774,1098,one-to-one,dn_1330,mkm_1213,MISSING,Giorgio,MISSING,PRON,MISSING,nmod,leftover_target,
2775,1098,one-to-one,dn_1330,mkm_1213,Ippolita,Ippolita,PRON,PRON,nsubj,nsubj,explicit_full,
2776,1100,one-to-one,dn_1332,mkm_1215,Ippolita,Ippolita,DET,PRON,nmod,nmod,explicit_ref_case,
2777,1101,one-to-one,dn_1333,mkm_1216,Ippolita,Ippolita,DET,PRON,nmod,nmod,explicit_ref_case,
2778,1102,one-to-one,dn_1334,mkm_1217,CaterinaCornaro,CaterinaCornaro,PROPN,PROPN,nsubj,nsubj,explicit_full,
2779,1102,one-to-one,dn_1334,mkm_1217,CaterinaCornaro,CaterinaCornaro,NULL,NULL,nsubj,nsubj,zero_zero_single,
2780,1102,one-to-one,dn_1334,mkm_1217,Giorgio,Giorgio,PRON,PRON,nsubj,obj,explicit_ref_pos,
2781,1102,one-to-one,dn_1334,mkm_1217,Giorgio,Giorgio,NULL,NULL,nsubj,nsubj,zero_zero_semantic,0.6574959163267571
2782,1102,one-to-one,dn_1334,mkm_1217,Giorgio,MISSING,NULL,MISSING,nsubj,MISSING,leftover_source,
2783,1102,one-to-one,dn_1334,mkm_1217,Ippolita,Ippolita,PRON,PRON,obj,obj,explicit_full,
2784,1103,one-to-one,dn_1335,mkm_1218,CaterinaCornaro,MISSING,NOUN,MISSING,nmod,MISSING,leftover_source,
2785,1103,one-to-one,dn_1335,mkm_1218,Giorgio,Giorgio,DET,PRON,nmod,nsubj,explicit_ref_only,
2786,1103,one-to-one,dn_1335,mkm_1218,Giorgio,Giorgio,NULL,NULL,nsubj,nsubj,zero_zero_semantic,0.3251683808732451
2787,1103,one-to-one,dn_1335,mkm_1218,Giorgio,Giorgio,NULL,NULL,nsubj,nsubj,zero_zero_semantic,0.19752781929676994
2788,1104,one-to-one,dn_1336,mkm_1219,Ippolita,Ippolita,PRON,PRON,nsubj,nsubj,explicit_full,
2789,1104,one-to-one,dn_1336,mkm_1219,Ippolita,MISSING,PRON-REFLEX,MISSING,obj,MISSING,leftover_source,
2790,1104,one-to-one,dn_1336,mkm_1219,MISSING,Ippolita,MISSING,PRON,MISSING,nsubj,leftover_target,
2791,1104,one-to-one,dn_1336,mkm_1219,MISSING,Ippolita,MISSING,NULL,MISSING,nsubj,leftover_target,
2792,1105,one-to-one,dn_1337,mkm_1220,Ippolita,Ippolita,PROPN,PROPN,vocative,vocative,explicit_full,
2793,1106,one-to-one,dn_1338,mkm_1221,Giorgio,Giorgio,PRON,PRON,nsubj,nsubj,explicit_full,
2794,1106,one-to-one,dn_1338,mkm_1221,Ippolita,Ippolita,PRON,PRON,nsubj,nsubj,explicit_full,
2795,1106,one-to-one,dn_1338,mkm_1221,Ippolita,Ippolita,DET,PRON,nmod,nmod,explicit_ref_case,
2796,1106,one-to-one,dn_1338,mkm_1221,Ippolita,Ippolita,DET,PRON,nmod,obj,explicit_ref_only,
2797,1108,one-to-one,dn_1340,mkm_1223,PaoloVeronese,PaoloVeronese,PROPN,PROPN,nmod,nmod,explicit_full,
2798,1109,one-to-one,dn_1341,mkm_1224,Giorgio,Giorgio,PRON,PRON,obj,obj,explicit_full,
2799,1109,one-to-one,dn_1341,mkm_1224,MISSING,Giorgio,MISSING,PRON,MISSING,nsubj,leftover_target,
2800,1109,one-to-one,dn_1341,mkm_1224,Giorgio Ippolita,Giorgio Ippolita,DET,PRON,nmod,nsubj,explicit_ref_only,
2801,1109,one-to-one,dn_1341,mkm_1224,PaoloVeronese,PaoloVeronese,PROPN,PROPN,nsubj,nmod,explicit_ref_pos,
2802,1110,one-to-one,dn_1342,mkm_1225,Giorgio Ippolita,Giorgio Ippolita,NULL,PRON,nsubj,nsubj,zero_to_tgt_anchor,
2803,1111,one-to-one,dn_1343,mkm_1226,Giorgio Ippolita,Giorgio Ippolita,NULL,NULL,nsubj,nsubj,zero_zero_semantic,0.2426079542791776
2804,1111,one-to-one,dn_1343,mkm_1226,Giorgio Ippolita,MISSING,PRON,MISSING,obj,MISSING,leftover_source,
2805,1111,one-to-one,dn_1343,mkm_1226,MISSING,Giorgio Ippolita,MISSING,NULL,MISSING,nsubj,leftover_target,
2806,1111,one-to-one,dn_1343,mkm_1226,MISSING,Giorgio Ippolita,MISSING,NULL,MISSING,nsubj,leftover_target,
2807,1112,one-to-one,dn_1344,mkm_1227,Ippolita,Ippolita,NULL,NULL,nsubj,nsubj,zero_zero_single,
2808,1113,one-to-one,dn_1345,mkm_1228,Giorgio Ippolita,Giorgio Ippolita,NULL,NULL,nsubj,nsubj,zero_zero_semantic,0.29447379148762654
2809,1113,one-to-one,dn_1345,mkm_1228,Giorgio Ippolita,Giorgio Ippolita,NULL,PRON,nsubj,nsubj,zero_to_tgt_anchor,
2810,1113,one-to-one,dn_1345,mkm_1228,Giorgio Ippolita,MISSING,PRON-REFLEX,MISSING,obj,MISSING,leftover_source,
2811,1113,one-to-one,dn_1345,mkm_1228,Giorgio Ippolita,MISSING,PRON-REFLEX,MISSING,obj,MISSING,leftover_source,
2812,1115,one-to-one,dn_1347,mkm_1230,Ippolita,Ippolita,PRON,PRON,nsubj,nsubj,explicit_full,
2813,1115,one-to-one,dn_1347,mkm_1230,MISSING,Ippolita,MISSING,NULL,MISSING,nsubj,leftover_target,
2814,1116,one-to-one,dn_1348,mkm_1231,Giorgio,MISSING,NULL,MISSING,nsubj,MISSING,leftover_source,
2815,1116,one-to-one,dn_1348,mkm_1231,MISSING,Giorgio,MISSING,PRON,MISSING,vocative,leftover_target,
2816,1118,one-to-one,dn_1350,mkm_1232,Ippolita,Ippolita,PROPN,PROPN,nsubj,nsubj,explicit_full,
2817,1119,one-to-one,dn_1351,mkm_1234,Giorgio,Giorgio,PRON,NULL,nsubj,nsubj,zero_to_src_anchor,
2818,1119,one-to-one,dn_1351,mkm_1234,Ippolita,Ippolita,DET,PRON,nmod,nsubj,explicit_ref_only,
2819,1120,one-to-one,dn_1352,mkm_1235,Ippolita,Ippolita,NULL,NULL,nsubj,nsubj,zero_zero_semantic,0.371509683628877
2820,1120,one-to-one,dn_1352,mkm_1235,Ippolita,MISSING,DET,MISSING,nmod,MISSING,leftover_source,
2821,1120,one-to-one,dn_1352,mkm_1235,MISSING,Ippolita,MISSING,NULL,MISSING,nsubj,leftover_target,
2822,1120,one-to-one,dn_1352,mkm_1235,MISSING,Ippolita,MISSING,NULL,MISSING,nsubj,leftover_target,
2823,1121,one-to-one,dn_1353,mkm_1236,Ippolita,Ippolita,NULL,NULL,nsubj,nsubj,zero_zero_single,
2824,1122,one-to-one,dn_1354,mkm_1237,Ippolita,Ippolita,NULL,NULL,nsubj,nsubj,zero_zero_semantic,0.28259231551335406
2825,1122,one-to-one,dn_1354,mkm_1237,Ippolita,MISSING,NULL,MISSING,nsubj,MISSING,leftover_source,
2826,1123,one-to-one,dn_1355,mkm_1238,Giorgio,Giorgio,PRON,PRON,obj,obj,explicit_full,
2827,1123,one-to-one,dn_1355,mkm_1238,MISSING,Giorgio Ippolita,MISSING,NOUN,MISSING,obj,leftover_target,
2828,1123,one-to-one,dn_1355,mkm_1238,Ippolita,Ippolita,NULL,PRON,nsubj,nsubj,zero_to_tgt_anchor,
2829,1123,one-to-one,dn_1355,mkm_1238,Ippolita,MISSING,PRON-REFLEX,MISSING,obj,MISSING,leftover_source,
2830,1123,one-to-one,dn_1355,mkm_1238,Ippolita,MISSING,NULL,MISSING,nsubj,MISSING,leftover_source,
2831,1124,one-to-one,dn_1356,mkm_1239,Giorgio,Giorgio,NULL,NULL,nsubj,nsubj,zero_zero_single,
2832,1124,one-to-one,dn_1356,mkm_1239,Giorgio,MISSING,PRON-REFLEX,MISSING,obj,MISSING,leftover_source,
2833,1125,one-to-one,dn_1357,mkm_1240,Giorgio,MISSING,PRON,MISSING,obj,MISSING,leftover_source,
2834,1125,one-to-one,dn_1357,mkm_1240,Ippolita,Ippolita,PRON,PRON,obj,nsubj,explicit_ref_pos,
2835,1125,one-to-one,dn_1357,mkm_1240,Ippolita,MISSING,NULL,MISSING,nsubj,MISSING,leftover_source,
2836,1125,one-to-one,dn_1357,mkm_1240,Ippolita,MISSING,NULL,MISSING,nsubj,MISSING,leftover_source,
2837,1126,one-to-one,dn_1358,mkm_1241,Giorgio,Giorgio,PRON,PRON,nsubj,nsubj,explicit_full,
2838,1126,one-to-one,dn_1358,mkm_1241,Ippolita,Ippolita,PRON,PRON,obj,obj,explicit_full,
2839,1127,one-to-one,dn_1359,mkm_1242,Giorgio,Giorgio,PRON,PRON,nsubj,nsubj,explicit_full,
2840,1127,one-to-one,dn_1359,mkm_1242,Ippolita,Ippolita,PRON,PRON,nsubj,nsubj,explicit_full,
2841,1127,one-to-one,dn_1359,mkm_1242,MISSING,Ippolita,MISSING,NULL,MISSING,nsubj,leftover_target,
2842,1130,one-to-one,dn_1362,mkm_1245,MISSING,Ippolita,MISSING,NULL,MISSING,nsubj,leftover_target,
2843,1132,one-to-one,dn_1364,mkm_1247,Giorgio,Giorgio,DET,PRON,nmod,nmod,explicit_ref_case,
2844,1132,one-to-one,dn_1364,mkm_1247,Ippolita,Ippolita,PRON,PRON,nsubj,nmod,explicit_ref_pos,
2845,1133,one-to-one,dn_1365,mkm_1248,Ippolita,Ippolita,PRON,PRON,nsubj,nsubj,explicit_full,
2846,1133,one-to-one,dn_1365,mkm_1248,Ippolita,MISSING,PRON-REFLEX,MISSING,obj,MISSING,leftover_source,
2847,1134,one-to-one,dn_1366,mkm_1249,Giorgio,Giorgio,PROPN,PROPN,nsubj,nsubj,explicit_full,
2848,1134,one-to-one,dn_1366,mkm_1249,Ippolita,Ippolita,PRON,PRON,obj,obj,explicit_full,
2849,1135,one-to-one,dn_1367,mkm_1250,Giorgio Ippolita,Giorgio Ippolita,DET,PRON,nmod,nsubj,explicit_ref_only,
2850,1135,one-to-one,dn_1367,mkm_1250,Giorgio Ippolita,Giorgio Ippolita,NULL,NULL,nsubj,nsubj,zero_zero_single,
2851,1135,one-to-one,dn_1367,mkm_1250,MISSING,Giorgio Ippolita,MISSING,PRON,MISSING,nsubj,leftover_target,
2852,1136,one-to-one,dn_1368,mkm_1251,Giorgio Ippolita,Giorgio Ippolita,PRON,PRON,nsubj,nsubj,explicit_full,
2853,1136,one-to-one,dn_1368,mkm_1251,Giorgio Ippolita,Giorgio Ippolita,DET,NOUN,nmod,nmod,explicit_ref_case,
2854,1136,one-to-one,dn_1368,mkm_1251,Giorgio Ippolita,Giorgio Ippolita,NULL,NOUN,nsubj,nsubj,zero_to_tgt_anchor,
2855,1137,one-to-one,dn_1369,mkm_1252,Ippolita,Ippolita,PROPN,PROPN,nmod,obj,explicit_ref_pos,
2856,1138,one-to-one,dn_1370,mkm_1253,Ippolita,Ippolita,PRON,PRON,nmod,nmod,explicit_full,
2857,1139,one-to-many,dn_1371,mkm_1254 mkm_1255,Giorgio,Giorgio,PRON,PRON,nsubj,nsubj,explicit_full,
2858,1139,one-to-many,dn_1371,mkm_1254 mkm_1255,Giorgio,Giorgio,DET,PRON,nmod,nmod,explicit_ref_case,
2859,1139,one-to-many,dn_1371,mkm_1254 mkm_1255,Giorgio,Giorgio,PRON,PRON,obj,nsubj,explicit_ref_pos,
2860,1139,one-to-many,dn_1371,mkm_1254 mkm_1255,Giorgio,Giorgio,PRON,PRON,obj,nmod,explicit_ref_pos,
2861,1139,one-to-many,dn_1371,mkm_1254 mkm_1255,Giorgio,Giorgio,NULL,NULL,nsubj,nsubj,zero_zero_semantic,0.1956046385151491
2862,1139,one-to-many,dn_1371,mkm_1254 mkm_1255,Giorgio,Giorgio,NULL,NULL,nsubj,nsubj,zero_zero_semantic,0.34759050868795166
2863,1139,one-to-many,dn_1371,mkm_1254 mkm_1255,Ippolita,Ippolita,DET,PRON,nmod,nmod,explicit_ref_case,
2864,1139,one-to-many,dn_1371,mkm_1254 mkm_1255,Ippolita,Ippolita,PRON,PRON,nsubj,obj,explicit_ref_pos,
2865,1139,one-to-many,dn_1371,mkm_1254 mkm_1255,Ippolita,MISSING,DET,MISSING,nmod,MISSING,leftover_source,
2866,1139,one-to-many,dn_1371,mkm_1254 mkm_1255,MISSING,Ippolita,MISSING,NULL,MISSING,nsubj,leftover_target,
2867,1140,one-to-one,dn_1372,mkm_1256,Ippolita,Ippolita,PRON,PRON,nsubj,nsubj,explicit_full,
2868,1140,one-to-one,dn_1372,mkm_1256,Ippolita,Ippolita,NULL,NULL,nsubj,nsubj,zero_zero_single,
2869,1141,one-to-one,dn_1373,mkm_1257,Giorgio,Giorgio,DET,PRON,nmod,nmod,explicit_ref_case,
2870,1141,one-to-one,dn_1373,mkm_1257,Ippolita,Ippolita,DET,PRON,nmod,nmod,explicit_ref_case,
2871,1141,one-to-one,dn_1373,mkm_1257,Ippolita,Ippolita,PRON,NULL,nsubj,nsubj,zero_to_src_anchor,
2872,1142,one-to-one,dn_1374,mkm_1258,Ippolita,Ippolita,NULL,NULL,nsubj,nsubj,zero_zero_single,
2873,1142,one-to-one,dn_1374,mkm_1258,Ippolita,MISSING,PRON,MISSING,nsubj,MISSING,leftover_source,
2874,1143,one-to-one,dn_1375,mkm_1259,MISSING,Giorgio,MISSING,PRON,MISSING,nmod,leftover_target,
2875,1146,one-to-many,dn_1378,mkm_1262 mkm_1263,Ippolita,Ippolita,PROPN,PROPN,nmod,nmod,explicit_full,
2876,1146,one-to-many,dn_1378,mkm_1262 mkm_1263,Ippolitas-husband,Ippolitas-husband,NOUN,NOUN,nsubj,nsubj,explicit_full,
2877,1146,one-to-many,dn_1378,mkm_1262 mkm_1263,Ippolitas-husband,Ippolitas-husband,PRON,PRON,nmod,nmod,explicit_full,
2878,1146,one-to-many,dn_1378,mkm_1262 mkm_1263,Ippolitas-husband,MISSING,DET,MISSING,nmod,MISSING,leftover_source,
2879,1146,one-to-many,dn_1378,mkm_1262 mkm_1263,MISSING,Ippolitas-husband,MISSING,NULL,MISSING,nsubj,leftover_target,
2880,1146,one-to-many,dn_1378,mkm_1262 mkm_1263,MISSING,Ippolitas-husband,MISSING,NULL,MISSING,nsubj,leftover_target,
2881,1147,many-to-one,dn_1379 dn_1380,mkm_1264,Ippolita,Ippolita,PROPN,PROPN,nsubj,nsubj,explicit_full,
2882,1147,many-to-one,dn_1379 dn_1380,mkm_1264,Ippolita,Ippolita,PRON,PRON,obj,nsubj,explicit_ref_pos,
2883,1147,many-to-one,dn_1379 dn_1380,mkm_1264,Ippolita,MISSING,PRON,MISSING,obj,MISSING,leftover_source,
2884,1147,many-to-one,dn_1379 dn_1380,mkm_1264,MISSING,Ippolita,MISSING,NULL,MISSING,nsubj,leftover_target,
2885,1147,many-to-one,dn_1379 dn_1380,mkm_1264,Ippolitas-mother,Ippolitas-mother,NOUN,NOUN,nmod,obj,explicit_ref_pos,
2886,1147,many-to-one,dn_1379 dn_1380,mkm_1264,Ippolitas-sister,Ippolitas-sister,NOUN,NOUN,obj,nsubj,explicit_ref_pos,
2887,1149,one-to-one,dn_1382,mkm_1266,Giorgio,Giorgio,PRON,PRON,nsubj,nmod,explicit_ref_pos,
2888,1149,one-to-one,dn_1382,mkm_1266,Ippolita,Ippolita,PRON,PRON,nsubj,nsubj,explicit_full,
2889,1150,one-to-one,dn_1383,mkm_1267,Giorgio,Giorgio,DET,PRON,nmod,nmod,explicit_ref_case,
2890,1151,one-to-one,dn_1384 dn_1385,mkm_1268 mkm_1269,Giorgio,Giorgio,PRON,PRON,nsubj,nsubj,explicit_full,
2891,1151,one-to-one,dn_1384 dn_1385,mkm_1268 mkm_1269,Giorgio,Giorgio,PRON,PRON,nsubj,obj,explicit_ref_pos,
2892,1151,one-to-one,dn_1384 dn_1385,mkm_1268 mkm_1269,Giorgio,Giorgio,NULL,NULL,nsubj,nsubj,zero_zero_single,
2893,1151,one-to-one,dn_1384 dn_1385,mkm_1268 mkm_1269,Giorgio,MISSING,PRON,MISSING,nsubj,MISSING,leftover_source,
2894,1151,one-to-one,dn_1384 dn_1385,mkm_1268 mkm_1269,Giorgio,MISSING,PRON,MISSING,nsubj,MISSING,leftover_source,
2895,1151,one-to-one,dn_1384 dn_1385,mkm_1268 mkm_1269,Giorgio,MISSING,PRON,MISSING,nsubj,MISSING,leftover_source,
2896,1151,one-to-one,dn_1384 dn_1385,mkm_1268 mkm_1269,Ippolita,Ippolita,DET,PRON,nmod,nmod,explicit_ref_case,
2897,1151,one-to-one,dn_1384 dn_1385,mkm_1268 mkm_1269,Ippolita,Ippolita,DET,PRON,nmod,nmod,explicit_ref_case,
2898,1151,one-to-one,dn_1384 dn_1385,mkm_1268 mkm_1269,Ippolita,Ippolita,PRON,PRON,obj,nsubj,explicit_ref_pos,
2899,1151,one-to-one,dn_1384 dn_1385,mkm_1268 mkm_1269,Ippolita,Ippolita,PRON,PRON,obj,nsubj,explicit_ref_pos,
2900,1151,one-to-one,dn_1384 dn_1385,mkm_1268 mkm_1269,Ippolita,MISSING,PRON-REFLEX,MISSING,obj,MISSING,leftover_source,
2901,1151,one-to-one,dn_1384 dn_1385,mkm_1268 mkm_1269,MISSING,Ippolita,MISSING,PRON,MISSING,nmod,leftover_target,
2902,1152,many-to-one,dn_1386 dn_1387,mkm_1270,Giorgio,Giorgio,PRON,PRON,obj,obj,explicit_full,
2903,1152,many-to-one,dn_1386 dn_1387,mkm_1270,Giorgio,MISSING,NULL,MISSING,nsubj,MISSING,leftover_source,
2904,1152,many-to-one,dn_1386 dn_1387,mkm_1270,Giorgio,MISSING,NULL,MISSING,nsubj,MISSING,leftover_source,
2905,1152,many-to-one,dn_1386 dn_1387,mkm_1270,Ippolita,Ippolita,DET,PRON,nmod,nmod,explicit_ref_case,
2906,1152,many-to-one,dn_1386 dn_1387,mkm_1270,MISSING,Ippolita,MISSING,PRON,MISSING,nsubj,leftover_target,
2907,1154,one-to-one,dn_1392,mkm_1272,Giorgio,MISSING,DET,MISSING,nmod,MISSING,leftover_source,
2908,1154,one-to-one,dn_1392,mkm_1272,Ippolita,MISSING,NOUN,MISSING,vocative,MISSING,leftover_source,
2909,1155,one-to-one,dn_1393,mkm_1273,Giorgio,Giorgio,NULL,NULL,nsubj,nsubj,zero_zero_semantic,0.2755702741648596
2910,1155,one-to-one,dn_1393,mkm_1273,Giorgio,Giorgio,NULL,PRON,nsubj,nsubj,zero_to_tgt_anchor,
2911,1155,one-to-one,dn_1393,mkm_1273,Giorgio,MISSING,PRON-REFLEX,MISSING,obj,MISSING,leftover_source,
2912,1155,one-to-one,dn_1393,mkm_1273,Giorgio,MISSING,PRON-REFLEX,MISSING,obj,MISSING,leftover_source,
2913,1155,one-to-one,dn_1393,mkm_1273,Giorgio,MISSING,PRON-REFLEX,MISSING,obj,MISSING,leftover_source,
2914,1156,one-to-one,dn_1394,mkm_1274,Giorgio,Giorgio,PRON,PRON,obj,nmod,explicit_ref_pos,
2915,1156,one-to-one,dn_1394,mkm_1274,Giorgio,MISSING,NULL,MISSING,nsubj,MISSING,leftover_source,
2916,1158,one-to-one,dn_1396,mkm_1276,Giorgio,MISSING,NULL,MISSING,nsubj,MISSING,leftover_source,
2917,1158,one-to-one,dn_1396,mkm_1276,Giorgio,MISSING,NULL,MISSING,nsubj,MISSING,leftover_source,
2918,1158,one-to-one,dn_1396,mkm_1276,Ippolita,Ippolita,DET,PRON,obj,nmod,explicit_ref_only,
2919,1160,one-to-one,dn_1398,mkm_1278,Giorgio,MISSING,PRON,MISSING,obj,MISSING,leftover_source,
2920,1160,one-to-one,dn_1398,mkm_1278,Ippolita,Ippolita,PRON,PRON,nsubj,nmod,explicit_ref_pos,
2921,1161,many-to-one,dn_1399 dn_1400,mkm_1279,Giorgio,MISSING,DET,MISSING,obj,MISSING,leftover_source,
2922,1161,many-to-one,dn_1399 dn_1400,mkm_1279,Giorgio,MISSING,PRON,MISSING,obj,MISSING,leftover_source,
2923,1161,many-to-one,dn_1399 dn_1400,mkm_1279,Giorgio,MISSING,PRON,MISSING,obj,MISSING,leftover_source,
2924,1161,many-to-one,dn_1399 dn_1400,mkm_1279,MISSING,Giorgio,MISSING,NULL,MISSING,nsubj,leftover_target,
2925,1161,many-to-one,dn_1399 dn_1400,mkm_1279,Ippolita,Ippolita,PRON,PRON,obj,obj,explicit_full,
2926,1161,many-to-one,dn_1399 dn_1400,mkm_1279,Ippolita,Ippolita,PRON,PRON,nsubj,obj,explicit_ref_pos,
2927,1161,many-to-one,dn_1399 dn_1400,mkm_1279,Ippolita,Ippolita,NULL,NULL,nsubj,nsubj,zero_zero_semantic,0.3672637257638064
2928,1161,many-to-one,dn_1399 dn_1400,mkm_1279,MISSING,Ippolita,MISSING,NULL,MISSING,nsubj,leftover_target,
2929,1162,one-to-one,dn_1401,mkm_1280,Ippolita,Ippolita,NULL,PRON,nsubj,nsubj,zero_to_tgt_anchor,
2930,1162,one-to-one,dn_1401,mkm_1280,Ippolita,MISSING,NULL,MISSING,nsubj,MISSING,leftover_source,
2931,1163,one-to-one,dn_1402,mkm_1281,Ippolita,Ippolita,PRON,PRON,nsubj,nsubj,explicit_full,
2932,1163,one-to-one,dn_1402,mkm_1281,Ippolita,Ippolita,NULL,PRON,nsubj,nsubj,zero_to_tgt_anchor,
2933,1163,one-to-one,dn_1402,mkm_1281,Ippolita,MISSING,NULL,MISSING,nsubj,MISSING,leftover_source,
2934,1164,one-to-one,dn_1403,mkm_1282,Giorgio,Giorgio,PRON,PRON,nsubj,nsubj,explicit_full,
2935,1164,one-to-one,dn_1403,mkm_1282,Giorgio,Giorgio,PRON,PRON,obj,nmod,explicit_ref_pos,
2936,1164,one-to-one,dn_1403,mkm_1282,Giorgio,MISSING,PRON,MISSING,obj,MISSING,leftover_source,
2937,1164,one-to-one,dn_1403,mkm_1282,MISSING,Giorgio,MISSING,NULL,MISSING,nsubj,leftover_target,
2938,1164,one-to-one,dn_1403,mkm_1282,Ippolita,MISSING,PRON,MISSING,nsubj,MISSING,leftover_source,
2939,1165,one-to-one,dn_1404,mkm_1283,Giorgio,MISSING,PRON,MISSING,obj,MISSING,leftover_source,
2940,1165,one-to-one,dn_1404,mkm_1283,Ippolita,Ippolita,NULL,NULL,nsubj,nsubj,zero_zero_single,
2941,1166,one-to-one,dn_1405,mkm_1284,Giorgio,Giorgio,PRON,PRON,obj,nsubj,explicit_ref_pos,
2942,1166,one-to-one,dn_1405,mkm_1284,Giorgio,MISSING,PRON,MISSING,obj,MISSING,leftover_source,
2943,1166,one-to-one,dn_1405,mkm_1284,Ippolita,Ippolita,NULL,NULL,nsubj,nsubj,zero_zero_semantic,0.39275478119888
2944,1166,one-to-one,dn_1405,mkm_1284,Ippolita,Ippolita,NULL,PRON,nsubj,nsubj,zero_to_tgt_anchor,
2945,1166,one-to-one,dn_1405,mkm_1284,Ippolita,MISSING,NULL,MISSING,nsubj,MISSING,leftover_source,
2946,1166,one-to-one,dn_1405,mkm_1284,Ippolita,MISSING,NULL,MISSING,nsubj,MISSING,leftover_source,
2947,1167,one-to-one,dn_1406,mkm_1285,Ippolita,Ippolita,PRON,PRON,nsubj,nsubj,explicit_full,
2948,1168,many-to-one,dn_1407 dn_1408,mkm_1286,Ippolita,Ippolita,PROPN,PROPN,vocative,vocative,explicit_full,
2949,1168,many-to-one,dn_1407 dn_1408,mkm_1286,Ippolita,MISSING,NULL,MISSING,nsubj,MISSING,leftover_source,
2950,1168,many-to-one,dn_1407 dn_1408,mkm_1286,Ippolita,MISSING,PRON,MISSING,nsubj,MISSING,leftover_source,
2951,1171,one-to-one,dn_1411,mkm_1289,Giorgio,Giorgio,PRON,PRON,nsubj,nsubj,explicit_full,
2952,1171,one-to-one,dn_1411,mkm_1289,MISSING,Giorgio Giorgios-friend,MISSING,PRON,MISSING,nsubj,leftover_target,
2953,1171,one-to-one,dn_1411,mkm_1289,Giorgios-friend,Giorgios-friend,NOUN,NOUN,nsubj,nsubj,explicit_full,
2954,1172,one-to-one,dn_1412,mkm_1291,Giorgio,Giorgio,PRON,PRON,nsubj,nsubj,explicit_full,
2955,1174,one-to-one,dn_1414,mkm_1293,Giorgios-friend,Giorgios-friend,NOUN,NOUN,nsubj,nsubj,explicit_full,
2956,1176,one-to-one,dn_1416,mkm_1294,Giorgios-friend,Giorgios-friend,NULL,PRON,nsubj,nsubj,zero_to_tgt_anchor,
2957,1176,one-to-one,dn_1416,mkm_1294,Giorgios-friend,MISSING,PRON-REFLEX,MISSING,obj,MISSING,leftover_source,
2958,1178,one-to-one,dn_1418,mkm_1296,Giorgio,Giorgio,PRON,PRON,obj,obj,explicit_full,
2959,1178,one-to-one,dn_1418,mkm_1296,Giorgio,Giorgio,NULL,NULL,nsubj,nsubj,zero_zero_single,
2960,1178,one-to-one,dn_1418,mkm_1296,Giorgios-friend,Giorgios-friend,NOUN,NOUN,nmod,nmod,explicit_full,
2961,1178,one-to-one,dn_1418,mkm_1296,Ippolita,MISSING,PRON,MISSING,obj,MISSING,leftover_source,
2962,1181,one-to-one,dn_1421,mkm_1299,Ippolita,Ippolita,PRON,PRON,nsubj,nsubj,explicit_full,
2963,1181,one-to-one,dn_1421,mkm_1299,Ippolita,MISSING,NULL,MISSING,nsubj,MISSING,leftover_source,
2964,1183,one-to-one,dn_1423,mkm_1301,MISSING,Giorgio,MISSING,PRON,MISSING,nsubj,leftover_target,
2965,1184,many-to-one,dn_1424 dn_1425,mkm_1302,Giorgio,MISSING,NULL,MISSING,nsubj,MISSING,leftover_source,
2966,1184,many-to-one,dn_1424 dn_1425,mkm_1302,Giorgio,MISSING,PRON,MISSING,obj,MISSING,leftover_source,
2967,1185,one-to-one,dn_1427,mkm_1303,Ippolita,Ippolita,PRON,PRON,nsubj,nmod,explicit_ref_pos,
2968,1185,one-to-one,dn_1427,mkm_1303,Ippolita,MISSING,NULL,MISSING,nsubj,MISSING,leftover_source,
2969,1186,one-to-one,dn_1428,mkm_1304,Giorgio,Giorgio,NULL,NULL,nsubj,nsubj,zero_zero_single,
2970,1186,one-to-one,dn_1428,mkm_1304,MISSING,Giorgio,MISSING,PRON,MISSING,nsubj,leftover_target,
2971,1186,one-to-one,dn_1428,mkm_1304,Ippolita,Ippolita,DET,PRON,nmod,nmod,explicit_ref_case,
2972,1187,one-to-one,dn_1429,mkm_1305,Ippolita,Ippolita,PRON,PRON,nsubj,nsubj,explicit_full,
2973,1188,one-to-one,dn_1430,mkm_1306,Giorgio,MISSING,PRON,MISSING,nsubj,MISSING,leftover_source,
2974,1188,one-to-one,dn_1430,mkm_1306,Ippolita,Ippolita,PRON,NULL,nsubj,nsubj,zero_to_src_anchor,
2975,1188,one-to-one,dn_1430,mkm_1306,Ippolita,MISSING,DET,MISSING,nmod,MISSING,leftover_source,
2976,1188,one-to-one,dn_1430,mkm_1306,MISSING,Ippolita,MISSING,NULL,MISSING,nsubj,leftover_target,
2977,1189,one-to-one,dn_1431,mkm_1307,Ippolita,Ippolita,NULL,NULL,nsubj,nsubj,zero_zero_single,
2978,1189,one-to-one,dn_1431,mkm_1307,Ippolita,MISSING,PRON,MISSING,obj,MISSING,leftover_source,
2979,1190,one-to-one,dn_1432,mkm_1308,Giorgio,Giorgio,DET,PRON,nmod,nsubj,explicit_ref_only,
2980,1190,one-to-one,dn_1432,mkm_1308,Ippolita,Ippolita,NULL,PRON,nsubj,nsubj,zero_to_tgt_anchor,
2981,1190,one-to-one,dn_1432,mkm_1308,MISSING,Ippolita,MISSING,PRON,MISSING,nmod,leftover_target,
2982,1192,one-to-one,dn_1434,mkm_1310,pilgrims,pilgrims,NOUN,NOUN,nsubj,nsubj,explicit_full,
2983,1192,one-to-one,dn_1434,mkm_1310,MISSING,pilgrims,MISSING,NULL,MISSING,nsubj,leftover_target,
2984,1192,one-to-one,dn_1434,mkm_1310,MISSING,pilgrims,MISSING,NULL,MISSING,nsubj,leftover_target,
2985,1193,one-to-one,dn_1435,mkm_1311,Ippolita,Ippolita,NOUN,PRON,obj,nmod,explicit_ref_only,
2986,1194,many-to-one,dn_1436 dn_1437,mkm_1312,Giorgio,Giorgio,PRON,PRON,nsubj,nsubj,explicit_full,
2987,1194,many-to-one,dn_1436 dn_1437,mkm_1312,Giorgio,Giorgio,NULL,NULL,nsubj,nsubj,zero_zero_single,
2988,1194,many-to-one,dn_1436 dn_1437,mkm_1312,Ippolita,MISSING,PRON,MISSING,obj,MISSING,leftover_source,
2989,1196,many-to-one,dn_1439 dn_1440,mkm_1314,Ippolita,Ippolita,NULL,NULL,nsubj,nsubj,zero_zero_single,
2990,1198,one-to-one,dn_1442,mkm_1316,Giorgio,Giorgio,DET,PRON,nmod,nmod,explicit_ref_case,
2991,1198,one-to-one,dn_1442,mkm_1316,Giorgio,Giorgio,NULL,PRON,nsubj,nsubj,zero_to_tgt_anchor,
2992,1198,one-to-one,dn_1442,mkm_1316,Giorgio,MISSING,PRON-REFLEX,MISSING,obj,MISSING,leftover_source,
2993,1199,one-to-one,dn_1443,mkm_1317,Giorgio,MISSING,PRON,MISSING,obj,MISSING,leftover_source,
2994,1199,one-to-one,dn_1443,mkm_1317,Ippolita,Ippolita,PRON,PRON,nsubj,nmod,explicit_ref_pos,
2995,1200,one-to-one,dn_1444,mkm_1318,Giorgio,Giorgio,NULL,NULL,nsubj,nsubj,zero_zero_semantic,0.2044132072956134
2996,1200,one-to-one,dn_1444,mkm_1318,Giorgio,Giorgio,NULL,PRON,nsubj,nsubj,zero_to_tgt_anchor,
2997,1200,one-to-one,dn_1444,mkm_1318,Ippolita,Ippolita,DET,PRON,nmod,nmod,explicit_ref_case,
2998,1200,one-to-one,dn_1444,mkm_1318,Ippolita,Ippolita,DET,PRON,nmod,nmod,explicit_ref_case,
2999,1201,many-to-one,dn_1445 dn_1446,mkm_1319,Giorgio,Giorgio,NULL,PRON,nsubj,nsubj,zero_to_tgt_anchor,
3000,1201,many-to-one,dn_1445 dn_1446,mkm_1319,MISSING,Giorgio,MISSING,PRON,MISSING,nmod,leftover_target,
3001,1203,one-to-one,dn_1448,mkm_1321,Giorgio,Giorgio,NULL,PRON,nsubj,nsubj,zero_to_tgt_anchor,
3002,1203,one-to-one,dn_1448,mkm_1321,Ippolita,MISSING,PRON,MISSING,obj,MISSING,leftover_source,
3003,1204,one-to-one,dn_1449,mkm_1322,Giorgio,MISSING,PRON,MISSING,obj,MISSING,leftover_source,
3004,1204,one-to-one,dn_1449,mkm_1322,Giorgio,MISSING,PRON,MISSING,obj,MISSING,leftover_source,
3005,1205,one-to-many,dn_1450,mkm_1323 mkm_1324,Giorgio,Giorgio,NULL,NULL,nsubj,nsubj,zero_zero_semantic,0.41992244680933355
3006,1205,one-to-many,dn_1450,mkm_1323 mkm_1324,Giorgio,Giorgio,NULL,PRON,nsubj,nsubj,zero_to_tgt_anchor,
3007,1205,one-to-many,dn_1450,mkm_1323 mkm_1324,Giorgio,MISSING,PRON-REFLEX,MISSING,obj,MISSING,leftover_source,
3008,1206,one-to-one,dn_1451,mkm_1325,Giorgio,Giorgio,NULL,NULL,nsubj,nsubj,zero_zero_semantic,0.2794051350731599
3009,1206,one-to-one,dn_1451,mkm_1325,MISSING,Giorgio,MISSING,NULL,MISSING,nsubj,leftover_target,
3010,1206,one-to-one,dn_1451,mkm_1325,MISSING,Giorgio,MISSING,PRON,MISSING,nsubj,leftover_target,
3011,1207,one-to-many,dn_1452,mkm_1326 mkm_1327,Giorgio,Giorgio,NULL,NULL,nsubj,nsubj,zero_zero_semantic,0.44730380138049125
3012,1207,one-to-many,dn_1452,mkm_1326 mkm_1327,Giorgio,MISSING,PRON-REFLEX,MISSING,obj,MISSING,leftover_source,
3013,1207,one-to-many,dn_1452,mkm_1326 mkm_1327,Giorgio,MISSING,NULL,MISSING,nsubj,MISSING,leftover_source,
3014,1208,one-to-one,dn_1453,mkm_1328,Giorgio,Giorgio,NULL,NULL,nsubj,nsubj,zero_zero_single,
3015,1208,one-to-one,dn_1453,mkm_1328,Ippolita,Ippolita,PRON,PRON,obj,obj,explicit_full,
3016,1209,one-to-one,dn_1454,mkm_1329,Cristina,Cristina,PROPN,PROPN,nsubj,nsubj,explicit_full,
3017,1209,one-to-one,dn_1454,mkm_1329,Cristina,Cristina,NULL,NULL,nsubj,nsubj,zero_zero_single,
3018,1209,one-to-one,dn_1454,mkm_1329,Cristina,MISSING,NOUN,MISSING,nsubj,MISSING,leftover_source,
3019,1209,one-to-one,dn_1454,mkm_1329,Giorgio,Giorgio,PRON,PRON,obj,nmod,explicit_ref_pos,
3020,1209,one-to-one,dn_1454,mkm_1329,Giorgio,Giorgio,PRON,PRON,obj,nmod,explicit_ref_pos,
3021,1210,one-to-many,dn_1455,mkm_1330 mkm_1331,Giorgio,Giorgio,PRON,PRON,nsubj,nsubj,explicit_full,
3022,1210,one-to-many,dn_1455,mkm_1330 mkm_1331,Giorgio,Giorgio,DET,PRON,nmod,nsubj,explicit_ref_only,
3023,1210,one-to-many,dn_1455,mkm_1330 mkm_1331,Giorgio,Giorgio,NULL,NULL,nsubj,nsubj,zero_zero_semantic,0.573966234235787
3024,1210,one-to-many,dn_1455,mkm_1330 mkm_1331,Giorgio,Giorgio,NULL,NULL,nsubj,nsubj,zero_zero_semantic,0.1381640593210856
3025,1210,one-to-many,dn_1455,mkm_1330 mkm_1331,Giorgio,MISSING,PRON-REFLEX,MISSING,obj,MISSING,leftover_source,
3026,1210,one-to-many,dn_1455,mkm_1330 mkm_1331,Ippolita,Ippolita,DET,PRON,nmod,nmod,explicit_ref_case,
3027,1210,one-to-many,dn_1455,mkm_1330 mkm_1331,Ippolita,Ippolita,DET,PRON,nmod,nmod,explicit_ref_case,
3028,1211,one-to-one,dn_1456,mkm_1332,Cristina,Cristina,NOUN,NOUN,obj,obj,explicit_full,
3029,1211,one-to-one,dn_1456,mkm_1332,Giorgio,Giorgio,NULL,NULL,nsubj,nsubj,zero_zero_semantic,0.29526607326248233
3030,1211,one-to-one,dn_1456,mkm_1332,MISSING,Giorgio,MISSING,NULL,MISSING,nsubj,leftover_target,
3031,1212,one-to-one,dn_1457,mkm_1333,Cristina,Cristina,DET,PRON,nmod,nmod,explicit_ref_case,
3032,1212,one-to-one,dn_1457,mkm_1333,Giorgio,MISSING,PRON,MISSING,obj,MISSING,leftover_source,
3033,1212,one-to-one,dn_1457,mkm_1333,MISSING,Giorgio,MISSING,NULL,MISSING,nsubj,leftover_target,
3034,1212,one-to-one,dn_1457,mkm_1333,Ippolita,Ippolita,DET,PRON,nmod,nmod,explicit_ref_case,
3035,1213,one-to-one,dn_1458,mkm_1334,Giorgio,Giorgio,NULL,PRON,nsubj,nsubj,zero_to_tgt_anchor,
3036,1213,one-to-one,dn_1458,mkm_1334,Ippolita,MISSING,PRON,MISSING,obj,MISSING,leftover_source,
3037,1214,one-to-one,dn_1459,mkm_1335,Ippolita,Ippolita,PRON,PRON,nsubj,nsubj,explicit_full,
3038,1217,one-to-one,dn_1467,mkm_1338,Giorgio,MISSING,PRON,MISSING,obj,MISSING,leftover_source,
3039,1217,one-to-one,dn_1467,mkm_1338,Ippolita,Ippolita,NULL,PRON,nsubj,nsubj,zero_to_tgt_anchor,
3040,1217,one-to-one,dn_1467,mkm_1338,Ippolita,MISSING,PRON-REFLEX,MISSING,obj,MISSING,leftover_source,
3041,1218,many-to-one,dn_1468 dn_1469,mkm_1339,Giorgio,Giorgio,PRON,PRON,obj,obj,explicit_full,
3042,1218,many-to-one,dn_1468 dn_1469,mkm_1339,Giorgio,Giorgio,PRON,PRON,obj,obj,explicit_full,
3043,1218,many-to-one,dn_1468 dn_1469,mkm_1339,Giorgio,Giorgio,PRON,PRON,obj,obj,explicit_full,
3044,1218,many-to-one,dn_1468 dn_1469,mkm_1339,Giorgio,Giorgio,PRON,PRON,obj,nsubj,explicit_ref_pos,
3045,1218,many-to-one,dn_1468 dn_1469,mkm_1339,MISSING,Giorgio,MISSING,NULL,MISSING,nsubj,leftover_target,
3046,1218,many-to-one,dn_1468 dn_1469,mkm_1339,Ippolita,Ippolita,DET,PRON,nmod,nmod,explicit_ref_case,
3047,1218,many-to-one,dn_1468 dn_1469,mkm_1339,MISSING,Ippolita,MISSING,NULL,MISSING,nsubj,leftover_target,
3048,1219,one-to-one,dn_1471,mkm_1340,Ippolita,Ippolita,PRON,PRON,obj,nmod,explicit_ref_pos,
3049,1219,one-to-one,dn_1471,mkm_1340,Ippolita,Ippolita,PRON,PRON,obj,nmod,explicit_ref_pos,
3050,1219,one-to-one,dn_1471,mkm_1340,Ippolita,MISSING,PRON,MISSING,obj,MISSING,leftover_source,
3051,1220,one-to-one,dn_1472,mkm_1341,Giorgio,Giorgio,PRON,PRON,obj,obj,explicit_full,
3052,1220,one-to-one,dn_1472,mkm_1341,Giorgio,Giorgio,DET,PRON,nmod,nmod,explicit_ref_case,
3053,1220,one-to-one,dn_1472,mkm_1341,Giorgio,Giorgio,PRON,PRON,obj,nsubj,explicit_ref_pos,
3054,1220,one-to-one,dn_1472,mkm_1341,Giorgio,MISSING,PRON,MISSING,obj,MISSING,leftover_source,
3055,1220,one-to-one,dn_1472,mkm_1341,Giorgio,MISSING,PRON,MISSING,obj,MISSING,leftover_source,
3056,1220,one-to-one,dn_1472,mkm_1341,Giorgio,MISSING,PRON,MISSING,obj,MISSING,leftover_source,
3057,1220,one-to-one,dn_1472,mkm_1341,Ippolita,Ippolita,DET,PRON,nmod,nsubj,explicit_ref_only,
3058,1220,one-to-one,dn_1472,mkm_1341,Ippolita,Ippolita,DET,PRON,nmod,nsubj,explicit_ref_only,
3059,1220,one-to-one,dn_1472,mkm_1341,Ippolita,Ippolita,NULL,NULL,nsubj,nsubj,zero_zero_semantic,0.10794492342514907
3060,1220,one-to-one,dn_1472,mkm_1341,Ippolita,Ippolita,NULL,NULL,nsubj,nsubj,zero_zero_semantic,0.3079428380156706
3061,1220,one-to-one,dn_1472,mkm_1341,Ippolita,MISSING,NULL,MISSING,nsubj,MISSING,leftover_source,
3062,1220,one-to-one,dn_1472,mkm_1341,Ippolita,MISSING,NULL,MISSING,nsubj,MISSING,leftover_source,
3063,1220,one-to-one,dn_1472,mkm_1341,Ippolita,MISSING,NULL,MISSING,nsubj,MISSING,leftover_source,
3064,1220,one-to-one,dn_1472,mkm_1341,Ippolita,MISSING,NULL,MISSING,nsubj,MISSING,leftover_source,
3065,1220,one-to-one,dn_1472,mkm_1341,MISSING,Ippolita,MISSING,PRON,MISSING,obj,leftover_target,
3066,1221,one-to-one,dn_1474,mkm_1342,Giorgio,Giorgio,PRON,PRON,nsubj,nsubj,explicit_full,
3067,1221,one-to-one,dn_1474,mkm_1342,Giorgio,MISSING,NULL,MISSING,nsubj,MISSING,leftover_source,
3068,1221,one-to-one,dn_1474,mkm_1342,Giorgio,MISSING,NULL,MISSING,nsubj,MISSING,leftover_source,
3069,1221,one-to-one,dn_1474,mkm_1342,Giorgio,MISSING,PRON,MISSING,obj,MISSING,leftover_source,
3070,1222,many-to-one,dn_1475 dn_1476,mkm_1343,Giorgio,Giorgio,PRON,PRON,obj,obj,explicit_full,
3071,1222,many-to-one,dn_1475 dn_1476,mkm_1343,Giorgio,Giorgio,PRON,PRON,obj,obj,explicit_full,
3072,1222,many-to-one,dn_1475 dn_1476,mkm_1343,Giorgio,Giorgio,PRON,PRON,nsubj,nmod,explicit_ref_pos,
3073,1222,many-to-one,dn_1475 dn_1476,mkm_1343,Giorgio,Giorgio,NULL,NULL,nsubj,nsubj,zero_zero_single,
3074,1222,many-to-one,dn_1475 dn_1476,mkm_1343,Giorgio,MISSING,PRON-REFLEX,MISSING,obj,MISSING,leftover_source,
3075,1225,many-to-one,dn_1479 dn_1480,mkm_1346,Giorgio,Giorgio,PRON,PRON,obj,obj,explicit_full,
3076,1225,many-to-one,dn_1479 dn_1480,mkm_1346,Giorgio,Giorgio,DET,PRON,nmod,nmod,explicit_ref_case,
3077,1225,many-to-one,dn_1479 dn_1480,mkm_1346,Giorgio,Giorgio,DET,PRON,nmod,nsubj,explicit_ref_only,
3078,1225,many-to-one,dn_1479 dn_1480,mkm_1346,Giorgio,MISSING,DET,MISSING,nmod,MISSING,leftover_source,
3079,1227,one-to-one,dn_1482,mkm_1348,Giorgio,Giorgio,PRON,PRON,nsubj,nsubj,explicit_full,
3080,1228,one-to-one,dn_1483,mkm_1349,Giorgio,Giorgio,PRON,PRON,nsubj,nsubj,explicit_full,
3081,1229,one-to-one,dn_1484,mkm_1350,MISSING,Giorgio,MISSING,PRON,MISSING,nsubj,leftover_target,
3082,1229,one-to-one,dn_1484,mkm_1350,MISSING,Giorgio,MISSING,PRON,MISSING,nsubj,leftover_target,
3083,1229,one-to-one,dn_1484,mkm_1350,Ippolita,Ippolita,PRON,PRON,obj,obj,explicit_full,
3084,1229,one-to-one,dn_1484,mkm_1350,Ippolita,Ippolita,DET,PRON,nmod,nmod,explicit_ref_case,
3085,1229,one-to-one,dn_1484,mkm_1350,Ippolita,Ippolita,DET,PRON,nmod,nmod,explicit_ref_case,
3086,1229,one-to-one,dn_1484,mkm_1350,Ippolita,Ippolita,DET,PRON,nmod,nmod,explicit_ref_case,
3087,1230,one-to-one,dn_1485,mkm_1351,Giorgio,Giorgio,PRON,PRON,obj,obj,explicit_full,
3088,1230,one-to-one,dn_1485,mkm_1351,Giorgio,Giorgio,NULL,PRON,nsubj,nsubj,zero_to_tgt_anchor,
3089,1230,one-to-one,dn_1485,mkm_1351,Ippolita,Ippolita,DET,PRON,nmod,nmod,explicit_ref_case,
3090,1230,one-to-one,dn_1485,mkm_1351,Ippolita,MISSING,PRON,MISSING,obj,MISSING,leftover_source,
3091,1231,one-to-one,dn_1486,mkm_1352,Giorgio,Giorgio,NULL,PRON,nsubj,nsubj,zero_to_tgt_anchor,
3092,1232,one-to-one,dn_1487,mkm_1353,Giorgio,Giorgio,DET,PRON,nmod,nmod,explicit_ref_case,
3093,1233,one-to-one,dn_1488,mkm_1354,Giorgio,Giorgio,NULL,NULL,nsubj,nsubj,zero_zero_semantic,0.16869024055845597
3094,1233,one-to-one,dn_1488,mkm_1354,Giorgio,Giorgio,NULL,NULL,nsubj,nsubj,zero_zero_semantic,0.48959288154454794
3095,1233,one-to-one,dn_1488,mkm_1354,Giorgio,Giorgio,NULL,PRON,nsubj,nsubj,zero_to_tgt_anchor,
3096,1234,one-to-many,dn_1489,mkm_1355 mkm_1356,Giorgio,Giorgio,PRON,PRON,nmod,nmod,explicit_full,
3097,1235,one-to-one,dn_1490 dn_1491,mkm_1357 mkm_1358,Giorgio,Giorgio,PRON,PRON,obj,nmod,explicit_ref_pos,
3098,1235,one-to-one,dn_1490 dn_1491,mkm_1357 mkm_1358,Giorgio,MISSING,NULL,MISSING,nsubj,MISSING,leftover_source,
3099,1235,one-to-one,dn_1490 dn_1491,mkm_1357 mkm_1358,MISSING,Giorgio,MISSING,PRON,MISSING,nmod,leftover_target,
3100,1236,one-to-one,dn_1492,mkm_1359,Giorgio,MISSING,NULL,MISSING,nsubj,MISSING,leftover_source,
3101,1237,one-to-one,dn_1493,mkm_1360,Giorgio,Giorgio,NULL,PRON,nsubj,nsubj,zero_to_tgt_anchor,
3102,1238,one-to-one,dn_1494,mkm_1361,Giorgio,Giorgio,PRON,PRON,obj,nsubj,explicit_ref_pos,
3103,1240,one-to-one,dn_1496,mkm_1363,Giorgio,Giorgio,PRON,PRON,nmod,nsubj,explicit_ref_pos,
3104,1240,one-to-one,dn_1496,mkm_1363,Giorgio,MISSING,NULL,MISSING,nsubj,MISSING,leftover_source,
3105,1241,one-to-one,dn_1497,mkm_1364,Demetrio,Demetrio,PROPN,PROPN,nmod,nsubj,explicit_ref_pos,
3106,1241,one-to-one,dn_1497,mkm_1364,Giorgio,Giorgio,DET,PRON,nmod,nmod,explicit_ref_case,
3107,1241,one-to-one,dn_1497,mkm_1364,Giorgio,MISSING,PRON,MISSING,obj,MISSING,leftover_source,
3108,1242,one-to-one,dn_1498,mkm_1365,Giorgio,Giorgio,PRON,PRON,nmod,nmod,explicit_full,
3109,1242,one-to-one,dn_1498,mkm_1365,Giorgio,MISSING,PRON,MISSING,nmod,MISSING,leftover_source,
3110,1243,one-to-one,dn_1499 dn_1500,mkm_1366 mkm_1367,Giorgio,Giorgio,NULL,NULL,nsubj,nsubj,zero_zero_semantic,0.3619428154297334
3111,1243,one-to-one,dn_1499 dn_1500,mkm_1366 mkm_1367,Giorgio,Giorgio,NULL,NULL,nsubj,nsubj,zero_zero_semantic,0.4384745695821286
3112,1243,one-to-one,dn_1499 dn_1500,mkm_1366 mkm_1367,MISSING,Giorgio,MISSING,PRON,MISSING,nsubj,leftover_target,
3113,1244,one-to-many,dn_1501,mkm_1368 mkm_1369,Giorgio,Giorgio,PROPN,PROPN,nsubj,nsubj,explicit_full,
3114,1244,one-to-many,dn_1501,mkm_1368 mkm_1369,Ippolita,Ippolita,PROPN,PROPN,obj,nsubj,explicit_ref_pos,
3115,1245,one-to-one,dn_1502,mkm_1371,Giorgio,MISSING,PRON,MISSING,obj,MISSING,leftover_source,
3116,1245,one-to-one,dn_1502,mkm_1371,Ippolita,Ippolita,NOUN,NULL,nsubj,nsubj,zero_to_src_anchor,
3117,1246,one-to-one,dn_1503,mkm_1370,Giorgio,Giorgio,PRON,PRON,obj,obj,explicit_full,
3118,1246,one-to-one,dn_1503,mkm_1370,Ippolita,Ippolita,PRON,PRON,nsubj,nsubj,explicit_full,
3119,1247,one-to-one,dn_1504,mkm_1372,Ippolita,MISSING,NULL,MISSING,nsubj,MISSING,leftover_source,
3120,1248,one-to-one,dn_1505,mkm_1373,Ippolita,Ippolita,PRON,PRON,obj,obj,explicit_full,
3121,1249,one-to-many,dn_1506,mkm_1374 mkm_1375,Ippolita,Ippolita,NULL,PRON,nsubj,nsubj,zero_to_tgt_anchor,
3122,1250,many-to-one,dn_1507 dn_1508 dn_1509,mkm_1376,Giorgio,Giorgio,DET,PRON,nmod,nmod,explicit_ref_case,
3123,1250,many-to-one,dn_1507 dn_1508 dn_1509,mkm_1376,Giorgio,Giorgio,DET,PRON,nmod,nmod,explicit_ref_case,
3124,1250,many-to-one,dn_1507 dn_1508 dn_1509,mkm_1376,Giorgio,Giorgio,DET,PRON,nmod,nmod,explicit_ref_case,
3125,1250,many-to-one,dn_1507 dn_1508 dn_1509,mkm_1376,Giorgio,Giorgio,DET,PRON,nmod,nsubj,explicit_ref_only,
3126,1250,many-to-one,dn_1507 dn_1508 dn_1509,mkm_1376,Giorgio,Giorgio,NULL,NULL,nsubj,nsubj,zero_zero_semantic,0.22390192270788373
3127,1250,many-to-one,dn_1507 dn_1508 dn_1509,mkm_1376,Giorgio,Giorgio,NULL,NULL,nsubj,nsubj,zero_zero_semantic,0.34927609843066615
3128,1251,one-to-one,dn_1510,mkm_1377,Giorgio,MISSING,NULL,MISSING,nsubj,MISSING,leftover_source,
3129,1251,one-to-one,dn_1510,mkm_1377,Ippolita,Ippolita,DET,PRON,nmod,nmod,explicit_ref_case,
3130,1252,one-to-one,dn_1511,mkm_1378,Giorgio,Giorgio,PRON,PRON,obj,obj,explicit_full,
3131,1252,one-to-one,dn_1511,mkm_1378,Ippolita,Ippolita,DET,PRON,nmod,nmod,explicit_ref_case,
3132,1253,one-to-one,dn_1512,mkm_1379,Giorgio,Giorgio,PRON,PRON,nsubj,nsubj,explicit_full,
3133,1253,one-to-one,dn_1512,mkm_1379,Ippolita,MISSING,PRON,MISSING,obj,MISSING,leftover_source,
3134,1254,many-to-one,dn_1513 dn_1514 dn_1515,mkm_1380,Giorgio,Giorgio,NULL,PRON,nsubj,nsubj,zero_to_tgt_anchor,
3135,1254,many-to-one,dn_1513 dn_1514 dn_1515,mkm_1380,Giorgio,MISSING,NULL,MISSING,nsubj,MISSING,leftover_source,
3136,1254,many-to-one,dn_1513 dn_1514 dn_1515,mkm_1380,Ippolita,Ippolita,PRON,PRON,obj,obj,explicit_full,
3137,1256,one-to-one,dn_1517,mkm_1382,Giorgio,Giorgio,PRON,PROPN,obj,obj,explicit_ref_case,
3138,1256,one-to-one,dn_1517,mkm_1382,Giorgio,Giorgio,NULL,NULL,nsubj,nsubj,zero_zero_single,
3139,1256,one-to-one,dn_1517,mkm_1382,Giorgio,MISSING,PROPN,MISSING,nsubj,MISSING,leftover_source,
3140,1257,one-to-one,dn_1518,mkm_1383,Giorgio,MISSING,PRON,MISSING,obj,MISSING,leftover_source,
3141,1257,one-to-one,dn_1518,mkm_1383,Ippolita,Ippolita,PROPN,PROPN,nsubj,nsubj,explicit_full,
3142,1257,one-to-one,dn_1518,mkm_1383,MISSING,Ippolita,MISSING,NULL,MISSING,nsubj,leftover_target,
3143,1258,one-to-many,dn_1519,mkm_1384 mkm_1385 mkm_1386 mkm_1387,Ippolita,Ippolita,PRON,PRON,nsubj,nsubj,explicit_full,
3144,1258,one-to-many,dn_1519,mkm_1384 mkm_1385 mkm_1386 mkm_1387,Ippolita,Ippolita,PRON,PRON,obj,obj,explicit_full,
3145,1258,one-to-many,dn_1519,mkm_1384 mkm_1385 mkm_1386 mkm_1387,Ippolita,Ippolita,PRON,PRON,obj,nmod,explicit_ref_pos,
3146,1258,one-to-many,dn_1519,mkm_1384 mkm_1385 mkm_1386 mkm_1387,Ippolita,Ippolita,PRON,PRON,obj,nsubj,explicit_ref_pos,
3147,1258,one-to-many,dn_1519,mkm_1384 mkm_1385 mkm_1386 mkm_1387,Ippolita,Ippolita,NULL,NULL,nsubj,nsubj,zero_zero_single,
3148,1258,one-to-many,dn_1519,mkm_1384 mkm_1385 mkm_1386 mkm_1387,Ippolita,MISSING,PRON-REFLEX,MISSING,obj,MISSING,leftover_source,
3149,1258,one-to-many,dn_1519,mkm_1384 mkm_1385 mkm_1386 mkm_1387,Ippolita,MISSING,PRON-REFLEX,MISSING,obj,MISSING,leftover_source,
3150,1258,one-to-many,dn_1519,mkm_1384 mkm_1385 mkm_1386 mkm_1387,Ippolita Ippolitas-husband,Ippolita Ippolitas-husband,NULL,PRON,nsubj,nsubj,zero_to_tgt_anchor,
3151,1258,one-to-many,dn_1519,mkm_1384 mkm_1385 mkm_1386 mkm_1387,MISSING,Ippolita Ippolitas-husband,MISSING,NOUN,MISSING,obj,leftover_target,
3152,1258,one-to-many,dn_1519,mkm_1384 mkm_1385 mkm_1386 mkm_1387,Ippolitas-husband,Ippolitas-husband,NOUN,NOUN,nsubj,nsubj,explicit_full,
3153,1258,one-to-many,dn_1519,mkm_1384 mkm_1385 mkm_1386 mkm_1387,Ippolitas-husband,MISSING,PRON,MISSING,obj,MISSING,leftover_source,
3154,1258,one-to-many,dn_1519,mkm_1384 mkm_1385 mkm_1386 mkm_1387,Ippolitas-husband,MISSING,PRON,MISSING,obj,MISSING,leftover_source,
3155,1258,one-to-many,dn_1519,mkm_1384 mkm_1385 mkm_1386 mkm_1387,MISSING,Ippolitas-husband,MISSING,NULL,MISSING,nsubj,leftover_target,
3156,1258,one-to-many,dn_1519,mkm_1384 mkm_1385 mkm_1386 mkm_1387,MISSING,Ippolitas-husband,MISSING,NULL,MISSING,nsubj,leftover_target,
3157,1258,one-to-many,dn_1519,mkm_1384 mkm_1385 mkm_1386 mkm_1387,MISSING,Ippolitas-husband,MISSING,NULL,MISSING,nsubj,leftover_target,
3158,1259,one-to-one,dn_1520 dn_1521,mkm_1388 mkm_1389,Ippolita,Ippolita,PRON,PRON,obj,nsubj,explicit_ref_pos,
3159,1259,one-to-one,dn_1520 dn_1521,mkm_1388 mkm_1389,Ippolita,MISSING,PRON-REFLEX,MISSING,obj,MISSING,leftover_source,
3160,1259,one-to-one,dn_1520 dn_1521,mkm_1388 mkm_1389,Ippolita,MISSING,NULL,MISSING,nsubj,MISSING,leftover_source,
3161,1259,one-to-one,dn_1520 dn_1521,mkm_1388 mkm_1389,Ippolita,MISSING,PRON,MISSING,obj,MISSING,leftover_source,
3162,1259,one-to-one,dn_1520 dn_1521,mkm_1388 mkm_1389,Ippolitas-husband,Ippolitas-husband,NOUN,PRON,obj,nsubj,explicit_ref_only,
3163,1259,one-to-one,dn_1520 dn_1521,mkm_1388 mkm_1389,MISSING,Ippolitas-husband,MISSING,NULL,MISSING,nsubj,leftover_target,
3164,1259,one-to-one,dn_1520 dn_1521,mkm_1388 mkm_1389,MISSING,Ippolitas-husband,MISSING,PRON,MISSING,nmod,leftover_target,
3165,1260,one-to-one,dn_1522,mkm_1390,Giorgio,Giorgio,PROPN,PROPN,vocative,vocative,explicit_full,
3166,1261,one-to-one,dn_1523,mkm_1391,Giorgio,Giorgio,NOUN,PROPN,nmod,nmod,explicit_ref_case,
3167,1261,one-to-one,dn_1523,mkm_1391,Ippolita,Ippolita,PRON,PRON,nsubj,nsubj,explicit_full,
3168,1261,one-to-one,dn_1523,mkm_1391,Ippolita,MISSING,PRON,MISSING,obj,MISSING,leftover_source,
3169,1261,one-to-one,dn_1523,mkm_1391,MISSING,Ippolita,MISSING,NULL,MISSING,nsubj,leftover_target,
3170,1262,one-to-one,dn_1524,mkm_1392,Giorgio Ippolita,MISSING,NULL,MISSING,nsubj,MISSING,leftover_source,
3171,1262,one-to-one,dn_1524,mkm_1392,MISSING,Ippolita,MISSING,NULL,MISSING,nsubj,leftover_target,
3172,1263,one-to-one,dn_1525,mkm_1393,Giorgio,Giorgio,PRON,PRON,nsubj,nsubj,explicit_full,
3173,1263,one-to-one,dn_1525,mkm_1393,Giorgio,MISSING,NULL,MISSING,nsubj,MISSING,leftover_source,
3174,1264,one-to-one,dn_1526,mkm_1394,Giorgio,MISSING,NULL,MISSING,nsubj,MISSING,leftover_source,
3175,1264,one-to-one,dn_1526,mkm_1394,MISSING,Giorgio,MISSING,PRON,MISSING,obj,leftover_target,
3176,1265,one-to-many,dn_1527,mkm_1395 mkm_1396,Giorgio,Giorgio,NULL,NULL,nsubj,nsubj,zero_zero_semantic,0.16560804205281393
3177,1265,one-to-many,dn_1527,mkm_1395 mkm_1396,Giorgio,Giorgio,NULL,PRON,nsubj,nsubj,zero_to_tgt_anchor,
3178,1265,one-to-many,dn_1527,mkm_1395 mkm_1396,Giorgio,MISSING,PRON-REFLEX,MISSING,obj,MISSING,leftover_source,
3179,1265,one-to-many,dn_1527,mkm_1395 mkm_1396,Ippolita,Ippolita,PRON,PRON,obj,obj,explicit_full,
3180,1265,one-to-many,dn_1527,mkm_1395 mkm_1396,Ippolitas-husband,Ippolitas-husband,NOUN,NOUN,nmod,nmod,explicit_full,
3181,1266,one-to-one,dn_1528,mkm_1397,Giorgio,Giorgio,DET,PRON,nmod,nmod,explicit_ref_case,
3182,1266,one-to-one,dn_1528,mkm_1397,Giorgio,Giorgio,NULL,NULL,nsubj,nsubj,zero_zero_single,
3183,1266,one-to-one,dn_1528,mkm_1397,Ippolita,Ippolita,PRON,PRON,obj,obj,explicit_full,
3184,1266,one-to-one,dn_1528,mkm_1397,Ippolita,MISSING,PRON,MISSING,obj,MISSING,leftover_source,
3185,1267,many-to-one,dn_1529 dn_1530,mkm_1398,Giorgio,Giorgio,DET,PRON,nmod,nmod,explicit_ref_case,
3186,1267,many-to-one,dn_1529 dn_1530,mkm_1398,Giorgio,MISSING,NULL,MISSING,nsubj,MISSING,leftover_source,
3187,1268,one-to-one,dn_1531,mkm_1399,Giorgio,Giorgio,PRON,PRON,obj,obj,explicit_full,
3188,1268,one-to-one,dn_1531,mkm_1399,Giorgio,MISSING,NULL,MISSING,nsubj,MISSING,leftover_source,
3189,1268,one-to-one,dn_1531,mkm_1399,Ippolita,Ippolita,PRON,PRON,obj,nsubj,explicit_ref_pos,
3190,1269,one-to-one,dn_1532,mkm_1400,Ippolita,Ippolita,PRON,PRON,obj,nsubj,explicit_ref_pos,
3191,1269,one-to-one,dn_1532,mkm_1400,Ippolita,Ippolita,NULL,NULL,nsubj,nsubj,zero_zero_semantic,0.20479641986243866
3192,1269,one-to-one,dn_1532,mkm_1400,Ippolita,Ippolita,NULL,NULL,nsubj,nsubj,zero_zero_semantic,0.15564994524102405
3193,1269,one-to-one,dn_1532,mkm_1400,MISSING,Ippolita,MISSING,NULL,MISSING,nsubj,leftover_target,
3194,1270,one-to-one,dn_1533,mkm_1401,Giorgio,Giorgio,PRON,PRON,nsubj,nsubj,explicit_full,
3195,1271,one-to-one,dn_1534,mkm_1402,Giorgio,Giorgio,DET,PRON,nmod,nmod,explicit_ref_case,
3196,1271,one-to-one,dn_1534,mkm_1402,MISSING,Giorgio,MISSING,PRON,MISSING,nmod,leftover_target,
3197,1271,one-to-one,dn_1534,mkm_1402,Ippolita,Ippolita,PRON,PRON,obj,obj,explicit_full,
3198,1271,one-to-one,dn_1534,mkm_1402,Ippolita,Ippolita,PRON,PRON,obj,obj,explicit_full,
3199,1271,one-to-one,dn_1534,mkm_1402,Ippolita,Ippolita,PRON,PRON,obj,obj,explicit_full,
3200,1271,one-to-one,dn_1534,mkm_1402,Ippolita,Ippolita,PRON,PRON,obj,obj,explicit_full,
3201,1274,one-to-many,dn_1537,mkm_1405 mkm_1406,MISSING,Giorgio,MISSING,NULL,MISSING,nsubj,leftover_target,
3202,1275,one-to-one,dn_1538,mkm_1407,Ippolita,Ippolita,PROPN,PROPN,vocative,vocative,explicit_full,
3203,1275,one-to-one,dn_1538,mkm_1407,Ippolita,Ippolita,NULL,NULL,nsubj,nsubj,zero_zero_semantic,0.39720120820505866
3204,1275,one-to-one,dn_1538,mkm_1407,Ippolita,MISSING,NULL,MISSING,nsubj,MISSING,leftover_source,
3205,1276,one-to-one,dn_1539,mkm_1408,Giorgio,Giorgio,NULL,NULL,nsubj,nsubj,zero_zero_semantic,0.3109439288576444
3206,1276,one-to-one,dn_1539,mkm_1408,MISSING,Giorgio,MISSING,PRON,MISSING,nsubj,leftover_target,
3207,1276,one-to-one,dn_1539,mkm_1408,MISSING,Giorgio,MISSING,NULL,MISSING,nsubj,leftover_target,
3208,1276,one-to-one,dn_1539,mkm_1408,Ippolita,Ippolita,PRON,PRON,obj,obj,explicit_full,
3209,1276,one-to-one,dn_1539,mkm_1408,Ippolita,Ippolita,PRON,PRON,obj,obj,explicit_full,
3210,1276,one-to-one,dn_1539,mkm_1408,Ippolita,Ippolita,PRON,PRON,obj,obj,explicit_full,
3211,1277,one-to-one,dn_1540,mkm_1409,Giorgio,Giorgio,NULL,PRON,nsubj,nsubj,zero_to_tgt_anchor,
3212,1277,one-to-one,dn_1540,mkm_1409,Ippolita,Ippolita,PRON,PRON,obj,obj,explicit_full,
3213,1278,one-to-one,dn_1541,mkm_1410,Giorgio,MISSING,PRON,MISSING,obj,MISSING,leftover_source,
3214,1278,one-to-one,dn_1541,mkm_1410,Ippolita,Ippolita,DET,PRON,nmod,nmod,explicit_ref_case,
3215,1278,one-to-one,dn_1541,mkm_1410,Ippolita,Ippolita,NULL,NULL,nsubj,nsubj,zero_zero_single,
3216,1279,one-to-one,dn_1542,mkm_1411,Giorgio,Giorgio,PRON,PRON,nsubj,nsubj,explicit_full,
3217,1279,one-to-one,dn_1542,mkm_1411,MISSING,Giorgio,MISSING,NULL,MISSING,nsubj,leftover_target,
3218,1279,one-to-one,dn_1542,mkm_1411,MISSING,Giorgio,MISSING,NULL,MISSING,nsubj,leftover_target,
3219,1280,one-to-one,dn_1543,mkm_1412,Giorgio,Giorgio,NULL,NULL,nsubj,nsubj,zero_zero_single,
3220,1280,one-to-one,dn_1543,mkm_1412,Giorgio,MISSING,PRON,MISSING,obj,MISSING,leftover_source,
3221,1280,one-to-one,dn_1543,mkm_1412,Giorgio,MISSING,PRON,MISSING,obj,MISSING,leftover_source,
3222,1280,one-to-one,dn_1543,mkm_1412,Ippolita,Ippolita,DET,PRON,nmod,nmod,explicit_ref_case,
3223,1280,one-to-one,dn_1543,mkm_1412,Ippolitas-husband,Ippolitas-husband,DET,DET,nmod,nmod,explicit_full,
3224,1282,one-to-one,dn_1546,mkm_1414,Giorgio,Giorgio,PROPN,PROPN,vocative,vocative,explicit_full,
3225,1283,one-to-one,dn_1547,mkm_1415,Giorgio Ippolita,MISSING,NULL,MISSING,nsubj,MISSING,leftover_source,
3226,1284,one-to-one,dn_1548,mkm_1416,Giorgio,Giorgio,NOUN,NOUN,nmod,nmod,explicit_full,
3227,1284,one-to-one,dn_1548,mkm_1416,Giorgio,MISSING,PRON,MISSING,obj,MISSING,leftover_source,
3228,1284,one-to-one,dn_1548,mkm_1416,MISSING,Giorgio,MISSING,NULL,MISSING,nsubj,leftover_target,
3229,1284,one-to-one,dn_1548,mkm_1416,Ippolita,Ippolita,PROPN,PROPN,nsubj,nsubj,explicit_full,
3230,1284,one-to-one,dn_1548,mkm_1416,Ippolita,MISSING,NULL,MISSING,nsubj,MISSING,leftover_source,
3231,1284,one-to-one,dn_1548,mkm_1416,Ippolita,MISSING,DET,MISSING,nmod,MISSING,leftover_source,
3232,1285,one-to-one,dn_1549,mkm_1417,Giorgio,MISSING,PROPN,MISSING,vocative,MISSING,leftover_source,
3233,1285,one-to-one,dn_1549,mkm_1417,Giorgio,MISSING,PRON,MISSING,obj,MISSING,leftover_source,
3234,1285,one-to-one,dn_1549,mkm_1417,MISSING,Giorgio,MISSING,NULL,MISSING,nsubj,leftover_target,
3235,1285,one-to-one,dn_1549,mkm_1417,Ippolita,MISSING,NULL,MISSING,nsubj,MISSING,leftover_source,
3236,1286,one-to-one,dn_1550,mkm_1418,Giorgio,Giorgio,PRON,PRON,obj,obj,explicit_full,
3237,1286,one-to-one,dn_1550,mkm_1418,Ippolita,Ippolita,PRON,PRON,nsubj,nsubj,explicit_full,
3238,1287,one-to-one,dn_1551,mkm_1419,Giorgio,Giorgio,PRON,PRON,nsubj,nsubj,explicit_full,
3239,1287,one-to-one,dn_1551,mkm_1419,Giorgio,Giorgio,NULL,NULL,nsubj,nsubj,zero_zero_semantic,0.41810411352763505
3240,1287,one-to-one,dn_1551,mkm_1419,Giorgio,MISSING,PRON,MISSING,obj,MISSING,leftover_source,
3241,1287,one-to-one,dn_1551,mkm_1419,Giorgio,MISSING,NULL,MISSING,nsubj,MISSING,leftover_source,
3242,1288,one-to-one,dn_1552,mkm_1420,Giorgio Ippolita,Giorgio Ippolita,NULL,NULL,nsubj,nsubj,zero_zero_single,
3243,1288,one-to-one,dn_1552,mkm_1420,MISSING,Giorgio Ippolita,MISSING,PRON,MISSING,nsubj,leftover_target,
3244,1289,one-to-one,dn_1553,mkm_1421,Giorgio Ippolita,Giorgio Ippolita,NULL,PRON,nsubj,nsubj,zero_to_tgt_anchor,
3245,1290,one-to-one,dn_1554,mkm_1422,Giorgio Ippolita,Giorgio Ippolita,NULL,NULL,nsubj,nsubj,zero_zero_single,
3246,1290,one-to-one,dn_1554,mkm_1422,MISSING,Giorgio Ippolita,MISSING,NOUN,MISSING,nsubj,leftover_target,
3247,1291,one-to-one,dn_1555,mkm_1423,Giorgio Ippolita,MISSING,PRON,MISSING,obj,MISSING,leftover_source,
3248,1291,one-to-one,dn_1555,mkm_1423,MISSING,Giorgio Ippolita,MISSING,NULL,MISSING,nsubj,leftover_target,
3249,1292,many-to-one,dn_1556 dn_1557 dn_1558,mkm_1424,Giorgio Ippolita,Giorgio Ippolita,DET,PRON,nmod,nmod,explicit_ref_case,
3250,1292,many-to-one,dn_1556 dn_1557 dn_1558,mkm_1424,Giorgio Ippolita,MISSING,PRON,MISSING,obj,MISSING,leftover_source,
3251,1292,many-to-one,dn_1556 dn_1557 dn_1558,mkm_1424,Giorgio Ippolita,MISSING,PRON,MISSING,nsubj,MISSING,leftover_source,
3252,1292,many-to-one,dn_1556 dn_1557 dn_1558,mkm_1424,Giorgio Ippolita,MISSING,DET,MISSING,nmod,MISSING,leftover_source,
3253,1292,many-to-one,dn_1556 dn_1557 dn_1558,mkm_1424,Giorgio Ippolita,MISSING,DET,MISSING,nmod,MISSING,leftover_source,
3254,1292,many-to-one,dn_1556 dn_1557 dn_1558,mkm_1424,Giorgio Ippolita,MISSING,DET,MISSING,nmod,MISSING,leftover_source,
3255,1293,one-to-one,dn_1559,mkm_1426,Giorgio,Giorgio,PROPN,PROPN,nsubj,nsubj,explicit_full,
3256,1295,one-to-one,dn_1561,mkm_1428,Ippolita,Ippolita,PROPN,PROPN,nsubj,nsubj,explicit_full,
3257,1296,one-to-one,dn_1562,mkm_1427,Ippolita,Ippolita,NULL,PRON,nsubj,nsubj,zero_to_tgt_anchor,
3258,1297,one-to-one,dn_1563,mkm_1429,Giorgio,Giorgio,DET,PRON,nmod,nmod,explicit_ref_case,
3259,1297,one-to-one,dn_1563,mkm_1429,Ippolita,MISSING,PRON,MISSING,obj,MISSING,leftover_source,
3260,1298,one-to-one,dn_1564,mkm_1430,Giorgio Ippolita,Giorgio Ippolita,PRON,NOUN,nsubj,nsubj,explicit_ref_case,
3261,1298,one-to-one,dn_1564,mkm_1430,Giorgio Ippolita,Giorgio Ippolita,PRON,NOUN,obj,obj,explicit_ref_case,
3262,1298,one-to-one,dn_1564,mkm_1430,Giorgio Ippolita,Giorgio Ippolita,PRON,NOUN,obj,nsubj,explicit_ref_only,
3263,1298,one-to-one,dn_1564,mkm_1430,Giorgio Ippolita,MISSING,PRON,MISSING,nmod,MISSING,leftover_source,
3264,1298,one-to-one,dn_1564,mkm_1430,Giorgio Ippolita,MISSING,PRON,MISSING,obj,MISSING,leftover_source,
3265,1298,one-to-one,dn_1564,mkm_1430,MISSING,Giorgio Ippolita,MISSING,NULL,MISSING,nsubj,leftover_target,
3266,1298,one-to-one,dn_1564,mkm_1430,MISSING,Giorgio Ippolita,MISSING,NULL,MISSING,nsubj,leftover_target,
3267,1299,one-to-one,dn_1565,mkm_1431,Giorgio Ippolita,Giorgio Ippolita,NULL,NULL,nsubj,nsubj,zero_zero_semantic,0.6521128533551326
3268,1299,one-to-one,dn_1565,mkm_1431,Giorgio Ippolita,Giorgio Ippolita,NULL,NULL,nsubj,nsubj,zero_zero_semantic,0.39168105986151663
3269,1299,one-to-one,dn_1565,mkm_1431,MISSING,Giorgio Ippolita,MISSING,NOUN,MISSING,nsubj,leftover_target,
3270,1299,one-to-one,dn_1565,mkm_1431,pavers,pavers,NOUN,NOUN,nsubj,nmod,explicit_ref_pos,
3271,1300,one-to-one,dn_1566 dn_1567,mkm_1432 mkm_1434,Giorgio,Giorgio,PROPN,PROPN,nsubj,nsubj,explicit_full,
3272,1300,one-to-one,dn_1566 dn_1567,mkm_1432 mkm_1434,Giorgio,MISSING,PRON,MISSING,obj,MISSING,leftover_source,
3273,1300,one-to-one,dn_1566 dn_1567,mkm_1432 mkm_1434,MISSING,Giorgio,MISSING,NULL,MISSING,nsubj,leftover_target,
3274,1300,one-to-one,dn_1566 dn_1567,mkm_1432 mkm_1434,MISSING,Giorgio,MISSING,NULL,MISSING,nsubj,leftover_target,
3275,1300,one-to-one,dn_1566 dn_1567,mkm_1432 mkm_1434,Giorgio Ippolita,Giorgio Ippolita,DET,NOUN,nmod,nmod,explicit_ref_case,
3276,1302,one-to-one,dn_1569,mkm_1435,Giorgio,Giorgio,PRON,PRON,obj,obj,explicit_full,
3277,1302,one-to-one,dn_1569,mkm_1435,Giorgio,MISSING,PRON,MISSING,nsubj,MISSING,leftover_source,
3278,1302,one-to-one,dn_1569,mkm_1435,Giorgio,MISSING,PRON,MISSING,obj,MISSING,leftover_source,
3279,1302,one-to-one,dn_1569,mkm_1435,Giorgio,MISSING,PRON,MISSING,nsubj,MISSING,leftover_source,
3280,1303,one-to-one,dn_1570,mkm_1436,Giorgio,Giorgio,PRON,PRON,obj,obj,explicit_full,
3281,1304,one-to-one,dn_1571,mkm_1438,Giorgio,Giorgio,PRON,PRON,nsubj,nsubj,explicit_full,
3282,1305,one-to-many,dn_1572,mkm_1437 mkm_1439,Giorgio Ippolita,Giorgio Ippolita,PRON,NOUN,nsubj,nsubj,explicit_ref_case,
3283,1305,one-to-many,dn_1572,mkm_1437 mkm_1439,Giorgio Ippolita,MISSING,PRON-REFLEX,MISSING,obj,MISSING,leftover_source,
3284,1306,one-to-one,dn_1573,mkm_1440,Giorgio,Giorgio,PRON,PRON,nsubj,nsubj,explicit_full,
3285,1306,one-to-one,dn_1573,mkm_1440,Giorgio,MISSING,DET,MISSING,nmod,MISSING,leftover_source,
3286,1307,one-to-one,dn_1574,mkm_1441,Giorgio,MISSING,NULL,MISSING,nsubj,MISSING,leftover_source,
3287,1307,one-to-one,dn_1574,mkm_1441,MISSING,Giorgio,MISSING,PRON,MISSING,nmod,leftover_target,
3288,1308,one-to-one,dn_1575,mkm_1442,Giorgio,Giorgio,PRON,PRON,nsubj,nsubj,explicit_full,
3289,1308,one-to-one,dn_1575,mkm_1442,Giorgio,Giorgio,PRON,PRON,obj,obj,explicit_full,
3290,1309,many-to-one,dn_1576 dn_1577,mkm_1443,AlfonsoExili,AlfonsoExili,PROPN,PROPN,obj,nsubj,explicit_ref_pos,
3291,1309,many-to-one,dn_1576 dn_1577,mkm_1443,Giorgio,Giorgio,DET,PRON,nmod,nmod,explicit_ref_case,
3292,1309,many-to-one,dn_1576 dn_1577,mkm_1443,Giorgio,Giorgio,PRON,PRON,obj,nsubj,explicit_ref_pos,
3293,1309,many-to-one,dn_1576 dn_1577,mkm_1443,Giorgio,Giorgio,NULL,PRON,nsubj,nsubj,zero_to_tgt_anchor,
3294,1309,many-to-one,dn_1576 dn_1577,mkm_1443,Giorgio,MISSING,NULL,MISSING,nsubj,MISSING,leftover_source,
3295,1309,many-to-one,dn_1576 dn_1577,mkm_1443,MISSING,Giorgio,MISSING,PRON,MISSING,nmod,leftover_target,
3296,1310,one-to-one,dn_1578,mkm_1444,Giorgio,Giorgio,PRON,PRON,obj,obj,explicit_full,
3297,1310,one-to-one,dn_1578,mkm_1444,Ippolita,Ippolita,PROPN,PROPN,nsubj,obj,explicit_ref_pos,
3298,1310,one-to-one,dn_1578,mkm_1444,Ippolita,MISSING,NULL,MISSING,nsubj,MISSING,leftover_source,
3299,1310,one-to-one,dn_1578,mkm_1444,MISSING,Ippolita,MISSING,PRON,MISSING,obj,leftover_target,
3300,1312,one-to-one,dn_1580,mkm_1447,Giorgio,Giorgio,PRON,PRON,obj,obj,explicit_full,
3301,1312,one-to-one,dn_1580,mkm_1447,Ippolita,Ippolita,PRON,PRON,nsubj,nsubj,explicit_full,
3302,1312,one-to-one,dn_1580,mkm_1447,MISSING,Ippolita,MISSING,NULL,MISSING,nsubj,leftover_target,
3303,1313,one-to-one,dn_1581,mkm_1448,Ippolita,Ippolita,PRON,PRON,nsubj,nsubj,explicit_full,
3304,1313,one-to-one,dn_1581,mkm_1448,MISSING,Ippolita,MISSING,NULL,MISSING,nsubj,leftover_target,
3305,1313,one-to-one,dn_1581,mkm_1448,MISSING,Ippolita,MISSING,NULL,MISSING,nsubj,leftover_target,
3306,1314,one-to-one,dn_1582,mkm_1449,Giorgio,MISSING,PRON,MISSING,obj,MISSING,leftover_source,
3307,1314,one-to-one,dn_1582,mkm_1449,Giorgio,MISSING,DET,MISSING,nmod,MISSING,leftover_source,
3308,1314,one-to-one,dn_1582,mkm_1449,Ippolita,Ippolita,PRON,PRON,nsubj,nsubj,explicit_full,
3309,1314,one-to-one,dn_1582,mkm_1449,MISSING,Ippolita,MISSING,NULL,MISSING,nsubj,leftover_target,
3310,1315,one-to-one,dn_1583,mkm_1450,Giorgio,Giorgio,PRON,PRON,obj,obj,explicit_full,
3311,1315,one-to-one,dn_1583,mkm_1450,Giorgio,Giorgio,DET,PRON,nmod,nmod,explicit_ref_case,
3312,1315,one-to-one,dn_1583,mkm_1450,Ippolita,Ippolita,PRON,PRON,nsubj,nsubj,explicit_full,
3313,1315,one-to-one,dn_1583,mkm_1450,Ippolita,Ippolita,NULL,NULL,nsubj,nsubj,zero_zero_semantic,0.3385248797610648
3314,1315,one-to-one,dn_1583,mkm_1450,MISSING,Ippolita,MISSING,NULL,MISSING,nsubj,leftover_target,
3315,1316,one-to-one,dn_1584,mkm_1451,Giorgio,Giorgio,PRON,PRON,nsubj,nsubj,explicit_full,
3316,1316,one-to-one,dn_1584,mkm_1451,Giorgio,MISSING,PRON,MISSING,obj,MISSING,leftover_source,
3317,1316,one-to-one,dn_1584,mkm_1451,MISSING,Giorgio,MISSING,NULL,MISSING,nsubj,leftover_target,
3318,1316,one-to-one,dn_1584,mkm_1451,Ippolita,Ippolita,PROPN,PROPN,obj,nmod,explicit_ref_pos,
3319,1316,one-to-one,dn_1584,mkm_1451,Ippolita,Ippolita,PRON,DET,obj,nmod,explicit_ref_only,
3320,1317,many-to-one,dn_1585 dn_1586,mkm_1452,Giorgio,MISSING,PRON,MISSING,obj,MISSING,leftover_source,
3321,1317,many-to-one,dn_1585 dn_1586,mkm_1452,Ippolita,Ippolita,NULL,PRON,nsubj,nsubj,zero_to_tgt_anchor,
3322,1317,many-to-one,dn_1585 dn_1586,mkm_1452,Ippolita,MISSING,NULL,MISSING,nsubj,MISSING,leftover_source,
3323,1318,one-to-one,dn_1589,mkm_1453,MISSING,Ippolita,MISSING,NULL,MISSING,nsubj,leftover_target,
3324,1319,many-to-one,dn_1587 dn_1590,mkm_1454,Giorgio,Giorgio,PROPN,PROPN,nsubj,nsubj,explicit_full,
3325,1319,many-to-one,dn_1587 dn_1590,mkm_1454,Giorgio,Giorgio,NULL,NULL,nsubj,nsubj,zero_zero_semantic,0.47129616354193005
3326,1319,many-to-one,dn_1587 dn_1590,mkm_1454,Giorgio,Giorgio,NULL,NULL,nsubj,nsubj,zero_zero_semantic,0.5984096253642014
3327,1319,many-to-one,dn_1587 dn_1590,mkm_1454,Ippolita,Ippolita,PRON,DET,obj,nmod,explicit_ref_only,
3328,1320,one-to-one,dn_1592,mkm_1455,Ippolita,Ippolita,PRON,PRON,nsubj,nsubj,explicit_full,
3329,1320,one-to-one,dn_1592,mkm_1455,MISSING,Ippolita,MISSING,NULL,MISSING,nsubj,leftover_target,
3330,1321,one-to-one,dn_1593,mkm_1457,Ippolita,Ippolita,PROPN,PRON,nsubj,nsubj,explicit_ref_case,
3331,1322,one-to-many,dn_1594,mkm_1456 mkm_1458,Ippolita,Ippolita,PRON,PRON,obj,obj,explicit_full,
3332,1322,one-to-many,dn_1594,mkm_1456 mkm_1458,Ippolita,MISSING,NULL,MISSING,nsubj,MISSING,leftover_source,
3333,1322,one-to-many,dn_1594,mkm_1456 mkm_1458,Ippolita,MISSING,NULL,MISSING,nsubj,MISSING,leftover_source,
3334,1323,one-to-one,dn_1596,mkm_1459,Ippolita,Ippolita,PRON,NULL,nsubj,nsubj,zero_to_src_anchor,
3335,1323,one-to-one,dn_1596,mkm_1459,MISSING,Ippolita,MISSING,NULL,MISSING,nsubj,leftover_target,
3336,1324,one-to-one,dn_1597,mkm_1460,Giorgio,Giorgio,PROPN,PROPN,nsubj,nsubj,explicit_full,
3337,1324,one-to-one,dn_1597,mkm_1460,Giorgio,MISSING,DET,MISSING,nmod,MISSING,leftover_source,
3338,1324,one-to-one,dn_1597,mkm_1460,Ippolita,Ippolita,PRON,PRON,obj,obj,explicit_full,
3339,1325,many-to-one,dn_1598 dn_1599,mkm_1461,Giorgio,Giorgio,PRON,PRON,obj,obj,explicit_full,
3340,1325,many-to-one,dn_1598 dn_1599,mkm_1461,Giorgio,Giorgio,PRON,PRON,obj,obj,explicit_full,
3341,1325,many-to-one,dn_1598 dn_1599,mkm_1461,Giorgio,MISSING,PRON,MISSING,nsubj,MISSING,leftover_source,
3342,1325,many-to-one,dn_1598 dn_1599,mkm_1461,Ippolita,Ippolita,PRON,PRON,nsubj,nsubj,explicit_full,
3343,1325,many-to-one,dn_1598 dn_1599,mkm_1461,Ippolita,Ippolita,PRON,NULL,nsubj,nsubj,zero_to_src_anchor,
3344,1325,many-to-one,dn_1598 dn_1599,mkm_1461,Ippolita,MISSING,PRON,MISSING,obj,MISSING,leftover_source,
3345,1325,many-to-one,dn_1598 dn_1599,mkm_1461,Ippolita,MISSING,DET,MISSING,nmod,MISSING,leftover_source,
3346,1325,many-to-one,dn_1598 dn_1599,mkm_1461,Ippolita,MISSING,DET,MISSING,nmod,MISSING,leftover_source,
3347,1325,many-to-one,dn_1598 dn_1599,mkm_1461,MISSING,Ippolita,MISSING,NULL,MISSING,nsubj,leftover_target,
3348,1326,one-to-one,dn_1600,mkm_1462,Ippolita,Ippolita,PRON,NULL,nsubj,nsubj,zero_to_src_anchor,
3349,1326,one-to-one,dn_1600,mkm_1462,Ippolita,MISSING,PRON,MISSING,obj,MISSING,leftover_source,
3350,1326,one-to-one,dn_1600,mkm_1462,MISSING,Ippolita,MISSING,NULL,MISSING,nsubj,leftover_target,
3351,1327,one-to-one,dn_1601,mkm_1463,Giorgio,Giorgio,PRON,NULL,nsubj,nsubj,zero_to_src_anchor,
3352,1328,one-to-one,dn_1602,mkm_1464,Giorgio,MISSING,PRON,MISSING,nsubj,MISSING,leftover_source,
3353,1328,one-to-one,dn_1602,mkm_1464,Ippolita,Ippolita,PRON,PRON,obj,nsubj,explicit_ref_pos,
3354,1329,one-to-one,dn_1603,mkm_1465,Giorgio,Giorgio,DET,PRON,nmod,nmod,explicit_ref_case,
3355,1329,one-to-one,dn_1603,mkm_1465,Ippolita,MISSING,PRON,MISSING,nsubj,MISSING,leftover_source,
3356,1330,one-to-one,dn_1604 dn_1605,mkm_1466 mkm_1467,Giorgio,Giorgio,NOUN,NOUN,nmod,nmod,explicit_full,
3357,1330,one-to-one,dn_1604 dn_1605,mkm_1466 mkm_1467,MISSING,Giorgio,MISSING,PRON,MISSING,nsubj,leftover_target,
3358,1330,one-to-one,dn_1604 dn_1605,mkm_1466 mkm_1467,MISSING,Giorgio,MISSING,NULL,MISSING,nsubj,leftover_target,
3359,1330,one-to-one,dn_1604 dn_1605,mkm_1466 mkm_1467,Giorgio Ippolita,Giorgio Ippolita,NULL,NULL,nsubj,nsubj,zero_zero_semantic,0.4248210224814116
3360,1330,one-to-one,dn_1604 dn_1605,mkm_1466 mkm_1467,Giorgio Ippolita,Giorgio Ippolita,NULL,NULL,nsubj,nsubj,zero_zero_semantic,0.6096481658888275
3361,1330,one-to-one,dn_1604 dn_1605,mkm_1466 mkm_1467,MISSING,Giorgio Ippolita,MISSING,NOUN,MISSING,nsubj,leftover_target,
3362,1330,one-to-one,dn_1604 dn_1605,mkm_1466 mkm_1467,Ippolita,Ippolita,PRON,PRON,nsubj,nsubj,explicit_full,
3363,1330,one-to-one,dn_1604 dn_1605,mkm_1466 mkm_1467,Ippolita,MISSING,NULL,MISSING,nsubj,MISSING,leftover_source,
3364,1330,one-to-one,dn_1604 dn_1605,mkm_1466 mkm_1467,MISSING,Ippolita,MISSING,PRON,MISSING,nmod,leftover_target,
3365,1331,one-to-one,dn_1606,mkm_1468,Giorgio,Giorgio,PRON,PRON,obj,obj,explicit_full,
3366,1331,one-to-one,dn_1606,mkm_1468,Ippolita,Ippolita,NULL,NULL,nsubj,nsubj,zero_zero_single,
3367,1332,one-to-one,dn_1607,mkm_1469,MISSING,Giorgio,MISSING,PRON,MISSING,nsubj,leftover_target,
3368,1332,one-to-one,dn_1607,mkm_1469,Giorgio Ippolita,MISSING,NULL,MISSING,nsubj,MISSING,leftover_source,
3369,1332,one-to-one,dn_1607,mkm_1469,MISSING,Ippolita,MISSING,PRON,MISSING,obj,leftover_target,
3370,1333,one-to-one,dn_1608,mkm_1470,Giorgio Ippolita,Giorgio Ippolita,DET,NOUN,nmod,nmod,explicit_ref_case,
3371,1333,one-to-one,dn_1608,mkm_1470,MISSING,Giorgio Ippolita,MISSING,NOUN,MISSING,nsubj,leftover_target,
3372,1333,one-to-one,dn_1608,mkm_1470,MISSING,Giorgio Ippolita,MISSING,NULL,MISSING,nsubj,leftover_target,
3373,1333,one-to-one,dn_1608,mkm_1470,MISSING,Giorgio Ippolita,MISSING,NULL,MISSING,nsubj,leftover_target,
3374,1333,one-to-one,dn_1608,mkm_1470,MISSING,Giorgio Ippolita,MISSING,NULL,MISSING,nsubj,leftover_target,
3375,1334,one-to-one,dn_1609,mkm_1471,Giorgio,MISSING,PRON,MISSING,obj,MISSING,leftover_source,
3376,1334,one-to-one,dn_1609,mkm_1471,Ippolita,MISSING,NULL,MISSING,nsubj,MISSING,leftover_source,
3377,1335,one-to-one,dn_1610,mkm_1472,Giorgio,Giorgio,PROPN,PROPN,nsubj,nsubj,explicit_full,
3378,1336,one-to-many,dn_1611,mkm_1473 mkm_1474,Giorgio Ippolita,Giorgio Ippolita,NULL,NULL,nsubj,nsubj,zero_zero_semantic,0.3992628937832853
3379,1336,one-to-many,dn_1611,mkm_1473 mkm_1474,Giorgio Ippolita,Giorgio Ippolita,NULL,NULL,nsubj,nsubj,zero_zero_semantic,0.24244976048773909
3380,1336,one-to-many,dn_1611,mkm_1473 mkm_1474,Giorgio Ippolita,Giorgio Ippolita,NULL,NULL,nsubj,nsubj,zero_zero_semantic,0.3903904991264039
3381,1337,one-to-one,dn_1612,mkm_1475,Giorgio,MISSING,PRON,MISSING,obj,MISSING,leftover_source,
3382,1337,one-to-one,dn_1612,mkm_1475,Ippolita,Ippolita,PRON,PRON,nsubj,nsubj,explicit_full,
3383,1338,many-to-one,dn_1613 dn_1614,mkm_1476,Ippolita,Ippolita,PRON,PRON,nsubj,nsubj,explicit_full,
3384,1338,many-to-one,dn_1613 dn_1614,mkm_1476,Ippolita,Ippolita,NULL,NULL,nsubj,nsubj,zero_zero_single,
3385,1339,many-to-one,dn_1615 dn_1616,mkm_1477,Giorgio,Giorgio,DET,PRON,nmod,nmod,explicit_ref_case,
3386,1339,many-to-one,dn_1615 dn_1616,mkm_1477,MISSING,Giorgio,MISSING,NULL,MISSING,nsubj,leftover_target,
3387,1339,many-to-one,dn_1615 dn_1616,mkm_1477,Ippolita,Ippolita,PRON,NOUN,obj,obj,explicit_ref_case,
3388,1339,many-to-one,dn_1615 dn_1616,mkm_1477,Ippolita,MISSING,PRON,MISSING,nsubj,MISSING,leftover_source,
3389,1340,one-to-one,dn_1617,mkm_1478,MISSING,Giorgio,MISSING,NULL,MISSING,nsubj,leftover_target,
3390,1340,one-to-one,dn_1617,mkm_1478,MISSING,Giorgio,MISSING,NULL,MISSING,nsubj,leftover_target,
3391,1340,one-to-one,dn_1617,mkm_1478,MISSING,Giorgio,MISSING,PRON,MISSING,nsubj,leftover_target,
3392,1340,one-to-one,dn_1617,mkm_1478,Giorgio Ippolita,MISSING,NULL,MISSING,nsubj,MISSING,leftover_source,
3393,1340,one-to-one,dn_1617,mkm_1478,Ippolita,Ippolita,PRON,PRON,obj,nmod,explicit_ref_pos,
3394,1341,many-to-one,dn_1618 dn_1619 dn_1620,mkm_1479,Giorgio Ippolita,Giorgio Ippolita,NULL,NULL,nsubj,nsubj,zero_zero_single,
3395,1341,many-to-one,dn_1618 dn_1619 dn_1620,mkm_1479,MISSING,Giorgio Ippolita,MISSING,PRON,MISSING,nsubj,leftover_target,
3396,1341,many-to-one,dn_1618 dn_1619 dn_1620,mkm_1479,Ippolita,Ippolita,PROPN,PROPN,nsubj,nsubj,explicit_full,
3397,1341,many-to-one,dn_1618 dn_1619 dn_1620,mkm_1479,Ippolita,MISSING,DET,MISSING,nmod,MISSING,leftover_source,
3398,1343,one-to-one,dn_1622,mkm_1481,MISSING,Giorgio Ippolita,MISSING,NULL,MISSING,nsubj,leftover_target,
3399,1344,one-to-one,dn_1623,mkm_1482,Giorgio,Giorgio,PROPN,PROPN,nsubj,nsubj,explicit_full,
3400,1344,one-to-one,dn_1623,mkm_1482,Giorgio,Giorgio,NULL,NULL,nsubj,nsubj,zero_zero_semantic,0.3921508701513226
3401,1344,one-to-one,dn_1623,mkm_1482,MISSING,Giorgio,MISSING,NULL,MISSING,nsubj,leftover_target,
3402,1344,one-to-one,dn_1623,mkm_1482,Ippolita,Ippolita,PRON,PRON,nsubj,nsubj,explicit_full,
3403,1344,one-to-one,dn_1623,mkm_1482,Ippolita,Ippolita,PRON,PROPN,nsubj,nsubj,explicit_ref_case,
3404,1344,one-to-one,dn_1623,mkm_1482,Ippolita,Ippolita,NULL,NULL,nsubj,nsubj,zero_zero_single,
3405,1344,one-to-one,dn_1623,mkm_1482,Ippolita,MISSING,PRON,MISSING,obj,MISSING,leftover_source,
3406,1344,one-to-one,dn_1623,mkm_1482,Ippolita,MISSING,PRON,MISSING,obj,MISSING,leftover_source,
3407,1346,one-to-many,dn_1625,mkm_1484 mkm_1485,Ippolita,Ippolita,PRON,PRON,nsubj,nsubj,explicit_full,
3408,1348,one-to-one,dn_1627,mkm_1487,Giorgio,Giorgio,NULL,NULL,nsubj,nsubj,zero_zero_single,
3409,1349,one-to-one,dn_1628,mkm_1488,Giorgio,MISSING,PROPN,MISSING,obj,MISSING,leftover_source,
3410,1349,one-to-one,dn_1628,mkm_1488,Ippolita,Ippolita,PRON,PRON,nsubj,nsubj,explicit_full,
3411,1349,one-to-one,dn_1628,mkm_1488,MISSING,Ippolita,MISSING,NULL,MISSING,nsubj,leftover_target,
3412,1350,many-to-one,dn_1629 dn_1630,mkm_1489,MISSING,Giorgio Ippolita,MISSING,NULL,MISSING,nsubj,leftover_target,
3413,1350,many-to-one,dn_1629 dn_1630,mkm_1489,Ippolita,MISSING,NULL,MISSING,nsubj,MISSING,leftover_source,
3414,1351,one-to-one,dn_1631,mkm_1490,Pancrazio,Pancrazio,PROPN,PROPN,nsubj,nsubj,explicit_full,
3415,1352,one-to-one,dn_1632,mkm_1491,Giorgio,MISSING,PROPN,MISSING,obj,MISSING,leftover_source,
3416,1352,one-to-one,dn_1632,mkm_1491,Pancrazio,Pancrazio,NULL,NULL,nsubj,nsubj,zero_zero_single,
3417,1353,one-to-one,dn_1633,mkm_1492,Giorgio,MISSING,NOUN,MISSING,nmod,MISSING,leftover_source,
3418,1353,one-to-one,dn_1633,mkm_1492,Pancrazio,Pancrazio,PRON,PRON,nsubj,nsubj,explicit_full,
3419,1353,one-to-one,dn_1633,mkm_1492,Pancrazio,MISSING,PRON,MISSING,obj,MISSING,leftover_source,
3420,1353,one-to-one,dn_1633,mkm_1492,MISSING,Pancrazio,MISSING,NULL,MISSING,nsubj,leftover_target,
3421,1354,one-to-many,dn_1634,mkm_1493 mkm_1494,Pancrazio,Pancrazio,NULL,NULL,nsubj,nsubj,zero_zero_semantic,0.6829973076554862
3422,1354,one-to-many,dn_1634,mkm_1493 mkm_1494,Pancrazio,MISSING,PRON,MISSING,obj,MISSING,leftover_source,
3423,1354,one-to-many,dn_1634,mkm_1493 mkm_1494,Pancrazio,MISSING,PRON,MISSING,obj,MISSING,leftover_source,
3424,1354,one-to-many,dn_1634,mkm_1493 mkm_1494,MISSING,Pancrazio,MISSING,NULL,MISSING,nsubj,leftover_target,
3425,1355,one-to-one,dn_1635,mkm_1495,Giorgio Ippolita,Giorgio Ippolita,PRON,NOUN,obj,nsubj,explicit_ref_only,
3426,1355,one-to-one,dn_1635,mkm_1495,Giorgio Ippolita,MISSING,PRON,MISSING,obj,MISSING,leftover_source,
3427,1355,one-to-one,dn_1635,mkm_1495,Pancrazio,Pancrazio,NULL,PRON,nsubj,nsubj,zero_to_tgt_anchor,
3428,1356,many-to-one,dn_1636 dn_1637,mkm_1496,Pancrazio,Pancrazio,PROPN,PROPN,nsubj,nsubj,explicit_full,
3429,1357,one-to-one,dn_1638,mkm_1498,Ippolita,Ippolita,PROPN,PROPN,nsubj,nsubj,explicit_full,
3430,1357,one-to-one,dn_1638,mkm_1498,Ippolita,MISSING,NULL,MISSING,nsubj,MISSING,leftover_source,
3431,1358,one-to-one,dn_1639,mkm_1497,Giorgio Ippolita,Giorgio Ippolita,NULL,NULL,nsubj,nsubj,zero_zero_single,
3432,1359,one-to-one,dn_1640,mkm_1499,Pancrazio,Pancrazio,PROPN,PROPN,nsubj,nsubj,explicit_full,
3433,1360,many-to-one,dn_1641 dn_1642 dn_1643,mkm_1500,MISSING,Giorgio,MISSING,PRON,MISSING,nsubj,leftover_target,
3434,1360,many-to-one,dn_1641 dn_1642 dn_1643,mkm_1500,MISSING,Giorgio,MISSING,PRON,MISSING,nsubj,leftover_target,
3435,1360,many-to-one,dn_1641 dn_1642 dn_1643,mkm_1500,MISSING,Giorgio Ippolita,MISSING,NOUN,MISSING,obj,leftover_target,
3436,1360,many-to-one,dn_1641 dn_1642 dn_1643,mkm_1500,Ippolita,MISSING,NOUN,MISSING,obj,MISSING,leftover_source,
3437,1360,many-to-one,dn_1641 dn_1642 dn_1643,mkm_1500,Pancrazio,MISSING,NULL,MISSING,nsubj,MISSING,leftover_source,
3438,1360,many-to-one,dn_1641 dn_1642 dn_1643,mkm_1500,Pancrazio,MISSING,PRON,MISSING,obj,MISSING,leftover_source,
3439,1360,many-to-one,dn_1641 dn_1642 dn_1643,mkm_1500,Pancrazio,MISSING,PRON,MISSING,nsubj,MISSING,leftover_source,
3440,1362,one-to-one,dn_1645,mkm_1502,Giorgio Ippolita,Giorgio Ippolita,NOUN,NOUN,nsubj,nsubj,explicit_full,
3441,1362,one-to-one,dn_1645,mkm_1502,Giorgio Ippolita,Giorgio Ippolita,NULL,NULL,nsubj,nsubj,zero_zero_single,
3442,1363,one-to-many,dn_1646,mkm_1503 mkm_1505,Giorgio Ippolita,MISSING,PRON,MISSING,obj,MISSING,leftover_source,
3443,1363,one-to-many,dn_1646,mkm_1503 mkm_1505,Pancrazio,Pancrazio,NOUN,NOUN,nsubj,nsubj,explicit_full,
3444,1363,one-to-many,dn_1646,mkm_1503 mkm_1505,MISSING,Pancrazio,MISSING,PRON,MISSING,nsubj,leftover_target,
3445,1364,one-to-one,dn_1647,mkm_1504,Pancrazio,Pancrazio,NULL,NULL,nsubj,nsubj,zero_zero_single,
3446,1365,one-to-one,dn_1648,mkm_1507,Giorgio,Giorgio,PROPN,PROPN,nsubj,nsubj,explicit_full,
3447,1366,one-to-one,dn_1649,mkm_1506,Giorgio Ippolita,Giorgio Ippolita,NULL,NULL,nsubj,nsubj,zero_zero_semantic,0.15758580232367797
3448,1366,one-to-one,dn_1649,mkm_1506,Giorgio Ippolita,MISSING,NULL,MISSING,nsubj,MISSING,leftover_source,
3449,1367,one-to-one,dn_1650,mkm_1508,Giorgio Ippolita,Giorgio Ippolita,NULL,PRON,nsubj,nsubj,zero_to_tgt_anchor,
3450,1369,one-to-one,dn_1652,mkm_1510,Giorgio Ippolita,Giorgio Ippolita,PRON,NOUN,obj,nsubj,explicit_ref_only,
3451,1369,one-to-one,dn_1652,mkm_1510,Giorgio Ippolita,MISSING,PRON-REFLEX,MISSING,obj,MISSING,leftover_source,
3452,1369,one-to-one,dn_1652,mkm_1510,Giorgio Ippolita,MISSING,NULL,MISSING,nsubj,MISSING,leftover_source,
