,sentence_pair,alignment_type,source_sentence_ids,target_sentence_ids,source_ref,target_ref,source_pos,target_pos,source_case,target_case,pair_type,zero_pair_cost
0,1,one-to-one,dn_0,hrd_0,Ippolita,Ippolita,PROPN,PROPN,nsubj,nsubj,explicit_full,
1,1,one-to-one,dn_0,hrd_0,Ippolita,Ippolita,NULL,NULL,nsubj,nsubj,zero_zero_semantic,0.39837370491892843
2,1,one-to-one,dn_0,hrd_0,MISSING,Ippolita,MISSING,NULL,MISSING,nsubj,leftover_target,
3,1,one-to-one,dn_0,hrd_0,crowd-of-men,crowd-of-men,NOUN,NOUN,obj,obj,explicit_full,
4,3,one-to-many,dn_2,hrd_2 hrd_3,Giorgio,Giorgio,PROPN,PROPN,nmod,nmod,explicit_full,
5,3,one-to-many,dn_2,hrd_2 hrd_3,Giorgio,MISSING,PRON,MISSING,obj,MISSING,leftover_source,
6,3,one-to-many,dn_2,hrd_2 hrd_3,Ippolita,Ippolita,PRON,PRON,nsubj,nsubj,explicit_full,
7,3,one-to-many,dn_2,hrd_2 hrd_3,Ippolita,Ippolita,NULL,NULL,nsubj,nsubj,zero_zero_single,
8,3,one-to-many,dn_2,hrd_2 hrd_3,MISSING,Ippolita,MISSING,PRON,MISSING,nmod,leftover_target,
9,4,one-to-one,dn_3,hrd_4,Giorgio,Giorgio,PROPN,PROPN,nsubj,nsubj,explicit_full,
10,4,one-to-one,dn_3,hrd_4,MISSING,Giorgio,MISSING,NULL,MISSING,nsubj,leftover_target,
11,4,one-to-one,dn_3,hrd_4,crowd-of-men,crowd-of-men,NOUN,NOUN,nmod,nmod,explicit_full,
12,5,one-to-one,dn_4,hrd_5,suicidal-man,suicidal-man,PRON,PRON,nsubj,nsubj,explicit_full,
13,5,one-to-one,dn_4,hrd_5,suicidal-man,MISSING,PRON-REFLEX,MISSING,obj,MISSING,leftover_source,
14,6,one-to-one,dn_5,hrd_6,Giorgio,Giorgio,NULL,PRON,nsubj,nsubj,zero_to_tgt_anchor,
15,7,one-to-one,dn_6,hrd_7,Giorgio Ippolita,Giorgio Ippolita,NULL,NULL,nsubj,nsubj,zero_zero_single,
16,7,one-to-one,dn_6,hrd_7,Ippolita,MISSING,NULL,MISSING,nsubj,MISSING,leftover_source,
17,8,one-to-one,dn_7,hrd_8,Ippolita,Ippolita,PRON,PRON,nsubj,nsubj,explicit_full,
18,9,one-to-one,dn_8,hrd_10,MISSING,Giorgio,MISSING,NULL,MISSING,nsubj,leftover_target,
19,9,one-to-one,dn_8,hrd_10,Ippolita,MISSING,NULL,MISSING,nsubj,MISSING,leftover_source,
20,10,one-to-one,dn_9,hrd_9,Giorgio Ippolita,Giorgio Ippolita,NULL,NULL,nsubj,nsubj,zero_zero_single,
21,11,one-to-one,dn_10,hrd_11,Giorgio Ippolita,Giorgio Ippolita,NULL,NOUN,nsubj,nsubj,zero_to_tgt_anchor,
22,12,one-to-one,dn_11,hrd_12,Ippolita,Ippolita,PROPN,PROPN,nsubj,nsubj,explicit_full,
23,12,one-to-one,dn_11,hrd_12,crowd-of-men,crowd-of-men,NOUN,NOUN,obj,nmod,explicit_ref_pos,
24,16,one-to-one,dn_15,hrd_16,Giorgio,Giorgio,PROPN,PROPN,nsubj,nsubj,explicit_full,
25,17,one-to-one,dn_16,hrd_17,suicidal-man,suicidal-man,PRON,PRON,nsubj,nsubj,explicit_full,
26,17,one-to-one,dn_16,hrd_17,suicidal-man,MISSING,PRON-REFLEX,MISSING,obj,MISSING,leftover_source,
27,17,one-to-one,dn_16,hrd_17,MISSING,suicidal-man,MISSING,NULL,MISSING,nsubj,leftover_target,
28,18,one-to-one,dn_17,hrd_18,Giorgio Ippolita,Giorgio Ippolita,PRON,NOUN,nsubj,nsubj,explicit_ref_case,
29,18,one-to-one,dn_17,hrd_18,Giorgio Ippolita,MISSING,PRON-REFLEX,MISSING,obj,MISSING,leftover_source,
30,18,one-to-one,dn_17,hrd_18,MISSING,Giorgio Ippolita,MISSING,NULL,MISSING,nsubj,leftover_target,
31,18,one-to-one,dn_17,hrd_18,crowd-of-men,crowd-of-men,NOUN,NOUN,nmod,nmod,explicit_full,
32,19,one-to-one,dn_18,hrd_19,crowd-of-men,crowd-of-men,NOUN,NOUN,nsubj,nsubj,explicit_full,
33,20,one-to-one,dn_19,hrd_20,crowd-of-men,crowd-of-men,NOUN,NOUN,pred,pred,explicit_full,
34,20,one-to-one,dn_19,hrd_20,crowd-of-men,crowd-of-men,NULL,PRON,nsubj,nsubj,zero_to_tgt_anchor,
35,21,one-to-one,dn_20,hrd_21,crowd-of-men,crowd-of-men,DET,PRON,nmod,nmod,explicit_ref_case,
36,21,one-to-one,dn_20,hrd_21,crowd-of-men,MISSING,DET,MISSING,nmod,MISSING,leftover_source,
37,22,one-to-one,dn_21,hrd_22,young-man,young-man,NOUN,NOUN,nsubj,nsubj,explicit_full,
38,22,one-to-one,dn_21,hrd_22,MISSING,young-man,MISSING,NULL,MISSING,nsubj,leftover_target,
39,23,one-to-one,dn_22,hrd_23,suicidal-man,MISSING,NULL,MISSING,nsubj,MISSING,leftover_source,
40,24,one-to-many,dn_23,hrd_24 hrd_25,MISSING,UNKNOWN,MISSING,PRON,MISSING,nsubj,leftover_target,
41,24,one-to-many,dn_23,hrd_24 hrd_25,man-from-the-crowd,man-from-the-crowd,NOUN,NOUN,nsubj,nsubj,explicit_full,
42,24,one-to-many,dn_23,hrd_24 hrd_25,man-from-the-crowd,MISSING,NULL,MISSING,nsubj,MISSING,leftover_source,
43,24,one-to-many,dn_23,hrd_24 hrd_25,man-from-the-crowd,MISSING,PRON-REFLEX,MISSING,obj,MISSING,leftover_source,
44,24,one-to-many,dn_23,hrd_24 hrd_25,MISSING,man-from-the-crowd,MISSING,DET,MISSING,nmod,leftover_target,
45,24,one-to-many,dn_23,hrd_24 hrd_25,young-man,young-man,PRON,NULL,nsubj,nsubj,zero_to_src_anchor,
46,24,one-to-many,dn_23,hrd_24 hrd_25,young-man,MISSING,PRON,MISSING,obj,MISSING,leftover_source,
47,24,one-to-many,dn_23,hrd_24 hrd_25,young-man,MISSING,PRON-REFLEX,MISSING,obj,MISSING,leftover_source,
48,25,one-to-one,dn_24,hrd_26,suicidal-man,MISSING,NULL,MISSING,nsubj,MISSING,leftover_source,
49,26,one-to-one,dn_25,hrd_27,UNKNOWN,UNKNOWN,NULL,NULL,nsubj,nsubj,zero_zero_single,
50,26,one-to-one,dn_25,hrd_27,suicidal-man,MISSING,PRON,MISSING,obj,MISSING,leftover_source,
51,29,one-to-one,dn_28,hrd_30,suicidal-man,suicidal-man,NULL,NULL,nsubj,nsubj,zero_zero_single,
52,30,one-to-one,dn_29,hrd_31,suicidal-man,suicidal-man,NULL,NULL,nsubj,nsubj,zero_zero_single,
53,31,one-to-one,dn_30,hrd_32,man-with-a-pipe,man-with-a-pipe,NOUN,NOUN,nsubj,nsubj,explicit_full,
54,31,one-to-one,dn_30,hrd_32,man-with-a-pipe,man-with-a-pipe,NULL,NULL,nsubj,nsubj,zero_zero_semantic,0.4645120002780722
55,31,one-to-one,dn_30,hrd_32,man-with-a-pipe,MISSING,PRON-REFLEX,MISSING,obj,MISSING,leftover_source,
56,31,one-to-one,dn_30,hrd_32,man-with-a-pipe,MISSING,PRON-REFLEX,MISSING,obj,MISSING,leftover_source,
57,31,one-to-one,dn_30,hrd_32,MISSING,man-with-a-pipe,MISSING,NULL,MISSING,nsubj,leftover_target,
58,33,one-to-many,dn_32,hrd_34 hrd_35,man-with-a-pipe,man-with-a-pipe,DET,PRON,nmod,nmod,explicit_ref_case,
59,33,one-to-many,dn_32,hrd_34 hrd_35,man-with-a-pipe,man-with-a-pipe,DET,PRON,nmod,nmod,explicit_ref_case,
60,35,one-to-one,dn_34,hrd_37,cart-driver,cart-driver,NOUN,NOUN,nsubj,nsubj,explicit_full,
61,35,one-to-one,dn_34,hrd_37,cart-driver,MISSING,PRON-REFLEX,MISSING,obj,MISSING,leftover_source,
62,36,one-to-one,dn_35,hrd_38,MISSING,cart-driver,MISSING,DET,MISSING,nmod,leftover_target,
63,36,one-to-one,dn_35,hrd_38,crowd-of-men,crowd-of-men,NOUN,NOUN,nsubj,nsubj,explicit_full,
64,36,one-to-one,dn_35,hrd_38,MISSING,crowd-of-men,MISSING,NULL,MISSING,nsubj,leftover_target,
65,37,one-to-one,dn_36,hrd_39,crowd-of-men,MISSING,NULL,MISSING,nsubj,MISSING,leftover_source,
66,39,one-to-one,dn_38,hrd_41,cart-driver,cart-driver,NOUN,NOUN,nsubj,nsubj,explicit_full,
67,39,one-to-one,dn_38,hrd_41,MISSING,cart-driver,MISSING,NULL,MISSING,nsubj,leftover_target,
68,39,one-to-one,dn_38,hrd_41,MISSING,cart-driver,MISSING,NULL,MISSING,nsubj,leftover_target,
69,41,one-to-one,dn_40,hrd_43,man-with-a-pipe,man-with-a-pipe,NOUN,NOUN,nsubj,nsubj,explicit_full,
70,42,one-to-many,dn_41,hrd_44 hrd_45,cart-driver,cart-driver,NOUN,NOUN,nsubj,nsubj,explicit_full,
71,42,one-to-many,dn_41,hrd_44 hrd_45,cart-driver,MISSING,PRON-REFLEX,MISSING,obj,MISSING,leftover_source,
72,42,one-to-many,dn_41,hrd_44 hrd_45,MISSING,cart-driver,MISSING,NULL,MISSING,nsubj,leftover_target,
73,42,one-to-many,dn_41,hrd_44 hrd_45,crowd-of-men,MISSING,PRON,MISSING,nsubj,MISSING,leftover_source,
74,47,one-to-one,dn_46,hrd_50,Giorgio,Giorgio,PROPN,PROPN,vocative,vocative,explicit_full,
75,47,one-to-one,dn_46,hrd_50,Giorgio Ippolita,Giorgio Ippolita,NULL,NULL,nsubj,nsubj,zero_zero_single,
76,48,one-to-many,dn_47,hrd_51 hrd_52,Giorgio,Giorgio,NOUN,NOUN,obj,obj,explicit_full,
77,48,one-to-many,dn_47,hrd_51 hrd_52,Giorgio,MISSING,PRON-REFLEX,MISSING,obj,MISSING,leftover_source,
78,48,one-to-many,dn_47,hrd_51 hrd_52,MISSING,Giorgio,MISSING,PRON,MISSING,nsubj,leftover_target,
79,48,one-to-many,dn_47,hrd_51 hrd_52,MISSING,Giorgio,MISSING,NULL,MISSING,nsubj,leftover_target,
80,48,one-to-many,dn_47,hrd_51 hrd_52,Ippolita,Ippolita,PROPN,PROPN,nsubj,nsubj,explicit_full,
81,48,one-to-many,dn_47,hrd_51 hrd_52,MISSING,Ippolita,MISSING,NULL,MISSING,nsubj,leftover_target,
82,48,one-to-many,dn_47,hrd_51 hrd_52,MISSING,Ippolita,MISSING,NULL,MISSING,nsubj,leftover_target,
83,48,one-to-many,dn_47,hrd_51 hrd_52,crowd-of-men,crowd-of-men,NOUN,NOUN,nmod,obj,explicit_ref_pos,
84,49,one-to-one,dn_48,hrd_53,Giorgio Ippolita,Giorgio Ippolita,NULL,NOUN,nsubj,nsubj,zero_to_tgt_anchor,
85,50,one-to-many,dn_49,hrd_54 hrd_55,Giorgio Ippolita,Giorgio Ippolita,DET,NOUN,obj,obj,explicit_ref_case,
86,50,one-to-many,dn_49,hrd_54 hrd_55,Giorgio Ippolita,MISSING,DET,MISSING,nmod,MISSING,leftover_source,
87,51,one-to-one,dn_50,hrd_56,Giorgio,Giorgio,PRON,PRON,nsubj,nsubj,explicit_full,
88,53,one-to-one,dn_52,hrd_58,Ippolita,Ippolita,PRON,PRON,nsubj,nsubj,explicit_full,
89,55,one-to-one,dn_54,hrd_60,Giorgio Ippolita,Giorgio Ippolita,DET,NOUN,nmod,nmod,explicit_ref_case,
90,56,one-to-one,dn_55,hrd_61,MISSING,Giorgio,MISSING,PRON,MISSING,nsubj,leftover_target,
91,56,one-to-one,dn_55,hrd_61,MISSING,Giorgio,MISSING,NULL,MISSING,nsubj,leftover_target,
92,56,one-to-one,dn_55,hrd_61,Ippolita,MISSING,PRON,MISSING,nsubj,MISSING,leftover_source,
93,59,one-to-one,dn_58,hrd_64,Giorgio,Giorgio,PROPN,PROPN,nsubj,nsubj,explicit_full,
94,59,one-to-one,dn_58,hrd_64,MISSING,Giorgio,MISSING,NULL,MISSING,nsubj,leftover_target,
95,59,one-to-one,dn_58,hrd_64,Ippolita,MISSING,PRON,MISSING,obj,MISSING,leftover_source,
96,60,one-to-one,dn_59,hrd_65,MISSING,Giorgio Ippolita,MISSING,PRON,MISSING,nmod,leftover_target,
97,61,one-to-one,dn_60,hrd_66,MISSING,Giorgio Ippolita,MISSING,NOUN,MISSING,nmod,leftover_target,
98,61,one-to-one,dn_60,hrd_66,Ippolita,Ippolita,PRON,PRON,nsubj,nsubj,explicit_full,
99,62,one-to-one,dn_61,hrd_67,Ippolita,Ippolita,PRON,PRON,obj,nsubj,explicit_ref_pos,
100,62,one-to-one,dn_61,hrd_67,MISSING,Ippolita,MISSING,NULL,MISSING,nsubj,leftover_target,
101,63,one-to-one,dn_62,hrd_68,Giorgio,Giorgio,PRON,PRON,obj,nsubj,explicit_ref_pos,
102,63,one-to-one,dn_62,hrd_68,MISSING,Ippolita,MISSING,NULL,MISSING,nsubj,leftover_target,
103,63,one-to-one,dn_62,hrd_68,MISSING,Ippolita,MISSING,NULL,MISSING,nsubj,leftover_target,
104,64,one-to-one,dn_63,hrd_69,Giorgio,Giorgio,PRON,PRON,nmod,nmod,explicit_full,
105,65,one-to-one,dn_64,hrd_70,Giorgio,Giorgio,PRON,PRON,nsubj,nsubj,explicit_full,
106,65,one-to-one,dn_64,hrd_70,MISSING,Giorgio,MISSING,NULL,MISSING,nsubj,leftover_target,
107,65,one-to-one,dn_64,hrd_70,Ippolita,Ippolita,PRON,PRON,obj,obj,explicit_full,
108,66,one-to-one,dn_65,hrd_71,Giorgio,Giorgio,PRON,PRON,obj,nsubj,explicit_ref_pos,
109,66,one-to-one,dn_65,hrd_71,MISSING,Ippolita,MISSING,NULL,MISSING,nsubj,leftover_target,
110,67,one-to-one,dn_66,hrd_72,Ippolita,Ippolita,NULL,NULL,nsubj,nsubj,zero_zero_single,
111,68,one-to-one,dn_67,hrd_73,Ippolita,Ippolita,PRON,PRON,nsubj,nsubj,explicit_full,
112,68,one-to-one,dn_67,hrd_73,MISSING,Ippolita,MISSING,NULL,MISSING,nsubj,leftover_target,
113,69,one-to-one,dn_68,hrd_74,Ippolita,Ippolita,NULL,NULL,nsubj,nsubj,zero_zero_single,
114,70,one-to-one,dn_69,hrd_75,Ippolita,Ippolita,PRON,PRON,nsubj,nsubj,explicit_full,
115,70,one-to-one,dn_69,hrd_75,Ippolita,Ippolita,NULL,NULL,nsubj,nsubj,zero_zero_single,
116,70,one-to-one,dn_69,hrd_75,MISSING,Ippolita,MISSING,PRON,MISSING,nsubj,leftover_target,
117,71,one-to-one,dn_70,hrd_76,Giorgio,Giorgio,PRON,PRON,nsubj,nsubj,explicit_full,
118,71,one-to-one,dn_70,hrd_76,Giorgio Ippolita,Giorgio Ippolita,PRON,NOUN,nsubj,nsubj,explicit_ref_case,
119,71,one-to-one,dn_70,hrd_76,Giorgio Ippolita,MISSING,PRON-REFLEX,MISSING,obj,MISSING,leftover_source,
120,71,one-to-one,dn_70,hrd_76,MISSING,Giorgio Ippolita,MISSING,NULL,MISSING,nsubj,leftover_target,
121,73,one-to-many,dn_72,hrd_78 hrd_79,Giorgio,Giorgio,PRON,PRON,nsubj,nsubj,explicit_full,
122,73,one-to-many,dn_72,hrd_78 hrd_79,Giorgio,Giorgio,NULL,NULL,nsubj,nsubj,zero_zero_semantic,0.4768045882692938
123,73,one-to-many,dn_72,hrd_78 hrd_79,Giorgio,Giorgio,NULL,NULL,nsubj,nsubj,zero_zero_semantic,0.24740210579532945
124,73,one-to-many,dn_72,hrd_78 hrd_79,MISSING,Giorgio,MISSING,PRON,MISSING,obj,leftover_target,
125,73,one-to-many,dn_72,hrd_78 hrd_79,Ippolita,Ippolita,PRON,PRON,nsubj,nsubj,explicit_full,
126,73,one-to-many,dn_72,hrd_78 hrd_79,Ippolita,Ippolita,PRON,PRON,nsubj,nsubj,explicit_full,
127,73,one-to-many,dn_72,hrd_78 hrd_79,Ippolita,Ippolita,PRON,PRON,obj,nmod,explicit_ref_pos,
128,73,one-to-many,dn_72,hrd_78 hrd_79,Ippolita,MISSING,PRON,MISSING,obj,MISSING,leftover_source,
129,73,one-to-many,dn_72,hrd_78 hrd_79,Ippolita,MISSING,PRON,MISSING,obj,MISSING,leftover_source,
130,75,one-to-one,dn_74,hrd_81,Ippolita,Ippolita,PROPN,PROPN,vocative,vocative,explicit_full,
131,77,one-to-many,dn_76,hrd_83 hrd_84,Ippolita,Ippolita,NOUN,NOUN,nsubj,nsubj,explicit_full,
132,77,one-to-many,dn_76,hrd_83 hrd_84,Ippolita,Ippolita,NULL,NULL,nsubj,nsubj,zero_zero_single,
133,77,one-to-many,dn_76,hrd_83 hrd_84,Ippolita,MISSING,PRON-REFLEX,MISSING,obj,MISSING,leftover_source,
134,78,one-to-one,dn_77,hrd_85,Giorgio,MISSING,PRON,MISSING,obj,MISSING,leftover_source,
135,78,one-to-one,dn_77,hrd_85,Giorgio Ippolita,Giorgio Ippolita,NOUN,NOUN,nsubj,nsubj,explicit_full,
136,78,one-to-one,dn_77,hrd_85,Ippolita,MISSING,PRON,MISSING,obj,MISSING,leftover_source,
137,79,one-to-many,dn_78,hrd_86 hrd_87,Giorgio Ippolita,Giorgio Ippolita,PRON,NOUN,nsubj,obj,explicit_ref_only,
138,79,one-to-many,dn_78,hrd_86 hrd_87,Giorgio Ippolita,Giorgio Ippolita,NULL,NULL,nsubj,nsubj,zero_zero_semantic,0.31869337427551675
139,79,one-to-many,dn_78,hrd_86 hrd_87,Giorgio Ippolita,MISSING,PRON-REFLEX,MISSING,obj,MISSING,leftover_source,
140,79,one-to-many,dn_78,hrd_86 hrd_87,Giorgio Ippolita,MISSING,PRON-REFLEX,MISSING,obj,MISSING,leftover_source,
141,79,one-to-many,dn_78,hrd_86 hrd_87,MISSING,Giorgio Ippolita,MISSING,NULL,MISSING,nsubj,leftover_target,
142,80,one-to-one,dn_79,hrd_88,Giorgio Ippolita,Giorgio Ippolita,PRON,PRON,obj,obj,explicit_full,
143,80,one-to-one,dn_79,hrd_88,Giorgio Ippolita,MISSING,PRON-REFLEX,MISSING,obj,MISSING,leftover_source,
144,80,one-to-one,dn_79,hrd_88,Giorgio Ippolita,MISSING,PRON-REFLEX,MISSING,obj,MISSING,leftover_source,
145,80,one-to-one,dn_79,hrd_88,Giorgio Ippolita,MISSING,PRON-REFLEX,MISSING,obj,MISSING,leftover_source,
146,81,one-to-many,dn_80,hrd_89 hrd_90,Giorgio,Giorgio,PROPN,PROPN,nsubj,nsubj,explicit_full,
147,81,one-to-many,dn_80,hrd_89 hrd_90,MISSING,Giorgio,MISSING,NULL,MISSING,nsubj,leftover_target,
148,81,one-to-many,dn_80,hrd_89 hrd_90,Ippolita,Ippolita,PROPN,PROPN,nsubj,nsubj,explicit_full,
149,81,one-to-many,dn_80,hrd_89 hrd_90,Ippolita,Ippolita,PRON,PRON,obj,obj,explicit_full,
150,81,one-to-many,dn_80,hrd_89 hrd_90,Ippolita,Ippolita,NULL,NULL,nsubj,nsubj,zero_zero_semantic,0.41202822691479396
151,81,one-to-many,dn_80,hrd_89 hrd_90,Ippolita,Ippolita,PRON-REFLEX,PRON,obj,obj,reflex_obj,
152,81,one-to-many,dn_80,hrd_89 hrd_90,Ippolita,MISSING,PRON-REFLEX,MISSING,obj,MISSING,leftover_source,
153,81,one-to-many,dn_80,hrd_89 hrd_90,MISSING,Ippolita,MISSING,NULL,MISSING,nsubj,leftover_target,
154,83,one-to-one,dn_82,hrd_92,Giorgio,Giorgio,PRON,PRON,nsubj,nsubj,explicit_full,
155,84,one-to-one,dn_83,hrd_93,Ippolita,Ippolita,PRON,PRON,nsubj,nsubj,explicit_full,
156,84,one-to-one,dn_83,hrd_93,Ippolita,Ippolita,PRON,NULL,nsubj,nsubj,zero_to_src_anchor,
157,85,one-to-many,dn_84,hrd_94 hrd_95,Giorgio,Giorgio,PRON,PRON,obj,obj,explicit_full,
158,85,one-to-many,dn_84,hrd_94 hrd_95,Giorgio,Giorgio,PRON,PRON,obj,nmod,explicit_ref_pos,
159,85,one-to-many,dn_84,hrd_94 hrd_95,Ippolita,Ippolita,PRON,PRON,nsubj,nsubj,explicit_full,
160,85,one-to-many,dn_84,hrd_94 hrd_95,Ippolita,Ippolita,PRON,NULL,nsubj,nsubj,zero_to_src_anchor,
161,85,one-to-many,dn_84,hrd_94 hrd_95,Ippolita,MISSING,PRON,MISSING,obj,MISSING,leftover_source,
162,85,one-to-many,dn_84,hrd_94 hrd_95,MISSING,Ippolita,MISSING,NULL,MISSING,nsubj,leftover_target,
163,85,one-to-many,dn_84,hrd_94 hrd_95,MISSING,Ippolita,MISSING,NULL,MISSING,nsubj,leftover_target,
164,85,one-to-many,dn_84,hrd_94 hrd_95,MISSING,Ippolita,MISSING,NULL,MISSING,nsubj,leftover_target,
165,86,one-to-many,dn_85,hrd_96 hrd_97 hrd_98,Giorgio,Giorgio,PRON,PRON,obj,obj,explicit_full,
166,86,one-to-many,dn_85,hrd_96 hrd_97 hrd_98,Giorgio,Giorgio,PRON,PRON,nsubj,nmod,explicit_ref_pos,
167,86,one-to-many,dn_85,hrd_96 hrd_97 hrd_98,Ippolita,Ippolita,DET,PRON,nmod,nmod,explicit_ref_case,
168,86,one-to-many,dn_85,hrd_96 hrd_97 hrd_98,Ippolita,Ippolita,NULL,NULL,nsubj,nsubj,zero_zero_semantic,0.23126905179151924
169,86,one-to-many,dn_85,hrd_96 hrd_97 hrd_98,Ippolita,Ippolita,NULL,NULL,nsubj,nsubj,zero_zero_semantic,0.32773317060162943
170,86,one-to-many,dn_85,hrd_96 hrd_97 hrd_98,Ippolita,MISSING,NULL,MISSING,nsubj,MISSING,leftover_source,
171,86,one-to-many,dn_85,hrd_96 hrd_97 hrd_98,Ippolita,MISSING,PRON,MISSING,obj,MISSING,leftover_source,
172,87,one-to-one,dn_86,hrd_99,Giorgio,MISSING,PRON,MISSING,obj,MISSING,leftover_source,
173,87,one-to-one,dn_86,hrd_99,Ippolita,Ippolita,PRON,PRON,nsubj,nsubj,explicit_full,
174,88,one-to-many,dn_87,hrd_100 hrd_101,Giorgio,Giorgio,PRON,PRON,nsubj,nsubj,explicit_full,
175,88,one-to-many,dn_87,hrd_100 hrd_101,Giorgio,Giorgio,PRON,PRON,obj,nmod,explicit_ref_pos,
176,88,one-to-many,dn_87,hrd_100 hrd_101,MISSING,Giorgio,MISSING,NULL,MISSING,nsubj,leftover_target,
177,88,one-to-many,dn_87,hrd_100 hrd_101,Ippolita,Ippolita,DET,NOUN,nmod,obj,explicit_ref_only,
178,89,one-to-many,dn_88,hrd_102 hrd_103,Giorgio,Giorgio,PRON,PRON,nsubj,nsubj,explicit_full,
179,89,one-to-many,dn_88,hrd_102 hrd_103,Giorgio,Giorgio,DET,PRON,nmod,nmod,explicit_ref_case,
180,89,one-to-many,dn_88,hrd_102 hrd_103,Giorgio,Giorgio,DET,PRON,nmod,nmod,explicit_ref_case,
181,89,one-to-many,dn_88,hrd_102 hrd_103,Giorgio,Giorgio,DET,PRON,nmod,nmod,explicit_ref_case,
182,89,one-to-many,dn_88,hrd_102 hrd_103,Giorgio,Giorgio,PRON,NULL,nsubj,nsubj,zero_to_src_anchor,
183,89,one-to-many,dn_88,hrd_102 hrd_103,Giorgio,MISSING,PRON,MISSING,obj,MISSING,leftover_source,
184,89,one-to-many,dn_88,hrd_102 hrd_103,MISSING,Giorgio,MISSING,NULL,MISSING,nsubj,leftover_target,
185,89,one-to-many,dn_88,hrd_102 hrd_103,MISSING,Giorgio,MISSING,NULL,MISSING,nsubj,leftover_target,
186,89,one-to-many,dn_88,hrd_102 hrd_103,MISSING,Ippolita,MISSING,PRON,MISSING,nsubj,leftover_target,
187,90,one-to-one,dn_89,hrd_104,Giorgio,Giorgio,DET,NOUN,nmod,nmod,explicit_ref_case,
188,90,one-to-one,dn_89,hrd_104,MISSING,Giorgio,MISSING,PRON,MISSING,nmod,leftover_target,
189,91,one-to-one,dn_90,hrd_105,Giorgio,Giorgio,PRON,PRON,nsubj,nsubj,explicit_full,
190,91,one-to-one,dn_90,hrd_105,Giorgio,Giorgio,DET,PRON,nmod,nmod,explicit_ref_case,
191,92,one-to-one,dn_91,hrd_106,Giorgio,Giorgio,NULL,PRON,nsubj,nsubj,zero_to_tgt_anchor,
192,93,one-to-many,dn_92,hrd_107 hrd_108,Giorgio,Giorgio,PRON,PRON,nsubj,nsubj,explicit_full,
193,93,one-to-many,dn_92,hrd_107 hrd_108,Ippolita,Ippolita,PRON,PRON,obj,obj,explicit_full,
194,93,one-to-many,dn_92,hrd_107 hrd_108,MISSING,Ippolita,MISSING,NULL,MISSING,nsubj,leftover_target,
195,94,one-to-one,dn_93,hrd_109,Ippolita,Ippolita,PRON,PRON,nsubj,obj,explicit_ref_pos,
196,98,one-to-many,dn_97,hrd_113 hrd_114,Giorgio,Giorgio,PRON,PRON,obj,obj,explicit_full,
197,98,one-to-many,dn_97,hrd_113 hrd_114,Ippolita,Ippolita,PRON,PRON,nsubj,nsubj,explicit_full,
198,100,one-to-one,dn_99,hrd_116,Ippolita,Ippolita,NULL,PRON,nsubj,nsubj,zero_to_tgt_anchor,
199,101,one-to-one,dn_100,hrd_117,Ippolita,Ippolita,PRON,PRON,nsubj,nsubj,explicit_full,
200,102,one-to-one,dn_101,hrd_118,Giorgio,Giorgio,PRON,PRON,nsubj,nsubj,explicit_full,
201,104,one-to-one,dn_103,hrd_120,Giorgio Ippolita,Giorgio Ippolita,NULL,NULL,nsubj,nsubj,zero_zero_semantic,0.3742879959089415
202,104,one-to-one,dn_103,hrd_120,Giorgio Ippolita,Giorgio Ippolita,NULL,NULL,nsubj,nsubj,zero_zero_semantic,0.21192753809946616
203,104,one-to-one,dn_103,hrd_120,MISSING,Giorgio Ippolita,MISSING,NOUN,MISSING,nsubj,leftover_target,
204,105,one-to-one,dn_104,hrd_121,Ippolita,Ippolita,PROPN,NOUN,nsubj,nsubj,explicit_ref_case,
205,105,one-to-one,dn_104,hrd_121,Ippolita,MISSING,PRON-REFLEX,MISSING,obj,MISSING,leftover_source,
206,105,one-to-one,dn_104,hrd_121,MISSING,Ippolita,MISSING,NULL,MISSING,nsubj,leftover_target,
207,108,one-to-one,dn_107,hrd_127,Giorgio,Giorgio,PROPN,PROPN,nsubj,nsubj,explicit_full,
208,108,one-to-one,dn_107,hrd_127,MISSING,Giorgio,MISSING,NULL,MISSING,nsubj,leftover_target,
209,108,one-to-one,dn_107,hrd_127,MISSING,Giorgio,MISSING,NULL,MISSING,nsubj,leftover_target,
210,108,one-to-one,dn_107,hrd_127,Ippolita,Ippolita,NOUN,NOUN,obj,obj,explicit_full,
211,109,one-to-one,dn_108,hrd_128,Giorgio Ippolita,Giorgio Ippolita,PRON,PRON,nsubj,nsubj,explicit_full,
212,110,one-to-one,dn_109,hrd_129,Giorgio,Giorgio,PRON,PRON,nsubj,nsubj,explicit_full,
213,111,one-to-one,dn_110,hrd_130,Ippolita,Ippolita,PROPN,PROPN,nsubj,nsubj,explicit_full,
214,111,one-to-one,dn_110,hrd_130,Ippolita,MISSING,DET,MISSING,nmod,MISSING,leftover_source,
215,112,one-to-one,dn_111,hrd_131,Ippolita,Ippolita,NULL,NULL,nsubj,nsubj,zero_zero_single,
216,113,one-to-one,dn_112,hrd_132,MISSING,Giorgio,MISSING,PRON,MISSING,nsubj,leftover_target,
217,114,one-to-one,dn_113,hrd_133,Giorgio,Giorgio,PROPN,PROPN,obj,nmod,explicit_ref_pos,
218,114,one-to-one,dn_113,hrd_133,Ippolita,Ippolita,NULL,NULL,nsubj,nsubj,zero_zero_single,
219,115,one-to-one,dn_114,hrd_134,Giorgio Ippolita,Giorgio Ippolita,PRON,NOUN,nsubj,obj,explicit_ref_only,
220,115,one-to-one,dn_114,hrd_134,Giorgio Ippolita,MISSING,PRON-REFLEX,MISSING,obj,MISSING,leftover_source,
221,115,one-to-one,dn_114,hrd_134,MISSING,Giorgio Ippolita,MISSING,NULL,MISSING,nsubj,leftover_target,
222,115,one-to-one,dn_114,hrd_134,MISSING,Giorgio Ippolita,MISSING,NULL,MISSING,nsubj,leftover_target,
223,116,one-to-many,dn_115,hrd_135 hrd_136,Giorgio,Giorgio,NOUN,NOUN,nsubj,nsubj,explicit_full,
224,116,one-to-many,dn_115,hrd_135 hrd_136,Ippolita,Ippolita,PRON,PRON,nsubj,nsubj,explicit_full,
225,116,one-to-many,dn_115,hrd_135 hrd_136,Ippolita,Ippolita,PRON,PRON,nsubj,nmod,explicit_ref_pos,
226,116,one-to-many,dn_115,hrd_135 hrd_136,MISSING,Ippolita,MISSING,NULL,MISSING,nsubj,leftover_target,
227,117,one-to-one,dn_116,hrd_137,Giorgio,Giorgio,DET,PRON,nmod,nmod,explicit_ref_case,
228,117,one-to-one,dn_116,hrd_137,Giorgio,Giorgio,PRON,PRON,nsubj,obj,explicit_ref_pos,
229,117,one-to-one,dn_116,hrd_137,Giorgio,MISSING,PRON,MISSING,nsubj,MISSING,leftover_source,
230,117,one-to-one,dn_116,hrd_137,Ippolita,Ippolita,NULL,PRON,nsubj,nsubj,zero_to_tgt_anchor,
231,118,one-to-one,dn_117,hrd_138,Giorgio,Giorgio,NULL,NULL,nsubj,nsubj,zero_zero_single,
232,119,one-to-one,dn_118,hrd_139,Giorgio,Giorgio,PRON,PRON,nsubj,nsubj,explicit_full,
233,120,one-to-many,dn_119,hrd_140 hrd_141,Giorgio,Giorgio,PRON,PRON,nsubj,nsubj,explicit_full,
234,120,one-to-many,dn_119,hrd_140 hrd_141,Giorgio,Giorgio,PRON,PRON,nmod,nmod,explicit_full,
235,120,one-to-many,dn_119,hrd_140 hrd_141,Giorgio,MISSING,PRON-REFLEX,MISSING,obj,MISSING,leftover_source,
236,120,one-to-many,dn_119,hrd_140 hrd_141,Giorgio,MISSING,PRON,MISSING,obj,MISSING,leftover_source,
237,120,one-to-many,dn_119,hrd_140 hrd_141,Giorgio,MISSING,PRON,MISSING,obj,MISSING,leftover_source,
238,120,one-to-many,dn_119,hrd_140 hrd_141,MISSING,Giorgio,MISSING,NULL,MISSING,nsubj,leftover_target,
239,120,one-to-many,dn_119,hrd_140 hrd_141,MISSING,Giorgio,MISSING,NULL,MISSING,nsubj,leftover_target,
240,120,one-to-many,dn_119,hrd_140 hrd_141,MISSING,Giorgio,MISSING,NULL,MISSING,nsubj,leftover_target,
241,121,one-to-one,dn_120,hrd_142,Giorgio,Giorgio,NULL,NULL,nsubj,nsubj,zero_zero_single,
242,122,one-to-one,dn_121,hrd_143,Giorgio,Giorgio,PRON,PRON,obj,nmod,explicit_ref_pos,
243,122,one-to-one,dn_121,hrd_143,Ippolita,Ippolita,PROPN,PROPN,nsubj,nsubj,explicit_full,
244,122,one-to-one,dn_121,hrd_143,Ippolita,Ippolita,DET,PRON,nmod,nmod,explicit_ref_case,
245,122,one-to-one,dn_121,hrd_143,MISSING,Ippolita,MISSING,NULL,MISSING,nsubj,leftover_target,
246,122,one-to-one,dn_121,hrd_143,MISSING,Ippolita,MISSING,NULL,MISSING,nsubj,leftover_target,
247,123,one-to-one,dn_122,hrd_144,Giorgio,Giorgio,NULL,NULL,nsubj,nsubj,zero_zero_single,
248,124,one-to-one,dn_123,hrd_145,Giorgio,Giorgio,PRON,PRON,nsubj,nsubj,explicit_full,
249,125,one-to-one,dn_124,hrd_146,Giorgio,Giorgio,NULL,PRON,nsubj,nsubj,zero_to_tgt_anchor,
250,126,one-to-one,dn_125,hrd_147,Giorgio,Giorgio,DET,PRON,nmod,nmod,explicit_ref_case,
251,127,one-to-one,dn_126,hrd_148,Giorgio,Giorgio,PRON,PRON,nsubj,nsubj,explicit_full,
252,127,one-to-one,dn_126,hrd_148,Giorgio,Giorgio,PRON,PRON,obj,obj,explicit_full,
253,127,one-to-one,dn_126,hrd_148,Giorgio,MISSING,PRON-REFLEX,MISSING,obj,MISSING,leftover_source,
254,127,one-to-one,dn_126,hrd_148,MISSING,Giorgio,MISSING,NULL,MISSING,nsubj,leftover_target,
255,127,one-to-one,dn_126,hrd_148,MISSING,Giorgio,MISSING,PRON,MISSING,nmod,leftover_target,
256,127,one-to-one,dn_126,hrd_148,MISSING,Giorgio,MISSING,NULL,MISSING,nsubj,leftover_target,
257,128,one-to-one,dn_127,hrd_149,Giorgio,Giorgio,DET,PRON,nmod,nmod,explicit_ref_case,
258,128,one-to-one,dn_127,hrd_149,Ippolita,Ippolita,NOUN,NOUN,obj,obj,explicit_full,
259,129,one-to-one,dn_128,hrd_150,Giorgio,Giorgio,PRON,PRON,nsubj,nsubj,explicit_full,
260,129,one-to-one,dn_128,hrd_150,Ippolita,Ippolita,PRON,PRON,obj,obj,explicit_full,
261,130,one-to-one,dn_129,hrd_151,Giorgio,Giorgio,DET,PRON,nmod,nmod,explicit_ref_case,
262,131,one-to-one,dn_130,hrd_152,Giorgio,Giorgio,PRON,PRON,nsubj,nsubj,explicit_full,
263,131,one-to-one,dn_130,hrd_152,Giorgio,MISSING,PRON-REFLEX,MISSING,obj,MISSING,leftover_source,
264,131,one-to-one,dn_130,hrd_152,Ippolita,Ippolita,NOUN,NOUN,obj,obj,explicit_full,
265,132,one-to-one,dn_131,hrd_153,Giorgio,Giorgio,DET,PRON,nmod,nsubj,explicit_ref_only,
266,132,one-to-one,dn_131,hrd_153,MISSING,Giorgio,MISSING,NULL,MISSING,nsubj,leftover_target,
267,133,one-to-one,dn_132,hrd_154,Giorgio,Giorgio,PRON,PRON,nsubj,nsubj,explicit_full,
268,133,one-to-one,dn_132,hrd_154,MISSING,Giorgio,MISSING,NULL,MISSING,nsubj,leftover_target,
269,134,one-to-one,dn_133,hrd_155,Giorgio,Giorgio,PRON,PRON,nsubj,nsubj,explicit_full,
270,134,one-to-one,dn_133,hrd_155,Giorgio,MISSING,PRON,MISSING,obj,MISSING,leftover_source,
271,134,one-to-one,dn_133,hrd_155,Ippolita,Ippolita,PROPN,PROPN,nsubj,nsubj,explicit_full,
272,135,one-to-one,dn_134,hrd_156,Giorgio,Giorgio,PRON,PRON,nsubj,nsubj,explicit_full,
273,135,one-to-one,dn_134,hrd_156,Giorgio,Giorgio,PROPN,PROPN,vocative,vocative,explicit_full,
274,135,one-to-one,dn_134,hrd_156,Giorgio,Giorgio,PRON,PRON,obj,nsubj,explicit_ref_pos,
275,135,one-to-one,dn_134,hrd_156,Ippolita,Ippolita,PRON,PRON,nsubj,nsubj,explicit_full,
276,136,one-to-one,dn_135,hrd_157,Ippolita,Ippolita,NULL,NULL,nsubj,nsubj,zero_zero_single,
277,137,one-to-one,dn_136,hrd_158,Giorgio,Giorgio,PRON,PRON,nsubj,nsubj,explicit_full,
278,137,one-to-one,dn_136,hrd_158,Giorgio,Giorgio,PRON,PRON,obj,obj,explicit_full,
279,137,one-to-one,dn_136,hrd_158,Ippolita,Ippolita,PRON,PRON,nsubj,nsubj,explicit_full,
280,138,one-to-one,dn_137,hrd_159,Giorgio,Giorgio,PRON,PRON,nsubj,nsubj,explicit_full,
281,139,one-to-one,dn_138,hrd_160,Giorgio,MISSING,PRON,MISSING,obj,MISSING,leftover_source,
282,139,one-to-one,dn_138,hrd_160,Giorgio,MISSING,DET,MISSING,nmod,MISSING,leftover_source,
283,139,one-to-one,dn_138,hrd_160,Ippolita,Ippolita,PRON,PRON,nsubj,nmod,explicit_ref_pos,
284,139,one-to-one,dn_138,hrd_160,Ippolita,Ippolita,NULL,NULL,nsubj,nsubj,zero_zero_single,
285,140,one-to-one,dn_139,hrd_161,Giorgio,Giorgio,DET,PRON,nmod,nmod,explicit_ref_case,
286,140,one-to-one,dn_139,hrd_161,Giorgio,MISSING,PRON,MISSING,obj,MISSING,leftover_source,
287,140,one-to-one,dn_139,hrd_161,Ippolita,Ippolita,PRON,PRON,nsubj,nsubj,explicit_full,
288,140,one-to-one,dn_139,hrd_161,Ippolita,Ippolita,NULL,NULL,nsubj,nsubj,zero_zero_single,
289,141,one-to-one,dn_140,hrd_162,Giorgio,Giorgio,PRON,PRON,nsubj,nsubj,explicit_full,
290,141,one-to-one,dn_140,hrd_162,Ippolita,Ippolita,PRON,PRON,obj,nmod,explicit_ref_pos,
291,144,one-to-one,dn_143,hrd_165,Giorgio,Giorgio,PRON,PRON,nsubj,nsubj,explicit_full,
292,144,one-to-one,dn_143,hrd_165,Giorgio,Giorgio,PRON,NULL,nsubj,nsubj,zero_to_src_anchor,
293,145,one-to-one,dn_144,hrd_166,Giorgio,Giorgio,PRON,PRON,obj,obj,explicit_full,
294,145,one-to-one,dn_144,hrd_166,Ippolita,Ippolita,PRON,PRON,nsubj,nsubj,explicit_full,
295,146,one-to-many,dn_145,hrd_167 hrd_168,Giorgio,Giorgio,PRON,PRON,obj,nmod,explicit_ref_pos,
296,146,one-to-many,dn_145,hrd_167 hrd_168,Giorgio,Giorgio,PRON,PRON,obj,nsubj,explicit_ref_pos,
297,146,one-to-many,dn_145,hrd_167 hrd_168,MISSING,Giorgio,MISSING,NULL,MISSING,nsubj,leftover_target,
298,146,one-to-many,dn_145,hrd_167 hrd_168,Ippolita,Ippolita,PRON,PRON,nsubj,nsubj,explicit_full,
299,146,one-to-many,dn_145,hrd_167 hrd_168,Ippolita,Ippolita,PRON,PRON,obj,nmod,explicit_ref_pos,
300,147,one-to-one,dn_146,hrd_169,Giorgio,Giorgio,PRON,PRON,nsubj,nsubj,explicit_full,
301,147,one-to-one,dn_146,hrd_169,Ippolita,Ippolita,DET,PRON,nmod,nmod,explicit_ref_case,
302,147,one-to-one,dn_146,hrd_169,Ippolita,MISSING,DET,MISSING,nmod,MISSING,leftover_source,
303,147,one-to-one,dn_146,hrd_169,Ippolita,MISSING,DET,MISSING,nmod,MISSING,leftover_source,
304,150,one-to-one,dn_149,hrd_172,Giorgio,Giorgio,PRON,PRON,obj,obj,explicit_full,
305,150,one-to-one,dn_149,hrd_172,Ippolita,Ippolita,PRON,PRON,nsubj,nsubj,explicit_full,
306,151,one-to-many,dn_150,hrd_173 hrd_174,Giorgio Ippolita,Giorgio Ippolita,PRON,PRON,nsubj,nsubj,explicit_full,
307,151,one-to-many,dn_150,hrd_173 hrd_174,MISSING,Giorgio Ippolita,MISSING,NOUN,MISSING,pred,leftover_target,
308,151,one-to-many,dn_150,hrd_173 hrd_174,MISSING,Giorgio Ippolita,MISSING,NOUN,MISSING,pred,leftover_target,
309,151,one-to-many,dn_150,hrd_173 hrd_174,MISSING,Giorgio Ippolita,MISSING,NOUN,MISSING,pred,leftover_target,
310,151,one-to-many,dn_150,hrd_173 hrd_174,MISSING,Giorgio Ippolita,MISSING,NULL,MISSING,nsubj,leftover_target,
311,152,one-to-many,dn_151,hrd_175 hrd_176,Giorgio,Giorgio,PRON,PRON,nsubj,nsubj,explicit_full,
312,152,one-to-many,dn_151,hrd_175 hrd_176,Giorgio,Giorgio,DET,PRON,nmod,nmod,explicit_ref_case,
313,152,one-to-many,dn_151,hrd_175 hrd_176,Ippolita,Ippolita,DET,DET,nmod,nmod,explicit_full,
314,152,one-to-many,dn_151,hrd_175 hrd_176,MISSING,Ippolita,MISSING,PRON,MISSING,nmod,leftover_target,
315,153,one-to-many,dn_152,hrd_177 hrd_178,Giorgio,Giorgio,DET,PRON,nmod,nmod,explicit_ref_case,
316,153,one-to-many,dn_152,hrd_177 hrd_178,Giorgio,Giorgio,DET,PRON,nmod,nmod,explicit_ref_case,
317,153,one-to-many,dn_152,hrd_177 hrd_178,Giorgio,Giorgio,NULL,NULL,nsubj,nsubj,zero_zero_single,
318,153,one-to-many,dn_152,hrd_177 hrd_178,Ippolita,Ippolita,PRON,PRON,obj,obj,explicit_full,
319,153,one-to-many,dn_152,hrd_177 hrd_178,Ippolita,Ippolita,PRON,PRON,obj,nmod,explicit_ref_pos,
320,154,one-to-many,dn_153,hrd_179 hrd_180 hrd_181,Giorgio,Giorgio,PRON,PRON,nsubj,nsubj,explicit_full,
321,154,one-to-many,dn_153,hrd_179 hrd_180 hrd_181,Ippolita,Ippolita,PRON,PRON,obj,obj,explicit_full,
322,154,one-to-many,dn_153,hrd_179 hrd_180 hrd_181,Ippolita,Ippolita,DET,PRON,nmod,nmod,explicit_ref_case,
323,155,one-to-one,dn_154,hrd_182,Giorgio,Giorgio,PRON,PRON,nsubj,nsubj,explicit_full,
324,155,one-to-one,dn_154,hrd_182,Ippolita,Ippolita,DET,PRON,nmod,nmod,explicit_ref_case,
325,156,one-to-one,dn_155,hrd_183,Giorgio,Giorgio,PRON,PRON,nsubj,nsubj,explicit_full,
326,157,one-to-many,dn_156,hrd_184 hrd_185 hrd_186 hrd_187 hrd_188 hrd_189,Giorgio,Giorgio,PRON,PRON,obj,obj,explicit_full,
327,157,one-to-many,dn_156,hrd_184 hrd_185 hrd_186 hrd_187 hrd_188 hrd_189,Giorgio,Giorgio,NULL,NULL,nsubj,nsubj,zero_zero_semantic,0.1717639110408542
328,157,one-to-many,dn_156,hrd_184 hrd_185 hrd_186 hrd_187 hrd_188 hrd_189,Giorgio,Giorgio,NULL,NULL,nsubj,nsubj,zero_zero_semantic,0.24958857473199347
329,157,one-to-many,dn_156,hrd_184 hrd_185 hrd_186 hrd_187 hrd_188 hrd_189,Giorgio,Giorgio,NULL,NULL,nsubj,nsubj,zero_zero_semantic,0.1245673098342053
330,157,one-to-many,dn_156,hrd_184 hrd_185 hrd_186 hrd_187 hrd_188 hrd_189,Giorgio,Giorgio,NULL,NULL,nsubj,nsubj,zero_zero_semantic,0.1599446487552324
331,157,one-to-many,dn_156,hrd_184 hrd_185 hrd_186 hrd_187 hrd_188 hrd_189,Giorgio,Giorgio,NULL,PRON,nsubj,nsubj,zero_to_tgt_anchor,
332,157,one-to-many,dn_156,hrd_184 hrd_185 hrd_186 hrd_187 hrd_188 hrd_189,Giorgio,Giorgio,NULL,PRON,nsubj,nsubj,zero_to_tgt_anchor,
333,157,one-to-many,dn_156,hrd_184 hrd_185 hrd_186 hrd_187 hrd_188 hrd_189,Giorgio,Giorgio,PRON-REFLEX,PRON,obj,obj,reflex_obj,
334,157,one-to-many,dn_156,hrd_184 hrd_185 hrd_186 hrd_187 hrd_188 hrd_189,Giorgio,MISSING,PRON-REFLEX,MISSING,obj,MISSING,leftover_source,
335,157,one-to-many,dn_156,hrd_184 hrd_185 hrd_186 hrd_187 hrd_188 hrd_189,Ippolita,Ippolita,PRON,PRON,obj,obj,explicit_full,
336,157,one-to-many,dn_156,hrd_184 hrd_185 hrd_186 hrd_187 hrd_188 hrd_189,Ippolita,Ippolita,PRON,PRON,obj,obj,explicit_full,
337,157,one-to-many,dn_156,hrd_184 hrd_185 hrd_186 hrd_187 hrd_188 hrd_189,Ippolita,Ippolita,DET,PRON,nmod,nmod,explicit_ref_case,
338,157,one-to-many,dn_156,hrd_184 hrd_185 hrd_186 hrd_187 hrd_188 hrd_189,Ippolita,Ippolita,PRON,PRON,obj,nsubj,explicit_ref_pos,
339,157,one-to-many,dn_156,hrd_184 hrd_185 hrd_186 hrd_187 hrd_188 hrd_189,Ippolita,Ippolita,PRON,PRON,obj,nmod,explicit_ref_pos,
340,158,one-to-one,dn_157,hrd_190,Giorgio,Giorgio,PRON,PRON,obj,obj,explicit_full,
341,159,one-to-one,dn_158,hrd_191,Giorgio,Giorgio,PRON,PRON,nsubj,nsubj,explicit_full,
342,159,one-to-one,dn_158,hrd_191,Ippolita,Ippolita,PRON,PRON,obj,nmod,explicit_ref_pos,
343,159,one-to-one,dn_158,hrd_191,MISSING,Ippolita,MISSING,PRON,MISSING,nsubj,leftover_target,
344,160,one-to-one,dn_159,hrd_192,Giorgio,Giorgio,DET,PRON,nmod,nmod,explicit_ref_case,
345,160,one-to-one,dn_159,hrd_192,Giorgio,MISSING,PRON,MISSING,nsubj,MISSING,leftover_source,
346,160,one-to-one,dn_159,hrd_192,Ippolita,Ippolita,PRON,PRON,obj,obj,explicit_full,
347,160,one-to-one,dn_159,hrd_192,MISSING,Ippolita,MISSING,NULL,MISSING,nsubj,leftover_target,
348,161,one-to-one,dn_160,hrd_193,Giorgio,Giorgio,PRON,PRON,obj,nmod,explicit_ref_pos,
349,161,one-to-one,dn_160,hrd_193,Giorgio,Giorgio,PRON,PRON,obj,nmod,explicit_ref_pos,
350,161,one-to-one,dn_160,hrd_193,Giorgio,MISSING,NULL,MISSING,nsubj,MISSING,leftover_source,
351,161,one-to-one,dn_160,hrd_193,Ippolita,Ippolita,PRON,PRON,obj,obj,explicit_full,
352,161,one-to-one,dn_160,hrd_193,MISSING,Ippolita,MISSING,PRON,MISSING,nmod,leftover_target,
353,162,one-to-many,dn_161,hrd_194 hrd_195 hrd_196,Giorgio,Giorgio,PRON,PRON,obj,obj,explicit_full,
354,162,one-to-many,dn_161,hrd_194 hrd_195 hrd_196,Ippolita,Ippolita,PRON,PRON,nsubj,nsubj,explicit_full,
355,162,one-to-many,dn_161,hrd_194 hrd_195 hrd_196,Ippolita,Ippolita,PRON,PRON,obj,nsubj,explicit_ref_pos,
356,162,one-to-many,dn_161,hrd_194 hrd_195 hrd_196,Ippolita,Ippolita,NULL,NULL,nsubj,nsubj,zero_zero_semantic,0.3523028329702524
357,162,one-to-many,dn_161,hrd_194 hrd_195 hrd_196,Ippolita,MISSING,NULL,MISSING,nsubj,MISSING,leftover_source,
358,163,one-to-one,dn_162,hrd_197,Giorgio,Giorgio,PRON,PRON,nsubj,nsubj,explicit_full,
359,165,one-to-one,dn_164,hrd_199,Giorgio,Giorgio,PRON,PRON,obj,obj,explicit_full,
360,165,one-to-one,dn_164,hrd_199,Giorgio,MISSING,PRON,MISSING,obj,MISSING,leftover_source,
361,165,one-to-one,dn_164,hrd_199,MISSING,Giorgio,MISSING,NULL,MISSING,nsubj,leftover_target,
362,165,one-to-one,dn_164,hrd_199,Ippolita,Ippolita,PRON,PRON,nsubj,nsubj,explicit_full,
363,165,one-to-one,dn_164,hrd_199,Ippolita,MISSING,NULL,MISSING,nsubj,MISSING,leftover_source,
364,165,one-to-one,dn_164,hrd_199,MISSING,Ippolita,MISSING,PRON,MISSING,obj,leftover_target,
365,166,one-to-many,dn_165,hrd_200 hrd_201 hrd_202,Giorgio,Giorgio,PRON,PRON,nsubj,nsubj,explicit_full,
366,166,one-to-many,dn_165,hrd_200 hrd_201 hrd_202,Giorgio,Giorgio,NULL,NULL,nsubj,nsubj,zero_zero_semantic,0.48523657595219494
367,166,one-to-many,dn_165,hrd_200 hrd_201 hrd_202,Giorgio,Giorgio,NULL,NULL,nsubj,nsubj,zero_zero_semantic,0.4009336922676991
368,166,one-to-many,dn_165,hrd_200 hrd_201 hrd_202,Giorgio,Giorgio,NULL,NULL,nsubj,nsubj,zero_zero_semantic,0.31043019440528036
369,166,one-to-many,dn_165,hrd_200 hrd_201 hrd_202,Giorgio,Giorgio,NULL,NULL,nsubj,nsubj,zero_zero_semantic,0.2828335731368118
370,166,one-to-many,dn_165,hrd_200 hrd_201 hrd_202,Giorgio,MISSING,PRON-REFLEX,MISSING,obj,MISSING,leftover_source,
371,166,one-to-many,dn_165,hrd_200 hrd_201 hrd_202,MISSING,Giorgio,MISSING,NULL,MISSING,nsubj,leftover_target,
372,166,one-to-many,dn_165,hrd_200 hrd_201 hrd_202,Ippolita,Ippolita,DET,PRON,nmod,nmod,explicit_ref_case,
373,166,one-to-many,dn_165,hrd_200 hrd_201 hrd_202,Ippolita,MISSING,PRON,MISSING,obj,MISSING,leftover_source,
374,167,one-to-many,dn_166,hrd_203 hrd_204,Giorgio Ippolita,Giorgio Ippolita,PRON,PRON,obj,nmod,explicit_ref_pos,
375,168,one-to-one,dn_167,hrd_205,Giorgio,Giorgio,PRON,PRON,nsubj,nsubj,explicit_full,
376,168,one-to-one,dn_167,hrd_205,Ippolita,Ippolita,PRON,PRON,obj,obj,explicit_full,
377,169,one-to-many,dn_168,hrd_206 hrd_207,Ippolita,Ippolita,NULL,NULL,nsubj,nsubj,zero_zero_single,
378,170,one-to-one,dn_169,hrd_208,Giorgio,Giorgio,PRON,PRON,obj,obj,explicit_full,
379,170,one-to-one,dn_169,hrd_208,Ippolita,Ippolita,PRON,PRON,nsubj,nsubj,explicit_full,
380,171,one-to-many,dn_170,hrd_209 hrd_210,Giorgio,Giorgio,NULL,PRON,nsubj,nsubj,zero_to_tgt_anchor,
381,172,one-to-one,dn_171,hrd_211,Giorgio,Giorgio,PRON,PRON,nsubj,nsubj,explicit_full,
382,172,one-to-one,dn_171,hrd_211,Giorgio,Giorgio,DET,PRON,nmod,nmod,explicit_ref_case,
383,172,one-to-one,dn_171,hrd_211,Ippolita,Ippolita,DET,PRON,nmod,nmod,explicit_ref_case,
384,172,one-to-one,dn_171,hrd_211,Ippolita,Ippolita,PRON,PRON,nsubj,obj,explicit_ref_pos,
385,174,one-to-one,dn_173,hrd_213,Giorgio,Giorgio,PRON,PRON,nsubj,obj,explicit_ref_pos,
386,174,one-to-one,dn_173,hrd_213,Giorgio,Giorgio,NULL,NULL,nsubj,nsubj,zero_zero_semantic,0.31616292006912683
387,174,one-to-one,dn_173,hrd_213,Giorgio,Giorgio,NULL,NULL,nsubj,nsubj,zero_zero_semantic,0.30023957505112603
388,174,one-to-one,dn_173,hrd_213,Giorgio,MISSING,PRON-REFLEX,MISSING,obj,MISSING,leftover_source,
389,174,one-to-one,dn_173,hrd_213,MISSING,Giorgio,MISSING,NULL,MISSING,nsubj,leftover_target,
390,174,one-to-one,dn_173,hrd_213,MISSING,Giorgio,MISSING,PRON,MISSING,nmod,leftover_target,
391,174,one-to-one,dn_173,hrd_213,MISSING,Giorgio,MISSING,NULL,MISSING,nsubj,leftover_target,
392,174,one-to-one,dn_173,hrd_213,Ippolita,Ippolita,PRON,PRON,nmod,nmod,explicit_full,
393,174,one-to-one,dn_173,hrd_213,Ippolita,Ippolita,PRON,PRON,obj,obj,explicit_full,
394,174,one-to-one,dn_173,hrd_213,Ippolita,Ippolita,PRON,PRON,obj,obj,explicit_full,
395,174,one-to-one,dn_173,hrd_213,Ippolita,MISSING,DET,MISSING,nmod,MISSING,leftover_source,
396,177,one-to-one,dn_176,hrd_216,Ippolita,Ippolita,PROPN,PROPN,nsubj,nsubj,explicit_full,
397,178,one-to-one,dn_177,hrd_217,Ippolita,Ippolita,PRON,PRON,nsubj,nsubj,explicit_full,
398,179,one-to-one,dn_178,hrd_218,Ippolita,Ippolita,PRON,PRON,nsubj,nsubj,explicit_full,
399,180,one-to-one,dn_179,hrd_219,Ippolita,Ippolita,NULL,NULL,nsubj,nsubj,zero_zero_single,
400,180,one-to-one,dn_179,hrd_219,MISSING,Ippolita,MISSING,PRON,MISSING,nsubj,leftover_target,
401,181,one-to-one,dn_180,hrd_220,Giorgio,Giorgio,NOUN,NOUN,obj,obj,explicit_full,
402,182,one-to-one,dn_181,hrd_221,Ippolita,Ippolita,PROPN,PROPN,nsubj,nsubj,explicit_full,
403,183,one-to-one,dn_182,hrd_222,Giorgio,Giorgio,PRON,PRON,nsubj,nsubj,explicit_full,
404,184,one-to-one,dn_183,hrd_223,Giorgio,Giorgio,PRON,PRON,nsubj,nsubj,explicit_full,
405,184,one-to-one,dn_183,hrd_223,Giorgio,Giorgio,DET,PRON,nmod,nmod,explicit_ref_case,
406,184,one-to-one,dn_183,hrd_223,MISSING,Giorgio,MISSING,NULL,MISSING,nsubj,leftover_target,
407,185,one-to-many,dn_184,hrd_224 hrd_225,Giorgio,Giorgio,PRON,PRON,obj,obj,explicit_full,
408,185,one-to-many,dn_184,hrd_224 hrd_225,Giorgio,Giorgio,DET,PRON,nmod,nmod,explicit_ref_case,
409,185,one-to-many,dn_184,hrd_224 hrd_225,Giorgio,Giorgio,PRON,PRON,obj,nmod,explicit_ref_pos,
410,185,one-to-many,dn_184,hrd_224 hrd_225,Ippolita,Ippolita,PRON,PRON,nsubj,nsubj,explicit_full,
411,185,one-to-many,dn_184,hrd_224 hrd_225,Ippolita,Ippolita,PRON,PRON,nsubj,nsubj,explicit_full,
412,186,one-to-one,dn_185,hrd_226,Giorgio,Giorgio,PRON,PRON,nsubj,nsubj,explicit_full,
413,186,one-to-one,dn_185,hrd_226,Giorgio,Giorgio,DET,PRON,nmod,nmod,explicit_ref_case,
414,187,one-to-many,dn_186,hrd_227 hrd_228,Giorgio,Giorgio,NULL,NULL,nsubj,nsubj,zero_zero_semantic,0.15073444810890668
415,187,one-to-many,dn_186,hrd_227 hrd_228,Giorgio,Giorgio,NULL,PRON,nsubj,nsubj,zero_to_tgt_anchor,
416,188,one-to-one,dn_187,hrd_229,Giorgio,Giorgio,PRON,PRON,nsubj,nsubj,explicit_full,
417,188,one-to-one,dn_187,hrd_229,MISSING,Ippolita,MISSING,NULL,MISSING,nsubj,leftover_target,
418,189,one-to-one,dn_188,hrd_230,Giorgio,Giorgio,PRON,PRON,nsubj,nsubj,explicit_full,
419,189,one-to-one,dn_188,hrd_230,MISSING,Giorgio,MISSING,NULL,MISSING,nsubj,leftover_target,
420,190,one-to-one,dn_189,hrd_231,Ippolita,Ippolita,PRON,PRON,nsubj,nsubj,explicit_full,
421,190,one-to-one,dn_189,hrd_231,Ippolita,Ippolita,NULL,NULL,nsubj,nsubj,zero_zero_semantic,0.4032859140179742
422,190,one-to-one,dn_189,hrd_231,MISSING,Ippolita,MISSING,NULL,MISSING,nsubj,leftover_target,
423,192,one-to-one,dn_191,hrd_233,Ippolita,Ippolita,NULL,NULL,nsubj,nsubj,zero_zero_semantic,0.22394193708896637
424,192,one-to-one,dn_191,hrd_233,Ippolita,Ippolita,NULL,NULL,nsubj,nsubj,zero_zero_semantic,0.23369330454331178
425,192,one-to-one,dn_191,hrd_233,Ippolita,MISSING,PRON-REFLEX,MISSING,obj,MISSING,leftover_source,
426,193,one-to-one,dn_192,hrd_234,Ippolita,MISSING,PRON,MISSING,obj,MISSING,leftover_source,
427,194,one-to-one,dn_193,hrd_235,Giorgio,Giorgio,PROPN,PROPN,nsubj,nsubj,explicit_full,
428,194,one-to-one,dn_193,hrd_235,Ippolita,Ippolita,PRON,PRON,nsubj,nsubj,explicit_full,
429,194,one-to-one,dn_193,hrd_235,Ippolita,MISSING,PRON-REFLEX,MISSING,obj,MISSING,leftover_source,
430,194,one-to-one,dn_193,hrd_235,MISSING,Ippolita,MISSING,NULL,MISSING,nsubj,leftover_target,
431,195,one-to-one,dn_194,hrd_236,Giorgio,Giorgio,NOUN,NOUN,obj,nmod,explicit_ref_pos,
432,195,one-to-one,dn_194,hrd_236,Ippolita,Ippolita,PRON,PRON,nsubj,nsubj,explicit_full,
433,195,one-to-one,dn_194,hrd_236,MISSING,Ippolita,MISSING,NULL,MISSING,nsubj,leftover_target,
434,196,one-to-one,dn_195,hrd_237,Giorgio,Giorgio,NULL,NULL,nsubj,nsubj,zero_zero_single,
435,197,one-to-one,dn_196,hrd_238,Ippolita,Ippolita,PRON,PRON,nsubj,nsubj,explicit_full,
436,197,one-to-one,dn_196,hrd_238,MISSING,Ippolita,MISSING,NULL,MISSING,nsubj,leftover_target,
437,198,one-to-one,dn_197,hrd_239,Giorgio,Giorgio,PRON,PRON,nsubj,nsubj,explicit_full,
438,198,one-to-one,dn_197,hrd_239,Ippolita,Ippolita,PRON,PRON,obj,obj,explicit_full,
439,199,one-to-one,dn_198,hrd_240,Giorgio,Giorgio,PRON,PRON,nsubj,nsubj,explicit_full,
440,200,one-to-one,dn_199,hrd_241,Giorgio Ippolita,Giorgio Ippolita,PRON,NOUN,nsubj,nsubj,explicit_ref_case,
441,200,one-to-one,dn_199,hrd_241,Giorgio Ippolita,Giorgio Ippolita,NULL,NULL,nsubj,nsubj,zero_zero_single,
442,201,one-to-many,dn_200,hrd_242 hrd_243,MISSING,prelate,MISSING,NOUN,MISSING,nmod,leftover_target,
443,205,one-to-one,dn_204,hrd_247,Giorgio,Giorgio,PROPN,PROPN,nsubj,nsubj,explicit_full,
444,206,one-to-one,dn_205,hrd_248,Giorgio,Giorgio,PRON,PRON,obj,obj,explicit_full,
445,206,one-to-one,dn_205,hrd_248,Ippolita,Ippolita,PRON,PRON,nsubj,nsubj,explicit_full,
446,207,one-to-one,dn_206,hrd_249,Ippolita,Ippolita,NULL,NULL,nsubj,nsubj,zero_zero_single,
447,208,one-to-one,dn_207,hrd_250,Giorgio,Giorgio,PRON,PRON,nsubj,nsubj,explicit_full,
448,208,one-to-one,dn_207,hrd_250,Ippolita,Ippolita,PRON,PRON,nsubj,nsubj,explicit_full,
449,210,one-to-one,dn_209,hrd_252,Giorgio,Giorgio,PRON,PRON,obj,nmod,explicit_ref_pos,
450,211,one-to-one,dn_210,hrd_253,Giorgio,Giorgio,PRON,PRON,nsubj,nsubj,explicit_full,
451,211,one-to-one,dn_210,hrd_253,Giorgio,Giorgio,PRON,PRON,obj,nmod,explicit_ref_pos,
452,212,one-to-one,dn_211,hrd_254,Giorgio,Giorgio,NULL,PRON,nsubj,nsubj,zero_to_tgt_anchor,
453,213,one-to-one,dn_212,hrd_255,MISSING,Giorgio,MISSING,NULL,MISSING,nsubj,leftover_target,
454,215,one-to-one,dn_214,hrd_257,Ippolita,Ippolita,DET,PRON,nmod,nmod,explicit_ref_case,
455,216,one-to-one,dn_215,hrd_258,Giorgio,Giorgio,PRON,PRON,nsubj,nsubj,explicit_full,
456,216,one-to-one,dn_215,hrd_258,Ippolita,Ippolita,PRON,PRON,obj,obj,explicit_full,
457,217,one-to-one,dn_216,hrd_259,Ippolita,Ippolita,NULL,NULL,nsubj,nsubj,zero_zero_single,
458,218,one-to-one,dn_217,hrd_260,Ippolita,Ippolita,NULL,NULL,nsubj,nsubj,zero_zero_single,
459,219,one-to-one,dn_218,hrd_261,Giorgio,Giorgio,PRON,PRON,obj,nmod,explicit_ref_pos,
460,219,one-to-one,dn_218,hrd_261,Ippolita,Ippolita,NULL,NULL,nsubj,nsubj,zero_zero_semantic,0.22371689986431975
461,219,one-to-one,dn_218,hrd_261,MISSING,Ippolita,MISSING,NULL,MISSING,nsubj,leftover_target,
462,220,one-to-one,dn_219,hrd_262,Giorgio,MISSING,PRON,MISSING,obj,MISSING,leftover_source,
463,220,one-to-one,dn_219,hrd_262,Ippolita,Ippolita,PRON,PRON,nsubj,nmod,explicit_ref_pos,
464,220,one-to-one,dn_219,hrd_262,Ippolita,MISSING,PRON-REFLEX,MISSING,obj,MISSING,leftover_source,
465,220,one-to-one,dn_219,hrd_262,Ippolita,MISSING,NULL,MISSING,nsubj,MISSING,leftover_source,
466,221,one-to-one,dn_220,hrd_263,Giorgio,Giorgio,NULL,PRON,nsubj,nsubj,zero_to_tgt_anchor,
467,221,one-to-one,dn_220,hrd_263,Giorgio,MISSING,PRON-REFLEX,MISSING,obj,MISSING,leftover_source,
468,221,one-to-one,dn_220,hrd_263,Ippolita,Ippolita,PRON,PRON,nsubj,nsubj,explicit_full,
469,221,one-to-one,dn_220,hrd_263,Ippolita,Ippolita,DET,DET,nmod,nmod,explicit_full,
470,223,one-to-one,dn_222,hrd_265,Giorgio,Giorgio,DET,PRON,nmod,nmod,explicit_ref_case,
471,224,one-to-one,dn_223,hrd_266,Giorgio,Giorgio,NULL,NULL,nsubj,nsubj,zero_zero_single,
472,224,one-to-one,dn_223,hrd_266,MISSING,Giorgio,MISSING,PRON,MISSING,nsubj,leftover_target,
473,224,one-to-one,dn_223,hrd_266,Ippolita,Ippolita,NOUN,NOUN,nmod,nmod,explicit_full,
474,225,one-to-many,dn_224,hrd_267 hrd_268,Ippolita,Ippolita,PRON,PRON,nsubj,nsubj,explicit_full,
475,225,one-to-many,dn_224,hrd_267 hrd_268,MISSING,Ippolita,MISSING,DET,MISSING,nmod,leftover_target,
476,226,one-to-one,dn_225,hrd_269,Ippolita,Ippolita,NULL,NULL,nsubj,nsubj,zero_zero_single,
477,227,one-to-one,dn_226,hrd_270,Ippolita,Ippolita,DET,PRON,nmod,nmod,explicit_ref_case,
478,228,one-to-one,dn_227,hrd_271,Ippolita,Ippolita,PRON,PRON,nmod,nmod,explicit_full,
479,229,one-to-many,dn_228,hrd_272 hrd_273,Giorgio,Giorgio,PRON,PRON,obj,obj,explicit_full,
480,229,one-to-many,dn_228,hrd_272 hrd_273,Giorgio,Giorgio,PRON,PRON,obj,obj,explicit_full,
481,229,one-to-many,dn_228,hrd_272 hrd_273,Ippolita,Ippolita,DET,PRON,nmod,nmod,explicit_ref_case,
482,230,one-to-one,dn_229,hrd_274,Ippolita,Ippolita,DET,PRON,nmod,nmod,explicit_ref_case,
483,231,one-to-one,dn_230,hrd_275,Giorgio,Giorgio,NULL,NULL,nsubj,nsubj,zero_zero_single,
484,231,one-to-one,dn_230,hrd_275,MISSING,Giorgio,MISSING,PRON,MISSING,nsubj,leftover_target,
485,232,one-to-one,dn_231,hrd_276,Ippolita,Ippolita,NULL,NULL,nsubj,nsubj,zero_zero_single,
486,233,one-to-one,dn_232,hrd_277,Giorgio,Giorgio,PRON,PRON,nsubj,nsubj,explicit_full,
487,233,one-to-one,dn_232,hrd_277,MISSING,Giorgio,MISSING,NULL,MISSING,nsubj,leftover_target,
488,233,one-to-one,dn_232,hrd_277,Ippolita,Ippolita,PRON,PRON,obj,obj,explicit_full,
489,234,one-to-one,dn_233,hrd_278,Giorgio,MISSING,PRON,MISSING,obj,MISSING,leftover_source,
490,234,one-to-one,dn_233,hrd_278,Ippolita,Ippolita,DET,PRON,nmod,nmod,explicit_ref_case,
491,235,one-to-one,dn_234,hrd_279,Ippolita,Ippolita,PRON,PRON,nsubj,obj,explicit_ref_pos,
492,238,one-to-one,dn_237,hrd_282,Giorgio,Giorgio,PRON,PRON,obj,nmod,explicit_ref_pos,
493,239,one-to-one,dn_238,hrd_283,Giorgio,Giorgio,PRON,PRON,obj,obj,explicit_full,
494,239,one-to-one,dn_238,hrd_283,Ippolita,Ippolita,PRON,PRON,nsubj,nsubj,explicit_full,
495,240,many-to-one,dn_239 dn_240,hrd_284,Giorgio,Giorgio,PRON,PRON,obj,obj,explicit_full,
496,240,many-to-one,dn_239 dn_240,hrd_284,Giorgio,Giorgio,NULL,NULL,nsubj,nsubj,zero_zero_single,
497,240,many-to-one,dn_239 dn_240,hrd_284,Ippolita,Ippolita,PRON,PRON,nsubj,nsubj,explicit_full,
498,240,many-to-one,dn_239 dn_240,hrd_284,Ippolita,Ippolita,DET,PRON,nmod,nmod,explicit_ref_case,
499,240,many-to-one,dn_239 dn_240,hrd_284,Ippolita,Ippolita,NULL,NULL,nsubj,nsubj,zero_zero_single,
500,240,many-to-one,dn_239 dn_240,hrd_284,Ippolita,MISSING,DET,MISSING,nmod,MISSING,leftover_source,
501,240,many-to-one,dn_239 dn_240,hrd_284,Ippolitas-sister,Ippolitas-sister,NOUN,NOUN,nmod,nmod,explicit_full,
502,240,many-to-one,dn_239 dn_240,hrd_284,Ippolitas-sister,Ippolitas-sister,NOUN,NOUN,nmod,nmod,explicit_full,
503,241,one-to-one,dn_241,hrd_285,MISSING,Ippolita,MISSING,NULL,MISSING,nsubj,leftover_target,
504,242,one-to-many,dn_242,hrd_286 hrd_287,Giorgio,Giorgio,PRON,PRON,obj,obj,explicit_full,
505,242,one-to-many,dn_242,hrd_286 hrd_287,Ippolita,Ippolita,PRON,PRON,nsubj,nsubj,explicit_full,
506,242,one-to-many,dn_242,hrd_286 hrd_287,Ippolita,Ippolita,NULL,NULL,nsubj,nsubj,zero_zero_semantic,0.5783378131263057
507,242,one-to-many,dn_242,hrd_286 hrd_287,MISSING,Ippolita,MISSING,NULL,MISSING,nsubj,leftover_target,
508,243,many-to-one,dn_243 dn_244,hrd_288,Giorgio,Giorgio,NULL,PRON,nsubj,nsubj,zero_to_tgt_anchor,
509,243,many-to-one,dn_243 dn_244,hrd_288,Ippolita,Ippolita,DET,PRON,nmod,nmod,explicit_ref_case,
510,243,many-to-one,dn_243 dn_244,hrd_288,Ippolita,MISSING,DET,MISSING,nmod,MISSING,leftover_source,
511,244,one-to-many,dn_245,hrd_289 hrd_290,Giorgio,Giorgio,PRON,PRON,nsubj,nsubj,explicit_full,
512,244,one-to-many,dn_245,hrd_289 hrd_290,Giorgio,Giorgio,NULL,NULL,nsubj,nsubj,zero_zero_semantic,0.2602482245000669
513,244,one-to-many,dn_245,hrd_289 hrd_290,MISSING,Giorgio,MISSING,NULL,MISSING,nsubj,leftover_target,
514,245,one-to-one,dn_246,hrd_291,Giorgio,Giorgio,PRON,PRON,obj,obj,explicit_full,
515,246,one-to-one,dn_247,hrd_292,MISSING,Ippolita,MISSING,PRON,MISSING,nmod,leftover_target,
516,246,one-to-one,dn_247,hrd_292,MISSING,Ippolita,MISSING,NULL,MISSING,nsubj,leftover_target,
517,246,one-to-one,dn_247,hrd_292,MISSING,Ippolita,MISSING,NULL,MISSING,nsubj,leftover_target,
518,247,one-to-one,dn_248,hrd_293,Giorgio,MISSING,PRON,MISSING,nsubj,MISSING,leftover_source,
519,247,one-to-one,dn_248,hrd_293,Ippolita,Ippolita,PROPN,PROPN,nsubj,nsubj,explicit_full,
520,247,one-to-one,dn_248,hrd_293,Ippolitas-brother-in-law,Ippolitas-brother-in-law,NOUN,NOUN,nmod,nmod,explicit_full,
521,247,one-to-one,dn_248,hrd_293,Ippolitas-brother-in-laws-friends,Ippolitas-brother-in-laws-friends,NOUN,NOUN,obj,nmod,explicit_ref_pos,
522,247,one-to-one,dn_248,hrd_293,Ippolitas-brother-in-laws-friends,Ippolitas-brother-in-laws-friends,NOUN,NOUN,obj,nmod,explicit_ref_pos,
523,247,one-to-one,dn_248,hrd_293,Ippolitas-brother-in-laws-friends,Ippolitas-brother-in-laws-friends,NOUN,NOUN,obj,nmod,explicit_ref_pos,
524,247,one-to-one,dn_248,hrd_293,MISSING,Ippolitas-brother-in-laws-friends,MISSING,NOUN,MISSING,nmod,leftover_target,
525,248,one-to-one,dn_249,hrd_294,Ippolita,Ippolita,DET,PRON,nmod,nmod,explicit_ref_case,
526,249,one-to-one,dn_250,hrd_295,Giorgio,Giorgio,PRON,PRON,obj,nmod,explicit_ref_pos,
527,250,one-to-one,dn_251,hrd_296,MISSING,Ippolita,MISSING,NULL,MISSING,nsubj,leftover_target,
528,251,one-to-one,dn_252,hrd_297,Ippolita Ippolitas-sister Ippolitas-brother-in-law,Ippolita Ippolitas-sister Ippolitas-brother-in-law,PRON,PRON,obj,obj,explicit_full,
529,251,one-to-one,dn_252,hrd_297,Ippolita Ippolitas-sister Ippolitas-brother-in-law,MISSING,PRON,MISSING,obj,MISSING,leftover_source,
530,251,one-to-one,dn_252,hrd_297,Ippolitas-brother-in-laws-friends,Ippolitas-brother-in-laws-friends,NOUN,NOUN,nsubj,nsubj,explicit_full,
531,251,one-to-one,dn_252,hrd_297,Ippolitas-brother-in-laws-friends,Ippolitas-brother-in-laws-friends,NULL,NULL,nsubj,nsubj,zero_zero_single,
532,252,one-to-one,dn_253,hrd_298,Giorgio,Giorgio,PRON,NULL,nsubj,nsubj,zero_to_src_anchor,
533,253,one-to-one,dn_254,hrd_299,Giorgio,Giorgio,PRON,PRON,obj,nmod,explicit_ref_pos,
534,254,one-to-one,dn_255,hrd_300,Ippolita,Ippolita,PROPN,PROPN,nsubj,nsubj,explicit_full,
535,254,one-to-one,dn_255,hrd_300,Ippolitas-brother-in-laws-friends,Ippolitas-brother-in-laws-friends,PRON,NOUN,obj,nmod,explicit_ref_only,
536,255,one-to-one,dn_256,hrd_301,Ippolita,Ippolita,PRON,PRON,nsubj,nsubj,explicit_full,
537,255,one-to-one,dn_256,hrd_301,Ippolita,Ippolita,NULL,NULL,nsubj,nsubj,zero_zero_semantic,0.41752879407417687
538,255,one-to-one,dn_256,hrd_301,Ippolita,Ippolita,NULL,NULL,nsubj,nsubj,zero_zero_semantic,0.2471890256816921
539,255,one-to-one,dn_256,hrd_301,Ippolita,Ippolita,NULL,NULL,nsubj,nsubj,zero_zero_semantic,0.185891547134734
540,255,one-to-one,dn_256,hrd_301,Ippolita,Ippolita,NULL,NULL,nsubj,nsubj,zero_zero_semantic,0.2581017380793192
541,255,one-to-one,dn_256,hrd_301,Ippolita,MISSING,PRON-REFLEX,MISSING,obj,MISSING,leftover_source,
542,255,one-to-one,dn_256,hrd_301,Ippolitas-brother-in-laws-friends,Ippolitas-brother-in-laws-friends,PRON,NOUN,obj,obj,explicit_ref_case,
543,255,one-to-one,dn_256,hrd_301,Ippolitas-brother-in-laws-friends,Ippolitas-brother-in-laws-friends,PRON,NOUN,obj,obj,explicit_ref_case,
544,255,one-to-one,dn_256,hrd_301,MISSING,Ippolitas-brother-in-laws-friends,MISSING,NOUN,MISSING,obj,leftover_target,
545,256,one-to-one,dn_257,hrd_302,Giorgio,Giorgio,PRON,PRON,obj,obj,explicit_full,
546,256,one-to-one,dn_257,hrd_302,Giorgio,Giorgio,DET,PRON,nmod,nmod,explicit_ref_case,
547,256,one-to-one,dn_257,hrd_302,Giorgio,Giorgio,PRON,PRON,obj,nsubj,explicit_ref_pos,
548,256,one-to-one,dn_257,hrd_302,Ippolita,Ippolita,NOUN,NOUN,nsubj,nsubj,explicit_full,
549,256,one-to-one,dn_257,hrd_302,Ippolita,Ippolita,PRON,PRON,nsubj,nsubj,explicit_full,
550,256,one-to-one,dn_257,hrd_302,Ippolitas-brother-in-laws-friends,Ippolitas-brother-in-laws-friends,NOUN,NOUN,obj,nmod,explicit_ref_pos,
551,257,one-to-one,dn_258,hrd_303,Ippolita,Ippolita,PRON,PRON,nsubj,nsubj,explicit_full,
552,258,one-to-one,dn_259,hrd_304,Ippolita,Ippolita,NULL,NULL,nsubj,nsubj,zero_zero_single,
553,259,one-to-one,dn_260,hrd_305,Ippolita,Ippolita,NULL,NULL,nsubj,nsubj,zero_zero_single,
554,260,one-to-one,dn_261,hrd_306,Ippolita,Ippolita,PRON,PRON,nsubj,nmod,explicit_ref_pos,
555,260,one-to-one,dn_261,hrd_306,Ippolita,Ippolita,PRON,PRON,nsubj,nmod,explicit_ref_pos,
556,260,one-to-one,dn_261,hrd_306,MISSING,Ippolita,MISSING,NULL,MISSING,nsubj,leftover_target,
557,260,one-to-one,dn_261,hrd_306,Ippolitas-brother-in-laws-friends,Ippolitas-brother-in-laws-friends,NOUN,NOUN,obj,obj,explicit_full,
558,262,one-to-one,dn_263,hrd_308,Giorgio,Giorgio,NOUN,NOUN,nsubj,nsubj,explicit_full,
559,263,one-to-many,dn_264,hrd_309 hrd_310,Giorgio,Giorgio,PRON,PRON,obj,nmod,explicit_ref_pos,
560,263,one-to-many,dn_264,hrd_309 hrd_310,Ippolita,Ippolita,PRON,PRON,obj,nmod,explicit_ref_pos,
561,263,one-to-many,dn_264,hrd_309 hrd_310,Ippolitas-brother-in-laws-friends,Ippolitas-brother-in-laws-friends,NULL,NULL,nsubj,nsubj,zero_zero_single,
562,263,one-to-many,dn_264,hrd_309 hrd_310,MISSING,Ippolitas-brother-in-laws-friends,MISSING,NOUN,MISSING,nsubj,leftover_target,
563,264,one-to-one,dn_265,hrd_311,Giorgio,Giorgio,PRON,PRON,nsubj,nsubj,explicit_full,
564,264,one-to-one,dn_265,hrd_311,Ippolita,Ippolita,PRON,PRON,obj,nmod,explicit_ref_pos,
565,264,one-to-one,dn_265,hrd_311,Ippolita,Ippolita,PRON,PRON,obj,nmod,explicit_ref_pos,
566,264,one-to-one,dn_265,hrd_311,Ippolitas-brother-in-laws-friends,Ippolitas-brother-in-laws-friends,NOUN,NOUN,nsubj,nsubj,explicit_full,
567,264,one-to-one,dn_265,hrd_311,MISSING,Ippolitas-brother-in-laws-friends,MISSING,NULL,MISSING,nsubj,leftover_target,
568,265,one-to-many,dn_266,hrd_312 hrd_313,Ippolita,Ippolita,PRON,PRON,nsubj,nsubj,explicit_full,
569,265,one-to-many,dn_266,hrd_312 hrd_313,Ippolita,Ippolita,NULL,NULL,nsubj,nsubj,zero_zero_single,
570,265,one-to-many,dn_266,hrd_312 hrd_313,MISSING,Ippolita,MISSING,PRON,MISSING,nsubj,leftover_target,
571,266,one-to-one,dn_267,hrd_314,Ippolita,Ippolita,PRON,PRON,nsubj,nsubj,explicit_full,
572,266,one-to-one,dn_267,hrd_314,Ippolitas-brother-in-laws-friends,Ippolitas-brother-in-laws-friends,NOUN,NOUN,obj,nmod,explicit_ref_pos,
573,271,one-to-one,dn_272,hrd_322,Giorgio,Giorgio,PRON,PRON,obj,obj,explicit_full,
574,271,one-to-one,dn_272,hrd_322,Ippolita,Ippolita,PRON,NOUN,obj,obj,explicit_ref_case,
575,271,one-to-one,dn_272,hrd_322,MISSING,Ippolitas-brother-in-laws-friends,MISSING,NOUN,MISSING,nsubj,leftover_target,
576,272,one-to-one,dn_273,hrd_323,Giorgio,Giorgio,DET,PRON,nmod,nsubj,explicit_ref_only,
577,273,one-to-one,dn_274,hrd_324,Giorgio,Giorgio,PRON,PRON,nsubj,nsubj,explicit_full,
578,273,one-to-one,dn_274,hrd_324,Giorgio,Giorgio,DET,PRON,nmod,nmod,explicit_ref_case,
579,274,one-to-many,dn_275,hrd_325 hrd_326,Giorgio,Giorgio,PRON,PRON,nsubj,nsubj,explicit_full,
580,274,one-to-many,dn_275,hrd_325 hrd_326,Giorgio,Giorgio,NULL,NULL,nsubj,nsubj,zero_zero_semantic,0.22245536406457783
581,274,one-to-many,dn_275,hrd_325 hrd_326,Giorgio,Giorgio,PRON,NULL,nsubj,nsubj,zero_to_src_anchor,
582,274,one-to-many,dn_275,hrd_325 hrd_326,Ippolita,Ippolita,PROPN,PROPN,obj,obj,explicit_full,
583,275,one-to-one,dn_276,hrd_327,Giorgio,Giorgio,PRON,PRON,nsubj,nsubj,explicit_full,
584,275,one-to-one,dn_276,hrd_327,Giorgio,Giorgio,NULL,NULL,nsubj,nsubj,zero_zero_semantic,0.5957879551137105
585,275,one-to-one,dn_276,hrd_327,Giorgio,MISSING,NULL,MISSING,nsubj,MISSING,leftover_source,
586,275,one-to-one,dn_276,hrd_327,Ippolita,Ippolita,PRON,PRON,obj,obj,explicit_full,
587,275,one-to-one,dn_276,hrd_327,Ippolita,Ippolita,PRON,PRON,obj,obj,explicit_full,
588,276,one-to-many,dn_277,hrd_328 hrd_329,Giorgio,Giorgio,PRON,PRON,nsubj,nsubj,explicit_full,
589,276,one-to-many,dn_277,hrd_328 hrd_329,Giorgio,Giorgio,PRON,PRON,obj,nmod,explicit_ref_pos,
590,276,one-to-many,dn_277,hrd_328 hrd_329,Giorgio,Giorgio,NULL,NULL,nsubj,nsubj,zero_zero_single,
591,277,one-to-one,dn_278,hrd_330,Giorgio,Giorgio,PRON,PRON,nsubj,nsubj,explicit_full,
592,277,one-to-one,dn_278,hrd_330,Giorgio,MISSING,DET,MISSING,nmod,MISSING,leftover_source,
593,280,one-to-many,dn_281,hrd_333 hrd_334,Giorgio,Giorgio,DET,PRON,nmod,nmod,explicit_ref_case,
594,281,one-to-one,dn_282,hrd_335,Giorgio,Giorgio,PRON,PRON,nsubj,nsubj,explicit_full,
595,281,one-to-one,dn_282,hrd_335,Giorgio,Giorgio,DET,PRON,nmod,nmod,explicit_ref_case,
596,281,one-to-one,dn_282,hrd_335,Giorgio,MISSING,DET,MISSING,nmod,MISSING,leftover_source,
597,281,one-to-one,dn_282,hrd_335,Ippolita,Ippolita,PROPN,PROPN,obj,obj,explicit_full,
598,282,one-to-one,dn_283,hrd_336,Ippolita,Ippolita,PRON,PRON,nsubj,obj,explicit_ref_pos,
599,282,one-to-one,dn_283,hrd_336,MISSING,Ippolita,MISSING,NULL,MISSING,nsubj,leftover_target,
600,283,one-to-one,dn_284,hrd_337,Giorgio,Giorgio,PRON,PRON,nsubj,nsubj,explicit_full,
601,283,one-to-one,dn_284,hrd_337,Giorgio,Giorgio,PRON,PRON,nsubj,nsubj,explicit_full,
602,283,one-to-one,dn_284,hrd_337,Giorgio,Giorgio,PRON,PRON,nsubj,obj,explicit_ref_pos,
603,283,one-to-one,dn_284,hrd_337,Giorgio,Giorgio,NULL,NULL,nsubj,nsubj,zero_zero_semantic,0.2638266053718167
604,283,one-to-one,dn_284,hrd_337,Giorgio,MISSING,DET,MISSING,nmod,MISSING,leftover_source,
605,283,one-to-one,dn_284,hrd_337,MISSING,Giorgio,MISSING,NULL,MISSING,nsubj,leftover_target,
606,283,one-to-one,dn_284,hrd_337,Ippolita,Ippolita,NOUN,NOUN,obj,obj,explicit_full,
607,283,one-to-one,dn_284,hrd_337,Ippolita,Ippolita,PRON,PRON,obj,nmod,explicit_ref_pos,
608,283,one-to-one,dn_284,hrd_337,Ippolita,MISSING,PRON,MISSING,obj,MISSING,leftover_source,
609,284,one-to-many,dn_285,hrd_338 hrd_339 hrd_340,Giorgio,Giorgio,PRON,PRON,nsubj,nsubj,explicit_full,
610,284,one-to-many,dn_285,hrd_338 hrd_339 hrd_340,Giorgio,Giorgio,DET,PRON,nmod,nmod,explicit_ref_case,
611,284,one-to-many,dn_285,hrd_338 hrd_339 hrd_340,MISSING,Giorgio,MISSING,NULL,MISSING,nsubj,leftover_target,
612,284,one-to-many,dn_285,hrd_338 hrd_339 hrd_340,Ippolita,Ippolita,NOUN,NOUN,nmod,nmod,explicit_full,
613,285,one-to-one,dn_286,hrd_341,Giorgio,Giorgio,PRON,PRON,obj,obj,explicit_full,
614,287,one-to-one,dn_288,hrd_343,MISSING,Giorgio,MISSING,NULL,MISSING,nsubj,leftover_target,
615,287,one-to-one,dn_288,hrd_343,MISSING,Giorgio,MISSING,PRON,MISSING,nmod,leftover_target,
616,287,one-to-one,dn_288,hrd_343,MISSING,Giorgio,MISSING,NULL,MISSING,nsubj,leftover_target,
617,287,one-to-one,dn_288,hrd_343,Ippolita,Ippolita,PRON,PRON,nsubj,nsubj,explicit_full,
618,287,one-to-one,dn_288,hrd_343,Ippolita,MISSING,PRON,MISSING,nmod,MISSING,leftover_source,
619,287,one-to-one,dn_288,hrd_343,Ippolita,MISSING,NULL,MISSING,nsubj,MISSING,leftover_source,
620,287,one-to-one,dn_288,hrd_343,Ippolita,MISSING,DET,MISSING,nmod,MISSING,leftover_source,
621,288,one-to-one,dn_289,hrd_344,Giorgio,Giorgio,PRON,PRON,nsubj,nsubj,explicit_full,
622,289,one-to-one,dn_290,hrd_345,Giorgio,MISSING,PRON,MISSING,obj,MISSING,leftover_source,
623,289,one-to-one,dn_290,hrd_345,Ippolita,Ippolita,PROPN,PROPN,nsubj,nsubj,explicit_full,
624,289,one-to-one,dn_290,hrd_345,MISSING,Ippolita,MISSING,NULL,MISSING,nsubj,leftover_target,
625,290,one-to-one,dn_291,hrd_346,Giorgio,Giorgio,NULL,NULL,nsubj,nsubj,zero_zero_single,
626,291,one-to-one,dn_292,hrd_347,Giorgio,Giorgio,NULL,NULL,nsubj,nsubj,zero_zero_single,
627,292,one-to-one,dn_293,hrd_348,Giorgio,Giorgio,PRON,PRON,nsubj,nsubj,explicit_full,
628,293,one-to-one,dn_294,hrd_349,Ippolita,Ippolita,PRON,PRON,obj,nmod,explicit_ref_pos,
629,296,one-to-one,dn_297,hrd_352,Ippolita,Ippolita,PROPN,PROPN,nsubj,nsubj,explicit_full,
630,297,one-to-one,dn_298,hrd_353,Ippolita,Ippolita,NULL,NULL,nsubj,nsubj,zero_zero_single,
631,298,one-to-one,dn_299,hrd_354,Giorgio,MISSING,NULL,MISSING,nsubj,MISSING,leftover_source,
632,298,one-to-one,dn_299,hrd_354,Giorgio Ippolita,Giorgio Ippolita,NULL,NULL,nsubj,nsubj,zero_zero_single,
633,299,one-to-one,dn_300,hrd_356,Giorgio,Giorgio,PRON,PRON,nsubj,nsubj,explicit_full,
634,300,one-to-one,dn_301,hrd_355,Giorgio Ippolita,Giorgio Ippolita,NULL,NULL,nsubj,nsubj,zero_zero_single,
635,301,one-to-one,dn_302,hrd_357,Giorgio Ippolita,Giorgio Ippolita,NULL,NOUN,nsubj,nsubj,zero_to_tgt_anchor,
636,301,one-to-one,dn_302,hrd_357,Giorgio Ippolita,MISSING,PRON-REFLEX,MISSING,obj,MISSING,leftover_source,
637,302,one-to-one,dn_303,hrd_358,Giorgio Ippolita,Giorgio Ippolita,NULL,NULL,nsubj,nsubj,zero_zero_semantic,0.27363751127439384
638,302,one-to-one,dn_303,hrd_358,Giorgio Ippolita,Giorgio Ippolita,NULL,NULL,nsubj,nsubj,zero_zero_semantic,0.4035823345184326
639,302,one-to-one,dn_303,hrd_358,Giorgio Ippolita,MISSING,PRON-REFLEX,MISSING,obj,MISSING,leftover_source,
640,303,one-to-one,dn_304,hrd_359,Ippolita,Ippolita,PROPN,PROPN,nsubj,nsubj,explicit_full,
641,304,one-to-one,dn_305,hrd_360,Giorgio,Giorgio,NOUN,PRON,vocative,vocative,explicit_ref_case,
642,304,one-to-one,dn_305,hrd_360,Ippolita,MISSING,DET,MISSING,nmod,MISSING,leftover_source,
643,305,one-to-many,dn_306,hrd_361 hrd_362,Ippolita,Ippolita,NULL,NULL,nsubj,nsubj,zero_zero_semantic,0.16003722647825877
644,305,one-to-many,dn_306,hrd_361 hrd_362,Ippolita,MISSING,PRON-REFLEX,MISSING,obj,MISSING,leftover_source,
645,305,one-to-many,dn_306,hrd_361 hrd_362,MISSING,Ippolita,MISSING,PRON,MISSING,nsubj,leftover_target,
646,305,one-to-many,dn_306,hrd_361 hrd_362,MISSING,Ippolita,MISSING,NULL,MISSING,nsubj,leftover_target,
647,309,one-to-many,dn_310,hrd_366 hrd_367,Giorgio,Giorgio,NULL,NULL,nsubj,nsubj,zero_zero_single,
648,310,one-to-one,dn_311,hrd_368,Ippolita,Ippolita,PRON,PRON,nsubj,nsubj,explicit_full,
649,311,one-to-one,dn_312,hrd_369,Giorgio,Giorgio,NULL,NULL,nsubj,nsubj,zero_zero_single,
650,312,one-to-one,dn_313,hrd_370,Giorgio,Giorgio,PRON,PRON,nsubj,nsubj,explicit_full,
651,313,one-to-one,dn_314,hrd_371,Giorgio,Giorgio,PRON,PRON,nsubj,nsubj,explicit_full,
652,313,one-to-one,dn_314,hrd_371,Giorgio,MISSING,NULL,MISSING,nsubj,MISSING,leftover_source,
653,314,one-to-one,dn_315,hrd_372,Giorgio,MISSING,PRON,MISSING,obj,MISSING,leftover_source,
654,314,one-to-one,dn_315,hrd_372,Giorgio Ippolita,Giorgio Ippolita,PRON,PRON,obj,obj,explicit_full,
655,314,one-to-one,dn_315,hrd_372,Giorgio Ippolita,Giorgio Ippolita,NULL,NULL,nsubj,nsubj,zero_zero_semantic,0.18433980068089015
656,314,one-to-one,dn_315,hrd_372,Giorgio Ippolita,Giorgio Ippolita,NULL,NULL,nsubj,nsubj,zero_zero_semantic,0.20144061608026434
657,314,one-to-one,dn_315,hrd_372,MISSING,Giorgio Ippolita,MISSING,NOUN,MISSING,nsubj,leftover_target,
658,314,one-to-one,dn_315,hrd_372,MISSING,Giorgio Ippolita,MISSING,NULL,MISSING,nsubj,leftover_target,
659,314,one-to-one,dn_315,hrd_372,Ippolita,MISSING,PRON,MISSING,obj,MISSING,leftover_source,
660,315,one-to-one,dn_316,hrd_373,Giorgio Ippolita,Giorgio Ippolita,DET,PRON,nmod,nmod,explicit_ref_case,
661,315,one-to-one,dn_316,hrd_373,Giorgio Ippolita,Giorgio Ippolita,PRON,NULL,nsubj,nsubj,zero_to_src_anchor,
662,316,one-to-one,dn_317,hrd_374,Giorgio,Giorgio,PRON,NULL,nsubj,nsubj,zero_to_src_anchor,
663,316,one-to-one,dn_317,hrd_374,Giorgio,MISSING,PRON,MISSING,obj,MISSING,leftover_source,
664,316,one-to-one,dn_317,hrd_374,Ippolita,Ippolita,NULL,NULL,nsubj,nsubj,zero_zero_single,
665,317,one-to-one,dn_318,hrd_375,Ippolita,Ippolita,PROPN,PROPN,nsubj,nsubj,explicit_full,
666,318,one-to-one,dn_319,hrd_376,Giorgio,Giorgio,NOUN,NOUN,nsubj,nsubj,explicit_full,
667,318,one-to-one,dn_319,hrd_376,Giorgio,MISSING,PRON-REFLEX,MISSING,obj,MISSING,leftover_source,
668,318,one-to-one,dn_319,hrd_376,Giorgio,MISSING,PRON-REFLEX,MISSING,obj,MISSING,leftover_source,
669,318,one-to-one,dn_319,hrd_376,MISSING,Giorgio,MISSING,NULL,MISSING,nsubj,leftover_target,
670,318,one-to-one,dn_319,hrd_376,MISSING,Giorgio,MISSING,NULL,MISSING,nsubj,leftover_target,
671,320,one-to-one,dn_321,hrd_378,Giorgio,Giorgio,PRON,PRON,obj,obj,explicit_full,
672,321,one-to-many,dn_322,hrd_379 hrd_380,Giorgio,Giorgio,PRON,PRON,nsubj,nsubj,explicit_full,
673,321,one-to-many,dn_322,hrd_379 hrd_380,Giorgio,MISSING,NULL,MISSING,nsubj,MISSING,leftover_source,
674,321,one-to-many,dn_322,hrd_379 hrd_380,Giorgio,MISSING,NULL,MISSING,nsubj,MISSING,leftover_source,
675,321,one-to-many,dn_322,hrd_379 hrd_380,Ippolita,Ippolita,PRON,PRON,obj,obj,explicit_full,
676,322,one-to-many,dn_323,hrd_381 hrd_382,Giorgio,Giorgio,PRON,PRON,nsubj,nsubj,explicit_full,
677,322,one-to-many,dn_323,hrd_381 hrd_382,Giorgio,Giorgio,NULL,NULL,nsubj,nsubj,zero_zero_single,
678,322,one-to-many,dn_323,hrd_381 hrd_382,MISSING,Giorgio,MISSING,PRON,MISSING,nsubj,leftover_target,
679,323,one-to-one,dn_324,hrd_383,Giorgio,Giorgio,PRON,PRON,obj,nsubj,explicit_ref_pos,
680,323,one-to-one,dn_324,hrd_383,Giorgio,MISSING,NULL,MISSING,nsubj,MISSING,leftover_source,
681,324,one-to-many,dn_325,hrd_384 hrd_385,Giorgio,Giorgio,PRON,PRON,nsubj,nsubj,explicit_full,
682,324,one-to-many,dn_325,hrd_384 hrd_385,Giorgio,Giorgio,NULL,NULL,nsubj,nsubj,zero_zero_single,
683,324,one-to-many,dn_325,hrd_384 hrd_385,Ippolita,Ippolita,PRON,PRON,obj,obj,explicit_full,
684,325,one-to-one,dn_326,hrd_386,Giorgio,Giorgio,PRON,PRON,obj,obj,explicit_full,
685,325,one-to-one,dn_326,hrd_386,Giorgio,MISSING,NULL,MISSING,nsubj,MISSING,leftover_source,
686,326,one-to-one,dn_327,hrd_387,Giorgio,Giorgio,PRON,PRON,obj,nmod,explicit_ref_pos,
687,327,one-to-one,dn_328,hrd_388,Giorgio,Giorgio,PROPN,PROPN,vocative,vocative,explicit_full,
688,328,one-to-one,dn_329,hrd_389,Giorgio,Giorgio,PRON,PRON,obj,obj,explicit_full,
689,328,one-to-one,dn_329,hrd_389,Ippolita,Ippolita,PROPN,PROPN,nsubj,nsubj,explicit_full,
690,328,one-to-one,dn_329,hrd_389,MISSING,Ippolita,MISSING,NULL,MISSING,nsubj,leftover_target,
691,329,one-to-one,dn_330,hrd_390,Giorgio,Giorgio,PRON,PRON,nsubj,nsubj,explicit_full,
692,330,one-to-many,dn_331,hrd_391 hrd_392,Giorgio,Giorgio,NULL,NULL,nsubj,nsubj,zero_zero_semantic,0.5471674227651129
693,330,one-to-many,dn_331,hrd_391 hrd_392,Giorgio,Giorgio,NULL,PRON,nsubj,nsubj,zero_to_tgt_anchor,
694,330,one-to-many,dn_331,hrd_391 hrd_392,Giorgio Ippolita,Giorgio Ippolita,NULL,PRON,nsubj,nsubj,zero_to_tgt_anchor,
695,330,one-to-many,dn_331,hrd_391 hrd_392,Giorgio Ippolita,MISSING,PRON-REFLEX,MISSING,obj,MISSING,leftover_source,
696,330,one-to-many,dn_331,hrd_391 hrd_392,suicidal-man,suicidal-man,NOUN,NOUN,nmod,nmod,explicit_full,
697,331,one-to-one,dn_332,hrd_393,Ippolita,Ippolita,NULL,NULL,nsubj,nsubj,zero_zero_single,
698,332,one-to-one,dn_333,hrd_394,Giorgio,Giorgio,PRON,PRON,obj,nmod,explicit_ref_pos,
699,332,one-to-one,dn_333,hrd_394,Ippolita,Ippolita,PRON,PRON,nsubj,nsubj,explicit_full,
700,332,one-to-one,dn_333,hrd_394,MISSING,Ippolita,MISSING,NULL,MISSING,nsubj,leftover_target,
701,334,one-to-one,dn_335,hrd_396,Giorgio,Giorgio,PRON,PRON,nsubj,nsubj,explicit_full,
702,334,one-to-one,dn_335,hrd_396,Giorgio,Giorgio,NULL,NULL,nsubj,nsubj,zero_zero_semantic,0.4036126734813055
703,334,one-to-one,dn_335,hrd_396,Giorgio,Giorgio,NULL,NULL,nsubj,nsubj,zero_zero_semantic,0.5726372597614924
704,334,one-to-one,dn_335,hrd_396,Giorgio,MISSING,PRON-REFLEX,MISSING,obj,MISSING,leftover_source,
705,334,one-to-one,dn_335,hrd_396,Giorgio,MISSING,PRON-REFLEX,MISSING,obj,MISSING,leftover_source,
706,334,one-to-one,dn_335,hrd_396,Giorgio,MISSING,PRON-REFLEX,MISSING,obj,MISSING,leftover_source,
707,334,one-to-one,dn_335,hrd_396,Ippolita,Ippolita,PRON,PRON,obj,obj,explicit_full,
708,335,one-to-many,dn_336,hrd_397 hrd_398,Giorgio,MISSING,PRON,MISSING,nsubj,MISSING,leftover_source,
709,335,one-to-many,dn_336,hrd_397 hrd_398,Giorgio,MISSING,NULL,MISSING,nsubj,MISSING,leftover_source,
710,336,one-to-one,dn_337,hrd_399,suicidal-man,suicidal-man,NOUN,NOUN,nmod,nmod,explicit_full,
711,337,one-to-one,dn_338,hrd_400,suicidal-man,suicidal-man,NOUN,NOUN,obj,nmod,explicit_ref_pos,
712,338,one-to-one,dn_339,hrd_401,suicidal-man,suicidal-man,PRON,PRON,nsubj,nsubj,explicit_full,
713,339,one-to-one,dn_340,hrd_402,suicidal-man,suicidal-man,NULL,NULL,nsubj,nsubj,zero_zero_single,
714,339,one-to-one,dn_340,hrd_402,suicidal-man,MISSING,PRON-REFLEX,MISSING,obj,MISSING,leftover_source,
715,340,one-to-one,dn_341,hrd_403,Giorgio,Giorgio,PRON,NOUN,obj,obj,explicit_ref_case,
716,340,one-to-one,dn_341,hrd_403,Giorgio,Giorgio,NULL,PRON,nsubj,nsubj,zero_to_tgt_anchor,
717,341,one-to-one,dn_342,hrd_404,Giorgio,Giorgio,PRON,PRON,obj,nmod,explicit_ref_pos,
718,342,one-to-many,dn_343,hrd_405 hrd_406,Demetrio,Demetrio,PROPN,PROPN,obj,obj,explicit_full,
719,342,one-to-many,dn_343,hrd_405 hrd_406,MISSING,Demetrio,MISSING,NOUN,MISSING,nsubj,leftover_target,
720,342,one-to-many,dn_343,hrd_405 hrd_406,Giorgio,Giorgio,NULL,NULL,nsubj,nsubj,zero_zero_single,
721,342,one-to-many,dn_343,hrd_405 hrd_406,Giorgio,MISSING,DET,MISSING,nmod,MISSING,leftover_source,
722,342,one-to-many,dn_343,hrd_405 hrd_406,Giorgio,MISSING,DET,MISSING,nmod,MISSING,leftover_source,
723,342,one-to-many,dn_343,hrd_405 hrd_406,Giorgios-father,Giorgios-father,NOUN,NOUN,nmod,nmod,explicit_full,
724,344,one-to-one,dn_345,hrd_410,Giorgio,Giorgio,PRON,PRON,nsubj,nsubj,explicit_full,
725,344,one-to-one,dn_345,hrd_410,Giorgio,MISSING,PRON-REFLEX,MISSING,obj,MISSING,leftover_source,
726,346,one-to-one,dn_347,hrd_412,MISSING,Giorgio,MISSING,NULL,MISSING,nsubj,leftover_target,
727,346,one-to-one,dn_347,hrd_412,MISSING,Giorgio,MISSING,NULL,MISSING,nsubj,leftover_target,
728,347,one-to-one,dn_348,hrd_413,Giorgio,Giorgio,NULL,NULL,nsubj,nsubj,zero_zero_semantic,0.2611636065623977
729,347,one-to-one,dn_348,hrd_413,Giorgio,Giorgio,NULL,PRON,nsubj,nsubj,zero_to_tgt_anchor,
730,348,one-to-many,dn_349,hrd_414 hrd_415 hrd_416,Giorgio,Giorgio,NULL,NULL,nsubj,nsubj,zero_zero_semantic,0.41874872178761
731,348,one-to-many,dn_349,hrd_414 hrd_415 hrd_416,MISSING,Giorgio,MISSING,NULL,MISSING,nsubj,leftover_target,
732,349,one-to-one,dn_350,hrd_417,Giorgio,Giorgio,PRON,PRON,obj,obj,explicit_full,
733,350,one-to-one,dn_351,hrd_418,MISSING,Giorgio,MISSING,NULL,MISSING,nsubj,leftover_target,
734,350,one-to-one,dn_351,hrd_418,MISSING,Giorgio,MISSING,NULL,MISSING,nsubj,leftover_target,
735,350,one-to-one,dn_351,hrd_418,MISSING,Giorgio,MISSING,NULL,MISSING,nsubj,leftover_target,
736,351,one-to-one,dn_352,hrd_419,Giorgio,Giorgio,PRON,PRON,obj,nmod,explicit_ref_pos,
737,352,one-to-many,dn_353,hrd_420 hrd_421,Giorgio,Giorgio,PRON,PRON,obj,obj,explicit_full,
738,352,one-to-many,dn_353,hrd_420 hrd_421,Giorgio,Giorgio,PRON,PRON,obj,obj,explicit_full,
739,352,one-to-many,dn_353,hrd_420 hrd_421,Giorgio,Giorgio,NULL,NULL,nsubj,nsubj,zero_zero_semantic,0.3101693242788315
740,352,one-to-many,dn_353,hrd_420 hrd_421,Giorgio,Giorgio,NULL,NULL,nsubj,nsubj,zero_zero_semantic,0.27772124003672943
741,352,one-to-many,dn_353,hrd_420 hrd_421,Giorgio,MISSING,PRON-REFLEX,MISSING,obj,MISSING,leftover_source,
742,352,one-to-many,dn_353,hrd_420 hrd_421,Ippolita,Ippolita,PROPN,PROPN,nmod,nmod,explicit_full,
743,352,one-to-many,dn_353,hrd_420 hrd_421,MISSING,Ippolita,MISSING,DET,MISSING,nmod,leftover_target,
744,353,one-to-one,dn_354,hrd_422,Giorgio,Giorgio,DET,PRON,nmod,nmod,explicit_ref_case,
745,353,one-to-one,dn_354,hrd_422,Giorgio,Giorgio,NULL,NULL,nsubj,nsubj,zero_zero_semantic,0.26396516707158624
746,353,one-to-one,dn_354,hrd_422,Giorgio,Giorgio,NULL,NULL,nsubj,nsubj,zero_zero_semantic,0.3393257441115857
747,353,one-to-one,dn_354,hrd_422,Giorgio,MISSING,PRON-REFLEX,MISSING,obj,MISSING,leftover_source,
748,353,one-to-one,dn_354,hrd_422,Giorgio,MISSING,PRON,MISSING,obj,MISSING,leftover_source,
749,353,one-to-one,dn_354,hrd_422,Ippolita,Ippolita,PRON,PRON,obj,obj,explicit_full,
750,353,one-to-one,dn_354,hrd_422,Ippolita,Ippolita,PRON,PRON,nmod,nmod,explicit_full,
751,354,one-to-one,dn_355,hrd_423,Giorgio,MISSING,PRON,MISSING,obj,MISSING,leftover_source,
752,354,one-to-one,dn_355,hrd_423,Ippolita,Ippolita,PRON,PRON,nsubj,nsubj,explicit_full,
753,354,one-to-one,dn_355,hrd_423,Ippolita,MISSING,PRON-REFLEX,MISSING,obj,MISSING,leftover_source,
754,355,one-to-one,dn_356,hrd_424,Giorgio Ippolita,Giorgio Ippolita,PRON,NOUN,nsubj,nsubj,explicit_ref_case,
755,355,one-to-one,dn_356,hrd_424,Giorgio Ippolita,Giorgio Ippolita,PRON-REFLEX,PRON,obj,obj,reflex_obj,
756,355,one-to-one,dn_356,hrd_424,Giorgio Ippolita,MISSING,PRON-REFLEX,MISSING,obj,MISSING,leftover_source,
757,355,one-to-one,dn_356,hrd_424,MISSING,Giorgio Ippolita,MISSING,NULL,MISSING,nsubj,leftover_target,
758,356,one-to-one,dn_357,hrd_425,guardians,MISSING,NULL,MISSING,nsubj,MISSING,leftover_source,
759,357,one-to-one,dn_358,hrd_426,guardians,MISSING,NULL,MISSING,nsubj,MISSING,leftover_source,
760,358,one-to-one,dn_359,hrd_427,guardians,guardians,NOUN,NOUN,nmod,nmod,explicit_full,
761,359,one-to-one,dn_360,hrd_428,guardians,MISSING,NULL,MISSING,nsubj,MISSING,leftover_source,
762,360,one-to-many,dn_361,hrd_429 hrd_430,Giorgio Ippolita,Giorgio Ippolita,NOUN,NOUN,obj,obj,explicit_full,
763,360,one-to-many,dn_361,hrd_429 hrd_430,guardians,MISSING,NOUN,MISSING,obj,MISSING,leftover_source,
764,361,one-to-one,dn_362,hrd_431,Giorgio Ippolita,Giorgio Ippolita,NOUN,PRON,nsubj,nsubj,explicit_ref_case,
765,361,one-to-one,dn_362,hrd_431,Giorgio Ippolita,MISSING,NULL,MISSING,nsubj,MISSING,leftover_source,
766,361,one-to-one,dn_362,hrd_431,Giorgio Ippolita,MISSING,PRON-REFLEX,MISSING,obj,MISSING,leftover_source,
767,361,one-to-one,dn_362,hrd_431,Giorgio Ippolita,MISSING,NULL,MISSING,nsubj,MISSING,leftover_source,
768,363,one-to-one,dn_364,hrd_433,guardians,MISSING,NULL,MISSING,nsubj,MISSING,leftover_source,
769,365,one-to-one,dn_366,hrd_435,Ippolita,Ippolita,PROPN,PROPN,nsubj,nsubj,explicit_full,
770,365,one-to-one,dn_366,hrd_435,MISSING,Ippolita,MISSING,NULL,MISSING,nsubj,leftover_target,
771,365,one-to-one,dn_366,hrd_435,MISSING,Ippolita,MISSING,NULL,MISSING,nsubj,leftover_target,
772,370,one-to-many,dn_371,hrd_440 hrd_441,Giorgio,Giorgio,PRON,PRON,obj,nmod,explicit_ref_pos,
773,370,one-to-many,dn_371,hrd_440 hrd_441,Ippolita,Ippolita,PRON,NULL,nsubj,nsubj,zero_to_src_anchor,
774,371,one-to-one,dn_372,hrd_442,Giorgio,Giorgio,PROPN,PROPN,nsubj,nsubj,explicit_full,
775,372,one-to-one,dn_373,hrd_443,Ippolita,Ippolita,NULL,NULL,nsubj,nsubj,zero_zero_single,
776,373,one-to-one,dn_374,hrd_444,Ippolita,Ippolita,NULL,NULL,nsubj,nsubj,zero_zero_single,
777,374,one-to-one,dn_375,hrd_445,Ippolita,Ippolita,NULL,NULL,nsubj,nsubj,zero_zero_single,
778,375,one-to-one,dn_376,hrd_446,Giorgio,Giorgio,PRON,NULL,nsubj,nsubj,zero_to_src_anchor,
779,375,one-to-one,dn_376,hrd_446,Ippolita,Ippolita,PRON,NULL,nsubj,nsubj,zero_to_src_anchor,
780,376,one-to-one,dn_377,hrd_447,Ippolita,Ippolita,NULL,NULL,nsubj,nsubj,zero_zero_single,
781,377,one-to-one,dn_378,hrd_448,Giorgio Ippolita,Giorgio Ippolita,NULL,NULL,nsubj,nsubj,zero_zero_semantic,0.20166371739193384
782,377,one-to-one,dn_378,hrd_448,Giorgio Ippolita,Giorgio Ippolita,NULL,NULL,nsubj,nsubj,zero_zero_semantic,0.6023521024012283
783,377,one-to-one,dn_378,hrd_448,Giorgio Ippolita,MISSING,PRON-REFLEX,MISSING,obj,MISSING,leftover_source,
784,377,one-to-one,dn_378,hrd_448,Giorgio Ippolita,MISSING,PRON-REFLEX,MISSING,obj,MISSING,leftover_source,
785,377,one-to-one,dn_378,hrd_448,MISSING,Giorgio Ippolita,MISSING,NOUN,MISSING,nsubj,leftover_target,
786,378,one-to-one,dn_379,hrd_449,Giorgio,Giorgio,PRON,PRON,nsubj,nsubj,explicit_full,
787,378,one-to-one,dn_379,hrd_449,MISSING,Giorgio,MISSING,NULL,MISSING,nsubj,leftover_target,
788,378,one-to-one,dn_379,hrd_449,MISSING,Giorgio,MISSING,NULL,MISSING,nsubj,leftover_target,
789,379,one-to-one,dn_380,hrd_450,Giorgio,MISSING,PRON,MISSING,obj,MISSING,leftover_source,
790,379,one-to-one,dn_380,hrd_450,Ippolita,Ippolita,NULL,NULL,nsubj,nsubj,zero_zero_single,
791,380,one-to-many,dn_381,hrd_451 hrd_452,Giorgio Ippolita,Giorgio Ippolita,NULL,NULL,nsubj,nsubj,zero_zero_single,
792,380,one-to-many,dn_381,hrd_451 hrd_452,Giorgio Ippolita,MISSING,PRON,MISSING,obj,MISSING,leftover_source,
793,381,one-to-one,dn_382,hrd_453,Giorgio,Giorgio,PRON,PRON,nsubj,nsubj,explicit_full,
794,382,one-to-one,dn_383,hrd_454,MISSING,Ippolita,MISSING,NOUN,MISSING,vocative,leftover_target,
795,383,one-to-one,dn_384,hrd_455,Ippolita,Ippolita,PRON,PRON,nsubj,nsubj,explicit_full,
796,385,one-to-one,dn_386,hrd_457,Giorgio,Giorgio,NULL,NULL,nsubj,nsubj,zero_zero_single,
797,385,one-to-one,dn_386,hrd_457,Ippolita,Ippolita,PRON,PRON,obj,nmod,explicit_ref_pos,
798,387,one-to-one,dn_388,hrd_459,Giorgio Ippolita,Giorgio Ippolita,NULL,NULL,nsubj,nsubj,zero_zero_single,
799,388,one-to-one,dn_389,hrd_460,Giorgio Ippolita,Giorgio Ippolita,NULL,NOUN,nsubj,nsubj,zero_to_tgt_anchor,
800,388,one-to-one,dn_389,hrd_460,Giorgio Ippolita,MISSING,PRON-REFLEX,MISSING,obj,MISSING,leftover_source,
801,389,one-to-one,dn_390,hrd_461,Ippolita,Ippolita,PRON,PRON,nsubj,nsubj,explicit_full,
802,390,one-to-one,dn_391,hrd_462,Giorgio,Giorgio,PRON,PRON,nsubj,nsubj,explicit_full,
803,390,one-to-one,dn_391,hrd_462,Ippolita,Ippolita,PRON,PRON,obj,nmod,explicit_ref_pos,
804,390,one-to-one,dn_391,hrd_462,Ippolita,MISSING,PRON-REFLEX,MISSING,obj,MISSING,leftover_source,
805,390,one-to-one,dn_391,hrd_462,MISSING,Ippolita,MISSING,NULL,MISSING,nsubj,leftover_target,
806,391,one-to-one,dn_392,hrd_463,Giorgio,Giorgio,PRON,PRON,obj,obj,explicit_full,
807,391,one-to-one,dn_392,hrd_463,Ippolita,Ippolita,PRON,PRON,nsubj,nsubj,explicit_full,
808,392,one-to-many,dn_393,hrd_464 hrd_465 hrd_466,Giorgio,Giorgio,PRON,PRON,obj,nmod,explicit_ref_pos,
809,392,one-to-many,dn_393,hrd_464 hrd_465 hrd_466,Giorgio,Giorgio,NULL,PRON,nsubj,nsubj,zero_to_tgt_anchor,
810,392,one-to-many,dn_393,hrd_464 hrd_465 hrd_466,Ippolita,Ippolita,PRON,PRON,obj,obj,explicit_full,
811,392,one-to-many,dn_393,hrd_464 hrd_465 hrd_466,Ippolita,Ippolita,NOUN,NOUN,pred,obj,explicit_ref_pos,
812,392,one-to-many,dn_393,hrd_464 hrd_465 hrd_466,Ippolita,Ippolita,NOUN,NOUN,pred,obj,explicit_ref_pos,
813,392,one-to-many,dn_393,hrd_464 hrd_465 hrd_466,Ippolita,Ippolita,NULL,NULL,nsubj,nsubj,zero_zero_semantic,0.22980106130559394
814,392,one-to-many,dn_393,hrd_464 hrd_465 hrd_466,Ippolita,Ippolita,NULL,NULL,nsubj,nsubj,zero_zero_semantic,0.615778557409957
815,392,one-to-many,dn_393,hrd_464 hrd_465 hrd_466,Ippolita,Ippolita,NULL,NULL,nsubj,nsubj,zero_zero_semantic,0.17173510832715266
816,392,one-to-many,dn_393,hrd_464 hrd_465 hrd_466,Ippolita,MISSING,NULL,MISSING,nsubj,MISSING,leftover_source,
817,392,one-to-many,dn_393,hrd_464 hrd_465 hrd_466,Ippolita,MISSING,PRON-REFLEX,MISSING,obj,MISSING,leftover_source,
818,393,one-to-one,dn_394,hrd_467,Giorgio,Giorgio,PRON,PRON,nsubj,nsubj,explicit_full,
819,393,one-to-one,dn_394,hrd_467,Ippolita,Ippolita,PRON,PRON,obj,obj,explicit_full,
820,394,one-to-one,dn_395,hrd_468,Ippolita,Ippolita,PRON,PRON,obj,obj,explicit_full,
821,394,one-to-one,dn_395,hrd_468,Ippolita,Ippolita,PRON,PRON,obj,obj,explicit_full,
822,394,one-to-one,dn_395,hrd_468,Ippolita,Ippolita,PRON,PRON,obj,obj,explicit_full,
823,395,one-to-one,dn_396,hrd_469,Giorgio,Giorgio,PRON,PRON,obj,nmod,explicit_ref_pos,
824,396,one-to-one,dn_397,hrd_470,Giorgio,Giorgio,PRON,PRON,obj,nmod,explicit_ref_pos,
825,397,one-to-one,dn_398,hrd_471,Giorgio Ippolita,Giorgio Ippolita,PRON,PRON,obj,obj,explicit_full,
826,397,one-to-one,dn_398,hrd_471,Giorgio Ippolita,Giorgio Ippolita,DET,PRON,nmod,nmod,explicit_ref_case,
827,397,one-to-one,dn_398,hrd_471,Giorgio Ippolita,Giorgio Ippolita,DET,PRON,nmod,nmod,explicit_ref_case,
828,397,one-to-one,dn_398,hrd_471,Giorgio Ippolita,Giorgio Ippolita,PRON,NULL,nsubj,nsubj,zero_to_src_anchor,
829,397,one-to-one,dn_398,hrd_471,MISSING,Giorgio Ippolita,MISSING,NULL,MISSING,nsubj,leftover_target,
830,398,one-to-many,dn_399,hrd_472 hrd_473,Giorgio,Giorgio,PROPN,PROPN,nsubj,nsubj,explicit_full,
831,398,one-to-many,dn_399,hrd_472 hrd_473,Giorgio,MISSING,PRON,MISSING,obj,MISSING,leftover_source,
832,398,one-to-many,dn_399,hrd_472 hrd_473,butler,butler,NOUN,NOUN,nsubj,nsubj,explicit_full,
833,399,one-to-one,dn_400,hrd_474,Giorgio,Giorgio,PRON,PRON,nsubj,nsubj,explicit_full,
834,399,one-to-one,dn_400,hrd_474,Giorgio,MISSING,PRON-REFLEX,MISSING,obj,MISSING,leftover_source,
835,399,one-to-one,dn_400,hrd_474,MISSING,Giorgio,MISSING,NULL,MISSING,nsubj,leftover_target,
836,400,one-to-one,dn_401,hrd_475,Giorgio,Giorgio,NULL,NULL,nsubj,nsubj,zero_zero_single,
837,401,one-to-one,dn_402,hrd_476,Giorgio,MISSING,PRON,MISSING,obj,MISSING,leftover_source,
838,401,one-to-one,dn_402,hrd_476,butler,butler,NULL,NULL,nsubj,nsubj,zero_zero_single,
839,402,one-to-one,dn_403,hrd_477,AlfonsoExili,MISSING,NOUN,MISSING,nmod,MISSING,leftover_source,
840,402,one-to-one,dn_403,hrd_477,Giorgio,MISSING,NULL,MISSING,nsubj,MISSING,leftover_source,
841,403,one-to-one,dn_404,hrd_478,AlfonsoExili,AlfonsoExili,NULL,NULL,nsubj,nsubj,zero_zero_single,
842,403,one-to-one,dn_404,hrd_478,Giorgio,Giorgio,PROPN,PRON,vocative,vocative,explicit_ref_case,
843,403,one-to-one,dn_404,hrd_478,Giorgio,MISSING,NULL,MISSING,nsubj,MISSING,leftover_source,
844,404,one-to-one,dn_405,hrd_479,AlfonsoExili,AlfonsoExili,NULL,NULL,nsubj,nsubj,zero_zero_semantic,0.2199430566119111
845,404,one-to-one,dn_405,hrd_479,MISSING,AlfonsoExili,MISSING,NULL,MISSING,nsubj,leftover_target,
846,404,one-to-one,dn_405,hrd_479,Giorgio,Giorgio,PRON,PRON,obj,obj,explicit_full,
847,405,one-to-one,dn_406,hrd_480,AlfonsoExili,AlfonsoExili,PROPN,PROPN,nmod,nmod,explicit_full,
848,405,one-to-one,dn_406,hrd_480,Giorgio,Giorgio,DET,PRON,nmod,nmod,explicit_ref_case,
849,405,one-to-one,dn_406,hrd_480,Giorgio,Giorgio,NULL,NULL,nsubj,nsubj,zero_zero_single,
850,406,one-to-one,dn_407,hrd_481,AlfonsoExili,AlfonsoExili,NOUN,NOUN,pred,pred,explicit_full,
851,406,one-to-one,dn_407,hrd_481,AlfonsoExili,AlfonsoExili,NOUN,NOUN,pred,pred,explicit_full,
852,406,one-to-one,dn_407,hrd_481,AlfonsoExili,AlfonsoExili,PROPN,NOUN,nsubj,nsubj,explicit_ref_case,
853,406,one-to-one,dn_407,hrd_481,AlfonsoExili,MISSING,PRON-REFLEX,MISSING,obj,MISSING,leftover_source,
854,406,one-to-one,dn_407,hrd_481,AlfonsoExili,MISSING,NOUN,MISSING,pred,MISSING,leftover_source,
855,406,one-to-one,dn_407,hrd_481,MISSING,AlfonsoExili,MISSING,NULL,MISSING,nsubj,leftover_target,
856,406,one-to-one,dn_407,hrd_481,MISSING,AlfonsoExili,MISSING,NULL,MISSING,nsubj,leftover_target,
857,406,one-to-one,dn_407,hrd_481,Giorgio,Giorgio,DET,PRON,nmod,nmod,explicit_ref_case,
858,407,one-to-many,dn_408,hrd_482 hrd_483,AlfonsoExili,AlfonsoExili,DET,DET,nmod,nmod,explicit_full,
859,407,one-to-many,dn_408,hrd_482 hrd_483,AlfonsoExili,AlfonsoExili,NOUN,NOUN,pred,obj,explicit_ref_pos,
860,407,one-to-many,dn_408,hrd_482 hrd_483,AlfonsoExili,MISSING,PRON,MISSING,nsubj,MISSING,leftover_source,
861,407,one-to-many,dn_408,hrd_482 hrd_483,AlfonsoExili,MISSING,NULL,MISSING,nsubj,MISSING,leftover_source,
862,407,one-to-many,dn_408,hrd_482 hrd_483,AlfonsoExili,MISSING,DET,MISSING,nmod,MISSING,leftover_source,
863,407,one-to-many,dn_408,hrd_482 hrd_483,AlfonsoExili,MISSING,DET,MISSING,nmod,MISSING,leftover_source,
864,408,one-to-many,dn_409,hrd_484 hrd_485 hrd_486,AlfonsoExili,AlfonsoExili,NULL,NULL,nsubj,nsubj,zero_zero_semantic,0.3052228534338521
865,408,one-to-many,dn_409,hrd_484 hrd_485 hrd_486,AlfonsoExili,AlfonsoExili,NULL,NULL,nsubj,nsubj,zero_zero_semantic,0.2966447568991605
866,408,one-to-many,dn_409,hrd_484 hrd_485 hrd_486,AlfonsoExili,AlfonsoExili,NULL,NULL,nsubj,nsubj,zero_zero_semantic,0.2595797061753206
867,408,one-to-many,dn_409,hrd_484 hrd_485 hrd_486,AlfonsoExili,AlfonsoExili,NULL,PRON,nsubj,nsubj,zero_to_tgt_anchor,
868,408,one-to-many,dn_409,hrd_484 hrd_485 hrd_486,AlfonsoExili,MISSING,PRON-REFLEX,MISSING,obj,MISSING,leftover_source,
869,408,one-to-many,dn_409,hrd_484 hrd_485 hrd_486,MISSING,AlfonsoExili,MISSING,PRON,MISSING,nsubj,leftover_target,
870,408,one-to-many,dn_409,hrd_484 hrd_485 hrd_486,butler,butler,NOUN,NOUN,nsubj,nsubj,explicit_full,
871,409,one-to-one,dn_410,hrd_487,AlfonsoExili,MISSING,NULL,MISSING,nsubj,MISSING,leftover_source,
872,409,one-to-one,dn_410,hrd_487,Giorgio,Giorgio,PRON,PRON,obj,obj,explicit_full,
873,409,one-to-one,dn_410,hrd_487,Giorgio,Giorgio,PROPN,NOUN,vocative,vocative,explicit_ref_case,
874,409,one-to-one,dn_410,hrd_487,MISSING,Giorgio,MISSING,NULL,MISSING,nsubj,leftover_target,
875,409,one-to-one,dn_410,hrd_487,MISSING,Giorgio,MISSING,NULL,MISSING,nsubj,leftover_target,
876,410,one-to-one,dn_411,hrd_488,AlfonsoExili,AlfonsoExili,NULL,NULL,nsubj,nsubj,zero_zero_single,
877,411,one-to-one,dn_412,hrd_489,AlfonsoExili,MISSING,PRON,MISSING,obj,MISSING,leftover_source,
878,411,one-to-one,dn_412,hrd_489,Giorgio,Giorgio,NULL,NULL,nsubj,nsubj,zero_zero_single,
879,414,one-to-one,dn_415,hrd_492,Giorgio,Giorgio,PROPN,NOUN,vocative,vocative,explicit_ref_case,
880,415,one-to-one,dn_416,hrd_493,AlfonsoExili,AlfonsoExili,PRON,PRON,nsubj,nsubj,explicit_full,
881,415,one-to-one,dn_416,hrd_493,AlfonsoExili,MISSING,DET,MISSING,nmod,MISSING,leftover_source,
882,416,one-to-many,dn_417,hrd_495 hrd_496,AlfonsoExili,AlfonsoExili,PRON,PRON,obj,obj,explicit_full,
883,416,one-to-many,dn_417,hrd_495 hrd_496,AlfonsoExili,AlfonsoExili,PRON,PRON,obj,obj,explicit_full,
884,416,one-to-many,dn_417,hrd_495 hrd_496,AlfonsoExili,AlfonsoExili,NOUN,NOUN,obj,obj,explicit_full,
885,416,one-to-many,dn_417,hrd_495 hrd_496,AlfonsoExili,MISSING,PRON,MISSING,obj,MISSING,leftover_source,
886,416,one-to-many,dn_417,hrd_495 hrd_496,Giorgio,Giorgio,PROPN,PROPN,nsubj,nsubj,explicit_full,
887,416,one-to-many,dn_417,hrd_495 hrd_496,Giorgio,Giorgio,PRON,PRON,nsubj,nsubj,explicit_full,
888,416,one-to-many,dn_417,hrd_495 hrd_496,Giorgio,Giorgio,NULL,NULL,nsubj,nsubj,zero_zero_semantic,0.2997428014841994
889,416,one-to-many,dn_417,hrd_495 hrd_496,Giorgio,MISSING,PRON-REFLEX,MISSING,obj,MISSING,leftover_source,
890,416,one-to-many,dn_417,hrd_495 hrd_496,MISSING,Giorgio,MISSING,NULL,MISSING,nsubj,leftover_target,
891,417,one-to-one,dn_418,hrd_494,AlfonsoExili,MISSING,NULL,MISSING,nsubj,MISSING,leftover_source,
892,417,one-to-one,dn_418,hrd_494,Giorgio,MISSING,PRON,MISSING,obj,MISSING,leftover_source,
893,417,one-to-one,dn_418,hrd_494,MISSING,Giorgio,MISSING,NULL,MISSING,nsubj,leftover_target,
894,418,one-to-one,dn_419,hrd_497,AlfonsoExili,AlfonsoExili,PROPN,NOUN,nsubj,nsubj,explicit_ref_case,
895,419,one-to-one,dn_420,hrd_498,Giorgio,Giorgio,NULL,NULL,nsubj,nsubj,zero_zero_single,
896,420,one-to-one,dn_421,hrd_499,AlfonsoExili,AlfonsoExili,NULL,NULL,nsubj,nsubj,zero_zero_single,
897,421,one-to-one,dn_422,hrd_500,AlfonsoExili,MISSING,PRON,MISSING,obj,MISSING,leftover_source,
898,421,one-to-one,dn_422,hrd_500,Giorgio,Giorgio,NULL,NULL,nsubj,nsubj,zero_zero_single,
899,422,one-to-one,dn_423,hrd_501,AlfonsoExili,AlfonsoExili,NULL,NULL,nsubj,nsubj,zero_zero_semantic,0.2999210794766744
900,422,one-to-one,dn_423,hrd_501,AlfonsoExili,MISSING,DET,MISSING,nmod,MISSING,leftover_source,
901,422,one-to-one,dn_423,hrd_501,MISSING,AlfonsoExili,MISSING,NULL,MISSING,nsubj,leftover_target,
902,422,one-to-one,dn_423,hrd_501,Giorgio,MISSING,PRON,MISSING,obj,MISSING,leftover_source,
903,423,one-to-one,dn_424,hrd_502,Giorgio,Giorgio,PROPN,PROPN,nsubj,nsubj,explicit_full,
904,424,one-to-one,dn_425,hrd_503,Giorgio,Giorgio,NULL,NULL,nsubj,nsubj,zero_zero_single,
905,424,one-to-one,dn_425,hrd_503,butler,butler,NOUN,NOUN,obj,obj,explicit_full,
906,425,one-to-one,dn_426,hrd_504,butler,butler,NOUN,NOUN,nsubj,nsubj,explicit_full,
907,426,one-to-one,dn_427,hrd_505,butler,butler,NULL,NULL,nsubj,nsubj,zero_zero_single,
908,427,one-to-one,dn_428,hrd_506,butler,butler,NOUN,NOUN,nsubj,nsubj,explicit_full,
909,428,many-to-one,dn_429 dn_430,hrd_507,Giorgio,MISSING,PRON,MISSING,obj,MISSING,leftover_source,
910,428,many-to-one,dn_429 dn_430,hrd_507,butler,butler,NULL,NULL,nsubj,nsubj,zero_zero_semantic,0.1415045846785818
911,428,many-to-one,dn_429 dn_430,hrd_507,butler,butler,NULL,NULL,nsubj,nsubj,zero_zero_semantic,0.42888668193703605
912,429,one-to-one,dn_431,hrd_508,butler,butler,NOUN,NOUN,nsubj,nsubj,explicit_full,
913,430,one-to-one,dn_432,hrd_509,butler,butler,NULL,NULL,nsubj,nsubj,zero_zero_single,
914,431,one-to-one,dn_433,hrd_510,AlfonsoExili,AlfonsoExili,PROPN,NOUN,nsubj,nsubj,explicit_ref_case,
915,431,one-to-one,dn_433,hrd_510,MISSING,AlfonsoExili,MISSING,NULL,MISSING,nsubj,leftover_target,
916,431,one-to-one,dn_433,hrd_510,butler,butler,NOUN,NOUN,nsubj,nsubj,explicit_full,
917,432,one-to-one,dn_434,hrd_511,AlfonsoExili,MISSING,PRON,MISSING,obj,MISSING,leftover_source,
918,432,one-to-one,dn_434,hrd_511,Giorgio,Giorgio,NULL,NULL,nsubj,nsubj,zero_zero_single,
919,434,one-to-one,dn_436,hrd_513,AlfonsoExili,AlfonsoExili,NULL,NULL,nsubj,nsubj,zero_zero_single,
920,436,one-to-one,dn_438,hrd_515,AlfonsoExili,AlfonsoExili,NULL,NULL,nsubj,nsubj,zero_zero_single,
921,437,one-to-one,dn_439,hrd_516,AlfonsoExili,AlfonsoExili,PRON,PRON,obj,obj,explicit_full,
922,437,one-to-one,dn_439,hrd_516,Giorgio,Giorgio,PROPN,PROPN,nsubj,nsubj,explicit_full,
923,437,one-to-one,dn_439,hrd_516,Giorgio,Giorgio,NULL,NULL,nsubj,nsubj,zero_zero_single,
924,438,one-to-one,dn_440,hrd_517,AlfonsoExili,AlfonsoExili,PROPN,NOUN,nsubj,nsubj,explicit_ref_case,
925,438,one-to-one,dn_440,hrd_517,MISSING,AlfonsoExili,MISSING,NULL,MISSING,nsubj,leftover_target,
926,438,one-to-one,dn_440,hrd_517,MISSING,AlfonsoExili,MISSING,NULL,MISSING,nsubj,leftover_target,
927,439,one-to-one,dn_441,hrd_518,AlfonsoExili,AlfonsoExili,NULL,NULL,nsubj,nsubj,zero_zero_single,
928,440,one-to-one,dn_442,hrd_519,Giorgio,Giorgio,PRON,PRON,nsubj,nsubj,explicit_full,
929,441,one-to-one,dn_443,hrd_520,AlfonsoExili,AlfonsoExili,NULL,PRON,nsubj,nsubj,zero_to_tgt_anchor,
930,441,one-to-one,dn_443,hrd_520,AlfonsoExili,MISSING,PRON-REFLEX,MISSING,obj,MISSING,leftover_source,
931,442,one-to-one,dn_444,hrd_521,Giorgio,MISSING,PRON,MISSING,nsubj,MISSING,leftover_source,
932,443,one-to-many,dn_445,hrd_522 hrd_523 hrd_524,AlfonsoExili,AlfonsoExili,NULL,NULL,nsubj,nsubj,zero_zero_semantic,0.19375546220489728
933,443,one-to-many,dn_445,hrd_522 hrd_523 hrd_524,AlfonsoExili,AlfonsoExili,NULL,NULL,nsubj,nsubj,zero_zero_semantic,0.5095525974387763
934,443,one-to-many,dn_445,hrd_522 hrd_523 hrd_524,AlfonsoExili,AlfonsoExili,NULL,PRON,nsubj,nsubj,zero_to_tgt_anchor,
935,443,one-to-many,dn_445,hrd_522 hrd_523 hrd_524,AlfonsoExili,MISSING,PRON-REFLEX,MISSING,obj,MISSING,leftover_source,
936,443,one-to-many,dn_445,hrd_522 hrd_523 hrd_524,AlfonsoExili,MISSING,PRON-REFLEX,MISSING,obj,MISSING,leftover_source,
937,443,one-to-many,dn_445,hrd_522 hrd_523 hrd_524,AlfonsoExili,MISSING,PRON-REFLEX,MISSING,obj,MISSING,leftover_source,
938,444,one-to-one,dn_446,hrd_525,Giorgio,Giorgio,DET,PRON,nmod,nmod,explicit_ref_case,
939,445,one-to-many,dn_447,hrd_526 hrd_527,Ippolita,Ippolita,PRON,NOUN,nsubj,nsubj,explicit_ref_case,
940,445,one-to-many,dn_447,hrd_526 hrd_527,Ippolita,MISSING,NULL,MISSING,nsubj,MISSING,leftover_source,
941,446,one-to-one,dn_448,hrd_528,AlfonsoExili,AlfonsoExili,PROPN,NOUN,vocative,vocative,explicit_ref_case,
942,446,one-to-one,dn_448,hrd_528,AlfonsoExili,AlfonsoExili,NULL,NULL,nsubj,nsubj,zero_zero_single,
943,447,one-to-one,dn_449,hrd_529,Giorgio,Giorgio,NULL,PRON,nsubj,nsubj,zero_to_tgt_anchor,
944,448,one-to-one,dn_450,hrd_530,Ippolita,Ippolita,PRON,NOUN,vocative,nsubj,explicit_ref_only,
945,450,one-to-one,dn_452,hrd_532,Ippolita,Ippolita,NULL,NULL,nsubj,nsubj,zero_zero_single,
946,451,one-to-one,dn_453,hrd_533,AlfonsoExili,AlfonsoExili,NULL,NULL,nsubj,nsubj,zero_zero_single,
947,451,one-to-one,dn_453,hrd_533,Ippolita,MISSING,PRON,MISSING,obj,MISSING,leftover_source,
948,452,one-to-one,dn_454,hrd_534,Ippolita,Ippolita,NULL,NULL,nsubj,nsubj,zero_zero_single,
949,453,one-to-one,dn_455,hrd_535,AlfonsoExili,MISSING,PRON,MISSING,obj,MISSING,leftover_source,
950,453,one-to-one,dn_455,hrd_535,Ippolita,MISSING,NULL,MISSING,nsubj,MISSING,leftover_source,
951,453,one-to-one,dn_455,hrd_535,Ippolitas-sister,Ippolitas-sister,NOUN,NOUN,obj,nsubj,explicit_ref_pos,
952,454,one-to-one,dn_456,hrd_536,AlfonsoExili,AlfonsoExili,PRON,PRON,nsubj,nsubj,explicit_full,
953,454,one-to-one,dn_456,hrd_536,AlfonsoExili,AlfonsoExili,NULL,NULL,nsubj,nsubj,zero_zero_single,
954,454,one-to-one,dn_456,hrd_536,AlfonsoExili,MISSING,PRON-REFLEX,MISSING,obj,MISSING,leftover_source,
955,455,one-to-one,dn_457,hrd_537,AlfonsoExili,AlfonsoExili,NULL,NULL,nsubj,nsubj,zero_zero_single,
956,456,one-to-many,dn_458,hrd_538 hrd_539,Ippolita,Ippolita,NULL,NULL,nsubj,nsubj,zero_zero_single,
957,456,one-to-many,dn_458,hrd_538 hrd_539,Ippolitas-husband,Ippolitas-husband,NOUN,NOUN,obj,obj,explicit_full,
958,457,one-to-one,dn_459,hrd_540,AlfonsoExili,AlfonsoExili,NULL,NULL,nsubj,nsubj,zero_zero_single,
959,457,one-to-one,dn_459,hrd_540,Ippolita,MISSING,NULL,MISSING,nsubj,MISSING,leftover_source,
960,458,one-to-one,dn_460,hrd_541,Ippolita,Ippolita,NULL,NULL,nsubj,nsubj,zero_zero_single,
961,459,one-to-one,dn_461,hrd_542,AlfonsoExili,AlfonsoExili,NULL,NULL,nsubj,nsubj,zero_zero_single,
962,459,one-to-one,dn_461,hrd_542,Ippolita,MISSING,PRON,MISSING,obj,MISSING,leftover_source,
963,460,one-to-one,dn_462,hrd_543,Giorgio,Giorgio,DET,PRON,nmod,nmod,explicit_ref_case,
964,460,one-to-one,dn_462,hrd_543,Giorgio,Giorgio,NULL,PRON,nsubj,nsubj,zero_to_tgt_anchor,
965,460,one-to-one,dn_462,hrd_543,MISSING,Monti,MISSING,NOUN,MISSING,obj,leftover_target,
966,461,one-to-one,dn_463,hrd_544,Monti,Monti,PROPN,PROPN,vocative,vocative,explicit_full,
967,462,many-to-one,dn_464 dn_465,hrd_545,Giorgio,Giorgio,PRON,PRON,nsubj,nsubj,explicit_full,
968,462,many-to-one,dn_464 dn_465,hrd_545,Monti,Monti,NOUN,NOUN,pred,pred,explicit_full,
969,462,many-to-one,dn_464 dn_465,hrd_545,Monti,Monti,NOUN,NOUN,pred,pred,explicit_full,
970,462,many-to-one,dn_464 dn_465,hrd_545,Monti,MISSING,PRON,MISSING,obj,MISSING,leftover_source,
971,462,many-to-one,dn_464 dn_465,hrd_545,MISSING,Monti,MISSING,NULL,MISSING,nsubj,leftover_target,
972,463,one-to-one,dn_466,hrd_546,Ippolita,MISSING,PRON,MISSING,obj,MISSING,leftover_source,
973,463,one-to-one,dn_466,hrd_546,Monti,Monti,NULL,NULL,nsubj,nsubj,zero_zero_single,
974,464,many-to-one,dn_467 dn_468,hrd_547,Giorgio,Giorgio,PRON,NULL,nsubj,nsubj,zero_to_src_anchor,
975,464,many-to-one,dn_467 dn_468,hrd_547,MISSING,Giorgio,MISSING,NULL,MISSING,nsubj,leftover_target,
976,465,one-to-one,dn_469,hrd_548,Monti,Monti,PROPN,NOUN,nsubj,nsubj,explicit_ref_case,
977,465,one-to-one,dn_469,hrd_548,MISSING,Monti,MISSING,NULL,MISSING,nsubj,leftover_target,
978,466,one-to-one,dn_470,hrd_549,AlfonsoExili,AlfonsoExili,NULL,PRON,nsubj,nsubj,zero_to_tgt_anchor,
979,467,one-to-one,dn_471,hrd_550,AlfonsoExili,AlfonsoExili,NULL,NULL,nsubj,nsubj,zero_zero_semantic,0.3771207588150146
980,467,one-to-one,dn_471,hrd_550,MISSING,AlfonsoExili,MISSING,NULL,MISSING,nsubj,leftover_target,
981,468,one-to-one,dn_472,hrd_551,Giorgio,Giorgio,PROPN,NOUN,vocative,vocative,explicit_ref_case,
982,468,one-to-one,dn_472,hrd_551,Giorgio,Giorgio,NULL,NULL,nsubj,nsubj,zero_zero_single,
983,469,one-to-many,dn_473,hrd_552 hrd_553,Giorgio,Giorgio,PROPN,PROPN,nsubj,nsubj,explicit_full,
984,469,one-to-many,dn_473,hrd_552 hrd_553,Giorgio,Giorgio,NULL,NULL,nsubj,nsubj,zero_zero_single,
985,470,one-to-one,dn_474,hrd_554,AlfonsoExili,AlfonsoExili,PROPN,PROPN,nsubj,obj,explicit_ref_pos,
986,470,one-to-one,dn_474,hrd_554,Giorgio,Giorgio,PRON,PRON,nsubj,nsubj,explicit_full,
987,470,one-to-one,dn_474,hrd_554,MISSING,Giorgio,MISSING,PRON,MISSING,nmod,leftover_target,
988,471,one-to-one,dn_475,hrd_555,Giorgio,Giorgio,PROPN,NOUN,vocative,vocative,explicit_ref_case,
989,472,one-to-one,dn_476,hrd_556,Giorgio,Giorgio,PRON,PRON,nsubj,nsubj,explicit_full,
990,472,one-to-one,dn_476,hrd_556,Giorgio,MISSING,PRON-REFLEX,MISSING,obj,MISSING,leftover_source,
991,473,one-to-one,dn_477,hrd_557,MISSING,AlfonsoExili,MISSING,NULL,MISSING,nsubj,leftover_target,
992,474,one-to-one,dn_478,hrd_558,AlfonsoExili,AlfonsoExili,NULL,NULL,nsubj,nsubj,zero_zero_single,
993,475,one-to-one,dn_479,hrd_559,AlfonsoExili,AlfonsoExili,NULL,NULL,nsubj,nsubj,zero_zero_single,
994,475,one-to-one,dn_479,hrd_559,AlfonsoExili,MISSING,PRON,MISSING,obj,MISSING,leftover_source,
995,476,one-to-one,dn_480,hrd_560,AlfonsoExili,AlfonsoExili,NULL,NULL,nsubj,nsubj,zero_zero_single,
996,476,one-to-one,dn_480,hrd_560,AlfonsoExili,MISSING,PRON,MISSING,obj,MISSING,leftover_source,
997,477,one-to-one,dn_481,hrd_561,AlfonsoExili,AlfonsoExili,PROPN,PROPN,nsubj,nsubj,explicit_full,
998,477,one-to-one,dn_481,hrd_561,AlfonsoExili,MISSING,PRON-REFLEX,MISSING,obj,MISSING,leftover_source,
999,477,one-to-one,dn_481,hrd_561,MISSING,AlfonsoExili,MISSING,NULL,MISSING,nsubj,leftover_target,
1000,478,one-to-one,dn_482,hrd_562,Giorgio,Giorgio,NULL,NULL,nsubj,nsubj,zero_zero_single,
1001,480,one-to-many,dn_484,hrd_564 hrd_565 hrd_566,AlfonsoExili,AlfonsoExili,NULL,NULL,nsubj,nsubj,zero_zero_semantic,0.3286557496760171
1002,480,one-to-many,dn_484,hrd_564 hrd_565 hrd_566,AlfonsoExili,AlfonsoExili,NULL,NULL,nsubj,nsubj,zero_zero_semantic,0.4179427886824061
1003,480,one-to-many,dn_484,hrd_564 hrd_565 hrd_566,AlfonsoExili,AlfonsoExili,NULL,PRON,nsubj,nsubj,zero_to_tgt_anchor,
1004,480,one-to-many,dn_484,hrd_564 hrd_565 hrd_566,AlfonsoExili,MISSING,PRON-REFLEX,MISSING,obj,MISSING,leftover_source,
1005,481,one-to-one,dn_485,hrd_567,MISSING,Giorgio,MISSING,NOUN,MISSING,vocative,leftover_target,
1006,482,one-to-one,dn_486,hrd_568,AlfonsoExili,AlfonsoExili,NULL,NULL,nsubj,nsubj,zero_zero_single,
1007,482,one-to-one,dn_486,hrd_568,AlfonsoExili,MISSING,DET,MISSING,nmod,MISSING,leftover_source,
1008,484,one-to-many,dn_488,hrd_571 hrd_572,AlfonsoExili,AlfonsoExili,NULL,PRON,nsubj,nsubj,zero_to_tgt_anchor,
1009,484,one-to-many,dn_488,hrd_571 hrd_572,Giorgio,Giorgio,PROPN,PROPN,nsubj,nsubj,explicit_full,
1010,484,one-to-many,dn_488,hrd_571 hrd_572,Giorgio,Giorgio,DET,PRON,nmod,nmod,explicit_ref_case,
1011,485,one-to-one,dn_489,hrd_573,AlfonsoExili,AlfonsoExili,NOUN,NOUN,nsubj,nsubj,explicit_full,
1012,485,one-to-one,dn_489,hrd_573,AlfonsoExili,MISSING,PRON-REFLEX,MISSING,obj,MISSING,leftover_source,
1013,486,one-to-one,dn_490,hrd_574,Giorgio,Giorgio,PRON,PRON,nsubj,nsubj,explicit_full,
1014,487,one-to-one,dn_491,hrd_575,AlfonsoExili,AlfonsoExili,NULL,NULL,nsubj,nsubj,zero_zero_single,
1015,488,one-to-many,dn_492,hrd_576 hrd_577,AlfonsoExili,AlfonsoExili,NULL,NULL,nsubj,nsubj,zero_zero_semantic,0.7965941555088475
1016,488,one-to-many,dn_492,hrd_576 hrd_577,AlfonsoExili,AlfonsoExili,NULL,NULL,nsubj,nsubj,zero_zero_semantic,0.35390577614307406
1017,488,one-to-many,dn_492,hrd_576 hrd_577,MISSING,AlfonsoExili,MISSING,PRON,MISSING,nsubj,leftover_target,
1018,488,one-to-many,dn_492,hrd_576 hrd_577,Giorgio,Giorgio,PROPN,PROPN,obj,obj,explicit_full,
1019,490,one-to-one,dn_494,hrd_579,MISSING,Giorgio Ippolita,MISSING,NULL,MISSING,nsubj,leftover_target,
1020,491,one-to-one,dn_495,hrd_580,Ippolita,Ippolita,PROPN,PROPN,nsubj,nsubj,explicit_full,
1021,492,one-to-many,dn_496,hrd_581 hrd_582,Giorgio Ippolita,Giorgio Ippolita,PRON,PRON,nsubj,obj,explicit_ref_pos,
1022,492,one-to-many,dn_496,hrd_581 hrd_582,MISSING,Giorgio Ippolita,MISSING,NULL,MISSING,nsubj,leftover_target,
1023,493,one-to-one,dn_497,hrd_583,Giorgio,Giorgio,PROPN,PROPN,nsubj,nsubj,explicit_full,
1024,494,one-to-one,dn_498,hrd_584,Ippolita,Ippolita,NULL,NULL,nsubj,nsubj,zero_zero_single,
1025,494,one-to-one,dn_498,hrd_584,Ippolita,MISSING,PRON-REFLEX,MISSING,obj,MISSING,leftover_source,
1026,495,one-to-one,dn_499,hrd_585,Ippolita,Ippolita,NULL,NULL,nsubj,nsubj,zero_zero_single,
1027,495,one-to-one,dn_499,hrd_585,Ippolita,MISSING,PRON-REFLEX,MISSING,obj,MISSING,leftover_source,
1028,497,one-to-one,dn_501,hrd_587,Giorgio,Giorgio,PRON,PRON,obj,nmod,explicit_ref_pos,
1029,497,one-to-one,dn_501,hrd_587,Ippolita,Ippolita,PRON,NULL,nsubj,nsubj,zero_to_src_anchor,
1030,498,one-to-many,dn_502,hrd_588 hrd_589,Giorgio,Giorgio,PRON,PRON,obj,nmod,explicit_ref_pos,
1031,498,one-to-many,dn_502,hrd_588 hrd_589,Ippolita,Ippolita,PRON,PRON,nsubj,nsubj,explicit_full,
1032,498,one-to-many,dn_502,hrd_588 hrd_589,Ippolita,Ippolita,NULL,NULL,nsubj,nsubj,zero_zero_single,
1033,498,one-to-many,dn_502,hrd_588 hrd_589,Ippolita,MISSING,PRON,MISSING,obj,MISSING,leftover_source,
1034,499,one-to-one,dn_503,hrd_590,Ippolita,Ippolita,NULL,NULL,nsubj,nsubj,zero_zero_single,
1035,500,one-to-one,dn_504,hrd_591,Ippolita,Ippolita,NULL,NULL,nsubj,nsubj,zero_zero_single,
1036,501,one-to-one,dn_505,hrd_592,Ippolita,Ippolita,NULL,NULL,nsubj,nsubj,zero_zero_semantic,0.3399154990911484
1037,501,one-to-one,dn_505,hrd_592,MISSING,Ippolita,MISSING,NULL,MISSING,nsubj,leftover_target,
1038,502,many-to-one,dn_506 dn_507,hrd_593,Giorgio,Giorgio,PRON,NULL,nsubj,nsubj,zero_to_src_anchor,
1039,502,many-to-one,dn_506 dn_507,hrd_593,Ippolita,Ippolita,PRON,PRON,obj,nmod,explicit_ref_pos,
1040,502,many-to-one,dn_506 dn_507,hrd_593,Ippolitas-family,Ippolitas-family,NULL,NOUN,nsubj,nsubj,zero_to_tgt_anchor,
1041,503,one-to-one,dn_508,hrd_594,Giorgio,Giorgio,PRON,PRON,obj,obj,explicit_full,
1042,503,one-to-one,dn_508,hrd_594,Ippolita,Ippolita,NULL,NULL,nsubj,nsubj,zero_zero_single,
1043,504,one-to-one,dn_509,hrd_595,Ippolita Ippolitas-family,MISSING,NULL,MISSING,nsubj,MISSING,leftover_source,
1044,505,one-to-one,dn_510,hrd_596,Giorgio Ippolita,Giorgio Ippolita,NULL,NULL,nsubj,nsubj,zero_zero_single,
1045,505,one-to-one,dn_510,hrd_596,Giorgio Ippolita,MISSING,PRON-REFLEX,MISSING,obj,MISSING,leftover_source,
1046,509,one-to-one,dn_514,hrd_600,Giorgio,MISSING,DET,MISSING,nmod,MISSING,leftover_source,
1047,510,one-to-one,dn_515,hrd_601,Giorgio,Giorgio,PRON,PRON,nsubj,nsubj,explicit_full,
1048,510,one-to-one,dn_515,hrd_601,Giorgio,Giorgio,NULL,NULL,nsubj,nsubj,zero_zero_semantic,0.3742644048986896
1049,510,one-to-one,dn_515,hrd_601,Giorgio,Giorgio,NULL,NULL,nsubj,nsubj,zero_zero_semantic,0.40194582123118516
1050,511,one-to-many,dn_516,hrd_602 hrd_603,Giorgio,Giorgio,NULL,NULL,nsubj,nsubj,zero_zero_semantic,0.24428448350331106
1051,511,one-to-many,dn_516,hrd_602 hrd_603,Giorgio,Giorgio,NULL,PRON,nsubj,nsubj,zero_to_tgt_anchor,
1052,511,one-to-many,dn_516,hrd_602 hrd_603,Ippolita,Ippolita,PRON,PRON,obj,obj,explicit_full,
1053,511,one-to-many,dn_516,hrd_602 hrd_603,Ippolita,MISSING,PRON,MISSING,obj,MISSING,leftover_source,
1054,512,one-to-one,dn_517,hrd_604,Giorgio,Giorgio,NULL,NULL,nsubj,nsubj,zero_zero_single,
1055,512,one-to-one,dn_517,hrd_604,Giorgio,MISSING,PRON-REFLEX,MISSING,obj,MISSING,leftover_source,
1056,513,one-to-one,dn_518,hrd_605,Giorgio,Giorgio,NULL,NULL,nsubj,nsubj,zero_zero_single,
1057,513,one-to-one,dn_518,hrd_605,Giorgio,MISSING,PRON-REFLEX,MISSING,obj,MISSING,leftover_source,
1058,514,one-to-one,dn_519,hrd_606,Ippolita,Ippolita,NULL,NULL,nsubj,nsubj,zero_zero_semantic,0.4024293030020576
1059,514,one-to-one,dn_519,hrd_606,Ippolita,Ippolita,NULL,NULL,nsubj,nsubj,zero_zero_semantic,0.28332602128042866
1060,514,one-to-one,dn_519,hrd_606,Ippolita,MISSING,PRON-REFLEX,MISSING,obj,MISSING,leftover_source,
1061,514,one-to-one,dn_519,hrd_606,MISSING,Ippolita,MISSING,NULL,MISSING,nsubj,leftover_target,
1062,515,one-to-one,dn_520,hrd_607,Ippolita,Ippolita,PRON,PRON,nsubj,nsubj,explicit_full,
1063,516,one-to-one,dn_521,hrd_608,Ippolita,Ippolita,DET,PRON,nmod,nmod,explicit_ref_case,
1064,516,one-to-one,dn_521,hrd_608,Ippolita,MISSING,NULL,MISSING,nsubj,MISSING,leftover_source,
1065,516,one-to-one,dn_521,hrd_608,Ippolitas-husband,Ippolitas-husband,NOUN,PRON,nsubj,nsubj,explicit_ref_case,
1066,516,one-to-one,dn_521,hrd_608,MISSING,Ippolitas-husband,MISSING,NULL,MISSING,nsubj,leftover_target,
1067,517,one-to-one,dn_522,hrd_609,Giorgio,MISSING,PRON,MISSING,obj,MISSING,leftover_source,
1068,517,one-to-one,dn_522,hrd_609,Ippolita,MISSING,NULL,MISSING,nsubj,MISSING,leftover_source,
1069,518,one-to-many,dn_523,hrd_610 hrd_611,Ippolita,Ippolita,NULL,NULL,nsubj,nsubj,zero_zero_semantic,0.16429408659050843
1070,518,one-to-many,dn_523,hrd_610 hrd_611,Ippolita,Ippolita,NULL,NULL,nsubj,nsubj,zero_zero_semantic,0.3532524248793568
1071,519,one-to-one,dn_524,hrd_612,Ippolita,Ippolita,NULL,NULL,nsubj,nsubj,zero_zero_semantic,0.1530589461326599
1072,519,one-to-one,dn_524,hrd_612,Ippolita,Ippolita,NULL,NULL,nsubj,nsubj,zero_zero_semantic,0.2295405173843557
1073,519,one-to-one,dn_524,hrd_612,MISSING,Ippolita,MISSING,NULL,MISSING,nsubj,leftover_target,
1074,522,one-to-one,dn_527,hrd_615,Giorgio,Giorgio,PRON,PRON,nsubj,nsubj,explicit_full,
1075,522,one-to-one,dn_527,hrd_615,Giorgio,MISSING,DET,MISSING,nmod,MISSING,leftover_source,
1076,522,one-to-one,dn_527,hrd_615,Giorgio Ippolita,Giorgio Ippolita,NULL,PRON,nsubj,nsubj,zero_to_tgt_anchor,
1077,523,one-to-one,dn_528,hrd_616,Giorgio,Giorgio,PRON,PRON,nsubj,nsubj,explicit_full,
1078,524,one-to-one,dn_529,hrd_617,Ippolita,Ippolita,PRON,PRON,nsubj,nsubj,explicit_full,
1079,525,one-to-one,dn_530,hrd_618,Giorgio,Giorgio,PROPN,PROPN,nsubj,nsubj,explicit_full,
1080,527,one-to-one,dn_532,hrd_620,Giorgio,Giorgio,NULL,NULL,nsubj,nsubj,zero_zero_single,
1081,527,one-to-one,dn_532,hrd_620,MISSING,Giorgio,MISSING,PRON,MISSING,nsubj,leftover_target,
1082,527,one-to-one,dn_532,hrd_620,MISSING,Ippolita,MISSING,PRON,MISSING,nmod,leftover_target,
1083,527,one-to-one,dn_532,hrd_620,Ippolitas-husband,MISSING,NOUN,MISSING,obj,MISSING,leftover_source,
1084,528,one-to-one,dn_533,hrd_621,Ippolita,Ippolita,PRON,PRON,nsubj,nsubj,explicit_full,
1085,528,one-to-one,dn_533,hrd_621,Ippolita,MISSING,NULL,MISSING,nsubj,MISSING,leftover_source,
1086,529,one-to-one,dn_534,hrd_622,Giorgio,Giorgio,PRON,PRON,nsubj,nsubj,explicit_full,
1087,530,one-to-one,dn_535,hrd_623,Giorgio,Giorgio,PRON,PRON,obj,obj,explicit_full,
1088,530,one-to-one,dn_535,hrd_623,Ippolitas-husband,Ippolitas-husband,NOUN,NOUN,nsubj,nsubj,explicit_full,
1089,531,one-to-one,dn_536,hrd_624,Giorgio,Giorgio,PRON,NOUN,obj,obj,explicit_ref_case,
1090,531,one-to-one,dn_536,hrd_624,Giorgio,Giorgio,DET,PRON,nmod,nmod,explicit_ref_case,
1091,531,one-to-one,dn_536,hrd_624,MISSING,Giorgio,MISSING,PRON,MISSING,nsubj,leftover_target,
1092,531,one-to-one,dn_536,hrd_624,MISSING,Giorgio,MISSING,NULL,MISSING,nsubj,leftover_target,
1093,531,one-to-one,dn_536,hrd_624,Ippolitas-husband,MISSING,PRON,MISSING,nsubj,MISSING,leftover_source,
1094,532,one-to-one,dn_537,hrd_625,Giorgio,Giorgio,NULL,NULL,nsubj,nsubj,zero_zero_semantic,0.3184076790556763
1095,532,one-to-one,dn_537,hrd_625,Giorgio,Giorgio,PRON-REFLEX,PRON,obj,obj,reflex_obj,
1096,532,one-to-one,dn_537,hrd_625,MISSING,Giorgio,MISSING,NULL,MISSING,nsubj,leftover_target,
1097,533,one-to-one,dn_538,hrd_626,Giorgio,Giorgio,PRON,PRON,nsubj,nsubj,explicit_full,
1098,535,one-to-one,dn_540,hrd_628,Giorgio,Giorgio,PRON,PRON,nsubj,nsubj,explicit_full,
1099,535,one-to-one,dn_540,hrd_628,Giorgio,Giorgio,DET,PRON,nmod,nmod,explicit_ref_case,
1100,535,one-to-one,dn_540,hrd_628,MISSING,Giorgio,MISSING,NULL,MISSING,nsubj,leftover_target,
1101,535,one-to-one,dn_540,hrd_628,Ippolita,Ippolita,PROPN,PROPN,nmod,nmod,explicit_full,
1102,536,one-to-one,dn_541,hrd_629,Ippolita,Ippolita,PRON,PRON,nsubj,nsubj,explicit_full,
1103,537,one-to-one,dn_542,hrd_630,Giorgio Ippolita,Giorgio Ippolita,NULL,NULL,nsubj,nsubj,zero_zero_single,
1104,538,one-to-one,dn_543,hrd_631,MISSING,Giorgio Ippolita,MISSING,NULL,MISSING,nsubj,leftover_target,
1105,540,one-to-one,dn_545,hrd_633,Ippolita,Ippolita,PRON,NULL,nsubj,nsubj,zero_to_src_anchor,
1106,540,one-to-one,dn_545,hrd_633,Ippolita,MISSING,NOUN,MISSING,nmod,MISSING,leftover_source,
1107,540,one-to-one,dn_545,hrd_633,Ippolitas-mother,Ippolitas-mother,NOUN,NOUN,obj,obj,explicit_full,
1108,541,one-to-many,dn_546,hrd_634 hrd_635,Ippolita,Ippolita,NULL,NULL,nsubj,nsubj,zero_zero_single,
1109,541,one-to-many,dn_546,hrd_634 hrd_635,Ippolitas-mother,Ippolitas-mother,NOUN,NOUN,vocative,vocative,explicit_full,
1110,541,one-to-many,dn_546,hrd_634 hrd_635,Ippolitas-mother,MISSING,NULL,MISSING,nsubj,MISSING,leftover_source,
1111,542,one-to-one,dn_547,hrd_636,Ippolita,Ippolita,NULL,NULL,nsubj,nsubj,zero_zero_single,
1112,542,one-to-one,dn_547,hrd_636,Ippolitas-mother,MISSING,PRON,MISSING,obj,MISSING,leftover_source,
1113,543,one-to-one,dn_548,hrd_637,Ippolita,Ippolita,NULL,NULL,nsubj,nsubj,zero_zero_single,
1114,543,one-to-one,dn_548,hrd_637,Ippolitas-mother,MISSING,PRON,MISSING,obj,MISSING,leftover_source,
1115,544,one-to-one,dn_549,hrd_638,Giorgio,Giorgio,NULL,NULL,nsubj,nsubj,zero_zero_single,
1116,544,one-to-one,dn_549,hrd_638,MISSING,Ippolita,MISSING,PRON,MISSING,obj,leftover_target,
1117,545,one-to-one,dn_550,hrd_639,Ippolita,Ippolita,PRON,PRON,nsubj,nsubj,explicit_full,
1118,545,one-to-one,dn_550,hrd_639,Ippolita,Ippolita,NULL,NULL,nsubj,nsubj,zero_zero_single,
1119,546,one-to-one,dn_551,hrd_640,Giorgio,Giorgio,PRON,PRON,nsubj,nsubj,explicit_full,
1120,546,one-to-one,dn_551,hrd_640,MISSING,Giorgio,MISSING,NULL,MISSING,nsubj,leftover_target,
1121,546,one-to-one,dn_551,hrd_640,Ippolita,Ippolita,PRON,DET,obj,nmod,explicit_ref_only,
1122,547,one-to-one,dn_552,hrd_641,Giorgio,Giorgio,PRON,PRON,obj,nsubj,explicit_ref_pos,
1123,547,one-to-one,dn_552,hrd_641,Ippolita,Ippolita,PRON,PRON,nsubj,nsubj,explicit_full,
1124,547,one-to-one,dn_552,hrd_641,Ippolitas-mother,Ippolitas-mother,NOUN,NOUN,obj,obj,explicit_full,
1125,548,one-to-one,dn_553,hrd_642,Giorgio,Giorgio,NULL,PRON,nsubj,nsubj,zero_to_tgt_anchor,
1126,548,one-to-one,dn_553,hrd_642,Ippolitas-husband,MISSING,NOUN,MISSING,nmod,MISSING,leftover_source,
1127,549,one-to-one,dn_554,hrd_643,Giorgio,Giorgio,PRON,PRON,nsubj,nsubj,explicit_full,
1128,549,one-to-one,dn_554,hrd_643,Giorgio,Giorgio,DET,PRON,nmod,nmod,explicit_ref_case,
1129,549,one-to-one,dn_554,hrd_643,Ippolita,Ippolita,DET,PRON,nmod,nmod,explicit_ref_case,
1130,550,one-to-one,dn_555,hrd_644,Giorgio,Giorgio,DET,PRON,nmod,nmod,explicit_ref_case,
1131,550,one-to-one,dn_555,hrd_644,Giorgio,Giorgio,DET,PRON,nmod,nmod,explicit_ref_case,
1132,550,one-to-one,dn_555,hrd_644,Giorgio,Giorgio,NULL,PRON,nsubj,nsubj,zero_to_tgt_anchor,
1133,550,one-to-one,dn_555,hrd_644,Giorgio,MISSING,NULL,MISSING,nsubj,MISSING,leftover_source,
1134,550,one-to-one,dn_555,hrd_644,Giorgio,MISSING,PRON-REFLEX,MISSING,obj,MISSING,leftover_source,
1135,550,one-to-one,dn_555,hrd_644,MISSING,Giorgio,MISSING,PRON,MISSING,nmod,leftover_target,
1136,550,one-to-one,dn_555,hrd_644,Ippolita,Ippolita,PRON,PRON,obj,obj,explicit_full,
1137,550,one-to-one,dn_555,hrd_644,Ippolita,MISSING,NULL,MISSING,nsubj,MISSING,leftover_source,
1138,551,one-to-many,dn_556,hrd_645 hrd_646,Giorgio,Giorgio,PRON,PRON,nsubj,nsubj,explicit_full,
1139,551,one-to-many,dn_556,hrd_645 hrd_646,Giorgio,Giorgio,NULL,NULL,nsubj,nsubj,zero_zero_semantic,0.33863619358945285
1140,551,one-to-many,dn_556,hrd_645 hrd_646,Giorgio,Giorgio,NULL,PRON,nsubj,nsubj,zero_to_tgt_anchor,
1141,551,one-to-many,dn_556,hrd_645 hrd_646,Ippolita,Ippolita,PRON,PRON,obj,obj,explicit_full,
1142,551,one-to-many,dn_556,hrd_645 hrd_646,Ippolita,Ippolita,PRON,PRON,obj,obj,explicit_full,
1143,551,one-to-many,dn_556,hrd_645 hrd_646,Ippolita,Ippolita,PRON,PRON,obj,obj,explicit_full,
1144,551,one-to-many,dn_556,hrd_645 hrd_646,Ippolita,Ippolita,PRON,PRON,obj,nsubj,explicit_ref_pos,
1145,553,one-to-one,dn_558,hrd_648,Ippolita,Ippolita,PRON,PRON,nsubj,nsubj,explicit_full,
1146,554,one-to-one,dn_559,hrd_649,Giorgio Ippolita,Giorgio Ippolita,NULL,NULL,nsubj,nsubj,zero_zero_single,
1147,555,one-to-one,dn_560,hrd_650,Giorgio,Giorgio,NULL,NULL,nsubj,nsubj,zero_zero_single,
1148,555,one-to-one,dn_560,hrd_650,Giorgio,MISSING,PRON,MISSING,nsubj,MISSING,leftover_source,
1149,557,one-to-many,dn_562,hrd_652 hrd_653,Giorgio,Giorgio,NULL,NULL,nsubj,nsubj,zero_zero_semantic,0.13564009762691182
1150,557,one-to-many,dn_562,hrd_652 hrd_653,Giorgio,MISSING,NULL,MISSING,nsubj,MISSING,leftover_source,
1151,558,one-to-one,dn_563,hrd_654,Giorgio Ippolita,Giorgio Ippolita,NULL,NULL,nsubj,nsubj,zero_zero_single,
1152,559,one-to-many,dn_564,hrd_655 hrd_656 hrd_657,Giorgio,Giorgio,PRON,PRON,nsubj,nmod,explicit_ref_pos,
1153,559,one-to-many,dn_564,hrd_655 hrd_656 hrd_657,Ippolita,Ippolita,PRON,PRON,nsubj,nsubj,explicit_full,
1154,559,one-to-many,dn_564,hrd_655 hrd_656 hrd_657,Ippolita,Ippolita,NULL,NULL,nsubj,nsubj,zero_zero_semantic,0.1630009823158139
1155,559,one-to-many,dn_564,hrd_655 hrd_656 hrd_657,Ippolita,Ippolita,NULL,NULL,nsubj,nsubj,zero_zero_semantic,0.3764821333963363
1156,559,one-to-many,dn_564,hrd_655 hrd_656 hrd_657,Ippolita,MISSING,PRON-REFLEX,MISSING,obj,MISSING,leftover_source,
1157,560,one-to-one,dn_565,hrd_658,Ippolita,Ippolita,NULL,NULL,nsubj,nsubj,zero_zero_single,
1158,561,one-to-many,dn_566,hrd_659 hrd_660,Giorgio,Giorgio,PRON,PRON,nsubj,nsubj,explicit_full,
1159,561,one-to-many,dn_566,hrd_659 hrd_660,MISSING,Giorgio,MISSING,NULL,MISSING,nsubj,leftover_target,
1160,561,one-to-many,dn_566,hrd_659 hrd_660,Ippolita,Ippolita,PRON,PRON,obj,nmod,explicit_ref_pos,
1161,562,one-to-many,dn_567,hrd_661 hrd_662,Giorgio,Giorgio,NULL,NULL,nsubj,nsubj,zero_zero_single,
1162,562,one-to-many,dn_567,hrd_661 hrd_662,MISSING,Giorgio,MISSING,PRON,MISSING,nsubj,leftover_target,
1163,563,one-to-one,dn_568,hrd_663,Giorgio,Giorgio,NULL,PRON,nsubj,nsubj,zero_to_tgt_anchor,
1164,563,one-to-one,dn_568,hrd_663,Ippolita,Ippolita,PRON,PRON,nsubj,nsubj,explicit_full,
1165,564,one-to-one,dn_569,hrd_664,Ippolita,Ippolita,NULL,NULL,nsubj,nsubj,zero_zero_single,
1166,565,one-to-one,dn_570,hrd_665,Ippolita,Ippolita,NULL,NULL,nsubj,nsubj,zero_zero_single,
1167,566,one-to-one,dn_571,hrd_666,Ippolita,Ippolita,PRON,PRON,nsubj,nsubj,explicit_full,
1168,566,one-to-one,dn_571,hrd_666,Ippolita,Ippolita,DET,PRON,nmod,nmod,explicit_ref_case,
1169,567,one-to-one,dn_572,hrd_667,Giorgio,Giorgio,PRON,PRON,nsubj,nsubj,explicit_full,
1170,567,one-to-one,dn_572,hrd_667,Giorgio,Giorgio,DET,PRON,nmod,nmod,explicit_ref_case,
1171,567,one-to-one,dn_572,hrd_667,MISSING,Giorgio,MISSING,NULL,MISSING,nsubj,leftover_target,
1172,568,many-to-one,dn_573 dn_574,hrd_668,Giorgio,Giorgio,PRON,PRON,obj,obj,explicit_full,
1173,568,many-to-one,dn_573 dn_574,hrd_668,Ippolita,Ippolita,PRON,PRON,nsubj,nsubj,explicit_full,
1174,568,many-to-one,dn_573 dn_574,hrd_668,Ippolita,Ippolita,PRON,PRON,obj,obj,explicit_full,
1175,568,many-to-one,dn_573 dn_574,hrd_668,Ippolita,Ippolita,NULL,NULL,nsubj,nsubj,zero_zero_semantic,0.22025706984146717
1176,568,many-to-one,dn_573 dn_574,hrd_668,Ippolita,MISSING,NULL,MISSING,nsubj,MISSING,leftover_source,
1177,568,many-to-one,dn_573 dn_574,hrd_668,Ippolita,MISSING,PRON,MISSING,obj,MISSING,leftover_source,
1178,569,one-to-one,dn_575,hrd_669,AlfonsoExili,AlfonsoExili,PROPN,PROPN,nsubj,nsubj,explicit_full,
1179,569,one-to-one,dn_575,hrd_669,Monti,Monti,NOUN,NOUN,nsubj,nsubj,explicit_full,
1180,569,one-to-one,dn_575,hrd_669,Monti,MISSING,PRON,MISSING,obj,MISSING,leftover_source,
1181,570,one-to-one,dn_576,hrd_670,Ippolita,Ippolita,PRON,PRON,nsubj,nsubj,explicit_full,
1182,571,one-to-one,dn_577,hrd_671,Ippolita,Ippolita,NULL,PRON,nsubj,nsubj,zero_to_tgt_anchor,
1183,571,one-to-one,dn_577,hrd_671,Ippolita,MISSING,PRON-REFLEX,MISSING,obj,MISSING,leftover_source,
1184,572,one-to-many,dn_578,hrd_672 hrd_673,Ippolita,Ippolita,PRON,PRON,obj,obj,explicit_full,
1185,572,one-to-many,dn_578,hrd_672 hrd_673,Ippolita,Ippolita,NULL,NULL,nsubj,nsubj,zero_zero_single,
1186,573,one-to-one,dn_579,hrd_674,CountessAlbertini,CountessAlbertini,NOUN,PROPN,nsubj,obj,explicit_ref_only,
1187,573,one-to-one,dn_579,hrd_674,Giorgio,Giorgio,PRON,PRON,obj,nsubj,explicit_ref_pos,
1188,574,one-to-one,dn_580,hrd_675,CountessAlbertini,CountessAlbertini,PRON,NOUN,nsubj,nsubj,explicit_ref_case,
1189,574,one-to-one,dn_580,hrd_675,CountessAlbertini,CountessAlbertini,NULL,NULL,nsubj,nsubj,zero_zero_semantic,0.5079480187690004
1190,574,one-to-one,dn_580,hrd_675,MISSING,CountessAlbertini,MISSING,NULL,MISSING,nsubj,leftover_target,
1191,574,one-to-one,dn_580,hrd_675,CountessAlbertinis-husband,CountessAlbertinis-husband,NOUN,NOUN,obj,obj,explicit_full,
1192,575,one-to-one,dn_581,hrd_676,Giorgio,Giorgio,PRON,PRON,obj,nmod,explicit_ref_pos,
1193,576,one-to-one,dn_582,hrd_677,Giorgio,Giorgio,PRON,PRON,nsubj,nsubj,explicit_full,
1194,577,one-to-one,dn_583,hrd_678,Giorgio,Giorgio,DET,PRON,nmod,nsubj,explicit_ref_only,
1195,578,one-to-one,dn_584,hrd_679,Giorgio,Giorgio,PRON,PRON,nsubj,nsubj,explicit_full,
1196,578,one-to-one,dn_584,hrd_679,MISSING,Ippolita,MISSING,NOUN,MISSING,nmod,leftover_target,
1197,580,one-to-one,dn_586,hrd_681,Ippolita,Ippolita,PRON,PRON,nsubj,nsubj,explicit_full,
1198,580,one-to-one,dn_586,hrd_681,Ippolita,MISSING,PRON,MISSING,obj,MISSING,leftover_source,
1199,580,one-to-one,dn_586,hrd_681,MISSING,Ippolita,MISSING,NULL,MISSING,nsubj,leftover_target,
1200,581,one-to-one,dn_587,hrd_682,Ippolita,Ippolita,PRON,NULL,nsubj,nsubj,zero_to_src_anchor,
1201,585,one-to-one,dn_591,hrd_686,Ippolita,Ippolita,PRON,PRON,nsubj,nsubj,explicit_full,
1202,585,one-to-one,dn_591,hrd_686,MISSING,Ippolita,MISSING,NULL,MISSING,nsubj,leftover_target,
1203,586,one-to-one,dn_592,hrd_687,Giorgio,Giorgio,NOUN,NOUN,nmod,nmod,explicit_full,
1204,586,one-to-one,dn_592,hrd_687,Ippolita,Ippolita,NULL,NULL,nsubj,nsubj,zero_zero_semantic,0.31025075186865486
1205,586,one-to-one,dn_592,hrd_687,Ippolita,MISSING,PRON-REFLEX,MISSING,obj,MISSING,leftover_source,
1206,586,one-to-one,dn_592,hrd_687,MISSING,Ippolita,MISSING,PRON,MISSING,nsubj,leftover_target,
1207,586,one-to-one,dn_592,hrd_687,MISSING,Ippolita,MISSING,DET,MISSING,nmod,leftover_target,
1208,586,one-to-one,dn_592,hrd_687,MISSING,Ippolita,MISSING,NULL,MISSING,nsubj,leftover_target,
1209,587,one-to-one,dn_593,hrd_688,Ippolita,Ippolita,PRON,PRON,nsubj,nmod,explicit_ref_pos,
1210,587,one-to-one,dn_593,hrd_688,Ippolita,MISSING,NULL,MISSING,nsubj,MISSING,leftover_source,
1211,587,one-to-one,dn_593,hrd_688,MISSING,Ippolita,MISSING,PRON,MISSING,obj,leftover_target,
1212,591,one-to-one,dn_597,hrd_692,Giorgio Ippolita,Giorgio Ippolita,PRON,NULL,nsubj,nsubj,zero_to_src_anchor,
1213,591,one-to-one,dn_597,hrd_692,Ippolita,MISSING,NULL,MISSING,nsubj,MISSING,leftover_source,
1214,592,one-to-one,dn_598,hrd_693,Giorgio,Giorgio,PROPN,PROPN,obj,nsubj,explicit_ref_pos,
1215,593,one-to-one,dn_599,hrd_694,Giorgio,Giorgio,PRON,PRON,nsubj,nsubj,explicit_full,
1216,593,one-to-one,dn_599,hrd_694,Giorgio,MISSING,PRON-REFLEX,MISSING,obj,MISSING,leftover_source,
1217,594,one-to-one,dn_600,hrd_695,Giorgio,Giorgio,NULL,NULL,nsubj,nsubj,zero_zero_semantic,0.40113558855813436
1218,594,one-to-one,dn_600,hrd_695,Giorgio,Giorgio,NULL,PRON,nsubj,nsubj,zero_to_tgt_anchor,
1219,594,one-to-one,dn_600,hrd_695,Ippolita,Ippolita,PROPN,PROPN,nmod,nmod,explicit_full,
1220,596,one-to-one,dn_602,hrd_697,Ippolita,Ippolita,NULL,PRON,nsubj,nsubj,zero_to_tgt_anchor,
1221,597,one-to-one,dn_603 dn_604 dn_605,hrd_698 hrd_699 hrd_700 hrd_701 hrd_702 hrd_703 hrd_704 hrd_705 hrd_706,MISSING,Ippolita,MISSING,NULL,MISSING,nsubj,leftover_target,
1222,598,one-to-one,dn_606,hrd_707,Ippolita,Ippolita,PROPN,PROPN,nsubj,nsubj,explicit_full,
1223,598,one-to-one,dn_606,hrd_707,Ippolita,Ippolita,NULL,NULL,nsubj,nsubj,zero_zero_semantic,0.3652408462092133
1224,598,one-to-one,dn_606,hrd_707,MISSING,Ippolita,MISSING,NULL,MISSING,nsubj,leftover_target,
1225,598,one-to-one,dn_606,hrd_707,MISSING,Ippolita,MISSING,NULL,MISSING,nsubj,leftover_target,
1226,600,many-to-one,dn_608 dn_609,hrd_709,Giorgio,Giorgio,PRON,PRON,nsubj,nsubj,explicit_full,
1227,600,many-to-one,dn_608 dn_609,hrd_709,MISSING,Giorgio,MISSING,NULL,MISSING,nsubj,leftover_target,
1228,601,one-to-many,dn_610,hrd_710 hrd_711,Giorgio,Giorgio,NULL,NULL,nsubj,nsubj,zero_zero_semantic,0.5465689554910982
1229,601,one-to-many,dn_610,hrd_710 hrd_711,Giorgio,Giorgio,NULL,NULL,nsubj,nsubj,zero_zero_semantic,0.2779591242416521
1230,601,one-to-many,dn_610,hrd_710 hrd_711,Giorgio,Giorgio,PRON,NULL,nsubj,nsubj,zero_to_src_anchor,
1231,601,one-to-many,dn_610,hrd_710 hrd_711,Giorgio,MISSING,PRON,MISSING,obj,MISSING,leftover_source,
1232,603,one-to-one,dn_612,hrd_713,Giorgio,Giorgio,PRON,PRON,nsubj,nsubj,explicit_full,
1233,603,one-to-one,dn_612,hrd_713,Giorgio,MISSING,NULL,MISSING,nsubj,MISSING,leftover_source,
1234,603,one-to-one,dn_612,hrd_713,MISSING,Giorgio,MISSING,PRON,MISSING,nmod,leftover_target,
1235,604,one-to-many,dn_613,hrd_714 hrd_715,MISSING,Giorgio,MISSING,NULL,MISSING,nsubj,leftover_target,
1236,604,one-to-many,dn_613,hrd_714 hrd_715,MISSING,Giorgio,MISSING,NULL,MISSING,nsubj,leftover_target,
1237,606,one-to-many,dn_615,hrd_717 hrd_718 hrd_719 hrd_720 hrd_721,MISSING,Giorgio,MISSING,NULL,MISSING,nsubj,leftover_target,
1238,606,one-to-many,dn_615,hrd_717 hrd_718 hrd_719 hrd_720 hrd_721,MISSING,Giorgio,MISSING,NULL,MISSING,nsubj,leftover_target,
1239,606,one-to-many,dn_615,hrd_717 hrd_718 hrd_719 hrd_720 hrd_721,MISSING,Giorgio,MISSING,NULL,MISSING,nsubj,leftover_target,
1240,606,one-to-many,dn_615,hrd_717 hrd_718 hrd_719 hrd_720 hrd_721,MISSING,Giorgio,MISSING,NULL,MISSING,nsubj,leftover_target,
1241,607,one-to-one,dn_616,hrd_722,Ippolita,Ippolita,PROPN,PROPN,nsubj,nsubj,explicit_full,
1242,608,one-to-one,dn_617,hrd_723,Ippolita,Ippolita,PRON,PRON,nsubj,nsubj,explicit_full,
1243,609,one-to-one,dn_618,hrd_724,Ippolita,Ippolita,PRON,PRON,nsubj,nsubj,explicit_full,
1244,610,one-to-one,dn_619,hrd_725,Giorgio,Giorgio,NULL,NULL,nsubj,nsubj,zero_zero_single,
1245,610,one-to-one,dn_619,hrd_725,Ippolita,MISSING,PRON,MISSING,obj,MISSING,leftover_source,
1246,611,one-to-many,dn_620,hrd_726 hrd_727,Giorgio,Giorgio,NOUN,NOUN,nmod,nmod,explicit_full,
1247,611,one-to-many,dn_620,hrd_726 hrd_727,Giorgio,Giorgio,PRON,PRON,obj,nmod,explicit_ref_pos,
1248,611,one-to-many,dn_620,hrd_726 hrd_727,Ippolita,Ippolita,PRON,PRON,nsubj,nsubj,explicit_full,
1249,611,one-to-many,dn_620,hrd_726 hrd_727,Ippolita,Ippolita,NULL,NULL,nsubj,nsubj,zero_zero_semantic,0.3831561664994965
1250,611,one-to-many,dn_620,hrd_726 hrd_727,Ippolita,MISSING,PRON-REFLEX,MISSING,obj,MISSING,leftover_source,
1251,611,one-to-many,dn_620,hrd_726 hrd_727,MISSING,Ippolita,MISSING,NULL,MISSING,nsubj,leftover_target,
1252,611,one-to-many,dn_620,hrd_726 hrd_727,MISSING,Ippolita,MISSING,NULL,MISSING,nsubj,leftover_target,
1253,612,one-to-one,dn_621,hrd_728,Giorgio,Giorgio,NULL,NULL,nsubj,nsubj,zero_zero_single,
1254,612,one-to-one,dn_621,hrd_728,Ippolita,MISSING,PRON,MISSING,obj,MISSING,leftover_source,
1255,613,one-to-one,dn_622,hrd_729,Giorgio,Giorgio,PRON,PRON,nsubj,nsubj,explicit_full,
1256,613,one-to-one,dn_622,hrd_729,Ippolita,Ippolita,PRON,PRON,obj,nmod,explicit_ref_pos,
1257,614,one-to-one,dn_623,hrd_730,Giorgio,Giorgio,NULL,NULL,nsubj,nsubj,zero_zero_single,
1258,614,one-to-one,dn_623,hrd_730,Ippolita,Ippolita,PRON,PRON,obj,obj,explicit_full,
1259,615,one-to-one,dn_624,hrd_731,Ippolita,Ippolita,NULL,PRON,nsubj,nsubj,zero_to_tgt_anchor,
1260,616,one-to-one,dn_625,hrd_732,Giorgio,Giorgio,NULL,PRON,nsubj,nsubj,zero_to_tgt_anchor,
1261,617,one-to-one,dn_626,hrd_733,Giorgio,Giorgio,PRON,PRON,nsubj,nsubj,explicit_full,
1262,617,one-to-one,dn_626,hrd_733,Giorgio,Giorgio,NULL,NULL,nsubj,nsubj,zero_zero_single,
1263,617,one-to-one,dn_626,hrd_733,MISSING,Giorgio,MISSING,PRON,MISSING,nmod,leftover_target,
1264,617,one-to-one,dn_626,hrd_733,Ippolita,Ippolita,PRON,PRON,nmod,nmod,explicit_full,
1265,617,one-to-one,dn_626,hrd_733,Ippolita,Ippolita,PROPN,PROPN,obj,nsubj,explicit_ref_pos,
1266,618,one-to-one,dn_627,hrd_734,Giorgio,Giorgio,NULL,NULL,nsubj,nsubj,zero_zero_single,
1267,618,one-to-one,dn_627,hrd_734,Ippolita,Ippolita,PRON,PRON,obj,obj,explicit_full,
1268,618,one-to-one,dn_627,hrd_734,MISSING,Ippolita,MISSING,NULL,MISSING,nsubj,leftover_target,
1269,619,one-to-one,dn_628,hrd_735,Giorgio,Giorgio,PRON,PRON,nsubj,nsubj,explicit_full,
1270,619,one-to-one,dn_628,hrd_735,Ippolita,Ippolita,PRON,PRON,obj,obj,explicit_full,
1271,619,one-to-one,dn_628,hrd_735,Ippolita,Ippolita,PRON,PRON,nsubj,nsubj,explicit_full,
1272,620,one-to-one,dn_629,hrd_736,Giorgio,Giorgio,NULL,NULL,nsubj,nsubj,zero_zero_single,
1273,620,one-to-one,dn_629,hrd_736,Ippolita,MISSING,PRON,MISSING,obj,MISSING,leftover_source,
1274,621,one-to-one,dn_630,hrd_737,Ippolita,Ippolita,PRON,PRON,nsubj,nsubj,explicit_full,
1275,624,one-to-one,dn_633,hrd_740,Giorgio,Giorgio,PRON,NULL,nsubj,nsubj,zero_to_src_anchor,
1276,624,one-to-one,dn_633,hrd_740,Giorgio Ippolita,Giorgio Ippolita,PRON,PRON,nsubj,nsubj,explicit_full,
1277,624,one-to-one,dn_633,hrd_740,Giorgio Ippolita,Giorgio Ippolita,NULL,NULL,nsubj,nsubj,zero_zero_single,
1278,625,one-to-one,dn_634,hrd_741,Giorgio Ippolita,Giorgio Ippolita,NULL,NULL,nsubj,nsubj,zero_zero_single,
1279,626,many-to-one,dn_635 dn_636,hrd_742,Giorgio,Giorgio,PROPN,PROPN,nsubj,nsubj,explicit_full,
1280,627,one-to-many,dn_637,hrd_743 hrd_744,Giorgio,Giorgio,PRON,PRON,nsubj,nsubj,explicit_full,
1281,627,one-to-many,dn_637,hrd_743 hrd_744,MISSING,Giorgio,MISSING,NULL,MISSING,nsubj,leftover_target,
1282,628,one-to-one,dn_638,hrd_745,Ippolita,Ippolita,PROPN,PROPN,nsubj,nsubj,explicit_full,
1283,628,one-to-one,dn_638,hrd_745,Ippolita,MISSING,DET,MISSING,nmod,MISSING,leftover_source,
1284,628,one-to-one,dn_638,hrd_745,aunt-Giovianna,aunt-Giovianna,NOUN,NOUN,nmod,nsubj,explicit_ref_pos,
1285,629,one-to-one,dn_639,hrd_746,Giorgio,Giorgio,PRON,PRON,nsubj,nsubj,explicit_full,
1286,629,one-to-one,dn_639,hrd_746,Ippolita,Ippolita,PROPN,PROPN,nsubj,nsubj,explicit_full,
1287,632,one-to-one,dn_642,hrd_749,Giorgio Ippolita,Giorgio Ippolita,NULL,NOUN,nsubj,nsubj,zero_to_tgt_anchor,
1288,633,one-to-one,dn_643,hrd_750,Giorgio Ippolita,Giorgio Ippolita,PRON,NOUN,obj,nsubj,explicit_ref_only,
1289,633,one-to-one,dn_643,hrd_750,Giorgio Ippolita,Giorgio Ippolita,NULL,NULL,nsubj,nsubj,zero_zero_single,
1290,633,one-to-one,dn_643,hrd_750,Giorgio Ippolita,MISSING,PRON-REFLEX,MISSING,obj,MISSING,leftover_source,
1291,633,one-to-one,dn_643,hrd_750,stations-crowd,stations-crowd,NOUN,NOUN,obj,nmod,explicit_ref_pos,
1292,634,one-to-one,dn_644,hrd_751,Giorgio Ippolita,MISSING,PRON,MISSING,obj,MISSING,leftover_source,
1293,634,one-to-one,dn_644,hrd_751,MISSING,Giorgio Ippolita,MISSING,NULL,MISSING,nsubj,leftover_target,
1294,634,one-to-one,dn_644,hrd_751,stations-crowd,MISSING,NULL,MISSING,nsubj,MISSING,leftover_source,
1295,635,many-to-one,dn_645 dn_646,hrd_752,Giorgio,MISSING,NULL,MISSING,nsubj,MISSING,leftover_source,
1296,635,many-to-one,dn_645 dn_646,hrd_752,Giorgio Ippolita,MISSING,PRON,MISSING,obj,MISSING,leftover_source,
1297,635,many-to-one,dn_645 dn_646,hrd_752,MISSING,Giorgio Ippolita,MISSING,NULL,MISSING,nsubj,leftover_target,
1298,635,many-to-one,dn_645 dn_646,hrd_752,stations-crowd,MISSING,NULL,MISSING,nsubj,MISSING,leftover_source,
1299,636,one-to-many,dn_647,hrd_753 hrd_754,Ippolita,Ippolita,PROPN,PROPN,nsubj,nsubj,explicit_full,
1300,636,one-to-many,dn_647,hrd_753 hrd_754,Ippolita,Ippolita,PRON,PRON,nmod,nmod,explicit_full,
1301,636,one-to-many,dn_647,hrd_753 hrd_754,Ippolita,Ippolita,NULL,NULL,nsubj,nsubj,zero_zero_semantic,0.3050631735247138
1302,636,one-to-many,dn_647,hrd_753 hrd_754,Ippolita,MISSING,PRON,MISSING,obj,MISSING,leftover_source,
1303,636,one-to-many,dn_647,hrd_753 hrd_754,MISSING,Ippolita,MISSING,NULL,MISSING,nsubj,leftover_target,
1304,636,one-to-many,dn_647,hrd_753 hrd_754,MISSING,stations-crowd,MISSING,NOUN,MISSING,nmod,leftover_target,
1305,638,one-to-one,dn_649,hrd_756,Ippolita,MISSING,NULL,MISSING,nsubj,MISSING,leftover_source,
1306,639,one-to-one,dn_650,hrd_757,Giorgio Ippolita,Giorgio Ippolita,NULL,NULL,nsubj,nsubj,zero_zero_semantic,0.4602389470452354
1307,639,one-to-one,dn_650,hrd_757,Giorgio Ippolita,Giorgio Ippolita,NULL,NULL,nsubj,nsubj,zero_zero_semantic,0.21530326299306726
1308,639,one-to-one,dn_650,hrd_757,Giorgio Ippolita,MISSING,PRON-REFLEX,MISSING,obj,MISSING,leftover_source,
1309,639,one-to-one,dn_650,hrd_757,MrMartlet MrsMartlet another-traveller,MrMartlet MrsMartlet another-traveller,NOUN,NOUN,obj,obj,explicit_full,
1310,640,one-to-one,dn_651,hrd_758,Giorgio,Giorgio,PROPN,PROPN,nsubj,nsubj,explicit_full,
1311,640,one-to-one,dn_651,hrd_758,MrMartlet,MrMartlet,NOUN,NOUN,obj,obj,explicit_full,
1312,640,one-to-one,dn_651,hrd_758,MrsMartlet,MISSING,NOUN,MISSING,obj,MISSING,leftover_source,
1313,640,one-to-one,dn_651,hrd_758,MISSING,MrsMartlet,MISSING,NULL,MISSING,nsubj,leftover_target,
1314,641,one-to-one,dn_652,hrd_759,MrMartlet MrsMartlet,MISSING,NULL,MISSING,nsubj,MISSING,leftover_source,
1315,642,one-to-one,dn_653,hrd_760,Giorgio,Giorgio,NOUN,NOUN,nmod,nmod,explicit_full,
1316,642,one-to-one,dn_653,hrd_760,Ippolita,Ippolita,PROPN,PROPN,nsubj,nsubj,explicit_full,
1317,642,one-to-one,dn_653,hrd_760,Ippolita,MISSING,PRON-REFLEX,MISSING,obj,MISSING,leftover_source,
1318,642,one-to-one,dn_653,hrd_760,MISSING,Ippolita,MISSING,NULL,MISSING,nsubj,leftover_target,
1319,643,one-to-one,dn_654,hrd_761,Giorgio,Giorgio,NULL,NULL,nsubj,nsubj,zero_zero_single,
1320,643,one-to-one,dn_654,hrd_761,Ippolita,MISSING,PRON,MISSING,obj,MISSING,leftover_source,
1321,644,one-to-one,dn_655,hrd_762,Ippolita,Ippolita,PRON,PRON,nsubj,nsubj,explicit_full,
1322,644,one-to-one,dn_655,hrd_762,MrMartlet MrsMartlet,MrMartlet MrsMartlet,NOUN,NOUN,obj,obj,explicit_full,
1323,645,one-to-one,dn_656,hrd_763,MrMartlet,MrMartlet,NOUN,NOUN,nsubj,nsubj,explicit_full,
1324,645,one-to-one,dn_656,hrd_763,MrMartlet,MISSING,NOUN,MISSING,pred,MISSING,leftover_source,
1325,646,one-to-many,dn_657,hrd_764 hrd_765,MrsMartlet,MrsMartlet,NOUN,NOUN,nsubj,nsubj,explicit_full,
1326,646,one-to-many,dn_657,hrd_764 hrd_765,MrsMartlet,MrsMartlet,DET,DET,nmod,nmod,explicit_full,
1327,646,one-to-many,dn_657,hrd_764 hrd_765,MrsMartlet,MrsMartlet,NULL,NULL,nsubj,nsubj,zero_zero_single,
1328,646,one-to-many,dn_657,hrd_764 hrd_765,MrsMartlet,MISSING,DET,MISSING,nmod,MISSING,leftover_source,
1329,647,one-to-many,dn_658,hrd_766 hrd_767,MrMartlet,MrMartlet,NOUN,NOUN,nmod,nmod,explicit_full,
1330,648,one-to-one,dn_659,hrd_768,Giorgio,Giorgio,PROPN,PROPN,nmod,nmod,explicit_full,
1331,648,one-to-one,dn_659,hrd_768,MrMartlet,MrMartlet,PRON,NULL,nsubj,nsubj,zero_to_src_anchor,
1332,649,one-to-one,dn_660,hrd_769,Ippolita,Ippolita,PROPN,PROPN,nsubj,nsubj,explicit_full,
1333,649,one-to-one,dn_660,hrd_769,Ippolita,Ippolita,DET,PRON,nmod,nmod,explicit_ref_case,
1334,650,one-to-one,dn_661,hrd_770,Ippolita,Ippolita,PRON,PRON,nsubj,nsubj,explicit_full,
1335,650,one-to-one,dn_661,hrd_770,Ippolita,MISSING,NULL,MISSING,nsubj,MISSING,leftover_source,
1336,650,one-to-one,dn_661,hrd_770,MrMartlet MrsMartlet,MrMartlet MrsMartlet,NOUN,NOUN,obj,obj,explicit_full,
1337,651,one-to-one,dn_662,hrd_771,Ippolita,Ippolita,DET,PRON,nmod,nmod,explicit_ref_case,
1338,651,one-to-one,dn_662,hrd_771,Ippolita,Ippolita,NULL,PRON,nsubj,nsubj,zero_to_tgt_anchor,
1339,651,one-to-one,dn_662,hrd_771,Ippolita,MISSING,NULL,MISSING,nsubj,MISSING,leftover_source,
1340,651,one-to-one,dn_662,hrd_771,MrMartlet MrsMartlet,MrMartlet MrsMartlet,NOUN,NOUN,nsubj,nmod,explicit_ref_pos,
1341,652,one-to-one,dn_663,hrd_772,Giorgio,Giorgio,NULL,NULL,nsubj,nsubj,zero_zero_single,
1342,652,one-to-one,dn_663,hrd_772,Ippolita,MISSING,PRON,MISSING,obj,MISSING,leftover_source,
1343,653,one-to-one,dn_664,hrd_773,MrMartlet MrsMartlet,MISSING,NULL,MISSING,nsubj,MISSING,leftover_source,
1344,654,one-to-one,dn_665,hrd_774,Giorgio,Giorgio,NOUN,NOUN,nsubj,nmod,explicit_ref_pos,
1345,654,one-to-one,dn_665,hrd_774,Ippolita,Ippolita,NULL,NULL,nsubj,nsubj,zero_zero_single,
1346,655,one-to-one,dn_666,hrd_775,MISSING,MrMartlet,MISSING,PROPN,MISSING,nsubj,leftover_target,
1347,655,one-to-one,dn_666,hrd_775,MrMartlet MrsMartlet,MISSING,PROPN,MISSING,nsubj,MISSING,leftover_source,
1348,656,one-to-one,dn_667,hrd_776,MrMartlet,MrMartlet,PROPN,PROPN,nsubj,nsubj,explicit_full,
1349,656,one-to-one,dn_667,hrd_776,MrsMartlet,MrsMartlet,NOUN,NOUN,obj,nsubj,explicit_ref_pos,
1350,657,one-to-one,dn_668,hrd_777,Giorgio Ippolita,MISSING,PRON,MISSING,obj,MISSING,leftover_source,
1351,657,one-to-one,dn_668,hrd_777,MrMartlet MrsMartlet,MISSING,NULL,MISSING,nsubj,MISSING,leftover_source,
1352,658,one-to-one,dn_669,hrd_778,MISSING,Ippolita,MISSING,NULL,MISSING,nsubj,leftover_target,
1353,658,one-to-one,dn_669,hrd_778,MISSING,Ippolita,MISSING,NULL,MISSING,nsubj,leftover_target,
1354,658,one-to-one,dn_669,hrd_778,MrMartlet MrsMartlet,MISSING,NULL,MISSING,nsubj,MISSING,leftover_source,
1355,658,one-to-one,dn_669,hrd_778,MrMartlet MrsMartlet,MISSING,NULL,MISSING,nsubj,MISSING,leftover_source,
1356,659,one-to-one,dn_670,hrd_779,Ippolita,Ippolita,NULL,NULL,nsubj,nsubj,zero_zero_semantic,0.3018429701291331
1357,659,one-to-one,dn_670,hrd_779,Ippolita,Ippolita,PRON,NULL,nsubj,nsubj,zero_to_src_anchor,
1358,659,one-to-one,dn_670,hrd_779,MrMartlet MrsMartlet,MISSING,PRON,MISSING,obj,MISSING,leftover_source,
1359,660,one-to-many,dn_671,hrd_780 hrd_781,Giorgio,Giorgio,PRON,PRON,nsubj,nsubj,explicit_full,
1360,660,one-to-many,dn_671,hrd_780 hrd_781,Ippolita,Ippolita,PRON,PRON,obj,obj,explicit_full,
1361,660,one-to-many,dn_671,hrd_780 hrd_781,MISSING,Ippolita,MISSING,NULL,MISSING,nsubj,leftover_target,
1362,660,one-to-many,dn_671,hrd_780 hrd_781,MrMartlet MrsMartlet,MISSING,PRON,MISSING,nsubj,MISSING,leftover_source,
1363,661,one-to-one,dn_672,hrd_782,Ippolita,Ippolita,NULL,NULL,nsubj,nsubj,zero_zero_single,
1364,662,one-to-one,dn_673,hrd_783,Ippolita,Ippolita,PRON,PRON,obj,nsubj,explicit_ref_pos,
1365,663,one-to-one,dn_674,hrd_784,Ippolita,MISSING,PRON,MISSING,obj,MISSING,leftover_source,
1366,664,one-to-one,dn_675,hrd_785,Ippolita,Ippolita,PRON,PRON,nsubj,nsubj,explicit_full,
1367,664,one-to-one,dn_675,hrd_785,MISSING,Ippolita,MISSING,NULL,MISSING,nsubj,leftover_target,
1368,664,one-to-one,dn_675,hrd_785,MrMartlet MrsMartlet,MrMartlet MrsMartlet,NOUN,NOUN,obj,obj,explicit_full,
1369,666,one-to-one,dn_677,hrd_787,Ippolita,Ippolita,NULL,NULL,nsubj,nsubj,zero_zero_semantic,0.5852608595575605
1370,666,one-to-one,dn_677,hrd_787,Ippolita,Ippolita,NULL,NULL,nsubj,nsubj,zero_zero_semantic,0.5203206210760843
1371,666,one-to-one,dn_677,hrd_787,Ippolita,MISSING,PRON-REFLEX,MISSING,obj,MISSING,leftover_source,
1372,666,one-to-one,dn_677,hrd_787,MISSING,Ippolita,MISSING,PRON,MISSING,nsubj,leftover_target,
1373,667,one-to-one,dn_678,hrd_788,Ippolita,Ippolita,NULL,NULL,nsubj,nsubj,zero_zero_single,
1374,667,one-to-one,dn_678,hrd_788,MISSING,maidens,MISSING,NOUN,MISSING,nsubj,leftover_target,
1375,668,one-to-many,dn_679,hrd_789 hrd_790 hrd_791,AlessandroMemmi,AlessandroMemmi,NOUN,NOUN,nsubj,nsubj,explicit_full,
1376,668,one-to-many,dn_679,hrd_789 hrd_790 hrd_791,SebastianBach,SebastianBach,PROPN,PROPN,nmod,nmod,explicit_full,
1377,668,one-to-many,dn_679,hrd_789 hrd_790 hrd_791,audience,audience,NOUN,NOUN,nsubj,nsubj,explicit_full,
1378,668,one-to-many,dn_679,hrd_789 hrd_790 hrd_791,MISSING,audience,MISSING,NOUN,MISSING,nsubj,leftover_target,
1379,668,one-to-many,dn_679,hrd_789 hrd_790 hrd_791,maidens,MISSING,NOUN,MISSING,nsubj,MISSING,leftover_source,
1380,668,one-to-many,dn_679,hrd_789 hrd_790 hrd_791,violinists,MISSING,NOUN,MISSING,nsubj,MISSING,leftover_source,
1381,669,one-to-one,dn_680,hrd_792,Giorgio,Giorgio,NOUN,NOUN,obj,nmod,explicit_ref_pos,
1382,669,one-to-one,dn_680,hrd_792,Ippolita,Ippolita,PRON,PRON,nsubj,nsubj,explicit_full,
1383,669,one-to-one,dn_680,hrd_792,Ippolita,MISSING,PRON,MISSING,obj,MISSING,leftover_source,
1384,669,one-to-one,dn_680,hrd_792,MISSING,Ippolita,MISSING,NULL,MISSING,nsubj,leftover_target,
1385,669,one-to-one,dn_680,hrd_792,MISSING,Ippolita,MISSING,NULL,MISSING,nsubj,leftover_target,
1386,670,one-to-one,dn_681,hrd_793,Giorgio,Giorgio,PRON,PRON,nsubj,nsubj,explicit_full,
1387,670,one-to-one,dn_681,hrd_793,Giorgio,Giorgio,NULL,NULL,nsubj,nsubj,zero_zero_single,
1388,671,one-to-many,dn_682,hrd_794 hrd_795,Giorgio,Giorgio,PRON,PRON,obj,obj,explicit_full,
1389,671,one-to-many,dn_682,hrd_794 hrd_795,Giorgio,Giorgio,PRON,PRON,obj,obj,explicit_full,
1390,671,one-to-many,dn_682,hrd_794 hrd_795,Ippolita,Ippolita,PRON,PRON,nsubj,nsubj,explicit_full,
1391,671,one-to-many,dn_682,hrd_794 hrd_795,MISSING,Ippolita,MISSING,PRON,MISSING,nmod,leftover_target,
1392,671,one-to-many,dn_682,hrd_794 hrd_795,MISSING,Ippolita,MISSING,NULL,MISSING,nsubj,leftover_target,
1393,671,one-to-many,dn_682,hrd_794 hrd_795,MISSING,Ippolita,MISSING,NULL,MISSING,nsubj,leftover_target,
1394,672,one-to-many,dn_683,hrd_796 hrd_797,Giorgio,Giorgio,PRON,PRON,nsubj,nsubj,explicit_full,
1395,672,one-to-many,dn_683,hrd_796 hrd_797,Giorgio,Giorgio,NULL,NULL,nsubj,nsubj,zero_zero_single,
1396,672,one-to-many,dn_683,hrd_796 hrd_797,Ippolita,Ippolita,PRON,PRON,obj,nmod,explicit_ref_pos,
1397,672,one-to-many,dn_683,hrd_796 hrd_797,Ippolita,MISSING,PRON,MISSING,obj,MISSING,leftover_source,
1398,673,one-to-one,dn_684,hrd_798,Giorgio Ippolita,Giorgio Ippolita,PRON,NOUN,nsubj,nsubj,explicit_ref_case,
1399,673,one-to-one,dn_684,hrd_798,Giorgio Ippolita,MISSING,DET,MISSING,nmod,MISSING,leftover_source,
1400,674,one-to-many,dn_685,hrd_799 hrd_800,Giorgio Ippolita,Giorgio Ippolita,NULL,NULL,nsubj,nsubj,zero_zero_semantic,0.3245618089016183
1401,674,one-to-many,dn_685,hrd_799 hrd_800,MISSING,Giorgio Ippolita,MISSING,NULL,MISSING,nsubj,leftover_target,
1402,674,one-to-many,dn_685,hrd_799 hrd_800,MISSING,Giorgio Ippolita,MISSING,NULL,MISSING,nsubj,leftover_target,
1403,676,one-to-one,dn_687,hrd_802,MrMartlet,MrMartlet,PROPN,PROPN,nsubj,nsubj,explicit_full,
1404,676,one-to-one,dn_687,hrd_802,MrsMartlet,MrsMartlet,PROPN,NOUN,nsubj,nsubj,explicit_ref_case,
1405,677,one-to-one,dn_688,hrd_803,another-traveller,another-traveller,NOUN,NOUN,nsubj,nsubj,explicit_full,
1406,678,one-to-one,dn_689,hrd_804,MISSING,AlessandroMemmi,MISSING,NOUN,MISSING,obj,leftover_target,
1407,678,one-to-one,dn_689,hrd_804,MrMartlet,MrMartlet,PROPN,PROPN,nsubj,nsubj,explicit_full,
1408,678,one-to-one,dn_689,hrd_804,MISSING,MrMartlet,MISSING,NULL,MISSING,nsubj,leftover_target,
1409,678,one-to-one,dn_689,hrd_804,MISSING,MrMartlet,MISSING,NULL,MISSING,nsubj,leftover_target,
1410,678,one-to-one,dn_689,hrd_804,another-traveller,MISSING,NOUN,MISSING,obj,MISSING,leftover_source,
1411,678,one-to-one,dn_689,hrd_804,MISSING,chorus,MISSING,NOUN,MISSING,nsubj,leftover_target,
1412,679,one-to-one,dn_690,hrd_805,MrMartlet another-traveller,MISSING,NOUN,MISSING,nsubj,MISSING,leftover_source,
1413,679,one-to-one,dn_690,hrd_805,MISSING,audience,MISSING,NOUN,MISSING,nsubj,leftover_target,
1414,679,one-to-one,dn_690,hrd_805,MISSING,audience,MISSING,NULL,MISSING,nsubj,leftover_target,
1415,679,one-to-one,dn_690,hrd_805,MISSING,audience,MISSING,NULL,MISSING,nsubj,leftover_target,
1416,681,one-to-one,dn_692,hrd_807,Giorgio,Giorgio,PROPN,NOUN,nsubj,nsubj,explicit_ref_case,
1417,681,one-to-one,dn_692,hrd_807,Giorgio,MISSING,PRON-REFLEX,MISSING,obj,MISSING,leftover_source,
1418,682,one-to-one,dn_693,hrd_808,Giorgio,Giorgio,PRON,PRON,nsubj,nsubj,explicit_full,
1419,682,one-to-one,dn_693,hrd_808,Giorgio,Giorgio,DET,PRON,nmod,nmod,explicit_ref_case,
1420,683,one-to-one,dn_694,hrd_809,Giorgio,Giorgio,DET,PRON,nmod,nmod,explicit_ref_case,
1421,684,one-to-one,dn_695,hrd_810,Giorgio,MISSING,NULL,MISSING,nsubj,MISSING,leftover_source,
1422,684,one-to-one,dn_695,hrd_810,MISSING,Giorgio,MISSING,PRON,MISSING,obj,leftover_target,
1423,685,one-to-one,dn_696,hrd_811,Giorgio,Giorgio,DET,PRON,nmod,nmod,explicit_ref_case,
1424,686,one-to-one,dn_697,hrd_812,Giorgio,Giorgio,PRON,PRON,nsubj,nsubj,explicit_full,
1425,686,one-to-one,dn_697,hrd_812,Giorgio,Giorgio,DET,PRON,nmod,nmod,explicit_ref_case,
1426,686,one-to-one,dn_697,hrd_812,MISSING,Giorgio,MISSING,NULL,MISSING,nsubj,leftover_target,
1427,686,one-to-one,dn_697,hrd_812,MISSING,Giorgio,MISSING,NULL,MISSING,nsubj,leftover_target,
1428,689,one-to-one,dn_700,hrd_815,Giorgio,Giorgio,NULL,NULL,nsubj,nsubj,zero_zero_single,
1429,689,one-to-one,dn_700,hrd_815,MrMartlet,MrMartlet,PROPN,PROPN,nsubj,nmod,explicit_ref_pos,
1430,690,one-to-one,dn_701,hrd_816,Giorgio,Giorgio,PRON,PRON,obj,obj,explicit_full,
1431,690,one-to-one,dn_701,hrd_816,Ippolita,Ippolita,PROPN,PROPN,nsubj,nsubj,explicit_full,
1432,692,one-to-one,dn_703,hrd_818,Ippolita,Ippolita,NULL,NULL,nsubj,nsubj,zero_zero_semantic,0.27489535395915693
1433,692,one-to-one,dn_703,hrd_818,MISSING,Ippolita,MISSING,NULL,MISSING,nsubj,leftover_target,
1434,693,one-to-one,dn_704,hrd_819,Giorgio,Giorgio,PRON,PRON,nsubj,nsubj,explicit_full,
1435,693,one-to-one,dn_704,hrd_819,MISSING,Giorgio,MISSING,NULL,MISSING,nsubj,leftover_target,
1436,694,one-to-one,dn_706,hrd_820,MISSING,Ippolita,MISSING,NULL,MISSING,nsubj,leftover_target,
1437,695,one-to-one,dn_707,hrd_821,Giorgio,MISSING,PRON,MISSING,obj,MISSING,leftover_source,
1438,695,one-to-one,dn_707,hrd_821,MISSING,Ippolita,MISSING,PRON,MISSING,nsubj,leftover_target,
1439,696,one-to-one,dn_708,hrd_822,Giorgio,Giorgio,PRON,PRON,obj,obj,explicit_full,
1440,696,one-to-one,dn_708,hrd_822,Ippolita,Ippolita,PRON,PRON,nsubj,nsubj,explicit_full,
1441,696,one-to-one,dn_708,hrd_822,MISSING,Ippolita,MISSING,NULL,MISSING,nsubj,leftover_target,
1442,697,one-to-one,dn_709,hrd_823,Giorgio,Giorgio,PRON,PRON,obj,obj,explicit_full,
1443,697,one-to-one,dn_709,hrd_823,Ippolita,Ippolita,DET,PRON,nmod,nmod,explicit_ref_case,
1444,698,one-to-one,dn_710,hrd_824,Giorgio,Giorgio,PROPN,PROPN,nsubj,nsubj,explicit_full,
1445,699,one-to-one,dn_711,hrd_825,Ippolita,Ippolita,PRON,PRON,nsubj,nsubj,explicit_full,
1446,700,one-to-one,dn_712,hrd_826,Ippolita,Ippolita,DET,PRON,nmod,nmod,explicit_ref_case,
1447,702,one-to-many,dn_714,hrd_828 hrd_829,Giorgio,MISSING,PRON,MISSING,obj,MISSING,leftover_source,
1448,702,one-to-many,dn_714,hrd_828 hrd_829,Ippolita,Ippolita,PRON,PRON,nsubj,nsubj,explicit_full,
1449,702,one-to-many,dn_714,hrd_828 hrd_829,Ippolita,Ippolita,NOUN,PRON,nmod,nmod,explicit_ref_case,
1450,702,one-to-many,dn_714,hrd_828 hrd_829,Ippolita,MISSING,PRON-REFLEX,MISSING,obj,MISSING,leftover_source,
1451,704,many-to-one,dn_716 dn_717,hrd_831,Giorgio,MISSING,NULL,MISSING,nsubj,MISSING,leftover_source,
1452,704,many-to-one,dn_716 dn_717,hrd_831,MISSING,Giorgio Ippolita,MISSING,NULL,MISSING,nsubj,leftover_target,
1453,705,one-to-one,dn_718,hrd_832,Ippolita,Ippolita,PROPN,PROPN,nsubj,nsubj,explicit_full,
1454,707,many-to-one,dn_720 dn_722,hrd_834,Giorgio,MISSING,NULL,MISSING,nsubj,MISSING,leftover_source,
1455,707,many-to-one,dn_720 dn_722,hrd_834,Giorgio Ippolita,Giorgio Ippolita,NULL,NULL,nsubj,nsubj,zero_zero_single,
1456,708,one-to-one,dn_721,hrd_835,Ippolita,Ippolita,PRON,PRON,nsubj,nsubj,explicit_full,
1457,710,many-to-one,dn_724 dn_725,hrd_837,Giorgio,Giorgio,NULL,NULL,nsubj,nsubj,zero_zero_single,
1458,713,one-to-one,dn_728,hrd_840,Giorgio,Giorgio,PROPN,PROPN,nsubj,nsubj,explicit_full,
1459,713,one-to-one,dn_728,hrd_840,Giorgio,MISSING,PRON-REFLEX,MISSING,obj,MISSING,leftover_source,
1460,713,one-to-one,dn_728,hrd_840,MISSING,Giorgio,MISSING,NULL,MISSING,nsubj,leftover_target,
1461,715,one-to-one,dn_730,hrd_842,Giorgio,Giorgio,NULL,NULL,nsubj,nsubj,zero_zero_single,
1462,716,many-to-one,dn_731 dn_732,hrd_843,Giorgio,MISSING,NOUN,MISSING,vocative,MISSING,leftover_source,
1463,717,one-to-one,dn_733,hrd_844,man-on-the-train,man-on-the-train,NOUN,NOUN,nsubj,nsubj,explicit_full,
1464,717,one-to-one,dn_733,hrd_844,MISSING,man-on-the-train,MISSING,NULL,MISSING,nsubj,leftover_target,
1465,718,one-to-one,dn_734,hrd_845,Giorgio,Giorgio,NULL,NULL,nsubj,nsubj,zero_zero_single,
1466,719,one-to-one,dn_735,hrd_846,Giorgio,Giorgio,NULL,NULL,nsubj,nsubj,zero_zero_single,
1467,719,one-to-one,dn_735,hrd_846,Giorgio,MISSING,NOUN,MISSING,vocative,MISSING,leftover_source,
1468,720,one-to-one,dn_736,hrd_847,Ippolita,Ippolita,PROPN,PROPN,nsubj,nsubj,explicit_full,
1469,720,one-to-one,dn_736,hrd_847,Ippolita,Ippolita,PRON-REFLEX,PRON,obj,obj,reflex_obj,
1470,720,one-to-one,dn_736,hrd_847,MrMartlet MrsMartlet,MrMartlet MrsMartlet,NOUN,NOUN,nsubj,nsubj,explicit_full,
1471,720,one-to-one,dn_736,hrd_847,MrMartlet MrsMartlet,MrMartlet MrsMartlet,NULL,NULL,nsubj,nsubj,zero_zero_single,
1472,721,one-to-one,dn_737,hrd_848,Giorgio,Giorgio,NOUN,NOUN,obj,obj,explicit_full,
1473,721,one-to-one,dn_737,hrd_848,Ippolita,Ippolita,PRON,PRON,nmod,nmod,explicit_full,
1474,722,one-to-one,dn_738,hrd_849,MISSING,Giorgio Ippolita,MISSING,NULL,MISSING,nsubj,leftover_target,
1475,723,one-to-one,dn_739,hrd_850,MISSING,Giorgio Ippolita,MISSING,NULL,MISSING,nsubj,leftover_target,
1476,724,one-to-many,dn_740,hrd_851 hrd_852,Giorgio,Giorgio,PROPN,PROPN,nsubj,nsubj,explicit_full,
1477,724,one-to-many,dn_740,hrd_851 hrd_852,Ippolita,Ippolita,PROPN,PROPN,nsubj,nsubj,explicit_full,
1478,724,one-to-many,dn_740,hrd_851 hrd_852,MISSING,Ippolita,MISSING,NULL,MISSING,nsubj,leftover_target,
1479,724,one-to-many,dn_740,hrd_851 hrd_852,man-on-the-train,man-on-the-train,NOUN,NOUN,obj,obj,explicit_full,
1480,725,one-to-one,dn_741,hrd_853,MrMartlet,MrMartlet,PROPN,NOUN,nsubj,nsubj,explicit_ref_case,
1481,726,one-to-many,dn_742,hrd_854 hrd_855,Ippolita,Ippolita,PROPN,PROPN,obj,obj,explicit_full,
1482,726,one-to-many,dn_742,hrd_854 hrd_855,MISSING,Ippolita,MISSING,PRON,MISSING,nsubj,leftover_target,
1483,726,one-to-many,dn_742,hrd_854 hrd_855,MISSING,Ippolita,MISSING,NULL,MISSING,nsubj,leftover_target,
1484,726,one-to-many,dn_742,hrd_854 hrd_855,MISSING,Ippolita,MISSING,NULL,MISSING,nsubj,leftover_target,
1485,726,one-to-many,dn_742,hrd_854 hrd_855,MrMartlet,MrMartlet,PRON,PRON,nsubj,nsubj,explicit_full,
1486,726,one-to-many,dn_742,hrd_854 hrd_855,MrMartlet,MISSING,PRON-REFLEX,MISSING,obj,MISSING,leftover_source,
1487,727,one-to-one,dn_743,hrd_856,MrMartlet,MrMartlet,PROPN,PROPN,vocative,vocative,explicit_full,
1488,728,one-to-one,dn_744,hrd_857,Ippolita,Ippolita,PRON,PRON,nsubj,nsubj,explicit_full,
1489,728,one-to-one,dn_744,hrd_857,MISSING,Ippolita,MISSING,NULL,MISSING,nsubj,leftover_target,
1490,728,one-to-one,dn_744,hrd_857,MISSING,Ippolita,MISSING,NULL,MISSING,nsubj,leftover_target,
1491,729,one-to-one,dn_745,hrd_858,Ippolita,MISSING,PRON,MISSING,obj,MISSING,leftover_source,
1492,729,one-to-one,dn_745,hrd_858,MISSING,Ippolita,MISSING,NULL,MISSING,nsubj,leftover_target,
1493,729,one-to-one,dn_745,hrd_858,MrMartlet,MrMartlet,PRON,NOUN,obj,obj,explicit_ref_case,
1494,730,one-to-one,dn_746,hrd_859,Ippolita,Ippolita,NULL,NULL,nsubj,nsubj,zero_zero_single,
1495,730,one-to-one,dn_746,hrd_859,MrMartlet,MISSING,PRON,MISSING,obj,MISSING,leftover_source,
1496,731,one-to-one,dn_747,hrd_860,Giorgio,Giorgio,PROPN,PROPN,obj,nmod,explicit_ref_pos,
1497,731,one-to-one,dn_747,hrd_860,Ippolita,MISSING,PRON-REFLEX,MISSING,obj,MISSING,leftover_source,
1498,731,one-to-one,dn_747,hrd_860,MISSING,Ippolita,MISSING,PRON,MISSING,nsubj,leftover_target,
1499,732,one-to-one,dn_748,hrd_861,MISSING,Giorgio Ippolita,MISSING,NULL,MISSING,nsubj,leftover_target,
1500,733,one-to-one,dn_749,hrd_862,station-worker,station-worker,NOUN,NOUN,nsubj,nsubj,explicit_full,
1501,736,one-to-one,dn_752,hrd_865,Ippolita,Ippolita,PROPN,PROPN,nsubj,nsubj,explicit_full,
1502,738,one-to-one,dn_754,hrd_867,Ippolita,Ippolita,PRON,PRON,nsubj,nsubj,explicit_full,
1503,738,one-to-one,dn_754,hrd_867,Ippolita,Ippolita,NULL,NULL,nsubj,nsubj,zero_zero_single,
1504,739,one-to-one,dn_755,hrd_868,Giorgio,MISSING,PRON,MISSING,nsubj,MISSING,leftover_source,
1505,739,one-to-one,dn_755,hrd_868,Giorgio,MISSING,PRON,MISSING,obj,MISSING,leftover_source,
1506,739,one-to-one,dn_755,hrd_868,MISSING,Ippolita,MISSING,PRON,MISSING,nsubj,leftover_target,
1507,740,one-to-one,dn_756,hrd_869,Giorgio,Giorgio,PROPN,PROPN,vocative,vocative,explicit_full,
1508,740,one-to-one,dn_756,hrd_869,Giorgio,MISSING,NULL,MISSING,nsubj,MISSING,leftover_source,
1509,740,one-to-one,dn_756,hrd_869,Giorgio,MISSING,PRON-REFLEX,MISSING,obj,MISSING,leftover_source,
1510,740,one-to-one,dn_756,hrd_869,Ippolita,MISSING,PRON,MISSING,obj,MISSING,leftover_source,
1511,741,one-to-one,dn_757,hrd_870,Giorgio,Giorgio,NULL,NULL,nsubj,nsubj,zero_zero_semantic,0.3039525841673215
1512,741,one-to-one,dn_757,hrd_870,Giorgio,MISSING,PRON-REFLEX,MISSING,obj,MISSING,leftover_source,
1513,741,one-to-one,dn_757,hrd_870,Giorgio,MISSING,NULL,MISSING,nsubj,MISSING,leftover_source,
1514,742,one-to-one,dn_758,hrd_871,Giorgio,MISSING,PRON,MISSING,obj,MISSING,leftover_source,
1515,742,one-to-one,dn_758,hrd_871,Ippolita,Ippolita,PRON,PRON,nsubj,nsubj,explicit_full,
1516,742,one-to-one,dn_758,hrd_871,MISSING,Ippolita,MISSING,NULL,MISSING,nsubj,leftover_target,
1517,743,one-to-one,dn_759,hrd_872,Giorgio Ippolita,Giorgio Ippolita,PRON,NOUN,nsubj,nsubj,explicit_ref_case,
1518,743,one-to-one,dn_759,hrd_872,Giorgio Ippolita,MISSING,PRON-REFLEX,MISSING,obj,MISSING,leftover_source,
1519,749,one-to-many,dn_765,hrd_878 hrd_879,Giorgio Ippolita,Giorgio Ippolita,NOUN,NOUN,nsubj,nsubj,explicit_full,
1520,749,one-to-many,dn_765,hrd_878 hrd_879,Giorgio Ippolita,MISSING,PRON-REFLEX,MISSING,obj,MISSING,leftover_source,
1521,749,one-to-many,dn_765,hrd_878 hrd_879,MISSING,Giorgio Ippolita,MISSING,NULL,MISSING,nsubj,leftover_target,
1522,752,one-to-one,dn_768,hrd_883,Giorgio,Giorgio,NULL,NULL,nsubj,nsubj,zero_zero_single,
1523,753,one-to-one,dn_769,hrd_884,Ippolita,Ippolita,PROPN,PROPN,nsubj,nsubj,explicit_full,
1524,753,one-to-one,dn_769,hrd_884,MISSING,Ippolita,MISSING,NULL,MISSING,nsubj,leftover_target,
1525,755,one-to-one,dn_771,hrd_886,Ippolita,Ippolita,PRON,PRON,obj,obj,explicit_full,
1526,756,one-to-one,dn_772,hrd_887,Giorgio Ippolita,Giorgio Ippolita,NULL,NULL,nsubj,nsubj,zero_zero_single,
1527,757,one-to-one,dn_773,hrd_888,Giorgio,Giorgio,PROPN,PROPN,nsubj,nsubj,explicit_full,
1528,759,one-to-one,dn_775,hrd_890,Giorgio,Giorgio,PRON,PRON,nsubj,nsubj,explicit_full,
1529,760,one-to-one,dn_776,hrd_891,Giorgio Ippolita,Giorgio Ippolita,PRON,PRON,obj,obj,explicit_full,
1530,761,one-to-one,dn_777,hrd_892,Giorgio Ippolita,Giorgio Ippolita,NULL,NULL,nsubj,nsubj,zero_zero_semantic,0.30625388929338165
1531,761,one-to-one,dn_777,hrd_892,MISSING,Giorgio Ippolita,MISSING,NOUN,MISSING,nsubj,leftover_target,
1532,761,one-to-one,dn_777,hrd_892,MISSING,Giorgio Ippolita,MISSING,NULL,MISSING,nsubj,leftover_target,
1533,762,one-to-one,dn_778,hrd_893,Giorgio Ippolita,MISSING,NULL,MISSING,nsubj,MISSING,leftover_source,
1534,763,one-to-one,dn_779,hrd_894,Giorgio,Giorgio,DET,PRON,nmod,nmod,explicit_ref_case,
1535,763,one-to-one,dn_779,hrd_894,Ippolita,Ippolita,DET,PRON,nmod,nmod,explicit_ref_case,
1536,764,one-to-one,dn_780,hrd_895,Giorgio,Giorgio,PROPN,PROPN,nsubj,nsubj,explicit_full,
1537,766,one-to-one,dn_782,hrd_897,Ippolita,Ippolita,PRON,PRON,nsubj,nsubj,explicit_full,
1538,767,one-to-one,dn_783,hrd_898,Giorgio,MISSING,NULL,MISSING,nsubj,MISSING,leftover_source,
1539,767,one-to-one,dn_783,hrd_898,Ippolita,Ippolita,PRON,PRON,obj,nsubj,explicit_ref_pos,
1540,768,one-to-one,dn_784,hrd_899,Giorgio,Giorgio,PRON,PRON,nsubj,nsubj,explicit_full,
1541,768,one-to-one,dn_784,hrd_899,MISSING,Giorgio,MISSING,NULL,MISSING,nsubj,leftover_target,
1542,771,one-to-many,dn_787,hrd_903 hrd_904,Giorgio,Giorgio,PRON,PRON,nsubj,nsubj,explicit_full,
1543,771,one-to-many,dn_787,hrd_903 hrd_904,Giorgio,Giorgio,NULL,NULL,nsubj,nsubj,zero_zero_semantic,0.1432513987024625
1544,771,one-to-many,dn_787,hrd_903 hrd_904,Giorgio,MISSING,NULL,MISSING,nsubj,MISSING,leftover_source,
1545,772,one-to-many,dn_788,hrd_905 hrd_906,Giorgio,Giorgio,NULL,NULL,nsubj,nsubj,zero_zero_semantic,0.3319522650648908
1546,772,one-to-many,dn_788,hrd_905 hrd_906,MISSING,Giorgio,MISSING,NULL,MISSING,nsubj,leftover_target,
1547,772,one-to-many,dn_788,hrd_905 hrd_906,MISSING,Giorgio,MISSING,NULL,MISSING,nsubj,leftover_target,
1548,773,one-to-one,dn_789,hrd_907,Giorgio,Giorgio,NULL,NULL,nsubj,nsubj,zero_zero_single,
1549,773,one-to-one,dn_789,hrd_907,Ippolita,Ippolita,PRON,PRON,obj,obj,explicit_full,
1550,774,one-to-one,dn_790,hrd_908,Giorgio,Giorgio,NULL,PRON,nsubj,nsubj,zero_to_tgt_anchor,
1551,776,many-to-one,dn_792 dn_793,hrd_910,Giorgio,Giorgio,PRON,PRON,nsubj,nsubj,explicit_full,
1552,778,one-to-many,dn_795,hrd_912 hrd_913 hrd_914,Giorgio,Giorgio,PRON,PRON,nsubj,nsubj,explicit_full,
1553,778,one-to-many,dn_795,hrd_912 hrd_913 hrd_914,Giorgio,Giorgio,PRON,PRON,nsubj,nmod,explicit_ref_pos,
1554,778,one-to-many,dn_795,hrd_912 hrd_913 hrd_914,Giorgio,Giorgio,PRON,PRON,obj,nmod,explicit_ref_pos,
1555,778,one-to-many,dn_795,hrd_912 hrd_913 hrd_914,Ippolita,Ippolita,PROPN,PROPN,nsubj,nsubj,explicit_full,
1556,778,one-to-many,dn_795,hrd_912 hrd_913 hrd_914,MISSING,Ippolita,MISSING,NULL,MISSING,nsubj,leftover_target,
1557,778,one-to-many,dn_795,hrd_912 hrd_913 hrd_914,MISSING,Ippolita,MISSING,PRON,MISSING,nsubj,leftover_target,
1558,780,one-to-one,dn_797,hrd_916,Ippolita,Ippolita,NULL,NULL,nsubj,nsubj,zero_zero_single,
1559,781,one-to-one,dn_798,hrd_917,Giorgio,MISSING,PRON,MISSING,nsubj,MISSING,leftover_source,
1560,781,one-to-one,dn_798,hrd_917,MISSING,Ippolita,MISSING,PRON,MISSING,nsubj,leftover_target,
1561,781,one-to-one,dn_798,hrd_917,MISSING,Ippolita,MISSING,NULL,MISSING,nsubj,leftover_target,
1562,782,one-to-one,dn_799,hrd_918,Giorgio,MISSING,PRON,MISSING,nsubj,MISSING,leftover_source,
1563,782,one-to-one,dn_799,hrd_918,MISSING,Ippolita,MISSING,PRON,MISSING,nsubj,leftover_target,
1564,783,one-to-one,dn_800,hrd_919,Ippolita,Ippolita,PRON,PRON,nsubj,nsubj,explicit_full,
1565,784,one-to-many,dn_801,hrd_920 hrd_921,Giorgio,Giorgio,PRON,PRON,nsubj,nsubj,explicit_full,
1566,784,one-to-many,dn_801,hrd_920 hrd_921,Ippolita,Ippolita,PRON,PRON,obj,obj,explicit_full,
1567,785,one-to-many,dn_802,hrd_922 hrd_923,Ippolita,Ippolita,PRON,PRON,nsubj,nsubj,explicit_full,
1568,785,one-to-many,dn_802,hrd_922 hrd_923,Ippolita,Ippolita,PROPN,PROPN,vocative,vocative,explicit_full,
1569,785,one-to-many,dn_802,hrd_922 hrd_923,Ippolita,Ippolita,NULL,PRON,nsubj,nsubj,zero_to_tgt_anchor,
1570,785,one-to-many,dn_802,hrd_922 hrd_923,Ippolita,MISSING,PRON-REFLEX,MISSING,obj,MISSING,leftover_source,
1571,786,one-to-one,dn_803,hrd_924,Giorgio,Giorgio,PRON,PRON,obj,nsubj,explicit_ref_pos,
1572,787,one-to-one,dn_804,hrd_925,Giorgio,Giorgio,NULL,PRON,nsubj,nsubj,zero_to_tgt_anchor,
1573,788,one-to-one,dn_805,hrd_926,Ippolita,Ippolita,NOUN,NOUN,nsubj,nsubj,explicit_full,
1574,788,one-to-one,dn_805,hrd_926,Ippolita,MISSING,NULL,MISSING,nsubj,MISSING,leftover_source,
1575,789,one-to-many,dn_806,hrd_927 hrd_928,Ippolita,MISSING,NULL,MISSING,nsubj,MISSING,leftover_source,
1576,790,one-to-many,dn_807,hrd_929 hrd_930 hrd_931,MISSING,Giorgio,MISSING,NULL,MISSING,nsubj,leftover_target,
1577,790,one-to-many,dn_807,hrd_929 hrd_930 hrd_931,MISSING,Giorgio,MISSING,NULL,MISSING,nsubj,leftover_target,
1578,790,one-to-many,dn_807,hrd_929 hrd_930 hrd_931,Ippolita,Ippolita,PRON,PRON,obj,nsubj,explicit_ref_pos,
1579,790,one-to-many,dn_807,hrd_929 hrd_930 hrd_931,MISSING,Ippolita,MISSING,NULL,MISSING,nsubj,leftover_target,
1580,790,one-to-many,dn_807,hrd_929 hrd_930 hrd_931,MISSING,Ippolita,MISSING,PRON,MISSING,nmod,leftover_target,
1581,790,one-to-many,dn_807,hrd_929 hrd_930 hrd_931,MISSING,Ippolita,MISSING,PRON,MISSING,nmod,leftover_target,
1582,790,one-to-many,dn_807,hrd_929 hrd_930 hrd_931,MISSING,Ippolitas-chaperon,MISSING,NOUN,MISSING,obj,leftover_target,
1583,791,one-to-one,dn_808,hrd_932,Giorgio,Giorgio,NULL,NULL,nsubj,nsubj,zero_zero_semantic,0.1835411462187767
1584,791,one-to-one,dn_808,hrd_932,Giorgio,MISSING,NULL,MISSING,nsubj,MISSING,leftover_source,
1585,791,one-to-one,dn_808,hrd_932,Giorgio,MISSING,NULL,MISSING,nsubj,MISSING,leftover_source,
1586,791,one-to-one,dn_808,hrd_932,Ippolita,Ippolita,PRON,PRON,obj,nsubj,explicit_ref_pos,
1587,791,one-to-one,dn_808,hrd_932,Ippolita,MISSING,PRON,MISSING,obj,MISSING,leftover_source,
1588,791,one-to-one,dn_808,hrd_932,Ippolita,MISSING,PRON,MISSING,obj,MISSING,leftover_source,
1589,791,one-to-one,dn_808,hrd_932,Ippolitas-chaperon,MISSING,NOUN,MISSING,obj,MISSING,leftover_source,
1590,792,one-to-one,dn_809,hrd_933,Giorgio,Giorgio,NULL,NULL,nsubj,nsubj,zero_zero_single,
1591,792,one-to-one,dn_809,hrd_933,MISSING,Giorgio,MISSING,PRON,MISSING,nsubj,leftover_target,
1592,793,one-to-one,dn_810,hrd_934,Ippolita,Ippolita,PRON,PRON,nsubj,nsubj,explicit_full,
1593,793,one-to-one,dn_810,hrd_934,Ippolita,MISSING,PRON-REFLEX,MISSING,obj,MISSING,leftover_source,
1594,794,one-to-one,dn_811 dn_812,hrd_935 hrd_936,Giorgio,MISSING,NULL,MISSING,nsubj,MISSING,leftover_source,
1595,794,one-to-one,dn_811 dn_812,hrd_935 hrd_936,Ippolita,Ippolita,PRON,PRON,obj,obj,explicit_full,
1596,794,one-to-one,dn_811 dn_812,hrd_935 hrd_936,Ippolita,MISSING,NULL,MISSING,nsubj,MISSING,leftover_source,
1597,795,one-to-many,dn_813,hrd_937 hrd_938 hrd_939,Ippolita,Ippolita,PROPN,PROPN,nsubj,nsubj,explicit_full,
1598,796,one-to-one,dn_814,hrd_940,Ippolita,Ippolita,NULL,NULL,nsubj,nsubj,zero_zero_single,
1599,797,one-to-one,dn_815,hrd_941,Ippolita,Ippolita,PRON,PRON,nsubj,nsubj,explicit_full,
1600,798,one-to-many,dn_816,hrd_942 hrd_943,Ippolita,Ippolita,NULL,NULL,nsubj,nsubj,zero_zero_semantic,0.3528799737367449
1601,798,one-to-many,dn_816,hrd_942 hrd_943,Ippolita,MISSING,PRON-REFLEX,MISSING,obj,MISSING,leftover_source,
1602,798,one-to-many,dn_816,hrd_942 hrd_943,MISSING,Ippolita,MISSING,NULL,MISSING,nsubj,leftover_target,
1603,799,one-to-one,dn_817,hrd_944,Ippolita,Ippolita,NULL,PRON,nsubj,nsubj,zero_to_tgt_anchor,
1604,802,one-to-many,dn_820,hrd_947 hrd_948,Giorgio Ippolita,Giorgio Ippolita,PRON,NOUN,nsubj,nsubj,explicit_ref_case,
1605,802,one-to-many,dn_820,hrd_947 hrd_948,MISSING,Giorgio Ippolita,MISSING,NULL,MISSING,nsubj,leftover_target,
1606,803,one-to-one,dn_821,hrd_949,Ippolita,Ippolita,PROPN,PROPN,nsubj,nsubj,explicit_full,
1607,803,one-to-one,dn_821,hrd_949,MISSING,Ippolita,MISSING,NULL,MISSING,nsubj,leftover_target,
1608,804,one-to-one,dn_822,hrd_950,Giorgio Ippolita,Giorgio Ippolita,DET,PRON,nmod,nmod,explicit_ref_case,
1609,804,one-to-one,dn_822,hrd_950,Giorgio Ippolita,MISSING,PRON,MISSING,obj,MISSING,leftover_source,
1610,805,one-to-one,dn_823 dn_824,hrd_951 hrd_952,Giorgio Ippolita,Giorgio Ippolita,PRON,PRON,nsubj,nsubj,explicit_full,
1611,805,one-to-one,dn_823 dn_824,hrd_951 hrd_952,Giorgio Ippolita,Giorgio Ippolita,NOUN,NOUN,nmod,nmod,explicit_full,
1612,805,one-to-one,dn_823 dn_824,hrd_951 hrd_952,Giorgio Ippolita,Giorgio Ippolita,PRON,NULL,nsubj,nsubj,zero_to_src_anchor,
1613,806,many-to-one,dn_825 dn_826,hrd_953,Giorgio Ippolita,Giorgio Ippolita,PRON,NOUN,nsubj,nsubj,explicit_ref_case,
1614,806,many-to-one,dn_825 dn_826,hrd_953,MISSING,Giorgio Ippolita,MISSING,PRON,MISSING,obj,leftover_target,
1615,806,many-to-one,dn_825 dn_826,hrd_953,MISSING,Giorgio Ippolita,MISSING,NULL,MISSING,nsubj,leftover_target,
1616,807,one-to-many,dn_827,hrd_954 hrd_955,Giorgio Ippolita,Giorgio Ippolita,DET,PRON,nmod,nmod,explicit_ref_case,
1617,808,one-to-one,dn_828,hrd_956,Giorgio,Giorgio,NULL,NULL,nsubj,nsubj,zero_zero_single,
1618,809,one-to-one,dn_829,hrd_957,Ippolita,Ippolita,PROPN,PROPN,nsubj,nsubj,explicit_full,
1619,810,one-to-one,dn_830,hrd_958,Ippolita,Ippolita,PRON,PRON,nsubj,nsubj,explicit_full,
1620,811,one-to-one,dn_831,hrd_959,Giorgio,Giorgio,PROPN,PROPN,nsubj,nsubj,explicit_full,
1621,811,one-to-one,dn_831,hrd_959,MISSING,Giorgio,MISSING,NULL,MISSING,nsubj,leftover_target,
1622,811,one-to-one,dn_831,hrd_959,Ippolita,Ippolita,PRON,PRON,obj,obj,explicit_full,
1623,812,one-to-one,dn_832,hrd_960,Giorgio Ippolita,Giorgio Ippolita,PRON,PRON,nsubj,nsubj,explicit_full,
1624,812,one-to-one,dn_832,hrd_960,MISSING,Giorgio Ippolita,MISSING,NULL,MISSING,nsubj,leftover_target,
1625,813,one-to-one,dn_833,hrd_961,Giorgio Ippolita,Giorgio Ippolita,NULL,NULL,nsubj,nsubj,zero_zero_semantic,0.11651301383972168
1626,813,one-to-one,dn_833,hrd_961,Giorgio Ippolita,Giorgio Ippolita,NULL,NULL,nsubj,nsubj,zero_zero_semantic,0.4985125404946944
1627,813,one-to-one,dn_833,hrd_961,MISSING,Giorgio Ippolita,MISSING,NULL,MISSING,nsubj,leftover_target,
1628,817,one-to-one,dn_837,hrd_965,Ippolita,Ippolita,PROPN,PROPN,vocative,vocative,explicit_full,
1629,818,one-to-one,dn_838,hrd_966,Giorgio,Giorgio,PROPN,PROPN,nsubj,nsubj,explicit_full,
1630,818,one-to-one,dn_838,hrd_966,MISSING,Ippolita,MISSING,DET,MISSING,nmod,leftover_target,
1631,818,one-to-one,dn_838,hrd_966,MISSING,Ippolita,MISSING,DET,MISSING,nmod,leftover_target,
1632,819,one-to-one,dn_839,hrd_967,Giorgio,Giorgio,NULL,NULL,nsubj,nsubj,zero_zero_semantic,0.44789864070901897
1633,819,one-to-one,dn_839,hrd_967,Giorgio,Giorgio,NULL,NULL,nsubj,nsubj,zero_zero_semantic,0.2606772214252219
1634,819,one-to-one,dn_839,hrd_967,MISSING,Giorgio,MISSING,PRON,MISSING,nsubj,leftover_target,
1635,819,one-to-one,dn_839,hrd_967,Ippolita,MISSING,PRON-REFLEX,MISSING,obj,MISSING,leftover_source,
1636,819,one-to-one,dn_839,hrd_967,Ippolita,MISSING,NULL,MISSING,nsubj,MISSING,leftover_source,
1637,820,one-to-one,dn_840,hrd_968,Giorgio,Giorgio,NULL,PRON,nsubj,nsubj,zero_to_tgt_anchor,
1638,820,one-to-one,dn_840,hrd_968,Giorgio,MISSING,NULL,MISSING,nsubj,MISSING,leftover_source,
1639,820,one-to-one,dn_840,hrd_968,MISSING,Giorgio,MISSING,PRON,MISSING,nmod,leftover_target,
1640,820,one-to-one,dn_840,hrd_968,Ippolita,MISSING,DET,MISSING,nmod,MISSING,leftover_source,
1641,821,one-to-one,dn_841,hrd_969,Giorgio,MISSING,DET,MISSING,nmod,MISSING,leftover_source,
1642,821,one-to-one,dn_841,hrd_969,Giorgios-younger-sister-Ippolita,Giorgios-younger-sister-Ippolita,NOUN,NOUN,nsubj,nmod,explicit_ref_pos,
1643,821,one-to-one,dn_841,hrd_969,Giorgios-younger-sister-Ippolita,MISSING,PRON-REFLEX,MISSING,obj,MISSING,leftover_source,
1644,822,one-to-one,dn_842,hrd_970,Giorgio,Giorgio,PRON,PRON,obj,obj,explicit_full,
1645,822,one-to-one,dn_842,hrd_970,MISSING,Ippolita,MISSING,DET,MISSING,nmod,leftover_target,
1646,823,one-to-one,dn_843,hrd_971,Giorgio,Giorgio,NULL,PRON,nsubj,nsubj,zero_to_tgt_anchor,
1647,824,one-to-many,dn_844,hrd_972 hrd_973,Giorgio,Giorgio,DET,PRON,nmod,nmod,explicit_ref_case,
1648,825,one-to-one,dn_845,hrd_974,Giorgio,Giorgio,DET,PRON,nmod,nmod,explicit_ref_case,
1649,825,one-to-one,dn_845,hrd_974,Giorgios-younger-sister-Ippolita,Giorgios-younger-sister-Ippolita,NOUN,NOUN,nmod,nmod,explicit_full,
1650,826,one-to-many,dn_846,hrd_975 hrd_976 hrd_977 hrd_978 hrd_979,Giorgio,Giorgio,PRON,PRON,nsubj,nsubj,explicit_full,
1651,826,one-to-many,dn_846,hrd_975 hrd_976 hrd_977 hrd_978 hrd_979,Giorgio,Giorgio,PRON,PRON,obj,obj,explicit_full,
1652,826,one-to-many,dn_846,hrd_975 hrd_976 hrd_977 hrd_978 hrd_979,Giorgio,Giorgio,PRON,PRON,obj,nmod,explicit_ref_pos,
1653,826,one-to-many,dn_846,hrd_975 hrd_976 hrd_977 hrd_978 hrd_979,Giorgio,Giorgio,NULL,NULL,nsubj,nsubj,zero_zero_semantic,0.4603590510206519
1654,826,one-to-many,dn_846,hrd_975 hrd_976 hrd_977 hrd_978 hrd_979,Giorgio,Giorgio,NULL,NULL,nsubj,nsubj,zero_zero_semantic,0.42423950096177315
1655,826,one-to-many,dn_846,hrd_975 hrd_976 hrd_977 hrd_978 hrd_979,Giorgio,Giorgio,NULL,NULL,nsubj,nsubj,zero_zero_semantic,0.23224961427826957
1656,826,one-to-many,dn_846,hrd_975 hrd_976 hrd_977 hrd_978 hrd_979,Giorgio,MISSING,PRON,MISSING,obj,MISSING,leftover_source,
1657,826,one-to-many,dn_846,hrd_975 hrd_976 hrd_977 hrd_978 hrd_979,Ippolita,Ippolita,PRON,PRON,obj,obj,explicit_full,
1658,826,one-to-many,dn_846,hrd_975 hrd_976 hrd_977 hrd_978 hrd_979,Ippolita,Ippolita,PRON,PRON,nsubj,nsubj,explicit_full,
1659,826,one-to-many,dn_846,hrd_975 hrd_976 hrd_977 hrd_978 hrd_979,Ippolita,Ippolita,NULL,NULL,nsubj,nsubj,zero_zero_semantic,0.29635883489112164
1660,826,one-to-many,dn_846,hrd_975 hrd_976 hrd_977 hrd_978 hrd_979,Ippolita,MISSING,PRON,MISSING,obj,MISSING,leftover_source,
1661,826,one-to-many,dn_846,hrd_975 hrd_976 hrd_977 hrd_978 hrd_979,Ippolita,MISSING,NULL,MISSING,nsubj,MISSING,leftover_source,
1662,828,one-to-many,dn_848,hrd_981 hrd_982,Giorgio,Giorgio,DET,PRON,nmod,nmod,explicit_ref_case,
1663,828,one-to-many,dn_848,hrd_981 hrd_982,Giorgio,Giorgio,NULL,PRON,nsubj,nsubj,zero_to_tgt_anchor,
1664,828,one-to-many,dn_848,hrd_981 hrd_982,Giorgio,MISSING,NULL,MISSING,nsubj,MISSING,leftover_source,
1665,829,one-to-many,dn_849,hrd_983 hrd_984,Giorgio,Giorgio,NULL,NULL,nsubj,nsubj,zero_zero_semantic,0.41744722691581054
1666,829,one-to-many,dn_849,hrd_983 hrd_984,Giorgio,MISSING,NULL,MISSING,nsubj,MISSING,leftover_source,
1667,829,one-to-many,dn_849,hrd_983 hrd_984,GiovanniSgambati,MISSING,PROPN,MISSING,nmod,MISSING,leftover_source,
1668,829,one-to-many,dn_849,hrd_983 hrd_984,Ippolita,Ippolita,PRON,PRON,obj,obj,explicit_full,
1669,829,one-to-many,dn_849,hrd_983 hrd_984,Ippolita,Ippolita,PRON,PRON,nsubj,nsubj,explicit_full,
1670,829,one-to-many,dn_849,hrd_983 hrd_984,Ippolita,MISSING,PRON,MISSING,obj,MISSING,leftover_source,
1671,829,one-to-many,dn_849,hrd_983 hrd_984,MISSING,Ippolita,MISSING,NULL,MISSING,nsubj,leftover_target,
1672,830,one-to-one,dn_850,hrd_985,Giorgio,Giorgio,PRON,PRON,obj,obj,explicit_full,
1673,830,one-to-one,dn_850,hrd_985,Ippolita,Ippolita,NULL,PRON,nsubj,nsubj,zero_to_tgt_anchor,
1674,831,one-to-one,dn_851 dn_852,hrd_986 hrd_987 hrd_988,Giorgio,Giorgio,PRON,PRON,obj,obj,explicit_full,
1675,831,one-to-one,dn_851 dn_852,hrd_986 hrd_987 hrd_988,Giorgio Ippolita,MISSING,PRON-REFLEX,MISSING,obj,MISSING,leftover_source,
1676,831,one-to-one,dn_851 dn_852,hrd_986 hrd_987 hrd_988,Giorgio Ippolita,MISSING,NULL,MISSING,nsubj,MISSING,leftover_source,
1677,831,one-to-one,dn_851 dn_852,hrd_986 hrd_987 hrd_988,Ippolita,Ippolita,NULL,PRON,nsubj,nsubj,zero_to_tgt_anchor,
1678,831,one-to-one,dn_851 dn_852,hrd_986 hrd_987 hrd_988,Ippolita,Ippolita,NULL,PRON,nsubj,nsubj,zero_to_tgt_anchor,
1679,831,one-to-one,dn_851 dn_852,hrd_986 hrd_987 hrd_988,Ippolita,MISSING,PRON-REFLEX,MISSING,obj,MISSING,leftover_source,
1680,832,one-to-one,dn_853,hrd_989,Ippolita,Ippolita,PRON,PRON,obj,nsubj,explicit_ref_pos,
1681,832,one-to-one,dn_853,hrd_989,Ippolita,Ippolita,NULL,NULL,nsubj,nsubj,zero_zero_single,
1682,833,one-to-one,dn_854,hrd_990,Cecilia,Cecilia,NOUN,NOUN,obj,obj,explicit_full,
1683,833,one-to-one,dn_854,hrd_990,Ippolita,Ippolita,NULL,NULL,nsubj,nsubj,zero_zero_single,
1684,833,one-to-one,dn_854,hrd_990,Ippolita,MISSING,PRON,MISSING,obj,MISSING,leftover_source,
1685,834,many-to-one,dn_855 dn_856,hrd_991,Cecilia,Cecilia,PROPN,PROPN,pred,pred,explicit_full,
1686,834,many-to-one,dn_855 dn_856,hrd_991,Cecilia,Cecilia,NOUN,NOUN,pred,pred,explicit_full,
1687,834,many-to-one,dn_855 dn_856,hrd_991,MISSING,Cecilia,MISSING,NULL,MISSING,nsubj,leftover_target,
1688,834,many-to-one,dn_855 dn_856,hrd_991,Ippolita,Ippolita,DET,PRON,nmod,nmod,explicit_ref_case,
1689,835,one-to-one,dn_857,hrd_992,Giorgio,Giorgio,PRON,PRON,nsubj,nsubj,explicit_full,
1690,835,one-to-one,dn_857,hrd_992,Giorgio,MISSING,PRON-REFLEX,MISSING,obj,MISSING,leftover_source,
1691,835,one-to-one,dn_857,hrd_992,Ippolita,Ippolita,PRON,PRON,obj,obj,explicit_full,
1692,836,one-to-one,dn_858,hrd_993,Giorgio,Giorgio,NULL,NULL,nsubj,nsubj,zero_zero_single,
1693,836,one-to-one,dn_858,hrd_993,Giorgio Ippolita,Giorgio Ippolita,NOUN,NOUN,nsubj,nsubj,explicit_full,
1694,837,one-to-one,dn_859,hrd_994,Ippolita,Ippolita,NULL,PRON,nsubj,nsubj,zero_to_tgt_anchor,
1695,838,one-to-one,dn_860,hrd_995,Giorgio,Giorgio,PRON,PRON,obj,obj,explicit_full,
1696,839,one-to-one,dn_861,hrd_996,Giorgio,MISSING,NULL,MISSING,nsubj,MISSING,leftover_source,
1697,840,one-to-one,dn_862,hrd_997,Ippolita,Ippolita,NULL,PRON,nsubj,nsubj,zero_to_tgt_anchor,
1698,840,one-to-one,dn_862,hrd_997,Ippolita,MISSING,PRON-REFLEX,MISSING,obj,MISSING,leftover_source,
1699,842,one-to-one,dn_864,hrd_999,Giorgio,Giorgio,DET,PRON,nmod,nmod,explicit_ref_case,
1700,843,one-to-one,dn_865,hrd_1000,Giorgio,Giorgio,NULL,PRON,nsubj,nsubj,zero_to_tgt_anchor,
1701,844,one-to-one,dn_866,hrd_1001,Giorgio,Giorgio,DET,PRON,obj,nsubj,explicit_ref_only,
1702,844,one-to-one,dn_866,hrd_1001,Giorgio,Giorgio,NULL,NULL,nsubj,nsubj,zero_zero_semantic,0.2883972905324277
1703,844,one-to-one,dn_866,hrd_1001,Giorgio,MISSING,NULL,MISSING,nsubj,MISSING,leftover_source,
1704,844,one-to-one,dn_866,hrd_1001,MISSING,Giorgio,MISSING,PRON,MISSING,nmod,leftover_target,
1705,844,one-to-one,dn_866,hrd_1001,Ippolita,Ippolita,PRON,PRON,obj,obj,explicit_full,
1706,845,one-to-one,dn_867,hrd_1002,Giorgio,Giorgio,PRON,PRON,nsubj,nsubj,explicit_full,
1707,846,one-to-one,dn_868,hrd_1003,Giorgio,Giorgio,DET,PRON,nmod,nmod,explicit_ref_case,
1708,847,one-to-one,dn_869,hrd_1004,Giorgio,Giorgio,DET,PRON,nmod,nmod,explicit_ref_case,
1709,847,one-to-one,dn_869,hrd_1004,Giorgio,Giorgio,PRON,PRON,obj,nsubj,explicit_ref_pos,
1710,847,one-to-one,dn_869,hrd_1004,MISSING,Giorgio,MISSING,NULL,MISSING,nsubj,leftover_target,
1711,848,one-to-one,dn_870,hrd_1005,Giorgio,Giorgio,PRON,PRON,obj,obj,explicit_full,
1712,848,one-to-one,dn_870,hrd_1005,Giorgio,Giorgio,NULL,NULL,nsubj,nsubj,zero_zero_single,
1713,848,one-to-one,dn_870,hrd_1005,Giorgio,MISSING,PRON-REFLEX,MISSING,obj,MISSING,leftover_source,
1714,849,one-to-one,dn_871,hrd_1006,Beethoven,Beethoven,PROPN,PROPN,nmod,nmod,explicit_full,
1715,849,one-to-one,dn_871,hrd_1006,Giorgio,Giorgio,DET,PRON,nmod,nsubj,explicit_ref_only,
1716,849,one-to-one,dn_871,hrd_1006,Giorgio,Giorgio,NULL,NULL,nsubj,nsubj,zero_zero_semantic,0.290514889648986
1717,849,one-to-one,dn_871,hrd_1006,Giorgio,Giorgio,NULL,NULL,nsubj,nsubj,zero_zero_semantic,0.12644289803797215
1718,849,one-to-one,dn_871,hrd_1006,Giorgio,MISSING,PRON-REFLEX,MISSING,obj,MISSING,leftover_source,
1719,849,one-to-one,dn_871,hrd_1006,Giorgio,MISSING,PRON-REFLEX,MISSING,obj,MISSING,leftover_source,
1720,849,one-to-one,dn_871,hrd_1006,Ippolita,Ippolita,NOUN,PRON,nsubj,nmod,explicit_ref_only,
1721,850,one-to-many,dn_872,hrd_1007 hrd_1008,Giorgio,MISSING,PRON,MISSING,obj,MISSING,leftover_source,
1722,850,one-to-many,dn_872,hrd_1007 hrd_1008,Giorgio,MISSING,PRON,MISSING,obj,MISSING,leftover_source,
1723,850,one-to-many,dn_872,hrd_1007 hrd_1008,MISSING,Giorgio,MISSING,NULL,MISSING,nsubj,leftover_target,
1724,850,one-to-many,dn_872,hrd_1007 hrd_1008,MISSING,Giorgio,MISSING,NULL,MISSING,nsubj,leftover_target,
1725,850,one-to-many,dn_872,hrd_1007 hrd_1008,Ippolita,Ippolita,PROPN,PROPN,nsubj,nsubj,explicit_full,
1726,850,one-to-many,dn_872,hrd_1007 hrd_1008,Ippolita,Ippolita,PRON,PRON,nsubj,nsubj,explicit_full,
1727,850,one-to-many,dn_872,hrd_1007 hrd_1008,MISSING,Ippolita,MISSING,PRON,MISSING,nsubj,leftover_target,
1728,851,one-to-one,dn_873,hrd_1009,Giorgio,Giorgio,PRON,PRON,obj,obj,explicit_full,
1729,852,one-to-one,dn_874,hrd_1010,Giorgio,MISSING,PRON,MISSING,obj,MISSING,leftover_source,
1730,853,one-to-one,dn_875,hrd_1011,Giorgio,Giorgio,DET,PRON,nmod,nmod,explicit_ref_case,
1731,854,one-to-one,dn_876,hrd_1012,Giorgio,Giorgio,PROPN,PROPN,nsubj,nsubj,explicit_full,
1732,854,one-to-one,dn_876,hrd_1012,Giorgio,MISSING,NULL,MISSING,nsubj,MISSING,leftover_source,
1733,855,one-to-one,dn_877,hrd_1013,Giorgio,MISSING,PRON,MISSING,obj,MISSING,leftover_source,
1734,856,one-to-one,dn_878,hrd_1014,Ippolita,Ippolita,NULL,PRON,nsubj,nsubj,zero_to_tgt_anchor,
1735,856,one-to-one,dn_878,hrd_1014,Ippolita,MISSING,PRON-REFLEX,MISSING,obj,MISSING,leftover_source,
1736,861,many-to-one,dn_883 dn_884,hrd_1019,Ippolita,Ippolita,NULL,NULL,nsubj,nsubj,zero_zero_semantic,0.6079415564972257
1737,861,many-to-one,dn_883 dn_884,hrd_1019,Ippolita,MISSING,PRON-REFLEX,MISSING,obj,MISSING,leftover_source,
1738,861,many-to-one,dn_883 dn_884,hrd_1019,MISSING,Ippolita,MISSING,NULL,MISSING,nsubj,leftover_target,
1739,861,many-to-one,dn_883 dn_884,hrd_1019,MISSING,Ippolita,MISSING,NULL,MISSING,nsubj,leftover_target,
1740,863,one-to-one,dn_886,hrd_1021,audience,audience,NOUN,NOUN,nsubj,vocative,explicit_ref_pos,
1741,864,one-to-one,dn_887,hrd_1022,AlessandroMemmi,AlessandroMemmi,PROPN,PROPN,nsubj,nsubj,explicit_full,
1742,864,one-to-one,dn_887,hrd_1022,AlessandroMemmi,AlessandroMemmi,DET,PRON,nmod,nmod,explicit_ref_case,
1743,864,one-to-one,dn_887,hrd_1022,AlessandroMemmi,AlessandroMemmi,NULL,NULL,nsubj,nsubj,zero_zero_single,
1744,864,one-to-one,dn_887,hrd_1022,audience,audience,NOUN,NOUN,obj,obj,explicit_full,
1745,865,one-to-one,dn_888,hrd_1023,Ippolita,Ippolita,PRON,PRON,nsubj,nsubj,explicit_full,
1746,865,one-to-one,dn_888,hrd_1023,Ippolita,Ippolita,NOUN,PRON,vocative,nsubj,explicit_ref_only,
1747,865,one-to-one,dn_888,hrd_1023,audience,audience,NOUN,NOUN,obj,obj,explicit_full,
1748,866,one-to-many,dn_889,hrd_1024 hrd_1025,Ippolita,MISSING,NULL,MISSING,nsubj,MISSING,leftover_source,
1749,866,one-to-many,dn_889,hrd_1024 hrd_1025,MrMartlet,MrMartlet,PROPN,PROPN,nsubj,nsubj,explicit_full,
1750,866,one-to-many,dn_889,hrd_1024 hrd_1025,MrMartlet,MrMartlet,PROPN,PROPN,nsubj,vocative,explicit_ref_pos,
1751,866,one-to-many,dn_889,hrd_1024 hrd_1025,MrMartlet,MISSING,NULL,MISSING,nsubj,MISSING,leftover_source,
1752,866,one-to-many,dn_889,hrd_1024 hrd_1025,MISSING,MrMartlet,MISSING,NOUN,MISSING,pred,leftover_target,
1753,866,one-to-many,dn_889,hrd_1024 hrd_1025,MrsMartlet,MrsMartlet,NOUN,NOUN,nsubj,nsubj,explicit_full,
1754,866,one-to-many,dn_889,hrd_1024 hrd_1025,MISSING,MrsMartlet,MISSING,NULL,MISSING,nsubj,leftover_target,
1755,867,one-to-one,dn_890,hrd_1026,Boll,Boll,PROPN,PROPN,nmod,nmod,explicit_full,
1756,867,one-to-one,dn_890,hrd_1026,Boll,Boll,NOUN,NOUN,nsubj,nmod,explicit_ref_pos,
1757,867,one-to-one,dn_890,hrd_1026,Ippolita,Ippolita,NOUN,PRON,obj,nmod,explicit_ref_only,
1758,867,one-to-one,dn_890,hrd_1026,MargheritaTraubeBoll,MargheritaTraubeBoll,NOUN,NOUN,nsubj,nsubj,explicit_full,
1759,867,one-to-one,dn_890,hrd_1026,MargheritaTraubeBoll,MargheritaTraubeBoll,NOUN,NOUN,pred,pred,explicit_full,
1760,867,one-to-one,dn_890,hrd_1026,MargheritaTraubeBoll,MargheritaTraubeBoll,NOUN,NOUN,pred,pred,explicit_full,
1761,867,one-to-one,dn_890,hrd_1026,MargheritaTraubeBoll,MISSING,PROPN,MISSING,pred,MISSING,leftover_source,
1762,868,one-to-one,dn_891,hrd_1027,Fleichl,Fleichl,NOUN,NOUN,nsubj,nsubj,explicit_full,
1763,868,one-to-one,dn_891,hrd_1027,Fleichl,Fleichl,NOUN,NOUN,pred,pred,explicit_full,
1764,868,one-to-one,dn_891,hrd_1027,Fleichl,Fleichl,NOUN,NOUN,pred,pred,explicit_full,
1765,868,one-to-one,dn_891,hrd_1027,Fleichl,Fleichl,NOUN,NOUN,pred,pred,explicit_full,
1766,868,one-to-one,dn_891,hrd_1027,Fleichl,Fleichl,NOUN,NOUN,pred,pred,explicit_full,
1767,868,one-to-one,dn_891,hrd_1027,Fleichl,Fleichl,PROPN,NOUN,nsubj,pred,explicit_ref_only,
1768,868,one-to-one,dn_891,hrd_1027,SebastianBach,SebastianBach,PROPN,PROPN,nmod,nmod,explicit_full,
1769,869,one-to-one,dn_892,hrd_1028,Castracane,Castracane,NOUN,NOUN,nsubj,nsubj,explicit_full,
1770,869,one-to-one,dn_892,hrd_1028,Castracane,Castracane,PROPN,PROPN,pred,pred,explicit_full,
1771,869,one-to-one,dn_892,hrd_1028,Castracane,MISSING,NOUN,MISSING,pred,MISSING,leftover_source,
1772,870,one-to-one,dn_893,hrd_1029,MISSING,Castracane,MISSING,DET,MISSING,nmod,leftover_target,
1773,870,one-to-one,dn_893,hrd_1029,Cuboni,Cuboni,PROPN,PROPN,nsubj,nsubj,explicit_full,
1774,870,one-to-one,dn_893,hrd_1029,Cuboni,Cuboni,NOUN,NOUN,nsubj,pred,explicit_ref_pos,
1775,870,one-to-one,dn_893,hrd_1029,Cuboni,Cuboni,NOUN,NOUN,nsubj,pred,explicit_ref_pos,
1776,870,one-to-one,dn_893,hrd_1029,Cuboni,MISSING,NOUN,MISSING,nsubj,MISSING,leftover_source,
1777,871,one-to-one,dn_894 dn_895,hrd_1030 hrd_1031 hrd_1032,Blaserna,Blaserna,PROPN,PROPN,nsubj,nsubj,explicit_full,
1778,871,one-to-one,dn_894 dn_895,hrd_1030 hrd_1031 hrd_1032,Blaserna,MISSING,NOUN,MISSING,nsubj,MISSING,leftover_source,
1779,871,one-to-one,dn_894 dn_895,hrd_1030 hrd_1031 hrd_1032,Davis,Davis,PROPN,PROPN,nsubj,nsubj,explicit_full,
1780,871,one-to-one,dn_894 dn_895,hrd_1030 hrd_1031 hrd_1032,Davis,MISSING,NOUN,MISSING,nsubj,MISSING,leftover_source,
1781,871,one-to-one,dn_894 dn_895,hrd_1030 hrd_1031 hrd_1032,Davis,MISSING,NOUN,MISSING,nsubj,MISSING,leftover_source,
1782,871,one-to-one,dn_894 dn_895,hrd_1030 hrd_1031 hrd_1032,Helmholtz,Helmholtz,PROPN,PROPN,nmod,nmod,explicit_full,
1783,871,one-to-one,dn_894 dn_895,hrd_1030 hrd_1031 hrd_1032,JacopoMoleschott,JacopoMoleschott,PROPN,PROPN,nsubj,nsubj,explicit_full,
1784,871,one-to-one,dn_894 dn_895,hrd_1030 hrd_1031 hrd_1032,JacopoMoleschott,JacopoMoleschott,NOUN,NOUN,nsubj,nsubj,explicit_full,
1785,871,one-to-one,dn_894 dn_895,hrd_1030 hrd_1031 hrd_1032,JacopoMoleschott,JacopoMoleschott,NOUN,NOUN,nsubj,pred,explicit_ref_pos,
1786,872,many-to-one,dn_896 dn_897,hrd_1033,audience,audience,NOUN,NOUN,nsubj,nsubj,explicit_full,
1787,872,many-to-one,dn_896 dn_897,hrd_1033,audience,audience,NOUN,NOUN,pred,pred,explicit_full,
1788,872,many-to-one,dn_896 dn_897,hrd_1033,audience,audience,NOUN,NOUN,pred,pred,explicit_full,
1789,872,many-to-one,dn_896 dn_897,hrd_1033,audience,audience,NOUN,PRON,pred,nsubj,explicit_ref_only,
1790,872,many-to-one,dn_896 dn_897,hrd_1033,MISSING,audience,MISSING,NULL,MISSING,nsubj,leftover_target,
1791,873,one-to-one,dn_898,hrd_1034,Giorgio,Giorgio,PRON,PRON,nsubj,nsubj,explicit_full,
1792,873,one-to-one,dn_898,hrd_1034,Giorgio,Giorgio,PRON,PRON,nmod,nmod,explicit_full,
1793,873,one-to-one,dn_898,hrd_1034,Giorgio,Giorgio,PRON-REFLEX,PRON,obj,obj,reflex_obj,
1794,874,one-to-many,dn_899,hrd_1035 hrd_1036,AlessandroMemmi,AlessandroMemmi,PROPN,NOUN,nsubj,nmod,explicit_ref_only,
1795,874,one-to-many,dn_899,hrd_1035 hrd_1036,audience,audience,NOUN,NOUN,nsubj,nsubj,explicit_full,
1796,874,one-to-many,dn_899,hrd_1035 hrd_1036,audience,audience,PRON,NOUN,nsubj,nsubj,explicit_ref_case,
1797,874,one-to-many,dn_899,hrd_1035 hrd_1036,audience,audience,PRON,NOUN,nsubj,nsubj,explicit_ref_case,
1798,874,one-to-many,dn_899,hrd_1035 hrd_1036,audience,audience,PRON,NOUN,nsubj,nsubj,explicit_ref_case,
1799,874,one-to-many,dn_899,hrd_1035 hrd_1036,audience,MISSING,DET,MISSING,nmod,MISSING,leftover_source,
1800,874,one-to-many,dn_899,hrd_1035 hrd_1036,MISSING,audience,MISSING,NULL,MISSING,nsubj,leftover_target,
1801,874,one-to-many,dn_899,hrd_1035 hrd_1036,chorus,chorus,NOUN,NOUN,nmod,nmod,explicit_full,
1802,875,one-to-many,dn_900,hrd_1037 hrd_1038,chorus,chorus,NOUN,NOUN,nsubj,nsubj,explicit_full,
1803,875,one-to-many,dn_900,hrd_1037 hrd_1038,MISSING,chorus,MISSING,NULL,MISSING,nsubj,leftover_target,
1804,876,one-to-one,dn_901,hrd_1039,maidens,maidens,NOUN,NOUN,nsubj,nsubj,explicit_full,
1805,876,one-to-one,dn_901,hrd_1039,maidens,MISSING,PRON-REFLEX,MISSING,obj,MISSING,leftover_source,
1806,876,one-to-one,dn_901,hrd_1039,MISSING,maidens,MISSING,NULL,MISSING,nsubj,leftover_target,
1807,877,one-to-one,dn_902,hrd_1040,maidens,MISSING,DET,MISSING,nmod,MISSING,leftover_source,
1808,877,one-to-one,dn_902,hrd_1040,violinists,violinists,NOUN,NOUN,nmod,nmod,explicit_full,
1809,879,one-to-one,dn_904,hrd_1042,AlessandroMemmi,AlessandroMemmi,PROPN,PROPN,nsubj,nsubj,explicit_full,
1810,879,one-to-one,dn_904,hrd_1042,AlessandroMemmi,MISSING,DET,MISSING,nmod,MISSING,leftover_source,
1811,883,one-to-one,dn_908,hrd_1047,audience,audience,NOUN,NOUN,nmod,nmod,explicit_full,
1812,887,one-to-many,dn_912,hrd_1052 hrd_1053,Giorgio Ippolita,Giorgio Ippolita,NOUN,NOUN,obj,obj,explicit_full,
1813,887,one-to-many,dn_912,hrd_1052 hrd_1053,audience,audience,NOUN,NOUN,obj,nmod,explicit_ref_pos,
1814,888,one-to-one,dn_913,hrd_1054,Giorgio,Giorgio,PRON,PRON,nsubj,nsubj,explicit_full,
1815,888,one-to-one,dn_913,hrd_1054,Giorgio,Giorgio,NULL,NULL,nsubj,nsubj,zero_zero_semantic,0.42591096093550573
1816,888,one-to-one,dn_913,hrd_1054,MISSING,Giorgio,MISSING,NULL,MISSING,nsubj,leftover_target,
1817,890,one-to-one,dn_915,hrd_1056,Giorgio,Giorgio,NULL,PRON,nsubj,nsubj,zero_to_tgt_anchor,
1818,891,one-to-one,dn_916,hrd_1057,AlessandroMemmi,AlessandroMemmi,NOUN,NOUN,nsubj,nsubj,explicit_full,
1819,891,one-to-one,dn_916,hrd_1057,AlessandroMemmi,AlessandroMemmi,DET,PRON,nmod,nmod,explicit_ref_case,
1820,891,one-to-one,dn_916,hrd_1057,AlessandroMemmi,AlessandroMemmi,NOUN,NOUN,nsubj,pred,explicit_ref_pos,
1821,891,one-to-one,dn_916,hrd_1057,AlessandroMemmi,MISSING,PRON-REFLEX,MISSING,obj,MISSING,leftover_source,
1822,891,one-to-one,dn_916,hrd_1057,AlessandroMemmi,MISSING,NULL,MISSING,nsubj,MISSING,leftover_source,
1823,891,one-to-one,dn_916,hrd_1057,Schopenhauer,Schopenhauer,PROPN,PROPN,nmod,nmod,explicit_full,
1824,891,one-to-one,dn_916,hrd_1057,SebastianBach,SebastianBach,PROPN,PROPN,nmod,nmod,explicit_full,
1825,891,one-to-one,dn_916,hrd_1057,audience,audience,DET,PRON,nmod,nmod,explicit_ref_case,
1826,891,one-to-one,dn_916,hrd_1057,audience,audience,NOUN,NOUN,obj,nmod,explicit_ref_pos,
1827,891,one-to-one,dn_916,hrd_1057,chorus,chorus,NOUN,NOUN,obj,nmod,explicit_ref_pos,
1828,891,one-to-one,dn_916,hrd_1057,maidens,maidens,NOUN,NOUN,obj,obj,explicit_full,
1829,892,one-to-one,dn_917,hrd_1058,Hoffmann,Hoffmann,PROPN,PROPN,nmod,nmod,explicit_full,
1830,893,one-to-one,dn_918,hrd_1059,audience,audience,NOUN,NOUN,nsubj,nsubj,explicit_full,
1831,893,one-to-one,dn_918,hrd_1059,audience,audience,DET,PRON,nmod,nmod,explicit_ref_case,
1832,893,one-to-one,dn_918,hrd_1059,audience,audience,DET,NOUN,nmod,nmod,explicit_ref_case,
1833,893,one-to-one,dn_918,hrd_1059,audience,MISSING,NULL,MISSING,nsubj,MISSING,leftover_source,
1834,893,one-to-one,dn_918,hrd_1059,audience,MISSING,PRON-REFLEX,MISSING,obj,MISSING,leftover_source,
1835,893,one-to-one,dn_918,hrd_1059,audience,MISSING,NULL,MISSING,nsubj,MISSING,leftover_source,
1836,893,one-to-one,dn_918,hrd_1059,audience,MISSING,PRON-REFLEX,MISSING,obj,MISSING,leftover_source,
1837,893,one-to-one,dn_918,hrd_1059,audience,MISSING,PRON-REFLEX,MISSING,obj,MISSING,leftover_source,
1838,894,one-to-one,dn_919,hrd_1060,AlessandroMemmi,AlessandroMemmi,NOUN,NOUN,nmod,nmod,explicit_full,
1839,894,one-to-one,dn_919,hrd_1060,AlessandroMemmi,AlessandroMemmi,NOUN,NOUN,nmod,nmod,explicit_full,
1840,894,one-to-one,dn_919,hrd_1060,Giorgio,Giorgio,NOUN,NOUN,obj,nmod,explicit_ref_pos,
1841,894,one-to-one,dn_919,hrd_1060,Ippolita,Ippolita,NOUN,NOUN,obj,nmod,explicit_ref_pos,
1842,894,one-to-one,dn_919,hrd_1060,MISSING,audience,MISSING,NOUN,MISSING,nmod,leftover_target,
1843,895,one-to-one,dn_920,hrd_1061,AlessandroMemmi,AlessandroMemmi,NOUN,NOUN,nsubj,nsubj,explicit_full,
1844,895,one-to-one,dn_920,hrd_1061,Giorgio,Giorgio,NOUN,NOUN,obj,obj,explicit_full,
1845,895,one-to-one,dn_920,hrd_1061,Ippolita,Ippolita,PROPN,PROPN,obj,obj,explicit_full,
1846,896,one-to-one,dn_921,hrd_1062,Giorgio,Giorgio,PRON,PRON,nsubj,nsubj,explicit_full,
1847,896,one-to-one,dn_921,hrd_1062,Giorgio,MISSING,PRON-REFLEX,MISSING,obj,MISSING,leftover_source,
1848,896,one-to-one,dn_921,hrd_1062,MISSING,Giorgio,MISSING,NULL,MISSING,nsubj,leftover_target,
1849,897,one-to-one,dn_922,hrd_1063,Giorgio,Giorgio,PRON,PRON,obj,nsubj,explicit_ref_pos,
1850,897,one-to-one,dn_922,hrd_1063,Giorgio,MISSING,NULL,MISSING,nsubj,MISSING,leftover_source,
1851,898,one-to-one,dn_923,hrd_1064,Ippolita,Ippolita,PROPN,PROPN,nsubj,nsubj,explicit_full,
1852,899,one-to-one,dn_924,hrd_1065,Ippolita,Ippolita,NULL,NULL,nsubj,nsubj,zero_zero_single,
1853,900,one-to-one,dn_925,hrd_1066,Giorgio,Giorgio,NULL,NULL,nsubj,nsubj,zero_zero_single,
1854,900,one-to-one,dn_925,hrd_1066,Giorgio,MISSING,PRON-REFLEX,MISSING,obj,MISSING,leftover_source,
1855,903,one-to-many,dn_928,hrd_1069 hrd_1070,Giorgio,Giorgio,NOUN,PRON,obj,nmod,explicit_ref_only,
1856,903,one-to-many,dn_928,hrd_1069 hrd_1070,Ippolita,Ippolita,PRON,PRON,nsubj,nsubj,explicit_full,
1857,903,one-to-many,dn_928,hrd_1069 hrd_1070,Ippolita,Ippolita,NULL,NULL,nsubj,nsubj,zero_zero_single,
1858,903,one-to-many,dn_928,hrd_1069 hrd_1070,Ippolita,MISSING,PRON-REFLEX,MISSING,obj,MISSING,leftover_source,
1859,904,one-to-one,dn_929,hrd_1071,Giorgio,MISSING,NULL,MISSING,nsubj,MISSING,leftover_source,
1860,904,one-to-one,dn_929,hrd_1071,Giorgio Ippolita,Giorgio Ippolita,NULL,NULL,nsubj,nsubj,zero_zero_single,
1861,906,one-to-one,dn_931,hrd_1073,Giorgio Ippolita,Giorgio Ippolita,NULL,NULL,nsubj,nsubj,zero_zero_semantic,0.5762376631884014
1862,906,one-to-one,dn_931,hrd_1073,Giorgio Ippolita,Giorgio Ippolita,NULL,NULL,nsubj,nsubj,zero_zero_semantic,0.3793473245719914
1863,906,one-to-one,dn_931,hrd_1073,Giorgio Ippolita,MISSING,PRON-REFLEX,MISSING,obj,MISSING,leftover_source,
1864,906,one-to-one,dn_931,hrd_1073,MISSING,Giorgio Ippolita,MISSING,NOUN,MISSING,nsubj,leftover_target,
1865,907,one-to-one,dn_932,hrd_1074,Giorgio Ippolita,Giorgio Ippolita,PRON,PRON,obj,obj,explicit_full,
1866,910,one-to-one,dn_935,hrd_1078,Giorgio Ippolita,Giorgio Ippolita,DET,PRON,nmod,nmod,explicit_ref_case,
1867,911,one-to-one,dn_936,hrd_1079,Ippolita,Ippolita,PROPN,PROPN,nsubj,nsubj,explicit_full,
1868,911,one-to-one,dn_936,hrd_1079,Ippolita,Ippolita,NULL,NULL,nsubj,nsubj,zero_zero_semantic,0.37620635617237824
1869,911,one-to-one,dn_936,hrd_1079,Ippolita,MISSING,PRON-REFLEX,MISSING,obj,MISSING,leftover_source,
1870,911,one-to-one,dn_936,hrd_1079,MISSING,Ippolita,MISSING,NULL,MISSING,nsubj,leftover_target,
1871,915,one-to-one,dn_940,hrd_1083,service-worker,service-worker,NOUN,NOUN,nsubj,nsubj,explicit_full,
1872,915,one-to-one,dn_940,hrd_1083,service-worker,MISSING,PRON-REFLEX,MISSING,obj,MISSING,leftover_source,
1873,915,one-to-one,dn_940,hrd_1083,MISSING,service-worker,MISSING,NULL,MISSING,nsubj,leftover_target,
1874,916,one-to-one,dn_941,hrd_1084,Giorgio Ippolita,Giorgio Ippolita,NULL,NULL,nsubj,nsubj,zero_zero_single,
1875,917,one-to-one,dn_942,hrd_1085,Giorgio,Giorgio,PROPN,PROPN,nsubj,nsubj,explicit_full,
1876,920,one-to-many,dn_945,hrd_1088 hrd_1089,Giorgio,Giorgio,PROPN,PROPN,nmod,nmod,explicit_full,
1877,920,one-to-many,dn_945,hrd_1088 hrd_1089,Ippolita,Ippolita,PROPN,PROPN,nsubj,nsubj,explicit_full,
1878,920,one-to-many,dn_945,hrd_1088 hrd_1089,Ippolita,Ippolita,NULL,NULL,nsubj,nsubj,zero_zero_single,
1879,921,one-to-one,dn_946,hrd_1090,Giorgio,MISSING,PRON,MISSING,obj,MISSING,leftover_source,
1880,921,one-to-one,dn_946,hrd_1090,Ippolita,Ippolita,NULL,NULL,nsubj,nsubj,zero_zero_semantic,0.1933633419393298
1881,921,one-to-one,dn_946,hrd_1090,Ippolita,MISSING,PRON-REFLEX,MISSING,obj,MISSING,leftover_source,
1882,921,one-to-one,dn_946,hrd_1090,MISSING,Ippolita,MISSING,NULL,MISSING,nsubj,leftover_target,
1883,921,one-to-one,dn_946,hrd_1090,MISSING,Ippolita,MISSING,NULL,MISSING,nsubj,leftover_target,
1884,922,one-to-one,dn_947,hrd_1091,Giorgio,Giorgio,PROPN,PROPN,nsubj,nsubj,explicit_full,
1885,922,one-to-one,dn_947,hrd_1091,Ippolita,Ippolita,PRON,PRON,obj,nmod,explicit_ref_pos,
1886,923,one-to-one,dn_948,hrd_1092,Giorgio Ippolita,Giorgio Ippolita,NULL,NULL,nsubj,nsubj,zero_zero_single,
1887,923,one-to-one,dn_948,hrd_1092,Ippolita,MISSING,NULL,MISSING,nsubj,MISSING,leftover_source,
1888,925,one-to-one,dn_950,hrd_1094,Ippolita,Ippolita,PRON,PRON,nsubj,nsubj,explicit_full,
1889,926,one-to-one,dn_951,hrd_1095,Giorgio,MISSING,NULL,MISSING,nsubj,MISSING,leftover_source,
1890,927,one-to-one,dn_952,hrd_1096,Giorgio Ippolita,Giorgio Ippolita,NULL,NULL,nsubj,nsubj,zero_zero_single,
1891,928,one-to-one,dn_953,hrd_1097,Ippolita,Ippolita,NULL,NULL,nsubj,nsubj,zero_zero_single,
1892,928,one-to-one,dn_953,hrd_1097,Ippolita,MISSING,PRON-REFLEX,MISSING,obj,MISSING,leftover_source,
1893,929,one-to-one,dn_954,hrd_1098,Giorgio,Giorgio,PRON,PRON,nmod,nmod,explicit_full,
1894,929,one-to-one,dn_954,hrd_1098,Ippolita,Ippolita,PRON,PRON,nsubj,nsubj,explicit_full,
1895,929,one-to-one,dn_954,hrd_1098,Ippolita,MISSING,PRON-REFLEX,MISSING,obj,MISSING,leftover_source,
1896,929,one-to-one,dn_954,hrd_1098,MISSING,Ippolita,MISSING,NULL,MISSING,nsubj,leftover_target,
1897,930,many-to-one,dn_955 dn_956,hrd_1099,Ippolita,MISSING,NULL,MISSING,nsubj,MISSING,leftover_source,
1898,930,many-to-one,dn_955 dn_956,hrd_1099,Ippolita,MISSING,DET,MISSING,nmod,MISSING,leftover_source,
1899,931,one-to-many,dn_957,hrd_1100 hrd_1101 hrd_1102,Giorgio,Giorgio,NOUN,NOUN,obj,obj,explicit_full,
1900,931,one-to-many,dn_957,hrd_1100 hrd_1101 hrd_1102,Giorgio,Giorgio,PRON,PRON,nmod,nmod,explicit_full,
1901,931,one-to-many,dn_957,hrd_1100 hrd_1101 hrd_1102,Giorgio,Giorgio,PRON,PRON,obj,obj,explicit_full,
1902,931,one-to-many,dn_957,hrd_1100 hrd_1101 hrd_1102,Ippolita,Ippolita,PRON,PRON,nsubj,nsubj,explicit_full,
1903,931,one-to-many,dn_957,hrd_1100 hrd_1101 hrd_1102,Ippolita,Ippolita,DET,PRON,nmod,nmod,explicit_ref_case,
1904,931,one-to-many,dn_957,hrd_1100 hrd_1101 hrd_1102,Ippolita,Ippolita,NULL,NULL,nsubj,nsubj,zero_zero_semantic,0.08443491676776067
1905,931,one-to-many,dn_957,hrd_1100 hrd_1101 hrd_1102,Ippolita,Ippolita,NULL,NULL,nsubj,nsubj,zero_zero_semantic,0.27647976034692306
1906,931,one-to-many,dn_957,hrd_1100 hrd_1101 hrd_1102,MISSING,Ippolita,MISSING,NULL,MISSING,nsubj,leftover_target,
1907,931,one-to-many,dn_957,hrd_1100 hrd_1101 hrd_1102,MISSING,Ippolita,MISSING,PRON,MISSING,obj,leftover_target,
1908,932,one-to-one,dn_958,hrd_1103,Giorgio,Giorgio,PRON,PRON,nsubj,nsubj,explicit_full,
1909,932,one-to-one,dn_958,hrd_1103,MISSING,Giorgio,MISSING,NULL,MISSING,nsubj,leftover_target,
1910,932,one-to-one,dn_958,hrd_1103,MISSING,Giorgio,MISSING,NULL,MISSING,nsubj,leftover_target,
1911,932,one-to-one,dn_958,hrd_1103,Ippolita,Ippolita,PRON,PRON,obj,obj,explicit_full,
1912,933,one-to-one,dn_959,hrd_1104,Ippolita,Ippolita,NULL,PRON,nsubj,nsubj,zero_to_tgt_anchor,
1913,934,one-to-one,dn_960,hrd_1105,Giorgio,Giorgio,DET,PRON,nmod,nmod,explicit_ref_case,
1914,934,one-to-one,dn_960,hrd_1105,Ippolita,Ippolita,PRON,PRON,obj,nmod,explicit_ref_pos,
1915,935,one-to-one,dn_961,hrd_1106,Ippolita,Ippolita,NULL,NULL,nsubj,nsubj,zero_zero_single,
1916,935,one-to-one,dn_961,hrd_1106,MISSING,Ippolita,MISSING,PRON,MISSING,nsubj,leftover_target,
1917,936,one-to-many,dn_962,hrd_1107 hrd_1108,Giorgio,Giorgio,PRON,PRON,nsubj,nsubj,explicit_full,
1918,936,one-to-many,dn_962,hrd_1107 hrd_1108,Giorgio,MISSING,PRON,MISSING,nmod,MISSING,leftover_source,
1919,936,one-to-many,dn_962,hrd_1107 hrd_1108,Giorgio,MISSING,NULL,MISSING,nsubj,MISSING,leftover_source,
1920,938,one-to-one,dn_964,hrd_1110,Ippolita,Ippolita,NULL,PRON,nsubj,nsubj,zero_to_tgt_anchor,
1921,939,one-to-one,dn_965,hrd_1111,Giorgio,Giorgio,PRON,PRON,nsubj,nsubj,explicit_full,
1922,939,one-to-one,dn_965,hrd_1111,Ippolita,Ippolita,PRON,PRON,obj,obj,explicit_full,
1923,940,one-to-many,dn_966,hrd_1112 hrd_1113,Giorgio,Giorgio,PRON,PRON,nsubj,nsubj,explicit_full,
1924,940,one-to-many,dn_966,hrd_1112 hrd_1113,Giorgio,Giorgio,PRON,PRON,obj,obj,explicit_full,
1925,940,one-to-many,dn_966,hrd_1112 hrd_1113,Giorgio,Giorgio,PRON,PRON,obj,obj,explicit_full,
1926,940,one-to-many,dn_966,hrd_1112 hrd_1113,Giorgio,Giorgio,NULL,NULL,nsubj,nsubj,zero_zero_semantic,0.15742724660623114
1927,940,one-to-many,dn_966,hrd_1112 hrd_1113,Giorgio,Giorgio,NULL,NULL,nsubj,nsubj,zero_zero_semantic,0.1591922686197037
1928,940,one-to-many,dn_966,hrd_1112 hrd_1113,MISSING,Giorgio,MISSING,NULL,MISSING,nsubj,leftover_target,
1929,941,one-to-many,dn_967,hrd_1114 hrd_1115,Giorgio,Giorgio,DET,NOUN,nmod,nmod,explicit_ref_case,
1930,941,one-to-many,dn_967,hrd_1114 hrd_1115,Giorgio,Giorgio,NULL,NULL,nsubj,nsubj,zero_zero_semantic,0.30894689797911795
1931,941,one-to-many,dn_967,hrd_1114 hrd_1115,Giorgio,Giorgio,NULL,NULL,nsubj,nsubj,zero_zero_semantic,0.2846927993034817
1932,941,one-to-many,dn_967,hrd_1114 hrd_1115,Giorgio,Giorgio,NULL,NOUN,nsubj,nsubj,zero_to_tgt_anchor,
1933,941,one-to-many,dn_967,hrd_1114 hrd_1115,MISSING,Giorgio,MISSING,PRON,MISSING,obj,leftover_target,
1934,941,one-to-many,dn_967,hrd_1114 hrd_1115,Ippolita,Ippolita,PRON,PRON,obj,obj,explicit_full,
1935,941,one-to-many,dn_967,hrd_1114 hrd_1115,Ippolita,Ippolita,PRON,PRON,obj,nmod,explicit_ref_pos,
1936,941,one-to-many,dn_967,hrd_1114 hrd_1115,Ippolita,MISSING,PRON,MISSING,obj,MISSING,leftover_source,
1937,942,one-to-many,dn_968,hrd_1116 hrd_1117 hrd_1118,Giorgio,Giorgio,PRON,NOUN,obj,obj,explicit_ref_case,
1938,942,one-to-many,dn_968,hrd_1116 hrd_1117 hrd_1118,Giorgio,Giorgio,PRON,NOUN,obj,obj,explicit_ref_case,
1939,942,one-to-many,dn_968,hrd_1116 hrd_1117 hrd_1118,Giorgio,Giorgio,PRON,NOUN,obj,nmod,explicit_ref_only,
1940,942,one-to-many,dn_968,hrd_1116 hrd_1117 hrd_1118,Ippolita,Ippolita,PRON,PRON,nsubj,nsubj,explicit_full,
1941,942,one-to-many,dn_968,hrd_1116 hrd_1117 hrd_1118,Ippolita,Ippolita,PRON,PRON,nsubj,nsubj,explicit_full,
1942,942,one-to-many,dn_968,hrd_1116 hrd_1117 hrd_1118,Ippolita,Ippolita,DET,PRON,nmod,obj,explicit_ref_only,
1943,942,one-to-many,dn_968,hrd_1116 hrd_1117 hrd_1118,Ippolita,Ippolita,NULL,NULL,nsubj,nsubj,zero_zero_semantic,0.21669971116198095
1944,942,one-to-many,dn_968,hrd_1116 hrd_1117 hrd_1118,Ippolita,Ippolita,NULL,NULL,nsubj,nsubj,zero_zero_semantic,0.3373505481038298
1945,942,one-to-many,dn_968,hrd_1116 hrd_1117 hrd_1118,Ippolita,Ippolita,NULL,NULL,nsubj,nsubj,zero_zero_semantic,0.19743686532808596
1946,942,one-to-many,dn_968,hrd_1116 hrd_1117 hrd_1118,Ippolita,MISSING,NULL,MISSING,nsubj,MISSING,leftover_source,
1947,942,one-to-many,dn_968,hrd_1116 hrd_1117 hrd_1118,MISSING,Ippolita,MISSING,PRON,MISSING,obj,leftover_target,
1948,943,one-to-one,dn_969,hrd_1119,Giorgio Ippolita,Giorgio Ippolita,NULL,NULL,nsubj,nsubj,zero_zero_single,
1949,943,one-to-one,dn_969,hrd_1119,Giorgio Ippolita,Giorgio Ippolita,PRON-REFLEX,NOUN,obj,obj,reflex_obj,
1950,943,one-to-one,dn_969,hrd_1119,MISSING,Giorgio Ippolita,MISSING,PRON,MISSING,nsubj,leftover_target,
1951,944,one-to-one,dn_970,hrd_1120,Giorgio,Giorgio,NOUN,NOUN,nmod,nmod,explicit_full,
1952,944,one-to-one,dn_970,hrd_1120,Giorgio,Giorgio,PRON,PRON,obj,obj,explicit_full,
1953,944,one-to-one,dn_970,hrd_1120,Ippolita,Ippolita,PRON,PRON,nsubj,nsubj,explicit_full,
1954,944,one-to-one,dn_970,hrd_1120,Ippolita,Ippolita,NULL,NULL,nsubj,nsubj,zero_zero_single,
1955,944,one-to-one,dn_970,hrd_1120,Ippolita,MISSING,PRON-REFLEX,MISSING,obj,MISSING,leftover_source,
1956,945,one-to-many,dn_971,hrd_1121 hrd_1122 hrd_1123,Giorgio,Giorgio,PRON,NOUN,nsubj,nsubj,explicit_ref_case,
1957,945,one-to-many,dn_971,hrd_1121 hrd_1122 hrd_1123,MISSING,Giorgio,MISSING,NULL,MISSING,nsubj,leftover_target,
1958,945,one-to-many,dn_971,hrd_1121 hrd_1122 hrd_1123,MISSING,Giorgio,MISSING,DET,MISSING,nmod,leftover_target,
1959,945,one-to-many,dn_971,hrd_1121 hrd_1122 hrd_1123,Giorgio Ippolita,Giorgio Ippolita,NULL,NULL,nsubj,nsubj,zero_zero_single,
1960,945,one-to-many,dn_971,hrd_1121 hrd_1122 hrd_1123,Ippolita,Ippolita,PRON,PRON,obj,obj,explicit_full,
1961,945,one-to-many,dn_971,hrd_1121 hrd_1122 hrd_1123,Ippolita,Ippolita,PRON,PRON,obj,nmod,explicit_ref_pos,
1962,945,one-to-many,dn_971,hrd_1121 hrd_1122 hrd_1123,Ippolita,Ippolita,PRON,PRON,obj,nmod,explicit_ref_pos,
1963,945,one-to-many,dn_971,hrd_1121 hrd_1122 hrd_1123,Ippolita,MISSING,PRON,MISSING,obj,MISSING,leftover_source,
1964,946,one-to-one,dn_972,hrd_1124,Ippolita,Ippolita,PRON,PRON,nsubj,nsubj,explicit_full,
1965,946,one-to-one,dn_972,hrd_1124,Ippolita,Ippolita,PRON,PRON,nmod,nmod,explicit_full,
1966,946,one-to-one,dn_972,hrd_1124,MISSING,Ippolita,MISSING,NULL,MISSING,nsubj,leftover_target,
1967,948,one-to-many,dn_974,hrd_1126 hrd_1127,Giorgio Ippolita,Giorgio Ippolita,PRON,PRON,nsubj,nsubj,explicit_full,
1968,948,one-to-many,dn_974,hrd_1126 hrd_1127,Giorgio Ippolita,MISSING,PRON-REFLEX,MISSING,obj,MISSING,leftover_source,
1969,949,one-to-many,dn_975,hrd_1128 hrd_1129,Giorgio,Giorgio,DET,DET,nmod,nmod,explicit_full,
1970,949,one-to-many,dn_975,hrd_1128 hrd_1129,Giorgio,Giorgio,PRON,NOUN,nsubj,nsubj,explicit_ref_case,
1971,949,one-to-many,dn_975,hrd_1128 hrd_1129,Ippolita,Ippolita,PRON,PRON,obj,nmod,explicit_ref_pos,
1972,950,one-to-one,dn_976,hrd_1130,Giorgio Ippolita,Giorgio Ippolita,PRON,PRON,obj,nsubj,explicit_ref_pos,
1973,950,one-to-one,dn_976,hrd_1130,Giorgio Ippolita,MISSING,NULL,MISSING,nsubj,MISSING,leftover_source,
1974,952,one-to-one,dn_978,hrd_1132,Giorgio Ippolita,Giorgio Ippolita,DET,PRON,nmod,nmod,explicit_ref_case,
1975,952,one-to-one,dn_978,hrd_1132,Giorgio Ippolita,MISSING,DET,MISSING,nmod,MISSING,leftover_source,
1976,953,one-to-one,dn_979,hrd_1133,Giorgio Ippolita,Giorgio Ippolita,DET,PRON,nmod,nmod,explicit_ref_case,
1977,954,one-to-many,dn_980,hrd_1134 hrd_1135,Giorgio,Giorgio,PRON,PRON,obj,obj,explicit_full,
1978,954,one-to-many,dn_980,hrd_1134 hrd_1135,Giorgio,Giorgio,PRON,PRON,obj,obj,explicit_full,
1979,954,one-to-many,dn_980,hrd_1134 hrd_1135,Giorgio,Giorgio,DET,NOUN,nmod,nmod,explicit_ref_case,
1980,954,one-to-many,dn_980,hrd_1134 hrd_1135,Ippolita,Ippolita,PRON,PRON,nsubj,nsubj,explicit_full,
1981,954,one-to-many,dn_980,hrd_1134 hrd_1135,Ippolita,Ippolita,PRON,PRON,nsubj,nmod,explicit_ref_pos,
1982,954,one-to-many,dn_980,hrd_1134 hrd_1135,Ippolita,Ippolita,NULL,NULL,nsubj,nsubj,zero_zero_single,
1983,954,one-to-many,dn_980,hrd_1134 hrd_1135,Ippolita,MISSING,PRON,MISSING,obj,MISSING,leftover_source,
1984,955,one-to-many,dn_981,hrd_1136 hrd_1137,Giorgio,Giorgio,PRON,NOUN,nsubj,nsubj,explicit_ref_case,
1985,955,one-to-many,dn_981,hrd_1136 hrd_1137,Giorgio,Giorgio,PRON,NOUN,nsubj,nsubj,explicit_ref_case,
1986,955,one-to-many,dn_981,hrd_1136 hrd_1137,Giorgio,Giorgio,PRON,PRON,obj,nmod,explicit_ref_pos,
1987,955,one-to-many,dn_981,hrd_1136 hrd_1137,MISSING,Giorgio,MISSING,NULL,MISSING,nsubj,leftover_target,
1988,955,one-to-many,dn_981,hrd_1136 hrd_1137,Ippolita,Ippolita,PRON,PRON,nsubj,nsubj,explicit_full,
1989,955,one-to-many,dn_981,hrd_1136 hrd_1137,Ippolita,Ippolita,PRON,PRON,obj,obj,explicit_full,
1990,955,one-to-many,dn_981,hrd_1136 hrd_1137,Ippolita,Ippolita,PRON,PRON,nsubj,nsubj,explicit_full,
1991,955,one-to-many,dn_981,hrd_1136 hrd_1137,MISSING,Ippolita,MISSING,PRON,MISSING,obj,leftover_target,
1992,956,one-to-many,dn_982,hrd_1138 hrd_1139 hrd_1140,Giorgio,Giorgio,PRON,NOUN,nsubj,nsubj,explicit_ref_case,
1993,956,one-to-many,dn_982,hrd_1138 hrd_1139 hrd_1140,Giorgio,Giorgio,NULL,NULL,nsubj,nsubj,zero_zero_semantic,0.19977506818407673
1994,956,one-to-many,dn_982,hrd_1138 hrd_1139 hrd_1140,Giorgio,Giorgio,NULL,NULL,nsubj,nsubj,zero_zero_semantic,0.17472386385424662
1995,956,one-to-many,dn_982,hrd_1138 hrd_1139 hrd_1140,Ippolita,Ippolita,PRON,PRON,obj,obj,explicit_full,
1996,956,one-to-many,dn_982,hrd_1138 hrd_1139 hrd_1140,Ippolita,Ippolita,PRON,PRON,obj,obj,explicit_full,
1997,956,one-to-many,dn_982,hrd_1138 hrd_1139 hrd_1140,Ippolita,Ippolita,PRON,PRON,obj,obj,explicit_full,
1998,957,one-to-one,dn_983,hrd_1141,Giorgio,Giorgio,DET,NOUN,nmod,obj,explicit_ref_only,
1999,957,one-to-one,dn_983,hrd_1141,Ippolita,Ippolita,PRON,PRON,nsubj,nsubj,explicit_full,
2000,957,one-to-one,dn_983,hrd_1141,Ippolita,Ippolita,NOUN,NOUN,pred,pred,explicit_full,
2001,958,one-to-one,dn_984,hrd_1142,Giorgio,Giorgio,PRON,NOUN,nsubj,nsubj,explicit_ref_case,
2002,958,one-to-one,dn_984,hrd_1142,Giorgio,Giorgio,DET,PRON,nmod,nmod,explicit_ref_case,
2003,958,one-to-one,dn_984,hrd_1142,Giorgio,MISSING,PRON-REFLEX,MISSING,obj,MISSING,leftover_source,
2004,958,one-to-one,dn_984,hrd_1142,Ippolita,Ippolita,PRON,PRON,obj,obj,explicit_full,
2005,959,one-to-one,dn_985,hrd_1143,Giorgio,Giorgio,PRON,PRON,obj,nmod,explicit_ref_pos,
2006,959,one-to-one,dn_985,hrd_1143,Ippolita,Ippolita,PRON,PRON,nsubj,nsubj,explicit_full,
2007,960,one-to-one,dn_986,hrd_1144,Giorgio,MISSING,PRON,MISSING,obj,MISSING,leftover_source,
2008,960,one-to-one,dn_986,hrd_1144,Giorgio,MISSING,PRON,MISSING,obj,MISSING,leftover_source,
2009,960,one-to-one,dn_986,hrd_1144,Ippolita,Ippolita,PRON,PRON,nsubj,nsubj,explicit_full,
2010,960,one-to-one,dn_986,hrd_1144,Ippolita,MISSING,PRON-REFLEX,MISSING,obj,MISSING,leftover_source,
2011,960,one-to-one,dn_986,hrd_1144,MISSING,Ippolita,MISSING,NULL,MISSING,nsubj,leftover_target,
2012,960,one-to-one,dn_986,hrd_1144,MISSING,Ippolita,MISSING,NULL,MISSING,nsubj,leftover_target,
2013,961,one-to-one,dn_987,hrd_1145,Giorgio,Giorgio,NULL,NULL,nsubj,nsubj,zero_zero_single,
2014,962,one-to-one,dn_988,hrd_1146,Giorgio,Giorgio,PRON,PRON,nsubj,nsubj,explicit_full,
2015,962,one-to-one,dn_988,hrd_1146,MISSING,Giorgio,MISSING,NULL,MISSING,nsubj,leftover_target,
2016,963,one-to-one,dn_989,hrd_1147,Giorgio,Giorgio,NULL,PRON,nsubj,nsubj,zero_to_tgt_anchor,
2017,964,one-to-one,dn_990,hrd_1148,MISSING,Giorgio,MISSING,NULL,MISSING,nsubj,leftover_target,
2018,965,one-to-many,dn_991,hrd_1149 hrd_1150,Giorgio Ippolita,Giorgio Ippolita,NULL,NULL,nsubj,nsubj,zero_zero_single,
2019,965,one-to-many,dn_991,hrd_1149 hrd_1150,MISSING,Giorgio Ippolita,MISSING,NOUN,MISSING,nsubj,leftover_target,
2020,965,one-to-many,dn_991,hrd_1149 hrd_1150,MISSING,Giorgio Ippolita,MISSING,PRON,MISSING,nsubj,leftover_target,
2021,966,one-to-many,dn_992,hrd_1151 hrd_1152 hrd_1153,Giorgio Ippolita,Giorgio Ippolita,DET,NOUN,nmod,nsubj,explicit_ref_only,
2022,966,one-to-many,dn_992,hrd_1151 hrd_1152 hrd_1153,Giorgio Ippolita,Giorgio Ippolita,NULL,NULL,nsubj,nsubj,zero_zero_semantic,0.30593084674924353
2023,966,one-to-many,dn_992,hrd_1151 hrd_1152 hrd_1153,Giorgio Ippolita,Giorgio Ippolita,NULL,NULL,nsubj,nsubj,zero_zero_semantic,0.08862444299150571
2024,966,one-to-many,dn_992,hrd_1151 hrd_1152 hrd_1153,Giorgio Ippolita,Giorgio Ippolita,NULL,NULL,nsubj,nsubj,zero_zero_semantic,0.10884559098349415
2025,966,one-to-many,dn_992,hrd_1151 hrd_1152 hrd_1153,Giorgio Ippolita,MISSING,PRON-REFLEX,MISSING,obj,MISSING,leftover_source,
2026,966,one-to-many,dn_992,hrd_1151 hrd_1152 hrd_1153,Giorgio Ippolita,MISSING,NULL,MISSING,nsubj,MISSING,leftover_source,
2027,966,one-to-many,dn_992,hrd_1151 hrd_1152 hrd_1153,Giorgio Ippolita,MISSING,PRON-REFLEX,MISSING,obj,MISSING,leftover_source,
2028,966,one-to-many,dn_992,hrd_1151 hrd_1152 hrd_1153,Giorgio Ippolita,MISSING,NULL,MISSING,nsubj,MISSING,leftover_source,
2029,966,one-to-many,dn_992,hrd_1151 hrd_1152 hrd_1153,Giorgio Ippolita,MISSING,PRON-REFLEX,MISSING,obj,MISSING,leftover_source,
2030,966,one-to-many,dn_992,hrd_1151 hrd_1152 hrd_1153,Giorgio Ippolita,MISSING,PRON-REFLEX,MISSING,obj,MISSING,leftover_source,
2031,966,one-to-many,dn_992,hrd_1151 hrd_1152 hrd_1153,Giorgio Ippolita,MISSING,NULL,MISSING,nsubj,MISSING,leftover_source,
2032,967,one-to-many,dn_993,hrd_1154 hrd_1155,Giorgio,MISSING,PRON,MISSING,obj,MISSING,leftover_source,
2033,967,one-to-many,dn_993,hrd_1154 hrd_1155,Giorgio Ippolita,Giorgio Ippolita,DET,PRON,nmod,nmod,explicit_ref_case,
2034,967,one-to-many,dn_993,hrd_1154 hrd_1155,Giorgio Ippolita,Giorgio Ippolita,NULL,NULL,nsubj,nsubj,zero_zero_semantic,0.34541030836698394
2035,967,one-to-many,dn_993,hrd_1154 hrd_1155,MISSING,Giorgio Ippolita,MISSING,NULL,MISSING,nsubj,leftover_target,
2036,967,one-to-many,dn_993,hrd_1154 hrd_1155,MISSING,Giorgio Ippolita,MISSING,NOUN,MISSING,nsubj,leftover_target,
2037,967,one-to-many,dn_993,hrd_1154 hrd_1155,MISSING,Giorgio Ippolita,MISSING,NULL,MISSING,nsubj,leftover_target,
2038,967,one-to-many,dn_993,hrd_1154 hrd_1155,MISSING,Giorgio Ippolita,MISSING,PRON,MISSING,nmod,leftover_target,
2039,967,one-to-many,dn_993,hrd_1154 hrd_1155,MISSING,Giorgio Ippolita,MISSING,NULL,MISSING,nsubj,leftover_target,
2040,967,one-to-many,dn_993,hrd_1154 hrd_1155,Ippolita,MISSING,PRON,MISSING,obj,MISSING,leftover_source,
2041,968,one-to-one,dn_994,hrd_1156,Giorgio Ippolita,Giorgio Ippolita,NULL,NULL,nsubj,nsubj,zero_zero_single,
2042,969,one-to-one,dn_995,hrd_1157,Ippolita,Ippolita,PROPN,PROPN,nsubj,nsubj,explicit_full,
2043,969,one-to-one,dn_995,hrd_1157,Ippolita,MISSING,NULL,MISSING,nsubj,MISSING,leftover_source,
2044,970,one-to-one,dn_996,hrd_1158,Giorgio,Giorgio,NULL,NULL,nsubj,nsubj,zero_zero_semantic,0.09012710245756003
2045,970,one-to-one,dn_996,hrd_1158,Giorgio,Giorgio,NULL,NULL,nsubj,nsubj,zero_zero_semantic,0.4989403661160048
2046,970,one-to-one,dn_996,hrd_1158,Giorgio,MISSING,PRON-REFLEX,MISSING,obj,MISSING,leftover_source,
2047,970,one-to-one,dn_996,hrd_1158,Ippolita,Ippolita,DET,PRON,nmod,nmod,explicit_ref_case,
2048,971,one-to-one,dn_997,hrd_1159,Giorgio,Giorgio,PROPN,PROPN,nsubj,nsubj,explicit_full,
2049,971,one-to-one,dn_997,hrd_1159,Giorgio,MISSING,PRON-REFLEX,MISSING,obj,MISSING,leftover_source,
2050,971,one-to-one,dn_997,hrd_1159,Giorgio,MISSING,NULL,MISSING,nsubj,MISSING,leftover_source,
2051,971,one-to-one,dn_997,hrd_1159,Ippolita,Ippolita,PRON,PRON,obj,nmod,explicit_ref_pos,
2052,972,one-to-one,dn_998,hrd_1160,Ippolita,Ippolita,PRON,PRON,nsubj,nsubj,explicit_full,
2053,973,one-to-one,dn_999,hrd_1161,Giorgio,MISSING,PRON,MISSING,obj,MISSING,leftover_source,
2054,974,one-to-one,dn_1000,hrd_1162,Giorgio,MISSING,PRON,MISSING,obj,MISSING,leftover_source,
2055,974,one-to-one,dn_1000,hrd_1162,Ippolita,Ippolita,NULL,NULL,nsubj,nsubj,zero_zero_single,
2056,975,one-to-one,dn_1001,hrd_1163,Giorgio,Giorgio,PRON,PRON,nsubj,nsubj,explicit_full,
2057,975,one-to-one,dn_1001,hrd_1163,Ippolita,Ippolita,PRON,DET,obj,nmod,explicit_ref_only,
2058,976,one-to-one,dn_1002,hrd_1164,Giorgio,Giorgio,PRON,PRON,obj,nmod,explicit_ref_pos,
2059,976,one-to-one,dn_1002,hrd_1164,Ippolita,Ippolita,PRON,PRON,nsubj,nsubj,explicit_full,
2060,977,one-to-one,dn_1003,hrd_1165,Ippolita,Ippolita,NULL,PRON,nsubj,nsubj,zero_to_tgt_anchor,
2061,978,one-to-one,dn_1004,hrd_1166,Giorgio,Giorgio,PRON,PRON,nsubj,nsubj,explicit_full,
2062,978,one-to-one,dn_1004,hrd_1166,MISSING,Giorgio,MISSING,NULL,MISSING,nsubj,leftover_target,
2063,979,one-to-one,dn_1005,hrd_1167,Giorgio,Giorgio,PRON,PRON,obj,obj,explicit_full,
2064,979,one-to-one,dn_1005,hrd_1167,Ippolita,Ippolita,NULL,NULL,nsubj,nsubj,zero_zero_single,
2065,980,one-to-many,dn_1006,hrd_1168 hrd_1169,Giorgio,Giorgio,PRON,PRON,obj,nmod,explicit_ref_pos,
2066,980,one-to-many,dn_1006,hrd_1168 hrd_1169,Giorgio,MISSING,PRON,MISSING,obj,MISSING,leftover_source,
2067,980,one-to-many,dn_1006,hrd_1168 hrd_1169,MISSING,Giorgio,MISSING,NULL,MISSING,nsubj,leftover_target,
2068,980,one-to-many,dn_1006,hrd_1168 hrd_1169,MISSING,Giorgio,MISSING,NULL,MISSING,nsubj,leftover_target,
2069,980,one-to-many,dn_1006,hrd_1168 hrd_1169,Ippolita,Ippolita,NULL,NULL,nsubj,nsubj,zero_zero_semantic,0.3757397758067489
2070,980,one-to-many,dn_1006,hrd_1168 hrd_1169,Ippolita,MISSING,NULL,MISSING,nsubj,MISSING,leftover_source,
2071,980,one-to-many,dn_1006,hrd_1168 hrd_1169,Ippolita,MISSING,PRON-REFLEX,MISSING,obj,MISSING,leftover_source,
2072,980,one-to-many,dn_1006,hrd_1168 hrd_1169,MISSING,Ippolita,MISSING,PRON,MISSING,nmod,leftover_target,
2073,981,one-to-one,dn_1007,hrd_1170,Giorgio,Giorgio,PRON,PRON,nsubj,nsubj,explicit_full,
2074,981,one-to-one,dn_1007,hrd_1170,Ippolita,Ippolita,PRON,PRON,nmod,nmod,explicit_full,
2075,981,one-to-one,dn_1007,hrd_1170,MISSING,Ippolita,MISSING,DET,MISSING,nmod,leftover_target,
2076,981,one-to-one,dn_1007,hrd_1170,MISSING,Ippolita,MISSING,NULL,MISSING,nsubj,leftover_target,
2077,982,one-to-one,dn_1008,hrd_1171,Ippolita,Ippolita,PRON,PRON,nsubj,nsubj,explicit_full,
2078,982,one-to-one,dn_1008,hrd_1171,Ippolita,MISSING,NULL,MISSING,nsubj,MISSING,leftover_source,
2079,983,one-to-one,dn_1009,hrd_1172,MISSING,Ippolita,MISSING,NULL,MISSING,nsubj,leftover_target,
2080,983,one-to-one,dn_1009,hrd_1172,MISSING,Ippolita,MISSING,NULL,MISSING,nsubj,leftover_target,
2081,984,one-to-many,dn_1010,hrd_1173 hrd_1174,Giorgio Ippolita,Giorgio Ippolita,PRON,NOUN,nsubj,nsubj,explicit_ref_case,
2082,984,one-to-many,dn_1010,hrd_1173 hrd_1174,MISSING,Giorgio Ippolita,MISSING,NULL,MISSING,nsubj,leftover_target,
2083,985,one-to-one,dn_1011,hrd_1175,Giorgio Ippolita,Giorgio Ippolita,PRON,PRON,obj,obj,explicit_full,
2084,986,one-to-one,dn_1012,hrd_1176,Giorgio Ippolita,Giorgio Ippolita,NULL,NOUN,nsubj,nsubj,zero_to_tgt_anchor,
2085,986,one-to-one,dn_1012,hrd_1176,Giorgio Ippolita,MISSING,PRON-REFLEX,MISSING,obj,MISSING,leftover_source,
2086,987,one-to-one,dn_1013,hrd_1177,Ippolita,Ippolita,PRON,PRON,nsubj,nsubj,explicit_full,
2087,987,one-to-one,dn_1013,hrd_1177,MISSING,Ippolita,MISSING,NULL,MISSING,nsubj,leftover_target,
2088,988,one-to-many,dn_1014,hrd_1178 hrd_1179,Giorgio Ippolita,Giorgio Ippolita,NULL,NULL,nsubj,nsubj,zero_zero_semantic,0.3277613380815992
2089,988,one-to-many,dn_1014,hrd_1178 hrd_1179,Giorgio Ippolita,Giorgio Ippolita,NULL,NULL,nsubj,nsubj,zero_zero_semantic,0.5567366915693844
2090,988,one-to-many,dn_1014,hrd_1178 hrd_1179,Giorgio Ippolita,Giorgio Ippolita,PRON-REFLEX,NOUN,obj,obj,reflex_obj,
2091,988,one-to-many,dn_1014,hrd_1178 hrd_1179,MISSING,Giorgio Ippolita,MISSING,NOUN,MISSING,obj,leftover_target,
2092,989,one-to-one,dn_1015,hrd_1180,Giorgio Ippolita,MISSING,NULL,MISSING,nsubj,MISSING,leftover_source,
2093,989,one-to-one,dn_1015,hrd_1180,Ippolita,Ippolita,PRON,PRON,nsubj,nsubj,explicit_full,
2094,989,one-to-one,dn_1015,hrd_1180,Ippolita,MISSING,PRON,MISSING,obj,MISSING,leftover_source,
2095,990,one-to-one,dn_1016,hrd_1181,Giorgio,Giorgio,PROPN,PROPN,obj,obj,explicit_full,
2096,990,one-to-one,dn_1016,hrd_1181,Giorgio,Giorgio,PRON,PRON,obj,obj,explicit_full,
2097,991,one-to-many,dn_1017,hrd_1182 hrd_1183 hrd_1184,Giorgio,Giorgio,PRON,PRON,nsubj,nsubj,explicit_full,
2098,991,one-to-many,dn_1017,hrd_1182 hrd_1183 hrd_1184,Giorgio,Giorgio,NULL,NULL,nsubj,nsubj,zero_zero_semantic,0.26413442047509916
2099,991,one-to-many,dn_1017,hrd_1182 hrd_1183 hrd_1184,Giorgio,Giorgio,NULL,NULL,nsubj,nsubj,zero_zero_semantic,0.17938652567284213
2100,991,one-to-many,dn_1017,hrd_1182 hrd_1183 hrd_1184,Giorgio,MISSING,PRON-REFLEX,MISSING,obj,MISSING,leftover_source,
2101,991,one-to-many,dn_1017,hrd_1182 hrd_1183 hrd_1184,Ippolita,Ippolita,PRON,PRON,obj,nmod,explicit_ref_pos,
2102,991,one-to-many,dn_1017,hrd_1182 hrd_1183 hrd_1184,Ippolita,Ippolita,PRON,PRON,obj,nmod,explicit_ref_pos,
2103,992,one-to-many,dn_1018,hrd_1185 hrd_1186,Ippolita,Ippolita,PRON,PRON,nmod,nmod,explicit_full,
2104,992,one-to-many,dn_1018,hrd_1185 hrd_1186,Ippolita,Ippolita,PRON,PRON,nsubj,nsubj,explicit_full,
2105,994,one-to-many,dn_1020,hrd_1188 hrd_1189,Giorgio Ippolita,Giorgio Ippolita,NULL,NULL,nsubj,nsubj,zero_zero_semantic,0.1405941708497147
2106,994,one-to-many,dn_1020,hrd_1188 hrd_1189,Giorgio Ippolita,Giorgio Ippolita,PRON,NULL,nsubj,nsubj,zero_to_src_anchor,
2107,996,one-to-one,dn_1022,hrd_1191,Ippolita,Ippolita,PRON,PRON,nsubj,nsubj,explicit_full,
2108,998,one-to-one,dn_1024,hrd_1193,MISSING,Giorgio,MISSING,NOUN,MISSING,nmod,leftover_target,
2109,998,one-to-one,dn_1024,hrd_1193,Ippolita,Ippolita,NULL,NULL,nsubj,nsubj,zero_zero_single,
2110,998,one-to-one,dn_1024,hrd_1193,Ippolita,MISSING,PROPN,MISSING,nsubj,MISSING,leftover_source,
2111,999,one-to-one,dn_1025,hrd_1194,Giorgio Ippolita,Giorgio Ippolita,NULL,NULL,nsubj,nsubj,zero_zero_single,
2112,999,one-to-one,dn_1025,hrd_1194,MISSING,Giorgio Ippolita,MISSING,NOUN,MISSING,obj,leftover_target,
2113,1000,one-to-one,dn_1026,hrd_1195,Giorgio Ippolita,MISSING,PRON,MISSING,obj,MISSING,leftover_source,
2114,1000,one-to-one,dn_1026,hrd_1195,MISSING,Giorgio Ippolita,MISSING,NULL,MISSING,nsubj,leftover_target,
2115,1000,one-to-one,dn_1026,hrd_1195,UNKNOWN,MISSING,NULL,MISSING,nsubj,MISSING,leftover_source,
2116,1001,one-to-one,dn_1027,hrd_1196,Giorgio,Giorgio,PROPN,PROPN,nmod,nmod,explicit_full,
2117,1001,one-to-one,dn_1027,hrd_1196,Ippolita,Ippolita,NULL,NULL,nsubj,nsubj,zero_zero_semantic,0.2771964414817531
2118,1001,one-to-one,dn_1027,hrd_1196,Ippolita,Ippolita,NULL,NULL,nsubj,nsubj,zero_zero_semantic,0.339199359969395
2119,1001,one-to-one,dn_1027,hrd_1196,Ippolita,MISSING,PRON-REFLEX,MISSING,obj,MISSING,leftover_source,
2120,1001,one-to-one,dn_1027,hrd_1196,Ippolita,MISSING,PRON-REFLEX,MISSING,obj,MISSING,leftover_source,
2121,1001,one-to-one,dn_1027,hrd_1196,MISSING,Ippolita,MISSING,PRON,MISSING,nmod,leftover_target,
2122,1001,one-to-one,dn_1027,hrd_1196,MISSING,Ippolita,MISSING,NULL,MISSING,nsubj,leftover_target,
2123,1003,one-to-one,dn_1029,hrd_1198,Giorgio Ippolita,Giorgio Ippolita,NULL,NULL,nsubj,nsubj,zero_zero_semantic,0.1646202437619053
2124,1003,one-to-one,dn_1029,hrd_1198,Giorgio Ippolita,Giorgio Ippolita,NULL,NULL,nsubj,nsubj,zero_zero_semantic,0.08223029444457361
2125,1003,one-to-one,dn_1029,hrd_1198,MISSING,Giorgio Ippolita,MISSING,NULL,MISSING,nsubj,leftover_target,
2126,1004,one-to-one,dn_1030,hrd_1199,Giorgio Ippolita,Giorgio Ippolita,PRON,NOUN,nsubj,nsubj,explicit_ref_case,
2127,1004,one-to-one,dn_1030,hrd_1199,Giorgio Ippolita,Giorgio Ippolita,NULL,NULL,nsubj,nsubj,zero_zero_semantic,0.3375484126395193
2128,1004,one-to-one,dn_1030,hrd_1199,MISSING,Giorgio Ippolita,MISSING,NULL,MISSING,nsubj,leftover_target,
2129,1005,one-to-one,dn_1031,hrd_1200,Giorgio Ippolita,Giorgio Ippolita,NULL,NULL,nsubj,nsubj,zero_zero_semantic,0.32285975956398505
2130,1005,one-to-one,dn_1031,hrd_1200,Giorgio Ippolita,MISSING,PRON-REFLEX,MISSING,obj,MISSING,leftover_source,
2131,1005,one-to-one,dn_1031,hrd_1200,MISSING,Giorgio Ippolita,MISSING,NULL,MISSING,nsubj,leftover_target,
2132,1006,one-to-many,dn_1032,hrd_1201 hrd_1202,Giorgio Ippolita,MISSING,NULL,MISSING,nsubj,MISSING,leftover_source,
2133,1007,one-to-one,dn_1033,hrd_1203,Giorgio Ippolita,Giorgio Ippolita,NULL,NULL,nsubj,nsubj,zero_zero_single,
2134,1008,one-to-many,dn_1034,hrd_1204 hrd_1205,Giorgio Ippolita,Giorgio Ippolita,DET,PRON,nmod,nmod,explicit_ref_case,
2135,1008,one-to-many,dn_1034,hrd_1204 hrd_1205,Giorgio Ippolita,Giorgio Ippolita,NULL,NULL,nsubj,nsubj,zero_zero_semantic,0.5104918229883
2136,1008,one-to-many,dn_1034,hrd_1204 hrd_1205,MISSING,Giorgio Ippolita,MISSING,NOUN,MISSING,nsubj,leftover_target,
2137,1008,one-to-many,dn_1034,hrd_1204 hrd_1205,MISSING,Giorgio Ippolita,MISSING,NULL,MISSING,nsubj,leftover_target,
2138,1009,one-to-one,dn_1035,hrd_1206,Ippolita,MISSING,NULL,MISSING,nsubj,MISSING,leftover_source,
2139,1010,one-to-one,dn_1036,hrd_1207,Giorgio,Giorgio,PROPN,PROPN,nsubj,nsubj,explicit_full,
2140,1010,one-to-one,dn_1036,hrd_1207,MISSING,Giorgio,MISSING,NULL,MISSING,nsubj,leftover_target,
2141,1011,one-to-many,dn_1037,hrd_1208 hrd_1209,MISSING,Giorgio,MISSING,PRON,MISSING,nsubj,leftover_target,
2142,1011,one-to-many,dn_1037,hrd_1208 hrd_1209,Ippolita,Ippolita,PRON,PRON,nsubj,nsubj,explicit_full,
2143,1011,one-to-many,dn_1037,hrd_1208 hrd_1209,Ippolita,MISSING,PRON-REFLEX,MISSING,obj,MISSING,leftover_source,
2144,1011,one-to-many,dn_1037,hrd_1208 hrd_1209,Ippolita,MISSING,NULL,MISSING,nsubj,MISSING,leftover_source,
2145,1012,one-to-one,dn_1038,hrd_1210,Giorgio Ippolita,Giorgio Ippolita,PRON,PRON,obj,nsubj,explicit_ref_pos,
2146,1012,one-to-one,dn_1038,hrd_1210,Giorgio Ippolita,MISSING,DET,MISSING,nmod,MISSING,leftover_source,
2147,1012,one-to-one,dn_1038,hrd_1210,Giorgio Ippolita,MISSING,DET,MISSING,obj,MISSING,leftover_source,
2148,1014,one-to-one,dn_1040,hrd_1212,Ippolita,Ippolita,PROPN,PROPN,nsubj,nsubj,explicit_full,
2149,1014,one-to-one,dn_1040,hrd_1212,MISSING,Ippolita,MISSING,NULL,MISSING,nsubj,leftover_target,
2150,1015,one-to-one,dn_1041,hrd_1213,Giorgio Ippolita,Giorgio Ippolita,NULL,NULL,nsubj,nsubj,zero_zero_single,
2151,1016,one-to-one,dn_1042,hrd_1214,Ippolita,Ippolita,PRON,PRON,nsubj,nsubj,explicit_full,
2152,1017,one-to-one,dn_1043,hrd_1215,Ippolita,Ippolita,NULL,NULL,nsubj,nsubj,zero_zero_semantic,0.4371581837916986
2153,1017,one-to-one,dn_1043,hrd_1215,Ippolita,Ippolita,NULL,NULL,nsubj,nsubj,zero_zero_semantic,0.19749480521659205
2154,1018,one-to-one,dn_1044,hrd_1216,Giorgio,Giorgio,PROPN,PROPN,nsubj,nsubj,explicit_full,
2155,1018,one-to-one,dn_1044,hrd_1216,MISSING,Giorgio,MISSING,PRON,MISSING,nmod,leftover_target,
2156,1018,one-to-one,dn_1044,hrd_1216,Ippolita,Ippolita,PRON,PRON,obj,nmod,explicit_ref_pos,
2157,1019,one-to-many,dn_1045,hrd_1217 hrd_1218 hrd_1219,Giorgio,Giorgio,PRON,PRON,obj,obj,explicit_full,
2158,1019,one-to-many,dn_1045,hrd_1217 hrd_1218 hrd_1219,Giorgio,Giorgio,PRON,PRON,nsubj,nsubj,explicit_full,
2159,1019,one-to-many,dn_1045,hrd_1217 hrd_1218 hrd_1219,Giorgio,Giorgio,NULL,PRON,nsubj,nsubj,zero_to_tgt_anchor,
2160,1019,one-to-many,dn_1045,hrd_1217 hrd_1218 hrd_1219,Ippolita,MISSING,PRON,MISSING,obj,MISSING,leftover_source,
2161,1020,one-to-one,dn_1046,hrd_1220,Giorgio,Giorgio,NULL,NULL,nsubj,nsubj,zero_zero_single,
2162,1021,one-to-one,dn_1047,hrd_1221,Giorgio,Giorgio,PRON,PRON,obj,obj,explicit_full,
2163,1021,one-to-one,dn_1047,hrd_1221,Ippolita,Ippolita,PROPN,PROPN,nsubj,nsubj,explicit_full,
2164,1021,one-to-one,dn_1047,hrd_1221,MISSING,Ippolita,MISSING,NULL,MISSING,nsubj,leftover_target,
2165,1022,one-to-one,dn_1048,hrd_1222,Ippolita,Ippolita,PRON,PRON,obj,nmod,explicit_ref_pos,
2166,1023,one-to-one,dn_1049,hrd_1223,Giorgio,Giorgio,PRON,PRON,nsubj,nsubj,explicit_full,
2167,1023,one-to-one,dn_1049,hrd_1223,Ippolita,Ippolita,PRON,PRON,obj,nmod,explicit_ref_pos,
2168,1024,one-to-one,dn_1050,hrd_1224,Giorgio,Giorgio,PRON,PRON,obj,obj,explicit_full,
2169,1024,one-to-one,dn_1050,hrd_1224,Ippolita,Ippolita,PRON,PRON,nsubj,nsubj,explicit_full,
2170,1024,one-to-one,dn_1050,hrd_1224,Ippolita,MISSING,PRON-REFLEX,MISSING,obj,MISSING,leftover_source,
2171,1024,one-to-one,dn_1050,hrd_1224,Ippolita,MISSING,DET,MISSING,nmod,MISSING,leftover_source,
2172,1024,one-to-one,dn_1050,hrd_1224,Ippolita,MISSING,NULL,MISSING,nsubj,MISSING,leftover_source,
2173,1024,one-to-one,dn_1050,hrd_1224,MISSING,Ippolita Ippolitas-husband,MISSING,NOUN,MISSING,obj,leftover_target,
2174,1024,one-to-one,dn_1050,hrd_1224,Ippolitas-husband,MISSING,NOUN,MISSING,obj,MISSING,leftover_source,
2175,1025,one-to-one,dn_1051,hrd_1225,Ippolita,Ippolita,PRON,PRON,nsubj,nsubj,explicit_full,
2176,1025,one-to-one,dn_1051,hrd_1225,MISSING,Ippolita,MISSING,NULL,MISSING,nsubj,leftover_target,
2177,1026,one-to-one,dn_1052,hrd_1226,Ippolita,Ippolita,PRON,PRON,nsubj,nsubj,explicit_full,
2178,1026,one-to-one,dn_1052,hrd_1226,Ippolita,MISSING,PRON-REFLEX,MISSING,obj,MISSING,leftover_source,
2179,1026,one-to-one,dn_1052,hrd_1226,Ippolita,MISSING,NULL,MISSING,nsubj,MISSING,leftover_source,
2180,1028,one-to-many,dn_1054,hrd_1228 hrd_1229,Ippolita,Ippolita,PRON,PRON,obj,obj,explicit_full,
2181,1028,one-to-many,dn_1054,hrd_1228 hrd_1229,MISSING,Ippolita,MISSING,NULL,MISSING,nsubj,leftover_target,
2182,1029,one-to-one,dn_1055,hrd_1230,Giorgio,Giorgio,PRON,PRON,nsubj,nsubj,explicit_full,
2183,1029,one-to-one,dn_1055,hrd_1230,MISSING,Giorgio,MISSING,NULL,MISSING,nsubj,leftover_target,
2184,1032,one-to-many,dn_1058,hrd_1233 hrd_1234,Giorgio,Giorgio,NOUN,NOUN,nsubj,nsubj,explicit_full,
2185,1032,one-to-many,dn_1058,hrd_1233 hrd_1234,Giorgio,Giorgio,NULL,PRON,nsubj,nsubj,zero_to_tgt_anchor,
2186,1032,one-to-many,dn_1058,hrd_1233 hrd_1234,Ippolita,Ippolita,PROPN,PROPN,nsubj,nsubj,explicit_full,
2187,1033,one-to-one,dn_1059,hrd_1235,Giorgio,Giorgio,PRON,PRON,obj,nmod,explicit_ref_pos,
2188,1033,one-to-one,dn_1059,hrd_1235,Giorgio,MISSING,PRON,MISSING,obj,MISSING,leftover_source,
2189,1033,one-to-one,dn_1059,hrd_1235,Ippolita,Ippolita,PRON,PRON,nsubj,nsubj,explicit_full,
2190,1033,one-to-one,dn_1059,hrd_1235,MISSING,Ippolita,MISSING,NULL,MISSING,nsubj,leftover_target,
2191,1034,one-to-one,dn_1060,hrd_1236,Giorgio,Giorgio,PRON,NULL,nsubj,nsubj,zero_to_src_anchor,
2192,1035,one-to-many,dn_1061,hrd_1237 hrd_1238,Giorgio,Giorgio,PRON,PRON,nsubj,nsubj,explicit_full,
2193,1035,one-to-many,dn_1061,hrd_1237 hrd_1238,Giorgio,Giorgio,NULL,NULL,nsubj,nsubj,zero_zero_single,
2194,1035,one-to-many,dn_1061,hrd_1237 hrd_1238,MISSING,Giorgio,MISSING,PRON,MISSING,nsubj,leftover_target,
2195,1035,one-to-many,dn_1061,hrd_1237 hrd_1238,Ippolita,Ippolita,PRON,PRON,obj,obj,explicit_full,
2196,1036,one-to-many,dn_1062,hrd_1239 hrd_1240,Giorgio,Giorgio,PRON,PRON,obj,obj,explicit_full,
2197,1036,one-to-many,dn_1062,hrd_1239 hrd_1240,Giorgio,Giorgio,PRON,PRON,nsubj,nsubj,explicit_full,
2198,1036,one-to-many,dn_1062,hrd_1239 hrd_1240,Ippolita,Ippolita,PRON,PRON,nsubj,nsubj,explicit_full,
2199,1036,one-to-many,dn_1062,hrd_1239 hrd_1240,Ippolita,Ippolita,NULL,PRON,nsubj,nsubj,zero_to_tgt_anchor,
2200,1037,one-to-many,dn_1063,hrd_1241 hrd_1242,Giorgio,Giorgio,PRON,PRON,obj,nmod,explicit_ref_pos,
2201,1037,one-to-many,dn_1063,hrd_1241 hrd_1242,Ippolita,Ippolita,NULL,NULL,nsubj,nsubj,zero_zero_semantic,0.5804208027648514
2202,1037,one-to-many,dn_1063,hrd_1241 hrd_1242,Ippolita,Ippolita,NULL,NULL,nsubj,nsubj,zero_zero_semantic,0.15473187802707652
2203,1037,one-to-many,dn_1063,hrd_1241 hrd_1242,Ippolita,Ippolita,NULL,NULL,nsubj,nsubj,zero_zero_semantic,0.3262178898263324
2204,1037,one-to-many,dn_1063,hrd_1241 hrd_1242,MISSING,Ippolita,MISSING,PRON,MISSING,nsubj,leftover_target,
2205,1039,one-to-one,dn_1065,hrd_1244,Ippolita,Ippolita,NULL,NULL,nsubj,nsubj,zero_zero_semantic,0.306034654378891
2206,1039,one-to-one,dn_1065,hrd_1244,MISSING,Ippolita,MISSING,NULL,MISSING,nsubj,leftover_target,
2207,1039,one-to-one,dn_1065,hrd_1244,MISSING,Ippolita,MISSING,NULL,MISSING,nsubj,leftover_target,
2208,1040,one-to-one,dn_1066,hrd_1245,Giorgio,Giorgio,NOUN,PRON,vocative,vocative,explicit_ref_case,
2209,1041,one-to-one,dn_1067,hrd_1246,MISSING,Giorgio Ippolita,MISSING,NULL,MISSING,nsubj,leftover_target,
2210,1042,one-to-one,dn_1068,hrd_1247,Giorgio,Giorgio,PRON,PRON,obj,nmod,explicit_ref_pos,
2211,1042,one-to-one,dn_1068,hrd_1247,Ippolita,Ippolita,PRON,PRON,nsubj,nsubj,explicit_full,
2212,1042,one-to-one,dn_1068,hrd_1247,Ippolita,MISSING,PRON-REFLEX,MISSING,obj,MISSING,leftover_source,
2213,1043,one-to-one,dn_1069,hrd_1248,Ippolita,Ippolita,NULL,NULL,nsubj,nsubj,zero_zero_semantic,0.22384566243957071
2214,1043,one-to-one,dn_1069,hrd_1248,Ippolita,Ippolita,NULL,NULL,nsubj,nsubj,zero_zero_semantic,0.27438454270203483
2215,1045,one-to-one,dn_1071,hrd_1250,Giorgio,Giorgio,NOUN,PRON,vocative,vocative,explicit_ref_case,
2216,1047,one-to-one,dn_1073,hrd_1252,Giorgio Ippolita,Giorgio Ippolita,NULL,NULL,nsubj,nsubj,zero_zero_single,
2217,1048,one-to-one,dn_1074,hrd_1253,Giorgio,Giorgio,PRON,PRON,nsubj,nsubj,explicit_full,
2218,1048,one-to-one,dn_1074,hrd_1253,Giorgio,Giorgio,PRON,PRON,obj,obj,explicit_full,
2219,1049,one-to-one,dn_1075,hrd_1254,Giorgio,Giorgio,NULL,NULL,nsubj,nsubj,zero_zero_single,
2220,1049,one-to-one,dn_1075,hrd_1254,Giorgio,MISSING,PRON-REFLEX,MISSING,obj,MISSING,leftover_source,
2221,1049,one-to-one,dn_1075,hrd_1254,MISSING,Giorgio,MISSING,PRON,MISSING,nsubj,leftover_target,
2222,1053,one-to-one,dn_1079,hrd_1258,Giorgio Ippolita,Giorgio Ippolita,NULL,NULL,nsubj,nsubj,zero_zero_single,
2223,1054,one-to-many,dn_1080,hrd_1259 hrd_1260,Giorgio,Giorgio,PROPN,PROPN,nsubj,nsubj,explicit_full,
2224,1054,one-to-many,dn_1080,hrd_1259 hrd_1260,Giorgio,Giorgio,PRON,PRON,nmod,nmod,explicit_full,
2225,1054,one-to-many,dn_1080,hrd_1259 hrd_1260,Giorgio,Giorgio,PRON,PRON,obj,nmod,explicit_ref_pos,
2226,1054,one-to-many,dn_1080,hrd_1259 hrd_1260,Ippolita,Ippolita,NOUN,NOUN,nmod,nmod,explicit_full,
2227,1055,one-to-one,dn_1081,hrd_1261,Giorgio,Giorgio,PRON,PRON,obj,obj,explicit_full,
2228,1057,one-to-one,dn_1083,hrd_1263,Giorgio Ippolita,Giorgio Ippolita,NULL,NULL,nsubj,nsubj,zero_zero_single,
2229,1058,one-to-many,dn_1084,hrd_1264 hrd_1265,Giorgio,Giorgio,PRON,PRON,nsubj,nsubj,explicit_full,
2230,1058,one-to-many,dn_1084,hrd_1264 hrd_1265,Giorgio,Giorgio,NULL,NULL,nsubj,nsubj,zero_zero_single,
2231,1059,one-to-one,dn_1085,hrd_1266,Giorgio,Giorgio,NULL,NULL,nsubj,nsubj,zero_zero_semantic,0.40137460142716597
2232,1059,one-to-one,dn_1085,hrd_1266,Giorgio,MISSING,DET,MISSING,nmod,MISSING,leftover_source,
2233,1059,one-to-one,dn_1085,hrd_1266,Giorgio,MISSING,DET,MISSING,nmod,MISSING,leftover_source,
2234,1059,one-to-one,dn_1085,hrd_1266,MISSING,Giorgio,MISSING,NULL,MISSING,nsubj,leftover_target,
2235,1059,one-to-one,dn_1085,hrd_1266,MISSING,Giorgio,MISSING,NULL,MISSING,nsubj,leftover_target,
2236,1059,one-to-one,dn_1085,hrd_1266,MISSING,Giorgio,MISSING,NULL,MISSING,nsubj,leftover_target,
2237,1060,one-to-one,dn_1086,hrd_1267,Giorgio,Giorgio,PRON,PRON,obj,obj,explicit_full,
2238,1060,one-to-one,dn_1086,hrd_1267,Giorgio,Giorgio,PRON,PRON,obj,nmod,explicit_ref_pos,
2239,1064,one-to-one,dn_1090,hrd_1275,Ippolita,MISSING,PRON,MISSING,obj,MISSING,leftover_source,
2240,1064,one-to-one,dn_1090,hrd_1275,MISSING,Ippolita,MISSING,NULL,MISSING,nsubj,leftover_target,
2241,1065,one-to-many,dn_1091,hrd_1276 hrd_1277,Ippolita,Ippolita,PROPN,PROPN,nsubj,nsubj,explicit_full,
2242,1065,one-to-many,dn_1091,hrd_1276 hrd_1277,Ippolita,MISSING,PRON-REFLEX,MISSING,obj,MISSING,leftover_source,
2243,1065,one-to-many,dn_1091,hrd_1276 hrd_1277,MISSING,Ippolita,MISSING,NULL,MISSING,nsubj,leftover_target,
2244,1065,one-to-many,dn_1091,hrd_1276 hrd_1277,MISSING,Ippolita,MISSING,NULL,MISSING,nsubj,leftover_target,
2245,1066,one-to-one,dn_1092,hrd_1278,Ippolita,Ippolita,NULL,PRON,nsubj,nsubj,zero_to_tgt_anchor,
2246,1066,one-to-one,dn_1092,hrd_1278,Ippolita,MISSING,PRON-REFLEX,MISSING,obj,MISSING,leftover_source,
2247,1067,one-to-one,dn_1093,hrd_1279,Ippolita,Ippolita,PRON,PRON,nsubj,nsubj,explicit_full,
2248,1067,one-to-one,dn_1093,hrd_1279,MISSING,Ippolita,MISSING,NULL,MISSING,nsubj,leftover_target,
2249,1067,one-to-one,dn_1093,hrd_1279,aunt-Giovianna,aunt-Giovianna,NOUN,NOUN,obj,nmod,explicit_ref_pos,
2250,1068,one-to-one,dn_1094,hrd_1280,Ippolita,Ippolita,NULL,PRON,nsubj,nsubj,zero_to_tgt_anchor,
2251,1068,one-to-one,dn_1094,hrd_1280,Ippolita,MISSING,PRON-REFLEX,MISSING,obj,MISSING,leftover_source,
2252,1068,one-to-one,dn_1094,hrd_1280,aunt-Giovianna,aunt-Giovianna,NOUN,NOUN,nsubj,nsubj,explicit_full,
2253,1068,one-to-one,dn_1094,hrd_1280,aunt-Giovianna,aunt-Giovianna,NULL,NULL,nsubj,nsubj,zero_zero_single,
2254,1069,one-to-one,dn_1095,hrd_1281,Giorgio,Giorgio,PRON,NULL,nsubj,nsubj,zero_to_src_anchor,
2255,1069,one-to-one,dn_1095,hrd_1281,Ippolita,Ippolita,NULL,NULL,nsubj,nsubj,zero_zero_semantic,0.35203073024749754
2256,1069,one-to-one,dn_1095,hrd_1281,Ippolita,Ippolita,NULL,PRON,nsubj,nsubj,zero_to_tgt_anchor,
2257,1069,one-to-one,dn_1095,hrd_1281,Ippolita,MISSING,PRON-REFLEX,MISSING,obj,MISSING,leftover_source,
2258,1069,one-to-one,dn_1095,hrd_1281,aunt-Giovianna,aunt-Giovianna,DET,NOUN,nmod,nmod,explicit_ref_case,
2259,1069,one-to-one,dn_1095,hrd_1281,aunt-Giovianna,MISSING,PRON,MISSING,obj,MISSING,leftover_source,
2260,1070,one-to-one,dn_1096,hrd_1282,Ippolita,Ippolita,NULL,NULL,nsubj,nsubj,zero_zero_single,
2261,1070,one-to-one,dn_1096,hrd_1282,Ippolita,MISSING,PRON-REFLEX,MISSING,obj,MISSING,leftover_source,
2262,1070,one-to-one,dn_1096,hrd_1282,aunt-Giovianna,aunt-Giovianna,NULL,NOUN,nsubj,nsubj,zero_to_tgt_anchor,
2263,1071,one-to-one,dn_1097,hrd_1283,aunt-Giovianna,aunt-Giovianna,NOUN,NOUN,vocative,vocative,explicit_full,
2264,1072,one-to-one,dn_1098,hrd_1284,Ippolita,MISSING,NULL,MISSING,nsubj,MISSING,leftover_source,
2265,1072,one-to-one,dn_1098,hrd_1284,aunt-Giovianna,aunt-Giovianna,PRON,NOUN,obj,nsubj,explicit_ref_only,
2266,1072,one-to-one,dn_1098,hrd_1284,aunt-Giovianna,MISSING,DET,MISSING,nmod,MISSING,leftover_source,
2267,1072,one-to-one,dn_1098,hrd_1284,aunt-Giovianna,MISSING,DET,MISSING,nmod,MISSING,leftover_source,
2268,1072,one-to-one,dn_1098,hrd_1284,MISSING,aunt-Giovianna,MISSING,NULL,MISSING,nsubj,leftover_target,
2269,1073,one-to-many,dn_1099,hrd_1285 hrd_1286,Giorgio,Giorgio,PROPN,NOUN,obj,obj,explicit_ref_case,
2270,1073,one-to-many,dn_1099,hrd_1285 hrd_1286,Ippolita,Ippolita,PRON,PRON,nsubj,nsubj,explicit_full,
2271,1073,one-to-many,dn_1099,hrd_1285 hrd_1286,Ippolita,MISSING,PRON-REFLEX,MISSING,obj,MISSING,leftover_source,
2272,1073,one-to-many,dn_1099,hrd_1285 hrd_1286,MISSING,Ippolita,MISSING,NULL,MISSING,nsubj,leftover_target,
2273,1073,one-to-many,dn_1099,hrd_1285 hrd_1286,MISSING,Ippolita,MISSING,NULL,MISSING,nsubj,leftover_target,
2274,1073,one-to-many,dn_1099,hrd_1285 hrd_1286,pavers,pavers,NOUN,NOUN,nsubj,nsubj,explicit_full,
2275,1074,one-to-one,dn_1100,hrd_1287,Ippolita,Ippolita,NULL,NULL,nsubj,nsubj,zero_zero_single,
2276,1074,one-to-one,dn_1100,hrd_1287,Ippolita,MISSING,PRON-REFLEX,MISSING,obj,MISSING,leftover_source,
2277,1075,one-to-one,dn_1101,hrd_1288,MISSING,Ippolita,MISSING,NULL,MISSING,nsubj,leftover_target,
2278,1075,one-to-one,dn_1101,hrd_1288,MISSING,Ippolita,MISSING,NULL,MISSING,nsubj,leftover_target,
2279,1075,one-to-one,dn_1101,hrd_1288,MISSING,Ippolita,MISSING,NULL,MISSING,nsubj,leftover_target,
2280,1075,one-to-one,dn_1101,hrd_1288,MISSING,Ippolita,MISSING,NULL,MISSING,nsubj,leftover_target,
2281,1076,one-to-one,dn_1102,hrd_1289,Ippolita,Ippolita,PRON,PRON,nsubj,nsubj,explicit_full,
2282,1077,one-to-one,dn_1103,hrd_1290,Ippolita,Ippolita,PRON,PRON,obj,nmod,explicit_ref_pos,
2283,1078,one-to-one,dn_1104,hrd_1291,Ippolita,Ippolita,PRON,PRON,obj,obj,explicit_full,
2284,1078,one-to-one,dn_1104,hrd_1291,Ippolita,Ippolita,NULL,NULL,nsubj,nsubj,zero_zero_semantic,0.25455030834391
2285,1078,one-to-one,dn_1104,hrd_1291,Ippolita,MISSING,NULL,MISSING,nsubj,MISSING,leftover_source,
2286,1079,one-to-one,dn_1105,hrd_1292,Ippolita,Ippolita,PRON,PRON,nsubj,nsubj,explicit_full,
2287,1079,one-to-one,dn_1105,hrd_1292,Ippolita,MISSING,PRON-REFLEX,MISSING,obj,MISSING,leftover_source,
2288,1079,one-to-one,dn_1105,hrd_1292,MISSING,Ippolita,MISSING,NULL,MISSING,nsubj,leftover_target,
2289,1080,one-to-many,dn_1106,hrd_1293 hrd_1294 hrd_1295,Ippolita,Ippolita,PRON,PRON,obj,obj,explicit_full,
2290,1080,one-to-many,dn_1106,hrd_1293 hrd_1294 hrd_1295,Ippolita,Ippolita,PRON,PRON,nsubj,nsubj,explicit_full,
2291,1083,one-to-one,dn_1109,hrd_1298,Ippolita,Ippolita,PRON,PRON,obj,obj,explicit_full,
2292,1084,one-to-one,dn_1110,hrd_1299,Ippolita,Ippolita,NULL,NULL,nsubj,nsubj,zero_zero_semantic,0.41514134553133275
2293,1084,one-to-one,dn_1110,hrd_1299,MISSING,Ippolita,MISSING,PRON,MISSING,nsubj,leftover_target,
2294,1084,one-to-one,dn_1110,hrd_1299,MISSING,Ippolita,MISSING,NULL,MISSING,nsubj,leftover_target,
2295,1084,one-to-one,dn_1110,hrd_1299,MISSING,Ippolita,MISSING,NULL,MISSING,nsubj,leftover_target,
2296,1085,one-to-one,dn_1111,hrd_1300,Ippolita,Ippolita,PRON,PRON,obj,nmod,explicit_ref_pos,
2297,1085,one-to-one,dn_1111,hrd_1300,Ippolita,MISSING,PRON,MISSING,obj,MISSING,leftover_source,
2298,1087,one-to-one,dn_1113,hrd_1302,Ippolita,Ippolita,NULL,NULL,nsubj,nsubj,zero_zero_semantic,0.400039146343867
2299,1087,one-to-one,dn_1113,hrd_1302,Ippolita,Ippolita,NULL,PRON,nsubj,nsubj,zero_to_tgt_anchor,
2300,1088,one-to-many,dn_1114,hrd_1303 hrd_1304,Ippolita,Ippolita,PRON,PRON,obj,nmod,explicit_ref_pos,
2301,1089,one-to-many,dn_1115,hrd_1305 hrd_1306,Ippolita,Ippolita,PRON,PRON,nsubj,nsubj,explicit_full,
2302,1092,one-to-one,dn_1118,hrd_1309,Ippolita,Ippolita,NULL,NULL,nsubj,nsubj,zero_zero_single,
2303,1092,one-to-one,dn_1118,hrd_1309,Ippolita,MISSING,PRON-REFLEX,MISSING,obj,MISSING,leftover_source,
2304,1092,one-to-one,dn_1118,hrd_1309,aunt-Giovianna,aunt-Giovianna,NOUN,NOUN,nmod,nsubj,explicit_ref_pos,
2305,1093,one-to-many,dn_1119,hrd_1310 hrd_1311,Clarice,Clarice,NOUN,NOUN,nsubj,nsubj,explicit_full,
2306,1093,one-to-many,dn_1119,hrd_1310 hrd_1311,Clarice,Clarice,NOUN,NOUN,nsubj,pred,explicit_ref_pos,
2307,1093,one-to-many,dn_1119,hrd_1310 hrd_1311,Clarice,MISSING,PRON-REFLEX,MISSING,obj,MISSING,leftover_source,
2308,1093,one-to-many,dn_1119,hrd_1310 hrd_1311,Clarice,MISSING,NOUN,MISSING,obj,MISSING,leftover_source,
2309,1093,one-to-many,dn_1119,hrd_1310 hrd_1311,MISSING,Clarice,MISSING,NULL,MISSING,nsubj,leftover_target,
2310,1093,one-to-many,dn_1119,hrd_1310 hrd_1311,Ippolita,Ippolita,PRON,PRON,obj,obj,explicit_full,
2311,1094,one-to-one,dn_1120,hrd_1312,aunt-Giovianna,aunt-Giovianna,NOUN,NOUN,nsubj,nsubj,explicit_full,
2312,1095,one-to-one,dn_1121,hrd_1313,Ippolita Clarice,Ippolita Clarice,PRON,PRON,nsubj,nsubj,explicit_full,
2313,1095,one-to-one,dn_1121,hrd_1313,MISSING,Ippolita Clarice,MISSING,NULL,MISSING,nsubj,leftover_target,
2314,1096,one-to-one,dn_1122,hrd_1314,Ippolita Clarice,Ippolita Clarice,PRON,PRON,obj,obj,explicit_full,
2315,1097,one-to-one,dn_1123,hrd_1315,Clarice,Clarice,PROPN,NOUN,nsubj,nsubj,explicit_ref_case,
2316,1097,one-to-one,dn_1123,hrd_1315,Clarice,Clarice,NULL,NULL,nsubj,nsubj,zero_zero_semantic,0.38063218605208704
2317,1097,one-to-one,dn_1123,hrd_1315,MISSING,Clarice,MISSING,NULL,MISSING,nsubj,leftover_target,
2318,1098,one-to-many,dn_1124,hrd_1316 hrd_1317,Ippolita Clarice,Ippolita Clarice,PRON,PRON,nsubj,nmod,explicit_ref_pos,
2319,1099,one-to-one,dn_1125,hrd_1318,Clarice,Clarice,PROPN,NOUN,nsubj,nsubj,explicit_ref_case,
2320,1100,one-to-one,dn_1126,hrd_1319,Clarice,Clarice,NULL,NULL,nsubj,nsubj,zero_zero_single,
2321,1100,one-to-one,dn_1126,hrd_1319,Clarice,MISSING,NOUN,MISSING,pred,MISSING,leftover_source,
2322,1101,one-to-one,dn_1127,hrd_1320,Ippolita Clarice,Ippolita Clarice,PRON,NOUN,nsubj,nsubj,explicit_ref_case,
2323,1101,one-to-one,dn_1127,hrd_1320,MISSING,Ippolita Clarice,MISSING,NULL,MISSING,nsubj,leftover_target,
2324,1102,one-to-one,dn_1128,hrd_1321,Ippolita Clarice,Ippolita Clarice,DET,PRON,nmod,nmod,explicit_ref_case,
2325,1103,one-to-many,dn_1129,hrd_1322 hrd_1323,Clarice,Clarice,PROPN,NOUN,nsubj,nsubj,explicit_ref_case,
2326,1103,one-to-many,dn_1129,hrd_1322 hrd_1323,MISSING,Clarice,MISSING,NULL,MISSING,nsubj,leftover_target,
2327,1103,one-to-many,dn_1129,hrd_1322 hrd_1323,MISSING,Clarice,MISSING,NULL,MISSING,nsubj,leftover_target,
2328,1103,one-to-many,dn_1129,hrd_1322 hrd_1323,MISSING,Clarice,MISSING,NULL,MISSING,nsubj,leftover_target,
2329,1103,one-to-many,dn_1129,hrd_1322 hrd_1323,MISSING,Clarice,MISSING,NULL,MISSING,nsubj,leftover_target,
2330,1103,one-to-many,dn_1129,hrd_1322 hrd_1323,Ippolita,Ippolita,PRON,PRON,obj,obj,explicit_full,
2331,1103,one-to-many,dn_1129,hrd_1322 hrd_1323,Ippolita,Ippolita,PRON,PRON,obj,nmod,explicit_ref_pos,
2332,1103,one-to-many,dn_1129,hrd_1322 hrd_1323,Ippolita,Ippolita,NULL,NULL,nsubj,nsubj,zero_zero_semantic,0.2663743031727396
2333,1103,one-to-many,dn_1129,hrd_1322 hrd_1323,Ippolita,Ippolita,NULL,NULL,nsubj,nsubj,zero_zero_semantic,0.5425775476884546
2334,1105,one-to-one,dn_1131,hrd_1325,Ippolita Clarice,Ippolita Clarice,PRON,PRON,nsubj,nsubj,explicit_full,
2335,1106,one-to-many,dn_1132,hrd_1326 hrd_1327,Ippolita Clarice,Ippolita Clarice,NULL,PRON,nsubj,nsubj,zero_to_tgt_anchor,
2336,1106,one-to-many,dn_1132,hrd_1326 hrd_1327,aunt-Giovianna,aunt-Giovianna,NOUN,NOUN,nsubj,nsubj,explicit_full,
2337,1107,one-to-one,dn_1133,hrd_1328,Clarice,Clarice,PROPN,NOUN,nsubj,nsubj,explicit_ref_case,
2338,1107,one-to-one,dn_1133,hrd_1328,Ippolita,Ippolita,PRON,PRON,nsubj,nsubj,explicit_full,
2339,1107,one-to-one,dn_1133,hrd_1328,Ippolita,MISSING,PRON-REFLEX,MISSING,obj,MISSING,leftover_source,
2340,1109,one-to-many,dn_1135,hrd_1330 hrd_1331,Ippolita,Ippolita,PRON,PRON,obj,obj,explicit_full,
2341,1109,one-to-many,dn_1135,hrd_1330 hrd_1331,Ippolita,Ippolita,PRON,PRON,obj,nsubj,explicit_ref_pos,
2342,1109,one-to-many,dn_1135,hrd_1330 hrd_1331,Ippolita,Ippolita,NULL,NULL,nsubj,nsubj,zero_zero_single,
2343,1109,one-to-many,dn_1135,hrd_1330 hrd_1331,aunt-Giovianna,aunt-Giovianna,NOUN,NOUN,nsubj,nsubj,explicit_full,
2344,1109,one-to-many,dn_1135,hrd_1330 hrd_1331,aunt-Giovianna,MISSING,PRON,MISSING,obj,MISSING,leftover_source,
2345,1109,one-to-many,dn_1135,hrd_1330 hrd_1331,MISSING,aunt-Giovianna,MISSING,NULL,MISSING,nsubj,leftover_target,
2346,1110,one-to-one,dn_1136,hrd_1332,Ippolita,Ippolita,NULL,NULL,nsubj,nsubj,zero_zero_single,
2347,1111,one-to-one,dn_1137,hrd_1333,Ippolita,MISSING,PRON,MISSING,obj,MISSING,leftover_source,
2348,1112,one-to-many,dn_1138,hrd_1334 hrd_1335 hrd_1336,Ippolita,Ippolita,PRON,PRON,nsubj,nsubj,explicit_full,
2349,1112,one-to-many,dn_1138,hrd_1334 hrd_1335 hrd_1336,Ippolita,MISSING,PRON-REFLEX,MISSING,obj,MISSING,leftover_source,
2350,1112,one-to-many,dn_1138,hrd_1334 hrd_1335 hrd_1336,Ippolita,MISSING,PRON,MISSING,obj,MISSING,leftover_source,
2351,1112,one-to-many,dn_1138,hrd_1334 hrd_1335 hrd_1336,Ippolita,MISSING,PRON,MISSING,obj,MISSING,leftover_source,
2352,1112,one-to-many,dn_1138,hrd_1334 hrd_1335 hrd_1336,MISSING,Ippolita,MISSING,NULL,MISSING,nsubj,leftover_target,
2353,1112,one-to-many,dn_1138,hrd_1334 hrd_1335 hrd_1336,MISSING,Ippolita,MISSING,NULL,MISSING,nsubj,leftover_target,
2354,1112,one-to-many,dn_1138,hrd_1334 hrd_1335 hrd_1336,MISSING,Ippolita,MISSING,NULL,MISSING,nsubj,leftover_target,
2355,1112,one-to-many,dn_1138,hrd_1334 hrd_1335 hrd_1336,pavers,pavers,NOUN,NOUN,nsubj,nsubj,explicit_full,
2356,1113,one-to-one,dn_1139,hrd_1337,Giorgio Ippolita,Giorgio Ippolita,NOUN,NOUN,nsubj,nsubj,explicit_full,
2357,1113,one-to-one,dn_1139,hrd_1337,MISSING,Giorgio Ippolita,MISSING,NULL,MISSING,nsubj,leftover_target,
2358,1114,one-to-one,dn_1140,hrd_1338,Giorgio Ippolita,Giorgio Ippolita,NULL,NULL,nsubj,nsubj,zero_zero_single,
2359,1114,one-to-one,dn_1140,hrd_1338,MISSING,Giorgio Ippolita,MISSING,PRON,MISSING,nsubj,leftover_target,
2360,1115,one-to-one,dn_1141,hrd_1339,Giorgio Ippolita,Giorgio Ippolita,NULL,NULL,nsubj,nsubj,zero_zero_single,
2361,1115,one-to-one,dn_1141,hrd_1339,MISSING,Giorgio Ippolita,MISSING,PRON,MISSING,nsubj,leftover_target,
2362,1115,one-to-one,dn_1141,hrd_1339,MISSING,Giorgio Ippolita,MISSING,NOUN,MISSING,obj,leftover_target,
2363,1116,one-to-one,dn_1142,hrd_1340,Giorgio Ippolita,Giorgio Ippolita,NULL,PRON,nsubj,nsubj,zero_to_tgt_anchor,
2364,1117,one-to-one,dn_1143,hrd_1341,Giorgio,Giorgio,PROPN,PROPN,obj,nmod,explicit_ref_pos,
2365,1117,one-to-one,dn_1143,hrd_1341,Giorgio,MISSING,PRON,MISSING,obj,MISSING,leftover_source,
2366,1117,one-to-one,dn_1143,hrd_1341,Ippolita,Ippolita,PROPN,PROPN,nsubj,nsubj,explicit_full,
2367,1117,one-to-one,dn_1143,hrd_1341,Ippolita,Ippolita,DET,PRON,nmod,nmod,explicit_ref_case,
2368,1117,one-to-one,dn_1143,hrd_1341,Ippolita,MISSING,PRON-REFLEX,MISSING,obj,MISSING,leftover_source,
2369,1117,one-to-one,dn_1143,hrd_1341,MISSING,Ippolita,MISSING,NULL,MISSING,nsubj,leftover_target,
2370,1118,one-to-one,dn_1144,hrd_1342,Giorgio,MISSING,NULL,MISSING,nsubj,MISSING,leftover_source,
2371,1119,one-to-one,dn_1145,hrd_1343,Giorgio,Giorgio,DET,PRON,nmod,nmod,explicit_ref_case,
2372,1120,one-to-one,dn_1146,hrd_1344,Ippolita,Ippolita,NULL,NULL,nsubj,nsubj,zero_zero_single,
2373,1120,one-to-one,dn_1146,hrd_1344,Ippolita,MISSING,PRON,MISSING,obj,MISSING,leftover_source,
2374,1121,one-to-one,dn_1147,hrd_1345,Giorgio,Giorgio,PROPN,PROPN,nsubj,nsubj,explicit_full,
2375,1123,one-to-one,dn_1149,hrd_1347,Ippolita,Ippolita,NULL,NULL,nsubj,nsubj,zero_zero_single,
2376,1125,one-to-one,dn_1151,hrd_1349,Ippolita,Ippolita,NULL,NULL,nsubj,nsubj,zero_zero_single,
2377,1126,one-to-one,dn_1152,hrd_1350,Ippolita,Ippolita,NULL,NULL,nsubj,nsubj,zero_zero_single,
2378,1126,one-to-one,dn_1152,hrd_1350,Ippolitas-husband,Ippolitas-husband,NOUN,NOUN,nmod,nmod,explicit_full,
2379,1127,one-to-one,dn_1153,hrd_1351,Ippolita,Ippolita,NULL,NULL,nsubj,nsubj,zero_zero_single,
2380,1129,one-to-one,dn_1155,hrd_1353,Giorgio,MISSING,PRON,MISSING,obj,MISSING,leftover_source,
2381,1129,one-to-one,dn_1155,hrd_1353,Ippolita,Ippolita,NULL,NULL,nsubj,nsubj,zero_zero_single,
2382,1130,one-to-one,dn_1156,hrd_1354,Giorgio,Giorgio,PROPN,PROPN,nsubj,nsubj,explicit_full,
2383,1131,one-to-one,dn_1157,hrd_1355,Ippolita,Ippolita,PRON,PRON,nsubj,nsubj,explicit_full,
2384,1132,one-to-one,dn_1158,hrd_1356,Giorgio,Giorgio,PROPN,NOUN,nsubj,nsubj,explicit_ref_case,
2385,1132,one-to-one,dn_1158,hrd_1356,Giorgio,MISSING,PRON-REFLEX,MISSING,obj,MISSING,leftover_source,
2386,1132,one-to-one,dn_1158,hrd_1356,Ippolita,Ippolita,PRON,PRON,nsubj,nsubj,explicit_full,
2387,1132,one-to-one,dn_1158,hrd_1356,Ippolita,Ippolita,PRON,PRON,obj,nmod,explicit_ref_pos,
2388,1133,one-to-many,dn_1159,hrd_1357 hrd_1358,Giorgio,Giorgio,PRON,NULL,nsubj,nsubj,zero_to_src_anchor,
2389,1134,one-to-one,dn_1160,hrd_1359,Ippolita,Ippolita,NULL,PRON,nsubj,nsubj,zero_to_tgt_anchor,
2390,1135,one-to-one,dn_1161,hrd_1360,Giorgio,Giorgio,PRON,PRON,obj,obj,explicit_full,
2391,1135,one-to-one,dn_1161,hrd_1360,MISSING,Giorgio,MISSING,NULL,MISSING,nsubj,leftover_target,
2392,1135,one-to-one,dn_1161,hrd_1360,Ippolita,Ippolita,PRON,PRON,nsubj,nsubj,explicit_full,
2393,1135,one-to-one,dn_1161,hrd_1360,Ippolita,Ippolita,NULL,NULL,nsubj,nsubj,zero_zero_semantic,0.24214697192523238
2394,1135,one-to-one,dn_1161,hrd_1360,Ippolita,Ippolita,NULL,NULL,nsubj,nsubj,zero_zero_semantic,0.4204685629227519
2395,1135,one-to-one,dn_1161,hrd_1360,Ippolita,Ippolita,PRON-REFLEX,PRON,obj,obj,reflex_obj,
2396,1136,one-to-one,dn_1162,hrd_1361,Giorgio,MISSING,PRON,MISSING,obj,MISSING,leftover_source,
2397,1136,one-to-one,dn_1162,hrd_1361,Giorgio,MISSING,NULL,MISSING,nsubj,MISSING,leftover_source,
2398,1136,one-to-one,dn_1162,hrd_1361,Ippolita,Ippolita,NULL,NULL,nsubj,nsubj,zero_zero_single,
2399,1136,one-to-one,dn_1162,hrd_1361,Ippolita,MISSING,PRON,MISSING,obj,MISSING,leftover_source,
2400,1137,one-to-one,dn_1163,hrd_1362,Giorgio,Giorgio,DET,PRON,nmod,nmod,explicit_ref_case,
2401,1137,one-to-one,dn_1163,hrd_1362,Giorgio,MISSING,NULL,MISSING,nsubj,MISSING,leftover_source,
2402,1138,one-to-one,dn_1164,hrd_1363,Giorgio,Giorgio,NULL,NULL,nsubj,nsubj,zero_zero_single,
2403,1138,one-to-one,dn_1164,hrd_1363,Ippolita,MISSING,PRON,MISSING,obj,MISSING,leftover_source,
2404,1140,one-to-one,dn_1166,hrd_1365,Giorgio,MISSING,NULL,MISSING,nsubj,MISSING,leftover_source,
2405,1140,one-to-one,dn_1166,hrd_1365,Ippolita,MISSING,PRON,MISSING,obj,MISSING,leftover_source,
2406,1141,one-to-one,dn_1167,hrd_1366,Ippolita,Ippolita,NULL,NULL,nsubj,nsubj,zero_zero_single,
2407,1141,one-to-one,dn_1167,hrd_1366,Ippolita,MISSING,PRON,MISSING,obj,MISSING,leftover_source,
2408,1142,one-to-one,dn_1168,hrd_1367,Giorgio,Giorgio,NOUN,NOUN,nmod,nmod,explicit_full,
2409,1142,one-to-one,dn_1168,hrd_1367,Ippolita,Ippolita,PRON,PRON,nsubj,nsubj,explicit_full,
2410,1142,one-to-one,dn_1168,hrd_1367,MISSING,Ippolita,MISSING,NULL,MISSING,nsubj,leftover_target,
2411,1142,one-to-one,dn_1168,hrd_1367,MISSING,Ippolita,MISSING,NULL,MISSING,nsubj,leftover_target,
2412,1143,one-to-many,dn_1169,hrd_1368 hrd_1369,Giorgio Ippolita,Giorgio Ippolita,NULL,NULL,nsubj,nsubj,zero_zero_semantic,0.1103103213785776
2413,1143,one-to-many,dn_1169,hrd_1368 hrd_1369,Giorgio Ippolita,Giorgio Ippolita,NULL,NULL,nsubj,nsubj,zero_zero_semantic,0.09408480708227783
2414,1144,one-to-one,dn_1170,hrd_1370,Giorgio Ippolita,Giorgio Ippolita,NULL,NULL,nsubj,nsubj,zero_zero_single,
2415,1144,one-to-one,dn_1170,hrd_1370,Ippolita,MISSING,NULL,MISSING,nsubj,MISSING,leftover_source,
2416,1148,one-to-one,dn_1174,hrd_1374,MISSING,Giorgio Ippolita,MISSING,NULL,MISSING,nsubj,leftover_target,
2417,1149,one-to-one,dn_1175,hrd_1375,Pancrazio,MISSING,PROPN,MISSING,nsubj,MISSING,leftover_source,
2418,1150,one-to-one,dn_1176,hrd_1376,Ippolita,MISSING,PROPN,MISSING,nsubj,MISSING,leftover_source,
2419,1150,one-to-one,dn_1176,hrd_1376,MISSING,Pancrazio,MISSING,NOUN,MISSING,pred,leftover_target,
2420,1150,one-to-one,dn_1176,hrd_1376,MISSING,Pancrazio,MISSING,NULL,MISSING,nsubj,leftover_target,
2421,1151,one-to-one,dn_1177,hrd_1377,Pancrazio,Pancrazio,PROPN,PROPN,nsubj,nsubj,explicit_full,
2422,1151,one-to-one,dn_1177,hrd_1377,Pancrazio,Pancrazio,DET,DET,nmod,nmod,explicit_full,
2423,1151,one-to-one,dn_1177,hrd_1377,Pancrazio,MISSING,DET,MISSING,nmod,MISSING,leftover_source,
2424,1152,one-to-one,dn_1178,hrd_1378,Pancrazio,Pancrazio,NULL,NULL,nsubj,nsubj,zero_zero_semantic,0.40675599284087244
2425,1152,one-to-one,dn_1178,hrd_1378,Pancrazio,Pancrazio,NULL,PRON,nsubj,nsubj,zero_to_tgt_anchor,
2426,1152,one-to-one,dn_1178,hrd_1378,Pancrazio,MISSING,NULL,MISSING,nsubj,MISSING,leftover_source,
2427,1153,one-to-many,dn_1179,hrd_1379 hrd_1380,Pancrazio,Pancrazio,PRON,PRON,nsubj,nsubj,explicit_full,
2428,1153,one-to-many,dn_1179,hrd_1379 hrd_1380,Pancrazio,Pancrazio,NULL,NULL,nsubj,nsubj,zero_zero_semantic,0.4745569209607554
2429,1153,one-to-many,dn_1179,hrd_1379 hrd_1380,Pancrazio,Pancrazio,NULL,NULL,nsubj,nsubj,zero_zero_semantic,0.1486775872241664
2430,1153,one-to-many,dn_1179,hrd_1379 hrd_1380,Pancrazio,MISSING,NULL,MISSING,nsubj,MISSING,leftover_source,
2431,1154,one-to-one,dn_1180,hrd_1381,Giorgio,Giorgio,PROPN,PROPN,nsubj,nsubj,explicit_full,
2432,1155,one-to-one,dn_1181,hrd_1382,Pancrazio,Pancrazio,PROPN,PROPN,nsubj,nsubj,explicit_full,
2433,1155,one-to-one,dn_1181,hrd_1382,Pancrazio,Pancrazio,DET,NOUN,nmod,nmod,explicit_ref_case,
2434,1158,one-to-one,dn_1184,hrd_1388,Ippolita,Ippolita,PROPN,PROPN,nsubj,nsubj,explicit_full,
2435,1160,one-to-one,dn_1186,hrd_1390,Ippolita,Ippolita,PRON,PRON,nsubj,nsubj,explicit_full,
2436,1165,one-to-one,dn_1192,hrd_1395,Giorgio,Giorgio,NOUN,PRON,vocative,vocative,explicit_ref_case,
2437,1166,one-to-one,dn_1193,hrd_1396,Giorgio Ippolita,Giorgio Ippolita,PRON,NOUN,nsubj,nsubj,explicit_ref_case,
2438,1167,one-to-many,dn_1194,hrd_1397 hrd_1398,Giorgio,MISSING,PRON,MISSING,obj,MISSING,leftover_source,
2439,1167,one-to-many,dn_1194,hrd_1397 hrd_1398,Giorgio Ippolita,Giorgio Ippolita,NULL,NULL,nsubj,nsubj,zero_zero_semantic,0.34520292816326315
2440,1167,one-to-many,dn_1194,hrd_1397 hrd_1398,Giorgio Ippolita,Giorgio Ippolita,NULL,NULL,nsubj,nsubj,zero_zero_semantic,0.12887093853910814
2441,1167,one-to-many,dn_1194,hrd_1397 hrd_1398,Giorgio Ippolita,MISSING,PRON-REFLEX,MISSING,obj,MISSING,leftover_source,
2442,1167,one-to-many,dn_1194,hrd_1397 hrd_1398,MISSING,Giorgio Ippolita,MISSING,PRON,MISSING,nsubj,leftover_target,
2443,1167,one-to-many,dn_1194,hrd_1397 hrd_1398,MISSING,Giorgio Ippolita,MISSING,NULL,MISSING,nsubj,leftover_target,
2444,1167,one-to-many,dn_1194,hrd_1397 hrd_1398,Ippolita,MISSING,PRON,MISSING,obj,MISSING,leftover_source,
2445,1168,one-to-one,dn_1195,hrd_1399,Giorgio,Giorgio,DET,PRON,nmod,nmod,explicit_ref_case,
2446,1168,one-to-one,dn_1195,hrd_1399,Giorgio,Giorgio,PROPN,PROPN,obj,nsubj,explicit_ref_pos,
2447,1168,one-to-one,dn_1195,hrd_1399,MISSING,Giorgio,MISSING,NULL,MISSING,nsubj,leftover_target,
2448,1170,one-to-one,dn_1197,hrd_1401,Giorgio,Giorgio,DET,PRON,nmod,nmod,explicit_ref_case,
2449,1171,one-to-one,dn_1198,hrd_1402,Giorgio,MISSING,PRON,MISSING,obj,MISSING,leftover_source,
2450,1172,one-to-one,dn_1199,hrd_1403,Giorgio,Giorgio,PRON,PRON,obj,obj,explicit_full,
2451,1173,one-to-one,dn_1200,hrd_1404,Giorgio,Giorgio,PRON,PRON,obj,obj,explicit_full,
2452,1173,one-to-one,dn_1200,hrd_1404,Giorgio,Giorgio,PRON,PRON,obj,obj,explicit_full,
2453,1175,one-to-one,dn_1202,hrd_1406,Giorgio,Giorgio,DET,PRON,nmod,nmod,explicit_ref_case,
2454,1175,one-to-one,dn_1202,hrd_1406,Ippolita,Ippolita,PRON,PRON,obj,obj,explicit_full,
2455,1176,one-to-many,dn_1203,hrd_1407 hrd_1408,Giorgio,Giorgio,PRON,PRON,obj,obj,explicit_full,
2456,1176,one-to-many,dn_1203,hrd_1407 hrd_1408,Giorgio,Giorgio,PRON,PRON,nsubj,nsubj,explicit_full,
2457,1176,one-to-many,dn_1203,hrd_1407 hrd_1408,Giorgio,Giorgio,DET,PRON,nmod,nmod,explicit_ref_case,
2458,1176,one-to-many,dn_1203,hrd_1407 hrd_1408,MISSING,Giorgio,MISSING,NULL,MISSING,nsubj,leftover_target,
2459,1177,one-to-many,dn_1204,hrd_1409 hrd_1410,Giorgio,Giorgio,PRON,PRON,obj,obj,explicit_full,
2460,1177,one-to-many,dn_1204,hrd_1409 hrd_1410,Giorgio,Giorgio,PRON,PRON,obj,obj,explicit_full,
2461,1178,one-to-one,dn_1205,hrd_1411,Ippolita,Ippolita,PRON,PRON,nsubj,nsubj,explicit_full,
2462,1179,one-to-one,dn_1206,hrd_1412,Giorgio,Giorgio,PRON,PRON,obj,nsubj,explicit_ref_pos,
2463,1180,one-to-many,dn_1207,hrd_1413 hrd_1414,Giorgio,Giorgio,PRON,PRON,nsubj,nsubj,explicit_full,
2464,1180,one-to-many,dn_1207,hrd_1413 hrd_1414,Giorgio,Giorgio,DET,PRON,nmod,nmod,explicit_ref_case,
2465,1180,one-to-many,dn_1207,hrd_1413 hrd_1414,Ippolita,Ippolita,PRON,PRON,obj,nsubj,explicit_ref_pos,
2466,1181,many-to-one,dn_1208 dn_1209,hrd_1415,Giorgio,Giorgio,PRON,PRON,nsubj,nsubj,explicit_full,
2467,1181,many-to-one,dn_1208 dn_1209,hrd_1415,Giorgio,Giorgio,PRON,PRON,obj,obj,explicit_full,
2468,1181,many-to-one,dn_1208 dn_1209,hrd_1415,Giorgio,Giorgio,PRON,PRON,obj,obj,explicit_full,
2469,1181,many-to-one,dn_1208 dn_1209,hrd_1415,Giorgio,Giorgio,PRON,PRON,nsubj,nsubj,explicit_full,
2470,1181,many-to-one,dn_1208 dn_1209,hrd_1415,MISSING,Giorgio,MISSING,NULL,MISSING,nsubj,leftover_target,
2471,1181,many-to-one,dn_1208 dn_1209,hrd_1415,Ippolita,MISSING,PRON,MISSING,nsubj,MISSING,leftover_source,
2472,1182,one-to-one,dn_1210,hrd_1416,Ippolita,MISSING,PROPN,MISSING,nmod,MISSING,leftover_source,
2473,1183,one-to-one,dn_1211,hrd_1417,Giorgio,Giorgio,NULL,PRON,nsubj,nsubj,zero_to_tgt_anchor,
2474,1184,one-to-many,dn_1212,hrd_1418 hrd_1419,Giorgio,Giorgio,NULL,PRON,nsubj,nsubj,zero_to_tgt_anchor,
2475,1184,one-to-many,dn_1212,hrd_1418 hrd_1419,Giorgio,MISSING,NULL,MISSING,nsubj,MISSING,leftover_source,
2476,1185,one-to-one,dn_1213,hrd_1420,Giorgio,Giorgio,PRON,PRON,nsubj,nsubj,explicit_full,
2477,1185,one-to-one,dn_1213,hrd_1420,Giorgio,Giorgio,NULL,NULL,nsubj,nsubj,zero_zero_single,
2478,1185,one-to-one,dn_1213,hrd_1420,Giorgio,MISSING,PRON,MISSING,obj,MISSING,leftover_source,
2479,1186,one-to-many,dn_1214,hrd_1421 hrd_1422,Giorgio,MISSING,NULL,MISSING,nsubj,MISSING,leftover_source,
2480,1187,one-to-many,dn_1215,hrd_1423 hrd_1424,Giorgio,Giorgio,DET,PRON,nmod,nmod,explicit_ref_case,
2481,1188,one-to-one,dn_1216,hrd_1425,Giorgio,Giorgio,PRON,PRON,obj,nmod,explicit_ref_pos,
2482,1188,one-to-one,dn_1216,hrd_1425,Giorgio,MISSING,PRON,MISSING,obj,MISSING,leftover_source,
2483,1188,one-to-one,dn_1216,hrd_1425,MISSING,Giorgio,MISSING,NULL,MISSING,nsubj,leftover_target,
2484,1188,one-to-one,dn_1216,hrd_1425,MISSING,Giorgio,MISSING,NULL,MISSING,nsubj,leftover_target,
2485,1188,one-to-one,dn_1216,hrd_1425,MISSING,Giorgio,MISSING,NULL,MISSING,nsubj,leftover_target,
2486,1190,one-to-one,dn_1218,hrd_1427,Giorgio,MISSING,NULL,MISSING,nsubj,MISSING,leftover_source,
2487,1190,one-to-one,dn_1218,hrd_1427,MISSING,Giorgio,MISSING,PRON,MISSING,obj,leftover_target,
2488,1191,one-to-one,dn_1219,hrd_1428,Giorgio,Giorgio,PRON,PRON,nsubj,nsubj,explicit_full,
2489,1191,one-to-one,dn_1219,hrd_1428,Giorgio,Giorgio,PRON,PRON,obj,obj,explicit_full,
2490,1191,one-to-one,dn_1219,hrd_1428,Giorgio,MISSING,PRON,MISSING,obj,MISSING,leftover_source,
2491,1193,one-to-many,dn_1221,hrd_1430 hrd_1431 hrd_1432,Giorgio,Giorgio,NULL,NULL,nsubj,nsubj,zero_zero_semantic,0.15635142730815071
2492,1193,one-to-many,dn_1221,hrd_1430 hrd_1431 hrd_1432,Giorgio,Giorgio,NULL,NULL,nsubj,nsubj,zero_zero_semantic,0.1498138857502786
2493,1193,one-to-many,dn_1221,hrd_1430 hrd_1431 hrd_1432,Ippolita,Ippolita,PRON,PRON,nmod,nmod,explicit_full,
2494,1194,many-to-one,dn_1222 dn_1223,hrd_1433,Giorgio,Giorgio,NULL,NULL,nsubj,nsubj,zero_zero_single,
2495,1194,many-to-one,dn_1222 dn_1223,hrd_1433,MISSING,Giorgio,MISSING,PRON,MISSING,nsubj,leftover_target,
2496,1194,many-to-one,dn_1222 dn_1223,hrd_1433,Ippolita,Ippolita,PRON,PRON,nsubj,nsubj,explicit_full,
2497,1194,many-to-one,dn_1222 dn_1223,hrd_1433,Ippolita,Ippolita,DET,PRON,nmod,nmod,explicit_ref_case,
2498,1195,one-to-one,dn_1224,hrd_1434,Giorgio,Giorgio,NULL,PRON,nsubj,nsubj,zero_to_tgt_anchor,
2499,1195,one-to-one,dn_1224,hrd_1434,Ippolita,Ippolita,PRON,PRON,obj,obj,explicit_full,
2500,1196,many-to-one,dn_1225 dn_1226,hrd_1435,Giorgio,Giorgio,NULL,NULL,nsubj,nsubj,zero_zero_single,
2501,1196,many-to-one,dn_1225 dn_1226,hrd_1435,Ippolita,Ippolita,DET,PRON,nmod,nmod,explicit_ref_case,
2502,1196,many-to-one,dn_1225 dn_1226,hrd_1435,Ippolita,Ippolita,DET,PRON,nmod,nmod,explicit_ref_case,
2503,1196,many-to-one,dn_1225 dn_1226,hrd_1435,Ippolita,Ippolita,DET,PRON,nmod,nmod,explicit_ref_case,
2504,1197,one-to-one,dn_1227,hrd_1436,Giorgio,MISSING,NULL,MISSING,nsubj,MISSING,leftover_source,
2505,1197,one-to-one,dn_1227,hrd_1436,Giorgio,MISSING,NULL,MISSING,nsubj,MISSING,leftover_source,
2506,1197,one-to-one,dn_1227,hrd_1436,MISSING,Giorgio,MISSING,PRON,MISSING,nmod,leftover_target,
2507,1197,one-to-one,dn_1227,hrd_1436,MISSING,Giorgio,MISSING,PRON,MISSING,obj,leftover_target,
2508,1197,one-to-one,dn_1227,hrd_1436,Ippolita,Ippolita,DET,PRON,nmod,nsubj,explicit_ref_only,
2509,1198,one-to-many,dn_1228,hrd_1437 hrd_1438 hrd_1439,Giorgio,Giorgio,PRON,PRON,nsubj,nsubj,explicit_full,
2510,1198,one-to-many,dn_1228,hrd_1437 hrd_1438 hrd_1439,Giorgio,MISSING,PRON,MISSING,obj,MISSING,leftover_source,
2511,1198,one-to-many,dn_1228,hrd_1437 hrd_1438 hrd_1439,Giorgio,MISSING,PRON,MISSING,obj,MISSING,leftover_source,
2512,1198,one-to-many,dn_1228,hrd_1437 hrd_1438 hrd_1439,Giorgio,MISSING,PRON,MISSING,obj,MISSING,leftover_source,
2513,1198,one-to-many,dn_1228,hrd_1437 hrd_1438 hrd_1439,Ippolita,Ippolita,PRON,PRON,nsubj,nsubj,explicit_full,
2514,1198,one-to-many,dn_1228,hrd_1437 hrd_1438 hrd_1439,Ippolita,Ippolita,DET,PRON,nmod,nmod,explicit_ref_case,
2515,1198,one-to-many,dn_1228,hrd_1437 hrd_1438 hrd_1439,Ippolita,Ippolita,NULL,NULL,nsubj,nsubj,zero_zero_semantic,0.12224532663822174
2516,1198,one-to-many,dn_1228,hrd_1437 hrd_1438 hrd_1439,Ippolita,Ippolita,NULL,NULL,nsubj,nsubj,zero_zero_semantic,0.17697240640508366
2517,1198,one-to-many,dn_1228,hrd_1437 hrd_1438 hrd_1439,Ippolita,Ippolita,NULL,NULL,nsubj,nsubj,zero_zero_semantic,0.3341476032074462
2518,1201,one-to-one,dn_1231,hrd_1442,Giorgio,Giorgio,PRON,PRON,nsubj,obj,explicit_ref_pos,
2519,1201,one-to-one,dn_1231,hrd_1442,Giorgio,MISSING,PRON,MISSING,nsubj,MISSING,leftover_source,
2520,1201,one-to-one,dn_1231,hrd_1442,Giorgio,MISSING,PRON,MISSING,nsubj,MISSING,leftover_source,
2521,1201,one-to-one,dn_1231,hrd_1442,Ippolita,Ippolita,PRON,PRON,obj,obj,explicit_full,
2522,1201,one-to-one,dn_1231,hrd_1442,Ippolita,Ippolita,PRON,PRON,obj,nmod,explicit_ref_pos,
2523,1201,one-to-one,dn_1231,hrd_1442,Ippolita,MISSING,PRON,MISSING,obj,MISSING,leftover_source,
2524,1204,one-to-one,dn_1234,hrd_1445,Ippolita,Ippolita,PRON,PRON,nsubj,nsubj,explicit_full,
2525,1204,one-to-one,dn_1234,hrd_1445,Ippolita,MISSING,NULL,MISSING,nsubj,MISSING,leftover_source,
2526,1205,one-to-one,dn_1235,hrd_1446,MISSING,Ippolita,MISSING,NULL,MISSING,nsubj,leftover_target,
2527,1206,one-to-one,dn_1236,hrd_1447,MISSING,Ippolita,MISSING,NULL,MISSING,nsubj,leftover_target,
2528,1207,one-to-one,dn_1237,hrd_1448,Giorgio,Giorgio,NULL,NULL,nsubj,nsubj,zero_zero_single,
2529,1207,one-to-one,dn_1237,hrd_1448,MISSING,Giorgio,MISSING,PRON,MISSING,nsubj,leftover_target,
2530,1208,one-to-one,dn_1238,hrd_1449,Giorgio,Giorgio,DET,PRON,nmod,nmod,explicit_ref_case,
2531,1209,one-to-many,dn_1239,hrd_1450 hrd_1451,Giorgio,Giorgio,PRON,PRON,obj,obj,explicit_full,
2532,1209,one-to-many,dn_1239,hrd_1450 hrd_1451,Giorgio,Giorgio,PRON,PRON,obj,obj,explicit_full,
2533,1209,one-to-many,dn_1239,hrd_1450 hrd_1451,Giorgio,Giorgio,PRON,PRON,nsubj,nmod,explicit_ref_pos,
2534,1209,one-to-many,dn_1239,hrd_1450 hrd_1451,Giorgio,Giorgio,PRON,PRON,nsubj,nmod,explicit_ref_pos,
2535,1209,one-to-many,dn_1239,hrd_1450 hrd_1451,MISSING,Giorgio,MISSING,NULL,MISSING,nsubj,leftover_target,
2536,1210,one-to-one,dn_1240,hrd_1452,Giorgio,Giorgio,NULL,PRON,nsubj,nsubj,zero_to_tgt_anchor,
2537,1212,one-to-one,dn_1242,hrd_1454,Giorgio,Giorgio,NULL,NULL,nsubj,nsubj,zero_zero_single,
2538,1212,one-to-one,dn_1242,hrd_1454,Giorgio,MISSING,PRON-REFLEX,MISSING,obj,MISSING,leftover_source,
2539,1213,one-to-one,dn_1243,hrd_1455,Ippolita,Ippolita,PROPN,PROPN,nsubj,nsubj,explicit_full,
2540,1214,one-to-one,dn_1244,hrd_1456,Ippolita,Ippolita,PRON,PRON,nsubj,nsubj,explicit_full,
2541,1215,one-to-one,dn_1245,hrd_1457,Giorgio,Giorgio,PROPN,PROPN,nsubj,nsubj,explicit_full,
2542,1215,one-to-one,dn_1245,hrd_1457,Giorgio,Giorgio,PRON,PRON,obj,nmod,explicit_ref_pos,
2543,1215,one-to-one,dn_1245,hrd_1457,Giorgio,Giorgio,NULL,NULL,nsubj,nsubj,zero_zero_single,
2544,1217,one-to-one,dn_1247,hrd_1459,Giorgio,Giorgio,PRON,PRON,obj,nmod,explicit_ref_pos,
2545,1218,one-to-one,dn_1248,hrd_1460,Giorgio,Giorgio,PRON,PRON,obj,obj,explicit_full,
2546,1218,one-to-one,dn_1248,hrd_1460,Ippolita,Ippolita,PROPN,PROPN,nmod,nmod,explicit_full,
2547,1219,one-to-one,dn_1249,hrd_1461,Giorgio,Giorgio,PRON,PRON,nsubj,nsubj,explicit_full,
2548,1220,one-to-one,dn_1250,hrd_1462,Giorgio,Giorgio,PRON,PRON,nsubj,nsubj,explicit_full,
2549,1220,one-to-one,dn_1250,hrd_1462,Giorgio,MISSING,NULL,MISSING,nsubj,MISSING,leftover_source,
2550,1221,one-to-many,dn_1251,hrd_1463 hrd_1464,Giorgio,Giorgio,PRON,NULL,nsubj,nsubj,zero_to_src_anchor,
2551,1221,one-to-many,dn_1251,hrd_1463 hrd_1464,Giorgio,MISSING,PRON,MISSING,obj,MISSING,leftover_source,
2552,1221,one-to-many,dn_1251,hrd_1463 hrd_1464,MISSING,Giorgio,MISSING,NULL,MISSING,nsubj,leftover_target,
2553,1221,one-to-many,dn_1251,hrd_1463 hrd_1464,Ippolita,Ippolita,PRON,PRON,nsubj,obj,explicit_ref_pos,
2554,1222,one-to-one,dn_1252,hrd_1465,Giorgio,Giorgio,PRON,PRON,obj,obj,explicit_full,
2555,1222,one-to-one,dn_1252,hrd_1465,Giorgio,Giorgio,NOUN,PRON,obj,obj,explicit_ref_case,
2556,1222,one-to-one,dn_1252,hrd_1465,Giorgio,MISSING,NOUN,MISSING,obj,MISSING,leftover_source,
2557,1222,one-to-one,dn_1252,hrd_1465,MISSING,Giorgio,MISSING,NULL,MISSING,nsubj,leftover_target,
2558,1223,one-to-many,dn_1253,hrd_1466 hrd_1467,Giorgio,Giorgio,PRON,PRON,nsubj,nsubj,explicit_full,
2559,1223,one-to-many,dn_1253,hrd_1466 hrd_1467,Giorgio,Giorgio,NOUN,NOUN,obj,obj,explicit_full,
2560,1223,one-to-many,dn_1253,hrd_1466 hrd_1467,Giorgio,Giorgio,DET,PRON,nmod,nmod,explicit_ref_case,
2561,1223,one-to-many,dn_1253,hrd_1466 hrd_1467,Giorgio,Giorgio,PRON,PRON,obj,nmod,explicit_ref_pos,
2562,1223,one-to-many,dn_1253,hrd_1466 hrd_1467,Giorgio,MISSING,NULL,MISSING,nsubj,MISSING,leftover_source,
2563,1223,one-to-many,dn_1253,hrd_1466 hrd_1467,Giorgio,MISSING,NULL,MISSING,nsubj,MISSING,leftover_source,
2564,1223,one-to-many,dn_1253,hrd_1466 hrd_1467,Giorgio,MISSING,NULL,MISSING,nsubj,MISSING,leftover_source,
2565,1225,one-to-one,dn_1255,hrd_1469,Giorgio,MISSING,NOUN,MISSING,nmod,MISSING,leftover_source,
2566,1226,one-to-one,dn_1256,hrd_1470,Giorgio,Giorgio,PRON,PRON,nsubj,nsubj,explicit_full,
2567,1230,one-to-one,dn_1260,hrd_1475,Giorgio,Giorgio,PROPN,PROPN,nsubj,nsubj,explicit_full,
2568,1232,one-to-one,dn_1262,hrd_1477,Giorgio,Giorgio,DET,PRON,nmod,nmod,explicit_ref_case,
2569,1233,one-to-one,dn_1263,hrd_1478,Giorgio,Giorgio,DET,PRON,nmod,nmod,explicit_ref_case,
2570,1234,one-to-one,dn_1264,hrd_1479,Giorgio,Giorgio,PRON,PRON,nsubj,nsubj,explicit_full,
2571,1234,one-to-one,dn_1264,hrd_1479,Giorgio,Giorgio,PRON,PRON,nsubj,nsubj,explicit_full,
2572,1234,one-to-one,dn_1264,hrd_1479,Giorgio,Giorgio,DET,PRON,nmod,nmod,explicit_ref_case,
2573,1234,one-to-one,dn_1264,hrd_1479,MISSING,Giorgio,MISSING,PRON,MISSING,nmod,leftover_target,
2574,1235,one-to-one,dn_1265,hrd_1480,Giorgio,Giorgio,NULL,NULL,nsubj,nsubj,zero_zero_semantic,0.2567645846717764
2575,1235,one-to-one,dn_1265,hrd_1480,Giorgio,Giorgio,PRON,NULL,nsubj,nsubj,zero_to_src_anchor,
2576,1235,one-to-one,dn_1265,hrd_1480,MISSING,Giorgio,MISSING,NULL,MISSING,nsubj,leftover_target,
2577,1236,one-to-one,dn_1266,hrd_1481,Giorgio,Giorgio,NULL,NULL,nsubj,nsubj,zero_zero_single,
2578,1237,one-to-one,dn_1267,hrd_1482,Giorgio,Giorgio,PRON,PRON,nsubj,nsubj,explicit_full,
2579,1237,one-to-one,dn_1267,hrd_1482,MISSING,Giorgio,MISSING,NULL,MISSING,nsubj,leftover_target,
2580,1237,one-to-one,dn_1267,hrd_1482,Ippolita,Ippolita,PRON,PRON,obj,obj,explicit_full,
2581,1238,one-to-one,dn_1268,hrd_1483,Ippolita,Ippolita,DET,PRON,nmod,nmod,explicit_ref_case,
2582,1239,one-to-one,dn_1269 dn_1270 dn_1271,hrd_1484 hrd_1485 hrd_1486,Giorgio,Giorgio,PRON,PRON,nsubj,nsubj,explicit_full,
2583,1239,one-to-one,dn_1269 dn_1270 dn_1271,hrd_1484 hrd_1485 hrd_1486,MISSING,Giorgio,MISSING,NULL,MISSING,nsubj,leftover_target,
2584,1239,one-to-one,dn_1269 dn_1270 dn_1271,hrd_1484 hrd_1485 hrd_1486,Ippolita,Ippolita,PRON,PRON,nsubj,nsubj,explicit_full,
2585,1239,one-to-one,dn_1269 dn_1270 dn_1271,hrd_1484 hrd_1485 hrd_1486,Ippolita,Ippolita,PRON,PRON,obj,obj,explicit_full,
2586,1239,one-to-one,dn_1269 dn_1270 dn_1271,hrd_1484 hrd_1485 hrd_1486,Ippolita,Ippolita,NULL,NULL,nsubj,nsubj,zero_zero_semantic,0.29446938525212196
2587,1239,one-to-one,dn_1269 dn_1270 dn_1271,hrd_1484 hrd_1485 hrd_1486,Ippolita,Ippolita,NULL,NULL,nsubj,nsubj,zero_zero_semantic,0.10681288885882942
2588,1239,one-to-one,dn_1269 dn_1270 dn_1271,hrd_1484 hrd_1485 hrd_1486,Ippolita,Ippolita,PRON,NULL,nsubj,nsubj,zero_to_src_anchor,
2589,1239,one-to-one,dn_1269 dn_1270 dn_1271,hrd_1484 hrd_1485 hrd_1486,Ippolita,MISSING,PRON,MISSING,obj,MISSING,leftover_source,
2590,1239,one-to-one,dn_1269 dn_1270 dn_1271,hrd_1484 hrd_1485 hrd_1486,Ippolita,MISSING,PRON,MISSING,obj,MISSING,leftover_source,
2591,1239,one-to-one,dn_1269 dn_1270 dn_1271,hrd_1484 hrd_1485 hrd_1486,Ippolita,MISSING,PRON,MISSING,obj,MISSING,leftover_source,
2592,1239,one-to-one,dn_1269 dn_1270 dn_1271,hrd_1484 hrd_1485 hrd_1486,Ippolita,MISSING,PRON,MISSING,obj,MISSING,leftover_source,
2593,1240,one-to-one,dn_1272,hrd_1487,Giorgio,Giorgio,PRON,PRON,nsubj,nsubj,explicit_full,
2594,1240,one-to-one,dn_1272,hrd_1487,Giorgio,MISSING,PRON-REFLEX,MISSING,obj,MISSING,leftover_source,
2595,1241,one-to-one,dn_1273,hrd_1488,Ippolita,Ippolita,DET,PRON,nmod,nmod,explicit_ref_case,
2596,1241,one-to-one,dn_1273,hrd_1488,Ippolitas-husband,Ippolitas-husband,NOUN,NOUN,nsubj,nsubj,explicit_full,
2597,1241,one-to-one,dn_1273,hrd_1488,Ippolitas-husband,MISSING,NULL,MISSING,nsubj,MISSING,leftover_source,
2598,1241,one-to-one,dn_1273,hrd_1488,Ippolitas-husbands-female-friend,Ippolitas-husbands-female-friend,NOUN,NOUN,obj,obj,explicit_full,
2599,1241,one-to-one,dn_1273,hrd_1488,Ippolitas-husbands-male-friend,Ippolitas-husbands-male-friend,NOUN,NOUN,obj,obj,explicit_full,
2600,1242,one-to-one,dn_1274,hrd_1489,Ippolita,Ippolita,PRON,PRON,obj,obj,explicit_full,
2601,1242,one-to-one,dn_1274,hrd_1489,Ippolitas-husband Ippolitas-husbands-male-friend Ippolitas-husbands-female-friend,Ippolitas-husband Ippolitas-husbands-male-friend Ippolitas-husbands-female-friend,NULL,PRON,nsubj,nsubj,zero_to_tgt_anchor,
2602,1243,one-to-one,dn_1275,hrd_1490,Giorgio,Giorgio,PRON,PRON,obj,obj,explicit_full,
2603,1243,one-to-one,dn_1275,hrd_1490,Giorgio,Giorgio,NULL,NULL,nsubj,nsubj,zero_zero_semantic,0.34545809599363325
2604,1243,one-to-one,dn_1275,hrd_1490,Giorgio,Giorgio,NULL,PRON,nsubj,nsubj,zero_to_tgt_anchor,
2605,1243,one-to-one,dn_1275,hrd_1490,Giorgio,MISSING,PRON-REFLEX,MISSING,obj,MISSING,leftover_source,
2606,1244,one-to-one,dn_1276,hrd_1491,Giorgio,Giorgio,PRON,PRON,obj,obj,explicit_full,
2607,1244,one-to-one,dn_1276,hrd_1491,Ippolitas-husband Ippolitas-husbands-male-friend Ippolitas-husbands-female-friend,Ippolitas-husband Ippolitas-husbands-male-friend Ippolitas-husbands-female-friend,NOUN,NOUN,nmod,nsubj,explicit_ref_pos,
2608,1244,one-to-one,dn_1276,hrd_1491,Ippolitas-husband Ippolitas-husbands-male-friend Ippolitas-husbands-female-friend,MISSING,NULL,MISSING,nsubj,MISSING,leftover_source,
2609,1245,one-to-one,dn_1277,hrd_1492,Giorgio,Giorgio,PRON,PRON,obj,nmod,explicit_ref_pos,
2610,1245,one-to-one,dn_1277,hrd_1492,Ippolita,Ippolita,PRON,PRON,nsubj,nmod,explicit_ref_pos,
2611,1245,one-to-one,dn_1277,hrd_1492,Ippolita,MISSING,NULL,MISSING,nsubj,MISSING,leftover_source,
2612,1245,one-to-one,dn_1277,hrd_1492,Ippolitas-husband Ippolitas-husbands-male-friend Ippolitas-husbands-female-friend,Ippolitas-husband Ippolitas-husbands-male-friend Ippolitas-husbands-female-friend,PRON,PRON,nsubj,nsubj,explicit_full,
2613,1246,one-to-one,dn_1278,hrd_1493,Giorgio,Giorgio,NULL,NULL,nsubj,nsubj,zero_zero_semantic,0.47246745434994436
2614,1246,one-to-one,dn_1278,hrd_1493,Giorgio,Giorgio,PRON,NULL,nsubj,nsubj,zero_to_src_anchor,
2615,1246,one-to-one,dn_1278,hrd_1493,Ippolita,Ippolita,PROPN,PROPN,obj,obj,explicit_full,
2616,1246,one-to-one,dn_1278,hrd_1493,MISSING,Ippolita,MISSING,NULL,MISSING,nsubj,leftover_target,
2617,1246,one-to-one,dn_1278,hrd_1493,Ippolitas-husband,Ippolitas-husband,NOUN,NOUN,obj,nmod,explicit_ref_pos,
2618,1246,one-to-one,dn_1278,hrd_1493,Ippolitas-husbands-female-friend,Ippolitas-husbands-female-friend,NOUN,NOUN,obj,obj,explicit_full,
2619,1246,one-to-one,dn_1278,hrd_1493,Ippolitas-husbands-male-friend,Ippolitas-husbands-male-friend,NOUN,NOUN,obj,nmod,explicit_ref_pos,
2620,1247,one-to-many,dn_1279,hrd_1494 hrd_1495 hrd_1496,Giorgio,Giorgio,PRON,PRON,nsubj,nsubj,explicit_full,
2621,1247,one-to-many,dn_1279,hrd_1494 hrd_1495 hrd_1496,Giorgio,Giorgio,NULL,NULL,nsubj,nsubj,zero_zero_semantic,0.1913088092832234
2622,1247,one-to-many,dn_1279,hrd_1494 hrd_1495 hrd_1496,Giorgio,Giorgio,NULL,NULL,nsubj,nsubj,zero_zero_semantic,0.2880026046271809
2623,1247,one-to-many,dn_1279,hrd_1494 hrd_1495 hrd_1496,Ippolita,Ippolita,NOUN,NOUN,nsubj,obj,explicit_ref_pos,
2624,1247,one-to-many,dn_1279,hrd_1494 hrd_1495 hrd_1496,MISSING,Ippolita,MISSING,NULL,MISSING,nsubj,leftover_target,
2625,1247,one-to-many,dn_1279,hrd_1494 hrd_1495 hrd_1496,Ippolitas-husband Ippolitas-husbands-male-friend Ippolitas-husbands-female-friend,Ippolitas-husband Ippolitas-husbands-male-friend Ippolitas-husbands-female-friend,DET,NOUN,nmod,nmod,explicit_ref_case,
2626,1247,one-to-many,dn_1279,hrd_1494 hrd_1495 hrd_1496,Ippolitas-husband Ippolitas-husbands-male-friend Ippolitas-husbands-female-friend,Ippolitas-husband Ippolitas-husbands-male-friend Ippolitas-husbands-female-friend,DET,PRON,nmod,nmod,explicit_ref_case,
2627,1247,one-to-many,dn_1279,hrd_1494 hrd_1495 hrd_1496,Ippolitas-husband Ippolitas-husbands-male-friend Ippolitas-husbands-female-friend,Ippolitas-husband Ippolitas-husbands-male-friend Ippolitas-husbands-female-friend,DET,PRON,nmod,nmod,explicit_ref_case,
2628,1247,one-to-many,dn_1279,hrd_1494 hrd_1495 hrd_1496,Ippolitas-husband Ippolitas-husbands-male-friend Ippolitas-husbands-female-friend,Ippolitas-husband Ippolitas-husbands-male-friend Ippolitas-husbands-female-friend,DET,PRON,nmod,nmod,explicit_ref_case,
2629,1247,one-to-many,dn_1279,hrd_1494 hrd_1495 hrd_1496,Ippolitas-husband Ippolitas-husbands-male-friend Ippolitas-husbands-female-friend,Ippolitas-husband Ippolitas-husbands-male-friend Ippolitas-husbands-female-friend,PRON,PRON,obj,nsubj,explicit_ref_pos,
2630,1248,one-to-one,dn_1280,hrd_1497,Giorgio,Giorgio,NULL,NULL,nsubj,nsubj,zero_zero_single,
2631,1249,one-to-one,dn_1281,hrd_1498,Giorgio,Giorgio,NULL,PRON,nsubj,nsubj,zero_to_tgt_anchor,
2632,1250,one-to-one,dn_1282,hrd_1499,Giorgio,Giorgio,NULL,PRON,nsubj,nsubj,zero_to_tgt_anchor,
2633,1250,one-to-one,dn_1282,hrd_1499,Ippolita,Ippolita,PRON,PRON,obj,obj,explicit_full,
2634,1251,one-to-one,dn_1283,hrd_1500,Giorgio,Giorgio,NULL,PRON,nsubj,nsubj,zero_to_tgt_anchor,
2635,1252,one-to-one,dn_1284,hrd_1501,Giorgio,Giorgio,NULL,NULL,nsubj,nsubj,zero_zero_semantic,0.21437124995624318
2636,1252,one-to-one,dn_1284,hrd_1501,Giorgio,Giorgio,NULL,NULL,nsubj,nsubj,zero_zero_semantic,0.04608855002066668
2637,1255,one-to-one,dn_1287,hrd_1504,Giorgio,Giorgio,NULL,NULL,nsubj,nsubj,zero_zero_single,
2638,1255,one-to-one,dn_1287,hrd_1504,Ippolita,Ippolita,PRON,PRON,obj,obj,explicit_full,
2639,1255,one-to-one,dn_1287,hrd_1504,Ippolita,MISSING,PRON,MISSING,obj,MISSING,leftover_source,
2640,1257,one-to-one,dn_1289,hrd_1506,Giorgio,Giorgio,PRON,PRON,obj,obj,explicit_full,
2641,1257,one-to-one,dn_1289,hrd_1506,Ippolita,Ippolita,PRON,PRON,nsubj,nsubj,explicit_full,
2642,1257,one-to-one,dn_1289,hrd_1506,Ippolita,MISSING,NULL,MISSING,nsubj,MISSING,leftover_source,
2643,1258,one-to-one,dn_1290,hrd_1507,Ippolita,Ippolita,NULL,NULL,nsubj,nsubj,zero_zero_single,
2644,1259,one-to-one,dn_1291,hrd_1508,Ippolita,Ippolita,PRON,PRON,nsubj,nsubj,explicit_full,
2645,1260,one-to-one,dn_1292,hrd_1509,Ippolita,Ippolita,NULL,NULL,nsubj,nsubj,zero_zero_single,
2646,1261,one-to-one,dn_1293,hrd_1510,Ippolita,Ippolita,NULL,NULL,nsubj,nsubj,zero_zero_single,
2647,1262,one-to-one,dn_1294,hrd_1511,Giorgio,Giorgio,PRON,PRON,nsubj,nsubj,explicit_full,
2648,1263,one-to-one,dn_1295,hrd_1512,Giorgio,Giorgio,NULL,PRON,nsubj,nsubj,zero_to_tgt_anchor,
2649,1263,one-to-one,dn_1295,hrd_1512,Giorgio,MISSING,NULL,MISSING,nsubj,MISSING,leftover_source,
2650,1263,one-to-one,dn_1295,hrd_1512,Ippolita,Ippolita,PRON,PRON,obj,obj,explicit_full,
2651,1264,one-to-many,dn_1296,hrd_1513 hrd_1514,Giorgio,Giorgio,NULL,NULL,nsubj,nsubj,zero_zero_semantic,0.22403551346581915
2652,1264,one-to-many,dn_1296,hrd_1513 hrd_1514,Giorgio,Giorgio,NULL,PRON,nsubj,nsubj,zero_to_tgt_anchor,
2653,1264,one-to-many,dn_1296,hrd_1513 hrd_1514,Giorgio,MISSING,NULL,MISSING,nsubj,MISSING,leftover_source,
2654,1265,one-to-one,dn_1297,hrd_1515,Giorgio,Giorgio,NULL,PRON,nsubj,nsubj,zero_to_tgt_anchor,
2655,1267,one-to-one,dn_1299,hrd_1517,Ippolita,Ippolita,PROPN,PROPN,nsubj,nsubj,explicit_full,
2656,1268,one-to-one,dn_1300,hrd_1518,Ippolita,Ippolita,PRON,PRON,nsubj,nsubj,explicit_full,
2657,1268,one-to-one,dn_1300,hrd_1518,Ippolita,MISSING,NULL,MISSING,nsubj,MISSING,leftover_source,
2658,1270,one-to-one,dn_1302,hrd_1520,Giorgio,Giorgio,PRON,PRON,nsubj,nsubj,explicit_full,
2659,1272,one-to-one,dn_1304,hrd_1522,Giorgio,MISSING,NULL,MISSING,nsubj,MISSING,leftover_source,
2660,1272,one-to-one,dn_1304,hrd_1522,MISSING,Giorgio Ippolita,MISSING,PRON,MISSING,nsubj,leftover_target,
2661,1272,one-to-one,dn_1304,hrd_1522,MISSING,Giorgio Ippolita,MISSING,NULL,MISSING,nsubj,leftover_target,
2662,1273,one-to-one,dn_1305,hrd_1523,Giorgio,Giorgio,NULL,PRON,nsubj,nsubj,zero_to_tgt_anchor,
2663,1273,one-to-one,dn_1305,hrd_1523,Ippolita,Ippolita,DET,PRON,nmod,nmod,explicit_ref_case,
2664,1273,one-to-one,dn_1305,hrd_1523,Ippolita,MISSING,DET,MISSING,nmod,MISSING,leftover_source,
2665,1274,one-to-one,dn_1306,hrd_1524,Giorgio,Giorgio,NULL,NULL,nsubj,nsubj,zero_zero_single,
2666,1274,one-to-one,dn_1306,hrd_1524,Ippolita,MISSING,PRON,MISSING,obj,MISSING,leftover_source,
2667,1275,one-to-one,dn_1307,hrd_1525,Giorgio,Giorgio,NULL,NULL,nsubj,nsubj,zero_zero_single,
2668,1277,one-to-one,dn_1309,hrd_1527,Ippolita,Ippolita,DET,PRON,nmod,nmod,explicit_ref_case,
2669,1280,one-to-many,dn_1312,hrd_1530 hrd_1531,Giorgio Ippolita,Giorgio Ippolita,NULL,PRON,nsubj,nsubj,zero_to_tgt_anchor,
2670,1280,one-to-many,dn_1312,hrd_1530 hrd_1531,Giorgio Ippolita,MISSING,PRON-REFLEX,MISSING,obj,MISSING,leftover_source,
2671,1281,one-to-one,dn_1313,hrd_1532,Giorgio,Giorgio,NULL,NULL,nsubj,nsubj,zero_zero_single,
2672,1281,one-to-one,dn_1313,hrd_1532,Giorgio,MISSING,PRON-REFLEX,MISSING,obj,MISSING,leftover_source,
2673,1282,one-to-one,dn_1314,hrd_1533,Giorgio Ippolita,Giorgio Ippolita,NULL,NULL,nsubj,nsubj,zero_zero_single,
2674,1283,one-to-one,dn_1315,hrd_1534,Ippolitas-sister-in-law,Ippolitas-sister-in-law,NOUN,NOUN,nsubj,vocative,explicit_ref_pos,
2675,1284,one-to-one,dn_1316,hrd_1535,Giorgio,Giorgio,NULL,NULL,nsubj,nsubj,zero_zero_single,
2676,1284,one-to-one,dn_1316,hrd_1535,Giorgio,MISSING,PRON-REFLEX,MISSING,obj,MISSING,leftover_source,
2677,1284,one-to-one,dn_1316,hrd_1535,MISSING,Giorgio Ippolita,MISSING,NULL,MISSING,nsubj,leftover_target,
2678,1285,one-to-one,dn_1317,hrd_1536,Giorgio,Giorgio,PRON,PRON,nsubj,nsubj,explicit_full,
2679,1287,one-to-one,dn_1319,hrd_1538,Giorgio Ippolita,Giorgio Ippolita,PRON,NOUN,nsubj,nsubj,explicit_ref_case,
2680,1287,one-to-one,dn_1319,hrd_1538,MISSING,Giorgio Ippolita,MISSING,NULL,MISSING,nsubj,leftover_target,
2681,1288,one-to-one,dn_1320 dn_1321,hrd_1539 hrd_1540,Giorgio,Giorgio,PRON,PRON,obj,nmod,explicit_ref_pos,
2682,1288,one-to-one,dn_1320 dn_1321,hrd_1539 hrd_1540,Giorgio,Giorgio,NULL,NULL,nsubj,nsubj,zero_zero_single,
2683,1290,one-to-one,dn_1323,hrd_1542,Giorgio,Giorgio,NULL,PRON,nsubj,nsubj,zero_to_tgt_anchor,
2684,1291,one-to-one,dn_1324,hrd_1543,Ippolita,Ippolita,NULL,PRON,nsubj,nsubj,zero_to_tgt_anchor,
2685,1292,one-to-one,dn_1325,hrd_1544,Ippolita,Ippolita,PRON,PRON,nsubj,nsubj,explicit_full,
2686,1293,one-to-many,dn_1326,hrd_1545 hrd_1546 hrd_1547,Giorgio Ippolita,Giorgio Ippolita,DET,PRON,nmod,nmod,explicit_ref_case,
2687,1293,one-to-many,dn_1326,hrd_1545 hrd_1546 hrd_1547,Giorgio Ippolita,Giorgio Ippolita,NULL,NULL,nsubj,nsubj,zero_zero_single,
2688,1294,one-to-one,dn_1327,hrd_1548,Giorgio Ippolita,MISSING,NULL,MISSING,nsubj,MISSING,leftover_source,
2689,1295,one-to-one,dn_1328,hrd_1549,Giorgio,Giorgio,PRON,PRON,obj,obj,explicit_full,
2690,1295,one-to-one,dn_1328,hrd_1549,Giorgio,Giorgio,PRON,PRON,obj,nsubj,explicit_ref_pos,
2691,1295,one-to-one,dn_1328,hrd_1549,Giorgio,Giorgio,NULL,NULL,nsubj,nsubj,zero_zero_single,
2692,1296,one-to-one,dn_1329,hrd_1550,MISSING,Giorgio,MISSING,PRON,MISSING,nsubj,leftover_target,
2693,1297,one-to-one,dn_1330,hrd_1551,Giorgio,Giorgio,DET,PRON,nmod,nmod,explicit_ref_case,
2694,1297,one-to-one,dn_1330,hrd_1551,Giorgio,MISSING,NULL,MISSING,nsubj,MISSING,leftover_source,
2695,1297,one-to-one,dn_1330,hrd_1551,Ippolita,Ippolita,PRON,PRON,nsubj,nsubj,explicit_full,
2696,1297,one-to-one,dn_1330,hrd_1551,MISSING,Ippolita,MISSING,NULL,MISSING,nsubj,leftover_target,
2697,1299,one-to-one,dn_1332,hrd_1553,Ippolita,Ippolita,DET,PRON,nmod,nmod,explicit_ref_case,
2698,1300,one-to-one,dn_1333,hrd_1554,Ippolita,Ippolita,DET,PRON,nmod,nmod,explicit_ref_case,
2699,1301,one-to-one,dn_1334,hrd_1555,CaterinaCornaro,CaterinaCornaro,PROPN,NOUN,nsubj,nsubj,explicit_ref_case,
2700,1301,one-to-one,dn_1334,hrd_1555,CaterinaCornaro,CaterinaCornaro,NULL,NULL,nsubj,nsubj,zero_zero_single,
2701,1301,one-to-one,dn_1334,hrd_1555,Giorgio,Giorgio,PRON,PRON,nsubj,nsubj,explicit_full,
2702,1301,one-to-one,dn_1334,hrd_1555,Giorgio,Giorgio,NULL,NULL,nsubj,nsubj,zero_zero_semantic,0.18555391569266594
2703,1301,one-to-one,dn_1334,hrd_1555,Giorgio,MISSING,NULL,MISSING,nsubj,MISSING,leftover_source,
2704,1301,one-to-one,dn_1334,hrd_1555,Ippolita,Ippolita,PRON,PRON,obj,obj,explicit_full,
2705,1302,one-to-many,dn_1335,hrd_1556 hrd_1557,CaterinaCornaro,CaterinaCornaro,NOUN,NOUN,nmod,nmod,explicit_full,
2706,1302,one-to-many,dn_1335,hrd_1556 hrd_1557,Giorgio,Giorgio,DET,PRON,nmod,nmod,explicit_ref_case,
2707,1302,one-to-many,dn_1335,hrd_1556 hrd_1557,Giorgio,Giorgio,NULL,PRON,nsubj,nsubj,zero_to_tgt_anchor,
2708,1302,one-to-many,dn_1335,hrd_1556 hrd_1557,Giorgio,MISSING,NULL,MISSING,nsubj,MISSING,leftover_source,
2709,1303,one-to-one,dn_1336,hrd_1558,Ippolita,Ippolita,PRON,PRON,nsubj,nsubj,explicit_full,
2710,1303,one-to-one,dn_1336,hrd_1558,Ippolita,MISSING,PRON-REFLEX,MISSING,obj,MISSING,leftover_source,
2711,1303,one-to-one,dn_1336,hrd_1558,MISSING,Ippolita,MISSING,NULL,MISSING,nsubj,leftover_target,
2712,1304,one-to-one,dn_1337,hrd_1559,Ippolita,Ippolita,PROPN,PROPN,vocative,vocative,explicit_full,
2713,1305,one-to-many,dn_1338,hrd_1560 hrd_1561,Giorgio,Giorgio,PRON,PRON,nsubj,nsubj,explicit_full,
2714,1305,one-to-many,dn_1338,hrd_1560 hrd_1561,Ippolita,Ippolita,PRON,PRON,nsubj,nsubj,explicit_full,
2715,1305,one-to-many,dn_1338,hrd_1560 hrd_1561,Ippolita,Ippolita,DET,PRON,nmod,nmod,explicit_ref_case,
2716,1305,one-to-many,dn_1338,hrd_1560 hrd_1561,Ippolita,Ippolita,DET,PRON,nmod,nmod,explicit_ref_case,
2717,1307,one-to-one,dn_1340,hrd_1563,PaoloVeronese,PaoloVeronese,PROPN,PROPN,nmod,nmod,explicit_full,
2718,1308,many-to-one,dn_1341 dn_1342,hrd_1564,Giorgio,MISSING,PRON,MISSING,obj,MISSING,leftover_source,
2719,1308,many-to-one,dn_1341 dn_1342,hrd_1564,Giorgio Ippolita,Giorgio Ippolita,DET,PRON,nmod,nmod,explicit_ref_case,
2720,1308,many-to-one,dn_1341 dn_1342,hrd_1564,Giorgio Ippolita,Giorgio Ippolita,NULL,PRON,nsubj,nsubj,zero_to_tgt_anchor,
2721,1308,many-to-one,dn_1341 dn_1342,hrd_1564,PaoloVeronese,PaoloVeronese,PROPN,PROPN,nsubj,nmod,explicit_ref_pos,
2722,1309,one-to-many,dn_1343,hrd_1565 hrd_1566,Giorgio Ippolita,Giorgio Ippolita,NULL,NULL,nsubj,nsubj,zero_zero_semantic,0.2714885477551724
2723,1309,one-to-many,dn_1343,hrd_1565 hrd_1566,Giorgio Ippolita,MISSING,PRON,MISSING,obj,MISSING,leftover_source,
2724,1309,one-to-many,dn_1343,hrd_1565 hrd_1566,MISSING,Giorgio Ippolita,MISSING,NULL,MISSING,nsubj,leftover_target,
2725,1309,one-to-many,dn_1343,hrd_1565 hrd_1566,MISSING,Giorgio Ippolita,MISSING,NULL,MISSING,nsubj,leftover_target,
2726,1310,one-to-one,dn_1344,hrd_1567,MISSING,Giorgio,MISSING,NULL,MISSING,nsubj,leftover_target,
2727,1310,one-to-one,dn_1344,hrd_1567,Ippolita,MISSING,NULL,MISSING,nsubj,MISSING,leftover_source,
2728,1311,one-to-one,dn_1345,hrd_1568,Giorgio Ippolita,MISSING,PRON-REFLEX,MISSING,obj,MISSING,leftover_source,
2729,1311,one-to-one,dn_1345,hrd_1568,Giorgio Ippolita,MISSING,NULL,MISSING,nsubj,MISSING,leftover_source,
2730,1311,one-to-one,dn_1345,hrd_1568,Giorgio Ippolita,MISSING,PRON-REFLEX,MISSING,obj,MISSING,leftover_source,
2731,1311,one-to-one,dn_1345,hrd_1568,Giorgio Ippolita,MISSING,NULL,MISSING,nsubj,MISSING,leftover_source,
2732,1311,one-to-one,dn_1345,hrd_1568,MISSING,Giorgio Ippolita,MISSING,PRON,MISSING,nmod,leftover_target,
2733,1311,one-to-one,dn_1345,hrd_1568,MISSING,Giorgio Ippolita,MISSING,PRON,MISSING,nmod,leftover_target,
2734,1313,one-to-one,dn_1347,hrd_1570,Ippolita,Ippolita,PRON,PRON,nsubj,nsubj,explicit_full,
2735,1314,many-to-one,dn_1348 dn_1349,hrd_1571,Giorgio,MISSING,NULL,MISSING,nsubj,MISSING,leftover_source,
2736,1315,one-to-one,dn_1350,hrd_1572,Ippolita,Ippolita,PROPN,PROPN,nsubj,nsubj,explicit_full,
2737,1316,one-to-one,dn_1351,hrd_1573,Giorgio,Giorgio,PRON,PRON,nsubj,nsubj,explicit_full,
2738,1316,one-to-one,dn_1351,hrd_1573,Ippolita,Ippolita,DET,PRON,nmod,nmod,explicit_ref_case,
2739,1317,one-to-one,dn_1352,hrd_1574,Ippolita,Ippolita,NULL,NULL,nsubj,nsubj,zero_zero_semantic,0.27888917005979097
2740,1317,one-to-one,dn_1352,hrd_1574,Ippolita,MISSING,DET,MISSING,nmod,MISSING,leftover_source,
2741,1317,one-to-one,dn_1352,hrd_1574,MISSING,Ippolita,MISSING,NULL,MISSING,nsubj,leftover_target,
2742,1318,one-to-one,dn_1353,hrd_1575,Ippolita,Ippolita,NULL,NULL,nsubj,nsubj,zero_zero_single,
2743,1319,one-to-one,dn_1354,hrd_1576,Ippolita,Ippolita,NULL,NULL,nsubj,nsubj,zero_zero_semantic,0.3092015912135442
2744,1319,one-to-one,dn_1354,hrd_1576,Ippolita,MISSING,NULL,MISSING,nsubj,MISSING,leftover_source,
2745,1320,one-to-one,dn_1355,hrd_1577,Giorgio,MISSING,PRON,MISSING,obj,MISSING,leftover_source,
2746,1320,one-to-one,dn_1355,hrd_1577,MISSING,Giorgio Ippolita,MISSING,PRON,MISSING,obj,leftover_target,
2747,1320,one-to-one,dn_1355,hrd_1577,MISSING,Giorgio Ippolita,MISSING,NOUN,MISSING,obj,leftover_target,
2748,1320,one-to-one,dn_1355,hrd_1577,Ippolita,Ippolita,NULL,PRON,nsubj,nsubj,zero_to_tgt_anchor,
2749,1320,one-to-one,dn_1355,hrd_1577,Ippolita,Ippolita,PRON-REFLEX,PRON,obj,obj,reflex_obj,
2750,1320,one-to-one,dn_1355,hrd_1577,Ippolita,MISSING,NULL,MISSING,nsubj,MISSING,leftover_source,
2751,1321,one-to-one,dn_1356,hrd_1578,Giorgio,Giorgio,NULL,NULL,nsubj,nsubj,zero_zero_single,
2752,1321,one-to-one,dn_1356,hrd_1578,Giorgio,MISSING,PRON-REFLEX,MISSING,obj,MISSING,leftover_source,
2753,1322,one-to-one,dn_1357,hrd_1579,Giorgio,MISSING,PRON,MISSING,obj,MISSING,leftover_source,
2754,1322,one-to-one,dn_1357,hrd_1579,Ippolita,Ippolita,PRON,PRON,obj,obj,explicit_full,
2755,1322,one-to-one,dn_1357,hrd_1579,Ippolita,Ippolita,NULL,NULL,nsubj,nsubj,zero_zero_semantic,0.3697426041278853
2756,1322,one-to-one,dn_1357,hrd_1579,Ippolita,MISSING,NULL,MISSING,nsubj,MISSING,leftover_source,
2757,1323,one-to-one,dn_1358,hrd_1580,Giorgio,Giorgio,PRON,PRON,nsubj,nsubj,explicit_full,
2758,1323,one-to-one,dn_1358,hrd_1580,Ippolita,Ippolita,PRON,PRON,obj,obj,explicit_full,
2759,1324,one-to-one,dn_1359,hrd_1581,Giorgio,Giorgio,PRON,NULL,nsubj,nsubj,zero_to_src_anchor,
2760,1324,one-to-one,dn_1359,hrd_1581,Ippolita,Ippolita,PRON,PRON,nsubj,nsubj,explicit_full,
2761,1324,one-to-one,dn_1359,hrd_1581,MISSING,Ippolita,MISSING,NULL,MISSING,nsubj,leftover_target,
2762,1329,one-to-one,dn_1364,hrd_1586,Giorgio,Giorgio,DET,PRON,nmod,nmod,explicit_ref_case,
2763,1329,one-to-one,dn_1364,hrd_1586,Ippolita,Ippolita,PRON,PRON,nsubj,nsubj,explicit_full,
2764,1330,one-to-one,dn_1365,hrd_1587,Ippolita,Ippolita,PRON,PRON,nsubj,nsubj,explicit_full,
2765,1330,one-to-one,dn_1365,hrd_1587,Ippolita,MISSING,PRON-REFLEX,MISSING,obj,MISSING,leftover_source,
2766,1331,one-to-one,dn_1366,hrd_1588,Giorgio,Giorgio,PROPN,PROPN,nsubj,nsubj,explicit_full,
2767,1331,one-to-one,dn_1366,hrd_1588,Ippolita,Ippolita,PRON,PRON,obj,nmod,explicit_ref_pos,
2768,1332,one-to-one,dn_1367,hrd_1589,Giorgio Ippolita,Giorgio Ippolita,DET,PRON,nmod,nmod,explicit_ref_case,
2769,1332,one-to-one,dn_1367,hrd_1589,Giorgio Ippolita,Giorgio Ippolita,NULL,NULL,nsubj,nsubj,zero_zero_single,
2770,1333,one-to-many,dn_1368,hrd_1590 hrd_1591,Giorgio Ippolita,Giorgio Ippolita,PRON,NOUN,nsubj,nsubj,explicit_ref_case,
2771,1333,one-to-many,dn_1368,hrd_1590 hrd_1591,Giorgio Ippolita,Giorgio Ippolita,DET,PRON,nmod,nmod,explicit_ref_case,
2772,1333,one-to-many,dn_1368,hrd_1590 hrd_1591,Giorgio Ippolita,Giorgio Ippolita,NULL,NULL,nsubj,nsubj,zero_zero_semantic,0.32662049590886294
2773,1333,one-to-many,dn_1368,hrd_1590 hrd_1591,MISSING,Giorgio Ippolita,MISSING,NULL,MISSING,nsubj,leftover_target,
2774,1333,one-to-many,dn_1368,hrd_1590 hrd_1591,MISSING,Giorgio Ippolita,MISSING,NULL,MISSING,nsubj,leftover_target,
2775,1333,one-to-many,dn_1368,hrd_1590 hrd_1591,MISSING,Giorgio Ippolita,MISSING,NULL,MISSING,nsubj,leftover_target,
2776,1333,one-to-many,dn_1368,hrd_1590 hrd_1591,MISSING,Giorgio Ippolita,MISSING,NULL,MISSING,nsubj,leftover_target,
2777,1334,one-to-one,dn_1369,hrd_1592,Ippolita,Ippolita,PROPN,PROPN,nmod,nmod,explicit_full,
2778,1335,one-to-one,dn_1370,hrd_1593,Ippolita,Ippolita,PRON,PRON,nmod,nmod,explicit_full,
2779,1336,one-to-many,dn_1371,hrd_1594 hrd_1595,Giorgio,Giorgio,PRON,PRON,nsubj,nsubj,explicit_full,
2780,1336,one-to-many,dn_1371,hrd_1594 hrd_1595,Giorgio,Giorgio,PRON,PRON,obj,obj,explicit_full,
2781,1336,one-to-many,dn_1371,hrd_1594 hrd_1595,Giorgio,Giorgio,DET,PRON,nmod,nmod,explicit_ref_case,
2782,1336,one-to-many,dn_1371,hrd_1594 hrd_1595,Giorgio,Giorgio,NULL,NULL,nsubj,nsubj,zero_zero_semantic,0.2145797214881862
2783,1336,one-to-many,dn_1371,hrd_1594 hrd_1595,Giorgio,Giorgio,NULL,NULL,nsubj,nsubj,zero_zero_semantic,0.5662072076035609
2784,1336,one-to-many,dn_1371,hrd_1594 hrd_1595,Giorgio,MISSING,PRON,MISSING,obj,MISSING,leftover_source,
2785,1336,one-to-many,dn_1371,hrd_1594 hrd_1595,Ippolita,Ippolita,DET,PRON,nmod,nmod,explicit_ref_case,
2786,1336,one-to-many,dn_1371,hrd_1594 hrd_1595,Ippolita,Ippolita,DET,PRON,nmod,nmod,explicit_ref_case,
2787,1336,one-to-many,dn_1371,hrd_1594 hrd_1595,Ippolita,Ippolita,PRON,NULL,nsubj,nsubj,zero_to_src_anchor,
2788,1336,one-to-many,dn_1371,hrd_1594 hrd_1595,MISSING,Ippolita,MISSING,NULL,MISSING,nsubj,leftover_target,
2789,1337,one-to-one,dn_1372,hrd_1596,Ippolita,Ippolita,PRON,PRON,nsubj,nsubj,explicit_full,
2790,1337,one-to-one,dn_1372,hrd_1596,Ippolita,MISSING,NULL,MISSING,nsubj,MISSING,leftover_source,
2791,1338,one-to-one,dn_1373,hrd_1597,Giorgio,Giorgio,DET,PRON,nmod,nmod,explicit_ref_case,
2792,1338,one-to-one,dn_1373,hrd_1597,Ippolita,Ippolita,PRON,PRON,nsubj,nsubj,explicit_full,
2793,1338,one-to-one,dn_1373,hrd_1597,Ippolita,Ippolita,DET,PRON,nmod,nmod,explicit_ref_case,
2794,1339,one-to-one,dn_1374,hrd_1598,Ippolita,Ippolita,PRON,PRON,nsubj,nsubj,explicit_full,
2795,1339,one-to-one,dn_1374,hrd_1598,Ippolita,MISSING,NULL,MISSING,nsubj,MISSING,leftover_source,
2796,1343,one-to-one,dn_1378,hrd_1602,Ippolita,Ippolita,PROPN,PROPN,nmod,nmod,explicit_full,
2797,1343,one-to-one,dn_1378,hrd_1602,Ippolitas-husband,Ippolitas-husband,NOUN,NOUN,nsubj,nsubj,explicit_full,
2798,1343,one-to-one,dn_1378,hrd_1602,Ippolitas-husband,Ippolitas-husband,PRON,PRON,nmod,nmod,explicit_full,
2799,1343,one-to-one,dn_1378,hrd_1602,Ippolitas-husband,Ippolitas-husband,DET,PRON,nmod,nmod,explicit_ref_case,
2800,1343,one-to-one,dn_1378,hrd_1602,MISSING,Ippolitas-husband,MISSING,NULL,MISSING,nsubj,leftover_target,
2801,1343,one-to-one,dn_1378,hrd_1602,MISSING,Ippolitas-husband,MISSING,NULL,MISSING,nsubj,leftover_target,
2802,1343,one-to-one,dn_1378,hrd_1602,MISSING,Ippolitas-husband,MISSING,NULL,MISSING,nsubj,leftover_target,
2803,1344,one-to-one,dn_1379,hrd_1603,Ippolita,Ippolita,PROPN,PROPN,nsubj,nsubj,explicit_full,
2804,1344,one-to-one,dn_1379,hrd_1603,Ippolita,MISSING,PRON,MISSING,obj,MISSING,leftover_source,
2805,1344,one-to-one,dn_1379,hrd_1603,MISSING,Ippolita,MISSING,NULL,MISSING,nsubj,leftover_target,
2806,1344,one-to-one,dn_1379,hrd_1603,MISSING,Ippolita,MISSING,NULL,MISSING,nsubj,leftover_target,
2807,1344,one-to-one,dn_1379,hrd_1603,Ippolitas-mother,Ippolitas-mother,NOUN,NOUN,nmod,nmod,explicit_full,
2808,1344,one-to-one,dn_1379,hrd_1603,Ippolitas-sister,Ippolitas-sister,NOUN,NOUN,obj,obj,explicit_full,
2809,1345,one-to-one,dn_1380,hrd_1604,Ippolita,Ippolita,PRON,PRON,obj,nsubj,explicit_ref_pos,
2810,1347,one-to-one,dn_1382,hrd_1606,Giorgio,Giorgio,PRON,PRON,nsubj,nsubj,explicit_full,
2811,1347,one-to-one,dn_1382,hrd_1606,MISSING,Giorgio,MISSING,PRON,MISSING,nsubj,leftover_target,
2812,1347,one-to-one,dn_1382,hrd_1606,Ippolita,MISSING,PRON,MISSING,nsubj,MISSING,leftover_source,
2813,1348,one-to-one,dn_1383,hrd_1607,Giorgio,Giorgio,DET,PRON,nmod,nmod,explicit_ref_case,
2814,1349,one-to-many,dn_1384,hrd_1608 hrd_1609,Giorgio,Giorgio,PRON,PRON,nsubj,obj,explicit_ref_pos,
2815,1349,one-to-many,dn_1384,hrd_1608 hrd_1609,Giorgio,Giorgio,PRON,PRON,nsubj,obj,explicit_ref_pos,
2816,1349,one-to-many,dn_1384,hrd_1608 hrd_1609,Ippolita,Ippolita,DET,PRON,nmod,nmod,explicit_ref_case,
2817,1349,one-to-many,dn_1384,hrd_1608 hrd_1609,Ippolita,Ippolita,DET,PRON,nmod,nmod,explicit_ref_case,
2818,1349,one-to-many,dn_1384,hrd_1608 hrd_1609,Ippolita,Ippolita,PRON,PRON,obj,nsubj,explicit_ref_pos,
2819,1349,one-to-many,dn_1384,hrd_1608 hrd_1609,Ippolita,MISSING,PRON-REFLEX,MISSING,obj,MISSING,leftover_source,
2820,1350,one-to-many,dn_1385,hrd_1610 hrd_1611,Giorgio,Giorgio,PRON,PRON,nsubj,nsubj,explicit_full,
2821,1350,one-to-many,dn_1385,hrd_1610 hrd_1611,Giorgio,Giorgio,PRON,PRON,nsubj,obj,explicit_ref_pos,
2822,1350,one-to-many,dn_1385,hrd_1610 hrd_1611,Giorgio,Giorgio,NULL,NULL,nsubj,nsubj,zero_zero_semantic,0.2931489992400874
2823,1350,one-to-many,dn_1385,hrd_1610 hrd_1611,Giorgio,Giorgio,PRON,NULL,nsubj,nsubj,zero_to_src_anchor,
2824,1350,one-to-many,dn_1385,hrd_1610 hrd_1611,MISSING,Giorgio,MISSING,NULL,MISSING,nsubj,leftover_target,
2825,1350,one-to-many,dn_1385,hrd_1610 hrd_1611,Ippolita,Ippolita,PRON,PRON,obj,nmod,explicit_ref_pos,
2826,1351,one-to-one,dn_1386,hrd_1612,Giorgio,Giorgio,PRON,PRON,obj,obj,explicit_full,
2827,1351,one-to-one,dn_1386,hrd_1612,Giorgio,MISSING,NULL,MISSING,nsubj,MISSING,leftover_source,
2828,1352,one-to-many,dn_1387,hrd_1613 hrd_1614,Giorgio,MISSING,NULL,MISSING,nsubj,MISSING,leftover_source,
2829,1352,one-to-many,dn_1387,hrd_1613 hrd_1614,MISSING,Giorgio,MISSING,PRON,MISSING,nmod,leftover_target,
2830,1352,one-to-many,dn_1387,hrd_1613 hrd_1614,Ippolita,Ippolita,DET,PRON,nmod,nmod,explicit_ref_case,
2831,1354,one-to-one,dn_1389,hrd_1616,Giorgio,Giorgio,NULL,NULL,nsubj,nsubj,zero_zero_single,
2832,1354,one-to-one,dn_1389,hrd_1616,Ippolita,Ippolita,PRON,PRON,obj,obj,explicit_full,
2833,1355,one-to-one,dn_1390,hrd_1617,Giorgio,Giorgio,NULL,NULL,nsubj,nsubj,zero_zero_semantic,0.39806337872656383
2834,1355,one-to-one,dn_1390,hrd_1617,MISSING,Giorgio,MISSING,PRON,MISSING,nsubj,leftover_target,
2835,1355,one-to-one,dn_1390,hrd_1617,MISSING,Giorgio,MISSING,NULL,MISSING,nsubj,leftover_target,
2836,1355,one-to-one,dn_1390,hrd_1617,Ippolita,Ippolita,PRON,PRON,obj,obj,explicit_full,
2837,1355,one-to-one,dn_1390,hrd_1617,Ippolita,Ippolita,DET,PRON,obj,nmod,explicit_ref_only,
2838,1355,one-to-one,dn_1390,hrd_1617,Ippolita,Ippolita,DET,PRON,obj,nmod,explicit_ref_only,
2839,1356,one-to-one,dn_1391,hrd_1618,Giorgio,Giorgio,NULL,NULL,nsubj,nsubj,zero_zero_single,
2840,1356,one-to-one,dn_1391,hrd_1618,MISSING,Giorgio,MISSING,PRON,MISSING,nsubj,leftover_target,
2841,1356,one-to-one,dn_1391,hrd_1618,MISSING,Giorgio,MISSING,PRON,MISSING,nsubj,leftover_target,
2842,1357,one-to-one,dn_1392,hrd_1619,Giorgio,Giorgio,DET,PRON,nmod,nmod,explicit_ref_case,
2843,1357,one-to-one,dn_1392,hrd_1619,Ippolita,MISSING,NOUN,MISSING,vocative,MISSING,leftover_source,
2844,1358,one-to-one,dn_1393,hrd_1620,Giorgio,Giorgio,NULL,NULL,nsubj,nsubj,zero_zero_semantic,0.1407672325326753
2845,1358,one-to-one,dn_1393,hrd_1620,Giorgio,Giorgio,NULL,NULL,nsubj,nsubj,zero_zero_semantic,0.303957583001129
2846,1358,one-to-one,dn_1393,hrd_1620,Giorgio,MISSING,PRON-REFLEX,MISSING,obj,MISSING,leftover_source,
2847,1358,one-to-one,dn_1393,hrd_1620,Giorgio,MISSING,PRON-REFLEX,MISSING,obj,MISSING,leftover_source,
2848,1358,one-to-one,dn_1393,hrd_1620,Giorgio,MISSING,PRON-REFLEX,MISSING,obj,MISSING,leftover_source,
2849,1358,one-to-one,dn_1393,hrd_1620,MISSING,Giorgio,MISSING,PRON,MISSING,nsubj,leftover_target,
2850,1358,one-to-one,dn_1393,hrd_1620,MISSING,Giorgio,MISSING,NULL,MISSING,nsubj,leftover_target,
2851,1358,one-to-one,dn_1393,hrd_1620,MISSING,Giorgio,MISSING,NULL,MISSING,nsubj,leftover_target,
2852,1358,one-to-one,dn_1393,hrd_1620,MISSING,Giorgio,MISSING,NULL,MISSING,nsubj,leftover_target,
2853,1359,one-to-one,dn_1394 dn_1395 dn_1396,hrd_1621 hrd_1622,Giorgio,Giorgio,NULL,NULL,nsubj,nsubj,zero_zero_semantic,0.2603309115973012
2854,1359,one-to-one,dn_1394 dn_1395 dn_1396,hrd_1621 hrd_1622,Giorgio,MISSING,PRON,MISSING,obj,MISSING,leftover_source,
2855,1359,one-to-one,dn_1394 dn_1395 dn_1396,hrd_1621 hrd_1622,Giorgio,MISSING,NULL,MISSING,nsubj,MISSING,leftover_source,
2856,1359,one-to-one,dn_1394 dn_1395 dn_1396,hrd_1621 hrd_1622,Giorgio,MISSING,NULL,MISSING,nsubj,MISSING,leftover_source,
2857,1359,one-to-one,dn_1394 dn_1395 dn_1396,hrd_1621 hrd_1622,Ippolita,Ippolita,DET,PRON,obj,nmod,explicit_ref_only,
2858,1361,one-to-one,dn_1398,hrd_1624,Giorgio,MISSING,PRON,MISSING,obj,MISSING,leftover_source,
2859,1361,one-to-one,dn_1398,hrd_1624,Ippolita,Ippolita,PRON,PRON,nsubj,nsubj,explicit_full,
2860,1362,one-to-one,dn_1399,hrd_1625,Giorgio,Giorgio,DET,PRON,obj,obj,explicit_ref_case,
2861,1362,one-to-one,dn_1399,hrd_1625,Ippolita,MISSING,PRON,MISSING,obj,MISSING,leftover_source,
2862,1362,one-to-one,dn_1399,hrd_1625,MISSING,Ippolita,MISSING,NULL,MISSING,nsubj,leftover_target,
2863,1363,one-to-many,dn_1400,hrd_1626 hrd_1627,Giorgio,Giorgio,PRON,PRON,obj,obj,explicit_full,
2864,1363,one-to-many,dn_1400,hrd_1626 hrd_1627,Giorgio,MISSING,PRON,MISSING,obj,MISSING,leftover_source,
2865,1363,one-to-many,dn_1400,hrd_1626 hrd_1627,Ippolita,Ippolita,PRON,PRON,nsubj,nsubj,explicit_full,
2866,1363,one-to-many,dn_1400,hrd_1626 hrd_1627,Ippolita,Ippolita,NULL,NULL,nsubj,nsubj,zero_zero_single,
2867,1364,one-to-one,dn_1401,hrd_1628,Ippolita,Ippolita,NULL,PRON,nsubj,nsubj,zero_to_tgt_anchor,
2868,1364,one-to-one,dn_1401,hrd_1628,Ippolita,MISSING,NULL,MISSING,nsubj,MISSING,leftover_source,
2869,1365,one-to-one,dn_1402,hrd_1629,Ippolita,Ippolita,PRON,PRON,nsubj,nsubj,explicit_full,
2870,1365,one-to-one,dn_1402,hrd_1629,Ippolita,Ippolita,NULL,PRON,nsubj,nsubj,zero_to_tgt_anchor,
2871,1365,one-to-one,dn_1402,hrd_1629,Ippolita,MISSING,NULL,MISSING,nsubj,MISSING,leftover_source,
2872,1366,one-to-many,dn_1403,hrd_1630 hrd_1631,Giorgio,Giorgio,PRON,PRON,nsubj,nsubj,explicit_full,
2873,1366,one-to-many,dn_1403,hrd_1630 hrd_1631,Giorgio,Giorgio,PRON,PRON,obj,nmod,explicit_ref_pos,
2874,1366,one-to-many,dn_1403,hrd_1630 hrd_1631,Giorgio,MISSING,PRON,MISSING,obj,MISSING,leftover_source,
2875,1366,one-to-many,dn_1403,hrd_1630 hrd_1631,Ippolita,Ippolita,PRON,PRON,nsubj,nsubj,explicit_full,
2876,1367,one-to-one,dn_1404,hrd_1632,Giorgio,MISSING,PRON,MISSING,obj,MISSING,leftover_source,
2877,1367,one-to-one,dn_1404,hrd_1632,Ippolita,Ippolita,NULL,NULL,nsubj,nsubj,zero_zero_semantic,0.2321181858287138
2878,1367,one-to-one,dn_1404,hrd_1632,MISSING,Ippolita,MISSING,NULL,MISSING,nsubj,leftover_target,
2879,1368,one-to-one,dn_1405,hrd_1633,Giorgio,MISSING,PRON,MISSING,obj,MISSING,leftover_source,
2880,1368,one-to-one,dn_1405,hrd_1633,Giorgio,MISSING,PRON,MISSING,obj,MISSING,leftover_source,
2881,1368,one-to-one,dn_1405,hrd_1633,Ippolita,Ippolita,NULL,NULL,nsubj,nsubj,zero_zero_semantic,0.38665152824187016
2882,1368,one-to-one,dn_1405,hrd_1633,Ippolita,Ippolita,NULL,NULL,nsubj,nsubj,zero_zero_semantic,0.20547801771989235
2883,1368,one-to-one,dn_1405,hrd_1633,Ippolita,Ippolita,NULL,PRON,nsubj,nsubj,zero_to_tgt_anchor,
2884,1368,one-to-one,dn_1405,hrd_1633,Ippolita,MISSING,NULL,MISSING,nsubj,MISSING,leftover_source,
2885,1369,one-to-one,dn_1406,hrd_1634,Ippolita,Ippolita,PRON,PRON,nsubj,nsubj,explicit_full,
2886,1370,one-to-one,dn_1407,hrd_1635,Ippolita,Ippolita,PROPN,PROPN,vocative,vocative,explicit_full,
2887,1370,one-to-one,dn_1407,hrd_1635,Ippolita,MISSING,NULL,MISSING,nsubj,MISSING,leftover_source,
2888,1371,one-to-one,dn_1408,hrd_1636,Ippolita,Ippolita,PRON,PRON,nsubj,nsubj,explicit_full,
2889,1374,one-to-one,dn_1411,hrd_1639,Giorgio,Giorgio,PRON,PRON,nsubj,nsubj,explicit_full,
2890,1374,one-to-one,dn_1411,hrd_1639,Giorgios-friend,Giorgios-friend,NOUN,NOUN,nsubj,obj,explicit_ref_pos,
2891,1375,one-to-one,dn_1412,hrd_1640,Giorgio,Giorgio,PRON,PRON,nsubj,nsubj,explicit_full,
2892,1377,one-to-one,dn_1414,hrd_1642,Giorgios-friend,Giorgios-friend,NOUN,NOUN,nsubj,nsubj,explicit_full,
2893,1379,one-to-one,dn_1416,hrd_1644,Giorgios-friend,Giorgios-friend,NULL,PRON,nsubj,nsubj,zero_to_tgt_anchor,
2894,1379,one-to-one,dn_1416,hrd_1644,Giorgios-friend,MISSING,PRON-REFLEX,MISSING,obj,MISSING,leftover_source,
2895,1381,one-to-one,dn_1418,hrd_1647,Giorgio,Giorgio,PRON,PRON,obj,obj,explicit_full,
2896,1381,one-to-one,dn_1418,hrd_1647,Giorgio,Giorgio,NULL,NULL,nsubj,nsubj,zero_zero_single,
2897,1381,one-to-one,dn_1418,hrd_1647,Giorgios-friend,Giorgios-friend,NOUN,NOUN,nmod,nmod,explicit_full,
2898,1381,one-to-one,dn_1418,hrd_1647,Ippolita,Ippolita,PRON,PRON,obj,obj,explicit_full,
2899,1384,one-to-one,dn_1421,hrd_1649,Ippolita,Ippolita,PRON,PRON,nsubj,nsubj,explicit_full,
2900,1384,one-to-one,dn_1421,hrd_1649,Ippolita,MISSING,NULL,MISSING,nsubj,MISSING,leftover_source,
2901,1387,one-to-one,dn_1424,hrd_1652,Giorgio,Giorgio,NULL,NULL,nsubj,nsubj,zero_zero_single,
2902,1388,one-to-one,dn_1425,hrd_1653,Giorgio,Giorgio,PRON,PRON,obj,nmod,explicit_ref_pos,
2903,1390,one-to-one,dn_1427,hrd_1655,Ippolita,Ippolita,PRON,PRON,nsubj,nsubj,explicit_full,
2904,1390,one-to-one,dn_1427,hrd_1655,Ippolita,MISSING,NULL,MISSING,nsubj,MISSING,leftover_source,
2905,1391,one-to-one,dn_1428,hrd_1656,Giorgio,Giorgio,NULL,NULL,nsubj,nsubj,zero_zero_single,
2906,1391,one-to-one,dn_1428,hrd_1656,MISSING,Giorgio,MISSING,PRON,MISSING,nsubj,leftover_target,
2907,1391,one-to-one,dn_1428,hrd_1656,Ippolita,Ippolita,DET,PRON,nmod,nmod,explicit_ref_case,
2908,1392,one-to-one,dn_1429,hrd_1657,MISSING,Giorgio,MISSING,PRON,MISSING,nsubj,leftover_target,
2909,1392,one-to-one,dn_1429,hrd_1657,Ippolita,MISSING,PRON,MISSING,nsubj,MISSING,leftover_source,
2910,1393,one-to-one,dn_1430,hrd_1658,Giorgio,Giorgio,PRON,PRON,nsubj,nsubj,explicit_full,
2911,1393,one-to-one,dn_1430,hrd_1658,Ippolita,Ippolita,DET,PRON,nmod,nmod,explicit_ref_case,
2912,1393,one-to-one,dn_1430,hrd_1658,Ippolita,Ippolita,PRON,NULL,nsubj,nsubj,zero_to_src_anchor,
2913,1394,one-to-one,dn_1431,hrd_1659,Ippolita,Ippolita,NULL,NULL,nsubj,nsubj,zero_zero_single,
2914,1394,one-to-one,dn_1431,hrd_1659,Ippolita,MISSING,PRON,MISSING,obj,MISSING,leftover_source,
2915,1395,one-to-one,dn_1432,hrd_1660,Giorgio,Giorgio,DET,PRON,nmod,nmod,explicit_ref_case,
2916,1395,one-to-one,dn_1432,hrd_1660,Ippolita,MISSING,NULL,MISSING,nsubj,MISSING,leftover_source,
2917,1395,one-to-one,dn_1432,hrd_1660,MISSING,Ippolita,MISSING,PRON,MISSING,obj,leftover_target,
2918,1397,one-to-one,dn_1434,hrd_1662,pilgrims,pilgrims,NOUN,NOUN,nsubj,nsubj,explicit_full,
2919,1397,one-to-one,dn_1434,hrd_1662,MISSING,pilgrims,MISSING,NULL,MISSING,nsubj,leftover_target,
2920,1398,one-to-one,dn_1435,hrd_1663,Ippolita,Ippolita,NOUN,PRON,obj,nmod,explicit_ref_only,
2921,1399,one-to-one,dn_1436,hrd_1664,Giorgio,Giorgio,NULL,NULL,nsubj,nsubj,zero_zero_semantic,0.1738837038477262
2922,1399,one-to-one,dn_1436,hrd_1664,MISSING,Giorgio,MISSING,NULL,MISSING,nsubj,leftover_target,
2923,1399,one-to-one,dn_1436,hrd_1664,Ippolita,MISSING,PRON,MISSING,obj,MISSING,leftover_source,
2924,1400,one-to-one,dn_1437,hrd_1665,Giorgio,Giorgio,PRON,PRON,nsubj,nsubj,explicit_full,
2925,1402,one-to-one,dn_1439,hrd_1667,Ippolita,Ippolita,NULL,NULL,nsubj,nsubj,zero_zero_single,
2926,1405,one-to-one,dn_1442,hrd_1670,Giorgio,Giorgio,DET,PRON,nmod,nmod,explicit_ref_case,
2927,1405,one-to-one,dn_1442,hrd_1670,Giorgio,Giorgio,NULL,PRON,nsubj,nsubj,zero_to_tgt_anchor,
2928,1405,one-to-one,dn_1442,hrd_1670,Giorgio,MISSING,PRON-REFLEX,MISSING,obj,MISSING,leftover_source,
2929,1406,one-to-one,dn_1443,hrd_1671,Giorgio,MISSING,PRON,MISSING,obj,MISSING,leftover_source,
2930,1406,one-to-one,dn_1443,hrd_1671,Ippolita,Ippolita,PRON,PRON,nsubj,nsubj,explicit_full,
2931,1407,one-to-many,dn_1444,hrd_1672 hrd_1673,Giorgio,Giorgio,NULL,NULL,nsubj,nsubj,zero_zero_semantic,0.17572651299146505
2932,1407,one-to-many,dn_1444,hrd_1672 hrd_1673,Giorgio,Giorgio,NULL,NULL,nsubj,nsubj,zero_zero_semantic,0.5247274181590631
2933,1407,one-to-many,dn_1444,hrd_1672 hrd_1673,Ippolita,Ippolita,DET,PRON,nmod,nmod,explicit_ref_case,
2934,1407,one-to-many,dn_1444,hrd_1672 hrd_1673,Ippolita,MISSING,DET,MISSING,nmod,MISSING,leftover_source,
2935,1408,one-to-one,dn_1445,hrd_1674,Giorgio,Giorgio,NULL,PRON,nsubj,nsubj,zero_to_tgt_anchor,
2936,1411,one-to-one,dn_1448,hrd_1677,Giorgio,Giorgio,NULL,NULL,nsubj,nsubj,zero_zero_single,
2937,1411,one-to-one,dn_1448,hrd_1677,MISSING,Giorgio,MISSING,PRON,MISSING,obj,leftover_target,
2938,1411,one-to-one,dn_1448,hrd_1677,Ippolita,MISSING,PRON,MISSING,obj,MISSING,leftover_source,
2939,1412,one-to-one,dn_1449,hrd_1678,Giorgio,MISSING,PRON,MISSING,obj,MISSING,leftover_source,
2940,1412,one-to-one,dn_1449,hrd_1678,Giorgio,MISSING,PRON,MISSING,obj,MISSING,leftover_source,
2941,1413,one-to-one,dn_1450,hrd_1679,Giorgio,Giorgio,NULL,NULL,nsubj,nsubj,zero_zero_semantic,0.4596478803799703
2942,1413,one-to-one,dn_1450,hrd_1679,Giorgio,Giorgio,NULL,NULL,nsubj,nsubj,zero_zero_semantic,0.4249476944024746
2943,1413,one-to-one,dn_1450,hrd_1679,Giorgio,MISSING,PRON-REFLEX,MISSING,obj,MISSING,leftover_source,
2944,1414,one-to-one,dn_1451,hrd_1680,Giorgio,Giorgio,NULL,NULL,nsubj,nsubj,zero_zero_single,
2945,1415,one-to-many,dn_1452,hrd_1681 hrd_1682,Giorgio,Giorgio,NULL,NULL,nsubj,nsubj,zero_zero_semantic,0.3006895221360342
2946,1415,one-to-many,dn_1452,hrd_1681 hrd_1682,Giorgio,Giorgio,NULL,NULL,nsubj,nsubj,zero_zero_semantic,0.4592315051396467
2947,1415,one-to-many,dn_1452,hrd_1681 hrd_1682,Giorgio,MISSING,PRON-REFLEX,MISSING,obj,MISSING,leftover_source,
2948,1416,one-to-one,dn_1453,hrd_1683,Giorgio,Giorgio,NULL,NULL,nsubj,nsubj,zero_zero_single,
2949,1416,one-to-one,dn_1453,hrd_1683,Ippolita,Ippolita,PRON,PRON,obj,nmod,explicit_ref_pos,
2950,1417,one-to-one,dn_1454,hrd_1684,Cristina,Cristina,PROPN,PROPN,nsubj,nsubj,explicit_full,
2951,1417,one-to-one,dn_1454,hrd_1684,Cristina,Cristina,NULL,NULL,nsubj,nsubj,zero_zero_single,
2952,1417,one-to-one,dn_1454,hrd_1684,Cristina,MISSING,NOUN,MISSING,nsubj,MISSING,leftover_source,
2953,1417,one-to-one,dn_1454,hrd_1684,Giorgio,Giorgio,PRON,PRON,obj,nmod,explicit_ref_pos,
2954,1417,one-to-one,dn_1454,hrd_1684,Giorgio,Giorgio,PRON,PRON,obj,nmod,explicit_ref_pos,
2955,1418,one-to-many,dn_1455,hrd_1685 hrd_1686 hrd_1687,Giorgio,Giorgio,PRON,PRON,nsubj,nsubj,explicit_full,
2956,1418,one-to-many,dn_1455,hrd_1685 hrd_1686 hrd_1687,Giorgio,Giorgio,NULL,NULL,nsubj,nsubj,zero_zero_semantic,0.06016290889066808
2957,1418,one-to-many,dn_1455,hrd_1685 hrd_1686 hrd_1687,Giorgio,Giorgio,NULL,NULL,nsubj,nsubj,zero_zero_semantic,0.23202887089813456
2958,1418,one-to-many,dn_1455,hrd_1685 hrd_1686 hrd_1687,Giorgio,MISSING,PRON-REFLEX,MISSING,obj,MISSING,leftover_source,
2959,1418,one-to-many,dn_1455,hrd_1685 hrd_1686 hrd_1687,Giorgio,MISSING,DET,MISSING,nmod,MISSING,leftover_source,
2960,1418,one-to-many,dn_1455,hrd_1685 hrd_1686 hrd_1687,MISSING,Giorgio,MISSING,NULL,MISSING,nsubj,leftover_target,
2961,1418,one-to-many,dn_1455,hrd_1685 hrd_1686 hrd_1687,Ippolita,Ippolita,DET,PRON,nmod,nmod,explicit_ref_case,
2962,1418,one-to-many,dn_1455,hrd_1685 hrd_1686 hrd_1687,Ippolita,Ippolita,DET,PRON,nmod,nmod,explicit_ref_case,
2963,1419,one-to-one,dn_1456,hrd_1688,Cristina,Cristina,NOUN,NOUN,obj,obj,explicit_full,
2964,1419,one-to-one,dn_1456,hrd_1688,Giorgio,Giorgio,NULL,NULL,nsubj,nsubj,zero_zero_semantic,0.29675416850057756
2965,1419,one-to-one,dn_1456,hrd_1688,MISSING,Giorgio,MISSING,NULL,MISSING,nsubj,leftover_target,
2966,1420,one-to-one,dn_1457,hrd_1689,Cristina,Cristina,DET,NOUN,nmod,nmod,explicit_ref_case,
2967,1420,one-to-one,dn_1457,hrd_1689,Giorgio,MISSING,PRON,MISSING,obj,MISSING,leftover_source,
2968,1420,one-to-one,dn_1457,hrd_1689,Ippolita,Ippolita,DET,PRON,nmod,nmod,explicit_ref_case,
2969,1421,one-to-one,dn_1458,hrd_1690,Giorgio,Giorgio,NULL,PRON,nsubj,nsubj,zero_to_tgt_anchor,
2970,1421,one-to-one,dn_1458,hrd_1690,Ippolita,Ippolita,PRON,PRON,obj,obj,explicit_full,
2971,1422,one-to-one,dn_1459,hrd_1691,MISSING,Giorgio,MISSING,PRON,MISSING,nsubj,leftover_target,
2972,1422,one-to-one,dn_1459,hrd_1691,Ippolita,MISSING,PRON,MISSING,nsubj,MISSING,leftover_source,
2973,1425,one-to-one,dn_1462,hrd_1694,Giorgio,Giorgio,NULL,PRON,nsubj,nsubj,zero_to_tgt_anchor,
2974,1426,one-to-one,dn_1463,hrd_1695,Cristina,Cristina,NOUN,NOUN,obj,nsubj,explicit_ref_pos,
2975,1426,one-to-one,dn_1463,hrd_1695,Giorgio,Giorgio,PRON,PRON,obj,nsubj,explicit_ref_pos,
2976,1426,one-to-one,dn_1463,hrd_1695,Giorgio,MISSING,NULL,MISSING,nsubj,MISSING,leftover_source,
2977,1426,one-to-one,dn_1463,hrd_1695,Giorgio,MISSING,NULL,MISSING,nsubj,MISSING,leftover_source,
2978,1426,one-to-one,dn_1463,hrd_1695,Giorgio,MISSING,DET,MISSING,nmod,MISSING,leftover_source,
2979,1427,one-to-many,dn_1464,hrd_1696 hrd_1697,Ippolita,Ippolita,DET,PRON,nmod,nmod,explicit_ref_case,
2980,1428,one-to-one,dn_1465,hrd_1698,boys,boys,NOUN,NOUN,nmod,nmod,explicit_full,
2981,1428,one-to-one,dn_1465,hrd_1698,women,women,NOUN,NOUN,nmod,nmod,explicit_full,
2982,1428,one-to-one,dn_1465,hrd_1698,women boys,MISSING,PRON-REFLEX,MISSING,obj,MISSING,leftover_source,
2983,1430,one-to-one,dn_1467,hrd_1701,Giorgio,Giorgio,PRON,PRON,obj,obj,explicit_full,
2984,1430,one-to-one,dn_1467,hrd_1701,Ippolita,Ippolita,NULL,PRON,nsubj,nsubj,zero_to_tgt_anchor,
2985,1430,one-to-one,dn_1467,hrd_1701,Ippolita,MISSING,PRON-REFLEX,MISSING,obj,MISSING,leftover_source,
2986,1431,one-to-one,dn_1468,hrd_1702,Giorgio,Giorgio,PRON,PRON,obj,obj,explicit_full,
2987,1432,one-to-one,dn_1469,hrd_1703,Giorgio,Giorgio,PRON,PRON,obj,obj,explicit_full,
2988,1432,one-to-one,dn_1469,hrd_1703,Giorgio,Giorgio,PRON,PRON,obj,obj,explicit_full,
2989,1432,one-to-one,dn_1469,hrd_1703,Giorgio,MISSING,PRON,MISSING,obj,MISSING,leftover_source,
2990,1432,one-to-one,dn_1469,hrd_1703,Ippolita,Ippolita,DET,PRON,nmod,nmod,explicit_ref_case,
2991,1433,one-to-one,dn_1470,hrd_1704,Ippolita,Ippolita,DET,PRON,nmod,nmod,explicit_ref_case,
2992,1434,one-to-one,dn_1471,hrd_1705,Ippolita,Ippolita,PRON,PRON,obj,obj,explicit_full,
2993,1434,one-to-one,dn_1471,hrd_1705,Ippolita,Ippolita,PRON,PRON,obj,obj,explicit_full,
2994,1434,one-to-one,dn_1471,hrd_1705,Ippolita,Ippolita,PRON,PRON,obj,obj,explicit_full,
2995,1435,one-to-one,dn_1472,hrd_1706,Giorgio,Giorgio,PRON,PRON,obj,obj,explicit_full,
2996,1435,one-to-one,dn_1472,hrd_1706,Giorgio,Giorgio,PRON,PRON,obj,obj,explicit_full,
2997,1435,one-to-one,dn_1472,hrd_1706,Giorgio,Giorgio,DET,PRON,nmod,nmod,explicit_ref_case,
2998,1435,one-to-one,dn_1472,hrd_1706,Giorgio,MISSING,PRON,MISSING,obj,MISSING,leftover_source,
2999,1435,one-to-one,dn_1472,hrd_1706,Giorgio,MISSING,PRON,MISSING,obj,MISSING,leftover_source,
3000,1435,one-to-one,dn_1472,hrd_1706,Giorgio,MISSING,PRON,MISSING,obj,MISSING,leftover_source,
3001,1435,one-to-one,dn_1472,hrd_1706,Ippolita,Ippolita,DET,PRON,nmod,nmod,explicit_ref_case,
3002,1435,one-to-one,dn_1472,hrd_1706,Ippolita,Ippolita,DET,PRON,nmod,nmod,explicit_ref_case,
3003,1435,one-to-one,dn_1472,hrd_1706,Ippolita,Ippolita,NULL,NULL,nsubj,nsubj,zero_zero_semantic,0.24322663352742202
3004,1435,one-to-one,dn_1472,hrd_1706,Ippolita,Ippolita,NULL,NULL,nsubj,nsubj,zero_zero_semantic,0.19377872920074074
3005,1435,one-to-one,dn_1472,hrd_1706,Ippolita,Ippolita,NULL,NULL,nsubj,nsubj,zero_zero_semantic,0.32574979996093634
3006,1435,one-to-one,dn_1472,hrd_1706,Ippolita,Ippolita,NULL,NULL,nsubj,nsubj,zero_zero_semantic,0.2061961862848692
3007,1435,one-to-one,dn_1472,hrd_1706,Ippolita,Ippolita,NULL,NULL,nsubj,nsubj,zero_zero_semantic,0.29912651671476365
3008,1435,one-to-one,dn_1472,hrd_1706,Ippolita,Ippolita,NULL,PRON,nsubj,nsubj,zero_to_tgt_anchor,
3009,1435,one-to-one,dn_1472,hrd_1706,MISSING,Ippolita,MISSING,PRON,MISSING,nsubj,leftover_target,
3010,1437,one-to-many,dn_1474,hrd_1708 hrd_1709,Giorgio,Giorgio,PRON,PRON,nsubj,nsubj,explicit_full,
3011,1437,one-to-many,dn_1474,hrd_1708 hrd_1709,Giorgio,Giorgio,PRON,PRON,obj,obj,explicit_full,
3012,1437,one-to-many,dn_1474,hrd_1708 hrd_1709,Giorgio,Giorgio,NULL,NULL,nsubj,nsubj,zero_zero_semantic,0.36957479689759437
3013,1437,one-to-many,dn_1474,hrd_1708 hrd_1709,Giorgio,MISSING,NULL,MISSING,nsubj,MISSING,leftover_source,
3014,1438,one-to-one,dn_1475,hrd_1710,Giorgio,Giorgio,NULL,NULL,nsubj,nsubj,zero_zero_single,
3015,1438,one-to-one,dn_1475,hrd_1710,Giorgio,MISSING,PRON-REFLEX,MISSING,obj,MISSING,leftover_source,
3016,1438,one-to-one,dn_1475,hrd_1710,MISSING,Giorgio,MISSING,PRON,MISSING,nmod,leftover_target,
3017,1439,one-to-many,dn_1476,hrd_1711 hrd_1712,Giorgio,Giorgio,PRON,PRON,obj,obj,explicit_full,
3018,1439,one-to-many,dn_1476,hrd_1711 hrd_1712,Giorgio,Giorgio,PRON,PRON,obj,obj,explicit_full,
3019,1439,one-to-many,dn_1476,hrd_1711 hrd_1712,Giorgio,MISSING,PRON,MISSING,nsubj,MISSING,leftover_source,
3020,1442,one-to-one,dn_1479,hrd_1715,Giorgio,Giorgio,DET,PRON,nmod,nmod,explicit_ref_case,
3021,1442,one-to-one,dn_1479,hrd_1715,Giorgio,Giorgio,DET,PRON,nmod,nmod,explicit_ref_case,
3022,1442,one-to-one,dn_1479,hrd_1715,Giorgio,Giorgio,DET,PRON,nmod,nmod,explicit_ref_case,
3023,1443,one-to-one,dn_1480,hrd_1716,Giorgio,Giorgio,PRON,PRON,obj,nsubj,explicit_ref_pos,
3024,1443,one-to-one,dn_1480,hrd_1716,MISSING,Giorgio,MISSING,NULL,MISSING,nsubj,leftover_target,
3025,1445,one-to-one,dn_1482,hrd_1718,Giorgio,Giorgio,PRON,PRON,nsubj,nsubj,explicit_full,
3026,1445,one-to-one,dn_1482,hrd_1718,MISSING,Giorgio,MISSING,NULL,MISSING,nsubj,leftover_target,
3027,1446,many-to-one,dn_1483 dn_1484,hrd_1719,Giorgio,Giorgio,PRON,PRON,nsubj,obj,explicit_ref_pos,
3028,1446,many-to-one,dn_1483 dn_1484,hrd_1719,MISSING,Giorgio,MISSING,NULL,MISSING,nsubj,leftover_target,
3029,1446,many-to-one,dn_1483 dn_1484,hrd_1719,MISSING,Giorgio,MISSING,NULL,MISSING,nsubj,leftover_target,
3030,1446,many-to-one,dn_1483 dn_1484,hrd_1719,MISSING,Giorgio,MISSING,NULL,MISSING,nsubj,leftover_target,
3031,1446,many-to-one,dn_1483 dn_1484,hrd_1719,Ippolita,Ippolita,DET,PRON,nmod,nmod,explicit_ref_case,
3032,1446,many-to-one,dn_1483 dn_1484,hrd_1719,Ippolita,Ippolita,DET,PRON,nmod,nmod,explicit_ref_case,
3033,1446,many-to-one,dn_1483 dn_1484,hrd_1719,Ippolita,Ippolita,DET,PRON,nmod,nmod,explicit_ref_case,
3034,1446,many-to-one,dn_1483 dn_1484,hrd_1719,Ippolita,MISSING,PRON,MISSING,obj,MISSING,leftover_source,
3035,1447,one-to-one,dn_1485,hrd_1720,Giorgio,Giorgio,PRON,PRON,obj,nmod,explicit_ref_pos,
3036,1447,one-to-one,dn_1485,hrd_1720,Giorgio,Giorgio,NULL,NULL,nsubj,nsubj,zero_zero_single,
3037,1447,one-to-one,dn_1485,hrd_1720,Ippolita,Ippolita,DET,PRON,nmod,nmod,explicit_ref_case,
3038,1447,one-to-one,dn_1485,hrd_1720,Ippolita,MISSING,PRON,MISSING,obj,MISSING,leftover_source,
3039,1448,one-to-one,dn_1486,hrd_1721,Giorgio,Giorgio,NULL,PRON,nsubj,nsubj,zero_to_tgt_anchor,
3040,1449,one-to-one,dn_1487,hrd_1722,Giorgio,Giorgio,DET,PRON,nmod,nmod,explicit_ref_case,
3041,1450,one-to-one,dn_1488,hrd_1723,Giorgio,Giorgio,NULL,NULL,nsubj,nsubj,zero_zero_semantic,0.20962431711309096
3042,1450,one-to-one,dn_1488,hrd_1723,Giorgio,Giorgio,NULL,NULL,nsubj,nsubj,zero_zero_semantic,0.2525795616647777
3043,1450,one-to-one,dn_1488,hrd_1723,Giorgio,MISSING,NULL,MISSING,nsubj,MISSING,leftover_source,
3044,1451,one-to-many,dn_1489,hrd_1724 hrd_1725,Giorgio,Giorgio,PRON,PRON,nmod,nmod,explicit_full,
3045,1452,one-to-one,dn_1490,hrd_1726,Giorgio,Giorgio,PRON,PRON,obj,nmod,explicit_ref_pos,
3046,1453,one-to-one,dn_1491,hrd_1727,Giorgio,Giorgio,NULL,PRON,nsubj,nsubj,zero_to_tgt_anchor,
3047,1454,one-to-one,dn_1492,hrd_1728,Giorgio,Giorgio,NULL,NULL,nsubj,nsubj,zero_zero_single,
3048,1455,one-to-many,dn_1493,hrd_1729 hrd_1730,Giorgio,Giorgio,NULL,PRON,nsubj,nsubj,zero_to_tgt_anchor,
3049,1456,one-to-one,dn_1494,hrd_1731,Giorgio,MISSING,PRON,MISSING,obj,MISSING,leftover_source,
3050,1458,one-to-one,dn_1496,hrd_1733,Giorgio,Giorgio,PRON,PRON,nmod,nmod,explicit_full,
3051,1458,one-to-one,dn_1496,hrd_1733,Giorgio,Giorgio,NULL,PRON,nsubj,nsubj,zero_to_tgt_anchor,
3052,1459,one-to-one,dn_1497,hrd_1734,Demetrio,Demetrio,PROPN,NOUN,nmod,nmod,explicit_ref_case,
3053,1459,one-to-one,dn_1497,hrd_1734,Giorgio,Giorgio,PRON,PRON,obj,obj,explicit_full,
3054,1459,one-to-one,dn_1497,hrd_1734,Giorgio,MISSING,DET,MISSING,nmod,MISSING,leftover_source,
3055,1460,one-to-one,dn_1498,hrd_1735,Giorgio,Giorgio,PRON,PRON,nmod,nmod,explicit_full,
3056,1460,one-to-one,dn_1498,hrd_1735,Giorgio,Giorgio,PRON,PRON,nmod,nmod,explicit_full,
3057,1462,one-to-many,dn_1500,hrd_1737 hrd_1738,Giorgio,Giorgio,NULL,NULL,nsubj,nsubj,zero_zero_semantic,0.14003584586951007
3058,1462,one-to-many,dn_1500,hrd_1737 hrd_1738,Giorgio,MISSING,NULL,MISSING,nsubj,MISSING,leftover_source,
3059,1463,one-to-one,dn_1501,hrd_1739,Giorgio,Giorgio,PROPN,PROPN,nsubj,nsubj,explicit_full,
3060,1463,one-to-one,dn_1501,hrd_1739,Ippolita,Ippolita,PROPN,PROPN,obj,nmod,explicit_ref_pos,
3061,1464,one-to-one,dn_1502 dn_1503,hrd_1740 hrd_1741,Giorgio,Giorgio,PRON,PRON,obj,obj,explicit_full,
3062,1464,one-to-one,dn_1502 dn_1503,hrd_1740 hrd_1741,Giorgio,MISSING,PRON,MISSING,obj,MISSING,leftover_source,
3063,1464,one-to-one,dn_1502 dn_1503,hrd_1740 hrd_1741,Ippolita,Ippolita,PRON,PRON,nsubj,nsubj,explicit_full,
3064,1464,one-to-one,dn_1502 dn_1503,hrd_1740 hrd_1741,Ippolita,Ippolita,NOUN,PRON,nsubj,nmod,explicit_ref_only,
3065,1465,one-to-one,dn_1504,hrd_1742,Ippolita,Ippolita,NULL,NULL,nsubj,nsubj,zero_zero_single,
3066,1466,one-to-one,dn_1505,hrd_1743,Ippolita,Ippolita,PRON,PRON,obj,obj,explicit_full,
3067,1467,one-to-one,dn_1506,hrd_1744,Ippolita,MISSING,NULL,MISSING,nsubj,MISSING,leftover_source,
3068,1467,one-to-one,dn_1506,hrd_1744,MISSING,Ippolita,MISSING,PRON,MISSING,nmod,leftover_target,
3069,1468,one-to-many,dn_1507,hrd_1745 hrd_1746,Giorgio,Giorgio,DET,PRON,nmod,nmod,explicit_ref_case,
3070,1468,one-to-many,dn_1507,hrd_1745 hrd_1746,Giorgio,Giorgio,NULL,PRON,nsubj,nsubj,zero_to_tgt_anchor,
3071,1469,one-to-one,dn_1508,hrd_1747,Giorgio,MISSING,NULL,MISSING,nsubj,MISSING,leftover_source,
3072,1469,one-to-one,dn_1508,hrd_1747,MISSING,Giorgio,MISSING,PRON,MISSING,obj,leftover_target,
3073,1470,one-to-many,dn_1509,hrd_1748 hrd_1749,Giorgio,Giorgio,DET,PRON,nmod,nmod,explicit_ref_case,
3074,1470,one-to-many,dn_1509,hrd_1748 hrd_1749,Giorgio,MISSING,DET,MISSING,nmod,MISSING,leftover_source,
3075,1470,one-to-many,dn_1509,hrd_1748 hrd_1749,Giorgio,MISSING,DET,MISSING,nmod,MISSING,leftover_source,
3076,1471,one-to-one,dn_1510,hrd_1750,Giorgio,Giorgio,NULL,NULL,nsubj,nsubj,zero_zero_single,
3077,1471,one-to-one,dn_1510,hrd_1750,Ippolita,Ippolita,DET,PRON,nmod,nmod,explicit_ref_case,
3078,1472,one-to-one,dn_1511,hrd_1751,Giorgio,Giorgio,PRON,PRON,obj,obj,explicit_full,
3079,1472,one-to-one,dn_1511,hrd_1751,Ippolita,Ippolita,DET,PRON,nmod,nmod,explicit_ref_case,
3080,1473,one-to-one,dn_1512,hrd_1752,Giorgio,Giorgio,PRON,PRON,nsubj,nsubj,explicit_full,
3081,1473,one-to-one,dn_1512,hrd_1752,Ippolita,Ippolita,PRON,PRON,obj,obj,explicit_full,
3082,1474,one-to-one,dn_1513,hrd_1753,Giorgio,Giorgio,NULL,NULL,nsubj,nsubj,zero_zero_single,
3083,1474,one-to-one,dn_1513,hrd_1753,Ippolita,Ippolita,PRON,PRON,obj,obj,explicit_full,
3084,1475,one-to-one,dn_1514,hrd_1754,Giorgio,MISSING,NULL,MISSING,nsubj,MISSING,leftover_source,
3085,1478,one-to-one,dn_1517,hrd_1757,Giorgio,Giorgio,PROPN,PROPN,nsubj,nsubj,explicit_full,
3086,1478,one-to-one,dn_1517,hrd_1757,Giorgio,Giorgio,PRON,PRON,obj,nmod,explicit_ref_pos,
3087,1478,one-to-one,dn_1517,hrd_1757,Giorgio,MISSING,NULL,MISSING,nsubj,MISSING,leftover_source,
3088,1479,one-to-many,dn_1518,hrd_1758 hrd_1759,Giorgio,Giorgio,PRON,PRON,obj,nsubj,explicit_ref_pos,
3089,1479,one-to-many,dn_1518,hrd_1758 hrd_1759,Ippolita,Ippolita,PROPN,PROPN,nsubj,nsubj,explicit_full,
3090,1479,one-to-many,dn_1518,hrd_1758 hrd_1759,MISSING,Ippolita,MISSING,PRON,MISSING,nsubj,leftover_target,
3091,1480,one-to-many,dn_1519,hrd_1760 hrd_1761 hrd_1762,Ippolita,Ippolita,PRON,PRON,obj,obj,explicit_full,
3092,1480,one-to-many,dn_1519,hrd_1760 hrd_1761 hrd_1762,Ippolita,MISSING,PRON,MISSING,nsubj,MISSING,leftover_source,
3093,1480,one-to-many,dn_1519,hrd_1760 hrd_1761 hrd_1762,Ippolita,MISSING,PRON-REFLEX,MISSING,obj,MISSING,leftover_source,
3094,1480,one-to-many,dn_1519,hrd_1760 hrd_1761 hrd_1762,Ippolita,MISSING,PRON,MISSING,obj,MISSING,leftover_source,
3095,1480,one-to-many,dn_1519,hrd_1760 hrd_1761 hrd_1762,Ippolita,MISSING,PRON-REFLEX,MISSING,obj,MISSING,leftover_source,
3096,1480,one-to-many,dn_1519,hrd_1760 hrd_1761 hrd_1762,Ippolita,MISSING,NULL,MISSING,nsubj,MISSING,leftover_source,
3097,1480,one-to-many,dn_1519,hrd_1760 hrd_1761 hrd_1762,Ippolita,MISSING,PRON,MISSING,obj,MISSING,leftover_source,
3098,1480,one-to-many,dn_1519,hrd_1760 hrd_1761 hrd_1762,Ippolita Ippolitas-husband,Ippolita Ippolitas-husband,NULL,NULL,nsubj,nsubj,zero_zero_single,
3099,1480,one-to-many,dn_1519,hrd_1760 hrd_1761 hrd_1762,MISSING,Ippolita Ippolitas-husband,MISSING,NOUN,MISSING,obj,leftover_target,
3100,1480,one-to-many,dn_1519,hrd_1760 hrd_1761 hrd_1762,Ippolitas-husband,Ippolitas-husband,NOUN,NOUN,nsubj,nsubj,explicit_full,
3101,1480,one-to-many,dn_1519,hrd_1760 hrd_1761 hrd_1762,Ippolitas-husband,MISSING,PRON,MISSING,obj,MISSING,leftover_source,
3102,1480,one-to-many,dn_1519,hrd_1760 hrd_1761 hrd_1762,Ippolitas-husband,MISSING,PRON,MISSING,obj,MISSING,leftover_source,
3103,1480,one-to-many,dn_1519,hrd_1760 hrd_1761 hrd_1762,MISSING,Ippolitas-husband,MISSING,NULL,MISSING,nsubj,leftover_target,
3104,1480,one-to-many,dn_1519,hrd_1760 hrd_1761 hrd_1762,MISSING,Ippolitas-husband,MISSING,NULL,MISSING,nsubj,leftover_target,
3105,1480,one-to-many,dn_1519,hrd_1760 hrd_1761 hrd_1762,MISSING,Ippolitas-husband,MISSING,NULL,MISSING,nsubj,leftover_target,
3106,1480,one-to-many,dn_1519,hrd_1760 hrd_1761 hrd_1762,MISSING,Ippolitas-husband,MISSING,NULL,MISSING,nsubj,leftover_target,
3107,1481,one-to-one,dn_1520 dn_1521,hrd_1763 hrd_1764,Ippolita,Ippolita,NULL,NULL,nsubj,nsubj,zero_zero_semantic,0.36195700134158143
3108,1481,one-to-one,dn_1520 dn_1521,hrd_1763 hrd_1764,Ippolita,MISSING,PRON-REFLEX,MISSING,obj,MISSING,leftover_source,
3109,1481,one-to-one,dn_1520 dn_1521,hrd_1763 hrd_1764,Ippolita,MISSING,PRON,MISSING,obj,MISSING,leftover_source,
3110,1481,one-to-one,dn_1520 dn_1521,hrd_1763 hrd_1764,Ippolita,MISSING,PRON,MISSING,obj,MISSING,leftover_source,
3111,1481,one-to-one,dn_1520 dn_1521,hrd_1763 hrd_1764,MISSING,Ippolita,MISSING,NULL,MISSING,nsubj,leftover_target,
3112,1481,one-to-one,dn_1520 dn_1521,hrd_1763 hrd_1764,MISSING,Ippolita,MISSING,NULL,MISSING,nsubj,leftover_target,
3113,1481,one-to-one,dn_1520 dn_1521,hrd_1763 hrd_1764,MISSING,Ippolita,MISSING,NULL,MISSING,nsubj,leftover_target,
3114,1481,one-to-one,dn_1520 dn_1521,hrd_1763 hrd_1764,Ippolitas-husband,Ippolitas-husband,NOUN,NOUN,obj,obj,explicit_full,
3115,1481,one-to-one,dn_1520 dn_1521,hrd_1763 hrd_1764,MISSING,Ippolitas-husband,MISSING,PRON,MISSING,nmod,leftover_target,
3116,1482,one-to-many,dn_1522,hrd_1765 hrd_1766,Giorgio,Giorgio,PROPN,PROPN,vocative,vocative,explicit_full,
3117,1483,one-to-one,dn_1523,hrd_1767,Giorgio,Giorgio,NOUN,NOUN,nmod,nmod,explicit_full,
3118,1483,one-to-one,dn_1523,hrd_1767,Ippolita,Ippolita,PRON,PRON,nsubj,nsubj,explicit_full,
3119,1483,one-to-one,dn_1523,hrd_1767,Ippolita,Ippolita,PRON,PRON,obj,nmod,explicit_ref_pos,
3120,1483,one-to-one,dn_1523,hrd_1767,MISSING,Ippolita,MISSING,NULL,MISSING,nsubj,leftover_target,
3121,1484,one-to-one,dn_1524,hrd_1768,Giorgio Ippolita,Giorgio Ippolita,NULL,NULL,nsubj,nsubj,zero_zero_single,
3122,1485,one-to-one,dn_1525,hrd_1769,Giorgio,Giorgio,PRON,PRON,nsubj,nsubj,explicit_full,
3123,1485,one-to-one,dn_1525,hrd_1769,Giorgio,MISSING,NULL,MISSING,nsubj,MISSING,leftover_source,
3124,1486,one-to-one,dn_1526,hrd_1770,Giorgio,MISSING,NULL,MISSING,nsubj,MISSING,leftover_source,
3125,1486,one-to-one,dn_1526,hrd_1770,MISSING,Giorgio,MISSING,PRON,MISSING,obj,leftover_target,
3126,1487,one-to-many,dn_1527,hrd_1771 hrd_1772,Giorgio,Giorgio,NULL,NULL,nsubj,nsubj,zero_zero_semantic,0.2760969660432291
3127,1487,one-to-many,dn_1527,hrd_1771 hrd_1772,Giorgio,MISSING,NULL,MISSING,nsubj,MISSING,leftover_source,
3128,1487,one-to-many,dn_1527,hrd_1771 hrd_1772,Giorgio,MISSING,PRON-REFLEX,MISSING,obj,MISSING,leftover_source,
3129,1487,one-to-many,dn_1527,hrd_1771 hrd_1772,Ippolita,Ippolita,PRON,PRON,obj,obj,explicit_full,
3130,1487,one-to-many,dn_1527,hrd_1771 hrd_1772,Ippolitas-husband,Ippolitas-husband,NOUN,NOUN,nmod,nsubj,explicit_ref_pos,
3131,1488,one-to-one,dn_1528,hrd_1773,Giorgio,Giorgio,DET,PRON,nmod,nmod,explicit_ref_case,
3132,1488,one-to-one,dn_1528,hrd_1773,Giorgio,Giorgio,NULL,PRON,nsubj,nsubj,zero_to_tgt_anchor,
3133,1488,one-to-one,dn_1528,hrd_1773,Ippolita,Ippolita,PRON,PRON,obj,obj,explicit_full,
3134,1488,one-to-one,dn_1528,hrd_1773,Ippolita,MISSING,PRON,MISSING,obj,MISSING,leftover_source,
3135,1489,one-to-one,dn_1529,hrd_1774,MISSING,Giorgio,MISSING,PRON,MISSING,nsubj,leftover_target,
3136,1490,one-to-one,dn_1530,hrd_1775,Giorgio,Giorgio,DET,PRON,nmod,nmod,explicit_ref_case,
3137,1490,one-to-one,dn_1530,hrd_1775,Giorgio,Giorgio,NULL,NULL,nsubj,nsubj,zero_zero_single,
3138,1491,one-to-one,dn_1532,hrd_1776,MISSING,Giorgio,MISSING,NULL,MISSING,nsubj,leftover_target,
3139,1491,one-to-one,dn_1532,hrd_1776,Ippolita,Ippolita,PRON,PRON,obj,obj,explicit_full,
3140,1491,one-to-one,dn_1532,hrd_1776,Ippolita,Ippolita,NULL,NULL,nsubj,nsubj,zero_zero_semantic,0.19701131731271743
3141,1491,one-to-one,dn_1532,hrd_1776,Ippolita,Ippolita,NULL,NULL,nsubj,nsubj,zero_zero_semantic,0.23086945781340967
3142,1492,one-to-one,dn_1533,hrd_1777,Giorgio,Giorgio,PRON,PRON,nsubj,nsubj,explicit_full,
3143,1493,one-to-many,dn_1534,hrd_1778 hrd_1779,Giorgio,Giorgio,DET,PRON,nmod,nmod,explicit_ref_case,
3144,1493,one-to-many,dn_1534,hrd_1778 hrd_1779,Ippolita,Ippolita,PRON,PRON,obj,obj,explicit_full,
3145,1493,one-to-many,dn_1534,hrd_1778 hrd_1779,Ippolita,Ippolita,PRON,PRON,obj,obj,explicit_full,
3146,1493,one-to-many,dn_1534,hrd_1778 hrd_1779,Ippolita,Ippolita,PRON,PRON,obj,obj,explicit_full,
3147,1493,one-to-many,dn_1534,hrd_1778 hrd_1779,Ippolita,MISSING,PRON,MISSING,obj,MISSING,leftover_source,
3148,1497,one-to-one,dn_1538,hrd_1783,Ippolita,Ippolita,PROPN,PROPN,vocative,vocative,explicit_full,
3149,1497,one-to-one,dn_1538,hrd_1783,Ippolita,Ippolita,NULL,NULL,nsubj,nsubj,zero_zero_semantic,0.2773443288330374
3150,1497,one-to-one,dn_1538,hrd_1783,Ippolita,Ippolita,NULL,NULL,nsubj,nsubj,zero_zero_semantic,0.2632740489367781
3151,1498,one-to-one,dn_1539,hrd_1784,Giorgio,Giorgio,NULL,NULL,nsubj,nsubj,zero_zero_semantic,0.24101875871419906
3152,1498,one-to-one,dn_1539,hrd_1784,MISSING,Giorgio,MISSING,NULL,MISSING,nsubj,leftover_target,
3153,1498,one-to-one,dn_1539,hrd_1784,MISSING,Giorgio,MISSING,NULL,MISSING,nsubj,leftover_target,
3154,1498,one-to-one,dn_1539,hrd_1784,Ippolita,Ippolita,PRON,PRON,obj,obj,explicit_full,
3155,1498,one-to-one,dn_1539,hrd_1784,Ippolita,MISSING,PRON,MISSING,obj,MISSING,leftover_source,
3156,1498,one-to-one,dn_1539,hrd_1784,Ippolita,MISSING,PRON,MISSING,obj,MISSING,leftover_source,
3157,1499,one-to-one,dn_1540,hrd_1785,Giorgio,Giorgio,NULL,PRON,nsubj,nsubj,zero_to_tgt_anchor,
3158,1499,one-to-one,dn_1540,hrd_1785,Ippolita,Ippolita,PRON,PRON,obj,obj,explicit_full,
3159,1500,one-to-one,dn_1541,hrd_1786,Giorgio,MISSING,PRON,MISSING,obj,MISSING,leftover_source,
3160,1500,one-to-one,dn_1541,hrd_1786,Ippolita,Ippolita,DET,PRON,nmod,nmod,explicit_ref_case,
3161,1500,one-to-one,dn_1541,hrd_1786,Ippolita,Ippolita,NULL,NULL,nsubj,nsubj,zero_zero_single,
3162,1501,one-to-one,dn_1542,hrd_1787,Giorgio,Giorgio,PRON,NULL,nsubj,nsubj,zero_to_src_anchor,
3163,1502,one-to-one,dn_1543,hrd_1788,Giorgio,Giorgio,PRON,PRON,obj,nmod,explicit_ref_pos,
3164,1502,one-to-one,dn_1543,hrd_1788,Giorgio,Giorgio,NULL,NULL,nsubj,nsubj,zero_zero_single,
3165,1502,one-to-one,dn_1543,hrd_1788,Giorgio,MISSING,PRON,MISSING,obj,MISSING,leftover_source,
3166,1502,one-to-one,dn_1543,hrd_1788,Ippolita,Ippolita,DET,PRON,nmod,nmod,explicit_ref_case,
3167,1502,one-to-one,dn_1543,hrd_1788,Ippolitas-husband,Ippolitas-husband,DET,DET,nmod,nmod,explicit_full,
3168,1505,one-to-one,dn_1546,hrd_1791,Giorgio,Giorgio,PROPN,PROPN,vocative,vocative,explicit_full,
3169,1506,one-to-one,dn_1547,hrd_1792,Giorgio Ippolita,Giorgio Ippolita,NULL,NULL,nsubj,nsubj,zero_zero_single,
3170,1507,one-to-one,dn_1548,hrd_1793,Giorgio,Giorgio,NOUN,NOUN,nmod,nmod,explicit_full,
3171,1507,one-to-one,dn_1548,hrd_1793,Giorgio,Giorgio,PRON,DET,obj,nmod,explicit_ref_only,
3172,1507,one-to-one,dn_1548,hrd_1793,Ippolita,Ippolita,PROPN,PROPN,nsubj,nsubj,explicit_full,
3173,1507,one-to-one,dn_1548,hrd_1793,Ippolita,Ippolita,DET,PRON,nmod,nmod,explicit_ref_case,
3174,1507,one-to-one,dn_1548,hrd_1793,Ippolita,Ippolita,NULL,NULL,nsubj,nsubj,zero_zero_semantic,0.27522575764023527
3175,1507,one-to-one,dn_1548,hrd_1793,MISSING,Ippolita,MISSING,NULL,MISSING,nsubj,leftover_target,
3176,1508,one-to-one,dn_1549,hrd_1794,Giorgio,Giorgio,PROPN,PROPN,vocative,vocative,explicit_full,
3177,1508,one-to-one,dn_1549,hrd_1794,Giorgio,MISSING,PRON,MISSING,obj,MISSING,leftover_source,
3178,1508,one-to-one,dn_1549,hrd_1794,Ippolita,MISSING,NULL,MISSING,nsubj,MISSING,leftover_source,
3179,1509,one-to-one,dn_1550,hrd_1795,Giorgio,Giorgio,PRON,PRON,obj,obj,explicit_full,
3180,1509,one-to-one,dn_1550,hrd_1795,Ippolita,Ippolita,PRON,PRON,nsubj,nsubj,explicit_full,
3181,1510,one-to-many,dn_1551,hrd_1796 hrd_1797,Giorgio,Giorgio,PRON,PRON,nsubj,nsubj,explicit_full,
3182,1510,one-to-many,dn_1551,hrd_1796 hrd_1797,Giorgio,Giorgio,NULL,NULL,nsubj,nsubj,zero_zero_semantic,0.31858756891641177
3183,1510,one-to-many,dn_1551,hrd_1796 hrd_1797,Giorgio,Giorgio,NULL,NULL,nsubj,nsubj,zero_zero_semantic,0.31994746868551305
3184,1510,one-to-many,dn_1551,hrd_1796 hrd_1797,Giorgio,MISSING,PRON,MISSING,obj,MISSING,leftover_source,
3185,1510,one-to-many,dn_1551,hrd_1796 hrd_1797,MISSING,Giorgio,MISSING,NULL,MISSING,nsubj,leftover_target,
3186,1510,one-to-many,dn_1551,hrd_1796 hrd_1797,MISSING,Giorgio,MISSING,NULL,MISSING,nsubj,leftover_target,
3187,1511,one-to-one,dn_1552,hrd_1798,Giorgio Ippolita,Giorgio Ippolita,NULL,PRON,nsubj,nsubj,zero_to_tgt_anchor,
3188,1512,one-to-one,dn_1553,hrd_1799,Giorgio Ippolita,Giorgio Ippolita,NULL,NULL,nsubj,nsubj,zero_zero_single,
3189,1513,one-to-one,dn_1554,hrd_1800,Giorgio Ippolita,Giorgio Ippolita,NULL,PRON,nsubj,nsubj,zero_to_tgt_anchor,
3190,1514,one-to-one,dn_1555,hrd_1801,Giorgio Ippolita,Giorgio Ippolita,PRON,PRON,obj,obj,explicit_full,
3191,1515,one-to-one,dn_1556,hrd_1802,Giorgio Ippolita,Giorgio Ippolita,PRON,PRON,obj,obj,explicit_full,
3192,1516,one-to-one,dn_1557,hrd_1803,Giorgio Ippolita,Giorgio Ippolita,PRON,PRON,nsubj,nsubj,explicit_full,
3193,1516,one-to-one,dn_1557,hrd_1803,Giorgio Ippolita,Giorgio Ippolita,DET,PRON,nmod,nmod,explicit_ref_case,
3194,1516,one-to-one,dn_1557,hrd_1803,Giorgio Ippolita,MISSING,DET,MISSING,nmod,MISSING,leftover_source,
3195,1517,one-to-one,dn_1558,hrd_1804,Giorgio Ippolita,Giorgio Ippolita,DET,PRON,nmod,nmod,explicit_ref_case,
3196,1517,one-to-one,dn_1558,hrd_1804,Giorgio Ippolita,Giorgio Ippolita,DET,PRON,nmod,nmod,explicit_ref_case,
3197,1518,one-to-one,dn_1559,hrd_1805,Giorgio,Giorgio,PROPN,PROPN,nsubj,nsubj,explicit_full,
3198,1520,one-to-one,dn_1561,hrd_1807,Ippolita,Ippolita,PROPN,PROPN,nsubj,nsubj,explicit_full,
3199,1521,one-to-one,dn_1562,hrd_1808,Ippolita,Ippolita,NULL,NULL,nsubj,nsubj,zero_zero_single,
3200,1522,one-to-one,dn_1563,hrd_1809,Giorgio,Giorgio,DET,PRON,nmod,nmod,explicit_ref_case,
3201,1522,one-to-one,dn_1563,hrd_1809,Ippolita,Ippolita,PRON,PRON,obj,nsubj,explicit_ref_pos,
3202,1523,one-to-many,dn_1564,hrd_1810 hrd_1811,Giorgio Ippolita,Giorgio Ippolita,PRON,PRON,nsubj,nsubj,explicit_full,
3203,1523,one-to-many,dn_1564,hrd_1810 hrd_1811,Giorgio Ippolita,Giorgio Ippolita,PRON,PRON,nmod,nmod,explicit_full,
3204,1523,one-to-many,dn_1564,hrd_1810 hrd_1811,Giorgio Ippolita,Giorgio Ippolita,PRON,NOUN,obj,obj,explicit_ref_case,
3205,1523,one-to-many,dn_1564,hrd_1810 hrd_1811,Giorgio Ippolita,MISSING,PRON,MISSING,obj,MISSING,leftover_source,
3206,1523,one-to-many,dn_1564,hrd_1810 hrd_1811,Giorgio Ippolita,MISSING,PRON,MISSING,obj,MISSING,leftover_source,
3207,1523,one-to-many,dn_1564,hrd_1810 hrd_1811,MISSING,Giorgio Ippolita,MISSING,NULL,MISSING,nsubj,leftover_target,
3208,1523,one-to-many,dn_1564,hrd_1810 hrd_1811,MISSING,Giorgio Ippolita,MISSING,NULL,MISSING,nsubj,leftover_target,
3209,1523,one-to-many,dn_1564,hrd_1810 hrd_1811,MISSING,Giorgio Ippolita,MISSING,NULL,MISSING,nsubj,leftover_target,
3210,1523,one-to-many,dn_1564,hrd_1810 hrd_1811,MISSING,Giorgio Ippolita,MISSING,NULL,MISSING,nsubj,leftover_target,
3211,1524,one-to-one,dn_1565,hrd_1812,Giorgio Ippolita,Giorgio Ippolita,NULL,NULL,nsubj,nsubj,zero_zero_semantic,0.3475443737976479
3212,1524,one-to-one,dn_1565,hrd_1812,Giorgio Ippolita,MISSING,NULL,MISSING,nsubj,MISSING,leftover_source,
3213,1524,one-to-one,dn_1565,hrd_1812,pavers,pavers,NOUN,NOUN,nsubj,nsubj,explicit_full,
3214,1525,one-to-one,dn_1566,hrd_1813,Giorgio Ippolita,Giorgio Ippolita,DET,PRON,nmod,nmod,explicit_ref_case,
3215,1526,one-to-one,dn_1567,hrd_1814,Giorgio,Giorgio,PROPN,NOUN,nsubj,nsubj,explicit_ref_case,
3216,1526,one-to-one,dn_1567,hrd_1814,Giorgio,MISSING,PRON,MISSING,obj,MISSING,leftover_source,
3217,1526,one-to-one,dn_1567,hrd_1814,MISSING,Giorgio,MISSING,NULL,MISSING,nsubj,leftover_target,
3218,1528,one-to-many,dn_1569,hrd_1816 hrd_1817 hrd_1818,Giorgio,Giorgio,PRON,PRON,obj,obj,explicit_full,
3219,1528,one-to-many,dn_1569,hrd_1816 hrd_1817 hrd_1818,Giorgio,Giorgio,PRON,PRON,nsubj,nsubj,explicit_full,
3220,1528,one-to-many,dn_1569,hrd_1816 hrd_1817 hrd_1818,Giorgio,Giorgio,PRON,PRON,obj,obj,explicit_full,
3221,1528,one-to-many,dn_1569,hrd_1816 hrd_1817 hrd_1818,Giorgio,Giorgio,PRON,PRON,nsubj,nsubj,explicit_full,
3222,1529,one-to-one,dn_1570,hrd_1819,Giorgio,Giorgio,PRON,PRON,obj,obj,explicit_full,
3223,1530,one-to-one,dn_1571,hrd_1820,Giorgio,Giorgio,PRON,PRON,nsubj,nsubj,explicit_full,
3224,1531,one-to-one,dn_1572,hrd_1821,Giorgio Ippolita,Giorgio Ippolita,PRON,PRON,nsubj,nsubj,explicit_full,
3225,1531,one-to-one,dn_1572,hrd_1821,Giorgio Ippolita,MISSING,PRON-REFLEX,MISSING,obj,MISSING,leftover_source,
3226,1532,one-to-one,dn_1575,hrd_1822,Giorgio,Giorgio,PRON,PRON,nsubj,nsubj,explicit_full,
3227,1532,one-to-one,dn_1575,hrd_1822,Giorgio,Giorgio,PRON,PRON,obj,nmod,explicit_ref_pos,
3228,1533,one-to-one,dn_1576,hrd_1823,Giorgio,Giorgio,NULL,PRON,nsubj,nsubj,zero_to_tgt_anchor,
3229,1534,one-to-one,dn_1577,hrd_1824,AlfonsoExili,AlfonsoExili,PROPN,PROPN,obj,obj,explicit_full,
3230,1534,one-to-one,dn_1577,hrd_1824,Giorgio,Giorgio,NULL,NULL,nsubj,nsubj,zero_zero_single,
3231,1534,one-to-one,dn_1577,hrd_1824,Giorgio,MISSING,DET,MISSING,nmod,MISSING,leftover_source,
3232,1534,one-to-one,dn_1577,hrd_1824,Giorgio,MISSING,PRON,MISSING,obj,MISSING,leftover_source,
3233,1535,one-to-one,dn_1578,hrd_1825,Giorgio,Giorgio,PRON,PRON,obj,obj,explicit_full,
3234,1535,one-to-one,dn_1578,hrd_1825,MISSING,Giorgio,MISSING,NULL,MISSING,nsubj,leftover_target,
3235,1535,one-to-one,dn_1578,hrd_1825,Ippolita,Ippolita,PROPN,PROPN,nsubj,nsubj,explicit_full,
3236,1535,one-to-one,dn_1578,hrd_1825,Ippolita,MISSING,NULL,MISSING,nsubj,MISSING,leftover_source,
3237,1537,one-to-one,dn_1580,hrd_1827,Giorgio,Giorgio,PRON,PRON,obj,obj,explicit_full,
3238,1537,one-to-one,dn_1580,hrd_1827,Ippolita,Ippolita,PRON,PRON,nsubj,nsubj,explicit_full,
3239,1538,one-to-one,dn_1581,hrd_1828,Ippolita,Ippolita,PRON,PRON,nsubj,nsubj,explicit_full,
3240,1538,one-to-one,dn_1581,hrd_1828,MISSING,Ippolita,MISSING,NULL,MISSING,nsubj,leftover_target,
3241,1538,one-to-one,dn_1581,hrd_1828,MISSING,Ippolita,MISSING,NULL,MISSING,nsubj,leftover_target,
3242,1539,one-to-one,dn_1582,hrd_1829,Giorgio,Giorgio,PRON,PRON,obj,obj,explicit_full,
3243,1539,one-to-one,dn_1582,hrd_1829,Giorgio,Giorgio,DET,PRON,nmod,nmod,explicit_ref_case,
3244,1539,one-to-one,dn_1582,hrd_1829,Ippolita,Ippolita,PRON,PRON,nsubj,nsubj,explicit_full,
3245,1540,one-to-many,dn_1583,hrd_1830 hrd_1831,Giorgio,Giorgio,PRON,PRON,obj,obj,explicit_full,
3246,1540,one-to-many,dn_1583,hrd_1830 hrd_1831,Giorgio,Giorgio,DET,PRON,nmod,nmod,explicit_ref_case,
3247,1540,one-to-many,dn_1583,hrd_1830 hrd_1831,MISSING,Giorgio,MISSING,PRON,MISSING,nmod,leftover_target,
3248,1540,one-to-many,dn_1583,hrd_1830 hrd_1831,Ippolita,Ippolita,PRON,PRON,nsubj,nsubj,explicit_full,
3249,1540,one-to-many,dn_1583,hrd_1830 hrd_1831,Ippolita,Ippolita,NULL,NULL,nsubj,nsubj,zero_zero_semantic,0.13157602445956168
3250,1540,one-to-many,dn_1583,hrd_1830 hrd_1831,MISSING,Ippolita,MISSING,NULL,MISSING,nsubj,leftover_target,
3251,1541,one-to-one,dn_1584,hrd_1832,Giorgio,Giorgio,PRON,PRON,nsubj,nsubj,explicit_full,
3252,1541,one-to-one,dn_1584,hrd_1832,Giorgio,MISSING,PRON,MISSING,obj,MISSING,leftover_source,
3253,1541,one-to-one,dn_1584,hrd_1832,MISSING,Giorgio,MISSING,NULL,MISSING,nsubj,leftover_target,
3254,1541,one-to-one,dn_1584,hrd_1832,MISSING,Giorgio,MISSING,NULL,MISSING,nsubj,leftover_target,
3255,1541,one-to-one,dn_1584,hrd_1832,Ippolita,Ippolita,PROPN,PROPN,obj,nmod,explicit_ref_pos,
3256,1541,one-to-one,dn_1584,hrd_1832,Ippolita,Ippolita,PRON,DET,obj,nmod,explicit_ref_only,
3257,1542,one-to-one,dn_1585,hrd_1833,Ippolita,Ippolita,NULL,NULL,nsubj,nsubj,zero_zero_single,
3258,1543,one-to-one,dn_1586,hrd_1834,Giorgio,MISSING,PRON,MISSING,obj,MISSING,leftover_source,
3259,1543,one-to-one,dn_1586,hrd_1834,Ippolita,Ippolita,NULL,NULL,nsubj,nsubj,zero_zero_single,
3260,1544,one-to-one,dn_1587,hrd_1835,Giorgio,MISSING,NULL,MISSING,nsubj,MISSING,leftover_source,
3261,1545,one-to-one,dn_1588,hrd_1836,Ippolita,Ippolita,PROPN,PROPN,nsubj,nsubj,explicit_full,
3262,1547,one-to-one,dn_1590,hrd_1838,Giorgio,Giorgio,PROPN,PROPN,nsubj,nsubj,explicit_full,
3263,1547,one-to-one,dn_1590,hrd_1838,Giorgio,Giorgio,NULL,NULL,nsubj,nsubj,zero_zero_single,
3264,1547,one-to-one,dn_1590,hrd_1838,Ippolita,Ippolita,PRON,PRON,obj,nmod,explicit_ref_pos,
3265,1548,one-to-one,dn_1591,hrd_1839,Giorgio,Giorgio,NULL,PRON,nsubj,nsubj,zero_to_tgt_anchor,
3266,1549,one-to-one,dn_1592,hrd_1840,Ippolita,Ippolita,PRON,PRON,nsubj,nsubj,explicit_full,
3267,1550,one-to-one,dn_1593,hrd_1841,Ippolita,MISSING,PROPN,MISSING,nsubj,MISSING,leftover_source,
3268,1551,one-to-one,dn_1594,hrd_1842,Ippolita,Ippolita,PRON,PRON,obj,nsubj,explicit_ref_pos,
3269,1551,one-to-one,dn_1594,hrd_1842,Ippolita,MISSING,NULL,MISSING,nsubj,MISSING,leftover_source,
3270,1551,one-to-one,dn_1594,hrd_1842,Ippolita,MISSING,NULL,MISSING,nsubj,MISSING,leftover_source,
3271,1551,one-to-one,dn_1594,hrd_1842,MISSING,Ippolita,MISSING,PRON,MISSING,nmod,leftover_target,
3272,1552,one-to-one,dn_1595,hrd_1843,Giorgio,Giorgio,PRON,NULL,nsubj,nsubj,zero_to_src_anchor,
3273,1553,one-to-one,dn_1596,hrd_1844,Ippolita,Ippolita,PRON,PRON,nsubj,nsubj,explicit_full,
3274,1554,one-to-one,dn_1597,hrd_1845,Giorgio,Giorgio,PROPN,PROPN,nsubj,nsubj,explicit_full,
3275,1554,one-to-one,dn_1597,hrd_1845,Giorgio,MISSING,DET,MISSING,nmod,MISSING,leftover_source,
3276,1554,one-to-one,dn_1597,hrd_1845,Ippolita,Ippolita,PRON,PRON,obj,obj,explicit_full,
3277,1555,one-to-many,dn_1598,hrd_1846 hrd_1847,Giorgio,Giorgio,PRON,PRON,obj,obj,explicit_full,
3278,1555,one-to-many,dn_1598,hrd_1846 hrd_1847,Ippolita,Ippolita,PRON,PRON,nsubj,nsubj,explicit_full,
3279,1556,one-to-many,dn_1599,hrd_1848 hrd_1849,Giorgio,Giorgio,PRON,PRON,nsubj,nsubj,explicit_full,
3280,1556,one-to-many,dn_1599,hrd_1848 hrd_1849,Giorgio,Giorgio,PRON,PRON,obj,obj,explicit_full,
3281,1556,one-to-many,dn_1599,hrd_1848 hrd_1849,Ippolita,Ippolita,PRON,PRON,obj,obj,explicit_full,
3282,1556,one-to-many,dn_1599,hrd_1848 hrd_1849,Ippolita,Ippolita,PRON,PRON,nsubj,nsubj,explicit_full,
3283,1556,one-to-many,dn_1599,hrd_1848 hrd_1849,Ippolita,Ippolita,DET,PRON,nmod,nmod,explicit_ref_case,
3284,1556,one-to-many,dn_1599,hrd_1848 hrd_1849,Ippolita,Ippolita,DET,PRON,nmod,nmod,explicit_ref_case,
3285,1557,one-to-one,dn_1600,hrd_1850,Ippolita,Ippolita,PRON,PRON,nsubj,nsubj,explicit_full,
3286,1557,one-to-one,dn_1600,hrd_1850,Ippolita,MISSING,PRON,MISSING,obj,MISSING,leftover_source,
3287,1557,one-to-one,dn_1600,hrd_1850,MISSING,Ippolita,MISSING,NULL,MISSING,nsubj,leftover_target,
3288,1558,one-to-one,dn_1601,hrd_1851,Giorgio,Giorgio,PRON,NULL,nsubj,nsubj,zero_to_src_anchor,
3289,1559,one-to-one,dn_1602,hrd_1852,Giorgio,Giorgio,PRON,PRON,nsubj,nsubj,explicit_full,
3290,1559,one-to-one,dn_1602,hrd_1852,MISSING,Giorgio,MISSING,NULL,MISSING,nsubj,leftover_target,
3291,1559,one-to-one,dn_1602,hrd_1852,Ippolita,Ippolita,PRON,PRON,obj,nmod,explicit_ref_pos,
3292,1560,one-to-one,dn_1603,hrd_1853,Giorgio,Giorgio,DET,PRON,nmod,nmod,explicit_ref_case,
3293,1560,one-to-one,dn_1603,hrd_1853,Ippolita,Ippolita,PRON,PRON,nsubj,nsubj,explicit_full,
3294,1561,one-to-one,dn_1604,hrd_1854,Giorgio,Giorgio,NOUN,NOUN,nmod,nsubj,explicit_ref_pos,
3295,1561,one-to-one,dn_1604,hrd_1854,Ippolita,Ippolita,PRON,PRON,nsubj,nsubj,explicit_full,
3296,1562,one-to-one,dn_1605,hrd_1855,Giorgio Ippolita,Giorgio Ippolita,NULL,NULL,nsubj,nsubj,zero_zero_semantic,0.3297939673558107
3297,1562,one-to-one,dn_1605,hrd_1855,Giorgio Ippolita,Giorgio Ippolita,NULL,NULL,nsubj,nsubj,zero_zero_semantic,0.529956115965929
3298,1562,one-to-one,dn_1605,hrd_1855,MISSING,Giorgio Ippolita,MISSING,NOUN,MISSING,nsubj,leftover_target,
3299,1562,one-to-one,dn_1605,hrd_1855,Ippolita,Ippolita,NULL,NULL,nsubj,nsubj,zero_zero_single,
3300,1563,one-to-one,dn_1606,hrd_1856,Giorgio,Giorgio,PRON,PRON,obj,obj,explicit_full,
3301,1563,one-to-one,dn_1606,hrd_1856,Ippolita,Ippolita,NULL,NULL,nsubj,nsubj,zero_zero_single,
3302,1564,one-to-one,dn_1607,hrd_1857,Giorgio Ippolita,Giorgio Ippolita,NULL,NULL,nsubj,nsubj,zero_zero_semantic,0.2627567648887634
3303,1564,one-to-one,dn_1607,hrd_1857,MISSING,Giorgio Ippolita,MISSING,NULL,MISSING,nsubj,leftover_target,
3304,1565,one-to-one,dn_1608,hrd_1858,Giorgio Ippolita,Giorgio Ippolita,DET,PRON,nmod,nmod,explicit_ref_case,
3305,1566,one-to-one,dn_1609,hrd_1859,Giorgio,Giorgio,PRON,PRON,obj,obj,explicit_full,
3306,1566,one-to-one,dn_1609,hrd_1859,Ippolita,Ippolita,NULL,NULL,nsubj,nsubj,zero_zero_single,
3307,1567,one-to-one,dn_1610,hrd_1860,Giorgio,Giorgio,PROPN,PROPN,nsubj,nsubj,explicit_full,
3308,1568,one-to-many,dn_1611,hrd_1861 hrd_1862,Giorgio Ippolita,Giorgio Ippolita,NULL,NULL,nsubj,nsubj,zero_zero_semantic,0.27618782294102207
3309,1568,one-to-many,dn_1611,hrd_1861 hrd_1862,Giorgio Ippolita,Giorgio Ippolita,NULL,NULL,nsubj,nsubj,zero_zero_semantic,0.17121724303716268
3310,1568,one-to-many,dn_1611,hrd_1861 hrd_1862,Giorgio Ippolita,MISSING,NULL,MISSING,nsubj,MISSING,leftover_source,
3311,1569,one-to-one,dn_1612,hrd_1863,Giorgio,Giorgio,PRON,PRON,obj,obj,explicit_full,
3312,1569,one-to-one,dn_1612,hrd_1863,Ippolita,Ippolita,PRON,PRON,nsubj,nsubj,explicit_full,
3313,1570,many-to-one,dn_1613 dn_1614,hrd_1864,Ippolita,Ippolita,PRON,PRON,nsubj,nsubj,explicit_full,
3314,1570,many-to-one,dn_1613 dn_1614,hrd_1864,Ippolita,Ippolita,NULL,NULL,nsubj,nsubj,zero_zero_single,
3315,1571,one-to-one,dn_1615,hrd_1865,Ippolita,MISSING,PRON,MISSING,obj,MISSING,leftover_source,
3316,1572,one-to-one,dn_1616,hrd_1866,Giorgio,Giorgio,DET,PRON,nmod,nmod,explicit_ref_case,
3317,1572,one-to-one,dn_1616,hrd_1866,Ippolita,Ippolita,PRON,PRON,nsubj,nsubj,explicit_full,
3318,1573,one-to-one,dn_1617,hrd_1867,Giorgio Ippolita,Giorgio Ippolita,NULL,NULL,nsubj,nsubj,zero_zero_semantic,0.28609251457711926
3319,1573,one-to-one,dn_1617,hrd_1867,MISSING,Giorgio Ippolita,MISSING,NOUN,MISSING,nsubj,leftover_target,
3320,1573,one-to-one,dn_1617,hrd_1867,MISSING,Giorgio Ippolita,MISSING,NULL,MISSING,nsubj,leftover_target,
3321,1573,one-to-one,dn_1617,hrd_1867,Ippolita,MISSING,PRON,MISSING,obj,MISSING,leftover_source,
3322,1574,one-to-one,dn_1618,hrd_1868,Giorgio Ippolita,Giorgio Ippolita,NULL,NULL,nsubj,nsubj,zero_zero_single,
3323,1575,one-to-one,dn_1619,hrd_1869,Ippolita,Ippolita,PROPN,PROPN,nsubj,nsubj,explicit_full,
3324,1575,one-to-one,dn_1619,hrd_1869,Ippolita,Ippolita,DET,PRON,nmod,nmod,explicit_ref_case,
3325,1575,one-to-one,dn_1619,hrd_1869,MISSING,Ippolita,MISSING,NULL,MISSING,nsubj,leftover_target,
3326,1576,one-to-one,dn_1620,hrd_1870,MISSING,Giorgio Ippolita,MISSING,NULL,MISSING,nsubj,leftover_target,
3327,1576,one-to-one,dn_1620,hrd_1870,MISSING,Ippolita,MISSING,NULL,MISSING,nsubj,leftover_target,
3328,1579,one-to-many,dn_1623,hrd_1873 hrd_1874 hrd_1875,Giorgio,Giorgio,PROPN,PROPN,nsubj,nsubj,explicit_full,
3329,1579,one-to-many,dn_1623,hrd_1873 hrd_1874 hrd_1875,Giorgio,Giorgio,NULL,NULL,nsubj,nsubj,zero_zero_single,
3330,1579,one-to-many,dn_1623,hrd_1873 hrd_1874 hrd_1875,Ippolita,Ippolita,PRON,PRON,nsubj,nsubj,explicit_full,
3331,1579,one-to-many,dn_1623,hrd_1873 hrd_1874 hrd_1875,Ippolita,Ippolita,PRON,PRON,obj,obj,explicit_full,
3332,1579,one-to-many,dn_1623,hrd_1873 hrd_1874 hrd_1875,Ippolita,Ippolita,PRON,PRON,nsubj,nsubj,explicit_full,
3333,1579,one-to-many,dn_1623,hrd_1873 hrd_1874 hrd_1875,Ippolita,Ippolita,NULL,NULL,nsubj,nsubj,zero_zero_single,
3334,1579,one-to-many,dn_1623,hrd_1873 hrd_1874 hrd_1875,Ippolita,MISSING,PRON,MISSING,obj,MISSING,leftover_source,
3335,1581,many-to-one,dn_1625 dn_1626,hrd_1878,Ippolita,Ippolita,PRON,PRON,nsubj,nsubj,explicit_full,
3336,1581,many-to-one,dn_1625 dn_1626,hrd_1878,MISSING,Ippolita,MISSING,NULL,MISSING,nsubj,leftover_target,
3337,1582,one-to-one,dn_1627,hrd_1879,Giorgio,Giorgio,NULL,NULL,nsubj,nsubj,zero_zero_single,
3338,1583,one-to-one,dn_1628,hrd_1880,Giorgio,Giorgio,PROPN,PROPN,obj,obj,explicit_full,
3339,1583,one-to-one,dn_1628,hrd_1880,Ippolita,Ippolita,PRON,PRON,nsubj,nsubj,explicit_full,
3340,1583,one-to-one,dn_1628,hrd_1880,MISSING,Ippolita,MISSING,NULL,MISSING,nsubj,leftover_target,
3341,1585,one-to-one,dn_1630,hrd_1882,Ippolita,Ippolita,NULL,NULL,nsubj,nsubj,zero_zero_single,
3342,1586,one-to-one,dn_1631,hrd_1883,Pancrazio,Pancrazio,PROPN,NOUN,nsubj,nsubj,explicit_ref_case,
3343,1587,one-to-one,dn_1632,hrd_1884,Giorgio,Giorgio,PROPN,PROPN,obj,obj,explicit_full,
3344,1587,one-to-one,dn_1632,hrd_1884,Pancrazio,Pancrazio,NULL,NULL,nsubj,nsubj,zero_zero_single,
3345,1588,one-to-one,dn_1633,hrd_1885,Giorgio,Giorgio,NOUN,NOUN,nmod,nmod,explicit_full,
3346,1588,one-to-one,dn_1633,hrd_1885,Pancrazio,Pancrazio,PRON,PRON,nsubj,nsubj,explicit_full,
3347,1588,one-to-one,dn_1633,hrd_1885,Pancrazio,MISSING,PRON,MISSING,obj,MISSING,leftover_source,
3348,1588,one-to-one,dn_1633,hrd_1885,MISSING,Pancrazio,MISSING,NULL,MISSING,nsubj,leftover_target,
3349,1589,one-to-many,dn_1634,hrd_1886 hrd_1887 hrd_1888,MISSING,Ippolita,MISSING,PRON,MISSING,obj,leftover_target,
3350,1589,one-to-many,dn_1634,hrd_1886 hrd_1887 hrd_1888,Pancrazio,Pancrazio,NULL,NULL,nsubj,nsubj,zero_zero_semantic,0.34387985714103864
3351,1589,one-to-many,dn_1634,hrd_1886 hrd_1887 hrd_1888,Pancrazio,MISSING,PRON,MISSING,obj,MISSING,leftover_source,
3352,1589,one-to-many,dn_1634,hrd_1886 hrd_1887 hrd_1888,Pancrazio,MISSING,PRON,MISSING,obj,MISSING,leftover_source,
3353,1589,one-to-many,dn_1634,hrd_1886 hrd_1887 hrd_1888,MISSING,Pancrazio,MISSING,NULL,MISSING,nsubj,leftover_target,
3354,1589,one-to-many,dn_1634,hrd_1886 hrd_1887 hrd_1888,MISSING,Pancrazio,MISSING,NULL,MISSING,nsubj,leftover_target,
3355,1590,one-to-one,dn_1635,hrd_1889,Giorgio Ippolita,Giorgio Ippolita,PRON,NOUN,obj,nsubj,explicit_ref_only,
3356,1590,one-to-one,dn_1635,hrd_1889,Giorgio Ippolita,MISSING,PRON,MISSING,obj,MISSING,leftover_source,
3357,1590,one-to-one,dn_1635,hrd_1889,Pancrazio,Pancrazio,NULL,PRON,nsubj,nsubj,zero_to_tgt_anchor,
3358,1591,many-to-one,dn_1636 dn_1637,hrd_1890,Pancrazio,Pancrazio,PROPN,PROPN,nsubj,nsubj,explicit_full,
3359,1591,many-to-one,dn_1636 dn_1637,hrd_1890,MISSING,Pancrazio,MISSING,NULL,MISSING,nsubj,leftover_target,
3360,1592,one-to-one,dn_1638,hrd_1891,Ippolita,Ippolita,PROPN,PROPN,nsubj,nsubj,explicit_full,
3361,1592,one-to-one,dn_1638,hrd_1891,Ippolita,MISSING,NULL,MISSING,nsubj,MISSING,leftover_source,
3362,1593,one-to-one,dn_1639,hrd_1892,Giorgio Ippolita,Giorgio Ippolita,NULL,NULL,nsubj,nsubj,zero_zero_single,
3363,1594,one-to-one,dn_1640,hrd_1893,Pancrazio,Pancrazio,PROPN,NOUN,nsubj,nsubj,explicit_ref_case,
3364,1595,one-to-one,dn_1641,hrd_1894,Ippolita,Ippolita,NOUN,NOUN,obj,obj,explicit_full,
3365,1595,one-to-one,dn_1641,hrd_1894,Pancrazio,Pancrazio,NULL,NULL,nsubj,nsubj,zero_zero_single,
3366,1596,one-to-one,dn_1642,hrd_1895,Pancrazio,MISSING,PRON,MISSING,obj,MISSING,leftover_source,
3367,1597,one-to-one,dn_1643,hrd_1896,Pancrazio,Pancrazio,PRON,PRON,nsubj,nsubj,explicit_full,
3368,1599,one-to-one,dn_1645,hrd_1898,Giorgio Ippolita,Giorgio Ippolita,NOUN,NOUN,nsubj,nsubj,explicit_full,
3369,1599,one-to-one,dn_1645,hrd_1898,Giorgio Ippolita,Giorgio Ippolita,NULL,NULL,nsubj,nsubj,zero_zero_semantic,0.28262985691902504
3370,1599,one-to-one,dn_1645,hrd_1898,MISSING,Giorgio Ippolita,MISSING,NULL,MISSING,nsubj,leftover_target,
3371,1599,one-to-one,dn_1645,hrd_1898,MISSING,Giorgio Ippolita,MISSING,NULL,MISSING,nsubj,leftover_target,
3372,1600,one-to-one,dn_1646,hrd_1899,Giorgio Ippolita,MISSING,PRON,MISSING,obj,MISSING,leftover_source,
3373,1600,one-to-one,dn_1646,hrd_1899,Pancrazio,Pancrazio,NOUN,NOUN,nsubj,nsubj,explicit_full,
3374,1600,one-to-one,dn_1646,hrd_1899,MISSING,Pancrazio,MISSING,NULL,MISSING,nsubj,leftover_target,
3375,1601,one-to-one,dn_1647,hrd_1900,Pancrazio,Pancrazio,NULL,NULL,nsubj,nsubj,zero_zero_single,
3376,1602,one-to-one,dn_1648,hrd_1901,Giorgio,Giorgio,PROPN,PROPN,nsubj,nsubj,explicit_full,
3377,1602,one-to-one,dn_1648,hrd_1901,MISSING,Giorgio,MISSING,NULL,MISSING,nsubj,leftover_target,
3378,1603,one-to-many,dn_1649,hrd_1902 hrd_1903,Giorgio Ippolita,Giorgio Ippolita,NULL,NULL,nsubj,nsubj,zero_zero_semantic,0.20267088143598466
3379,1603,one-to-many,dn_1649,hrd_1902 hrd_1903,Giorgio Ippolita,Giorgio Ippolita,NULL,NULL,nsubj,nsubj,zero_zero_semantic,0.2792284656138647
3380,1604,one-to-one,dn_1650,hrd_1904,Giorgio Ippolita,Giorgio Ippolita,NULL,NULL,nsubj,nsubj,zero_zero_single,
3381,1606,one-to-one,dn_1652,hrd_1906,Giorgio Ippolita,Giorgio Ippolita,PRON,PRON,obj,nsubj,explicit_ref_pos,
3382,1606,one-to-one,dn_1652,hrd_1906,Giorgio Ippolita,Giorgio Ippolita,NULL,NULL,nsubj,nsubj,zero_zero_semantic,0.4344408955866764
3383,1606,one-to-one,dn_1652,hrd_1906,Giorgio Ippolita,MISSING,PRON-REFLEX,MISSING,obj,MISSING,leftover_source,
3384,1606,one-to-one,dn_1652,hrd_1906,MISSING,Giorgio Ippolita,MISSING,NULL,MISSING,nsubj,leftover_target,
