,sentence_pair,alignment_type,source_sentence_ids,target_sentence_ids,source_ref,target_ref,source_pos,target_pos,source_case,target_case,pair_type,zero_pair_cost
0,1,one-to-one,dn_0,ngm_0,Ippolita,Ippolita,PROPN,PROPN,nsubj,nsubj,explicit_full,
1,1,one-to-one,dn_0,ngm_0,Ippolita,Ippolita,NULL,NULL,nsubj,nsubj,zero_zero_semantic,0.4572649173904645
2,1,one-to-one,dn_0,ngm_0,MISSING,Ippolita,MISSING,NULL,MISSING,nsubj,leftover_target,
3,1,one-to-one,dn_0,ngm_0,crowd-of-men,crowd-of-men,NOUN,NOUN,obj,nsubj,explicit_ref_pos,
4,1,one-to-one,dn_0,ngm_0,MISSING,crowd-of-men,MISSING,NULL,MISSING,nsubj,leftover_target,
5,3,one-to-one,dn_2,ngm_2,Giorgio,Giorgio,PROPN,PROPN,nmod,nmod,explicit_full,
6,3,one-to-one,dn_2,ngm_2,Giorgio,Giorgio,PRON,PRON,obj,obj,explicit_full,
7,3,one-to-one,dn_2,ngm_2,Ippolita,Ippolita,PRON,PRON,nsubj,nsubj,explicit_full,
8,3,one-to-one,dn_2,ngm_2,Ippolita,Ippolita,NULL,NULL,nsubj,nsubj,zero_zero_semantic,0.3223860747635878
9,3,one-to-one,dn_2,ngm_2,MISSING,Ippolita,MISSING,NULL,MISSING,nsubj,leftover_target,
10,4,one-to-one,dn_3,ngm_3,Giorgio,Giorgio,PROPN,PROPN,nsubj,nsubj,explicit_full,
11,4,one-to-one,dn_3,ngm_3,MISSING,Giorgio,MISSING,NULL,MISSING,nsubj,leftover_target,
12,4,one-to-one,dn_3,ngm_3,crowd-of-men,crowd-of-men,NOUN,NOUN,nmod,nmod,explicit_full,
13,5,one-to-one,dn_4,ngm_4,suicidal-man,suicidal-man,PRON,PRON,nsubj,nsubj,explicit_full,
14,5,one-to-one,dn_4,ngm_4,suicidal-man,MISSING,PRON-REFLEX,MISSING,obj,MISSING,leftover_source,
15,6,one-to-one,dn_5,ngm_5,Giorgio,Giorgio,NULL,NULL,nsubj,nsubj,zero_zero_semantic,0.3021683543920517
16,6,one-to-one,dn_5,ngm_5,MISSING,Giorgio,MISSING,NULL,MISSING,nsubj,leftover_target,
17,7,one-to-one,dn_6,ngm_6,Giorgio Ippolita,Giorgio Ippolita,NULL,NULL,nsubj,nsubj,zero_zero_single,
18,7,one-to-one,dn_6,ngm_6,Ippolita,MISSING,NULL,MISSING,nsubj,MISSING,leftover_source,
19,8,many-to-one,dn_7 dn_8,ngm_7,Ippolita,Ippolita,PRON,PROPN,nsubj,nsubj,explicit_ref_case,
20,8,many-to-one,dn_7 dn_8,ngm_7,Ippolita,Ippolita,NULL,NULL,nsubj,nsubj,zero_zero_semantic,0.6549440238325956
21,8,many-to-one,dn_7 dn_8,ngm_7,MISSING,Ippolita,MISSING,NULL,MISSING,nsubj,leftover_target,
22,9,one-to-one,dn_9,ngm_8,Giorgio Ippolita,Giorgio Ippolita,NULL,NULL,nsubj,nsubj,zero_zero_single,
23,10,one-to-one,dn_10,ngm_9,Giorgio Ippolita,Giorgio Ippolita,NULL,NULL,nsubj,nsubj,zero_zero_single,
24,10,one-to-one,dn_10,ngm_9,MISSING,Giorgio Ippolita,MISSING,NOUN,MISSING,nsubj,leftover_target,
25,11,one-to-one,dn_11,ngm_10,Ippolita,Ippolita,PROPN,PROPN,nsubj,nmod,explicit_ref_pos,
26,11,one-to-one,dn_11,ngm_10,MISSING,Ippolita,MISSING,NULL,MISSING,nsubj,leftover_target,
27,11,one-to-one,dn_11,ngm_10,crowd-of-men,crowd-of-men,NOUN,NOUN,obj,nmod,explicit_ref_pos,
28,15,one-to-one,dn_15,ngm_14,Giorgio,Giorgio,PROPN,PROPN,nsubj,nsubj,explicit_full,
29,16,one-to-one,dn_16,ngm_15,suicidal-man,suicidal-man,PRON,PRON,nsubj,nsubj,explicit_full,
30,16,one-to-one,dn_16,ngm_15,suicidal-man,MISSING,PRON-REFLEX,MISSING,obj,MISSING,leftover_source,
31,17,one-to-one,dn_17,ngm_16,Giorgio Ippolita,Giorgio Ippolita,PRON,NOUN,nsubj,nsubj,explicit_ref_case,
32,17,one-to-one,dn_17,ngm_16,Giorgio Ippolita,MISSING,PRON-REFLEX,MISSING,obj,MISSING,leftover_source,
33,17,one-to-one,dn_17,ngm_16,crowd-of-men,crowd-of-men,NOUN,NOUN,nmod,nmod,explicit_full,
34,18,one-to-one,dn_18,ngm_17,crowd-of-men,crowd-of-men,NOUN,NOUN,nsubj,nsubj,explicit_full,
35,18,one-to-one,dn_18,ngm_17,MISSING,crowd-of-men,MISSING,NULL,MISSING,nsubj,leftover_target,
36,19,one-to-one,dn_19,ngm_18,crowd-of-men,crowd-of-men,NOUN,NOUN,pred,pred,explicit_full,
37,19,one-to-one,dn_19,ngm_18,crowd-of-men,crowd-of-men,NULL,PRON,nsubj,nsubj,zero_to_tgt_anchor,
38,20,one-to-one,dn_20,ngm_19,crowd-of-men,crowd-of-men,DET,DET,nmod,nmod,explicit_full,
39,20,one-to-one,dn_20,ngm_19,crowd-of-men,crowd-of-men,DET,PRON,nmod,nsubj,explicit_ref_only,
40,20,one-to-one,dn_20,ngm_19,MISSING,crowd-of-men,MISSING,NULL,MISSING,nsubj,leftover_target,
41,21,one-to-one,dn_21,ngm_20,young-man,young-man,NOUN,NOUN,nsubj,nsubj,explicit_full,
42,22,one-to-one,dn_22,ngm_21,suicidal-man,MISSING,NULL,MISSING,nsubj,MISSING,leftover_source,
43,23,one-to-many,dn_23,ngm_22 ngm_23,man-from-the-crowd,man-from-the-crowd,NOUN,NOUN,nsubj,nsubj,explicit_full,
44,23,one-to-many,dn_23,ngm_22 ngm_23,man-from-the-crowd,MISSING,NULL,MISSING,nsubj,MISSING,leftover_source,
45,23,one-to-many,dn_23,ngm_22 ngm_23,man-from-the-crowd,MISSING,PRON-REFLEX,MISSING,obj,MISSING,leftover_source,
46,23,one-to-many,dn_23,ngm_22 ngm_23,MISSING,man-from-the-crowd,MISSING,DET,MISSING,nmod,leftover_target,
47,23,one-to-many,dn_23,ngm_22 ngm_23,young-man,young-man,PRON,PRON,nsubj,nsubj,explicit_full,
48,23,one-to-many,dn_23,ngm_22 ngm_23,young-man,young-man,PRON,NOUN,obj,obj,explicit_ref_case,
49,23,one-to-many,dn_23,ngm_22 ngm_23,young-man,MISSING,PRON-REFLEX,MISSING,obj,MISSING,leftover_source,
50,24,one-to-one,dn_24,ngm_24,suicidal-man,MISSING,NULL,MISSING,nsubj,MISSING,leftover_source,
51,25,one-to-one,dn_25,ngm_25,UNKNOWN,UNKNOWN,NULL,NULL,nsubj,nsubj,zero_zero_single,
52,25,one-to-one,dn_25,ngm_25,suicidal-man,MISSING,PRON,MISSING,obj,MISSING,leftover_source,
53,28,one-to-one,dn_28,ngm_28,suicidal-man,suicidal-man,NULL,NULL,nsubj,nsubj,zero_zero_single,
54,29,one-to-one,dn_29,ngm_29,suicidal-man,suicidal-man,NULL,NULL,nsubj,nsubj,zero_zero_single,
55,30,one-to-one,dn_30,ngm_30,man-with-a-pipe,man-with-a-pipe,NOUN,NOUN,nsubj,nsubj,explicit_full,
56,30,one-to-one,dn_30,ngm_30,man-with-a-pipe,man-with-a-pipe,NULL,NULL,nsubj,nsubj,zero_zero_semantic,0.21238833493575818
57,30,one-to-one,dn_30,ngm_30,man-with-a-pipe,MISSING,PRON-REFLEX,MISSING,obj,MISSING,leftover_source,
58,30,one-to-one,dn_30,ngm_30,man-with-a-pipe,MISSING,PRON-REFLEX,MISSING,obj,MISSING,leftover_source,
59,30,one-to-one,dn_30,ngm_30,MISSING,man-with-a-pipe,MISSING,NULL,MISSING,nsubj,leftover_target,
60,32,one-to-one,dn_32,ngm_32,man-with-a-pipe,man-with-a-pipe,DET,DET,nmod,nmod,explicit_full,
61,32,one-to-one,dn_32,ngm_32,man-with-a-pipe,man-with-a-pipe,DET,PRON,nmod,nmod,explicit_ref_case,
62,34,one-to-one,dn_34,ngm_34,cart-driver,cart-driver,NOUN,NOUN,nsubj,nsubj,explicit_full,
63,34,one-to-one,dn_34,ngm_34,cart-driver,MISSING,PRON-REFLEX,MISSING,obj,MISSING,leftover_source,
64,35,one-to-one,dn_35,ngm_35,crowd-of-men,crowd-of-men,NOUN,NOUN,nsubj,nsubj,explicit_full,
65,35,one-to-one,dn_35,ngm_35,MISSING,crowd-of-men,MISSING,NULL,MISSING,nsubj,leftover_target,
66,36,one-to-one,dn_36,ngm_36,crowd-of-men,crowd-of-men,NULL,NULL,nsubj,nsubj,zero_zero_single,
67,36,one-to-one,dn_36,ngm_36,MISSING,crowd-of-men,MISSING,NOUN,MISSING,nsubj,leftover_target,
68,38,one-to-one,dn_38,ngm_38,cart-driver,cart-driver,NOUN,NOUN,nsubj,nsubj,explicit_full,
69,38,one-to-one,dn_38,ngm_38,MISSING,cart-driver,MISSING,NULL,MISSING,nsubj,leftover_target,
70,38,one-to-one,dn_38,ngm_38,MISSING,cart-driver,MISSING,NULL,MISSING,nsubj,leftover_target,
71,40,one-to-one,dn_40,ngm_40,man-with-a-pipe,man-with-a-pipe,NOUN,NOUN,nsubj,nsubj,explicit_full,
72,41,one-to-one,dn_41,ngm_41,cart-driver,cart-driver,NOUN,NOUN,nsubj,nsubj,explicit_full,
73,41,one-to-one,dn_41,ngm_41,cart-driver,MISSING,PRON-REFLEX,MISSING,obj,MISSING,leftover_source,
74,41,one-to-one,dn_41,ngm_41,MISSING,cart-driver,MISSING,NULL,MISSING,nsubj,leftover_target,
75,41,one-to-one,dn_41,ngm_41,crowd-of-men,crowd-of-men,PRON,NOUN,nsubj,nsubj,explicit_ref_case,
76,46,one-to-one,dn_46,ngm_46,Giorgio,Giorgio,PROPN,PROPN,vocative,nsubj,explicit_ref_pos,
77,46,one-to-one,dn_46,ngm_46,Giorgio Ippolita,Giorgio Ippolita,NULL,NULL,nsubj,nsubj,zero_zero_single,
78,47,one-to-one,dn_47,ngm_47,Giorgio,Giorgio,NOUN,NOUN,obj,obj,explicit_full,
79,47,one-to-one,dn_47,ngm_47,Giorgio,MISSING,PRON-REFLEX,MISSING,obj,MISSING,leftover_source,
80,47,one-to-one,dn_47,ngm_47,MISSING,Giorgio,MISSING,NULL,MISSING,nsubj,leftover_target,
81,47,one-to-one,dn_47,ngm_47,MISSING,Giorgio,MISSING,NULL,MISSING,nsubj,leftover_target,
82,47,one-to-one,dn_47,ngm_47,MISSING,Giorgio,MISSING,NULL,MISSING,nsubj,leftover_target,
83,47,one-to-one,dn_47,ngm_47,Ippolita,Ippolita,PROPN,PROPN,nsubj,nsubj,explicit_full,
84,47,one-to-one,dn_47,ngm_47,MISSING,Ippolita,MISSING,NULL,MISSING,nsubj,leftover_target,
85,47,one-to-one,dn_47,ngm_47,MISSING,Ippolita,MISSING,NULL,MISSING,nsubj,leftover_target,
86,47,one-to-one,dn_47,ngm_47,crowd-of-men,crowd-of-men,NOUN,NOUN,nmod,obj,explicit_ref_pos,
87,48,one-to-one,dn_48,ngm_48,Giorgio Ippolita,Giorgio Ippolita,NULL,NULL,nsubj,nsubj,zero_zero_single,
88,48,one-to-one,dn_48,ngm_48,MISSING,Giorgio Ippolita,MISSING,NOUN,MISSING,nsubj,leftover_target,
89,49,one-to-one,dn_49,ngm_49,Giorgio Ippolita,Giorgio Ippolita,DET,NOUN,nmod,nmod,explicit_ref_case,
90,49,one-to-one,dn_49,ngm_49,Giorgio Ippolita,MISSING,DET,MISSING,obj,MISSING,leftover_source,
91,50,one-to-one,dn_50,ngm_51,Giorgio,Giorgio,PRON,PROPN,nsubj,nsubj,explicit_ref_case,
92,52,one-to-one,dn_52,ngm_53,Ippolita,Ippolita,PRON,PROPN,nsubj,nsubj,explicit_ref_case,
93,54,one-to-one,dn_54,ngm_54,Giorgio Ippolita,Giorgio Ippolita,DET,PRON,nmod,nmod,explicit_ref_case,
94,55,one-to-one,dn_55,ngm_55,Ippolita,Ippolita,PRON,PROPN,nsubj,nsubj,explicit_ref_case,
95,55,one-to-one,dn_55,ngm_55,MISSING,Ippolita,MISSING,NULL,MISSING,nsubj,leftover_target,
96,57,one-to-one,dn_57,ngm_57,MISSING,Ippolita,MISSING,NULL,MISSING,nsubj,leftover_target,
97,58,one-to-one,dn_58,ngm_58,Giorgio,Giorgio,PROPN,PROPN,nsubj,nsubj,explicit_full,
98,58,one-to-one,dn_58,ngm_58,MISSING,Giorgio,MISSING,PRON,MISSING,nmod,leftover_target,
99,58,one-to-one,dn_58,ngm_58,MISSING,Giorgio,MISSING,NULL,MISSING,nsubj,leftover_target,
100,58,one-to-one,dn_58,ngm_58,MISSING,Giorgio,MISSING,NULL,MISSING,nsubj,leftover_target,
101,58,one-to-one,dn_58,ngm_58,Ippolita,MISSING,PRON,MISSING,obj,MISSING,leftover_source,
102,59,one-to-one,dn_59,ngm_59,MISSING,Giorgio Ippolita,MISSING,PRON,MISSING,nmod,leftover_target,
103,60,one-to-one,dn_60,ngm_60,Ippolita,Ippolita,PRON,PRON,nsubj,nsubj,explicit_full,
104,60,one-to-one,dn_60,ngm_60,MISSING,Ippolita,MISSING,NULL,MISSING,nsubj,leftover_target,
105,61,one-to-one,dn_61,ngm_61,Ippolita,Ippolita,PRON,PRON,obj,nmod,explicit_ref_pos,
106,62,one-to-one,dn_62,ngm_62,Giorgio,Giorgio,PRON,PRON,obj,nsubj,explicit_ref_pos,
107,62,one-to-one,dn_62,ngm_62,MISSING,Ippolita,MISSING,NULL,MISSING,nsubj,leftover_target,
108,63,one-to-one,dn_63,ngm_63,Giorgio,Giorgio,PRON,PRON,nmod,nmod,explicit_full,
109,64,one-to-one,dn_64,ngm_64,Giorgio,Giorgio,PRON,NOUN,nsubj,nmod,explicit_ref_only,
110,64,one-to-one,dn_64,ngm_64,MISSING,Giorgio,MISSING,NULL,MISSING,nsubj,leftover_target,
111,64,one-to-one,dn_64,ngm_64,MISSING,Giorgio,MISSING,NULL,MISSING,nsubj,leftover_target,
112,64,one-to-one,dn_64,ngm_64,Ippolita,MISSING,PRON,MISSING,obj,MISSING,leftover_source,
113,65,one-to-one,dn_65,ngm_65,Giorgio,Giorgio,PRON,PRON,obj,nsubj,explicit_ref_pos,
114,66,one-to-one,dn_66,ngm_66,Ippolita,Ippolita,NULL,NULL,nsubj,nsubj,zero_zero_single,
115,67,one-to-one,dn_67,ngm_67,Ippolita,Ippolita,PRON,PRON,nsubj,nsubj,explicit_full,
116,67,one-to-one,dn_67,ngm_67,MISSING,Ippolita,MISSING,NULL,MISSING,nsubj,leftover_target,
117,68,one-to-one,dn_68,ngm_68,Ippolita,Ippolita,NULL,NULL,nsubj,nsubj,zero_zero_single,
118,69,one-to-one,dn_69,ngm_69,Ippolita,Ippolita,PRON,PRON,nsubj,nsubj,explicit_full,
119,69,one-to-one,dn_69,ngm_69,Ippolita,MISSING,NULL,MISSING,nsubj,MISSING,leftover_source,
120,69,one-to-one,dn_69,ngm_69,MISSING,Ippolita,MISSING,PRON,MISSING,obj,leftover_target,
121,70,one-to-one,dn_70,ngm_70,Giorgio,Giorgio,PRON,PROPN,nsubj,nsubj,explicit_ref_case,
122,70,one-to-one,dn_70,ngm_70,Giorgio Ippolita,Giorgio Ippolita,PRON,NOUN,nsubj,nsubj,explicit_ref_case,
123,70,one-to-one,dn_70,ngm_70,Giorgio Ippolita,MISSING,PRON-REFLEX,MISSING,obj,MISSING,leftover_source,
124,70,one-to-one,dn_70,ngm_70,MISSING,Giorgio Ippolita,MISSING,NOUN,MISSING,nsubj,leftover_target,
125,70,one-to-one,dn_70,ngm_70,MISSING,Giorgio Ippolita,MISSING,NULL,MISSING,nsubj,leftover_target,
126,70,one-to-one,dn_70,ngm_70,MISSING,Giorgio Ippolita,MISSING,NULL,MISSING,nsubj,leftover_target,
127,71,one-to-one,dn_71,ngm_71,MISSING,Giorgio Ippolita,MISSING,PRON,MISSING,nmod,leftover_target,
128,72,one-to-one,dn_72,ngm_72,Giorgio,Giorgio,PRON,PRON,nsubj,nsubj,explicit_full,
129,72,one-to-one,dn_72,ngm_72,Giorgio,MISSING,NULL,MISSING,nsubj,MISSING,leftover_source,
130,72,one-to-one,dn_72,ngm_72,Giorgio,MISSING,NULL,MISSING,nsubj,MISSING,leftover_source,
131,72,one-to-one,dn_72,ngm_72,Ippolita,Ippolita,PRON,PRON,nsubj,nsubj,explicit_full,
132,72,one-to-one,dn_72,ngm_72,Ippolita,Ippolita,PRON,PRON,obj,obj,explicit_full,
133,72,one-to-one,dn_72,ngm_72,Ippolita,Ippolita,PRON,PRON,nsubj,nsubj,explicit_full,
134,72,one-to-one,dn_72,ngm_72,Ippolita,MISSING,PRON,MISSING,obj,MISSING,leftover_source,
135,72,one-to-one,dn_72,ngm_72,Ippolita,MISSING,PRON,MISSING,obj,MISSING,leftover_source,
136,74,one-to-one,dn_74,ngm_74,Ippolita,MISSING,PROPN,MISSING,vocative,MISSING,leftover_source,
137,75,one-to-one,dn_75,ngm_75,MISSING,Ippolita,MISSING,PROPN,MISSING,vocative,leftover_target,
138,76,one-to-one,dn_76,ngm_76,Ippolita,Ippolita,NOUN,NOUN,nsubj,nsubj,explicit_full,
139,76,one-to-one,dn_76,ngm_76,Ippolita,Ippolita,NULL,NULL,nsubj,nsubj,zero_zero_single,
140,76,one-to-one,dn_76,ngm_76,Ippolita,MISSING,PRON-REFLEX,MISSING,obj,MISSING,leftover_source,
141,77,one-to-one,dn_77,ngm_77,Giorgio,MISSING,PRON,MISSING,obj,MISSING,leftover_source,
142,77,one-to-one,dn_77,ngm_77,Giorgio Ippolita,Giorgio Ippolita,NOUN,NOUN,nsubj,nsubj,explicit_full,
143,77,one-to-one,dn_77,ngm_77,Ippolita,MISSING,PRON,MISSING,obj,MISSING,leftover_source,
144,78,one-to-many,dn_78,ngm_78 ngm_79,Giorgio Ippolita,Giorgio Ippolita,PRON,NOUN,nsubj,obj,explicit_ref_only,
145,78,one-to-many,dn_78,ngm_78 ngm_79,Giorgio Ippolita,Giorgio Ippolita,NULL,NULL,nsubj,nsubj,zero_zero_single,
146,78,one-to-many,dn_78,ngm_78 ngm_79,Giorgio Ippolita,MISSING,PRON-REFLEX,MISSING,obj,MISSING,leftover_source,
147,78,one-to-many,dn_78,ngm_78 ngm_79,Giorgio Ippolita,MISSING,PRON-REFLEX,MISSING,obj,MISSING,leftover_source,
148,79,one-to-one,dn_79,ngm_80,Giorgio Ippolita,Giorgio Ippolita,PRON,NOUN,obj,obj,explicit_ref_case,
149,79,one-to-one,dn_79,ngm_80,Giorgio Ippolita,Giorgio Ippolita,PRON-REFLEX,NOUN,obj,obj,reflex_obj,
150,79,one-to-one,dn_79,ngm_80,Giorgio Ippolita,MISSING,PRON-REFLEX,MISSING,obj,MISSING,leftover_source,
151,79,one-to-one,dn_79,ngm_80,Giorgio Ippolita,MISSING,PRON-REFLEX,MISSING,obj,MISSING,leftover_source,
152,79,one-to-one,dn_79,ngm_80,MISSING,Giorgio Ippolita,MISSING,NULL,MISSING,nsubj,leftover_target,
153,79,one-to-one,dn_79,ngm_80,MISSING,Giorgio Ippolita,MISSING,NULL,MISSING,nsubj,leftover_target,
154,79,one-to-one,dn_79,ngm_80,MISSING,Giorgio Ippolita,MISSING,NULL,MISSING,nsubj,leftover_target,
155,79,one-to-one,dn_79,ngm_80,MISSING,Giorgio Ippolita,MISSING,NULL,MISSING,nsubj,leftover_target,
156,80,one-to-many,dn_80,ngm_81 ngm_82,Giorgio,Giorgio,PROPN,PROPN,nsubj,nsubj,explicit_full,
157,80,one-to-many,dn_80,ngm_81 ngm_82,MISSING,Giorgio,MISSING,NULL,MISSING,nsubj,leftover_target,
158,80,one-to-many,dn_80,ngm_81 ngm_82,Ippolita,Ippolita,PROPN,PROPN,nsubj,nsubj,explicit_full,
159,80,one-to-many,dn_80,ngm_81 ngm_82,Ippolita,Ippolita,PRON,PRON,obj,obj,explicit_full,
160,80,one-to-many,dn_80,ngm_81 ngm_82,Ippolita,Ippolita,NULL,NULL,nsubj,nsubj,zero_zero_single,
161,80,one-to-many,dn_80,ngm_81 ngm_82,Ippolita,MISSING,PRON-REFLEX,MISSING,obj,MISSING,leftover_source,
162,80,one-to-many,dn_80,ngm_81 ngm_82,Ippolita,MISSING,PRON-REFLEX,MISSING,obj,MISSING,leftover_source,
163,82,one-to-one,dn_82,ngm_84,Giorgio,Giorgio,PRON,PRON,nsubj,nsubj,explicit_full,
164,82,one-to-one,dn_82,ngm_84,MISSING,Giorgio,MISSING,NULL,MISSING,nsubj,leftover_target,
165,82,one-to-one,dn_82,ngm_84,MISSING,Giorgio,MISSING,NULL,MISSING,nsubj,leftover_target,
166,83,one-to-one,dn_83,ngm_85,Ippolita,Ippolita,PRON,PRON,nsubj,nsubj,explicit_full,
167,83,one-to-one,dn_83,ngm_85,Ippolita,MISSING,PRON,MISSING,nsubj,MISSING,leftover_source,
168,84,one-to-many,dn_84,ngm_86 ngm_87,Giorgio,Giorgio,PRON,PRON,obj,obj,explicit_full,
169,84,one-to-many,dn_84,ngm_86 ngm_87,Giorgio,Giorgio,PRON,PRON,obj,nmod,explicit_ref_pos,
170,84,one-to-many,dn_84,ngm_86 ngm_87,Ippolita,Ippolita,PRON,PRON,nsubj,nsubj,explicit_full,
171,84,one-to-many,dn_84,ngm_86 ngm_87,Ippolita,Ippolita,PRON,PRON,obj,obj,explicit_full,
172,84,one-to-many,dn_84,ngm_86 ngm_87,Ippolita,MISSING,PRON,MISSING,nsubj,MISSING,leftover_source,
173,85,one-to-many,dn_85,ngm_88 ngm_89,Giorgio,Giorgio,PRON,PRON,obj,nmod,explicit_ref_pos,
174,85,one-to-many,dn_85,ngm_88 ngm_89,Giorgio,MISSING,PRON,MISSING,nsubj,MISSING,leftover_source,
175,85,one-to-many,dn_85,ngm_88 ngm_89,Ippolita,Ippolita,NULL,NULL,nsubj,nsubj,zero_zero_semantic,0.522857491438819
176,85,one-to-many,dn_85,ngm_88 ngm_89,Ippolita,Ippolita,NULL,NULL,nsubj,nsubj,zero_zero_semantic,0.39185692220392193
177,85,one-to-many,dn_85,ngm_88 ngm_89,Ippolita,Ippolita,NULL,NULL,nsubj,nsubj,zero_zero_semantic,0.26966146641117505
178,85,one-to-many,dn_85,ngm_88 ngm_89,Ippolita,MISSING,PRON,MISSING,obj,MISSING,leftover_source,
179,85,one-to-many,dn_85,ngm_88 ngm_89,Ippolita,MISSING,DET,MISSING,nmod,MISSING,leftover_source,
180,86,one-to-one,dn_86,ngm_90,Giorgio,Giorgio,PRON,PRON,obj,nmod,explicit_ref_pos,
181,86,one-to-one,dn_86,ngm_90,Ippolita,Ippolita,PRON,PRON,nsubj,nsubj,explicit_full,
182,86,one-to-one,dn_86,ngm_90,MISSING,Ippolita,MISSING,NULL,MISSING,nsubj,leftover_target,
183,87,one-to-many,dn_87,ngm_91 ngm_92,Giorgio,Giorgio,PRON,PRON,nsubj,nsubj,explicit_full,
184,87,one-to-many,dn_87,ngm_91 ngm_92,Giorgio,Giorgio,PRON,PRON,obj,obj,explicit_full,
185,87,one-to-many,dn_87,ngm_91 ngm_92,MISSING,Giorgio,MISSING,NULL,MISSING,nsubj,leftover_target,
186,87,one-to-many,dn_87,ngm_91 ngm_92,Ippolita,Ippolita,DET,PRON,nmod,nmod,explicit_ref_case,
187,87,one-to-many,dn_87,ngm_91 ngm_92,MISSING,Ippolita,MISSING,NOUN,MISSING,obj,leftover_target,
188,88,one-to-one,dn_88 dn_89,ngm_93 ngm_94,Giorgio,Giorgio,PRON,PRON,nsubj,nsubj,explicit_full,
189,88,one-to-one,dn_88 dn_89,ngm_93 ngm_94,Giorgio,Giorgio,DET,PRON,nmod,nmod,explicit_ref_case,
190,88,one-to-one,dn_88 dn_89,ngm_93 ngm_94,Giorgio,Giorgio,DET,PRON,nmod,nmod,explicit_ref_case,
191,88,one-to-one,dn_88 dn_89,ngm_93 ngm_94,Giorgio,Giorgio,DET,PRON,nmod,nmod,explicit_ref_case,
192,88,one-to-one,dn_88 dn_89,ngm_93 ngm_94,Giorgio,Giorgio,PRON,NULL,nsubj,nsubj,zero_to_src_anchor,
193,88,one-to-one,dn_88 dn_89,ngm_93 ngm_94,Giorgio,MISSING,PRON,MISSING,obj,MISSING,leftover_source,
194,88,one-to-one,dn_88 dn_89,ngm_93 ngm_94,Giorgio,MISSING,DET,MISSING,nmod,MISSING,leftover_source,
195,88,one-to-one,dn_88 dn_89,ngm_93 ngm_94,MISSING,Giorgio,MISSING,NULL,MISSING,nsubj,leftover_target,
196,88,one-to-one,dn_88 dn_89,ngm_93 ngm_94,MISSING,Giorgio,MISSING,NULL,MISSING,nsubj,leftover_target,
197,88,one-to-one,dn_88 dn_89,ngm_93 ngm_94,MISSING,Giorgio,MISSING,NULL,MISSING,nsubj,leftover_target,
198,88,one-to-one,dn_88 dn_89,ngm_93 ngm_94,MISSING,Ippolita,MISSING,NOUN,MISSING,nmod,leftover_target,
199,89,one-to-one,dn_90,ngm_95,Giorgio,Giorgio,PRON,PRON,nsubj,nsubj,explicit_full,
200,89,one-to-one,dn_90,ngm_95,Giorgio,Giorgio,DET,PRON,nmod,nmod,explicit_ref_case,
201,90,one-to-one,dn_91,ngm_96,Giorgio,Giorgio,NULL,PRON,nsubj,nsubj,zero_to_tgt_anchor,
202,91,one-to-one,dn_92,ngm_97,Giorgio,Giorgio,PRON,PRON,nsubj,nsubj,explicit_full,
203,91,one-to-one,dn_92,ngm_97,Ippolita,Ippolita,PRON,PRON,obj,obj,explicit_full,
204,92,one-to-one,dn_93,ngm_98,Ippolita,Ippolita,PRON,PRON,nsubj,obj,explicit_ref_pos,
205,96,one-to-many,dn_97,ngm_102 ngm_103,Giorgio,Giorgio,PRON,PRON,obj,obj,explicit_full,
206,96,one-to-many,dn_97,ngm_102 ngm_103,Ippolita,Ippolita,PRON,PRON,nsubj,nsubj,explicit_full,
207,97,one-to-one,dn_98,ngm_104,MISSING,Giorgio Ippolita,MISSING,NOUN,MISSING,nmod,leftover_target,
208,98,one-to-one,dn_99,ngm_105,Ippolita,Ippolita,NULL,PRON,nsubj,nsubj,zero_to_tgt_anchor,
209,99,one-to-one,dn_100,ngm_106,Ippolita,Ippolita,PRON,PRON,nsubj,nsubj,explicit_full,
210,100,one-to-one,dn_101,ngm_107,Giorgio,Giorgio,PRON,PRON,nsubj,nsubj,explicit_full,
211,100,one-to-one,dn_101,ngm_107,MISSING,Giorgio,MISSING,NULL,MISSING,nsubj,leftover_target,
212,102,one-to-one,dn_103,ngm_109,Giorgio Ippolita,Giorgio Ippolita,NULL,NULL,nsubj,nsubj,zero_zero_semantic,0.40964635732499033
213,102,one-to-one,dn_103,ngm_109,Giorgio Ippolita,Giorgio Ippolita,NULL,NOUN,nsubj,nsubj,zero_to_tgt_anchor,
214,103,one-to-one,dn_104,ngm_110,Ippolita,Ippolita,PROPN,PROPN,nsubj,nsubj,explicit_full,
215,103,one-to-one,dn_104,ngm_110,Ippolita,MISSING,PRON-REFLEX,MISSING,obj,MISSING,leftover_source,
216,103,one-to-one,dn_104,ngm_110,MISSING,Ippolita,MISSING,NULL,MISSING,nsubj,leftover_target,
217,103,one-to-one,dn_104,ngm_110,MISSING,Ippolita,MISSING,NULL,MISSING,nsubj,leftover_target,
218,106,one-to-one,dn_107,ngm_115,Giorgio,Giorgio,PROPN,PROPN,nsubj,nsubj,explicit_full,
219,106,one-to-one,dn_107,ngm_115,MISSING,Giorgio,MISSING,NULL,MISSING,nsubj,leftover_target,
220,106,one-to-one,dn_107,ngm_115,Ippolita,Ippolita,NOUN,NOUN,obj,nmod,explicit_ref_pos,
221,107,one-to-one,dn_108,ngm_116,Giorgio Ippolita,Giorgio Ippolita,PRON,NULL,nsubj,nsubj,zero_to_src_anchor,
222,108,one-to-one,dn_109,ngm_117,Giorgio,Giorgio,PRON,PRON,nsubj,nsubj,explicit_full,
223,109,many-to-one,dn_110 dn_111,ngm_118,MISSING,Giorgio,MISSING,DET,MISSING,nmod,leftover_target,
224,109,many-to-one,dn_110 dn_111,ngm_118,Ippolita,Ippolita,PROPN,PROPN,nsubj,nsubj,explicit_full,
225,109,many-to-one,dn_110 dn_111,ngm_118,Ippolita,Ippolita,DET,PRON,nmod,nsubj,explicit_ref_only,
226,109,many-to-one,dn_110 dn_111,ngm_118,Ippolita,MISSING,NULL,MISSING,nsubj,MISSING,leftover_source,
227,110,one-to-one,dn_112,ngm_119,MISSING,Giorgio,MISSING,NULL,MISSING,nsubj,leftover_target,
228,111,one-to-one,dn_113,ngm_120,Giorgio,Giorgio,PROPN,PROPN,obj,nmod,explicit_ref_pos,
229,111,one-to-one,dn_113,ngm_120,Ippolita,Ippolita,NULL,NULL,nsubj,nsubj,zero_zero_single,
230,111,one-to-one,dn_113,ngm_120,MISSING,Ippolita,MISSING,PRON,MISSING,nsubj,leftover_target,
231,112,one-to-one,dn_114,ngm_121,Giorgio Ippolita,Giorgio Ippolita,PRON,NOUN,nsubj,nsubj,explicit_ref_case,
232,112,one-to-one,dn_114,ngm_121,Giorgio Ippolita,MISSING,PRON-REFLEX,MISSING,obj,MISSING,leftover_source,
233,112,one-to-one,dn_114,ngm_121,MISSING,Giorgio Ippolita,MISSING,NOUN,MISSING,nmod,leftover_target,
234,113,one-to-one,dn_115,ngm_122,Giorgio,Giorgio,NOUN,NOUN,nsubj,obj,explicit_ref_pos,
235,113,one-to-one,dn_115,ngm_122,MISSING,Giorgio,MISSING,PRON,MISSING,obj,leftover_target,
236,113,one-to-one,dn_115,ngm_122,Ippolita,Ippolita,PRON,PRON,nsubj,nsubj,explicit_full,
237,113,one-to-one,dn_115,ngm_122,Ippolita,Ippolita,PRON,PRON,nsubj,nmod,explicit_ref_pos,
238,113,one-to-one,dn_115,ngm_122,MISSING,Ippolita,MISSING,NULL,MISSING,nsubj,leftover_target,
239,114,one-to-one,dn_116,ngm_123,Giorgio,Giorgio,PRON,PROPN,nsubj,obj,explicit_ref_only,
240,114,one-to-one,dn_116,ngm_123,Giorgio,Giorgio,PRON,NULL,nsubj,nsubj,zero_to_src_anchor,
241,114,one-to-one,dn_116,ngm_123,Giorgio,MISSING,DET,MISSING,nmod,MISSING,leftover_source,
242,114,one-to-one,dn_116,ngm_123,Ippolita,Ippolita,NULL,NULL,nsubj,nsubj,zero_zero_semantic,0.4211460473173756
243,114,one-to-one,dn_116,ngm_123,MISSING,Ippolita,MISSING,PRON,MISSING,nsubj,leftover_target,
244,114,one-to-one,dn_116,ngm_123,MISSING,Ippolita,MISSING,NULL,MISSING,nsubj,leftover_target,
245,115,one-to-one,dn_117,ngm_124,Giorgio,Giorgio,NULL,NULL,nsubj,nsubj,zero_zero_single,
246,116,one-to-one,dn_118,ngm_125,Giorgio,Giorgio,PRON,PRON,nsubj,nsubj,explicit_full,
247,116,one-to-one,dn_118,ngm_125,MISSING,Giorgio,MISSING,NULL,MISSING,nsubj,leftover_target,
248,117,one-to-one,dn_119,ngm_126,Giorgio,Giorgio,PRON,PRON,nsubj,nsubj,explicit_full,
249,117,one-to-one,dn_119,ngm_126,Giorgio,Giorgio,PRON,PRON,obj,obj,explicit_full,
250,117,one-to-one,dn_119,ngm_126,Giorgio,Giorgio,PRON,PRON,obj,obj,explicit_full,
251,117,one-to-one,dn_119,ngm_126,Giorgio,MISSING,PRON-REFLEX,MISSING,obj,MISSING,leftover_source,
252,117,one-to-one,dn_119,ngm_126,Giorgio,MISSING,PRON,MISSING,nmod,MISSING,leftover_source,
253,117,one-to-one,dn_119,ngm_126,MISSING,Giorgio,MISSING,NULL,MISSING,nsubj,leftover_target,
254,117,one-to-one,dn_119,ngm_126,MISSING,Giorgio,MISSING,NULL,MISSING,nsubj,leftover_target,
255,117,one-to-one,dn_119,ngm_126,MISSING,Giorgio,MISSING,NULL,MISSING,nsubj,leftover_target,
256,117,one-to-one,dn_119,ngm_126,MISSING,Ippolita,MISSING,PRON,MISSING,nmod,leftover_target,
257,117,one-to-one,dn_119,ngm_126,MISSING,Ippolita,MISSING,PRON,MISSING,nsubj,leftover_target,
258,118,one-to-one,dn_120,ngm_127,Giorgio,Giorgio,NULL,NULL,nsubj,nsubj,zero_zero_single,
259,119,one-to-one,dn_121,ngm_128,Giorgio,Giorgio,PRON,PRON,obj,nmod,explicit_ref_pos,
260,119,one-to-one,dn_121,ngm_128,Ippolita,Ippolita,PROPN,PROPN,nsubj,nsubj,explicit_full,
261,119,one-to-one,dn_121,ngm_128,Ippolita,Ippolita,DET,PRON,nmod,nmod,explicit_ref_case,
262,119,one-to-one,dn_121,ngm_128,MISSING,Ippolita,MISSING,NULL,MISSING,nsubj,leftover_target,
263,119,one-to-one,dn_121,ngm_128,MISSING,Ippolita,MISSING,NULL,MISSING,nsubj,leftover_target,
264,120,one-to-one,dn_122,ngm_129,Giorgio,Giorgio,NULL,PRON,nsubj,nsubj,zero_to_tgt_anchor,
265,121,one-to-one,dn_123,ngm_130,Giorgio,Giorgio,PRON,PRON,nsubj,nsubj,explicit_full,
266,122,one-to-one,dn_124,ngm_131,Giorgio,Giorgio,NULL,NULL,nsubj,nsubj,zero_zero_single,
267,123,one-to-one,dn_125,ngm_132,Giorgio,Giorgio,DET,PRON,nmod,nmod,explicit_ref_case,
268,124,one-to-one,dn_126,ngm_133,Giorgio,Giorgio,PRON,PRON,nsubj,nsubj,explicit_full,
269,124,one-to-one,dn_126,ngm_133,Giorgio,Giorgio,PRON,DET,obj,nmod,explicit_ref_only,
270,124,one-to-one,dn_126,ngm_133,Giorgio,MISSING,PRON-REFLEX,MISSING,obj,MISSING,leftover_source,
271,124,one-to-one,dn_126,ngm_133,MISSING,Giorgio,MISSING,NULL,MISSING,nsubj,leftover_target,
272,125,one-to-one,dn_127,ngm_134,Giorgio,MISSING,DET,MISSING,nmod,MISSING,leftover_source,
273,125,one-to-one,dn_127,ngm_134,Ippolita,Ippolita,NOUN,NOUN,obj,obj,explicit_full,
274,126,one-to-one,dn_128,ngm_135,Giorgio,Giorgio,PRON,PRON,nsubj,nsubj,explicit_full,
275,126,one-to-one,dn_128,ngm_135,MISSING,Giorgio,MISSING,PRON,MISSING,nsubj,leftover_target,
276,126,one-to-one,dn_128,ngm_135,MISSING,Giorgio,MISSING,NULL,MISSING,nsubj,leftover_target,
277,126,one-to-one,dn_128,ngm_135,Ippolita,Ippolita,PRON,PRON,obj,obj,explicit_full,
278,127,one-to-one,dn_129,ngm_136,Giorgio,Giorgio,DET,PRON,nmod,nmod,explicit_ref_case,
279,128,one-to-one,dn_130,ngm_137,Giorgio,Giorgio,PRON,PRON,nsubj,nsubj,explicit_full,
280,128,one-to-one,dn_130,ngm_137,Giorgio,MISSING,PRON-REFLEX,MISSING,obj,MISSING,leftover_source,
281,128,one-to-one,dn_130,ngm_137,MISSING,Giorgio,MISSING,NULL,MISSING,nsubj,leftover_target,
282,128,one-to-one,dn_130,ngm_137,Ippolita,Ippolita,NOUN,NOUN,obj,obj,explicit_full,
283,129,one-to-one,dn_131,ngm_138,Giorgio,Giorgio,DET,PRON,nmod,nmod,explicit_ref_case,
284,130,one-to-one,dn_132,ngm_139,Giorgio,Giorgio,PRON,PRON,nsubj,nsubj,explicit_full,
285,131,one-to-one,dn_133,ngm_140,Giorgio,Giorgio,PRON,PRON,nsubj,nsubj,explicit_full,
286,131,one-to-one,dn_133,ngm_140,Giorgio,MISSING,PRON,MISSING,obj,MISSING,leftover_source,
287,131,one-to-one,dn_133,ngm_140,MISSING,Giorgio,MISSING,NULL,MISSING,nsubj,leftover_target,
288,131,one-to-one,dn_133,ngm_140,Ippolita,Ippolita,PROPN,PROPN,nsubj,nsubj,explicit_full,
289,132,one-to-one,dn_134,ngm_141,Giorgio,Giorgio,PRON,PRON,nsubj,nsubj,explicit_full,
290,132,one-to-one,dn_134,ngm_141,Giorgio,Giorgio,PRON,PRON,obj,obj,explicit_full,
291,132,one-to-one,dn_134,ngm_141,Giorgio,MISSING,PROPN,MISSING,vocative,MISSING,leftover_source,
292,132,one-to-one,dn_134,ngm_141,Ippolita,Ippolita,PRON,PRON,nsubj,nsubj,explicit_full,
293,132,one-to-one,dn_134,ngm_141,MISSING,Ippolita,MISSING,PROPN,MISSING,vocative,leftover_target,
294,133,one-to-one,dn_135,ngm_142,Ippolita,MISSING,NULL,MISSING,nsubj,MISSING,leftover_source,
295,134,one-to-one,dn_136,ngm_143,Giorgio,Giorgio,PRON,PRON,nsubj,nsubj,explicit_full,
296,134,one-to-one,dn_136,ngm_143,Giorgio,MISSING,PRON,MISSING,obj,MISSING,leftover_source,
297,134,one-to-one,dn_136,ngm_143,Ippolita,Ippolita,PRON,PRON,nsubj,nsubj,explicit_full,
298,135,one-to-one,dn_137,ngm_144,Giorgio,Giorgio,PRON,PRON,nsubj,nsubj,explicit_full,
299,136,one-to-one,dn_138,ngm_145,Giorgio,Giorgio,DET,PRON,nmod,nmod,explicit_ref_case,
300,136,one-to-one,dn_138,ngm_145,Giorgio,MISSING,PRON,MISSING,obj,MISSING,leftover_source,
301,136,one-to-one,dn_138,ngm_145,Ippolita,Ippolita,PRON,PRON,nsubj,nsubj,explicit_full,
302,136,one-to-one,dn_138,ngm_145,Ippolita,Ippolita,NULL,NULL,nsubj,nsubj,zero_zero_single,
303,136,one-to-one,dn_138,ngm_145,MISSING,Ippolita,MISSING,PRON,MISSING,nsubj,leftover_target,
304,137,one-to-one,dn_139,ngm_146,Giorgio,Giorgio,DET,PRON,nmod,nmod,explicit_ref_case,
305,137,one-to-one,dn_139,ngm_146,Giorgio,MISSING,PRON,MISSING,obj,MISSING,leftover_source,
306,137,one-to-one,dn_139,ngm_146,Ippolita,Ippolita,PRON,PRON,nsubj,nsubj,explicit_full,
307,137,one-to-one,dn_139,ngm_146,Ippolita,Ippolita,NULL,NULL,nsubj,nsubj,zero_zero_single,
308,138,one-to-one,dn_140,ngm_147,Giorgio,Giorgio,PRON,PRON,nsubj,nsubj,explicit_full,
309,138,one-to-one,dn_140,ngm_147,Ippolita,Ippolita,PRON,PRON,obj,nmod,explicit_ref_pos,
310,139,one-to-one,dn_141,ngm_148,MISSING,Giorgio,MISSING,NULL,MISSING,nsubj,leftover_target,
311,140,one-to-one,dn_142,ngm_149,MISSING,Giorgio,MISSING,NULL,MISSING,nsubj,leftover_target,
312,141,one-to-one,dn_143,ngm_150,Giorgio,Giorgio,PRON,PRON,nsubj,nsubj,explicit_full,
313,141,one-to-one,dn_143,ngm_150,Giorgio,Giorgio,PRON,NULL,nsubj,nsubj,zero_to_src_anchor,
314,142,one-to-one,dn_144,ngm_151,Giorgio,Giorgio,PRON,PRON,obj,obj,explicit_full,
315,142,one-to-one,dn_144,ngm_151,Ippolita,Ippolita,PRON,PRON,nsubj,nsubj,explicit_full,
316,142,one-to-one,dn_144,ngm_151,MISSING,Ippolita,MISSING,NOUN,MISSING,pred,leftover_target,
317,143,one-to-many,dn_145,ngm_152 ngm_153,Giorgio,Giorgio,PRON,PRON,obj,nmod,explicit_ref_pos,
318,143,one-to-many,dn_145,ngm_152 ngm_153,Giorgio,Giorgio,PRON,PRON,obj,nsubj,explicit_ref_pos,
319,143,one-to-many,dn_145,ngm_152 ngm_153,Ippolita,Ippolita,PRON,PRON,nsubj,nsubj,explicit_full,
320,143,one-to-many,dn_145,ngm_152 ngm_153,Ippolita,Ippolita,PRON,PRON,obj,obj,explicit_full,
321,144,one-to-one,dn_146,ngm_154,Giorgio,Giorgio,PRON,PRON,nsubj,nsubj,explicit_full,
322,144,one-to-one,dn_146,ngm_154,Ippolita,Ippolita,DET,PRON,nmod,nmod,explicit_ref_case,
323,144,one-to-one,dn_146,ngm_154,Ippolita,Ippolita,DET,PRON,nmod,nmod,explicit_ref_case,
324,144,one-to-one,dn_146,ngm_154,Ippolita,Ippolita,DET,PRON,nmod,nmod,explicit_ref_case,
325,145,many-to-one,dn_147 dn_148 dn_149,ngm_155,Giorgio,MISSING,PRON,MISSING,obj,MISSING,leftover_source,
326,145,many-to-one,dn_147 dn_148 dn_149,ngm_155,MISSING,Giorgio,MISSING,NULL,MISSING,nsubj,leftover_target,
327,145,many-to-one,dn_147 dn_148 dn_149,ngm_155,Ippolita,Ippolita,PRON,PRON,nsubj,nsubj,explicit_full,
328,146,one-to-one,dn_150,ngm_156,MISSING,Giorgio,MISSING,NULL,MISSING,nsubj,leftover_target,
329,146,one-to-one,dn_150,ngm_156,Giorgio Ippolita,Giorgio Ippolita,PRON,PRON,nsubj,nsubj,explicit_full,
330,146,one-to-one,dn_150,ngm_156,MISSING,Giorgio Ippolita,MISSING,NOUN,MISSING,pred,leftover_target,
331,146,one-to-one,dn_150,ngm_156,MISSING,Giorgio Ippolita,MISSING,NOUN,MISSING,nmod,leftover_target,
332,147,one-to-one,dn_151,ngm_157,Giorgio,Giorgio,PRON,PRON,nsubj,nsubj,explicit_full,
333,147,one-to-one,dn_151,ngm_157,Giorgio,Giorgio,DET,PRON,nmod,nmod,explicit_ref_case,
334,147,one-to-one,dn_151,ngm_157,Ippolita,Ippolita,DET,DET,nmod,nmod,explicit_full,
335,147,one-to-one,dn_151,ngm_157,MISSING,Ippolita,MISSING,PRON,MISSING,nmod,leftover_target,
336,148,one-to-many,dn_152,ngm_158 ngm_159,Giorgio,Giorgio,DET,PRON,nmod,nmod,explicit_ref_case,
337,148,one-to-many,dn_152,ngm_158 ngm_159,Giorgio,Giorgio,DET,PRON,nmod,nsubj,explicit_ref_only,
338,148,one-to-many,dn_152,ngm_158 ngm_159,Giorgio,MISSING,NULL,MISSING,nsubj,MISSING,leftover_source,
339,148,one-to-many,dn_152,ngm_158 ngm_159,Ippolita,Ippolita,PRON,PRON,obj,obj,explicit_full,
340,148,one-to-many,dn_152,ngm_158 ngm_159,Ippolita,Ippolita,PRON,PRON,obj,nmod,explicit_ref_pos,
341,148,one-to-many,dn_152,ngm_158 ngm_159,MISSING,Ippolita,MISSING,PRON,MISSING,nmod,leftover_target,
342,149,one-to-many,dn_153,ngm_160 ngm_161,Giorgio,Giorgio,PRON,PRON,nsubj,nsubj,explicit_full,
343,149,one-to-many,dn_153,ngm_160 ngm_161,Ippolita,Ippolita,PRON,PRON,obj,obj,explicit_full,
344,149,one-to-many,dn_153,ngm_160 ngm_161,Ippolita,Ippolita,DET,PRON,nmod,nmod,explicit_ref_case,
345,150,one-to-one,dn_154,ngm_162,Giorgio,Giorgio,PRON,PRON,nsubj,nsubj,explicit_full,
346,150,one-to-one,dn_154,ngm_162,Ippolita,Ippolita,DET,PRON,nmod,nmod,explicit_ref_case,
347,151,one-to-one,dn_155,ngm_163,Giorgio,Giorgio,PRON,PRON,nsubj,nsubj,explicit_full,
348,151,one-to-one,dn_155,ngm_163,MISSING,Ippolita,MISSING,PRON,MISSING,nmod,leftover_target,
349,152,one-to-many,dn_156,ngm_164 ngm_165 ngm_166,Giorgio,Giorgio,PRON,PRON,obj,nsubj,explicit_ref_pos,
350,152,one-to-many,dn_156,ngm_164 ngm_165 ngm_166,Giorgio,Giorgio,NULL,NULL,nsubj,nsubj,zero_zero_semantic,0.20662205783727533
351,152,one-to-many,dn_156,ngm_164 ngm_165 ngm_166,Giorgio,Giorgio,NULL,NULL,nsubj,nsubj,zero_zero_semantic,0.30457829728284147
352,152,one-to-many,dn_156,ngm_164 ngm_165 ngm_166,Giorgio,Giorgio,NULL,NULL,nsubj,nsubj,zero_zero_semantic,0.16604227526354393
353,152,one-to-many,dn_156,ngm_164 ngm_165 ngm_166,Giorgio,Giorgio,NULL,NULL,nsubj,nsubj,zero_zero_semantic,0.24098201898956334
354,152,one-to-many,dn_156,ngm_164 ngm_165 ngm_166,Giorgio,Giorgio,NULL,PRON,nsubj,nsubj,zero_to_tgt_anchor,
355,152,one-to-many,dn_156,ngm_164 ngm_165 ngm_166,Giorgio,MISSING,PRON-REFLEX,MISSING,obj,MISSING,leftover_source,
356,152,one-to-many,dn_156,ngm_164 ngm_165 ngm_166,Giorgio,MISSING,NULL,MISSING,nsubj,MISSING,leftover_source,
357,152,one-to-many,dn_156,ngm_164 ngm_165 ngm_166,Giorgio,MISSING,PRON-REFLEX,MISSING,obj,MISSING,leftover_source,
358,152,one-to-many,dn_156,ngm_164 ngm_165 ngm_166,Ippolita,Ippolita,PRON,PRON,obj,obj,explicit_full,
359,152,one-to-many,dn_156,ngm_164 ngm_165 ngm_166,Ippolita,Ippolita,PRON,PRON,obj,obj,explicit_full,
360,152,one-to-many,dn_156,ngm_164 ngm_165 ngm_166,Ippolita,Ippolita,DET,PRON,nmod,nmod,explicit_ref_case,
361,152,one-to-many,dn_156,ngm_164 ngm_165 ngm_166,Ippolita,Ippolita,PRON,PRON,obj,nsubj,explicit_ref_pos,
362,152,one-to-many,dn_156,ngm_164 ngm_165 ngm_166,Ippolita,Ippolita,PRON,PRON,obj,nmod,explicit_ref_pos,
363,153,one-to-one,dn_157,ngm_167,Giorgio,Giorgio,PRON,PRON,obj,obj,explicit_full,
364,154,one-to-one,dn_158,ngm_168,Giorgio,Giorgio,PRON,PRON,nsubj,nsubj,explicit_full,
365,154,one-to-one,dn_158,ngm_168,MISSING,Giorgio,MISSING,NULL,MISSING,nsubj,leftover_target,
366,154,one-to-one,dn_158,ngm_168,Ippolita,Ippolita,PRON,PRON,obj,obj,explicit_full,
367,155,one-to-one,dn_159,ngm_169,Giorgio,Giorgio,DET,PRON,nmod,nmod,explicit_ref_case,
368,155,one-to-one,dn_159,ngm_169,Giorgio,Giorgio,PRON,NULL,nsubj,nsubj,zero_to_src_anchor,
369,155,one-to-one,dn_159,ngm_169,Ippolita,MISSING,PRON,MISSING,obj,MISSING,leftover_source,
370,156,one-to-one,dn_160,ngm_170,Giorgio,Giorgio,PRON,PRON,obj,obj,explicit_full,
371,156,one-to-one,dn_160,ngm_170,Giorgio,MISSING,NULL,MISSING,nsubj,MISSING,leftover_source,
372,156,one-to-one,dn_160,ngm_170,Giorgio,MISSING,PRON,MISSING,obj,MISSING,leftover_source,
373,156,one-to-one,dn_160,ngm_170,Ippolita,Ippolita,PRON,PRON,obj,nsubj,explicit_ref_pos,
374,157,one-to-one,dn_161,ngm_171,Giorgio,Giorgio,PRON,PRON,obj,nmod,explicit_ref_pos,
375,157,one-to-one,dn_161,ngm_171,Ippolita,Ippolita,PRON,PRON,nsubj,nsubj,explicit_full,
376,157,one-to-one,dn_161,ngm_171,Ippolita,Ippolita,NULL,NULL,nsubj,nsubj,zero_zero_semantic,0.33030166061485516
377,157,one-to-one,dn_161,ngm_171,Ippolita,Ippolita,NULL,NULL,nsubj,nsubj,zero_zero_semantic,0.30924164752749833
378,157,one-to-one,dn_161,ngm_171,Ippolita,MISSING,PRON,MISSING,obj,MISSING,leftover_source,
379,158,one-to-one,dn_162,ngm_172,Giorgio,Giorgio,PRON,PRON,nsubj,nsubj,explicit_full,
380,158,one-to-one,dn_162,ngm_172,MISSING,Giorgio,MISSING,NULL,MISSING,nsubj,leftover_target,
381,160,one-to-one,dn_164,ngm_174,Giorgio,Giorgio,PRON,PRON,obj,obj,explicit_full,
382,160,one-to-one,dn_164,ngm_174,Giorgio,Giorgio,PRON,PRON,obj,nsubj,explicit_ref_pos,
383,160,one-to-one,dn_164,ngm_174,MISSING,Giorgio,MISSING,NULL,MISSING,nsubj,leftover_target,
384,160,one-to-one,dn_164,ngm_174,MISSING,Giorgio,MISSING,NULL,MISSING,nsubj,leftover_target,
385,160,one-to-one,dn_164,ngm_174,Ippolita,Ippolita,PRON,PRON,nsubj,nsubj,explicit_full,
386,160,one-to-one,dn_164,ngm_174,Ippolita,MISSING,NULL,MISSING,nsubj,MISSING,leftover_source,
387,160,one-to-one,dn_164,ngm_174,MISSING,Ippolita,MISSING,PRON,MISSING,obj,leftover_target,
388,161,one-to-many,dn_165,ngm_175 ngm_176,Giorgio,Giorgio,NULL,NULL,nsubj,nsubj,zero_zero_semantic,0.49524410035589644
389,161,one-to-many,dn_165,ngm_175 ngm_176,Giorgio,Giorgio,NULL,NULL,nsubj,nsubj,zero_zero_semantic,0.34887510183556325
390,161,one-to-many,dn_165,ngm_175 ngm_176,Giorgio,MISSING,PRON,MISSING,nsubj,MISSING,leftover_source,
391,161,one-to-many,dn_165,ngm_175 ngm_176,Giorgio,MISSING,NULL,MISSING,nsubj,MISSING,leftover_source,
392,161,one-to-many,dn_165,ngm_175 ngm_176,Giorgio,MISSING,PRON-REFLEX,MISSING,obj,MISSING,leftover_source,
393,161,one-to-many,dn_165,ngm_175 ngm_176,Giorgio,MISSING,NULL,MISSING,nsubj,MISSING,leftover_source,
394,161,one-to-many,dn_165,ngm_175 ngm_176,Ippolita,Ippolita,DET,PRON,nmod,nmod,explicit_ref_case,
395,161,one-to-many,dn_165,ngm_175 ngm_176,Ippolita,Ippolita,PRON,PRON,obj,nmod,explicit_ref_pos,
396,162,one-to-many,dn_166,ngm_177 ngm_178,Giorgio Ippolita,Giorgio Ippolita,PRON,PRON,obj,nmod,explicit_ref_pos,
397,163,one-to-one,dn_167,ngm_180,Giorgio,Giorgio,PRON,PRON,nsubj,nsubj,explicit_full,
398,163,one-to-one,dn_167,ngm_180,Ippolita,Ippolita,PRON,PRON,obj,obj,explicit_full,
399,164,one-to-one,dn_168,ngm_179,Ippolita,Ippolita,NULL,NULL,nsubj,nsubj,zero_zero_single,
400,165,one-to-one,dn_169,ngm_182,Giorgio,MISSING,PRON,MISSING,obj,MISSING,leftover_source,
401,165,one-to-one,dn_169,ngm_182,Ippolita,Ippolita,PRON,PRON,nsubj,nsubj,explicit_full,
402,166,one-to-one,dn_170,ngm_181,Giorgio,Giorgio,NULL,NULL,nsubj,nsubj,zero_zero_single,
403,167,one-to-one,dn_171,ngm_183,Giorgio,Giorgio,DET,PRON,nmod,nmod,explicit_ref_case,
404,167,one-to-one,dn_171,ngm_183,Giorgio,Giorgio,PRON,PRON,nsubj,obj,explicit_ref_pos,
405,167,one-to-one,dn_171,ngm_183,Ippolita,Ippolita,DET,PRON,nmod,nmod,explicit_ref_case,
406,167,one-to-one,dn_171,ngm_183,Ippolita,Ippolita,PRON,PRON,nsubj,obj,explicit_ref_pos,
407,168,one-to-one,dn_172,ngm_184,MISSING,Giorgio Ippolita,MISSING,PRON,MISSING,nmod,leftover_target,
408,169,one-to-one,dn_173,ngm_185,Giorgio,Giorgio,PRON,PRON,nsubj,nsubj,explicit_full,
409,169,one-to-one,dn_173,ngm_185,Giorgio,Giorgio,NULL,NULL,nsubj,nsubj,zero_zero_semantic,0.25507391680527625
410,169,one-to-one,dn_173,ngm_185,Giorgio,Giorgio,NULL,NULL,nsubj,nsubj,zero_zero_semantic,0.3054966243440226
411,169,one-to-one,dn_173,ngm_185,Giorgio,MISSING,PRON-REFLEX,MISSING,obj,MISSING,leftover_source,
412,169,one-to-one,dn_173,ngm_185,MISSING,Giorgio,MISSING,NULL,MISSING,nsubj,leftover_target,
413,169,one-to-one,dn_173,ngm_185,MISSING,Giorgio,MISSING,NULL,MISSING,nsubj,leftover_target,
414,169,one-to-one,dn_173,ngm_185,MISSING,Giorgio,MISSING,NULL,MISSING,nsubj,leftover_target,
415,169,one-to-one,dn_173,ngm_185,MISSING,Giorgio,MISSING,PRON,MISSING,nmod,leftover_target,
416,169,one-to-one,dn_173,ngm_185,MISSING,Giorgio,MISSING,NULL,MISSING,nsubj,leftover_target,
417,169,one-to-one,dn_173,ngm_185,Ippolita,Ippolita,PRON,PRON,nmod,nmod,explicit_full,
418,169,one-to-one,dn_173,ngm_185,Ippolita,Ippolita,PRON,PRON,obj,obj,explicit_full,
419,169,one-to-one,dn_173,ngm_185,Ippolita,Ippolita,PRON,PRON,obj,obj,explicit_full,
420,169,one-to-one,dn_173,ngm_185,Ippolita,MISSING,DET,MISSING,nmod,MISSING,leftover_source,
421,171,one-to-one,dn_176,ngm_188,Ippolita,Ippolita,PROPN,PROPN,nsubj,nsubj,explicit_full,
422,172,one-to-one,dn_177,ngm_187,Ippolita,Ippolita,PRON,PRON,nsubj,nsubj,explicit_full,
423,173,many-to-one,dn_178 dn_179,ngm_189,Ippolita,Ippolita,PRON,PRON,nsubj,nsubj,explicit_full,
424,173,many-to-one,dn_178 dn_179,ngm_189,Ippolita,Ippolita,NULL,NULL,nsubj,nsubj,zero_zero_semantic,0.25898568188412147
425,173,many-to-one,dn_178 dn_179,ngm_189,MISSING,Ippolita,MISSING,NULL,MISSING,nsubj,leftover_target,
426,173,many-to-one,dn_178 dn_179,ngm_189,MISSING,Ippolita,MISSING,NULL,MISSING,nsubj,leftover_target,
427,174,one-to-one,dn_180,ngm_190,Giorgio,Giorgio,NOUN,NOUN,obj,obj,explicit_full,
428,174,one-to-one,dn_180,ngm_190,MISSING,Ippolita,MISSING,PRON,MISSING,nmod,leftover_target,
429,175,one-to-one,dn_181,ngm_191,Ippolita,Ippolita,PROPN,PROPN,nsubj,nsubj,explicit_full,
430,176,one-to-one,dn_182,ngm_192,Giorgio,Giorgio,PRON,PRON,nsubj,nsubj,explicit_full,
431,177,one-to-one,dn_183,ngm_193,Giorgio,Giorgio,PRON,PRON,nsubj,nsubj,explicit_full,
432,177,one-to-one,dn_183,ngm_193,Giorgio,MISSING,DET,MISSING,nmod,MISSING,leftover_source,
433,178,one-to-many,dn_184,ngm_194 ngm_195,Giorgio,Giorgio,DET,PRON,nmod,nmod,explicit_ref_case,
434,178,one-to-many,dn_184,ngm_194 ngm_195,Giorgio,Giorgio,PRON,PRON,obj,nsubj,explicit_ref_pos,
435,178,one-to-many,dn_184,ngm_194 ngm_195,Giorgio,MISSING,PRON,MISSING,obj,MISSING,leftover_source,
436,178,one-to-many,dn_184,ngm_194 ngm_195,MISSING,Giorgio,MISSING,NULL,MISSING,nsubj,leftover_target,
437,178,one-to-many,dn_184,ngm_194 ngm_195,Ippolita,Ippolita,PRON,PRON,nsubj,obj,explicit_ref_pos,
438,178,one-to-many,dn_184,ngm_194 ngm_195,Ippolita,Ippolita,PRON,PRON,nsubj,nmod,explicit_ref_pos,
439,179,one-to-one,dn_185,ngm_196,Giorgio,Giorgio,PRON,PRON,nsubj,nsubj,explicit_full,
440,179,one-to-one,dn_185,ngm_196,Giorgio,MISSING,DET,MISSING,nmod,MISSING,leftover_source,
441,180,one-to-one,dn_186,ngm_197,Giorgio,Giorgio,NULL,NULL,nsubj,nsubj,zero_zero_semantic,0.37078129351139066
442,180,one-to-one,dn_186,ngm_197,Giorgio,Giorgio,NULL,NULL,nsubj,nsubj,zero_zero_semantic,0.2677345976714165
443,180,one-to-one,dn_186,ngm_197,MISSING,Giorgio,MISSING,NULL,MISSING,nsubj,leftover_target,
444,181,one-to-one,dn_187,ngm_198,Giorgio,Giorgio,PRON,PRON,nsubj,nsubj,explicit_full,
445,182,one-to-many,dn_188,ngm_199 ngm_200,Giorgio,Giorgio,PRON,PRON,nsubj,nsubj,explicit_full,
446,182,one-to-many,dn_188,ngm_199 ngm_200,MISSING,Giorgio,MISSING,NULL,MISSING,nsubj,leftover_target,
447,183,one-to-one,dn_189,ngm_201,Ippolita,Ippolita,PRON,PRON,nsubj,nsubj,explicit_full,
448,183,one-to-one,dn_189,ngm_201,Ippolita,Ippolita,NULL,NULL,nsubj,nsubj,zero_zero_semantic,0.2681841546655598
449,183,one-to-one,dn_189,ngm_201,MISSING,Ippolita,MISSING,NULL,MISSING,nsubj,leftover_target,
450,183,one-to-one,dn_189,ngm_201,MISSING,Ippolita,MISSING,NULL,MISSING,nsubj,leftover_target,
451,185,one-to-one,dn_191,ngm_203,Ippolita,Ippolita,NULL,NULL,nsubj,nsubj,zero_zero_semantic,0.3062906391345538
452,185,one-to-one,dn_191,ngm_203,Ippolita,Ippolita,NULL,PRON,nsubj,nsubj,zero_to_tgt_anchor,
453,185,one-to-one,dn_191,ngm_203,Ippolita,MISSING,PRON-REFLEX,MISSING,obj,MISSING,leftover_source,
454,186,one-to-one,dn_192,ngm_204,Ippolita,MISSING,PRON,MISSING,obj,MISSING,leftover_source,
455,187,one-to-one,dn_193,ngm_205,Giorgio,Giorgio,PROPN,PROPN,nsubj,obj,explicit_ref_pos,
456,187,one-to-one,dn_193,ngm_205,Ippolita,Ippolita,PRON,PRON,nsubj,nsubj,explicit_full,
457,187,one-to-one,dn_193,ngm_205,Ippolita,MISSING,PRON-REFLEX,MISSING,obj,MISSING,leftover_source,
458,187,one-to-one,dn_193,ngm_205,MISSING,Ippolita,MISSING,NULL,MISSING,nsubj,leftover_target,
459,188,one-to-one,dn_194,ngm_206,Giorgio,Giorgio,NOUN,NOUN,obj,obj,explicit_full,
460,188,one-to-one,dn_194,ngm_206,Ippolita,Ippolita,PRON,PRON,nsubj,nsubj,explicit_full,
461,188,one-to-one,dn_194,ngm_206,MISSING,Ippolita,MISSING,NULL,MISSING,nsubj,leftover_target,
462,189,one-to-one,dn_195,ngm_207,Giorgio,Giorgio,NULL,NULL,nsubj,nsubj,zero_zero_single,
463,190,one-to-one,dn_196,ngm_208,Ippolita,Ippolita,PRON,PRON,nsubj,nsubj,explicit_full,
464,190,one-to-one,dn_196,ngm_208,MISSING,Ippolita,MISSING,NULL,MISSING,nsubj,leftover_target,
465,191,one-to-one,dn_197,ngm_209,Giorgio,Giorgio,PRON,PRON,nsubj,nmod,explicit_ref_pos,
466,191,one-to-one,dn_197,ngm_209,Ippolita,MISSING,PRON,MISSING,obj,MISSING,leftover_source,
467,191,one-to-one,dn_197,ngm_209,MISSING,Ippolita,MISSING,NULL,MISSING,nsubj,leftover_target,
468,192,one-to-one,dn_198,ngm_210,Giorgio,Giorgio,PRON,PRON,nsubj,nsubj,explicit_full,
469,193,one-to-one,dn_199,ngm_211,Giorgio Ippolita,Giorgio Ippolita,PRON,PRON,nsubj,nmod,explicit_ref_pos,
470,193,one-to-one,dn_199,ngm_211,Giorgio Ippolita,MISSING,NULL,MISSING,nsubj,MISSING,leftover_source,
471,193,one-to-one,dn_199,ngm_211,MISSING,Giorgio Ippolita,MISSING,NOUN,MISSING,obj,leftover_target,
472,198,one-to-one,dn_204,ngm_217,Giorgio,Giorgio,PROPN,PROPN,nsubj,nsubj,explicit_full,
473,199,one-to-one,dn_205,ngm_218,Giorgio,MISSING,PRON,MISSING,obj,MISSING,leftover_source,
474,199,one-to-one,dn_205,ngm_218,Ippolita,Ippolita,PRON,PRON,nsubj,nsubj,explicit_full,
475,199,one-to-one,dn_205,ngm_218,MISSING,Ippolita,MISSING,PRON,MISSING,obj,leftover_target,
476,200,one-to-one,dn_206,ngm_219,Ippolita,Ippolita,NULL,NULL,nsubj,nsubj,zero_zero_single,
477,201,one-to-one,dn_207,ngm_220,Giorgio,Giorgio,PRON,PRON,nsubj,nmod,explicit_ref_pos,
478,201,one-to-one,dn_207,ngm_220,Ippolita,Ippolita,PRON,PRON,nsubj,nsubj,explicit_full,
479,203,one-to-one,dn_209,ngm_222,Giorgio,Giorgio,PRON,PRON,obj,nmod,explicit_ref_pos,
480,204,one-to-one,dn_210,ngm_223,Giorgio,Giorgio,PRON,PRON,nsubj,nmod,explicit_ref_pos,
481,204,one-to-one,dn_210,ngm_223,Giorgio,MISSING,PRON,MISSING,obj,MISSING,leftover_source,
482,205,one-to-one,dn_211,ngm_224,Giorgio,Giorgio,NULL,PRON,nsubj,nsubj,zero_to_tgt_anchor,
483,206,many-to-one,dn_212 dn_213 dn_214,ngm_225,Ippolita,Ippolita,DET,PRON,nmod,nmod,explicit_ref_case,
484,207,one-to-one,dn_215,ngm_226,Giorgio,Giorgio,PRON,PRON,nsubj,nsubj,explicit_full,
485,207,one-to-one,dn_215,ngm_226,Ippolita,Ippolita,PRON,PRON,obj,obj,explicit_full,
486,208,one-to-one,dn_216,ngm_227,Ippolita,Ippolita,NULL,NULL,nsubj,nsubj,zero_zero_single,
487,209,one-to-one,dn_217,ngm_228,Ippolita,MISSING,NULL,MISSING,nsubj,MISSING,leftover_source,
488,210,one-to-one,dn_218,ngm_229,Giorgio,MISSING,PRON,MISSING,obj,MISSING,leftover_source,
489,210,one-to-one,dn_218,ngm_229,MISSING,Giorgio,MISSING,NULL,MISSING,nsubj,leftover_target,
490,210,one-to-one,dn_218,ngm_229,Ippolita,Ippolita,NULL,NULL,nsubj,nsubj,zero_zero_single,
491,210,one-to-one,dn_218,ngm_229,MISSING,Ippolita,MISSING,PRON,MISSING,nsubj,leftover_target,
492,211,many-to-one,dn_219 dn_220,ngm_230,Giorgio,Giorgio,PRON,PRON,obj,obj,explicit_full,
493,211,many-to-one,dn_219 dn_220,ngm_230,Giorgio,Giorgio,NULL,NULL,nsubj,nsubj,zero_zero_single,
494,211,many-to-one,dn_219 dn_220,ngm_230,Giorgio,MISSING,PRON-REFLEX,MISSING,obj,MISSING,leftover_source,
495,211,many-to-one,dn_219 dn_220,ngm_230,Ippolita,Ippolita,PRON,PRON,nsubj,nsubj,explicit_full,
496,211,many-to-one,dn_219 dn_220,ngm_230,Ippolita,Ippolita,DET,PRON,nmod,nmod,explicit_ref_case,
497,211,many-to-one,dn_219 dn_220,ngm_230,Ippolita,Ippolita,PRON,PRON,nsubj,nmod,explicit_ref_pos,
498,211,many-to-one,dn_219 dn_220,ngm_230,Ippolita,MISSING,PRON-REFLEX,MISSING,obj,MISSING,leftover_source,
499,211,many-to-one,dn_219 dn_220,ngm_230,Ippolita,MISSING,NULL,MISSING,nsubj,MISSING,leftover_source,
500,213,one-to-one,dn_222,ngm_232,Giorgio,Giorgio,DET,PRON,nmod,nmod,explicit_ref_case,
501,214,one-to-one,dn_223,ngm_233,Giorgio,Giorgio,NULL,NULL,nsubj,nsubj,zero_zero_semantic,0.24706604863916126
502,214,one-to-one,dn_223,ngm_233,MISSING,Giorgio,MISSING,PRON,MISSING,nsubj,leftover_target,
503,214,one-to-one,dn_223,ngm_233,MISSING,Giorgio,MISSING,NULL,MISSING,nsubj,leftover_target,
504,214,one-to-one,dn_223,ngm_233,Ippolita,Ippolita,NOUN,NOUN,nmod,nmod,explicit_full,
505,215,one-to-many,dn_224,ngm_234 ngm_235,MISSING,Giorgio,MISSING,NULL,MISSING,nsubj,leftover_target,
506,215,one-to-many,dn_224,ngm_234 ngm_235,Ippolita,Ippolita,PRON,PRON,nsubj,nmod,explicit_ref_pos,
507,215,one-to-many,dn_224,ngm_234 ngm_235,MISSING,Ippolita,MISSING,DET,MISSING,nmod,leftover_target,
508,216,one-to-one,dn_225,ngm_236,Ippolita,Ippolita,NULL,PRON,nsubj,nsubj,zero_to_tgt_anchor,
509,217,one-to-one,dn_226,ngm_237,Ippolita,MISSING,DET,MISSING,nmod,MISSING,leftover_source,
510,217,one-to-one,dn_226,ngm_237,MISSING,Ippolita,MISSING,NULL,MISSING,nsubj,leftover_target,
511,218,one-to-one,dn_227,ngm_238,Ippolita,Ippolita,PRON,PRON,nmod,nmod,explicit_full,
512,219,one-to-many,dn_228,ngm_239 ngm_240,Giorgio,Giorgio,PRON,PRON,obj,obj,explicit_full,
513,219,one-to-many,dn_228,ngm_239 ngm_240,Giorgio,Giorgio,PRON,PRON,obj,obj,explicit_full,
514,219,one-to-many,dn_228,ngm_239 ngm_240,Ippolita,Ippolita,DET,PRON,nmod,nmod,explicit_ref_case,
515,220,many-to-one,dn_229 dn_230,ngm_241,Giorgio,Giorgio,NULL,PRON,nsubj,nsubj,zero_to_tgt_anchor,
516,220,many-to-one,dn_229 dn_230,ngm_241,Ippolita,Ippolita,DET,PRON,nmod,nmod,explicit_ref_case,
517,221,one-to-one,dn_231,ngm_242,Ippolita,Ippolita,NULL,PRON,nsubj,nsubj,zero_to_tgt_anchor,
518,222,one-to-one,dn_232,ngm_243,Giorgio,Giorgio,PRON,NULL,nsubj,nsubj,zero_to_src_anchor,
519,222,one-to-one,dn_232,ngm_243,MISSING,Giorgio,MISSING,NULL,MISSING,nsubj,leftover_target,
520,222,one-to-one,dn_232,ngm_243,MISSING,Giorgio,MISSING,NULL,MISSING,nsubj,leftover_target,
521,222,one-to-one,dn_232,ngm_243,Ippolita,Ippolita,PRON,PRON,obj,obj,explicit_full,
522,223,one-to-one,dn_233,ngm_244,Giorgio,MISSING,PRON,MISSING,obj,MISSING,leftover_source,
523,223,one-to-one,dn_233,ngm_244,Ippolita,Ippolita,DET,PRON,nmod,nmod,explicit_ref_case,
524,224,one-to-one,dn_234,ngm_245,Ippolita,Ippolita,PRON,PRON,nsubj,obj,explicit_ref_pos,
525,227,one-to-one,dn_237,ngm_248,Giorgio,Giorgio,PRON,PRON,obj,nsubj,explicit_ref_pos,
526,227,one-to-one,dn_237,ngm_248,MISSING,Ippolita,MISSING,PRON,MISSING,nsubj,leftover_target,
527,228,one-to-one,dn_238,ngm_249,Giorgio,Giorgio,PRON,PRON,obj,obj,explicit_full,
528,228,one-to-one,dn_238,ngm_249,Ippolita,Ippolita,PRON,PRON,nsubj,nsubj,explicit_full,
529,229,one-to-one,dn_239,ngm_250,Giorgio,MISSING,PRON,MISSING,obj,MISSING,leftover_source,
530,229,one-to-one,dn_239,ngm_250,Giorgio,MISSING,NULL,MISSING,nsubj,MISSING,leftover_source,
531,229,one-to-one,dn_239,ngm_250,Ippolita,Ippolita,DET,PRON,nmod,nmod,explicit_ref_case,
532,229,one-to-one,dn_239,ngm_250,Ippolita,Ippolita,NULL,NULL,nsubj,nsubj,zero_zero_single,
533,229,one-to-one,dn_239,ngm_250,Ippolitas-sister,Ippolitas-sister,NOUN,NOUN,nmod,nmod,explicit_full,
534,230,one-to-many,dn_240,ngm_251 ngm_252,Ippolita,Ippolita,PRON,PRON,nsubj,nsubj,explicit_full,
535,230,one-to-many,dn_240,ngm_251 ngm_252,Ippolita,Ippolita,DET,PRON,nmod,nmod,explicit_ref_case,
536,230,one-to-many,dn_240,ngm_251 ngm_252,Ippolitas-sister,Ippolitas-sister,NOUN,NOUN,nmod,nmod,explicit_full,
537,231,one-to-one,dn_241,ngm_253,MISSING,Ippolita,MISSING,NULL,MISSING,nsubj,leftover_target,
538,232,one-to-many,dn_242,ngm_255 ngm_256,Giorgio,Giorgio,PRON,PRON,obj,nsubj,explicit_ref_pos,
539,232,one-to-many,dn_242,ngm_255 ngm_256,Ippolita,Ippolita,NULL,NULL,nsubj,nsubj,zero_zero_semantic,0.5641409091205986
540,232,one-to-many,dn_242,ngm_255 ngm_256,Ippolita,Ippolita,PRON,NULL,nsubj,nsubj,zero_to_src_anchor,
541,232,one-to-many,dn_242,ngm_255 ngm_256,MISSING,Ippolita,MISSING,NULL,MISSING,nsubj,leftover_target,
542,233,many-to-one,dn_243 dn_244,ngm_257,Giorgio,Giorgio,NULL,PRON,nsubj,nsubj,zero_to_tgt_anchor,
543,233,many-to-one,dn_243 dn_244,ngm_257,Ippolita,Ippolita,DET,PRON,nmod,obj,explicit_ref_only,
544,233,many-to-one,dn_243 dn_244,ngm_257,Ippolita,MISSING,DET,MISSING,nmod,MISSING,leftover_source,
545,234,one-to-many,dn_245,ngm_258 ngm_259,Giorgio,Giorgio,PRON,PRON,nsubj,nsubj,explicit_full,
546,234,one-to-many,dn_245,ngm_258 ngm_259,Giorgio,Giorgio,NULL,NULL,nsubj,nsubj,zero_zero_semantic,0.290040775408406
547,234,one-to-many,dn_245,ngm_258 ngm_259,MISSING,Giorgio,MISSING,NULL,MISSING,nsubj,leftover_target,
548,234,one-to-many,dn_245,ngm_258 ngm_259,MISSING,Giorgio,MISSING,NULL,MISSING,nsubj,leftover_target,
549,235,one-to-one,dn_246,ngm_260,Giorgio,Giorgio,PRON,PRON,obj,nmod,explicit_ref_pos,
550,236,one-to-one,dn_247,ngm_261,MISSING,Giorgio,MISSING,PRON,MISSING,obj,leftover_target,
551,236,one-to-one,dn_247,ngm_261,MISSING,Giorgio,MISSING,NULL,MISSING,nsubj,leftover_target,
552,236,one-to-one,dn_247,ngm_261,MISSING,Ippolita,MISSING,PRON,MISSING,nsubj,leftover_target,
553,236,one-to-one,dn_247,ngm_261,MISSING,Ippolita,MISSING,PRON,MISSING,nsubj,leftover_target,
554,236,one-to-one,dn_247,ngm_261,MISSING,Ippolita,MISSING,NULL,MISSING,nsubj,leftover_target,
555,237,one-to-one,dn_248,ngm_262,Giorgio,Giorgio,PRON,PRON,nsubj,nmod,explicit_ref_pos,
556,237,one-to-one,dn_248,ngm_262,Ippolita,Ippolita,PROPN,PROPN,nsubj,nsubj,explicit_full,
557,237,one-to-one,dn_248,ngm_262,MISSING,Ippolita,MISSING,PRON,MISSING,nmod,leftover_target,
558,237,one-to-one,dn_248,ngm_262,MISSING,Ippolita,MISSING,PRON,MISSING,nmod,leftover_target,
559,237,one-to-one,dn_248,ngm_262,MISSING,Ippolita,MISSING,NULL,MISSING,nsubj,leftover_target,
560,237,one-to-one,dn_248,ngm_262,MISSING,Ippolita,MISSING,NULL,MISSING,nsubj,leftover_target,
561,237,one-to-one,dn_248,ngm_262,Ippolitas-brother-in-law,Ippolitas-brother-in-law,NOUN,NOUN,nmod,nmod,explicit_full,
562,237,one-to-one,dn_248,ngm_262,Ippolitas-brother-in-laws-friends,Ippolitas-brother-in-laws-friends,NOUN,NOUN,obj,obj,explicit_full,
563,237,one-to-one,dn_248,ngm_262,Ippolitas-brother-in-laws-friends,Ippolitas-brother-in-laws-friends,NOUN,NOUN,obj,obj,explicit_full,
564,237,one-to-one,dn_248,ngm_262,Ippolitas-brother-in-laws-friends,Ippolitas-brother-in-laws-friends,NOUN,NOUN,obj,obj,explicit_full,
565,237,one-to-one,dn_248,ngm_262,MISSING,Ippolitas-brother-in-laws-friends,MISSING,NOUN,MISSING,obj,leftover_target,
566,238,one-to-one,dn_249,ngm_263,Ippolita,MISSING,DET,MISSING,nmod,MISSING,leftover_source,
567,239,one-to-one,dn_250,ngm_264,Giorgio,Giorgio,PRON,PROPN,obj,nsubj,explicit_ref_only,
568,240,one-to-one,dn_251,ngm_265,MISSING,Ippolita,MISSING,NULL,MISSING,nsubj,leftover_target,
569,241,one-to-one,dn_252,ngm_266,MISSING,Ippolita,MISSING,PRON,MISSING,obj,leftover_target,
570,241,one-to-one,dn_252,ngm_266,MISSING,Ippolita,MISSING,PRON,MISSING,obj,leftover_target,
571,241,one-to-one,dn_252,ngm_266,Ippolita Ippolitas-sister Ippolitas-brother-in-law,MISSING,PRON,MISSING,obj,MISSING,leftover_source,
572,241,one-to-one,dn_252,ngm_266,Ippolita Ippolitas-sister Ippolitas-brother-in-law,MISSING,PRON,MISSING,obj,MISSING,leftover_source,
573,241,one-to-one,dn_252,ngm_266,Ippolitas-brother-in-laws-friends,Ippolitas-brother-in-laws-friends,NOUN,NOUN,nsubj,nsubj,explicit_full,
574,241,one-to-one,dn_252,ngm_266,Ippolitas-brother-in-laws-friends,Ippolitas-brother-in-laws-friends,NULL,NULL,nsubj,nsubj,zero_zero_single,
575,242,one-to-one,dn_253,ngm_267,Giorgio,Giorgio,PRON,PRON,nsubj,nsubj,explicit_full,
576,243,one-to-one,dn_254,ngm_268,Giorgio,MISSING,PRON,MISSING,obj,MISSING,leftover_source,
577,244,one-to-one,dn_255,ngm_269,Ippolita,Ippolita,PROPN,PROPN,nsubj,nsubj,explicit_full,
578,244,one-to-one,dn_255,ngm_269,Ippolitas-brother-in-laws-friends,Ippolitas-brother-in-laws-friends,PRON,NOUN,obj,obj,explicit_ref_case,
579,245,one-to-one,dn_256,ngm_270,Ippolita,Ippolita,PRON,PRON,nsubj,nsubj,explicit_full,
580,245,one-to-one,dn_256,ngm_270,Ippolita,Ippolita,NULL,NULL,nsubj,nsubj,zero_zero_semantic,0.402308025528771
581,245,one-to-one,dn_256,ngm_270,Ippolita,Ippolita,NULL,NULL,nsubj,nsubj,zero_zero_semantic,0.3069157772119158
582,245,one-to-one,dn_256,ngm_270,Ippolita,Ippolita,NULL,NULL,nsubj,nsubj,zero_zero_semantic,0.15963590738677186
583,245,one-to-one,dn_256,ngm_270,Ippolita,Ippolita,NULL,NULL,nsubj,nsubj,zero_zero_semantic,0.42549349970152067
584,245,one-to-one,dn_256,ngm_270,Ippolita,MISSING,PRON-REFLEX,MISSING,obj,MISSING,leftover_source,
585,245,one-to-one,dn_256,ngm_270,Ippolitas-brother-in-laws-friends,Ippolitas-brother-in-laws-friends,PRON,NOUN,obj,obj,explicit_ref_case,
586,245,one-to-one,dn_256,ngm_270,Ippolitas-brother-in-laws-friends,Ippolitas-brother-in-laws-friends,PRON,NOUN,obj,obj,explicit_ref_case,
587,246,many-to-one,dn_257 dn_258,ngm_271,Giorgio,Giorgio,PRON,PRON,obj,obj,explicit_full,
588,246,many-to-one,dn_257 dn_258,ngm_271,Giorgio,Giorgio,DET,PRON,nmod,nmod,explicit_ref_case,
589,246,many-to-one,dn_257 dn_258,ngm_271,Giorgio,MISSING,PRON,MISSING,obj,MISSING,leftover_source,
590,246,many-to-one,dn_257 dn_258,ngm_271,MISSING,Giorgio,MISSING,NULL,MISSING,nsubj,leftover_target,
591,246,many-to-one,dn_257 dn_258,ngm_271,MISSING,Giorgio,MISSING,NULL,MISSING,nsubj,leftover_target,
592,246,many-to-one,dn_257 dn_258,ngm_271,Ippolita,Ippolita,NOUN,NOUN,nsubj,nsubj,explicit_full,
593,246,many-to-one,dn_257 dn_258,ngm_271,Ippolita,Ippolita,PRON,PRON,nsubj,nsubj,explicit_full,
594,246,many-to-one,dn_257 dn_258,ngm_271,Ippolita,Ippolita,PRON,NULL,nsubj,nsubj,zero_to_src_anchor,
595,246,many-to-one,dn_257 dn_258,ngm_271,Ippolitas-brother-in-laws-friends,Ippolitas-brother-in-laws-friends,NOUN,NOUN,obj,nmod,explicit_ref_pos,
596,246,many-to-one,dn_257 dn_258,ngm_271,MISSING,Ippolitas-brother-in-laws-friends,MISSING,PRON,MISSING,nmod,leftover_target,
597,247,one-to-one,dn_259,ngm_272,Ippolita,Ippolita,NULL,NULL,nsubj,nsubj,zero_zero_single,
598,248,one-to-one,dn_260,ngm_273,Ippolita,Ippolita,NULL,NULL,nsubj,nsubj,zero_zero_single,
599,249,one-to-one,dn_261,ngm_274,Ippolita,Ippolita,PRON,PRON,nsubj,nmod,explicit_ref_pos,
600,249,one-to-one,dn_261,ngm_274,Ippolita,Ippolita,PRON,NULL,nsubj,nsubj,zero_to_src_anchor,
601,249,one-to-one,dn_261,ngm_274,Ippolitas-brother-in-laws-friends,Ippolitas-brother-in-laws-friends,NOUN,NOUN,obj,obj,explicit_full,
602,251,one-to-one,dn_263,ngm_276,Giorgio,Giorgio,NOUN,NOUN,nsubj,nsubj,explicit_full,
603,252,one-to-many,dn_264,ngm_277 ngm_278,Giorgio,Giorgio,PRON,PRON,obj,obj,explicit_full,
604,252,one-to-many,dn_264,ngm_277 ngm_278,Ippolita,Ippolita,PRON,PRON,obj,obj,explicit_full,
605,252,one-to-many,dn_264,ngm_277 ngm_278,Ippolitas-brother-in-laws-friends,Ippolitas-brother-in-laws-friends,NULL,NULL,nsubj,nsubj,zero_zero_single,
606,252,one-to-many,dn_264,ngm_277 ngm_278,MISSING,Ippolitas-brother-in-laws-friends,MISSING,NOUN,MISSING,nsubj,leftover_target,
607,253,one-to-one,dn_265,ngm_279,Giorgio,MISSING,PRON,MISSING,nsubj,MISSING,leftover_source,
608,253,one-to-one,dn_265,ngm_279,Ippolita,Ippolita,PRON,PRON,obj,obj,explicit_full,
609,253,one-to-one,dn_265,ngm_279,Ippolita,MISSING,PRON,MISSING,obj,MISSING,leftover_source,
610,253,one-to-one,dn_265,ngm_279,Ippolitas-brother-in-laws-friends,Ippolitas-brother-in-laws-friends,NOUN,NOUN,nsubj,nsubj,explicit_full,
611,253,one-to-one,dn_265,ngm_279,MISSING,Ippolitas-brother-in-laws-friends,MISSING,NULL,MISSING,nsubj,leftover_target,
612,254,one-to-many,dn_266,ngm_280 ngm_281,Ippolita,Ippolita,PRON,PRON,nsubj,nsubj,explicit_full,
613,254,one-to-many,dn_266,ngm_280 ngm_281,Ippolita,Ippolita,NULL,NULL,nsubj,nsubj,zero_zero_semantic,0.28785106876029676
614,254,one-to-many,dn_266,ngm_280 ngm_281,MISSING,Ippolita,MISSING,NULL,MISSING,nsubj,leftover_target,
615,254,one-to-many,dn_266,ngm_280 ngm_281,MISSING,Ippolita,MISSING,PRON,MISSING,nsubj,leftover_target,
616,254,one-to-many,dn_266,ngm_280 ngm_281,MISSING,Ippolita,MISSING,NULL,MISSING,nsubj,leftover_target,
617,254,one-to-many,dn_266,ngm_280 ngm_281,MISSING,Ippolita,MISSING,NULL,MISSING,nsubj,leftover_target,
618,255,one-to-one,dn_267,ngm_282,Ippolita,Ippolita,PRON,PRON,nsubj,obj,explicit_ref_pos,
619,255,one-to-one,dn_267,ngm_282,Ippolitas-brother-in-laws-friends,Ippolitas-brother-in-laws-friends,NOUN,NOUN,obj,nmod,explicit_ref_pos,
620,255,one-to-one,dn_267,ngm_282,MISSING,Ippolitas-brother-in-laws-friends,MISSING,NOUN,MISSING,nsubj,leftover_target,
621,260,one-to-one,dn_272,ngm_290,Giorgio,Giorgio,PRON,PRON,obj,nmod,explicit_ref_pos,
622,260,one-to-one,dn_272,ngm_290,Ippolita,Ippolita,PRON,NOUN,obj,obj,explicit_ref_case,
623,261,one-to-one,dn_273,ngm_291,Giorgio,Giorgio,DET,PRON,nmod,nmod,explicit_ref_case,
624,262,one-to-many,dn_274,ngm_292 ngm_293,Giorgio,Giorgio,PRON,PRON,nsubj,nsubj,explicit_full,
625,262,one-to-many,dn_274,ngm_292 ngm_293,Giorgio,Giorgio,DET,PRON,nmod,nmod,explicit_ref_case,
626,263,one-to-many,dn_275,ngm_294 ngm_295,Giorgio,Giorgio,PRON,PRON,nsubj,nsubj,explicit_full,
627,263,one-to-many,dn_275,ngm_294 ngm_295,Giorgio,Giorgio,NULL,NULL,nsubj,nsubj,zero_zero_semantic,0.15103175065481347
628,263,one-to-many,dn_275,ngm_294 ngm_295,Giorgio,Giorgio,PRON,NULL,nsubj,nsubj,zero_to_src_anchor,
629,263,one-to-many,dn_275,ngm_294 ngm_295,Ippolita,Ippolita,PROPN,PROPN,obj,obj,explicit_full,
630,264,one-to-many,dn_276,ngm_296 ngm_297,Giorgio,Giorgio,PRON,PRON,nsubj,nsubj,explicit_full,
631,264,one-to-many,dn_276,ngm_296 ngm_297,Giorgio,Giorgio,NULL,NULL,nsubj,nsubj,zero_zero_semantic,0.5975697676898265
632,264,one-to-many,dn_276,ngm_296 ngm_297,Giorgio,Giorgio,NULL,PRON,nsubj,nsubj,zero_to_tgt_anchor,
633,264,one-to-many,dn_276,ngm_296 ngm_297,Ippolita,Ippolita,PRON,PRON,obj,obj,explicit_full,
634,264,one-to-many,dn_276,ngm_296 ngm_297,Ippolita,MISSING,PRON,MISSING,obj,MISSING,leftover_source,
635,265,one-to-many,dn_277,ngm_298 ngm_299,Giorgio,Giorgio,PRON,PRON,nsubj,nmod,explicit_ref_pos,
636,265,one-to-many,dn_277,ngm_298 ngm_299,Giorgio,Giorgio,NULL,NULL,nsubj,nsubj,zero_zero_semantic,0.7216457164002488
637,265,one-to-many,dn_277,ngm_298 ngm_299,Giorgio,MISSING,PRON,MISSING,obj,MISSING,leftover_source,
638,265,one-to-many,dn_277,ngm_298 ngm_299,MISSING,Giorgio,MISSING,NULL,MISSING,nsubj,leftover_target,
639,265,one-to-many,dn_277,ngm_298 ngm_299,MISSING,Giorgio,MISSING,NULL,MISSING,nsubj,leftover_target,
640,266,one-to-one,dn_278,ngm_300,Giorgio,Giorgio,PRON,NULL,nsubj,nsubj,zero_to_src_anchor,
641,266,one-to-one,dn_278,ngm_300,Giorgio,MISSING,DET,MISSING,nmod,MISSING,leftover_source,
642,266,one-to-one,dn_278,ngm_300,MISSING,Giorgio,MISSING,NULL,MISSING,nsubj,leftover_target,
643,266,one-to-one,dn_278,ngm_300,MISSING,Giorgio,MISSING,NULL,MISSING,nsubj,leftover_target,
644,269,one-to-one,dn_281,ngm_303,Giorgio,Giorgio,DET,PRON,nmod,nmod,explicit_ref_case,
645,270,one-to-one,dn_282,ngm_304,Giorgio,Giorgio,PRON,PRON,nsubj,nsubj,explicit_full,
646,270,one-to-one,dn_282,ngm_304,Giorgio,Giorgio,DET,PRON,nmod,nmod,explicit_ref_case,
647,270,one-to-one,dn_282,ngm_304,Giorgio,MISSING,DET,MISSING,nmod,MISSING,leftover_source,
648,270,one-to-one,dn_282,ngm_304,Ippolita,Ippolita,PROPN,PROPN,obj,obj,explicit_full,
649,271,one-to-one,dn_283,ngm_305,MISSING,Giorgio,MISSING,PRON,MISSING,nsubj,leftover_target,
650,271,one-to-one,dn_283,ngm_305,Ippolita,Ippolita,PRON,PROPN,nsubj,nsubj,explicit_ref_case,
651,271,one-to-one,dn_283,ngm_305,MISSING,Ippolita,MISSING,NULL,MISSING,nsubj,leftover_target,
652,271,one-to-one,dn_283,ngm_305,MISSING,Ippolita,MISSING,NULL,MISSING,nsubj,leftover_target,
653,272,one-to-one,dn_284,ngm_306,Giorgio,Giorgio,PRON,PRON,nsubj,nsubj,explicit_full,
654,272,one-to-one,dn_284,ngm_306,Giorgio,Giorgio,PRON,PRON,nsubj,nsubj,explicit_full,
655,272,one-to-one,dn_284,ngm_306,Giorgio,Giorgio,NULL,NULL,nsubj,nsubj,zero_zero_semantic,0.15387282611300412
656,272,one-to-one,dn_284,ngm_306,Giorgio,Giorgio,PRON,NULL,nsubj,nsubj,zero_to_src_anchor,
657,272,one-to-one,dn_284,ngm_306,Giorgio,MISSING,DET,MISSING,nmod,MISSING,leftover_source,
658,272,one-to-one,dn_284,ngm_306,MISSING,Giorgio,MISSING,NULL,MISSING,nsubj,leftover_target,
659,272,one-to-one,dn_284,ngm_306,Ippolita,Ippolita,PRON,PRON,obj,nmod,explicit_ref_pos,
660,272,one-to-one,dn_284,ngm_306,Ippolita,Ippolita,PRON,PRON,obj,nsubj,explicit_ref_pos,
661,272,one-to-one,dn_284,ngm_306,Ippolita,MISSING,NOUN,MISSING,obj,MISSING,leftover_source,
662,273,one-to-many,dn_285,ngm_307 ngm_308,Giorgio,Giorgio,PRON,PRON,nsubj,nsubj,explicit_full,
663,273,one-to-many,dn_285,ngm_307 ngm_308,Giorgio,Giorgio,DET,PRON,nmod,nmod,explicit_ref_case,
664,273,one-to-many,dn_285,ngm_307 ngm_308,MISSING,Giorgio,MISSING,NULL,MISSING,nsubj,leftover_target,
665,273,one-to-many,dn_285,ngm_307 ngm_308,Ippolita,Ippolita,NOUN,NOUN,nmod,nmod,explicit_full,
666,274,one-to-one,dn_286,ngm_309,Giorgio,Giorgio,PRON,PRON,obj,nmod,explicit_ref_pos,
667,276,one-to-one,dn_288,ngm_311,MISSING,Giorgio,MISSING,NULL,MISSING,nsubj,leftover_target,
668,276,one-to-one,dn_288,ngm_311,MISSING,Giorgio,MISSING,NULL,MISSING,nsubj,leftover_target,
669,276,one-to-one,dn_288,ngm_311,MISSING,Giorgio,MISSING,NULL,MISSING,nsubj,leftover_target,
670,276,one-to-one,dn_288,ngm_311,Ippolita,Ippolita,PRON,PRON,nmod,nmod,explicit_full,
671,276,one-to-one,dn_288,ngm_311,Ippolita,MISSING,PRON,MISSING,nsubj,MISSING,leftover_source,
672,276,one-to-one,dn_288,ngm_311,Ippolita,MISSING,NULL,MISSING,nsubj,MISSING,leftover_source,
673,276,one-to-one,dn_288,ngm_311,Ippolita,MISSING,DET,MISSING,nmod,MISSING,leftover_source,
674,277,one-to-one,dn_289,ngm_312,Giorgio,Giorgio,PRON,PRON,nsubj,nsubj,explicit_full,
675,278,one-to-one,dn_290,ngm_314,Giorgio,Giorgio,PRON,PRON,obj,obj,explicit_full,
676,278,one-to-one,dn_290,ngm_314,Ippolita,Ippolita,PROPN,PROPN,nsubj,nsubj,explicit_full,
677,279,many-to-one,dn_291 dn_292,ngm_313,Giorgio,Giorgio,NULL,NULL,nsubj,nsubj,zero_zero_semantic,0.2586493403751613
678,279,many-to-one,dn_291 dn_292,ngm_313,Giorgio,Giorgio,NULL,NULL,nsubj,nsubj,zero_zero_semantic,0.21600823594636215
679,280,one-to-one,dn_293,ngm_315,Giorgio,Giorgio,PRON,PRON,nsubj,nsubj,explicit_full,
680,281,one-to-one,dn_294,ngm_316,Ippolita,Ippolita,PRON,PRON,obj,nmod,explicit_ref_pos,
681,284,many-to-one,dn_297 dn_298,ngm_319,Ippolita,Ippolita,PROPN,PROPN,nsubj,nsubj,explicit_full,
682,284,many-to-one,dn_297 dn_298,ngm_319,Ippolita,Ippolita,NULL,NULL,nsubj,nsubj,zero_zero_single,
683,285,one-to-one,dn_299,ngm_320,Giorgio,MISSING,NULL,MISSING,nsubj,MISSING,leftover_source,
684,285,one-to-one,dn_299,ngm_320,Giorgio Ippolita,Giorgio Ippolita,NULL,NULL,nsubj,nsubj,zero_zero_single,
685,286,one-to-one,dn_300,ngm_321,Giorgio,Giorgio,PRON,PRON,nsubj,nsubj,explicit_full,
686,287,one-to-one,dn_301,ngm_322,Giorgio Ippolita,Giorgio Ippolita,NULL,NULL,nsubj,nsubj,zero_zero_single,
687,288,many-to-one,dn_302 dn_303,ngm_323,Giorgio Ippolita,Giorgio Ippolita,NULL,NULL,nsubj,nsubj,zero_zero_semantic,0.36539620282919016
688,288,many-to-one,dn_302 dn_303,ngm_323,Giorgio Ippolita,Giorgio Ippolita,NULL,NOUN,nsubj,nsubj,zero_to_tgt_anchor,
689,288,many-to-one,dn_302 dn_303,ngm_323,Giorgio Ippolita,MISSING,PRON-REFLEX,MISSING,obj,MISSING,leftover_source,
690,288,many-to-one,dn_302 dn_303,ngm_323,Giorgio Ippolita,MISSING,PRON-REFLEX,MISSING,obj,MISSING,leftover_source,
691,288,many-to-one,dn_302 dn_303,ngm_323,Giorgio Ippolita,MISSING,NULL,MISSING,nsubj,MISSING,leftover_source,
692,289,one-to-one,dn_304,ngm_324,Ippolita,Ippolita,PROPN,PROPN,nsubj,nsubj,explicit_full,
693,290,one-to-many,dn_305,ngm_325 ngm_326,Giorgio,Giorgio,NOUN,PRON,vocative,vocative,explicit_ref_case,
694,290,one-to-many,dn_305,ngm_325 ngm_326,Ippolita,MISSING,DET,MISSING,nmod,MISSING,leftover_source,
695,291,one-to-one,dn_306,ngm_327,Ippolita,Ippolita,NULL,NULL,nsubj,nsubj,zero_zero_semantic,0.3837787889966778
696,291,one-to-one,dn_306,ngm_327,Ippolita,MISSING,PRON-REFLEX,MISSING,obj,MISSING,leftover_source,
697,291,one-to-one,dn_306,ngm_327,MISSING,Ippolita,MISSING,PRON,MISSING,nsubj,leftover_target,
698,291,one-to-one,dn_306,ngm_327,MISSING,Ippolita,MISSING,NULL,MISSING,nsubj,leftover_target,
699,295,one-to-one,dn_310,ngm_331,Giorgio,Giorgio,NULL,NULL,nsubj,nsubj,zero_zero_single,
700,296,one-to-one,dn_311,ngm_332,Ippolita,Ippolita,PRON,PRON,nsubj,nsubj,explicit_full,
701,297,one-to-one,dn_312,ngm_333,Giorgio,Giorgio,NULL,NULL,nsubj,nsubj,zero_zero_single,
702,298,one-to-one,dn_313,ngm_334,Giorgio,Giorgio,PRON,PRON,nsubj,nsubj,explicit_full,
703,299,one-to-one,dn_314,ngm_335,Giorgio,Giorgio,NULL,NULL,nsubj,nsubj,zero_zero_semantic,0.5011338340085849
704,299,one-to-one,dn_314,ngm_335,Giorgio,Giorgio,PRON,NULL,nsubj,nsubj,zero_to_src_anchor,
705,300,one-to-one,dn_315,ngm_336,Giorgio,MISSING,PRON,MISSING,obj,MISSING,leftover_source,
706,300,one-to-one,dn_315,ngm_336,Giorgio Ippolita,Giorgio Ippolita,PRON,NOUN,obj,nsubj,explicit_ref_only,
707,300,one-to-one,dn_315,ngm_336,Giorgio Ippolita,Giorgio Ippolita,NULL,NULL,nsubj,nsubj,zero_zero_semantic,0.11956276093772003
708,300,one-to-one,dn_315,ngm_336,Giorgio Ippolita,Giorgio Ippolita,NULL,NULL,nsubj,nsubj,zero_zero_semantic,0.24404220915691424
709,300,one-to-one,dn_315,ngm_336,MISSING,Giorgio Ippolita,MISSING,NULL,MISSING,nsubj,leftover_target,
710,300,one-to-one,dn_315,ngm_336,MISSING,Giorgio Ippolita,MISSING,NULL,MISSING,nsubj,leftover_target,
711,300,one-to-one,dn_315,ngm_336,Ippolita,MISSING,PRON,MISSING,obj,MISSING,leftover_source,
712,301,one-to-one,dn_316,ngm_337,Giorgio Ippolita,Giorgio Ippolita,PRON,PRON,nsubj,nsubj,explicit_full,
713,301,one-to-one,dn_316,ngm_337,Giorgio Ippolita,Giorgio Ippolita,DET,PRON,nmod,nmod,explicit_ref_case,
714,302,one-to-one,dn_317,ngm_338,Giorgio,Giorgio,PRON,PRON,nsubj,nsubj,explicit_full,
715,302,one-to-one,dn_317,ngm_338,Giorgio,Giorgio,PRON,PRON,obj,nmod,explicit_ref_pos,
716,302,one-to-one,dn_317,ngm_338,Ippolita,Ippolita,NULL,PRON,nsubj,nsubj,zero_to_tgt_anchor,
717,303,one-to-one,dn_318,ngm_339,Ippolita,Ippolita,PROPN,PROPN,nsubj,nsubj,explicit_full,
718,304,one-to-one,dn_319,ngm_340,Giorgio,Giorgio,NOUN,NOUN,nsubj,nsubj,explicit_full,
719,304,one-to-one,dn_319,ngm_340,Giorgio,MISSING,PRON-REFLEX,MISSING,obj,MISSING,leftover_source,
720,304,one-to-one,dn_319,ngm_340,Giorgio,MISSING,PRON-REFLEX,MISSING,obj,MISSING,leftover_source,
721,304,one-to-one,dn_319,ngm_340,MISSING,Giorgio,MISSING,NULL,MISSING,nsubj,leftover_target,
722,304,one-to-one,dn_319,ngm_340,MISSING,Giorgio,MISSING,NULL,MISSING,nsubj,leftover_target,
723,304,one-to-one,dn_319,ngm_340,MISSING,Giorgio,MISSING,NULL,MISSING,nsubj,leftover_target,
724,304,one-to-one,dn_319,ngm_340,MISSING,Giorgio,MISSING,NULL,MISSING,nsubj,leftover_target,
725,304,one-to-one,dn_319,ngm_340,MISSING,Ippolita,MISSING,PRON,MISSING,nmod,leftover_target,
726,306,one-to-one,dn_321,ngm_342,Giorgio,Giorgio,PRON,PRON,obj,nmod,explicit_ref_pos,
727,307,one-to-one,dn_322,ngm_343,Giorgio,Giorgio,PRON,PRON,nsubj,nsubj,explicit_full,
728,307,one-to-one,dn_322,ngm_343,Giorgio,Giorgio,NULL,NULL,nsubj,nsubj,zero_zero_semantic,0.5509752303400101
729,307,one-to-one,dn_322,ngm_343,Giorgio,MISSING,NULL,MISSING,nsubj,MISSING,leftover_source,
730,307,one-to-one,dn_322,ngm_343,Ippolita,Ippolita,PRON,NOUN,obj,obj,explicit_ref_case,
731,308,one-to-many,dn_323,ngm_344 ngm_345,Giorgio,Giorgio,PRON,PRON,nsubj,nsubj,explicit_full,
732,308,one-to-many,dn_323,ngm_344 ngm_345,Giorgio,Giorgio,NULL,NULL,nsubj,nsubj,zero_zero_semantic,0.7091067607602859
733,308,one-to-many,dn_323,ngm_344 ngm_345,MISSING,Giorgio,MISSING,PRON,MISSING,obj,leftover_target,
734,308,one-to-many,dn_323,ngm_344 ngm_345,MISSING,Giorgio,MISSING,NULL,MISSING,nsubj,leftover_target,
735,308,one-to-many,dn_323,ngm_344 ngm_345,MISSING,Giorgio,MISSING,NULL,MISSING,nsubj,leftover_target,
736,308,one-to-many,dn_323,ngm_344 ngm_345,MISSING,Giorgio,MISSING,PRON,MISSING,obj,leftover_target,
737,309,one-to-one,dn_324,ngm_346,Giorgio,Giorgio,PRON,PRON,obj,nsubj,explicit_ref_pos,
738,309,one-to-one,dn_324,ngm_346,Giorgio,Giorgio,NULL,NULL,nsubj,nsubj,zero_zero_single,
739,310,one-to-many,dn_325,ngm_347 ngm_348,Giorgio,Giorgio,PRON,PRON,nsubj,nsubj,explicit_full,
740,310,one-to-many,dn_325,ngm_347 ngm_348,Giorgio,Giorgio,NULL,NULL,nsubj,nsubj,zero_zero_semantic,0.4406356628864042
741,310,one-to-many,dn_325,ngm_347 ngm_348,MISSING,Giorgio,MISSING,NULL,MISSING,nsubj,leftover_target,
742,310,one-to-many,dn_325,ngm_347 ngm_348,Ippolita,Ippolita,PRON,NOUN,obj,nmod,explicit_ref_only,
743,311,one-to-one,dn_326,ngm_349,Giorgio,Giorgio,PRON,PRON,obj,obj,explicit_full,
744,311,one-to-one,dn_326,ngm_349,Giorgio,Giorgio,NULL,NULL,nsubj,nsubj,zero_zero_single,
745,311,one-to-one,dn_326,ngm_349,MISSING,Giorgio,MISSING,PRON,MISSING,nsubj,leftover_target,
746,312,one-to-one,dn_327,ngm_350,Giorgio,MISSING,PRON,MISSING,obj,MISSING,leftover_source,
747,313,one-to-one,dn_328,ngm_351,Giorgio,Giorgio,PROPN,PROPN,vocative,vocative,explicit_full,
748,314,one-to-one,dn_329,ngm_352,Giorgio,Giorgio,PRON,PRON,obj,nmod,explicit_ref_pos,
749,314,one-to-one,dn_329,ngm_352,Ippolita,Ippolita,PROPN,PROPN,nsubj,nsubj,explicit_full,
750,314,one-to-one,dn_329,ngm_352,MISSING,Ippolita,MISSING,NULL,MISSING,nsubj,leftover_target,
751,314,one-to-one,dn_329,ngm_352,MISSING,Ippolita,MISSING,NULL,MISSING,nsubj,leftover_target,
752,315,one-to-one,dn_330,ngm_353,Giorgio,Giorgio,PRON,PRON,nsubj,nsubj,explicit_full,
753,316,one-to-many,dn_331,ngm_354 ngm_355,Giorgio,Giorgio,NULL,NULL,nsubj,nsubj,zero_zero_semantic,0.2476762623763552
754,316,one-to-many,dn_331,ngm_354 ngm_355,Giorgio,Giorgio,NULL,NULL,nsubj,nsubj,zero_zero_semantic,0.8019424579446595
755,316,one-to-many,dn_331,ngm_354 ngm_355,MISSING,Giorgio,MISSING,PRON,MISSING,nsubj,leftover_target,
756,316,one-to-many,dn_331,ngm_354 ngm_355,Giorgio Ippolita,MISSING,PRON-REFLEX,MISSING,obj,MISSING,leftover_source,
757,316,one-to-many,dn_331,ngm_354 ngm_355,Giorgio Ippolita,MISSING,NULL,MISSING,nsubj,MISSING,leftover_source,
758,316,one-to-many,dn_331,ngm_354 ngm_355,suicidal-man,suicidal-man,NOUN,NOUN,nmod,nmod,explicit_full,
759,317,one-to-one,dn_332,ngm_356,Ippolita,Ippolita,NULL,PRON,nsubj,nsubj,zero_to_tgt_anchor,
760,318,one-to-one,dn_333,ngm_357,Giorgio,MISSING,PRON,MISSING,obj,MISSING,leftover_source,
761,318,one-to-one,dn_333,ngm_357,Ippolita,Ippolita,PRON,PRON,nsubj,nsubj,explicit_full,
762,318,one-to-one,dn_333,ngm_357,MISSING,Ippolita,MISSING,NULL,MISSING,nsubj,leftover_target,
763,320,one-to-one,dn_335,ngm_359,Giorgio,Giorgio,PRON,PRON,nsubj,nsubj,explicit_full,
764,320,one-to-one,dn_335,ngm_359,Giorgio,Giorgio,NULL,NULL,nsubj,nsubj,zero_zero_semantic,0.3915252124821698
765,320,one-to-one,dn_335,ngm_359,Giorgio,MISSING,PRON-REFLEX,MISSING,obj,MISSING,leftover_source,
766,320,one-to-one,dn_335,ngm_359,Giorgio,MISSING,PRON-REFLEX,MISSING,obj,MISSING,leftover_source,
767,320,one-to-one,dn_335,ngm_359,Giorgio,MISSING,PRON-REFLEX,MISSING,obj,MISSING,leftover_source,
768,320,one-to-one,dn_335,ngm_359,Giorgio,MISSING,NULL,MISSING,nsubj,MISSING,leftover_source,
769,320,one-to-one,dn_335,ngm_359,Ippolita,Ippolita,PRON,DET,obj,nmod,explicit_ref_only,
770,321,one-to-many,dn_336,ngm_360 ngm_361,Giorgio,MISSING,PRON,MISSING,nsubj,MISSING,leftover_source,
771,321,one-to-many,dn_336,ngm_360 ngm_361,Giorgio,MISSING,NULL,MISSING,nsubj,MISSING,leftover_source,
772,322,one-to-one,dn_337,ngm_362,suicidal-man,suicidal-man,NOUN,NOUN,nmod,nmod,explicit_full,
773,323,one-to-one,dn_338,ngm_363,suicidal-man,suicidal-man,NOUN,NOUN,obj,nmod,explicit_ref_pos,
774,324,one-to-one,dn_339,ngm_364,suicidal-man,suicidal-man,PRON,PRON,nsubj,nsubj,explicit_full,
775,325,one-to-one,dn_340,ngm_365,suicidal-man,suicidal-man,NULL,NULL,nsubj,nsubj,zero_zero_single,
776,325,one-to-one,dn_340,ngm_365,suicidal-man,MISSING,PRON-REFLEX,MISSING,obj,MISSING,leftover_source,
777,326,one-to-one,dn_341,ngm_366,Giorgio,Giorgio,PRON,PRON,obj,nmod,explicit_ref_pos,
778,326,one-to-one,dn_341,ngm_366,Giorgio,Giorgio,NULL,PROPN,nsubj,nsubj,zero_to_tgt_anchor,
779,327,one-to-one,dn_342,ngm_367,Giorgio,MISSING,PRON,MISSING,obj,MISSING,leftover_source,
780,328,one-to-many,dn_343,ngm_368 ngm_369,Demetrio,Demetrio,PROPN,PROPN,obj,nmod,explicit_ref_pos,
781,328,one-to-many,dn_343,ngm_368 ngm_369,MISSING,Demetrio,MISSING,PRON,MISSING,nsubj,leftover_target,
782,328,one-to-many,dn_343,ngm_368 ngm_369,MISSING,Demetrio,MISSING,NULL,MISSING,nsubj,leftover_target,
783,328,one-to-many,dn_343,ngm_368 ngm_369,Giorgio,Giorgio,DET,PRON,nmod,nsubj,explicit_ref_only,
784,328,one-to-many,dn_343,ngm_368 ngm_369,Giorgio,Giorgio,NULL,NULL,nsubj,nsubj,zero_zero_single,
785,328,one-to-many,dn_343,ngm_368 ngm_369,Giorgio,MISSING,DET,MISSING,nmod,MISSING,leftover_source,
786,328,one-to-many,dn_343,ngm_368 ngm_369,Giorgios-father,Giorgios-father,NOUN,NOUN,nmod,nmod,explicit_full,
787,330,many-to-one,dn_345 dn_346 dn_347,ngm_373,Giorgio,Giorgio,PRON,PRON,nsubj,nsubj,explicit_full,
788,330,many-to-one,dn_345 dn_346 dn_347,ngm_373,Giorgio,MISSING,PRON-REFLEX,MISSING,obj,MISSING,leftover_source,
789,330,many-to-one,dn_345 dn_346 dn_347,ngm_373,MISSING,Giorgio,MISSING,NULL,MISSING,nsubj,leftover_target,
790,330,many-to-one,dn_345 dn_346 dn_347,ngm_373,MISSING,Giorgio,MISSING,NULL,MISSING,nsubj,leftover_target,
791,331,one-to-one,dn_348,ngm_374,Giorgio,Giorgio,NULL,NULL,nsubj,nsubj,zero_zero_semantic,0.2520464499448908
792,331,one-to-one,dn_348,ngm_374,Giorgio,Giorgio,NULL,PRON,nsubj,nsubj,zero_to_tgt_anchor,
793,332,one-to-one,dn_349,ngm_375,Giorgio,Giorgio,NULL,NULL,nsubj,nsubj,zero_zero_single,
794,333,one-to-one,dn_350,ngm_376,Giorgio,Giorgio,PRON,PRON,obj,nsubj,explicit_ref_pos,
795,334,one-to-one,dn_351,ngm_377,MISSING,Giorgio,MISSING,NULL,MISSING,nsubj,leftover_target,
796,334,one-to-one,dn_351,ngm_377,MISSING,Giorgio,MISSING,NULL,MISSING,nsubj,leftover_target,
797,334,one-to-one,dn_351,ngm_377,MISSING,Giorgio,MISSING,NULL,MISSING,nsubj,leftover_target,
798,335,one-to-one,dn_352,ngm_378,Giorgio,Giorgio,PRON,PRON,obj,nmod,explicit_ref_pos,
799,336,one-to-many,dn_353,ngm_379 ngm_380,Giorgio,Giorgio,PRON,PRON,obj,nsubj,explicit_ref_pos,
800,336,one-to-many,dn_353,ngm_379 ngm_380,Giorgio,Giorgio,PRON,PRON,obj,nmod,explicit_ref_pos,
801,336,one-to-many,dn_353,ngm_379 ngm_380,Giorgio,Giorgio,NULL,NULL,nsubj,nsubj,zero_zero_semantic,0.23339402257171396
802,336,one-to-many,dn_353,ngm_379 ngm_380,Giorgio,Giorgio,NULL,PRON,nsubj,nsubj,zero_to_tgt_anchor,
803,336,one-to-many,dn_353,ngm_379 ngm_380,Giorgio,MISSING,PRON-REFLEX,MISSING,obj,MISSING,leftover_source,
804,336,one-to-many,dn_353,ngm_379 ngm_380,Ippolita,Ippolita,PROPN,PROPN,nmod,nmod,explicit_full,
805,336,one-to-many,dn_353,ngm_379 ngm_380,MISSING,Ippolita,MISSING,DET,MISSING,nmod,leftover_target,
806,337,one-to-one,dn_354,ngm_381,Giorgio,Giorgio,DET,PRON,nmod,nmod,explicit_ref_case,
807,337,one-to-one,dn_354,ngm_381,Giorgio,Giorgio,NULL,NULL,nsubj,nsubj,zero_zero_semantic,0.3217020065676813
808,337,one-to-one,dn_354,ngm_381,Giorgio,Giorgio,NULL,NULL,nsubj,nsubj,zero_zero_semantic,0.2720962231344504
809,337,one-to-one,dn_354,ngm_381,Giorgio,MISSING,PRON-REFLEX,MISSING,obj,MISSING,leftover_source,
810,337,one-to-one,dn_354,ngm_381,Giorgio,MISSING,PRON,MISSING,obj,MISSING,leftover_source,
811,337,one-to-one,dn_354,ngm_381,Ippolita,Ippolita,PRON,PRON,obj,obj,explicit_full,
812,337,one-to-one,dn_354,ngm_381,Ippolita,Ippolita,PRON,PRON,nmod,nmod,explicit_full,
813,337,one-to-one,dn_354,ngm_381,MISSING,Ippolita,MISSING,PRON,MISSING,obj,leftover_target,
814,337,one-to-one,dn_354,ngm_381,MISSING,Ippolita,MISSING,NULL,MISSING,nsubj,leftover_target,
815,338,one-to-one,dn_355,ngm_382,Giorgio,Giorgio,PRON,DET,obj,nmod,explicit_ref_only,
816,338,one-to-one,dn_355,ngm_382,Ippolita,Ippolita,PRON,PRON,nsubj,nmod,explicit_ref_pos,
817,338,one-to-one,dn_355,ngm_382,Ippolita,MISSING,PRON-REFLEX,MISSING,obj,MISSING,leftover_source,
818,339,one-to-one,dn_356,ngm_383,Giorgio Ippolita,Giorgio Ippolita,PRON,NOUN,nsubj,nsubj,explicit_ref_case,
819,339,one-to-one,dn_356,ngm_383,Giorgio Ippolita,Giorgio Ippolita,PRON-REFLEX,PRON,obj,obj,reflex_obj,
820,339,one-to-one,dn_356,ngm_383,Giorgio Ippolita,Giorgio Ippolita,PRON-REFLEX,NOUN,obj,obj,reflex_obj,
821,339,one-to-one,dn_356,ngm_383,MISSING,Giorgio Ippolita,MISSING,NULL,MISSING,nsubj,leftover_target,
822,339,one-to-one,dn_356,ngm_383,MISSING,Giorgio Ippolita,MISSING,NOUN,MISSING,nmod,leftover_target,
823,339,one-to-one,dn_356,ngm_383,MISSING,Giorgio Ippolita,MISSING,NULL,MISSING,nsubj,leftover_target,
824,339,one-to-one,dn_356,ngm_383,MISSING,Giorgio Ippolita,MISSING,NULL,MISSING,nsubj,leftover_target,
825,340,many-to-one,dn_357 dn_358,ngm_384,guardians,guardians,NULL,NULL,nsubj,nsubj,zero_zero_semantic,0.6100891810197097
826,340,many-to-one,dn_357 dn_358,ngm_384,guardians,guardians,NULL,NULL,nsubj,nsubj,zero_zero_semantic,0.6537644810401476
827,341,one-to-one,dn_359,ngm_385,guardians,guardians,NOUN,NOUN,nmod,nmod,explicit_full,
828,342,one-to-one,dn_360,ngm_386,guardians,guardians,NULL,NULL,nsubj,nsubj,zero_zero_single,
829,343,one-to-many,dn_361,ngm_387 ngm_388,Giorgio Ippolita,Giorgio Ippolita,NOUN,NOUN,obj,obj,explicit_full,
830,343,one-to-many,dn_361,ngm_387 ngm_388,guardians,MISSING,NOUN,MISSING,obj,MISSING,leftover_source,
831,344,one-to-one,dn_362,ngm_389,Giorgio Ippolita,Giorgio Ippolita,NOUN,PRON,nsubj,nsubj,explicit_ref_case,
832,344,one-to-one,dn_362,ngm_389,Giorgio Ippolita,Giorgio Ippolita,NULL,NULL,nsubj,nsubj,zero_zero_semantic,0.31991383556104935
833,344,one-to-one,dn_362,ngm_389,Giorgio Ippolita,Giorgio Ippolita,NULL,NULL,nsubj,nsubj,zero_zero_semantic,0.43225309703004394
834,344,one-to-one,dn_362,ngm_389,Giorgio Ippolita,MISSING,PRON-REFLEX,MISSING,obj,MISSING,leftover_source,
835,344,one-to-one,dn_362,ngm_389,MISSING,guardians,MISSING,DET,MISSING,nmod,leftover_target,
836,345,one-to-many,dn_363,ngm_390 ngm_392,MISSING,guardians,MISSING,DET,MISSING,nmod,leftover_target,
837,346,one-to-one,dn_364,ngm_391,guardians,guardians,NULL,NULL,nsubj,nsubj,zero_zero_single,
838,347,one-to-one,dn_365,ngm_393,MISSING,guardians,MISSING,NULL,MISSING,nsubj,leftover_target,
839,348,one-to-one,dn_366,ngm_394,Ippolita,Ippolita,PROPN,PROPN,nsubj,nsubj,explicit_full,
840,348,one-to-one,dn_366,ngm_394,MISSING,Ippolita,MISSING,NULL,MISSING,nsubj,leftover_target,
841,352,one-to-one,dn_371,ngm_398,Giorgio,MISSING,PRON,MISSING,obj,MISSING,leftover_source,
842,352,one-to-one,dn_371,ngm_398,Ippolita,Ippolita,PRON,NULL,nsubj,nsubj,zero_to_src_anchor,
843,353,one-to-one,dn_372,ngm_399,Giorgio,Giorgio,PROPN,PROPN,nsubj,nsubj,explicit_full,
844,354,one-to-one,dn_373,ngm_400,Ippolita,Ippolita,NULL,NULL,nsubj,nsubj,zero_zero_single,
845,355,one-to-one,dn_374,ngm_401,Ippolita,Ippolita,NULL,NULL,nsubj,nsubj,zero_zero_single,
846,356,one-to-one,dn_375,ngm_402,Ippolita,MISSING,NULL,MISSING,nsubj,MISSING,leftover_source,
847,357,one-to-one,dn_376,ngm_403,Giorgio,Giorgio,PRON,NULL,nsubj,nsubj,zero_to_src_anchor,
848,357,one-to-one,dn_376,ngm_403,Ippolita,Ippolita,PRON,NULL,nsubj,nsubj,zero_to_src_anchor,
849,358,one-to-one,dn_377,ngm_404,Ippolita,Ippolita,NULL,NULL,nsubj,nsubj,zero_zero_single,
850,359,one-to-one,dn_378,ngm_405,Giorgio Ippolita,Giorgio Ippolita,NULL,NOUN,nsubj,nsubj,zero_to_tgt_anchor,
851,359,one-to-one,dn_378,ngm_405,Giorgio Ippolita,Giorgio Ippolita,PRON-REFLEX,NOUN,obj,obj,reflex_obj,
852,359,one-to-one,dn_378,ngm_405,Giorgio Ippolita,MISSING,PRON-REFLEX,MISSING,obj,MISSING,leftover_source,
853,359,one-to-one,dn_378,ngm_405,Giorgio Ippolita,MISSING,NULL,MISSING,nsubj,MISSING,leftover_source,
854,359,one-to-one,dn_378,ngm_405,MISSING,Giorgio Ippolita,MISSING,NOUN,MISSING,nmod,leftover_target,
855,360,one-to-one,dn_379,ngm_407,Giorgio,Giorgio,PRON,PROPN,nsubj,nsubj,explicit_ref_case,
856,360,one-to-one,dn_379,ngm_407,MISSING,Giorgio,MISSING,NULL,MISSING,nsubj,leftover_target,
857,361,one-to-one,dn_380,ngm_406,Giorgio,Giorgio,PRON,PRON,obj,obj,explicit_full,
858,361,one-to-one,dn_380,ngm_406,Ippolita,Ippolita,NULL,PRON,nsubj,nsubj,zero_to_tgt_anchor,
859,362,one-to-one,dn_381,ngm_408,Giorgio Ippolita,Giorgio Ippolita,PRON,PRON,obj,nsubj,explicit_ref_pos,
860,362,one-to-one,dn_381,ngm_408,Giorgio Ippolita,Giorgio Ippolita,NULL,NULL,nsubj,nsubj,zero_zero_single,
861,362,one-to-one,dn_381,ngm_408,MISSING,Giorgio Ippolita,MISSING,NOUN,MISSING,nmod,leftover_target,
862,363,one-to-one,dn_382,ngm_410,Giorgio,Giorgio,PRON,PRON,nsubj,nsubj,explicit_full,
863,364,one-to-one,dn_383,ngm_409,MISSING,Giorgio,MISSING,PRON,MISSING,nmod,leftover_target,
864,364,one-to-one,dn_383,ngm_409,MISSING,Ippolita,MISSING,NOUN,MISSING,vocative,leftover_target,
865,365,one-to-one,dn_384,ngm_412,Ippolita,Ippolita,PRON,PRON,nsubj,nsubj,explicit_full,
866,367,one-to-one,dn_386,ngm_413,Giorgio,Giorgio,NULL,NULL,nsubj,nsubj,zero_zero_single,
867,367,one-to-one,dn_386,ngm_413,Ippolita,Ippolita,PRON,PRON,obj,nmod,explicit_ref_pos,
868,369,many-to-one,dn_388 dn_389,ngm_415,Giorgio Ippolita,Giorgio Ippolita,NULL,NOUN,nsubj,nsubj,zero_to_tgt_anchor,
869,369,many-to-one,dn_388 dn_389,ngm_415,Giorgio Ippolita,MISSING,PRON-REFLEX,MISSING,obj,MISSING,leftover_source,
870,369,many-to-one,dn_388 dn_389,ngm_415,Giorgio Ippolita,MISSING,NULL,MISSING,nsubj,MISSING,leftover_source,
871,370,one-to-one,dn_390,ngm_416,Ippolita,Ippolita,PRON,PROPN,nsubj,nsubj,explicit_ref_case,
872,371,one-to-one,dn_391,ngm_417,Giorgio,Giorgio,PRON,PRON,nsubj,nsubj,explicit_full,
873,371,one-to-one,dn_391,ngm_417,Ippolita,Ippolita,PRON,PRON,obj,nsubj,explicit_ref_pos,
874,371,one-to-one,dn_391,ngm_417,Ippolita,MISSING,PRON-REFLEX,MISSING,obj,MISSING,leftover_source,
875,372,one-to-one,dn_392 dn_393,ngm_418 ngm_419,Giorgio,Giorgio,PRON,PRON,obj,obj,explicit_full,
876,372,one-to-one,dn_392 dn_393,ngm_418 ngm_419,Giorgio,Giorgio,PRON,PRON,obj,nmod,explicit_ref_pos,
877,372,one-to-one,dn_392 dn_393,ngm_418 ngm_419,Giorgio,MISSING,NULL,MISSING,nsubj,MISSING,leftover_source,
878,372,one-to-one,dn_392 dn_393,ngm_418 ngm_419,MISSING,Giorgio,MISSING,PRON,MISSING,nmod,leftover_target,
879,372,one-to-one,dn_392 dn_393,ngm_418 ngm_419,Ippolita,Ippolita,PRON,PRON,nsubj,nsubj,explicit_full,
880,372,one-to-one,dn_392 dn_393,ngm_418 ngm_419,Ippolita,Ippolita,PRON,NOUN,obj,obj,explicit_ref_case,
881,372,one-to-one,dn_392 dn_393,ngm_418 ngm_419,Ippolita,Ippolita,NOUN,NOUN,pred,obj,explicit_ref_pos,
882,372,one-to-one,dn_392 dn_393,ngm_418 ngm_419,Ippolita,Ippolita,NOUN,PRON,pred,nsubj,explicit_ref_only,
883,372,one-to-one,dn_392 dn_393,ngm_418 ngm_419,Ippolita,Ippolita,NULL,NULL,nsubj,nsubj,zero_zero_semantic,0.3731507453305273
884,372,one-to-one,dn_392 dn_393,ngm_418 ngm_419,Ippolita,MISSING,NULL,MISSING,nsubj,MISSING,leftover_source,
885,372,one-to-one,dn_392 dn_393,ngm_418 ngm_419,Ippolita,MISSING,PRON-REFLEX,MISSING,obj,MISSING,leftover_source,
886,372,one-to-one,dn_392 dn_393,ngm_418 ngm_419,Ippolita,MISSING,NULL,MISSING,nsubj,MISSING,leftover_source,
887,372,one-to-one,dn_392 dn_393,ngm_418 ngm_419,Ippolita,MISSING,NULL,MISSING,nsubj,MISSING,leftover_source,
888,373,one-to-one,dn_394,ngm_420,Giorgio,Giorgio,PRON,PRON,nsubj,nsubj,explicit_full,
889,373,one-to-one,dn_394,ngm_420,Ippolita,Ippolita,PRON,PRON,obj,obj,explicit_full,
890,374,one-to-one,dn_395,ngm_421,Ippolita,Ippolita,PRON,PRON,obj,obj,explicit_full,
891,374,one-to-one,dn_395,ngm_421,Ippolita,Ippolita,PRON,PRON,obj,obj,explicit_full,
892,374,one-to-one,dn_395,ngm_421,Ippolita,MISSING,PRON,MISSING,obj,MISSING,leftover_source,
893,375,many-to-one,dn_396 dn_397,ngm_422,Giorgio,Giorgio,PRON,PRON,obj,nmod,explicit_ref_pos,
894,375,many-to-one,dn_396 dn_397,ngm_422,Giorgio,MISSING,PRON,MISSING,obj,MISSING,leftover_source,
895,376,one-to-many,dn_398,ngm_423 ngm_424,Giorgio Ippolita,Giorgio Ippolita,PRON,PRON,nsubj,nsubj,explicit_full,
896,376,one-to-many,dn_398,ngm_423 ngm_424,Giorgio Ippolita,Giorgio Ippolita,PRON,PRON,obj,obj,explicit_full,
897,376,one-to-many,dn_398,ngm_423 ngm_424,Giorgio Ippolita,Giorgio Ippolita,DET,PRON,nmod,nmod,explicit_ref_case,
898,376,one-to-many,dn_398,ngm_423 ngm_424,Giorgio Ippolita,Giorgio Ippolita,DET,PRON,nmod,nsubj,explicit_ref_only,
899,377,one-to-one,dn_399,ngm_425,Giorgio,Giorgio,PROPN,PROPN,nsubj,nsubj,explicit_full,
900,377,one-to-one,dn_399,ngm_425,Giorgio,MISSING,PRON,MISSING,obj,MISSING,leftover_source,
901,377,one-to-one,dn_399,ngm_425,MISSING,Giorgio,MISSING,NULL,MISSING,nsubj,leftover_target,
902,377,one-to-one,dn_399,ngm_425,butler,butler,NOUN,NOUN,nsubj,nsubj,explicit_full,
903,378,one-to-one,dn_400,ngm_426,Giorgio,Giorgio,PRON,PRON,nsubj,nsubj,explicit_full,
904,378,one-to-one,dn_400,ngm_426,Giorgio,MISSING,PRON-REFLEX,MISSING,obj,MISSING,leftover_source,
905,378,one-to-one,dn_400,ngm_426,MISSING,Giorgio,MISSING,NULL,MISSING,nsubj,leftover_target,
906,379,many-to-one,dn_401 dn_402,ngm_427,Giorgio,Giorgio,NULL,NULL,nsubj,nsubj,zero_zero_single,
907,379,many-to-one,dn_401 dn_402,ngm_427,Giorgio,MISSING,PRON,MISSING,obj,MISSING,leftover_source,
908,379,many-to-one,dn_401 dn_402,ngm_427,butler,butler,NULL,NULL,nsubj,nsubj,zero_zero_semantic,0.08647115319967269
909,379,many-to-one,dn_401 dn_402,ngm_427,MISSING,butler,MISSING,NULL,MISSING,nsubj,leftover_target,
910,380,one-to-one,dn_403,ngm_428,AlfonsoExili,AlfonsoExili,NOUN,NOUN,nmod,nmod,explicit_full,
911,380,one-to-one,dn_403,ngm_428,Giorgio,Giorgio,NULL,PRON,nsubj,nsubj,zero_to_tgt_anchor,
912,381,many-to-one,dn_404 dn_405,ngm_429,AlfonsoExili,AlfonsoExili,NULL,NULL,nsubj,nsubj,zero_zero_semantic,0.5831962266793618
913,381,many-to-one,dn_404 dn_405,ngm_429,AlfonsoExili,MISSING,NULL,MISSING,nsubj,MISSING,leftover_source,
914,381,many-to-one,dn_404 dn_405,ngm_429,Giorgio,Giorgio,PROPN,PROPN,vocative,vocative,explicit_full,
915,381,many-to-one,dn_404 dn_405,ngm_429,Giorgio,MISSING,NULL,MISSING,nsubj,MISSING,leftover_source,
916,381,many-to-one,dn_404 dn_405,ngm_429,Giorgio,MISSING,PRON,MISSING,obj,MISSING,leftover_source,
917,382,one-to-one,dn_406,ngm_430,AlfonsoExili,AlfonsoExili,PROPN,DET,nmod,nmod,explicit_ref_case,
918,382,one-to-one,dn_406,ngm_430,MISSING,AlfonsoExili,MISSING,PROPN,MISSING,nsubj,leftover_target,
919,382,one-to-one,dn_406,ngm_430,Giorgio,Giorgio,DET,PRON,nmod,nmod,explicit_ref_case,
920,382,one-to-one,dn_406,ngm_430,Giorgio,MISSING,NULL,MISSING,nsubj,MISSING,leftover_source,
921,383,one-to-one,dn_407,ngm_431,AlfonsoExili,AlfonsoExili,NOUN,NOUN,pred,pred,explicit_full,
922,383,one-to-one,dn_407,ngm_431,AlfonsoExili,AlfonsoExili,NOUN,NOUN,pred,pred,explicit_full,
923,383,one-to-one,dn_407,ngm_431,AlfonsoExili,AlfonsoExili,PROPN,NOUN,nsubj,nsubj,explicit_ref_case,
924,383,one-to-one,dn_407,ngm_431,AlfonsoExili,MISSING,PRON-REFLEX,MISSING,obj,MISSING,leftover_source,
925,383,one-to-one,dn_407,ngm_431,AlfonsoExili,MISSING,NOUN,MISSING,pred,MISSING,leftover_source,
926,383,one-to-one,dn_407,ngm_431,MISSING,AlfonsoExili,MISSING,NULL,MISSING,nsubj,leftover_target,
927,383,one-to-one,dn_407,ngm_431,MISSING,AlfonsoExili,MISSING,NULL,MISSING,nsubj,leftover_target,
928,383,one-to-one,dn_407,ngm_431,MISSING,AlfonsoExili,MISSING,NULL,MISSING,nsubj,leftover_target,
929,383,one-to-one,dn_407,ngm_431,Giorgio,Giorgio,DET,PRON,nmod,nmod,explicit_ref_case,
930,384,one-to-many,dn_408,ngm_432 ngm_433,AlfonsoExili,AlfonsoExili,DET,PRON,nmod,nmod,explicit_ref_case,
931,384,one-to-many,dn_408,ngm_432 ngm_433,AlfonsoExili,AlfonsoExili,PRON,PRON,nsubj,obj,explicit_ref_pos,
932,384,one-to-many,dn_408,ngm_432 ngm_433,AlfonsoExili,MISSING,NOUN,MISSING,pred,MISSING,leftover_source,
933,384,one-to-many,dn_408,ngm_432 ngm_433,AlfonsoExili,MISSING,NULL,MISSING,nsubj,MISSING,leftover_source,
934,384,one-to-many,dn_408,ngm_432 ngm_433,AlfonsoExili,MISSING,DET,MISSING,nmod,MISSING,leftover_source,
935,384,one-to-many,dn_408,ngm_432 ngm_433,AlfonsoExili,MISSING,DET,MISSING,nmod,MISSING,leftover_source,
936,385,one-to-one,dn_409,ngm_434,AlfonsoExili,AlfonsoExili,NULL,NULL,nsubj,nsubj,zero_zero_semantic,0.3905040239388088
937,385,one-to-one,dn_409,ngm_434,AlfonsoExili,AlfonsoExili,NULL,NULL,nsubj,nsubj,zero_zero_semantic,0.2984030942425347
938,385,one-to-one,dn_409,ngm_434,AlfonsoExili,AlfonsoExili,NULL,NULL,nsubj,nsubj,zero_zero_semantic,0.41599200602868325
939,385,one-to-one,dn_409,ngm_434,AlfonsoExili,AlfonsoExili,NULL,NULL,nsubj,nsubj,zero_zero_semantic,0.3411125118269942
940,385,one-to-one,dn_409,ngm_434,AlfonsoExili,MISSING,PRON-REFLEX,MISSING,obj,MISSING,leftover_source,
941,385,one-to-one,dn_409,ngm_434,MISSING,AlfonsoExili,MISSING,PRON,MISSING,nsubj,leftover_target,
942,385,one-to-one,dn_409,ngm_434,butler,butler,NOUN,NOUN,nsubj,nsubj,explicit_full,
943,386,one-to-one,dn_410,ngm_435,AlfonsoExili,AlfonsoExili,NULL,NULL,nsubj,nsubj,zero_zero_single,
944,386,one-to-one,dn_410,ngm_435,Giorgio,Giorgio,PROPN,PROPN,vocative,vocative,explicit_full,
945,386,one-to-one,dn_410,ngm_435,Giorgio,Giorgio,PRON,PRON,obj,nmod,explicit_ref_pos,
946,386,one-to-one,dn_410,ngm_435,MISSING,Giorgio,MISSING,NULL,MISSING,nsubj,leftover_target,
947,387,one-to-one,dn_411,ngm_436,AlfonsoExili,AlfonsoExili,NULL,PRON,nsubj,nsubj,zero_to_tgt_anchor,
948,388,one-to-one,dn_412,ngm_437,AlfonsoExili,MISSING,PRON,MISSING,obj,MISSING,leftover_source,
949,388,one-to-one,dn_412,ngm_437,Giorgio,Giorgio,NULL,NULL,nsubj,nsubj,zero_zero_single,
950,391,one-to-one,dn_415,ngm_440,Giorgio,Giorgio,PROPN,PROPN,vocative,vocative,explicit_full,
951,392,one-to-one,dn_416,ngm_441,AlfonsoExili,AlfonsoExili,PRON,NULL,nsubj,nsubj,zero_to_src_anchor,
952,392,one-to-one,dn_416,ngm_441,AlfonsoExili,MISSING,DET,MISSING,nmod,MISSING,leftover_source,
953,393,one-to-many,dn_417,ngm_442 ngm_443,AlfonsoExili,AlfonsoExili,NOUN,NOUN,obj,obj,explicit_full,
954,393,one-to-many,dn_417,ngm_442 ngm_443,AlfonsoExili,AlfonsoExili,PRON,NOUN,obj,nmod,explicit_ref_only,
955,393,one-to-many,dn_417,ngm_442 ngm_443,AlfonsoExili,MISSING,PRON,MISSING,obj,MISSING,leftover_source,
956,393,one-to-many,dn_417,ngm_442 ngm_443,AlfonsoExili,MISSING,PRON,MISSING,obj,MISSING,leftover_source,
957,393,one-to-many,dn_417,ngm_442 ngm_443,Giorgio,Giorgio,PROPN,PROPN,nsubj,nsubj,explicit_full,
958,393,one-to-many,dn_417,ngm_442 ngm_443,Giorgio,Giorgio,PRON,PRON,nsubj,nsubj,explicit_full,
959,393,one-to-many,dn_417,ngm_442 ngm_443,Giorgio,Giorgio,NULL,NULL,nsubj,nsubj,zero_zero_semantic,0.24847493093600248
960,393,one-to-many,dn_417,ngm_442 ngm_443,Giorgio,MISSING,PRON-REFLEX,MISSING,obj,MISSING,leftover_source,
961,393,one-to-many,dn_417,ngm_442 ngm_443,MISSING,Giorgio,MISSING,NULL,MISSING,nsubj,leftover_target,
962,394,one-to-one,dn_418,ngm_444,AlfonsoExili,MISSING,NULL,MISSING,nsubj,MISSING,leftover_source,
963,394,one-to-one,dn_418,ngm_444,Giorgio,MISSING,PRON,MISSING,obj,MISSING,leftover_source,
964,394,one-to-one,dn_418,ngm_444,MISSING,Giorgio,MISSING,NULL,MISSING,nsubj,leftover_target,
965,395,one-to-one,dn_419,ngm_445,AlfonsoExili,AlfonsoExili,PROPN,NOUN,nsubj,nsubj,explicit_ref_case,
966,396,one-to-one,dn_420,ngm_446,Giorgio,Giorgio,NULL,NULL,nsubj,nsubj,zero_zero_single,
967,397,one-to-one,dn_421,ngm_447,AlfonsoExili,AlfonsoExili,NULL,PRON,nsubj,nsubj,zero_to_tgt_anchor,
968,398,one-to-one,dn_422,ngm_448,AlfonsoExili,MISSING,PRON,MISSING,obj,MISSING,leftover_source,
969,398,one-to-one,dn_422,ngm_448,Giorgio,Giorgio,NULL,NULL,nsubj,nsubj,zero_zero_single,
970,399,one-to-one,dn_423,ngm_449,AlfonsoExili,AlfonsoExili,NULL,NULL,nsubj,nsubj,zero_zero_semantic,0.3411334296067556
971,399,one-to-one,dn_423,ngm_449,AlfonsoExili,MISSING,DET,MISSING,nmod,MISSING,leftover_source,
972,399,one-to-one,dn_423,ngm_449,MISSING,AlfonsoExili,MISSING,NULL,MISSING,nsubj,leftover_target,
973,399,one-to-one,dn_423,ngm_449,Giorgio,MISSING,PRON,MISSING,obj,MISSING,leftover_source,
974,400,one-to-one,dn_424,ngm_450,Giorgio,Giorgio,PROPN,PROPN,nsubj,nsubj,explicit_full,
975,401,one-to-one,dn_425,ngm_451,Giorgio,Giorgio,NULL,NULL,nsubj,nsubj,zero_zero_semantic,0.38417448268996346
976,401,one-to-one,dn_425,ngm_451,MISSING,Giorgio,MISSING,NULL,MISSING,nsubj,leftover_target,
977,401,one-to-one,dn_425,ngm_451,butler,butler,NOUN,NOUN,obj,obj,explicit_full,
978,402,one-to-one,dn_426,ngm_452,butler,butler,NOUN,NOUN,nsubj,nsubj,explicit_full,
979,403,one-to-one,dn_427,ngm_453,butler,butler,NULL,NULL,nsubj,nsubj,zero_zero_single,
980,404,one-to-one,dn_428,ngm_454,butler,butler,NOUN,NOUN,nsubj,nsubj,explicit_full,
981,405,many-to-one,dn_429 dn_430,ngm_455,Giorgio,MISSING,PRON,MISSING,obj,MISSING,leftover_source,
982,405,many-to-one,dn_429 dn_430,ngm_455,butler,butler,NULL,NULL,nsubj,nsubj,zero_zero_semantic,0.2914494609832764
983,405,many-to-one,dn_429 dn_430,ngm_455,butler,butler,NULL,NULL,nsubj,nsubj,zero_zero_semantic,0.23002003322045006
984,406,one-to-one,dn_431,ngm_456,MISSING,Giorgio,MISSING,PRON,MISSING,obj,leftover_target,
985,406,one-to-one,dn_431,ngm_456,butler,butler,NOUN,NOUN,nsubj,nsubj,explicit_full,
986,407,one-to-one,dn_432,ngm_457,butler,butler,NULL,NULL,nsubj,nsubj,zero_zero_single,
987,408,one-to-one,dn_433,ngm_458,AlfonsoExili,AlfonsoExili,PROPN,NOUN,nsubj,nsubj,explicit_ref_case,
988,408,one-to-one,dn_433,ngm_458,MISSING,AlfonsoExili,MISSING,NULL,MISSING,nsubj,leftover_target,
989,408,one-to-one,dn_433,ngm_458,butler,butler,NOUN,NOUN,nsubj,nsubj,explicit_full,
990,409,one-to-one,dn_434,ngm_459,AlfonsoExili,MISSING,PRON,MISSING,obj,MISSING,leftover_source,
991,409,one-to-one,dn_434,ngm_459,Giorgio,Giorgio,NULL,NULL,nsubj,nsubj,zero_zero_single,
992,411,one-to-one,dn_436,ngm_461,AlfonsoExili,MISSING,NULL,MISSING,nsubj,MISSING,leftover_source,
993,411,one-to-one,dn_436,ngm_461,MISSING,Giorgio,MISSING,NULL,MISSING,nsubj,leftover_target,
994,413,one-to-one,dn_438,ngm_463,AlfonsoExili,AlfonsoExili,NULL,NULL,nsubj,nsubj,zero_zero_single,
995,414,one-to-one,dn_439,ngm_464,AlfonsoExili,MISSING,PRON,MISSING,obj,MISSING,leftover_source,
996,414,one-to-one,dn_439,ngm_464,Giorgio,Giorgio,PROPN,PROPN,nsubj,nsubj,explicit_full,
997,414,one-to-one,dn_439,ngm_464,Giorgio,Giorgio,NULL,NULL,nsubj,nsubj,zero_zero_single,
998,415,many-to-one,dn_440 dn_441,ngm_465,AlfonsoExili,AlfonsoExili,PROPN,NOUN,nsubj,nsubj,explicit_ref_case,
999,415,many-to-one,dn_440 dn_441,ngm_465,AlfonsoExili,AlfonsoExili,NULL,NULL,nsubj,nsubj,zero_zero_semantic,0.3902296010300852
1000,415,many-to-one,dn_440 dn_441,ngm_465,MISSING,AlfonsoExili,MISSING,NULL,MISSING,nsubj,leftover_target,
1001,415,many-to-one,dn_440 dn_441,ngm_465,MISSING,AlfonsoExili,MISSING,NULL,MISSING,nsubj,leftover_target,
1002,416,one-to-one,dn_442,ngm_466,Giorgio,Giorgio,PRON,PRON,nsubj,nsubj,explicit_full,
1003,417,one-to-one,dn_443,ngm_467,AlfonsoExili,AlfonsoExili,NULL,PRON,nsubj,nsubj,zero_to_tgt_anchor,
1004,417,one-to-one,dn_443,ngm_467,AlfonsoExili,MISSING,PRON-REFLEX,MISSING,obj,MISSING,leftover_source,
1005,418,one-to-one,dn_444,ngm_468,Giorgio,Giorgio,PRON,NULL,nsubj,nsubj,zero_to_src_anchor,
1006,419,one-to-one,dn_445,ngm_469,AlfonsoExili,AlfonsoExili,NULL,NULL,nsubj,nsubj,zero_zero_semantic,0.4309881857325954
1007,419,one-to-one,dn_445,ngm_469,AlfonsoExili,AlfonsoExili,NULL,NULL,nsubj,nsubj,zero_zero_semantic,0.4046623786427824
1008,419,one-to-one,dn_445,ngm_469,AlfonsoExili,AlfonsoExili,NULL,PRON,nsubj,nsubj,zero_to_tgt_anchor,
1009,419,one-to-one,dn_445,ngm_469,AlfonsoExili,MISSING,PRON-REFLEX,MISSING,obj,MISSING,leftover_source,
1010,419,one-to-one,dn_445,ngm_469,AlfonsoExili,MISSING,PRON-REFLEX,MISSING,obj,MISSING,leftover_source,
1011,419,one-to-one,dn_445,ngm_469,AlfonsoExili,MISSING,PRON-REFLEX,MISSING,obj,MISSING,leftover_source,
1012,420,one-to-one,dn_446,ngm_470,Giorgio,Giorgio,DET,PRON,nmod,nmod,explicit_ref_case,
1013,420,one-to-one,dn_446,ngm_470,MISSING,Ippolita,MISSING,NOUN,MISSING,nsubj,leftover_target,
1014,421,one-to-one,dn_447,ngm_471,Ippolita,Ippolita,PRON,NOUN,nsubj,nsubj,explicit_ref_case,
1015,421,one-to-one,dn_447,ngm_471,Ippolita,MISSING,NULL,MISSING,nsubj,MISSING,leftover_source,
1016,422,many-to-one,dn_448 dn_449,ngm_472,AlfonsoExili,AlfonsoExili,PROPN,NOUN,vocative,vocative,explicit_ref_case,
1017,422,many-to-one,dn_448 dn_449,ngm_472,AlfonsoExili,AlfonsoExili,NULL,NULL,nsubj,nsubj,zero_zero_single,
1018,422,many-to-one,dn_448 dn_449,ngm_472,Giorgio,Giorgio,NULL,PRON,nsubj,nsubj,zero_to_tgt_anchor,
1019,423,one-to-one,dn_450,ngm_473,Ippolita,Ippolita,PRON,NOUN,vocative,nsubj,explicit_ref_only,
1020,424,one-to-one,dn_451,ngm_474,MISSING,Ippolita,MISSING,NULL,MISSING,nsubj,leftover_target,
1021,425,one-to-one,dn_452,ngm_475,Ippolita,Ippolita,NULL,NULL,nsubj,nsubj,zero_zero_single,
1022,426,one-to-one,dn_453,ngm_476,AlfonsoExili,AlfonsoExili,NULL,NULL,nsubj,nsubj,zero_zero_single,
1023,426,one-to-one,dn_453,ngm_476,Ippolita,MISSING,PRON,MISSING,obj,MISSING,leftover_source,
1024,427,one-to-one,dn_454,ngm_477,Ippolita,Ippolita,NULL,NULL,nsubj,nsubj,zero_zero_single,
1025,428,one-to-one,dn_455,ngm_478,AlfonsoExili,MISSING,PRON,MISSING,obj,MISSING,leftover_source,
1026,428,one-to-one,dn_455,ngm_478,Ippolita,MISSING,NULL,MISSING,nsubj,MISSING,leftover_source,
1027,428,one-to-one,dn_455,ngm_478,Ippolitas-sister,Ippolitas-sister,NOUN,NOUN,obj,nsubj,explicit_ref_pos,
1028,429,one-to-one,dn_456,ngm_479,AlfonsoExili,AlfonsoExili,PRON,PRON,nsubj,nsubj,explicit_full,
1029,429,one-to-one,dn_456,ngm_479,AlfonsoExili,AlfonsoExili,NULL,NULL,nsubj,nsubj,zero_zero_single,
1030,429,one-to-one,dn_456,ngm_479,AlfonsoExili,MISSING,PRON-REFLEX,MISSING,obj,MISSING,leftover_source,
1031,430,one-to-one,dn_457,ngm_480,AlfonsoExili,AlfonsoExili,NULL,NULL,nsubj,nsubj,zero_zero_single,
1032,431,one-to-many,dn_458,ngm_481 ngm_482,Ippolita,Ippolita,NULL,NOUN,nsubj,nsubj,zero_to_tgt_anchor,
1033,431,one-to-many,dn_458,ngm_481 ngm_482,Ippolitas-husband,Ippolitas-husband,NOUN,NOUN,obj,obj,explicit_full,
1034,432,many-to-one,dn_459 dn_460,ngm_483,AlfonsoExili,MISSING,NULL,MISSING,nsubj,MISSING,leftover_source,
1035,432,many-to-one,dn_459 dn_460,ngm_483,Ippolita,Ippolita,NULL,NULL,nsubj,nsubj,zero_zero_semantic,0.2622863905083749
1036,432,many-to-one,dn_459 dn_460,ngm_483,Ippolita,Ippolita,NULL,NULL,nsubj,nsubj,zero_zero_semantic,0.2790395256973082
1037,433,one-to-one,dn_461,ngm_484,AlfonsoExili,AlfonsoExili,NULL,PRON,nsubj,nsubj,zero_to_tgt_anchor,
1038,433,one-to-one,dn_461,ngm_484,Ippolita,MISSING,PRON,MISSING,obj,MISSING,leftover_source,
1039,434,one-to-one,dn_462,ngm_485,Giorgio,Giorgio,DET,PRON,nmod,nmod,explicit_ref_case,
1040,434,one-to-one,dn_462,ngm_485,Giorgio,Giorgio,NULL,NULL,nsubj,nsubj,zero_zero_single,
1041,434,one-to-one,dn_462,ngm_485,MISSING,Monti,MISSING,NOUN,MISSING,nsubj,leftover_target,
1042,435,one-to-one,dn_463,ngm_486,Monti,Monti,PROPN,PROPN,vocative,vocative,explicit_full,
1043,436,one-to-one,dn_464,ngm_487,Giorgio,Giorgio,PRON,PRON,nsubj,nsubj,explicit_full,
1044,436,one-to-one,dn_464,ngm_487,Monti,MISSING,PRON,MISSING,obj,MISSING,leftover_source,
1045,437,one-to-one,dn_465,ngm_488,Monti,Monti,NOUN,NOUN,pred,pred,explicit_full,
1046,437,one-to-one,dn_465,ngm_488,Monti,MISSING,NOUN,MISSING,pred,MISSING,leftover_source,
1047,438,one-to-one,dn_466,ngm_489,MISSING,AlfonsoExili,MISSING,PRON,MISSING,nsubj,leftover_target,
1048,438,one-to-one,dn_466,ngm_489,Ippolita,Ippolita,PRON,PRON,obj,nmod,explicit_ref_pos,
1049,438,one-to-one,dn_466,ngm_489,Monti,Monti,NULL,NOUN,nsubj,nsubj,zero_to_tgt_anchor,
1050,439,many-to-one,dn_467 dn_468,ngm_490,Giorgio,Giorgio,PRON,PRON,nsubj,obj,explicit_ref_pos,
1051,440,one-to-one,dn_469,ngm_491,Monti,Monti,PROPN,NOUN,nsubj,nsubj,explicit_ref_case,
1052,441,one-to-one,dn_470,ngm_492,AlfonsoExili,AlfonsoExili,NULL,PRON,nsubj,nsubj,zero_to_tgt_anchor,
1053,442,one-to-one,dn_471,ngm_493,AlfonsoExili,AlfonsoExili,NULL,NULL,nsubj,nsubj,zero_zero_single,
1054,443,one-to-one,dn_472,ngm_494,Giorgio,Giorgio,PROPN,PROPN,vocative,vocative,explicit_full,
1055,443,one-to-one,dn_472,ngm_494,Giorgio,Giorgio,NULL,NULL,nsubj,nsubj,zero_zero_single,
1056,444,one-to-many,dn_473,ngm_495 ngm_496,Giorgio,Giorgio,PROPN,PROPN,nsubj,nsubj,explicit_full,
1057,444,one-to-many,dn_473,ngm_495 ngm_496,Giorgio,Giorgio,NULL,NULL,nsubj,nsubj,zero_zero_single,
1058,444,one-to-many,dn_473,ngm_495 ngm_496,MISSING,Giorgio,MISSING,PRON,MISSING,nsubj,leftover_target,
1059,445,one-to-one,dn_474,ngm_497,AlfonsoExili,AlfonsoExili,PROPN,NOUN,nsubj,nsubj,explicit_ref_case,
1060,445,one-to-one,dn_474,ngm_497,Giorgio,Giorgio,PRON,PRON,nsubj,nsubj,explicit_full,
1061,445,one-to-one,dn_474,ngm_497,MISSING,Giorgio,MISSING,PRON,MISSING,nmod,leftover_target,
1062,446,one-to-one,dn_475,ngm_498,Giorgio,Giorgio,PROPN,PROPN,vocative,vocative,explicit_full,
1063,447,one-to-one,dn_476,ngm_499,MISSING,AlfonsoExili,MISSING,DET,MISSING,nmod,leftover_target,
1064,447,one-to-one,dn_476,ngm_499,Giorgio,Giorgio,PRON,PRON,nsubj,nsubj,explicit_full,
1065,447,one-to-one,dn_476,ngm_499,Giorgio,MISSING,PRON-REFLEX,MISSING,obj,MISSING,leftover_source,
1066,447,one-to-one,dn_476,ngm_499,MISSING,Giorgio,MISSING,NULL,MISSING,nsubj,leftover_target,
1067,447,one-to-one,dn_476,ngm_499,MISSING,Giorgio,MISSING,NULL,MISSING,nsubj,leftover_target,
1068,448,many-to-one,dn_477 dn_478,ngm_500,AlfonsoExili,AlfonsoExili,NULL,NULL,nsubj,nsubj,zero_zero_single,
1069,448,many-to-one,dn_477 dn_478,ngm_500,MISSING,AlfonsoExili,MISSING,PRON,MISSING,nsubj,leftover_target,
1070,449,one-to-one,dn_479,ngm_501,AlfonsoExili,AlfonsoExili,NULL,NULL,nsubj,nsubj,zero_zero_single,
1071,449,one-to-one,dn_479,ngm_501,AlfonsoExili,MISSING,PRON,MISSING,obj,MISSING,leftover_source,
1072,450,one-to-one,dn_480,ngm_502,AlfonsoExili,AlfonsoExili,NULL,NULL,nsubj,nsubj,zero_zero_single,
1073,450,one-to-one,dn_480,ngm_502,AlfonsoExili,MISSING,PRON,MISSING,obj,MISSING,leftover_source,
1074,451,one-to-one,dn_481,ngm_503,AlfonsoExili,AlfonsoExili,PROPN,NOUN,nsubj,nsubj,explicit_ref_case,
1075,451,one-to-one,dn_481,ngm_503,AlfonsoExili,MISSING,PRON-REFLEX,MISSING,obj,MISSING,leftover_source,
1076,451,one-to-one,dn_481,ngm_503,MISSING,AlfonsoExili,MISSING,NULL,MISSING,nsubj,leftover_target,
1077,452,one-to-one,dn_482,ngm_504,Giorgio,Giorgio,NULL,NULL,nsubj,nsubj,zero_zero_single,
1078,454,one-to-one,dn_484,ngm_506,AlfonsoExili,AlfonsoExili,NULL,NULL,nsubj,nsubj,zero_zero_semantic,0.4060348941163085
1079,454,one-to-one,dn_484,ngm_506,AlfonsoExili,AlfonsoExili,NULL,NULL,nsubj,nsubj,zero_zero_semantic,0.17417024906681872
1080,454,one-to-one,dn_484,ngm_506,AlfonsoExili,AlfonsoExili,NULL,NULL,nsubj,nsubj,zero_zero_semantic,0.4193148833924326
1081,454,one-to-one,dn_484,ngm_506,AlfonsoExili,MISSING,PRON-REFLEX,MISSING,obj,MISSING,leftover_source,
1082,454,one-to-one,dn_484,ngm_506,MISSING,AlfonsoExili,MISSING,PRON,MISSING,nsubj,leftover_target,
1083,454,one-to-one,dn_484,ngm_506,MISSING,AlfonsoExili,MISSING,NULL,MISSING,nsubj,leftover_target,
1084,455,one-to-one,dn_485,ngm_507,MISSING,Giorgio,MISSING,NOUN,MISSING,nsubj,leftover_target,
1085,456,one-to-one,dn_486,ngm_508,AlfonsoExili,AlfonsoExili,DET,PRON,nmod,nsubj,explicit_ref_only,
1086,456,one-to-one,dn_486,ngm_508,AlfonsoExili,MISSING,NULL,MISSING,nsubj,MISSING,leftover_source,
1087,458,one-to-one,dn_488,ngm_510,AlfonsoExili,AlfonsoExili,NULL,PRON,nsubj,nsubj,zero_to_tgt_anchor,
1088,458,one-to-one,dn_488,ngm_510,Giorgio,Giorgio,PROPN,PROPN,nsubj,nsubj,explicit_full,
1089,458,one-to-one,dn_488,ngm_510,Giorgio,MISSING,DET,MISSING,nmod,MISSING,leftover_source,
1090,459,one-to-one,dn_489,ngm_511,AlfonsoExili,AlfonsoExili,NOUN,NOUN,nsubj,nsubj,explicit_full,
1091,459,one-to-one,dn_489,ngm_511,AlfonsoExili,MISSING,PRON-REFLEX,MISSING,obj,MISSING,leftover_source,
1092,460,one-to-one,dn_490,ngm_512,Giorgio,Giorgio,PRON,PRON,nsubj,nsubj,explicit_full,
1093,461,one-to-one,dn_491,ngm_513,AlfonsoExili,AlfonsoExili,NULL,NULL,nsubj,nsubj,zero_zero_single,
1094,462,one-to-many,dn_492,ngm_514 ngm_515,AlfonsoExili,AlfonsoExili,NULL,NULL,nsubj,nsubj,zero_zero_semantic,0.7222053152990753
1095,462,one-to-many,dn_492,ngm_514 ngm_515,AlfonsoExili,AlfonsoExili,NULL,NULL,nsubj,nsubj,zero_zero_semantic,0.36649481899338987
1096,462,one-to-many,dn_492,ngm_514 ngm_515,MISSING,AlfonsoExili,MISSING,PRON,MISSING,nsubj,leftover_target,
1097,462,one-to-many,dn_492,ngm_514 ngm_515,MISSING,AlfonsoExili,MISSING,NOUN,MISSING,nmod,leftover_target,
1098,462,one-to-many,dn_492,ngm_514 ngm_515,MISSING,AlfonsoExili,MISSING,NULL,MISSING,nsubj,leftover_target,
1099,462,one-to-many,dn_492,ngm_514 ngm_515,Giorgio,Giorgio,PROPN,PROPN,obj,obj,explicit_full,
1100,464,one-to-one,dn_494,ngm_517,MISSING,Giorgio Ippolita,MISSING,NULL,MISSING,nsubj,leftover_target,
1101,465,one-to-one,dn_495,ngm_518,Ippolita,Ippolita,PROPN,PROPN,nsubj,nsubj,explicit_full,
1102,466,one-to-one,dn_496,ngm_519,Giorgio Ippolita,Giorgio Ippolita,PRON,NOUN,nsubj,obj,explicit_ref_only,
1103,466,one-to-one,dn_496,ngm_519,MISSING,Ippolita,MISSING,NULL,MISSING,nsubj,leftover_target,
1104,467,one-to-one,dn_498,ngm_520,Ippolita,Ippolita,NULL,NULL,nsubj,nsubj,zero_zero_single,
1105,467,one-to-one,dn_498,ngm_520,Ippolita,MISSING,PRON-REFLEX,MISSING,obj,MISSING,leftover_source,
1106,468,one-to-one,dn_499,ngm_521,Ippolita,Ippolita,NULL,NULL,nsubj,nsubj,zero_zero_single,
1107,468,one-to-one,dn_499,ngm_521,Ippolita,MISSING,PRON-REFLEX,MISSING,obj,MISSING,leftover_source,
1108,470,one-to-one,dn_501,ngm_524,Giorgio,Giorgio,PRON,PRON,obj,nmod,explicit_ref_pos,
1109,470,one-to-one,dn_501,ngm_524,Ippolita,Ippolita,PRON,PRON,nsubj,nsubj,explicit_full,
1110,471,one-to-many,dn_502,ngm_525 ngm_526,Giorgio,Giorgio,PRON,PRON,obj,nmod,explicit_ref_pos,
1111,471,one-to-many,dn_502,ngm_525 ngm_526,Ippolita,Ippolita,PRON,PRON,nsubj,nsubj,explicit_full,
1112,471,one-to-many,dn_502,ngm_525 ngm_526,Ippolita,Ippolita,NULL,NULL,nsubj,nsubj,zero_zero_single,
1113,471,one-to-many,dn_502,ngm_525 ngm_526,Ippolita,MISSING,PRON,MISSING,obj,MISSING,leftover_source,
1114,472,one-to-one,dn_503,ngm_527,Ippolita,Ippolita,NULL,NULL,nsubj,nsubj,zero_zero_single,
1115,472,one-to-one,dn_503,ngm_527,MISSING,Ippolita,MISSING,PRON,MISSING,nsubj,leftover_target,
1116,473,one-to-one,dn_504,ngm_528,Ippolita,Ippolita,NULL,PRON,nsubj,nsubj,zero_to_tgt_anchor,
1117,474,one-to-one,dn_505,ngm_529,Ippolita,Ippolita,NULL,NULL,nsubj,nsubj,zero_zero_single,
1118,474,one-to-one,dn_505,ngm_529,MISSING,Ippolita,MISSING,PRON,MISSING,nsubj,leftover_target,
1119,475,one-to-one,dn_506,ngm_530,Giorgio,MISSING,PRON,MISSING,nsubj,MISSING,leftover_source,
1120,476,one-to-one,dn_507,ngm_531,Ippolita,Ippolita,PRON,PRON,obj,obj,explicit_full,
1121,476,one-to-one,dn_507,ngm_531,Ippolitas-family,Ippolitas-family,NULL,NOUN,nsubj,nsubj,zero_to_tgt_anchor,
1122,477,one-to-one,dn_508,ngm_532,Giorgio,Giorgio,PRON,PRON,obj,obj,explicit_full,
1123,477,one-to-one,dn_508,ngm_532,Ippolita,Ippolita,NULL,PRON,nsubj,nsubj,zero_to_tgt_anchor,
1124,478,one-to-one,dn_509,ngm_533,Ippolita Ippolitas-family,MISSING,NULL,MISSING,nsubj,MISSING,leftover_source,
1125,479,one-to-one,dn_510,ngm_534,Giorgio Ippolita,Giorgio Ippolita,NULL,NULL,nsubj,nsubj,zero_zero_single,
1126,479,one-to-one,dn_510,ngm_534,Giorgio Ippolita,MISSING,PRON-REFLEX,MISSING,obj,MISSING,leftover_source,
1127,483,one-to-one,dn_514,ngm_538,Giorgio,Giorgio,DET,PRON,nmod,nmod,explicit_ref_case,
1128,484,one-to-one,dn_515,ngm_539,Giorgio,Giorgio,PRON,PRON,nsubj,nsubj,explicit_full,
1129,484,one-to-one,dn_515,ngm_539,Giorgio,Giorgio,NULL,NULL,nsubj,nsubj,zero_zero_semantic,0.3516348873761461
1130,484,one-to-one,dn_515,ngm_539,Giorgio,MISSING,NULL,MISSING,nsubj,MISSING,leftover_source,
1131,485,many-to-one,dn_516 dn_517,ngm_540,Giorgio,Giorgio,NULL,NULL,nsubj,nsubj,zero_zero_semantic,0.2712327129311032
1132,485,many-to-one,dn_516 dn_517,ngm_540,Giorgio,Giorgio,NULL,PRON,nsubj,nsubj,zero_to_tgt_anchor,
1133,485,many-to-one,dn_516 dn_517,ngm_540,Giorgio,MISSING,PRON-REFLEX,MISSING,obj,MISSING,leftover_source,
1134,485,many-to-one,dn_516 dn_517,ngm_540,Giorgio,MISSING,NULL,MISSING,nsubj,MISSING,leftover_source,
1135,485,many-to-one,dn_516 dn_517,ngm_540,Ippolita,Ippolita,PRON,PRON,obj,obj,explicit_full,
1136,485,many-to-one,dn_516 dn_517,ngm_540,Ippolita,Ippolita,PRON,PRON,obj,nmod,explicit_ref_pos,
1137,486,one-to-one,dn_518,ngm_541,Giorgio,Giorgio,NULL,NULL,nsubj,nsubj,zero_zero_single,
1138,486,one-to-one,dn_518,ngm_541,Giorgio,MISSING,PRON-REFLEX,MISSING,obj,MISSING,leftover_source,
1139,487,one-to-one,dn_519,ngm_542,Ippolita,Ippolita,NULL,NULL,nsubj,nsubj,zero_zero_semantic,0.37220650887232265
1140,487,one-to-one,dn_519,ngm_542,Ippolita,Ippolita,NULL,NULL,nsubj,nsubj,zero_zero_semantic,0.5417936136619743
1141,487,one-to-one,dn_519,ngm_542,Ippolita,MISSING,PRON-REFLEX,MISSING,obj,MISSING,leftover_source,
1142,488,one-to-one,dn_520,ngm_543,Ippolita,Ippolita,PRON,PRON,nsubj,nsubj,explicit_full,
1143,489,one-to-one,dn_521,ngm_544,Ippolita,Ippolita,DET,PRON,nmod,nmod,explicit_ref_case,
1144,489,one-to-one,dn_521,ngm_544,Ippolita,MISSING,NULL,MISSING,nsubj,MISSING,leftover_source,
1145,489,one-to-one,dn_521,ngm_544,Ippolitas-husband,Ippolitas-husband,NOUN,NOUN,nsubj,nsubj,explicit_full,
1146,489,one-to-one,dn_521,ngm_544,MISSING,Ippolitas-husband,MISSING,NULL,MISSING,nsubj,leftover_target,
1147,490,one-to-one,dn_522,ngm_545,Giorgio,MISSING,PRON,MISSING,obj,MISSING,leftover_source,
1148,490,one-to-one,dn_522,ngm_545,MISSING,Giorgio,MISSING,NULL,MISSING,nsubj,leftover_target,
1149,490,one-to-one,dn_522,ngm_545,Ippolita,Ippolita,NULL,PRON,nsubj,nsubj,zero_to_tgt_anchor,
1150,491,one-to-many,dn_523,ngm_546 ngm_547,Ippolita,Ippolita,NULL,NULL,nsubj,nsubj,zero_zero_semantic,0.19183604579161317
1151,491,one-to-many,dn_523,ngm_546 ngm_547,Ippolita,MISSING,NULL,MISSING,nsubj,MISSING,leftover_source,
1152,492,one-to-one,dn_524,ngm_548,MISSING,Giorgio,MISSING,PRON,MISSING,nmod,leftover_target,
1153,492,one-to-one,dn_524,ngm_548,Ippolita,Ippolita,NULL,NULL,nsubj,nsubj,zero_zero_semantic,0.302877425771169
1154,492,one-to-one,dn_524,ngm_548,Ippolita,MISSING,NULL,MISSING,nsubj,MISSING,leftover_source,
1155,494,one-to-one,dn_526,ngm_550,MISSING,Ippolita,MISSING,NULL,MISSING,nsubj,leftover_target,
1156,494,one-to-one,dn_526,ngm_550,MISSING,Ippolita,MISSING,NULL,MISSING,nsubj,leftover_target,
1157,494,one-to-one,dn_526,ngm_550,MISSING,Ippolita,MISSING,NULL,MISSING,nsubj,leftover_target,
1158,495,one-to-one,dn_527,ngm_551,Giorgio,Giorgio,PRON,PRON,nsubj,nsubj,explicit_full,
1159,495,one-to-one,dn_527,ngm_551,Giorgio,MISSING,DET,MISSING,nmod,MISSING,leftover_source,
1160,495,one-to-one,dn_527,ngm_551,Giorgio Ippolita,Giorgio Ippolita,NULL,PRON,nsubj,nsubj,zero_to_tgt_anchor,
1161,496,one-to-one,dn_528,ngm_552,Giorgio,Giorgio,PRON,PRON,nsubj,nsubj,explicit_full,
1162,497,one-to-one,dn_529,ngm_553,Ippolita,Ippolita,PRON,PRON,nsubj,nsubj,explicit_full,
1163,498,one-to-one,dn_530,ngm_554,Giorgio,Giorgio,PROPN,PROPN,nsubj,nsubj,explicit_full,
1164,500,one-to-one,dn_532,ngm_557,Giorgio,Giorgio,NULL,PROPN,nsubj,nsubj,zero_to_tgt_anchor,
1165,500,one-to-one,dn_532,ngm_557,MISSING,Ippolita,MISSING,PROPN,MISSING,nmod,leftover_target,
1166,500,one-to-one,dn_532,ngm_557,Ippolitas-husband,Ippolitas-husband,NOUN,NOUN,obj,nmod,explicit_ref_pos,
1167,501,many-to-one,dn_533 dn_534,ngm_558,Giorgio,Giorgio,PRON,PRON,nsubj,nsubj,explicit_full,
1168,501,many-to-one,dn_533 dn_534,ngm_558,Ippolita,Ippolita,PRON,PRON,nsubj,nsubj,explicit_full,
1169,501,many-to-one,dn_533 dn_534,ngm_558,Ippolita,MISSING,NULL,MISSING,nsubj,MISSING,leftover_source,
1170,502,one-to-one,dn_535,ngm_559,Giorgio,Giorgio,PRON,PRON,obj,obj,explicit_full,
1171,502,one-to-one,dn_535,ngm_559,MISSING,Ippolita,MISSING,PROPN,MISSING,nmod,leftover_target,
1172,502,one-to-one,dn_535,ngm_559,Ippolitas-husband,Ippolitas-husband,NOUN,NOUN,nsubj,nsubj,explicit_full,
1173,503,one-to-one,dn_536,ngm_560,Giorgio,Giorgio,DET,PRON,nmod,nmod,explicit_ref_case,
1174,503,one-to-one,dn_536,ngm_560,Giorgio,MISSING,PRON,MISSING,obj,MISSING,leftover_source,
1175,503,one-to-one,dn_536,ngm_560,MISSING,Ippolita,MISSING,NOUN,MISSING,obj,leftover_target,
1176,503,one-to-one,dn_536,ngm_560,Ippolitas-husband,Ippolitas-husband,PRON,PRON,nsubj,nsubj,explicit_full,
1177,503,one-to-one,dn_536,ngm_560,MISSING,Ippolitas-husband,MISSING,NULL,MISSING,nsubj,leftover_target,
1178,504,one-to-one,dn_537,ngm_561,Giorgio,MISSING,PRON-REFLEX,MISSING,obj,MISSING,leftover_source,
1179,504,one-to-one,dn_537,ngm_561,Giorgio,MISSING,NULL,MISSING,nsubj,MISSING,leftover_source,
1180,504,one-to-one,dn_537,ngm_561,MISSING,Giorgio,MISSING,PRON,MISSING,nmod,leftover_target,
1181,505,many-to-one,dn_538 dn_539,ngm_562,Giorgio,Giorgio,PRON,PRON,nsubj,nsubj,explicit_full,
1182,505,many-to-one,dn_538 dn_539,ngm_562,MISSING,Giorgio,MISSING,NULL,MISSING,nsubj,leftover_target,
1183,506,one-to-one,dn_540,ngm_563,Giorgio,Giorgio,DET,PRON,nmod,nmod,explicit_ref_case,
1184,506,one-to-one,dn_540,ngm_563,Giorgio,Giorgio,PRON,PROPN,nsubj,nsubj,explicit_ref_case,
1185,506,one-to-one,dn_540,ngm_563,MISSING,Giorgio,MISSING,NULL,MISSING,nsubj,leftover_target,
1186,506,one-to-one,dn_540,ngm_563,Ippolita,Ippolita,PROPN,PROPN,nmod,nmod,explicit_full,
1187,507,one-to-one,dn_541,ngm_564,Ippolita,Ippolita,PRON,PRON,nsubj,nsubj,explicit_full,
1188,508,one-to-one,dn_542,ngm_565,Giorgio Ippolita,Giorgio Ippolita,NULL,NULL,nsubj,nsubj,zero_zero_single,
1189,509,one-to-one,dn_543,ngm_566,MISSING,Giorgio Ippolita,MISSING,NULL,MISSING,nsubj,leftover_target,
1190,510,one-to-one,dn_544 dn_545,ngm_567 ngm_569,Ippolita,Ippolita,PRON,PRON,nsubj,nsubj,explicit_full,
1191,510,one-to-one,dn_544 dn_545,ngm_567 ngm_569,Ippolita,MISSING,NOUN,MISSING,nmod,MISSING,leftover_source,
1192,510,one-to-one,dn_544 dn_545,ngm_567 ngm_569,MISSING,Ippolita,MISSING,NULL,MISSING,nsubj,leftover_target,
1193,510,one-to-one,dn_544 dn_545,ngm_567 ngm_569,MISSING,Ippolita,MISSING,NULL,MISSING,nsubj,leftover_target,
1194,510,one-to-one,dn_544 dn_545,ngm_567 ngm_569,Ippolitas-mother,Ippolitas-mother,NOUN,NOUN,obj,obj,explicit_full,
1195,511,one-to-one,dn_546,ngm_568,Ippolita,Ippolita,NULL,NULL,nsubj,nsubj,zero_zero_single,
1196,511,one-to-one,dn_546,ngm_568,Ippolitas-mother,MISSING,NULL,MISSING,nsubj,MISSING,leftover_source,
1197,511,one-to-one,dn_546,ngm_568,Ippolitas-mother,MISSING,NOUN,MISSING,vocative,MISSING,leftover_source,
1198,512,one-to-one,dn_547,ngm_570,Ippolita,Ippolita,NULL,NULL,nsubj,nsubj,zero_zero_single,
1199,512,one-to-one,dn_547,ngm_570,Ippolitas-mother,Ippolitas-mother,PRON,NOUN,obj,obj,explicit_ref_case,
1200,513,one-to-one,dn_548,ngm_571,Ippolita,Ippolita,NULL,NULL,nsubj,nsubj,zero_zero_single,
1201,513,one-to-one,dn_548,ngm_571,Ippolitas-mother,MISSING,PRON,MISSING,obj,MISSING,leftover_source,
1202,514,one-to-one,dn_549,ngm_572,Giorgio,Giorgio,NULL,NULL,nsubj,nsubj,zero_zero_single,
1203,515,one-to-one,dn_550,ngm_573,Ippolita,Ippolita,PRON,PRON,nsubj,nsubj,explicit_full,
1204,515,one-to-one,dn_550,ngm_573,Ippolita,Ippolita,NULL,NULL,nsubj,nsubj,zero_zero_single,
1205,516,one-to-one,dn_551,ngm_574,Giorgio,Giorgio,PRON,PROPN,nsubj,nsubj,explicit_ref_case,
1206,516,one-to-one,dn_551,ngm_574,Ippolita,MISSING,PRON,MISSING,obj,MISSING,leftover_source,
1207,517,one-to-one,dn_552,ngm_575,Giorgio,Giorgio,PRON,PROPN,obj,nmod,explicit_ref_only,
1208,517,one-to-one,dn_552,ngm_575,Ippolita,Ippolita,PRON,PRON,nsubj,nsubj,explicit_full,
1209,517,one-to-one,dn_552,ngm_575,Ippolitas-mother,Ippolitas-mother,NOUN,NOUN,obj,obj,explicit_full,
1210,518,one-to-one,dn_553,ngm_576,Giorgio,Giorgio,NULL,PRON,nsubj,nsubj,zero_to_tgt_anchor,
1211,518,one-to-one,dn_553,ngm_576,Ippolitas-husband,Ippolitas-husband,NOUN,NOUN,nmod,obj,explicit_ref_pos,
1212,519,one-to-one,dn_554,ngm_577,Giorgio,Giorgio,DET,PRON,nmod,nmod,explicit_ref_case,
1213,519,one-to-one,dn_554,ngm_577,Giorgio,Giorgio,PRON,NULL,nsubj,nsubj,zero_to_src_anchor,
1214,519,one-to-one,dn_554,ngm_577,Ippolita,Ippolita,DET,PRON,nmod,nmod,explicit_ref_case,
1215,520,one-to-one,dn_555,ngm_578,Giorgio,Giorgio,DET,PRON,nmod,nmod,explicit_ref_case,
1216,520,one-to-one,dn_555,ngm_578,Giorgio,Giorgio,DET,PRON,nmod,obj,explicit_ref_only,
1217,520,one-to-one,dn_555,ngm_578,Giorgio,Giorgio,NULL,NULL,nsubj,nsubj,zero_zero_semantic,0.48556776509425953
1218,520,one-to-one,dn_555,ngm_578,Giorgio,MISSING,NULL,MISSING,nsubj,MISSING,leftover_source,
1219,520,one-to-one,dn_555,ngm_578,Giorgio,MISSING,PRON-REFLEX,MISSING,obj,MISSING,leftover_source,
1220,520,one-to-one,dn_555,ngm_578,Ippolita,Ippolita,PRON,PRON,obj,obj,explicit_full,
1221,520,one-to-one,dn_555,ngm_578,Ippolita,MISSING,NULL,MISSING,nsubj,MISSING,leftover_source,
1222,521,one-to-many,dn_556,ngm_579 ngm_580,Giorgio,Giorgio,PRON,PRON,nsubj,nsubj,explicit_full,
1223,521,one-to-many,dn_556,ngm_579 ngm_580,Giorgio,Giorgio,NULL,NULL,nsubj,nsubj,zero_zero_semantic,0.19188070766853563
1224,521,one-to-many,dn_556,ngm_579 ngm_580,Giorgio,Giorgio,NULL,NULL,nsubj,nsubj,zero_zero_semantic,0.709331830749006
1225,521,one-to-many,dn_556,ngm_579 ngm_580,MISSING,Giorgio,MISSING,NULL,MISSING,nsubj,leftover_target,
1226,521,one-to-many,dn_556,ngm_579 ngm_580,Ippolita,Ippolita,PRON,PRON,obj,obj,explicit_full,
1227,521,one-to-many,dn_556,ngm_579 ngm_580,Ippolita,Ippolita,PRON,PRON,obj,nmod,explicit_ref_pos,
1228,521,one-to-many,dn_556,ngm_579 ngm_580,Ippolita,Ippolita,PRON,PRON,obj,nsubj,explicit_ref_pos,
1229,521,one-to-many,dn_556,ngm_579 ngm_580,Ippolita,Ippolita,PRON,NOUN,obj,pred,explicit_ref_only,
1230,523,one-to-one,dn_558,ngm_582,Ippolita,Ippolita,PRON,PRON,nsubj,nsubj,explicit_full,
1231,524,one-to-one,dn_559,ngm_583,Giorgio Ippolita,Giorgio Ippolita,NULL,NULL,nsubj,nsubj,zero_zero_single,
1232,525,one-to-one,dn_560,ngm_584,Giorgio,Giorgio,PRON,PRON,nsubj,nsubj,explicit_full,
1233,525,one-to-one,dn_560,ngm_584,Giorgio,MISSING,NULL,MISSING,nsubj,MISSING,leftover_source,
1234,527,one-to-one,dn_562,ngm_586,Giorgio,Giorgio,NULL,NULL,nsubj,nsubj,zero_zero_semantic,0.5110947184413176
1235,527,one-to-one,dn_562,ngm_586,Giorgio,MISSING,NULL,MISSING,nsubj,MISSING,leftover_source,
1236,528,one-to-one,dn_563,ngm_587,Giorgio Ippolita,Giorgio Ippolita,NULL,NULL,nsubj,nsubj,zero_zero_single,
1237,529,one-to-one,dn_564,ngm_588,Giorgio,Giorgio,PRON,PROPN,nsubj,nsubj,explicit_ref_case,
1238,529,one-to-one,dn_564,ngm_588,Ippolita,Ippolita,PRON,PRON,nsubj,nsubj,explicit_full,
1239,529,one-to-one,dn_564,ngm_588,Ippolita,Ippolita,NULL,NULL,nsubj,nsubj,zero_zero_semantic,0.6021443781619137
1240,529,one-to-one,dn_564,ngm_588,Ippolita,Ippolita,NULL,NULL,nsubj,nsubj,zero_zero_semantic,0.3158252173581639
1241,529,one-to-one,dn_564,ngm_588,Ippolita,MISSING,PRON-REFLEX,MISSING,obj,MISSING,leftover_source,
1242,530,one-to-one,dn_565,ngm_589,Ippolita,Ippolita,NULL,NULL,nsubj,nsubj,zero_zero_semantic,0.40401591699231754
1243,530,one-to-one,dn_565,ngm_589,MISSING,Ippolita,MISSING,NULL,MISSING,nsubj,leftover_target,
1244,531,one-to-many,dn_566,ngm_590 ngm_591,Giorgio,Giorgio,PRON,PRON,nsubj,nsubj,explicit_full,
1245,531,one-to-many,dn_566,ngm_590 ngm_591,Ippolita,Ippolita,PRON,PRON,obj,nmod,explicit_ref_pos,
1246,532,one-to-many,dn_567,ngm_592 ngm_593,Giorgio,Giorgio,NULL,PRON,nsubj,nsubj,zero_to_tgt_anchor,
1247,533,one-to-one,dn_568,ngm_594,Giorgio,Giorgio,NULL,PRON,nsubj,nsubj,zero_to_tgt_anchor,
1248,533,one-to-one,dn_568,ngm_594,Ippolita,Ippolita,PRON,PRON,nsubj,nsubj,explicit_full,
1249,534,one-to-one,dn_569,ngm_595,Ippolita,Ippolita,NULL,PRON,nsubj,nsubj,zero_to_tgt_anchor,
1250,535,one-to-one,dn_570,ngm_596,Ippolita,Ippolita,NULL,NULL,nsubj,nsubj,zero_zero_single,
1251,536,one-to-one,dn_571,ngm_597,Ippolita,Ippolita,DET,PRON,nmod,nmod,explicit_ref_case,
1252,536,one-to-one,dn_571,ngm_597,Ippolita,MISSING,PRON,MISSING,nsubj,MISSING,leftover_source,
1253,537,one-to-one,dn_572,ngm_598,Giorgio,Giorgio,PRON,PRON,nsubj,nsubj,explicit_full,
1254,537,one-to-one,dn_572,ngm_598,Giorgio,MISSING,DET,MISSING,nmod,MISSING,leftover_source,
1255,537,one-to-one,dn_572,ngm_598,MISSING,Giorgio,MISSING,NULL,MISSING,nsubj,leftover_target,
1256,539,one-to-one,dn_574,ngm_600,Giorgio,Giorgio,PRON,PRON,obj,obj,explicit_full,
1257,539,one-to-one,dn_574,ngm_600,Ippolita,Ippolita,PRON,PRON,nsubj,nsubj,explicit_full,
1258,539,one-to-one,dn_574,ngm_600,Ippolita,Ippolita,PRON,PRON,obj,nmod,explicit_ref_pos,
1259,539,one-to-one,dn_574,ngm_600,Ippolita,Ippolita,NULL,NULL,nsubj,nsubj,zero_zero_semantic,0.2584466530087683
1260,539,one-to-one,dn_574,ngm_600,Ippolita,MISSING,NULL,MISSING,nsubj,MISSING,leftover_source,
1261,539,one-to-one,dn_574,ngm_600,Ippolita,MISSING,PRON,MISSING,obj,MISSING,leftover_source,
1262,540,one-to-one,dn_575,ngm_601,AlfonsoExili,AlfonsoExili,PROPN,NOUN,nsubj,nsubj,explicit_ref_case,
1263,540,one-to-one,dn_575,ngm_601,Monti,Monti,NOUN,NOUN,nsubj,nsubj,explicit_full,
1264,540,one-to-one,dn_575,ngm_601,Monti,MISSING,PRON,MISSING,obj,MISSING,leftover_source,
1265,541,one-to-one,dn_576,ngm_602,Ippolita,Ippolita,PRON,PRON,nsubj,nsubj,explicit_full,
1266,541,one-to-one,dn_576,ngm_602,MISSING,Ippolita,MISSING,NULL,MISSING,nsubj,leftover_target,
1267,542,one-to-one,dn_577,ngm_603,Ippolita,Ippolita,NULL,NULL,nsubj,nsubj,zero_zero_single,
1268,542,one-to-one,dn_577,ngm_603,Ippolita,MISSING,PRON-REFLEX,MISSING,obj,MISSING,leftover_source,
1269,543,one-to-one,dn_578,ngm_604,Ippolita,Ippolita,PRON,PRON,obj,obj,explicit_full,
1270,543,one-to-one,dn_578,ngm_604,Ippolita,MISSING,NULL,MISSING,nsubj,MISSING,leftover_source,
1271,543,one-to-one,dn_578,ngm_604,MISSING,Ippolita,MISSING,PRON,MISSING,obj,leftover_target,
1272,544,one-to-one,dn_579,ngm_605,CountessAlbertini,CountessAlbertini,NOUN,PRON,nsubj,nmod,explicit_ref_only,
1273,544,one-to-one,dn_579,ngm_605,MISSING,CountessAlbertini,MISSING,PROPN,MISSING,nmod,leftover_target,
1274,544,one-to-one,dn_579,ngm_605,Giorgio,MISSING,PRON,MISSING,obj,MISSING,leftover_source,
1275,545,one-to-one,dn_580,ngm_606,CountessAlbertini,CountessAlbertini,PRON,NOUN,nsubj,nsubj,explicit_ref_case,
1276,545,one-to-one,dn_580,ngm_606,CountessAlbertini,CountessAlbertini,NULL,NULL,nsubj,nsubj,zero_zero_semantic,0.45591549433413003
1277,545,one-to-one,dn_580,ngm_606,MISSING,CountessAlbertini,MISSING,NULL,MISSING,nsubj,leftover_target,
1278,545,one-to-one,dn_580,ngm_606,MISSING,CountessAlbertini,MISSING,NULL,MISSING,nsubj,leftover_target,
1279,545,one-to-one,dn_580,ngm_606,MISSING,CountessAlbertini,MISSING,NULL,MISSING,nsubj,leftover_target,
1280,545,one-to-one,dn_580,ngm_606,CountessAlbertinis-husband,CountessAlbertinis-husband,NOUN,NOUN,obj,obj,explicit_full,
1281,546,one-to-one,dn_581,ngm_607,Giorgio,MISSING,PRON,MISSING,obj,MISSING,leftover_source,
1282,547,one-to-one,dn_582,ngm_608,Giorgio,Giorgio,PRON,NULL,nsubj,nsubj,zero_to_src_anchor,
1283,547,one-to-one,dn_582,ngm_608,MISSING,Giorgio,MISSING,NULL,MISSING,nsubj,leftover_target,
1284,548,one-to-one,dn_583,ngm_609,Giorgio,Giorgio,DET,PRON,nmod,nmod,explicit_ref_case,
1285,549,one-to-one,dn_584,ngm_610,Giorgio,Giorgio,PRON,PRON,nsubj,nsubj,explicit_full,
1286,549,one-to-one,dn_584,ngm_610,MISSING,Giorgio,MISSING,PRON,MISSING,nsubj,leftover_target,
1287,549,one-to-one,dn_584,ngm_610,MISSING,Ippolita,MISSING,NOUN,MISSING,nsubj,leftover_target,
1288,551,one-to-one,dn_586,ngm_612,Ippolita,Ippolita,PRON,PRON,nsubj,nsubj,explicit_full,
1289,551,one-to-one,dn_586,ngm_612,Ippolita,MISSING,PRON,MISSING,obj,MISSING,leftover_source,
1290,551,one-to-one,dn_586,ngm_612,MISSING,Ippolita,MISSING,NULL,MISSING,nsubj,leftover_target,
1291,552,one-to-one,dn_587,ngm_613,Ippolita,Ippolita,PRON,NULL,nsubj,nsubj,zero_to_src_anchor,
1292,556,one-to-one,dn_591,ngm_617,Ippolita,Ippolita,PRON,PRON,nsubj,nsubj,explicit_full,
1293,556,one-to-one,dn_591,ngm_617,MISSING,Ippolita,MISSING,NULL,MISSING,nsubj,leftover_target,
1294,557,one-to-one,dn_592,ngm_618,Giorgio,Giorgio,NOUN,NOUN,nmod,nmod,explicit_full,
1295,557,one-to-one,dn_592,ngm_618,Ippolita,Ippolita,NULL,NULL,nsubj,nsubj,zero_zero_semantic,0.4319449966033075
1296,557,one-to-one,dn_592,ngm_618,Ippolita,MISSING,PRON-REFLEX,MISSING,obj,MISSING,leftover_source,
1297,557,one-to-one,dn_592,ngm_618,MISSING,Ippolita,MISSING,NULL,MISSING,nsubj,leftover_target,
1298,557,one-to-one,dn_592,ngm_618,MISSING,Ippolita,MISSING,NULL,MISSING,nsubj,leftover_target,
1299,558,one-to-one,dn_593,ngm_619,Ippolita,Ippolita,PRON,PRON,nsubj,nmod,explicit_ref_pos,
1300,558,one-to-one,dn_593,ngm_619,Ippolita,Ippolita,NULL,NULL,nsubj,nsubj,zero_zero_single,
1301,561,one-to-one,dn_597,ngm_622,Giorgio Ippolita,Giorgio Ippolita,PRON,PRON,nsubj,nsubj,explicit_full,
1302,561,one-to-one,dn_597,ngm_622,MISSING,Giorgio Ippolita,MISSING,NULL,MISSING,nsubj,leftover_target,
1303,561,one-to-one,dn_597,ngm_622,Ippolita,MISSING,NULL,MISSING,nsubj,MISSING,leftover_source,
1304,562,one-to-one,dn_598,ngm_623,Giorgio,Giorgio,PROPN,PROPN,obj,nsubj,explicit_ref_pos,
1305,563,one-to-one,dn_599,ngm_624,Giorgio,Giorgio,PRON,PRON,nsubj,nsubj,explicit_full,
1306,563,one-to-one,dn_599,ngm_624,Giorgio,MISSING,PRON-REFLEX,MISSING,obj,MISSING,leftover_source,
1307,563,one-to-one,dn_599,ngm_624,MISSING,Giorgio,MISSING,NULL,MISSING,nsubj,leftover_target,
1308,564,one-to-one,dn_600,ngm_625,Giorgio,Giorgio,NULL,NULL,nsubj,nsubj,zero_zero_semantic,0.49157252612316393
1309,564,one-to-one,dn_600,ngm_625,Giorgio,Giorgio,NULL,PROPN,nsubj,nsubj,zero_to_tgt_anchor,
1310,564,one-to-one,dn_600,ngm_625,Ippolita,Ippolita,PROPN,PROPN,nmod,nmod,explicit_full,
1311,565,many-to-one,dn_601 dn_602,ngm_626,Ippolita,Ippolita,NULL,PRON,nsubj,nsubj,zero_to_tgt_anchor,
1312,566,one-to-one,dn_603,ngm_627,MISSING,Ippolita,MISSING,NULL,MISSING,nsubj,leftover_target,
1313,568,one-to-one,dn_606,ngm_632,Ippolita,Ippolita,PROPN,PROPN,nsubj,nsubj,explicit_full,
1314,568,one-to-one,dn_606,ngm_632,Ippolita,Ippolita,NULL,NULL,nsubj,nsubj,zero_zero_semantic,0.21541455945012272
1315,568,one-to-one,dn_606,ngm_632,MISSING,Ippolita,MISSING,NULL,MISSING,nsubj,leftover_target,
1316,570,many-to-one,dn_608 dn_609,ngm_634,Giorgio,Giorgio,PRON,PRON,nsubj,nsubj,explicit_full,
1317,571,one-to-many,dn_610,ngm_635 ngm_636,Giorgio,Giorgio,NULL,NULL,nsubj,nsubj,zero_zero_semantic,0.31813133611336064
1318,571,one-to-many,dn_610,ngm_635 ngm_636,Giorgio,Giorgio,NULL,NULL,nsubj,nsubj,zero_zero_semantic,0.3208885421083797
1319,571,one-to-many,dn_610,ngm_635 ngm_636,Giorgio,Giorgio,PRON,NULL,nsubj,nsubj,zero_to_src_anchor,
1320,571,one-to-many,dn_610,ngm_635 ngm_636,Giorgio,MISSING,PRON,MISSING,obj,MISSING,leftover_source,
1321,571,one-to-many,dn_610,ngm_635 ngm_636,MISSING,Giorgio,MISSING,NULL,MISSING,nsubj,leftover_target,
1322,573,one-to-many,dn_612,ngm_638 ngm_639,Giorgio,Giorgio,PRON,PRON,nsubj,nsubj,explicit_full,
1323,573,one-to-many,dn_612,ngm_638 ngm_639,Giorgio,Giorgio,NULL,PRON,nsubj,nsubj,zero_to_tgt_anchor,
1324,574,one-to-one,dn_613,ngm_640,MISSING,Giorgio,MISSING,NULL,MISSING,nsubj,leftover_target,
1325,576,one-to-many,dn_615,ngm_642 ngm_643 ngm_644,MISSING,Giorgio,MISSING,NULL,MISSING,nsubj,leftover_target,
1326,576,one-to-many,dn_615,ngm_642 ngm_643 ngm_644,MISSING,Giorgio,MISSING,NULL,MISSING,nsubj,leftover_target,
1327,576,one-to-many,dn_615,ngm_642 ngm_643 ngm_644,MISSING,Giorgio,MISSING,NULL,MISSING,nsubj,leftover_target,
1328,576,one-to-many,dn_615,ngm_642 ngm_643 ngm_644,MISSING,Giorgio,MISSING,NULL,MISSING,nsubj,leftover_target,
1329,576,one-to-many,dn_615,ngm_642 ngm_643 ngm_644,MISSING,Giorgio,MISSING,NULL,MISSING,nsubj,leftover_target,
1330,576,one-to-many,dn_615,ngm_642 ngm_643 ngm_644,MISSING,Giorgio,MISSING,NULL,MISSING,nsubj,leftover_target,
1331,576,one-to-many,dn_615,ngm_642 ngm_643 ngm_644,MISSING,Giorgio,MISSING,NULL,MISSING,nsubj,leftover_target,
1332,576,one-to-many,dn_615,ngm_642 ngm_643 ngm_644,MISSING,Giorgio,MISSING,NULL,MISSING,nsubj,leftover_target,
1333,577,one-to-one,dn_616,ngm_645,Ippolita,Ippolita,PROPN,PROPN,nsubj,nsubj,explicit_full,
1334,577,one-to-one,dn_616,ngm_645,MISSING,Ippolita,MISSING,NULL,MISSING,nsubj,leftover_target,
1335,578,one-to-one,dn_617,ngm_646,Ippolita,Ippolita,PRON,PRON,nsubj,nsubj,explicit_full,
1336,578,one-to-one,dn_617,ngm_646,MISSING,Ippolita,MISSING,NULL,MISSING,nsubj,leftover_target,
1337,579,many-to-one,dn_618 dn_619,ngm_647,Giorgio,Giorgio,NULL,NULL,nsubj,nsubj,zero_zero_single,
1338,579,many-to-one,dn_618 dn_619,ngm_647,Ippolita,Ippolita,PRON,PRON,nsubj,nsubj,explicit_full,
1339,579,many-to-one,dn_618 dn_619,ngm_647,Ippolita,MISSING,PRON,MISSING,obj,MISSING,leftover_source,
1340,580,one-to-one,dn_620,ngm_648,Giorgio,Giorgio,NOUN,NOUN,nmod,nmod,explicit_full,
1341,580,one-to-one,dn_620,ngm_648,Giorgio,Giorgio,PRON,PRON,obj,nmod,explicit_ref_pos,
1342,580,one-to-one,dn_620,ngm_648,Ippolita,Ippolita,PRON,PRON,nsubj,nsubj,explicit_full,
1343,580,one-to-one,dn_620,ngm_648,Ippolita,Ippolita,NULL,NULL,nsubj,nsubj,zero_zero_semantic,0.33560475155866837
1344,580,one-to-one,dn_620,ngm_648,Ippolita,MISSING,PRON-REFLEX,MISSING,obj,MISSING,leftover_source,
1345,580,one-to-one,dn_620,ngm_648,MISSING,Ippolita,MISSING,NULL,MISSING,nsubj,leftover_target,
1346,580,one-to-one,dn_620,ngm_648,MISSING,Ippolita,MISSING,NULL,MISSING,nsubj,leftover_target,
1347,581,one-to-one,dn_621,ngm_649,Giorgio,Giorgio,NULL,NULL,nsubj,nsubj,zero_zero_single,
1348,581,one-to-one,dn_621,ngm_649,Ippolita,MISSING,PRON,MISSING,obj,MISSING,leftover_source,
1349,582,one-to-one,dn_622,ngm_650,Giorgio,Giorgio,PRON,PRON,nsubj,nsubj,explicit_full,
1350,582,one-to-one,dn_622,ngm_650,MISSING,Giorgio,MISSING,NULL,MISSING,nsubj,leftover_target,
1351,582,one-to-one,dn_622,ngm_650,Ippolita,Ippolita,PRON,PRON,obj,nmod,explicit_ref_pos,
1352,583,one-to-one,dn_623,ngm_651,Giorgio,Giorgio,NULL,NULL,nsubj,nsubj,zero_zero_single,
1353,583,one-to-one,dn_623,ngm_651,Ippolita,Ippolita,PRON,PRON,obj,obj,explicit_full,
1354,584,one-to-one,dn_624,ngm_652,Ippolita,MISSING,NULL,MISSING,nsubj,MISSING,leftover_source,
1355,584,one-to-one,dn_624,ngm_652,MISSING,Ippolita,MISSING,PRON,MISSING,nmod,leftover_target,
1356,585,one-to-one,dn_625,ngm_653,Giorgio,Giorgio,NULL,PRON,nsubj,nsubj,zero_to_tgt_anchor,
1357,586,one-to-one,dn_626,ngm_654,Giorgio,Giorgio,PRON,PRON,nsubj,nsubj,explicit_full,
1358,586,one-to-one,dn_626,ngm_654,Giorgio,MISSING,NULL,MISSING,nsubj,MISSING,leftover_source,
1359,586,one-to-one,dn_626,ngm_654,Ippolita,Ippolita,PRON,PROPN,nmod,nmod,explicit_ref_case,
1360,586,one-to-one,dn_626,ngm_654,Ippolita,MISSING,PROPN,MISSING,obj,MISSING,leftover_source,
1361,587,one-to-one,dn_627 dn_628,ngm_655 ngm_656,Giorgio,Giorgio,PRON,PRON,nsubj,nsubj,explicit_full,
1362,587,one-to-one,dn_627 dn_628,ngm_655 ngm_656,Giorgio,MISSING,NULL,MISSING,nsubj,MISSING,leftover_source,
1363,587,one-to-one,dn_627 dn_628,ngm_655 ngm_656,Ippolita,Ippolita,PRON,PRON,nsubj,nsubj,explicit_full,
1364,587,one-to-one,dn_627 dn_628,ngm_655 ngm_656,Ippolita,Ippolita,PRON,PRON,obj,nsubj,explicit_ref_pos,
1365,587,one-to-one,dn_627 dn_628,ngm_655 ngm_656,Ippolita,MISSING,PRON,MISSING,obj,MISSING,leftover_source,
1366,587,one-to-one,dn_627 dn_628,ngm_655 ngm_656,MISSING,Ippolita,MISSING,NULL,MISSING,nsubj,leftover_target,
1367,588,one-to-one,dn_629,ngm_657,Giorgio,Giorgio,NULL,NULL,nsubj,nsubj,zero_zero_single,
1368,588,one-to-one,dn_629,ngm_657,Ippolita,MISSING,PRON,MISSING,obj,MISSING,leftover_source,
1369,589,one-to-one,dn_630,ngm_658,Ippolita,Ippolita,PRON,PRON,nsubj,nsubj,explicit_full,
1370,592,one-to-one,dn_633,ngm_661,Giorgio,MISSING,PRON,MISSING,nsubj,MISSING,leftover_source,
1371,592,one-to-one,dn_633,ngm_661,Giorgio Ippolita,Giorgio Ippolita,PRON,PRON,nsubj,nsubj,explicit_full,
1372,592,one-to-one,dn_633,ngm_661,Giorgio Ippolita,Giorgio Ippolita,NULL,NULL,nsubj,nsubj,zero_zero_semantic,0.2827717445883785
1373,592,one-to-one,dn_633,ngm_661,MISSING,Giorgio Ippolita,MISSING,NULL,MISSING,nsubj,leftover_target,
1374,593,one-to-one,dn_634,ngm_662,Giorgio Ippolita,Giorgio Ippolita,NULL,NULL,nsubj,nsubj,zero_zero_single,
1375,594,many-to-one,dn_635 dn_636,ngm_663,Giorgio,Giorgio,PROPN,PROPN,nsubj,nsubj,explicit_full,
1376,595,many-to-one,dn_637 dn_638 dn_639,ngm_664,Giorgio,Giorgio,PRON,PRON,nsubj,nsubj,explicit_full,
1377,595,many-to-one,dn_637 dn_638 dn_639,ngm_664,Giorgio,Giorgio,PRON,PROPN,nsubj,nsubj,explicit_ref_case,
1378,595,many-to-one,dn_637 dn_638 dn_639,ngm_664,Ippolita,Ippolita,PROPN,PROPN,nsubj,nsubj,explicit_full,
1379,595,many-to-one,dn_637 dn_638 dn_639,ngm_664,Ippolita,Ippolita,PROPN,PROPN,nsubj,nsubj,explicit_full,
1380,595,many-to-one,dn_637 dn_638 dn_639,ngm_664,Ippolita,MISSING,DET,MISSING,nmod,MISSING,leftover_source,
1381,595,many-to-one,dn_637 dn_638 dn_639,ngm_664,aunt-Giovianna,aunt-Giovianna,NOUN,NOUN,nmod,nmod,explicit_full,
1382,597,one-to-one,dn_642,ngm_666,Giorgio Ippolita,Giorgio Ippolita,NULL,NULL,nsubj,nsubj,zero_zero_single,
1383,597,one-to-one,dn_642,ngm_666,MISSING,Giorgio Ippolita,MISSING,NOUN,MISSING,nsubj,leftover_target,
1384,598,one-to-one,dn_643,ngm_667,Giorgio Ippolita,Giorgio Ippolita,PRON,NOUN,obj,nsubj,explicit_ref_only,
1385,598,one-to-one,dn_643,ngm_667,Giorgio Ippolita,Giorgio Ippolita,NULL,NULL,nsubj,nsubj,zero_zero_semantic,0.3378063131623858
1386,598,one-to-one,dn_643,ngm_667,Giorgio Ippolita,MISSING,PRON-REFLEX,MISSING,obj,MISSING,leftover_source,
1387,598,one-to-one,dn_643,ngm_667,MISSING,Giorgio Ippolita,MISSING,NULL,MISSING,nsubj,leftover_target,
1388,598,one-to-one,dn_643,ngm_667,stations-crowd,stations-crowd,NOUN,NOUN,obj,obj,explicit_full,
1389,599,one-to-one,dn_644,ngm_668,Giorgio Ippolita,MISSING,PRON,MISSING,obj,MISSING,leftover_source,
1390,599,one-to-one,dn_644,ngm_668,stations-crowd,stations-crowd,NULL,NOUN,nsubj,nsubj,zero_to_tgt_anchor,
1391,600,many-to-one,dn_645 dn_646,ngm_669,Giorgio,MISSING,NULL,MISSING,nsubj,MISSING,leftover_source,
1392,600,many-to-one,dn_645 dn_646,ngm_669,Giorgio Ippolita,MISSING,PRON,MISSING,obj,MISSING,leftover_source,
1393,600,many-to-one,dn_645 dn_646,ngm_669,stations-crowd,stations-crowd,NULL,NOUN,nsubj,nsubj,zero_to_tgt_anchor,
1394,601,one-to-many,dn_647,ngm_670 ngm_671,Ippolita,Ippolita,PROPN,PROPN,nsubj,nsubj,explicit_full,
1395,601,one-to-many,dn_647,ngm_670 ngm_671,Ippolita,Ippolita,PRON,PRON,obj,obj,explicit_full,
1396,601,one-to-many,dn_647,ngm_670 ngm_671,Ippolita,Ippolita,NULL,NULL,nsubj,nsubj,zero_zero_semantic,0.5318695021677862
1397,601,one-to-many,dn_647,ngm_670 ngm_671,Ippolita,MISSING,PRON,MISSING,nmod,MISSING,leftover_source,
1398,601,one-to-many,dn_647,ngm_670 ngm_671,MISSING,Ippolita,MISSING,NULL,MISSING,nsubj,leftover_target,
1399,603,one-to-one,dn_649,ngm_673,Ippolita,Ippolita,NULL,NULL,nsubj,nsubj,zero_zero_single,
1400,603,one-to-one,dn_649,ngm_673,MISSING,Ippolita,MISSING,PRON,MISSING,nsubj,leftover_target,
1401,604,one-to-one,dn_650,ngm_674,Giorgio Ippolita,Giorgio Ippolita,NULL,NULL,nsubj,nsubj,zero_zero_semantic,0.3262105550463885
1402,604,one-to-one,dn_650,ngm_674,Giorgio Ippolita,Giorgio Ippolita,NULL,NOUN,nsubj,nsubj,zero_to_tgt_anchor,
1403,604,one-to-one,dn_650,ngm_674,Giorgio Ippolita,MISSING,PRON-REFLEX,MISSING,obj,MISSING,leftover_source,
1404,604,one-to-one,dn_650,ngm_674,MrMartlet MrsMartlet another-traveller,MrMartlet MrsMartlet another-traveller,NOUN,NOUN,obj,obj,explicit_full,
1405,605,one-to-one,dn_651,ngm_675,Giorgio,Giorgio,PROPN,PROPN,nsubj,nsubj,explicit_full,
1406,605,one-to-one,dn_651,ngm_675,MrMartlet,MrMartlet,NOUN,NOUN,obj,obj,explicit_full,
1407,605,one-to-one,dn_651,ngm_675,MrsMartlet,MrsMartlet,NOUN,NOUN,obj,obj,explicit_full,
1408,606,one-to-one,dn_652,ngm_676,MrMartlet MrsMartlet,MISSING,NULL,MISSING,nsubj,MISSING,leftover_source,
1409,607,one-to-one,dn_653,ngm_677,Giorgio,Giorgio,NOUN,NOUN,nmod,nmod,explicit_full,
1410,607,one-to-one,dn_653,ngm_677,Ippolita,Ippolita,PROPN,PROPN,nsubj,nsubj,explicit_full,
1411,607,one-to-one,dn_653,ngm_677,Ippolita,MISSING,PRON-REFLEX,MISSING,obj,MISSING,leftover_source,
1412,607,one-to-one,dn_653,ngm_677,MISSING,Ippolita,MISSING,NULL,MISSING,nsubj,leftover_target,
1413,608,one-to-one,dn_654,ngm_678,Giorgio,Giorgio,NULL,NULL,nsubj,nsubj,zero_zero_single,
1414,608,one-to-one,dn_654,ngm_678,Ippolita,MISSING,PRON,MISSING,obj,MISSING,leftover_source,
1415,609,one-to-one,dn_655,ngm_679,Ippolita,Ippolita,PRON,PRON,nsubj,nsubj,explicit_full,
1416,609,one-to-one,dn_655,ngm_679,MrMartlet MrsMartlet,MrMartlet MrsMartlet,NOUN,NOUN,obj,obj,explicit_full,
1417,610,one-to-one,dn_656,ngm_680,MrMartlet,MrMartlet,NOUN,NOUN,nsubj,nsubj,explicit_full,
1418,610,one-to-one,dn_656,ngm_680,MrMartlet,MrMartlet,NOUN,NOUN,pred,pred,explicit_full,
1419,610,one-to-one,dn_656,ngm_680,MISSING,MrMartlet,MISSING,NULL,MISSING,nsubj,leftover_target,
1420,611,one-to-one,dn_657,ngm_681,MrsMartlet,MrsMartlet,NOUN,NOUN,nsubj,nsubj,explicit_full,
1421,611,one-to-one,dn_657,ngm_681,MrsMartlet,MrsMartlet,DET,DET,nmod,nmod,explicit_full,
1422,611,one-to-one,dn_657,ngm_681,MrsMartlet,MrsMartlet,DET,DET,nmod,nmod,explicit_full,
1423,611,one-to-one,dn_657,ngm_681,MrsMartlet,MrsMartlet,NULL,NULL,nsubj,nsubj,zero_zero_single,
1424,612,one-to-one,dn_658,ngm_682,MrMartlet,MrMartlet,NOUN,NOUN,nmod,nmod,explicit_full,
1425,613,one-to-one,dn_659,ngm_683,Giorgio,Giorgio,PROPN,PROPN,nmod,nmod,explicit_full,
1426,613,one-to-one,dn_659,ngm_683,MrMartlet,MrMartlet,PRON,PRON,nsubj,nsubj,explicit_full,
1427,614,one-to-one,dn_660,ngm_684,Ippolita,Ippolita,PROPN,PROPN,nsubj,nsubj,explicit_full,
1428,614,one-to-one,dn_660,ngm_684,Ippolita,MISSING,DET,MISSING,nmod,MISSING,leftover_source,
1429,615,one-to-one,dn_661,ngm_685,Ippolita,Ippolita,PRON,PRON,nsubj,nsubj,explicit_full,
1430,615,one-to-one,dn_661,ngm_685,Ippolita,MISSING,NULL,MISSING,nsubj,MISSING,leftover_source,
1431,615,one-to-one,dn_661,ngm_685,MrMartlet MrsMartlet,MrMartlet MrsMartlet,NOUN,NOUN,obj,obj,explicit_full,
1432,616,one-to-many,dn_662,ngm_686 ngm_687,Ippolita,Ippolita,DET,PRON,nmod,nmod,explicit_ref_case,
1433,616,one-to-many,dn_662,ngm_686 ngm_687,Ippolita,Ippolita,NULL,NULL,nsubj,nsubj,zero_zero_semantic,0.1710117490433935
1434,616,one-to-many,dn_662,ngm_686 ngm_687,Ippolita,MISSING,NULL,MISSING,nsubj,MISSING,leftover_source,
1435,616,one-to-many,dn_662,ngm_686 ngm_687,MrMartlet MrsMartlet,MrMartlet MrsMartlet,NOUN,NOUN,nsubj,nsubj,explicit_full,
1436,617,many-to-one,dn_663 dn_664,ngm_688,Giorgio,MISSING,NULL,MISSING,nsubj,MISSING,leftover_source,
1437,617,many-to-one,dn_663 dn_664,ngm_688,Ippolita,MISSING,PRON,MISSING,obj,MISSING,leftover_source,
1438,617,many-to-one,dn_663 dn_664,ngm_688,MrMartlet MrsMartlet,MISSING,NULL,MISSING,nsubj,MISSING,leftover_source,
1439,618,one-to-one,dn_665,ngm_689,Giorgio,Giorgio,NOUN,NOUN,nsubj,nmod,explicit_ref_pos,
1440,618,one-to-one,dn_665,ngm_689,Ippolita,Ippolita,NULL,PRON,nsubj,nsubj,zero_to_tgt_anchor,
1441,619,one-to-one,dn_666,ngm_690,MISSING,MrMartlet,MISSING,PROPN,MISSING,nsubj,leftover_target,
1442,619,one-to-one,dn_666,ngm_690,MrMartlet MrsMartlet,MISSING,PROPN,MISSING,nsubj,MISSING,leftover_source,
1443,620,one-to-one,dn_667,ngm_691,MrMartlet,MrMartlet,PROPN,PROPN,nsubj,nmod,explicit_ref_pos,
1444,620,one-to-one,dn_667,ngm_691,MrsMartlet,MrsMartlet,NOUN,NOUN,obj,nsubj,explicit_ref_pos,
1445,621,one-to-one,dn_668,ngm_692,Giorgio Ippolita,MISSING,PRON,MISSING,obj,MISSING,leftover_source,
1446,621,one-to-one,dn_668,ngm_692,MrMartlet MrsMartlet,MISSING,NULL,MISSING,nsubj,MISSING,leftover_source,
1447,621,one-to-one,dn_668,ngm_692,MISSING,MrMartlet MrsMartlet,MISSING,NOUN,MISSING,obj,leftover_target,
1448,622,one-to-one,dn_669,ngm_693,MISSING,Ippolita,MISSING,NULL,MISSING,nsubj,leftover_target,
1449,622,one-to-one,dn_669,ngm_693,MISSING,Ippolita,MISSING,NULL,MISSING,nsubj,leftover_target,
1450,622,one-to-one,dn_669,ngm_693,MrMartlet MrsMartlet,MISSING,NULL,MISSING,nsubj,MISSING,leftover_source,
1451,622,one-to-one,dn_669,ngm_693,MrMartlet MrsMartlet,MISSING,NULL,MISSING,nsubj,MISSING,leftover_source,
1452,623,one-to-many,dn_670,ngm_694 ngm_695,Ippolita,Ippolita,NULL,NULL,nsubj,nsubj,zero_zero_semantic,0.31245273342903923
1453,623,one-to-many,dn_670,ngm_694 ngm_695,Ippolita,Ippolita,PRON,NULL,nsubj,nsubj,zero_to_src_anchor,
1454,623,one-to-many,dn_670,ngm_694 ngm_695,MrMartlet MrsMartlet,MISSING,PRON,MISSING,obj,MISSING,leftover_source,
1455,624,one-to-many,dn_671,ngm_696 ngm_697,Giorgio,Giorgio,PRON,PRON,nsubj,nsubj,explicit_full,
1456,624,one-to-many,dn_671,ngm_696 ngm_697,Ippolita,Ippolita,PRON,PRON,obj,obj,explicit_full,
1457,624,one-to-many,dn_671,ngm_696 ngm_697,MrMartlet MrsMartlet,MrMartlet MrsMartlet,PRON,NULL,nsubj,nsubj,zero_to_src_anchor,
1458,625,one-to-one,dn_672,ngm_698,Ippolita,Ippolita,NULL,NULL,nsubj,nsubj,zero_zero_single,
1459,626,one-to-one,dn_673,ngm_699,Ippolita,Ippolita,PRON,PRON,obj,nmod,explicit_ref_pos,
1460,627,one-to-one,dn_674,ngm_700,Ippolita,Ippolita,PRON,PRON,obj,obj,explicit_full,
1461,628,one-to-one,dn_675,ngm_701,Ippolita,Ippolita,PRON,PRON,nsubj,nsubj,explicit_full,
1462,628,one-to-one,dn_675,ngm_701,MrMartlet MrsMartlet,MrMartlet MrsMartlet,NOUN,NOUN,obj,obj,explicit_full,
1463,630,one-to-one,dn_677,ngm_703,Ippolita,Ippolita,NULL,NULL,nsubj,nsubj,zero_zero_semantic,0.5841764105904487
1464,630,one-to-one,dn_677,ngm_703,Ippolita,Ippolita,NULL,NULL,nsubj,nsubj,zero_zero_semantic,0.47696396143846614
1465,630,one-to-one,dn_677,ngm_703,Ippolita,MISSING,PRON-REFLEX,MISSING,obj,MISSING,leftover_source,
1466,630,one-to-one,dn_677,ngm_703,MISSING,Ippolita,MISSING,PRON,MISSING,nsubj,leftover_target,
1467,631,one-to-one,dn_678,ngm_704,Ippolita,Ippolita,NULL,NULL,nsubj,nsubj,zero_zero_single,
1468,631,one-to-one,dn_678,ngm_704,MISSING,Ippolita,MISSING,PROPN,MISSING,nsubj,leftover_target,
1469,632,one-to-many,dn_679,ngm_705 ngm_706 ngm_707 ngm_708 ngm_709,AlessandroMemmi,AlessandroMemmi,NOUN,NOUN,nsubj,nsubj,explicit_full,
1470,632,one-to-many,dn_679,ngm_705 ngm_706 ngm_707 ngm_708 ngm_709,SebastianBach,SebastianBach,PROPN,PROPN,nmod,nmod,explicit_full,
1471,632,one-to-many,dn_679,ngm_705 ngm_706 ngm_707 ngm_708 ngm_709,audience,audience,NOUN,NOUN,nsubj,nsubj,explicit_full,
1472,632,one-to-many,dn_679,ngm_705 ngm_706 ngm_707 ngm_708 ngm_709,MISSING,audience,MISSING,NULL,MISSING,nsubj,leftover_target,
1473,632,one-to-many,dn_679,ngm_705 ngm_706 ngm_707 ngm_708 ngm_709,MISSING,audience,MISSING,PRON,MISSING,nsubj,leftover_target,
1474,632,one-to-many,dn_679,ngm_705 ngm_706 ngm_707 ngm_708 ngm_709,maidens,maidens,NOUN,NOUN,nsubj,nsubj,explicit_full,
1475,632,one-to-many,dn_679,ngm_705 ngm_706 ngm_707 ngm_708 ngm_709,violinists,violinists,NOUN,NOUN,nsubj,nsubj,explicit_full,
1476,633,one-to-one,dn_680,ngm_710,Giorgio,Giorgio,NOUN,NOUN,obj,nmod,explicit_ref_pos,
1477,633,one-to-one,dn_680,ngm_710,Ippolita,Ippolita,PRON,PRON,nsubj,nsubj,explicit_full,
1478,633,one-to-one,dn_680,ngm_710,Ippolita,MISSING,PRON,MISSING,obj,MISSING,leftover_source,
1479,633,one-to-one,dn_680,ngm_710,MISSING,Ippolita,MISSING,NULL,MISSING,nsubj,leftover_target,
1480,633,one-to-one,dn_680,ngm_710,MISSING,Ippolita,MISSING,NULL,MISSING,nsubj,leftover_target,
1481,634,one-to-one,dn_681,ngm_711,Giorgio,Giorgio,PRON,PRON,nsubj,nsubj,explicit_full,
1482,634,one-to-one,dn_681,ngm_711,Giorgio,Giorgio,NULL,NULL,nsubj,nsubj,zero_zero_single,
1483,635,one-to-one,dn_682,ngm_712,Giorgio,Giorgio,PRON,PRON,obj,obj,explicit_full,
1484,635,one-to-one,dn_682,ngm_712,Giorgio,Giorgio,PRON,PRON,obj,obj,explicit_full,
1485,635,one-to-one,dn_682,ngm_712,Ippolita,Ippolita,PRON,PRON,nsubj,nsubj,explicit_full,
1486,635,one-to-one,dn_682,ngm_712,MISSING,Ippolita,MISSING,PRON,MISSING,nmod,leftover_target,
1487,635,one-to-one,dn_682,ngm_712,MISSING,Ippolita,MISSING,NULL,MISSING,nsubj,leftover_target,
1488,635,one-to-one,dn_682,ngm_712,MISSING,Ippolita,MISSING,NULL,MISSING,nsubj,leftover_target,
1489,636,one-to-one,dn_683,ngm_713,Giorgio,Giorgio,PRON,PRON,nsubj,nsubj,explicit_full,
1490,636,one-to-one,dn_683,ngm_713,Giorgio,Giorgio,NULL,NULL,nsubj,nsubj,zero_zero_single,
1491,636,one-to-one,dn_683,ngm_713,Ippolita,Ippolita,PRON,PRON,obj,nmod,explicit_ref_pos,
1492,636,one-to-one,dn_683,ngm_713,Ippolita,MISSING,PRON,MISSING,obj,MISSING,leftover_source,
1493,637,one-to-one,dn_684,ngm_714,Giorgio Ippolita,Giorgio Ippolita,PRON,NOUN,nsubj,nsubj,explicit_ref_case,
1494,637,one-to-one,dn_684,ngm_714,Giorgio Ippolita,Giorgio Ippolita,DET,NOUN,nmod,obj,explicit_ref_only,
1495,637,one-to-one,dn_684,ngm_714,MISSING,Giorgio Ippolita,MISSING,NULL,MISSING,nsubj,leftover_target,
1496,638,one-to-one,dn_685,ngm_715,Giorgio Ippolita,Giorgio Ippolita,NULL,NULL,nsubj,nsubj,zero_zero_semantic,0.3950249865867089
1497,638,one-to-one,dn_685,ngm_715,MISSING,Giorgio Ippolita,MISSING,PRON,MISSING,nsubj,leftover_target,
1498,638,one-to-one,dn_685,ngm_715,MISSING,Giorgio Ippolita,MISSING,NULL,MISSING,nsubj,leftover_target,
1499,638,one-to-one,dn_685,ngm_715,MISSING,Giorgio Ippolita,MISSING,NULL,MISSING,nsubj,leftover_target,
1500,640,one-to-one,dn_687,ngm_717,MrMartlet,MrMartlet,PROPN,PROPN,nsubj,nsubj,explicit_full,
1501,640,one-to-one,dn_687,ngm_717,MrsMartlet,MrsMartlet,PROPN,PROPN,nsubj,nsubj,explicit_full,
1502,641,one-to-one,dn_688,ngm_718,another-traveller,another-traveller,NOUN,NOUN,nsubj,nsubj,explicit_full,
1503,641,one-to-one,dn_688,ngm_718,MISSING,another-traveller,MISSING,NULL,MISSING,nsubj,leftover_target,
1504,642,one-to-one,dn_689,ngm_719,MISSING,AlessandroMemmi,MISSING,NOUN,MISSING,obj,leftover_target,
1505,642,one-to-one,dn_689,ngm_719,MrMartlet,MrMartlet,PROPN,PROPN,nsubj,nsubj,explicit_full,
1506,642,one-to-one,dn_689,ngm_719,MISSING,MrMartlet,MISSING,NULL,MISSING,nsubj,leftover_target,
1507,642,one-to-one,dn_689,ngm_719,MISSING,MrMartlet,MISSING,NULL,MISSING,nsubj,leftover_target,
1508,642,one-to-one,dn_689,ngm_719,another-traveller,MISSING,NOUN,MISSING,obj,MISSING,leftover_source,
1509,643,one-to-one,dn_690,ngm_720,MrMartlet another-traveller,MISSING,NOUN,MISSING,nsubj,MISSING,leftover_source,
1510,643,one-to-one,dn_690,ngm_720,MISSING,audience,MISSING,NOUN,MISSING,nsubj,leftover_target,
1511,643,one-to-one,dn_690,ngm_720,MISSING,audience,MISSING,NULL,MISSING,nsubj,leftover_target,
1512,645,one-to-one,dn_692,ngm_722,Giorgio,Giorgio,PROPN,PROPN,nsubj,nsubj,explicit_full,
1513,645,one-to-one,dn_692,ngm_722,Giorgio,MISSING,PRON-REFLEX,MISSING,obj,MISSING,leftover_source,
1514,645,one-to-one,dn_692,ngm_722,MISSING,Giorgio,MISSING,NULL,MISSING,nsubj,leftover_target,
1515,646,one-to-one,dn_693,ngm_723,Giorgio,Giorgio,PRON,PRON,nsubj,nsubj,explicit_full,
1516,646,one-to-one,dn_693,ngm_723,Giorgio,Giorgio,DET,PRON,nmod,nmod,explicit_ref_case,
1517,647,one-to-one,dn_694,ngm_724,Giorgio,Giorgio,DET,PRON,nmod,nmod,explicit_ref_case,
1518,647,one-to-one,dn_694,ngm_724,MISSING,Giorgio,MISSING,NULL,MISSING,nsubj,leftover_target,
1519,648,one-to-one,dn_695,ngm_725,Giorgio,Giorgio,NULL,PRON,nsubj,nsubj,zero_to_tgt_anchor,
1520,649,one-to-one,dn_696,ngm_726,Giorgio,Giorgio,DET,PRON,nmod,nmod,explicit_ref_case,
1521,650,one-to-many,dn_697,ngm_727 ngm_728,Giorgio,Giorgio,PRON,PROPN,nsubj,nsubj,explicit_ref_case,
1522,650,one-to-many,dn_697,ngm_727 ngm_728,Giorgio,MISSING,DET,MISSING,nmod,MISSING,leftover_source,
1523,650,one-to-many,dn_697,ngm_727 ngm_728,MISSING,Giorgio,MISSING,NULL,MISSING,nsubj,leftover_target,
1524,650,one-to-many,dn_697,ngm_727 ngm_728,MISSING,Giorgio,MISSING,NULL,MISSING,nsubj,leftover_target,
1525,652,one-to-one,dn_700,ngm_730,Giorgio,Giorgio,NULL,NULL,nsubj,nsubj,zero_zero_single,
1526,652,one-to-one,dn_700,ngm_730,MrMartlet,MrMartlet,PROPN,PROPN,nsubj,nsubj,explicit_full,
1527,653,one-to-one,dn_701,ngm_731,Giorgio,MISSING,PRON,MISSING,obj,MISSING,leftover_source,
1528,653,one-to-one,dn_701,ngm_731,Ippolita,Ippolita,PROPN,PROPN,nsubj,nsubj,explicit_full,
1529,654,one-to-one,dn_702,ngm_732,MISSING,MrMartlet,MISSING,NULL,MISSING,nsubj,leftover_target,
1530,655,one-to-one,dn_703,ngm_733,Ippolita,Ippolita,NULL,NULL,nsubj,nsubj,zero_zero_semantic,0.08010198061282818
1531,655,one-to-one,dn_703,ngm_733,MISSING,Ippolita,MISSING,NULL,MISSING,nsubj,leftover_target,
1532,656,one-to-many,dn_704,ngm_734 ngm_735,Giorgio,Giorgio,PRON,PRON,nsubj,obj,explicit_ref_pos,
1533,658,one-to-one,dn_706,ngm_737,MISSING,Ippolita,MISSING,NULL,MISSING,nsubj,leftover_target,
1534,659,one-to-one,dn_707,ngm_738,Giorgio,MISSING,PRON,MISSING,obj,MISSING,leftover_source,
1535,659,one-to-one,dn_707,ngm_738,MISSING,Ippolita,MISSING,PRON,MISSING,nsubj,leftover_target,
1536,660,one-to-one,dn_708,ngm_739,Giorgio,Giorgio,PRON,PRON,obj,obj,explicit_full,
1537,660,one-to-one,dn_708,ngm_739,Ippolita,Ippolita,PRON,PRON,nsubj,nsubj,explicit_full,
1538,660,one-to-one,dn_708,ngm_739,MISSING,Ippolita,MISSING,NULL,MISSING,nsubj,leftover_target,
1539,661,one-to-one,dn_709,ngm_740,Giorgio,Giorgio,PRON,PRON,obj,nmod,explicit_ref_pos,
1540,661,one-to-one,dn_709,ngm_740,Ippolita,Ippolita,DET,PRON,nmod,nmod,explicit_ref_case,
1541,662,one-to-one,dn_710,ngm_741,Giorgio,Giorgio,PROPN,PROPN,nsubj,nsubj,explicit_full,
1542,663,one-to-one,dn_711,ngm_742,Ippolita,Ippolita,PRON,PRON,nsubj,nsubj,explicit_full,
1543,664,one-to-one,dn_712,ngm_743,Ippolita,Ippolita,DET,PRON,nmod,nmod,explicit_ref_case,
1544,665,one-to-one,dn_713,ngm_744,MISSING,Ippolita,MISSING,PRON,MISSING,nsubj,leftover_target,
1545,666,one-to-one,dn_714,ngm_745,Giorgio,MISSING,PRON,MISSING,obj,MISSING,leftover_source,
1546,666,one-to-one,dn_714,ngm_745,MISSING,Giorgio,MISSING,NULL,MISSING,nsubj,leftover_target,
1547,666,one-to-one,dn_714,ngm_745,Ippolita,Ippolita,NOUN,PRON,nmod,nmod,explicit_ref_case,
1548,666,one-to-one,dn_714,ngm_745,Ippolita,MISSING,PRON,MISSING,nsubj,MISSING,leftover_source,
1549,666,one-to-one,dn_714,ngm_745,Ippolita,MISSING,PRON-REFLEX,MISSING,obj,MISSING,leftover_source,
1550,668,many-to-one,dn_716 dn_717,ngm_747,Giorgio,MISSING,NULL,MISSING,nsubj,MISSING,leftover_source,
1551,669,one-to-one,dn_718,ngm_748,Ippolita,Ippolita,PROPN,PROPN,nsubj,nsubj,explicit_full,
1552,671,one-to-one,dn_720,ngm_752,Giorgio,MISSING,NULL,MISSING,nsubj,MISSING,leftover_source,
1553,671,one-to-one,dn_720,ngm_752,MISSING,Ippolita,MISSING,PRON,MISSING,nsubj,leftover_target,
1554,672,one-to-one,dn_721,ngm_751,Ippolita,Ippolita,PRON,PRON,nsubj,nsubj,explicit_full,
1555,673,one-to-one,dn_722,ngm_750,Giorgio Ippolita,Giorgio Ippolita,NULL,PRON,nsubj,nsubj,zero_to_tgt_anchor,
1556,675,many-to-one,dn_724 dn_725,ngm_754,Giorgio,Giorgio,NULL,NULL,nsubj,nsubj,zero_zero_single,
1557,678,one-to-one,dn_728,ngm_757,Giorgio,Giorgio,PROPN,PROPN,nsubj,nsubj,explicit_full,
1558,678,one-to-one,dn_728,ngm_757,Giorgio,MISSING,PRON-REFLEX,MISSING,obj,MISSING,leftover_source,
1559,678,one-to-one,dn_728,ngm_757,MISSING,Giorgio,MISSING,NULL,MISSING,nsubj,leftover_target,
1560,680,one-to-one,dn_730,ngm_759,Giorgio,Giorgio,NULL,PRON,nsubj,nsubj,zero_to_tgt_anchor,
1561,681,many-to-one,dn_731 dn_732,ngm_760,Giorgio,MISSING,NOUN,MISSING,vocative,MISSING,leftover_source,
1562,682,one-to-one,dn_733,ngm_761,man-on-the-train,man-on-the-train,NOUN,NOUN,nsubj,nsubj,explicit_full,
1563,682,one-to-one,dn_733,ngm_761,MISSING,man-on-the-train,MISSING,NULL,MISSING,nsubj,leftover_target,
1564,683,one-to-one,dn_734,ngm_762,Giorgio,Giorgio,NULL,NULL,nsubj,nsubj,zero_zero_single,
1565,684,one-to-one,dn_735,ngm_763,Giorgio,Giorgio,NULL,NULL,nsubj,nsubj,zero_zero_single,
1566,684,one-to-one,dn_735,ngm_763,Giorgio,MISSING,NOUN,MISSING,vocative,MISSING,leftover_source,
1567,685,one-to-one,dn_736,ngm_764,Ippolita,Ippolita,PROPN,PROPN,nsubj,nsubj,explicit_full,
1568,685,one-to-one,dn_736,ngm_764,Ippolita,Ippolita,PRON-REFLEX,PRON,obj,obj,reflex_obj,
1569,685,one-to-one,dn_736,ngm_764,MrMartlet MrsMartlet,MrMartlet MrsMartlet,NOUN,NOUN,nsubj,nsubj,explicit_full,
1570,685,one-to-one,dn_736,ngm_764,MrMartlet MrsMartlet,MrMartlet MrsMartlet,NULL,NULL,nsubj,nsubj,zero_zero_single,
1571,686,one-to-one,dn_737,ngm_765,Giorgio,Giorgio,NOUN,NOUN,obj,obj,explicit_full,
1572,686,one-to-one,dn_737,ngm_765,Ippolita,Ippolita,PRON,PRON,nmod,nmod,explicit_full,
1573,687,one-to-one,dn_738,ngm_766,MISSING,Giorgio Ippolita,MISSING,NULL,MISSING,nsubj,leftover_target,
1574,688,one-to-one,dn_739,ngm_767,MISSING,Giorgio Ippolita,MISSING,NULL,MISSING,nsubj,leftover_target,
1575,689,one-to-many,dn_740,ngm_768 ngm_769,Giorgio,Giorgio,PROPN,PROPN,nsubj,nsubj,explicit_full,
1576,689,one-to-many,dn_740,ngm_768 ngm_769,Ippolita,Ippolita,PROPN,PROPN,nsubj,nsubj,explicit_full,
1577,689,one-to-many,dn_740,ngm_768 ngm_769,MISSING,Ippolita,MISSING,NULL,MISSING,nsubj,leftover_target,
1578,689,one-to-many,dn_740,ngm_768 ngm_769,man-on-the-train,man-on-the-train,NOUN,NOUN,obj,obj,explicit_full,
1579,690,one-to-one,dn_741,ngm_770,MrMartlet,MrMartlet,PROPN,PROPN,nsubj,nsubj,explicit_full,
1580,690,one-to-one,dn_741,ngm_770,MISSING,MrMartlet,MISSING,NULL,MISSING,nsubj,leftover_target,
1581,690,one-to-one,dn_741,ngm_770,MISSING,MrMartlet,MISSING,DET,MISSING,nmod,leftover_target,
1582,691,one-to-many,dn_742,ngm_771 ngm_772,Ippolita,Ippolita,PROPN,PROPN,obj,obj,explicit_full,
1583,691,one-to-many,dn_742,ngm_771 ngm_772,MISSING,Ippolita,MISSING,PRON,MISSING,nsubj,leftover_target,
1584,691,one-to-many,dn_742,ngm_771 ngm_772,MrMartlet,MrMartlet,PRON,PRON,nsubj,nsubj,explicit_full,
1585,691,one-to-many,dn_742,ngm_771 ngm_772,MrMartlet,MISSING,PRON-REFLEX,MISSING,obj,MISSING,leftover_source,
1586,692,one-to-one,dn_743,ngm_773,MrMartlet,MrMartlet,PROPN,PROPN,vocative,vocative,explicit_full,
1587,693,one-to-one,dn_744,ngm_774,Ippolita,Ippolita,PRON,PRON,nsubj,nsubj,explicit_full,
1588,693,one-to-one,dn_744,ngm_774,MISSING,Ippolita,MISSING,NULL,MISSING,nsubj,leftover_target,
1589,694,one-to-one,dn_745,ngm_775,Ippolita,MISSING,PRON,MISSING,obj,MISSING,leftover_source,
1590,694,one-to-one,dn_745,ngm_775,MISSING,Ippolita,MISSING,NULL,MISSING,nsubj,leftover_target,
1591,694,one-to-one,dn_745,ngm_775,MrMartlet,MrMartlet,PRON,NOUN,obj,obj,explicit_ref_case,
1592,695,one-to-one,dn_746,ngm_776,Ippolita,Ippolita,NULL,NULL,nsubj,nsubj,zero_zero_single,
1593,695,one-to-one,dn_746,ngm_776,MrMartlet,MISSING,PRON,MISSING,obj,MISSING,leftover_source,
1594,696,one-to-one,dn_747,ngm_777,Giorgio,Giorgio,PROPN,PROPN,obj,nmod,explicit_ref_pos,
1595,696,one-to-one,dn_747,ngm_777,Ippolita,MISSING,PRON-REFLEX,MISSING,obj,MISSING,leftover_source,
1596,696,one-to-one,dn_747,ngm_777,MISSING,Ippolita,MISSING,NULL,MISSING,nsubj,leftover_target,
1597,696,one-to-one,dn_747,ngm_777,MISSING,Ippolita,MISSING,NULL,MISSING,nsubj,leftover_target,
1598,697,one-to-one,dn_748,ngm_778,MISSING,Giorgio Ippolita,MISSING,NULL,MISSING,nsubj,leftover_target,
1599,698,one-to-one,dn_749,ngm_779,station-worker,station-worker,NOUN,NOUN,nsubj,nsubj,explicit_full,
1600,700,one-to-one,dn_751,ngm_781,MISSING,Giorgio Ippolita,MISSING,NULL,MISSING,nsubj,leftover_target,
1601,701,one-to-one,dn_752,ngm_782,Ippolita,Ippolita,PROPN,PROPN,nsubj,nsubj,explicit_full,
1602,703,many-to-one,dn_754 dn_755,ngm_784,Giorgio,Giorgio,PRON,PRON,nsubj,nsubj,explicit_full,
1603,703,many-to-one,dn_754 dn_755,ngm_784,Giorgio,MISSING,PRON,MISSING,obj,MISSING,leftover_source,
1604,703,many-to-one,dn_754 dn_755,ngm_784,Ippolita,Ippolita,PRON,PRON,nsubj,nsubj,explicit_full,
1605,703,many-to-one,dn_754 dn_755,ngm_784,Ippolita,Ippolita,NULL,NULL,nsubj,nsubj,zero_zero_single,
1606,704,many-to-one,dn_756 dn_757,ngm_785,Giorgio,Giorgio,NULL,NULL,nsubj,nsubj,zero_zero_semantic,0.3721360794522546
1607,704,many-to-one,dn_756 dn_757,ngm_785,Giorgio,Giorgio,NULL,NULL,nsubj,nsubj,zero_zero_semantic,0.19180732891996763
1608,704,many-to-one,dn_756 dn_757,ngm_785,Giorgio,MISSING,PRON-REFLEX,MISSING,obj,MISSING,leftover_source,
1609,704,many-to-one,dn_756 dn_757,ngm_785,Giorgio,MISSING,PROPN,MISSING,vocative,MISSING,leftover_source,
1610,704,many-to-one,dn_756 dn_757,ngm_785,Giorgio,MISSING,PRON-REFLEX,MISSING,obj,MISSING,leftover_source,
1611,704,many-to-one,dn_756 dn_757,ngm_785,Giorgio,MISSING,NULL,MISSING,nsubj,MISSING,leftover_source,
1612,704,many-to-one,dn_756 dn_757,ngm_785,Ippolita,Ippolita,PRON,PRON,obj,obj,explicit_full,
1613,705,one-to-one,dn_758,ngm_786,Giorgio,MISSING,PRON,MISSING,obj,MISSING,leftover_source,
1614,705,one-to-one,dn_758,ngm_786,Ippolita,Ippolita,PRON,PRON,nsubj,nsubj,explicit_full,
1615,705,one-to-one,dn_758,ngm_786,MISSING,Ippolita,MISSING,NULL,MISSING,nsubj,leftover_target,
1616,706,one-to-one,dn_759,ngm_787,Giorgio Ippolita,Giorgio Ippolita,PRON,NOUN,nsubj,nsubj,explicit_ref_case,
1617,706,one-to-one,dn_759,ngm_787,Giorgio Ippolita,MISSING,PRON-REFLEX,MISSING,obj,MISSING,leftover_source,
1618,711,one-to-many,dn_765,ngm_792 ngm_793,Giorgio Ippolita,Giorgio Ippolita,NOUN,NOUN,nsubj,nsubj,explicit_full,
1619,711,one-to-many,dn_765,ngm_792 ngm_793,Giorgio Ippolita,MISSING,PRON-REFLEX,MISSING,obj,MISSING,leftover_source,
1620,714,one-to-one,dn_768,ngm_796,Giorgio,Giorgio,NULL,NULL,nsubj,nsubj,zero_zero_single,
1621,715,one-to-one,dn_769,ngm_797,Ippolita,Ippolita,PROPN,PROPN,nsubj,nsubj,explicit_full,
1622,715,one-to-one,dn_769,ngm_797,MISSING,Ippolita,MISSING,NULL,MISSING,nsubj,leftover_target,
1623,717,one-to-one,dn_771,ngm_799,Ippolita,Ippolita,PRON,PRON,obj,obj,explicit_full,
1624,718,one-to-one,dn_772,ngm_800,Giorgio Ippolita,Giorgio Ippolita,NULL,NULL,nsubj,nsubj,zero_zero_single,
1625,719,one-to-one,dn_773,ngm_801,Giorgio,Giorgio,PROPN,PROPN,nsubj,nsubj,explicit_full,
1626,721,one-to-one,dn_775,ngm_803,Giorgio,Giorgio,PRON,PRON,nsubj,nsubj,explicit_full,
1627,722,one-to-one,dn_776,ngm_804,Giorgio Ippolita,Giorgio Ippolita,PRON,PRON,obj,nmod,explicit_ref_pos,
1628,723,one-to-one,dn_777,ngm_805,Giorgio Ippolita,Giorgio Ippolita,NULL,NULL,nsubj,nsubj,zero_zero_semantic,0.38944022357463837
1629,723,one-to-one,dn_777,ngm_805,MISSING,Giorgio Ippolita,MISSING,NOUN,MISSING,nsubj,leftover_target,
1630,723,one-to-one,dn_777,ngm_805,MISSING,Giorgio Ippolita,MISSING,NULL,MISSING,nsubj,leftover_target,
1631,724,one-to-one,dn_778,ngm_806,Giorgio Ippolita,MISSING,NULL,MISSING,nsubj,MISSING,leftover_source,
1632,725,one-to-one,dn_779,ngm_807,Giorgio,Giorgio,DET,PRON,nmod,nmod,explicit_ref_case,
1633,725,one-to-one,dn_779,ngm_807,MISSING,Giorgio,MISSING,PRON,MISSING,nmod,leftover_target,
1634,725,one-to-one,dn_779,ngm_807,Ippolita,MISSING,DET,MISSING,nmod,MISSING,leftover_source,
1635,726,one-to-one,dn_780,ngm_808,Giorgio,Giorgio,PROPN,PROPN,nsubj,nsubj,explicit_full,
1636,728,one-to-one,dn_782,ngm_810,Ippolita,Ippolita,PRON,PRON,nsubj,nsubj,explicit_full,
1637,729,one-to-one,dn_783,ngm_811,Giorgio,Giorgio,NULL,NULL,nsubj,nsubj,zero_zero_single,
1638,729,one-to-one,dn_783,ngm_811,MISSING,Giorgio,MISSING,PRON,MISSING,nmod,leftover_target,
1639,729,one-to-one,dn_783,ngm_811,Ippolita,Ippolita,PRON,PRON,obj,nsubj,explicit_ref_pos,
1640,730,one-to-one,dn_784,ngm_812,Giorgio,Giorgio,PRON,PRON,nsubj,nsubj,explicit_full,
1641,730,one-to-one,dn_784,ngm_812,MISSING,Giorgio,MISSING,NULL,MISSING,nsubj,leftover_target,
1642,730,one-to-one,dn_784,ngm_812,MISSING,Giorgio,MISSING,NULL,MISSING,nsubj,leftover_target,
1643,730,one-to-one,dn_784,ngm_812,MISSING,Giorgio,MISSING,NULL,MISSING,nsubj,leftover_target,
1644,732,one-to-one,dn_786,ngm_814,MISSING,Giorgio,MISSING,PRON,MISSING,nsubj,leftover_target,
1645,733,one-to-one,dn_787,ngm_815,Giorgio,Giorgio,NULL,NULL,nsubj,nsubj,zero_zero_semantic,0.473829997976621
1646,733,one-to-one,dn_787,ngm_815,Giorgio,Giorgio,NULL,NULL,nsubj,nsubj,zero_zero_semantic,0.4752453062269423
1647,733,one-to-one,dn_787,ngm_815,Giorgio,MISSING,PRON,MISSING,nsubj,MISSING,leftover_source,
1648,734,one-to-one,dn_788 dn_789,ngm_816 ngm_817,Giorgio,Giorgio,NULL,NULL,nsubj,nsubj,zero_zero_semantic,0.4079244824914015
1649,734,one-to-one,dn_788 dn_789,ngm_816 ngm_817,Giorgio,Giorgio,NULL,NULL,nsubj,nsubj,zero_zero_semantic,0.4092998533386284
1650,734,one-to-one,dn_788 dn_789,ngm_816 ngm_817,Ippolita,Ippolita,PRON,PRON,obj,obj,explicit_full,
1651,735,one-to-one,dn_790,ngm_818,Giorgio,Giorgio,NULL,PRON,nsubj,nsubj,zero_to_tgt_anchor,
1652,738,one-to-one,dn_793,ngm_821,Giorgio,Giorgio,PRON,PRON,nsubj,nsubj,explicit_full,
1653,738,one-to-one,dn_793,ngm_821,MISSING,Giorgio,MISSING,NULL,MISSING,nsubj,leftover_target,
1654,739,one-to-one,dn_794,ngm_822,MISSING,Giorgio,MISSING,NULL,MISSING,nsubj,leftover_target,
1655,740,one-to-many,dn_795,ngm_823 ngm_824 ngm_825,Giorgio,Giorgio,PRON,PRON,nsubj,nsubj,explicit_full,
1656,740,one-to-many,dn_795,ngm_823 ngm_824 ngm_825,Giorgio,Giorgio,PRON,PRON,nsubj,nsubj,explicit_full,
1657,740,one-to-many,dn_795,ngm_823 ngm_824 ngm_825,Giorgio,Giorgio,PRON,PRON,obj,nmod,explicit_ref_pos,
1658,740,one-to-many,dn_795,ngm_823 ngm_824 ngm_825,Ippolita,Ippolita,PROPN,PROPN,nsubj,nsubj,explicit_full,
1659,740,one-to-many,dn_795,ngm_823 ngm_824 ngm_825,MISSING,Ippolita,MISSING,NULL,MISSING,nsubj,leftover_target,
1660,740,one-to-many,dn_795,ngm_823 ngm_824 ngm_825,MISSING,Ippolita,MISSING,PRON,MISSING,nsubj,leftover_target,
1661,740,one-to-many,dn_795,ngm_823 ngm_824 ngm_825,MISSING,Ippolita,MISSING,NULL,MISSING,nsubj,leftover_target,
1662,740,one-to-many,dn_795,ngm_823 ngm_824 ngm_825,MISSING,Ippolita,MISSING,NULL,MISSING,nsubj,leftover_target,
1663,742,many-to-one,dn_797 dn_798,ngm_827,Giorgio,Giorgio,PRON,PRON,nsubj,nsubj,explicit_full,
1664,742,many-to-one,dn_797 dn_798,ngm_827,Ippolita,MISSING,NULL,MISSING,nsubj,MISSING,leftover_source,
1665,743,one-to-one,dn_799,ngm_828,Giorgio,Giorgio,PRON,PRON,nsubj,nsubj,explicit_full,
1666,743,one-to-one,dn_799,ngm_828,MISSING,Giorgio,MISSING,NULL,MISSING,nsubj,leftover_target,
1667,744,one-to-one,dn_800,ngm_829,Ippolita,Ippolita,PRON,PRON,nsubj,nsubj,explicit_full,
1668,745,one-to-many,dn_801,ngm_830 ngm_831 ngm_832,Giorgio,Giorgio,PRON,NULL,nsubj,nsubj,zero_to_src_anchor,
1669,745,one-to-many,dn_801,ngm_830 ngm_831 ngm_832,Ippolita,Ippolita,PRON,PRON,obj,obj,explicit_full,
1670,745,one-to-many,dn_801,ngm_830 ngm_831 ngm_832,MISSING,Ippolita,MISSING,PRON,MISSING,nsubj,leftover_target,
1671,746,one-to-one,dn_802,ngm_833,Ippolita,Ippolita,PRON,PRON,nsubj,nsubj,explicit_full,
1672,746,one-to-one,dn_802,ngm_833,Ippolita,Ippolita,PROPN,PROPN,vocative,vocative,explicit_full,
1673,746,one-to-one,dn_802,ngm_833,Ippolita,Ippolita,NULL,NULL,nsubj,nsubj,zero_zero_single,
1674,746,one-to-one,dn_802,ngm_833,Ippolita,MISSING,PRON-REFLEX,MISSING,obj,MISSING,leftover_source,
1675,747,one-to-one,dn_803,ngm_834,Giorgio,Giorgio,PRON,PRON,obj,nsubj,explicit_ref_pos,
1676,748,one-to-one,dn_804,ngm_835,Giorgio,Giorgio,NULL,PRON,nsubj,nsubj,zero_to_tgt_anchor,
1677,749,one-to-one,dn_805,ngm_836,Ippolita,Ippolita,NOUN,NOUN,nsubj,nsubj,explicit_full,
1678,749,one-to-one,dn_805,ngm_836,Ippolita,MISSING,NULL,MISSING,nsubj,MISSING,leftover_source,
1679,750,one-to-one,dn_806,ngm_837,Ippolita,MISSING,NULL,MISSING,nsubj,MISSING,leftover_source,
1680,751,one-to-many,dn_807,ngm_838 ngm_839,Ippolita,Ippolita,PRON,PRON,obj,obj,explicit_full,
1681,752,one-to-many,dn_808,ngm_840 ngm_841,Giorgio,Giorgio,NULL,NULL,nsubj,nsubj,zero_zero_semantic,0.2137455964374706
1682,752,one-to-many,dn_808,ngm_840 ngm_841,Giorgio,Giorgio,NULL,NULL,nsubj,nsubj,zero_zero_semantic,0.3366848433917423
1683,752,one-to-many,dn_808,ngm_840 ngm_841,Giorgio,Giorgio,NULL,PRON,nsubj,nsubj,zero_to_tgt_anchor,
1684,752,one-to-many,dn_808,ngm_840 ngm_841,MISSING,Giorgio,MISSING,PRON,MISSING,nmod,leftover_target,
1685,752,one-to-many,dn_808,ngm_840 ngm_841,Ippolita,Ippolita,PRON,PRON,obj,nmod,explicit_ref_pos,
1686,752,one-to-many,dn_808,ngm_840 ngm_841,Ippolita,Ippolita,PRON,PRON,obj,nmod,explicit_ref_pos,
1687,752,one-to-many,dn_808,ngm_840 ngm_841,Ippolita,Ippolita,PRON,PRON,obj,nsubj,explicit_ref_pos,
1688,752,one-to-many,dn_808,ngm_840 ngm_841,Ippolitas-chaperon,Ippolitas-chaperon,NOUN,NOUN,obj,obj,explicit_full,
1689,753,one-to-one,dn_809,ngm_842,Giorgio,Giorgio,NULL,NULL,nsubj,nsubj,zero_zero_single,
1690,754,one-to-one,dn_810,ngm_843,Ippolita,Ippolita,PRON,PRON,nsubj,nsubj,explicit_full,
1691,754,one-to-one,dn_810,ngm_843,Ippolita,MISSING,PRON-REFLEX,MISSING,obj,MISSING,leftover_source,
1692,754,one-to-one,dn_810,ngm_843,MISSING,Ippolita,MISSING,PRON,MISSING,nsubj,leftover_target,
1693,755,many-to-one,dn_811 dn_812,ngm_844,Giorgio,MISSING,NULL,MISSING,nsubj,MISSING,leftover_source,
1694,755,many-to-one,dn_811 dn_812,ngm_844,Ippolita,Ippolita,PRON,PRON,obj,obj,explicit_full,
1695,755,many-to-one,dn_811 dn_812,ngm_844,Ippolita,MISSING,NULL,MISSING,nsubj,MISSING,leftover_source,
1696,756,one-to-many,dn_813,ngm_845 ngm_846 ngm_847,Ippolita,Ippolita,PROPN,PROPN,nsubj,nsubj,explicit_full,
1697,756,one-to-many,dn_813,ngm_845 ngm_846 ngm_847,MISSING,Ippolita,MISSING,NOUN,MISSING,nsubj,leftover_target,
1698,756,one-to-many,dn_813,ngm_845 ngm_846 ngm_847,MISSING,Ippolita,MISSING,PRON,MISSING,nmod,leftover_target,
1699,756,one-to-many,dn_813,ngm_845 ngm_846 ngm_847,MISSING,Ippolita,MISSING,PRON,MISSING,nmod,leftover_target,
1700,757,one-to-one,dn_814,ngm_848,Ippolita,Ippolita,NULL,PRON,nsubj,nsubj,zero_to_tgt_anchor,
1701,758,one-to-one,dn_815,ngm_849,Ippolita,Ippolita,PRON,PROPN,nsubj,nsubj,explicit_ref_case,
1702,759,one-to-one,dn_816,ngm_850,Ippolita,Ippolita,NULL,PRON,nsubj,nsubj,zero_to_tgt_anchor,
1703,759,one-to-one,dn_816,ngm_850,Ippolita,MISSING,PRON-REFLEX,MISSING,obj,MISSING,leftover_source,
1704,760,one-to-one,dn_817,ngm_851,Ippolita,Ippolita,NULL,NULL,nsubj,nsubj,zero_zero_single,
1705,760,one-to-one,dn_817,ngm_851,MISSING,Ippolita,MISSING,PRON,MISSING,nsubj,leftover_target,
1706,763,one-to-many,dn_820,ngm_854 ngm_855,Giorgio Ippolita,Giorgio Ippolita,PRON,NOUN,nsubj,nsubj,explicit_ref_case,
1707,764,one-to-one,dn_821,ngm_856,Ippolita,Ippolita,PROPN,PROPN,nsubj,nmod,explicit_ref_pos,
1708,765,one-to-one,dn_822,ngm_857,Giorgio Ippolita,Giorgio Ippolita,DET,PRON,nmod,nmod,explicit_ref_case,
1709,765,one-to-one,dn_822,ngm_857,Giorgio Ippolita,MISSING,PRON,MISSING,obj,MISSING,leftover_source,
1710,766,one-to-many,dn_823,ngm_858 ngm_859 ngm_860,Giorgio Ippolita,Giorgio Ippolita,PRON,PRON,nsubj,nsubj,explicit_full,
1711,766,one-to-many,dn_823,ngm_858 ngm_859 ngm_860,MISSING,Giorgio Ippolita,MISSING,NULL,MISSING,nsubj,leftover_target,
1712,767,one-to-one,dn_824,ngm_861,Giorgio Ippolita,Giorgio Ippolita,NOUN,NOUN,nmod,nmod,explicit_full,
1713,767,one-to-one,dn_824,ngm_861,Giorgio Ippolita,MISSING,PRON,MISSING,nsubj,MISSING,leftover_source,
1714,768,one-to-one,dn_825,ngm_862,Giorgio Ippolita,Giorgio Ippolita,PRON,PRON,nsubj,nmod,explicit_ref_pos,
1715,768,one-to-one,dn_825,ngm_862,MISSING,Giorgio Ippolita,MISSING,PRON,MISSING,nmod,leftover_target,
1716,768,one-to-one,dn_825,ngm_862,MISSING,Giorgio Ippolita,MISSING,PRON,MISSING,obj,leftover_target,
1717,768,one-to-one,dn_825,ngm_862,MISSING,Giorgio Ippolita,MISSING,NOUN,MISSING,nmod,leftover_target,
1718,770,one-to-many,dn_827,ngm_864 ngm_865,Giorgio Ippolita,Giorgio Ippolita,DET,PRON,nmod,nmod,explicit_ref_case,
1719,770,one-to-many,dn_827,ngm_864 ngm_865,MISSING,Giorgio Ippolita,MISSING,PRON,MISSING,nmod,leftover_target,
1720,771,one-to-one,dn_828,ngm_866,Giorgio,Giorgio,NULL,NULL,nsubj,nsubj,zero_zero_single,
1721,772,one-to-one,dn_829,ngm_867,Ippolita,Ippolita,PROPN,PROPN,nsubj,nsubj,explicit_full,
1722,772,one-to-one,dn_829,ngm_867,MISSING,Ippolita,MISSING,DET,MISSING,nmod,leftover_target,
1723,773,one-to-one,dn_830,ngm_868,Ippolita,Ippolita,PRON,PRON,nsubj,nsubj,explicit_full,
1724,774,one-to-one,dn_831,ngm_869,Giorgio,Giorgio,PROPN,PROPN,nsubj,nsubj,explicit_full,
1725,774,one-to-one,dn_831,ngm_869,MISSING,Giorgio,MISSING,NULL,MISSING,nsubj,leftover_target,
1726,774,one-to-one,dn_831,ngm_869,Ippolita,Ippolita,PRON,PRON,obj,obj,explicit_full,
1727,775,one-to-one,dn_832,ngm_870,Giorgio Ippolita,Giorgio Ippolita,PRON,NOUN,nsubj,nsubj,explicit_ref_case,
1728,775,one-to-one,dn_832,ngm_870,MISSING,Giorgio Ippolita,MISSING,NOUN,MISSING,nmod,leftover_target,
1729,776,one-to-one,dn_833,ngm_871,Giorgio Ippolita,Giorgio Ippolita,NULL,NULL,nsubj,nsubj,zero_zero_semantic,0.19249851256608963
1730,776,one-to-one,dn_833,ngm_871,Giorgio Ippolita,Giorgio Ippolita,NULL,NULL,nsubj,nsubj,zero_zero_semantic,0.42729026486958993
1731,780,one-to-one,dn_837,ngm_875,Ippolita,Ippolita,PROPN,PROPN,vocative,vocative,explicit_full,
1732,781,one-to-one,dn_838,ngm_876,Giorgio,Giorgio,PROPN,PROPN,nsubj,nsubj,explicit_full,
1733,781,one-to-one,dn_838,ngm_876,MISSING,Giorgio,MISSING,NULL,MISSING,nsubj,leftover_target,
1734,781,one-to-one,dn_838,ngm_876,MISSING,Giorgio,MISSING,NULL,MISSING,nsubj,leftover_target,
1735,781,one-to-one,dn_838,ngm_876,MISSING,Ippolita,MISSING,DET,MISSING,nmod,leftover_target,
1736,782,one-to-one,dn_839,ngm_877,Giorgio,Giorgio,NULL,NULL,nsubj,nsubj,zero_zero_semantic,0.3010401433887875
1737,782,one-to-one,dn_839,ngm_877,Giorgio,MISSING,NULL,MISSING,nsubj,MISSING,leftover_source,
1738,782,one-to-one,dn_839,ngm_877,MISSING,Giorgio,MISSING,PRON,MISSING,nmod,leftover_target,
1739,782,one-to-one,dn_839,ngm_877,Ippolita,MISSING,PRON-REFLEX,MISSING,obj,MISSING,leftover_source,
1740,782,one-to-one,dn_839,ngm_877,Ippolita,MISSING,NULL,MISSING,nsubj,MISSING,leftover_source,
1741,782,one-to-one,dn_839,ngm_877,MISSING,Ippolita,MISSING,PRON,MISSING,nmod,leftover_target,
1742,783,one-to-one,dn_840,ngm_878,Giorgio,Giorgio,NULL,NULL,nsubj,nsubj,zero_zero_semantic,0.5314106384993564
1743,783,one-to-one,dn_840,ngm_878,Giorgio,Giorgio,NULL,NULL,nsubj,nsubj,zero_zero_semantic,0.24657343494908207
1744,783,one-to-one,dn_840,ngm_878,Ippolita,Ippolita,DET,PRON,nmod,nmod,explicit_ref_case,
1745,784,one-to-one,dn_841,ngm_879,Giorgio,Giorgio,DET,PRON,nmod,nmod,explicit_ref_case,
1746,784,one-to-one,dn_841,ngm_879,Giorgios-younger-sister-Ippolita,Giorgios-younger-sister-Ippolita,NOUN,NOUN,nsubj,nsubj,explicit_full,
1747,784,one-to-one,dn_841,ngm_879,Giorgios-younger-sister-Ippolita,MISSING,PRON-REFLEX,MISSING,obj,MISSING,leftover_source,
1748,785,one-to-one,dn_842,ngm_880,Giorgio,Giorgio,PRON,PRON,obj,nmod,explicit_ref_pos,
1749,785,one-to-one,dn_842,ngm_880,MISSING,Ippolita,MISSING,DET,MISSING,nmod,leftover_target,
1750,786,one-to-one,dn_843,ngm_881,Giorgio,Giorgio,NULL,NULL,nsubj,nsubj,zero_zero_single,
1751,786,one-to-one,dn_843,ngm_881,MISSING,Giorgio,MISSING,PRON,MISSING,nsubj,leftover_target,
1752,787,one-to-one,dn_844,ngm_882,Giorgio,Giorgio,DET,PRON,nmod,nmod,explicit_ref_case,
1753,788,one-to-many,dn_845,ngm_883 ngm_884,Giorgio,Giorgio,DET,PRON,nmod,nmod,explicit_ref_case,
1754,788,one-to-many,dn_845,ngm_883 ngm_884,Giorgios-younger-sister-Ippolita,Giorgios-younger-sister-Ippolita,NOUN,NOUN,nmod,nmod,explicit_full,
1755,789,one-to-many,dn_846,ngm_885 ngm_886 ngm_887 ngm_888,Giorgio,Giorgio,PRON,PRON,nsubj,nsubj,explicit_full,
1756,789,one-to-many,dn_846,ngm_885 ngm_886 ngm_887 ngm_888,Giorgio,Giorgio,PRON,PRON,obj,obj,explicit_full,
1757,789,one-to-many,dn_846,ngm_885 ngm_886 ngm_887 ngm_888,Giorgio,Giorgio,PRON,PRON,obj,obj,explicit_full,
1758,789,one-to-many,dn_846,ngm_885 ngm_886 ngm_887 ngm_888,Giorgio,Giorgio,NULL,NULL,nsubj,nsubj,zero_zero_semantic,0.39488625551971834
1759,789,one-to-many,dn_846,ngm_885 ngm_886 ngm_887 ngm_888,Giorgio,Giorgio,NULL,NULL,nsubj,nsubj,zero_zero_semantic,0.376261176204925
1760,789,one-to-many,dn_846,ngm_885 ngm_886 ngm_887 ngm_888,Giorgio,Giorgio,NULL,NULL,nsubj,nsubj,zero_zero_semantic,0.4309064949790096
1761,789,one-to-many,dn_846,ngm_885 ngm_886 ngm_887 ngm_888,Giorgio,MISSING,PRON,MISSING,obj,MISSING,leftover_source,
1762,789,one-to-many,dn_846,ngm_885 ngm_886 ngm_887 ngm_888,Ippolita,Ippolita,PRON,PRON,obj,obj,explicit_full,
1763,789,one-to-many,dn_846,ngm_885 ngm_886 ngm_887 ngm_888,Ippolita,Ippolita,PRON,PRON,nsubj,nsubj,explicit_full,
1764,789,one-to-many,dn_846,ngm_885 ngm_886 ngm_887 ngm_888,Ippolita,Ippolita,PRON,PRON,obj,nmod,explicit_ref_pos,
1765,789,one-to-many,dn_846,ngm_885 ngm_886 ngm_887 ngm_888,Ippolita,Ippolita,NULL,NULL,nsubj,nsubj,zero_zero_semantic,0.23598182977471108
1766,789,one-to-many,dn_846,ngm_885 ngm_886 ngm_887 ngm_888,Ippolita,Ippolita,NULL,NULL,nsubj,nsubj,zero_zero_semantic,0.33926817709975576
1767,791,one-to-many,dn_848,ngm_890 ngm_891,Giorgio,Giorgio,DET,PRON,nmod,nsubj,explicit_ref_only,
1768,791,one-to-many,dn_848,ngm_890 ngm_891,Giorgio,Giorgio,NULL,PRON,nsubj,nsubj,zero_to_tgt_anchor,
1769,791,one-to-many,dn_848,ngm_890 ngm_891,Giorgio,MISSING,NULL,MISSING,nsubj,MISSING,leftover_source,
1770,792,one-to-many,dn_849,ngm_892 ngm_893,Giorgio,Giorgio,NULL,NULL,nsubj,nsubj,zero_zero_semantic,0.27702678969549754
1771,792,one-to-many,dn_849,ngm_892 ngm_893,Giorgio,MISSING,NULL,MISSING,nsubj,MISSING,leftover_source,
1772,792,one-to-many,dn_849,ngm_892 ngm_893,GiovanniSgambati,MISSING,PROPN,MISSING,nmod,MISSING,leftover_source,
1773,792,one-to-many,dn_849,ngm_892 ngm_893,Ippolita,Ippolita,PRON,PRON,obj,obj,explicit_full,
1774,792,one-to-many,dn_849,ngm_892 ngm_893,Ippolita,Ippolita,PRON,PRON,nsubj,nsubj,explicit_full,
1775,792,one-to-many,dn_849,ngm_892 ngm_893,Ippolita,MISSING,PRON,MISSING,obj,MISSING,leftover_source,
1776,792,one-to-many,dn_849,ngm_892 ngm_893,MISSING,Ippolita,MISSING,NULL,MISSING,nsubj,leftover_target,
1777,793,one-to-one,dn_850,ngm_894,Giorgio,Giorgio,PRON,PRON,obj,obj,explicit_full,
1778,793,one-to-one,dn_850,ngm_894,Ippolita,Ippolita,NULL,PRON,nsubj,nsubj,zero_to_tgt_anchor,
1779,794,one-to-many,dn_851,ngm_895 ngm_896,Giorgio,Giorgio,PRON,PRON,obj,obj,explicit_full,
1780,794,one-to-many,dn_851,ngm_895 ngm_896,Ippolita,Ippolita,NULL,NULL,nsubj,nsubj,zero_zero_semantic,0.2299882861062827
1781,794,one-to-many,dn_851,ngm_895 ngm_896,Ippolita,Ippolita,NULL,PRON,nsubj,nsubj,zero_to_tgt_anchor,
1782,794,one-to-many,dn_851,ngm_895 ngm_896,Ippolita,MISSING,PRON-REFLEX,MISSING,obj,MISSING,leftover_source,
1783,794,one-to-many,dn_851,ngm_895 ngm_896,MISSING,Ippolita,MISSING,PRON,MISSING,nsubj,leftover_target,
1784,795,one-to-one,dn_852,ngm_897,Giorgio Ippolita,MISSING,PRON-REFLEX,MISSING,obj,MISSING,leftover_source,
1785,795,one-to-one,dn_852,ngm_897,Giorgio Ippolita,MISSING,NULL,MISSING,nsubj,MISSING,leftover_source,
1786,796,one-to-one,dn_853,ngm_898,Ippolita,Ippolita,NULL,NULL,nsubj,nsubj,zero_zero_single,
1787,796,one-to-one,dn_853,ngm_898,Ippolita,MISSING,PRON,MISSING,obj,MISSING,leftover_source,
1788,797,one-to-one,dn_854,ngm_899,Cecilia,Cecilia,NOUN,NOUN,obj,obj,explicit_full,
1789,797,one-to-one,dn_854,ngm_899,MISSING,Giorgio,MISSING,PRON,MISSING,nsubj,leftover_target,
1790,797,one-to-one,dn_854,ngm_899,Ippolita,MISSING,NULL,MISSING,nsubj,MISSING,leftover_source,
1791,797,one-to-one,dn_854,ngm_899,Ippolita,MISSING,PRON,MISSING,obj,MISSING,leftover_source,
1792,798,many-to-one,dn_855 dn_856,ngm_900,Cecilia,Cecilia,PROPN,PROPN,pred,pred,explicit_full,
1793,798,many-to-one,dn_855 dn_856,ngm_900,Cecilia,MISSING,NOUN,MISSING,pred,MISSING,leftover_source,
1794,798,many-to-one,dn_855 dn_856,ngm_900,Ippolita,MISSING,DET,MISSING,nmod,MISSING,leftover_source,
1795,799,many-to-one,dn_857 dn_858 dn_859,ngm_901,Giorgio,Giorgio,PRON,PRON,nsubj,nsubj,explicit_full,
1796,799,many-to-one,dn_857 dn_858 dn_859,ngm_901,Giorgio,Giorgio,NULL,NULL,nsubj,nsubj,zero_zero_single,
1797,799,many-to-one,dn_857 dn_858 dn_859,ngm_901,Giorgio,Giorgio,PRON-REFLEX,PRON,obj,obj,reflex_obj,
1798,799,many-to-one,dn_857 dn_858 dn_859,ngm_901,Giorgio Ippolita,MISSING,NOUN,MISSING,nsubj,MISSING,leftover_source,
1799,799,many-to-one,dn_857 dn_858 dn_859,ngm_901,Ippolita,Ippolita,PRON,PRON,obj,obj,explicit_full,
1800,799,many-to-one,dn_857 dn_858 dn_859,ngm_901,Ippolita,Ippolita,NULL,PRON,nsubj,nsubj,zero_to_tgt_anchor,
1801,799,many-to-one,dn_857 dn_858 dn_859,ngm_901,MISSING,Ippolita,MISSING,PRON,MISSING,nsubj,leftover_target,
1802,800,one-to-one,dn_860,ngm_902,Giorgio,Giorgio,PRON,PRON,obj,nmod,explicit_ref_pos,
1803,801,one-to-one,dn_861,ngm_903,Giorgio,MISSING,NULL,MISSING,nsubj,MISSING,leftover_source,
1804,801,one-to-one,dn_861,ngm_903,MISSING,Giorgio,MISSING,PRON,MISSING,nmod,leftover_target,
1805,802,one-to-one,dn_862,ngm_904,Ippolita,Ippolita,NULL,NULL,nsubj,nsubj,zero_zero_single,
1806,802,one-to-one,dn_862,ngm_904,Ippolita,MISSING,PRON-REFLEX,MISSING,obj,MISSING,leftover_source,
1807,804,one-to-one,dn_864,ngm_906,Giorgio,Giorgio,DET,PRON,nmod,nmod,explicit_ref_case,
1808,805,one-to-one,dn_865,ngm_907,Giorgio,Giorgio,NULL,NULL,nsubj,nsubj,zero_zero_semantic,0.18948065489530563
1809,805,one-to-one,dn_865,ngm_907,MISSING,Giorgio,MISSING,PRON,MISSING,nsubj,leftover_target,
1810,805,one-to-one,dn_865,ngm_907,MISSING,Giorgio,MISSING,NULL,MISSING,nsubj,leftover_target,
1811,806,one-to-one,dn_866,ngm_908,Giorgio,Giorgio,DET,PRON,obj,nsubj,explicit_ref_only,
1812,806,one-to-one,dn_866,ngm_908,Giorgio,MISSING,NULL,MISSING,nsubj,MISSING,leftover_source,
1813,806,one-to-one,dn_866,ngm_908,Giorgio,MISSING,NULL,MISSING,nsubj,MISSING,leftover_source,
1814,806,one-to-one,dn_866,ngm_908,MISSING,Giorgio,MISSING,PRON,MISSING,nmod,leftover_target,
1815,806,one-to-one,dn_866,ngm_908,Ippolita,Ippolita,PRON,PRON,obj,nsubj,explicit_ref_pos,
1816,807,one-to-one,dn_867,ngm_909,Giorgio,Giorgio,PRON,PRON,nsubj,nsubj,explicit_full,
1817,808,one-to-one,dn_868,ngm_910,Giorgio,MISSING,DET,MISSING,nmod,MISSING,leftover_source,
1818,808,one-to-one,dn_868,ngm_910,MISSING,Giorgio,MISSING,NULL,MISSING,nsubj,leftover_target,
1819,809,one-to-one,dn_869,ngm_911,Giorgio,MISSING,PRON,MISSING,obj,MISSING,leftover_source,
1820,809,one-to-one,dn_869,ngm_911,Giorgio,MISSING,DET,MISSING,nmod,MISSING,leftover_source,
1821,809,one-to-one,dn_869,ngm_911,MISSING,Giorgio,MISSING,NULL,MISSING,nsubj,leftover_target,
1822,810,one-to-one,dn_870,ngm_912,Giorgio,Giorgio,PRON,PRON,obj,obj,explicit_full,
1823,810,one-to-one,dn_870,ngm_912,Giorgio,Giorgio,NULL,NULL,nsubj,nsubj,zero_zero_single,
1824,810,one-to-one,dn_870,ngm_912,Giorgio,MISSING,PRON-REFLEX,MISSING,obj,MISSING,leftover_source,
1825,811,one-to-one,dn_871,ngm_913,Beethoven,MISSING,PROPN,MISSING,nmod,MISSING,leftover_source,
1826,811,one-to-one,dn_871,ngm_913,Giorgio,Giorgio,NULL,NULL,nsubj,nsubj,zero_zero_semantic,0.2570772459269763
1827,811,one-to-one,dn_871,ngm_913,Giorgio,Giorgio,NULL,NULL,nsubj,nsubj,zero_zero_semantic,0.37584539519977367
1828,811,one-to-one,dn_871,ngm_913,Giorgio,MISSING,PRON-REFLEX,MISSING,obj,MISSING,leftover_source,
1829,811,one-to-one,dn_871,ngm_913,Giorgio,MISSING,PRON-REFLEX,MISSING,obj,MISSING,leftover_source,
1830,811,one-to-one,dn_871,ngm_913,Giorgio,MISSING,DET,MISSING,nmod,MISSING,leftover_source,
1831,811,one-to-one,dn_871,ngm_913,MISSING,Giorgio,MISSING,NULL,MISSING,nsubj,leftover_target,
1832,811,one-to-one,dn_871,ngm_913,Ippolita,MISSING,NOUN,MISSING,nsubj,MISSING,leftover_source,
1833,812,one-to-many,dn_872,ngm_914 ngm_915,Giorgio,MISSING,PRON,MISSING,obj,MISSING,leftover_source,
1834,812,one-to-many,dn_872,ngm_914 ngm_915,Giorgio,MISSING,PRON,MISSING,obj,MISSING,leftover_source,
1835,812,one-to-many,dn_872,ngm_914 ngm_915,MISSING,Giorgio,MISSING,NULL,MISSING,nsubj,leftover_target,
1836,812,one-to-many,dn_872,ngm_914 ngm_915,MISSING,Giorgio,MISSING,NULL,MISSING,nsubj,leftover_target,
1837,812,one-to-many,dn_872,ngm_914 ngm_915,Ippolita,Ippolita,PROPN,PROPN,nsubj,nsubj,explicit_full,
1838,812,one-to-many,dn_872,ngm_914 ngm_915,Ippolita,Ippolita,PRON,PRON,nsubj,nsubj,explicit_full,
1839,812,one-to-many,dn_872,ngm_914 ngm_915,MISSING,Ippolita,MISSING,NULL,MISSING,nsubj,leftover_target,
1840,812,one-to-many,dn_872,ngm_914 ngm_915,MISSING,Ippolita,MISSING,NULL,MISSING,nsubj,leftover_target,
1841,813,many-to-one,dn_873 dn_874,ngm_916,Giorgio,Giorgio,PRON,PRON,obj,obj,explicit_full,
1842,813,many-to-one,dn_873 dn_874,ngm_916,Giorgio,Giorgio,PRON,PRON,obj,obj,explicit_full,
1843,814,one-to-one,dn_875,ngm_917,Giorgio,Giorgio,DET,PRON,nmod,nmod,explicit_ref_case,
1844,815,one-to-one,dn_876,ngm_918,Giorgio,Giorgio,PROPN,PROPN,nsubj,nsubj,explicit_full,
1845,815,one-to-one,dn_876,ngm_918,Giorgio,MISSING,NULL,MISSING,nsubj,MISSING,leftover_source,
1846,816,one-to-one,dn_877,ngm_919,Giorgio,MISSING,PRON,MISSING,obj,MISSING,leftover_source,
1847,817,one-to-one,dn_878,ngm_920,MISSING,Giorgio,MISSING,PRON,MISSING,nsubj,leftover_target,
1848,817,one-to-one,dn_878,ngm_920,Ippolita,MISSING,PRON-REFLEX,MISSING,obj,MISSING,leftover_source,
1849,817,one-to-one,dn_878,ngm_920,Ippolita,MISSING,NULL,MISSING,nsubj,MISSING,leftover_source,
1850,821,one-to-one,dn_883,ngm_924,Ippolita,Ippolita,NULL,NULL,nsubj,nsubj,zero_zero_single,
1851,821,one-to-one,dn_883,ngm_924,Ippolita,MISSING,PRON-REFLEX,MISSING,obj,MISSING,leftover_source,
1852,824,one-to-one,dn_886,ngm_927,audience,audience,NOUN,NOUN,nsubj,nsubj,explicit_full,
1853,825,one-to-one,dn_887,ngm_928,AlessandroMemmi,AlessandroMemmi,PROPN,PROPN,nsubj,nsubj,explicit_full,
1854,825,one-to-one,dn_887,ngm_928,AlessandroMemmi,MISSING,NULL,MISSING,nsubj,MISSING,leftover_source,
1855,825,one-to-one,dn_887,ngm_928,AlessandroMemmi,MISSING,DET,MISSING,nmod,MISSING,leftover_source,
1856,825,one-to-one,dn_887,ngm_928,audience,audience,NOUN,NOUN,obj,obj,explicit_full,
1857,826,one-to-one,dn_888,ngm_929,Ippolita,Ippolita,PRON,PRON,nsubj,nsubj,explicit_full,
1858,826,one-to-one,dn_888,ngm_929,Ippolita,Ippolita,NOUN,PRON,vocative,nsubj,explicit_ref_only,
1859,826,one-to-one,dn_888,ngm_929,audience,audience,NOUN,NOUN,obj,nmod,explicit_ref_pos,
1860,827,one-to-many,dn_889,ngm_930 ngm_931,Ippolita,MISSING,NULL,MISSING,nsubj,MISSING,leftover_source,
1861,827,one-to-many,dn_889,ngm_930 ngm_931,MrMartlet,MrMartlet,PROPN,PROPN,nsubj,nsubj,explicit_full,
1862,827,one-to-many,dn_889,ngm_930 ngm_931,MrMartlet,MrMartlet,PROPN,PRON,nsubj,nsubj,explicit_ref_case,
1863,827,one-to-many,dn_889,ngm_930 ngm_931,MrMartlet,MISSING,NULL,MISSING,nsubj,MISSING,leftover_source,
1864,827,one-to-many,dn_889,ngm_930 ngm_931,MISSING,MrMartlet,MISSING,PROPN,MISSING,pred,leftover_target,
1865,827,one-to-many,dn_889,ngm_930 ngm_931,MISSING,MrMartlet,MISSING,NOUN,MISSING,pred,leftover_target,
1866,827,one-to-many,dn_889,ngm_930 ngm_931,MrsMartlet,MrsMartlet,NOUN,NOUN,nsubj,nsubj,explicit_full,
1867,828,one-to-one,dn_890,ngm_932,Boll,Boll,PROPN,PROPN,nmod,nmod,explicit_full,
1868,828,one-to-one,dn_890,ngm_932,Boll,MISSING,NOUN,MISSING,nsubj,MISSING,leftover_source,
1869,828,one-to-one,dn_890,ngm_932,Ippolita,Ippolita,NOUN,PRON,obj,nmod,explicit_ref_only,
1870,828,one-to-one,dn_890,ngm_932,MargheritaTraubeBoll,MargheritaTraubeBoll,NOUN,NOUN,nsubj,nsubj,explicit_full,
1871,828,one-to-one,dn_890,ngm_932,MargheritaTraubeBoll,MargheritaTraubeBoll,NOUN,NOUN,pred,pred,explicit_full,
1872,828,one-to-one,dn_890,ngm_932,MargheritaTraubeBoll,MargheritaTraubeBoll,NOUN,NOUN,pred,pred,explicit_full,
1873,828,one-to-one,dn_890,ngm_932,MargheritaTraubeBoll,MISSING,PROPN,MISSING,pred,MISSING,leftover_source,
1874,829,one-to-one,dn_891,ngm_933,Fleichl,Fleichl,NOUN,NOUN,nsubj,nsubj,explicit_full,
1875,829,one-to-one,dn_891,ngm_933,Fleichl,Fleichl,NOUN,NOUN,pred,pred,explicit_full,
1876,829,one-to-one,dn_891,ngm_933,Fleichl,Fleichl,NOUN,NOUN,pred,pred,explicit_full,
1877,829,one-to-one,dn_891,ngm_933,Fleichl,Fleichl,NOUN,NOUN,pred,pred,explicit_full,
1878,829,one-to-one,dn_891,ngm_933,Fleichl,Fleichl,NOUN,PROPN,pred,pred,explicit_ref_case,
1879,829,one-to-one,dn_891,ngm_933,Fleichl,MISSING,PROPN,MISSING,nsubj,MISSING,leftover_source,
1880,829,one-to-one,dn_891,ngm_933,SebastianBach,SebastianBach,PROPN,PROPN,nmod,nmod,explicit_full,
1881,830,many-to-one,dn_892 dn_893 dn_894,ngm_934,Castracane,Castracane,NOUN,NOUN,nsubj,nsubj,explicit_full,
1882,830,many-to-one,dn_892 dn_893 dn_894,ngm_934,Castracane,Castracane,PROPN,PROPN,pred,pred,explicit_full,
1883,830,many-to-one,dn_892 dn_893 dn_894,ngm_934,Castracane,Castracane,NOUN,NOUN,pred,pred,explicit_full,
1884,830,many-to-one,dn_892 dn_893 dn_894,ngm_934,MISSING,Castracane,MISSING,DET,MISSING,nmod,leftover_target,
1885,830,many-to-one,dn_892 dn_893 dn_894,ngm_934,Cuboni,Cuboni,PROPN,PROPN,nsubj,nsubj,explicit_full,
1886,830,many-to-one,dn_892 dn_893 dn_894,ngm_934,Cuboni,Cuboni,NOUN,NOUN,nsubj,pred,explicit_ref_pos,
1887,830,many-to-one,dn_892 dn_893 dn_894,ngm_934,Cuboni,Cuboni,NOUN,NOUN,nsubj,pred,explicit_ref_pos,
1888,830,many-to-one,dn_892 dn_893 dn_894,ngm_934,Cuboni,Cuboni,NOUN,NOUN,nsubj,obj,explicit_ref_pos,
1889,830,many-to-one,dn_892 dn_893 dn_894,ngm_934,JacopoMoleschott,MISSING,PROPN,MISSING,nsubj,MISSING,leftover_source,
1890,830,many-to-one,dn_892 dn_893 dn_894,ngm_934,JacopoMoleschott,MISSING,NOUN,MISSING,nsubj,MISSING,leftover_source,
1891,830,many-to-one,dn_892 dn_893 dn_894,ngm_934,JacopoMoleschott,MISSING,NOUN,MISSING,nsubj,MISSING,leftover_source,
1892,831,one-to-many,dn_895,ngm_935 ngm_936,Blaserna,Blaserna,PROPN,PROPN,nsubj,nsubj,explicit_full,
1893,831,one-to-many,dn_895,ngm_935 ngm_936,Blaserna,Blaserna,NOUN,NOUN,nsubj,nmod,explicit_ref_pos,
1894,831,one-to-many,dn_895,ngm_935 ngm_936,Davis,Davis,PROPN,PROPN,nsubj,nsubj,explicit_full,
1895,831,one-to-many,dn_895,ngm_935 ngm_936,Davis,MISSING,NOUN,MISSING,nsubj,MISSING,leftover_source,
1896,831,one-to-many,dn_895,ngm_935 ngm_936,Davis,MISSING,NOUN,MISSING,nsubj,MISSING,leftover_source,
1897,831,one-to-many,dn_895,ngm_935 ngm_936,Helmholtz,Helmholtz,PROPN,PROPN,nmod,nmod,explicit_full,
1898,831,one-to-many,dn_895,ngm_935 ngm_936,MISSING,JacopoMoleschott,MISSING,PROPN,MISSING,nsubj,leftover_target,
1899,832,many-to-one,dn_896 dn_897,ngm_937,audience,audience,NOUN,NOUN,nsubj,nsubj,explicit_full,
1900,832,many-to-one,dn_896 dn_897,ngm_937,audience,audience,NOUN,NOUN,pred,pred,explicit_full,
1901,832,many-to-one,dn_896 dn_897,ngm_937,audience,audience,NOUN,NOUN,pred,pred,explicit_full,
1902,832,many-to-one,dn_896 dn_897,ngm_937,audience,audience,NOUN,NOUN,pred,pred,explicit_full,
1903,832,many-to-one,dn_896 dn_897,ngm_937,MISSING,audience,MISSING,NULL,MISSING,nsubj,leftover_target,
1904,833,one-to-one,dn_898,ngm_938,Giorgio,Giorgio,PRON,PRON,nsubj,nsubj,explicit_full,
1905,833,one-to-one,dn_898,ngm_938,Giorgio,MISSING,PRON-REFLEX,MISSING,obj,MISSING,leftover_source,
1906,833,one-to-one,dn_898,ngm_938,Giorgio,MISSING,PRON,MISSING,nmod,MISSING,leftover_source,
1907,833,one-to-one,dn_898,ngm_938,MISSING,Giorgio,MISSING,NULL,MISSING,nsubj,leftover_target,
1908,833,one-to-one,dn_898,ngm_938,MISSING,Giorgio,MISSING,NULL,MISSING,nsubj,leftover_target,
1909,834,one-to-many,dn_899,ngm_939 ngm_940,AlessandroMemmi,AlessandroMemmi,PROPN,NOUN,nsubj,nmod,explicit_ref_only,
1910,834,one-to-many,dn_899,ngm_939 ngm_940,audience,audience,NOUN,NOUN,nsubj,nsubj,explicit_full,
1911,834,one-to-many,dn_899,ngm_939 ngm_940,audience,audience,PRON,NOUN,nsubj,nsubj,explicit_ref_case,
1912,834,one-to-many,dn_899,ngm_939 ngm_940,audience,audience,PRON,NOUN,nsubj,nsubj,explicit_ref_case,
1913,834,one-to-many,dn_899,ngm_939 ngm_940,audience,audience,PRON,NOUN,nsubj,nsubj,explicit_ref_case,
1914,834,one-to-many,dn_899,ngm_939 ngm_940,audience,MISSING,DET,MISSING,nmod,MISSING,leftover_source,
1915,834,one-to-many,dn_899,ngm_939 ngm_940,MISSING,audience,MISSING,NULL,MISSING,nsubj,leftover_target,
1916,834,one-to-many,dn_899,ngm_939 ngm_940,MISSING,audience,MISSING,NULL,MISSING,nsubj,leftover_target,
1917,834,one-to-many,dn_899,ngm_939 ngm_940,chorus,chorus,NOUN,NOUN,nmod,nmod,explicit_full,
1918,835,one-to-one,dn_900,ngm_941,chorus,chorus,NOUN,NOUN,nsubj,nsubj,explicit_full,
1919,836,one-to-one,dn_901,ngm_942,maidens,maidens,NOUN,NOUN,nsubj,nsubj,explicit_full,
1920,836,one-to-one,dn_901,ngm_942,maidens,MISSING,PRON-REFLEX,MISSING,obj,MISSING,leftover_source,
1921,836,one-to-one,dn_901,ngm_942,MISSING,maidens,MISSING,NULL,MISSING,nsubj,leftover_target,
1922,837,many-to-one,dn_902 dn_903,ngm_943,maidens,maidens,DET,NOUN,nmod,nmod,explicit_ref_case,
1923,837,many-to-one,dn_902 dn_903,ngm_943,violinists,MISSING,NOUN,MISSING,nmod,MISSING,leftover_source,
1924,838,one-to-one,dn_904,ngm_944,AlessandroMemmi,AlessandroMemmi,PROPN,PROPN,nsubj,nsubj,explicit_full,
1925,838,one-to-one,dn_904,ngm_944,AlessandroMemmi,MISSING,DET,MISSING,nmod,MISSING,leftover_source,
1926,838,one-to-one,dn_904,ngm_944,MISSING,AlessandroMemmi,MISSING,NULL,MISSING,nsubj,leftover_target,
1927,838,one-to-one,dn_904,ngm_944,MISSING,AlessandroMemmi,MISSING,NULL,MISSING,nsubj,leftover_target,
1928,838,one-to-one,dn_904,ngm_944,MISSING,AlessandroMemmi,MISSING,NULL,MISSING,nsubj,leftover_target,
1929,841,many-to-one,dn_907 dn_908,ngm_947,audience,audience,NOUN,NOUN,nmod,nmod,explicit_full,
1930,845,one-to-many,dn_912,ngm_951 ngm_952,Giorgio Ippolita,Giorgio Ippolita,NOUN,NOUN,obj,nmod,explicit_ref_pos,
1931,845,one-to-many,dn_912,ngm_951 ngm_952,audience,audience,NOUN,NOUN,obj,nmod,explicit_ref_pos,
1932,846,one-to-one,dn_913,ngm_953,Giorgio,Giorgio,PRON,PRON,nsubj,nsubj,explicit_full,
1933,846,one-to-one,dn_913,ngm_953,Giorgio,Giorgio,NULL,NULL,nsubj,nsubj,zero_zero_single,
1934,848,one-to-one,dn_915,ngm_955,Giorgio,Giorgio,NULL,PRON,nsubj,nsubj,zero_to_tgt_anchor,
1935,849,one-to-one,dn_916,ngm_956,AlessandroMemmi,AlessandroMemmi,DET,NOUN,nmod,nmod,explicit_ref_case,
1936,849,one-to-one,dn_916,ngm_956,AlessandroMemmi,AlessandroMemmi,NOUN,PRON,nsubj,nmod,explicit_ref_only,
1937,849,one-to-one,dn_916,ngm_956,AlessandroMemmi,AlessandroMemmi,NULL,NULL,nsubj,nsubj,zero_zero_single,
1938,849,one-to-one,dn_916,ngm_956,AlessandroMemmi,MISSING,NOUN,MISSING,nsubj,MISSING,leftover_source,
1939,849,one-to-one,dn_916,ngm_956,AlessandroMemmi,MISSING,PRON-REFLEX,MISSING,obj,MISSING,leftover_source,
1940,849,one-to-one,dn_916,ngm_956,Schopenhauer,Schopenhauer,PROPN,PROPN,nmod,nmod,explicit_full,
1941,849,one-to-one,dn_916,ngm_956,SebastianBach,SebastianBach,PROPN,PROPN,nmod,nmod,explicit_full,
1942,849,one-to-one,dn_916,ngm_956,audience,audience,NOUN,NOUN,obj,obj,explicit_full,
1943,849,one-to-one,dn_916,ngm_956,audience,MISSING,DET,MISSING,nmod,MISSING,leftover_source,
1944,849,one-to-one,dn_916,ngm_956,chorus,chorus,NOUN,NOUN,obj,obj,explicit_full,
1945,849,one-to-one,dn_916,ngm_956,maidens,maidens,NOUN,NOUN,obj,obj,explicit_full,
1946,850,many-to-one,dn_917 dn_918,ngm_957,Hoffmann,Hoffmann,PROPN,PROPN,nmod,nmod,explicit_full,
1947,850,many-to-one,dn_917 dn_918,ngm_957,audience,audience,NOUN,NOUN,nsubj,nsubj,explicit_full,
1948,850,many-to-one,dn_917 dn_918,ngm_957,audience,audience,DET,PRON,nmod,nmod,explicit_ref_case,
1949,850,many-to-one,dn_917 dn_918,ngm_957,audience,audience,NULL,NULL,nsubj,nsubj,zero_zero_semantic,0.42125131913382025
1950,850,many-to-one,dn_917 dn_918,ngm_957,audience,audience,NULL,NULL,nsubj,nsubj,zero_zero_semantic,0.4145260917458368
1951,850,many-to-one,dn_917 dn_918,ngm_957,audience,MISSING,PRON-REFLEX,MISSING,obj,MISSING,leftover_source,
1952,850,many-to-one,dn_917 dn_918,ngm_957,audience,MISSING,PRON-REFLEX,MISSING,obj,MISSING,leftover_source,
1953,850,many-to-one,dn_917 dn_918,ngm_957,audience,MISSING,DET,MISSING,nmod,MISSING,leftover_source,
1954,850,many-to-one,dn_917 dn_918,ngm_957,audience,MISSING,PRON-REFLEX,MISSING,obj,MISSING,leftover_source,
1955,850,many-to-one,dn_917 dn_918,ngm_957,MISSING,audience,MISSING,NULL,MISSING,nsubj,leftover_target,
1956,850,many-to-one,dn_917 dn_918,ngm_957,MISSING,audience,MISSING,NULL,MISSING,nsubj,leftover_target,
1957,851,one-to-one,dn_919,ngm_958,AlessandroMemmi,AlessandroMemmi,NOUN,NOUN,nmod,nmod,explicit_full,
1958,851,one-to-one,dn_919,ngm_958,AlessandroMemmi,AlessandroMemmi,NOUN,NOUN,nmod,nmod,explicit_full,
1959,851,one-to-one,dn_919,ngm_958,Giorgio,Giorgio,NOUN,NOUN,obj,nmod,explicit_ref_pos,
1960,851,one-to-one,dn_919,ngm_958,Ippolita,Ippolita,NOUN,NOUN,obj,nmod,explicit_ref_pos,
1961,851,one-to-one,dn_919,ngm_958,MISSING,audience,MISSING,NOUN,MISSING,nmod,leftover_target,
1962,852,one-to-one,dn_920,ngm_959,AlessandroMemmi,AlessandroMemmi,NOUN,NOUN,nsubj,nsubj,explicit_full,
1963,852,one-to-one,dn_920,ngm_959,Giorgio,Giorgio,NOUN,NOUN,obj,obj,explicit_full,
1964,852,one-to-one,dn_920,ngm_959,Ippolita,Ippolita,PROPN,PROPN,obj,obj,explicit_full,
1965,853,one-to-one,dn_921,ngm_960,Giorgio,Giorgio,PRON,PRON,nsubj,nsubj,explicit_full,
1966,853,one-to-one,dn_921,ngm_960,Giorgio,MISSING,PRON-REFLEX,MISSING,obj,MISSING,leftover_source,
1967,853,one-to-one,dn_921,ngm_960,MISSING,Giorgio,MISSING,NULL,MISSING,nsubj,leftover_target,
1968,854,one-to-one,dn_922,ngm_961,Giorgio,Giorgio,PRON,PRON,obj,nsubj,explicit_ref_pos,
1969,854,one-to-one,dn_922,ngm_961,Giorgio,Giorgio,NULL,NULL,nsubj,nsubj,zero_zero_single,
1970,855,many-to-one,dn_923 dn_924,ngm_962,Ippolita,Ippolita,PROPN,PROPN,nsubj,nsubj,explicit_full,
1971,855,many-to-one,dn_923 dn_924,ngm_962,Ippolita,Ippolita,NULL,NULL,nsubj,nsubj,zero_zero_single,
1972,856,many-to-one,dn_925 dn_926 dn_927,ngm_963,Giorgio,MISSING,PRON-REFLEX,MISSING,obj,MISSING,leftover_source,
1973,856,many-to-one,dn_925 dn_926 dn_927,ngm_963,Giorgio,MISSING,NULL,MISSING,nsubj,MISSING,leftover_source,
1974,856,many-to-one,dn_925 dn_926 dn_927,ngm_963,MISSING,Ippolita,MISSING,PRON,MISSING,nsubj,leftover_target,
1975,857,one-to-one,dn_928,ngm_964,Giorgio,Giorgio,NOUN,PROPN,obj,nmod,explicit_ref_only,
1976,857,one-to-one,dn_928,ngm_964,MISSING,Giorgio,MISSING,DET,MISSING,nmod,leftover_target,
1977,857,one-to-one,dn_928,ngm_964,Ippolita,Ippolita,PRON,PRON,nsubj,nsubj,explicit_full,
1978,857,one-to-one,dn_928,ngm_964,Ippolita,Ippolita,NULL,NULL,nsubj,nsubj,zero_zero_single,
1979,857,one-to-one,dn_928,ngm_964,Ippolita,MISSING,PRON-REFLEX,MISSING,obj,MISSING,leftover_source,
1980,858,one-to-one,dn_929,ngm_965,Giorgio,MISSING,NULL,MISSING,nsubj,MISSING,leftover_source,
1981,858,one-to-one,dn_929,ngm_965,Giorgio Ippolita,Giorgio Ippolita,NULL,NULL,nsubj,nsubj,zero_zero_single,
1982,860,one-to-one,dn_931,ngm_967,Giorgio Ippolita,Giorgio Ippolita,NULL,NULL,nsubj,nsubj,zero_zero_semantic,0.3216982503666761
1983,860,one-to-one,dn_931,ngm_967,Giorgio Ippolita,Giorgio Ippolita,NULL,PRON,nsubj,nsubj,zero_to_tgt_anchor,
1984,860,one-to-one,dn_931,ngm_967,Giorgio Ippolita,MISSING,PRON-REFLEX,MISSING,obj,MISSING,leftover_source,
1985,861,one-to-one,dn_932,ngm_968,Giorgio Ippolita,Giorgio Ippolita,PRON,PRON,obj,nmod,explicit_ref_pos,
1986,864,one-to-one,dn_935,ngm_972,Giorgio Ippolita,Giorgio Ippolita,DET,PRON,nmod,nmod,explicit_ref_case,
1987,865,one-to-one,dn_936,ngm_973,Ippolita,Ippolita,PROPN,PROPN,nsubj,nsubj,explicit_full,
1988,865,one-to-one,dn_936,ngm_973,Ippolita,Ippolita,NULL,NULL,nsubj,nsubj,zero_zero_semantic,0.6632503590413502
1989,865,one-to-one,dn_936,ngm_973,Ippolita,MISSING,PRON-REFLEX,MISSING,obj,MISSING,leftover_source,
1990,865,one-to-one,dn_936,ngm_973,MISSING,Ippolita,MISSING,NULL,MISSING,nsubj,leftover_target,
1991,869,one-to-one,dn_940,ngm_977,service-worker,service-worker,NOUN,NOUN,nsubj,nsubj,explicit_full,
1992,869,one-to-one,dn_940,ngm_977,service-worker,MISSING,PRON-REFLEX,MISSING,obj,MISSING,leftover_source,
1993,870,one-to-one,dn_941,ngm_978,Giorgio Ippolita,MISSING,NULL,MISSING,nsubj,MISSING,leftover_source,
1994,871,one-to-one,dn_942,ngm_979,Giorgio,Giorgio,PROPN,PROPN,nsubj,nsubj,explicit_full,
1995,874,one-to-one,dn_945,ngm_982,Giorgio,Giorgio,PROPN,PROPN,nmod,nmod,explicit_full,
1996,874,one-to-one,dn_945,ngm_982,Ippolita,Ippolita,PROPN,PROPN,nsubj,nsubj,explicit_full,
1997,874,one-to-one,dn_945,ngm_982,Ippolita,Ippolita,NULL,NULL,nsubj,nsubj,zero_zero_single,
1998,874,one-to-one,dn_945,ngm_982,MISSING,Ippolita,MISSING,PROPN,MISSING,nsubj,leftover_target,
1999,875,one-to-one,dn_946,ngm_983,Giorgio,Giorgio,PRON,PRON,obj,obj,explicit_full,
2000,875,one-to-one,dn_946,ngm_983,MISSING,Giorgio Ippolita,MISSING,NOUN,MISSING,obj,leftover_target,
2001,875,one-to-one,dn_946,ngm_983,Ippolita,Ippolita,NULL,NULL,nsubj,nsubj,zero_zero_semantic,0.2601177438768867
2002,875,one-to-one,dn_946,ngm_983,Ippolita,MISSING,PRON-REFLEX,MISSING,obj,MISSING,leftover_source,
2003,875,one-to-one,dn_946,ngm_983,MISSING,Ippolita,MISSING,NULL,MISSING,nsubj,leftover_target,
2004,876,one-to-one,dn_947,ngm_984,Giorgio,Giorgio,PROPN,PROPN,nsubj,nsubj,explicit_full,
2005,876,one-to-one,dn_947,ngm_984,Ippolita,Ippolita,PRON,PRON,obj,nmod,explicit_ref_pos,
2006,876,one-to-one,dn_947,ngm_984,MISSING,Ippolita,MISSING,NULL,MISSING,nsubj,leftover_target,
2007,877,one-to-one,dn_948,ngm_985,Giorgio Ippolita,Giorgio Ippolita,NULL,NULL,nsubj,nsubj,zero_zero_single,
2008,877,one-to-one,dn_948,ngm_985,Ippolita,MISSING,NULL,MISSING,nsubj,MISSING,leftover_source,
2009,879,one-to-one,dn_950,ngm_987,Ippolita,Ippolita,PRON,PRON,nsubj,nsubj,explicit_full,
2010,880,one-to-one,dn_951,ngm_988,Giorgio,Giorgio,NULL,NULL,nsubj,nsubj,zero_zero_single,
2011,881,one-to-one,dn_952,ngm_989,Giorgio Ippolita,Giorgio Ippolita,NULL,NULL,nsubj,nsubj,zero_zero_single,
2012,882,one-to-one,dn_953,ngm_990,Ippolita,Ippolita,NULL,NULL,nsubj,nsubj,zero_zero_single,
2013,882,one-to-one,dn_953,ngm_990,Ippolita,MISSING,PRON-REFLEX,MISSING,obj,MISSING,leftover_source,
2014,883,one-to-one,dn_954,ngm_991,Giorgio,Giorgio,PRON,PRON,nmod,nmod,explicit_full,
2015,883,one-to-one,dn_954,ngm_991,Ippolita,Ippolita,PRON,PRON,nsubj,nsubj,explicit_full,
2016,883,one-to-one,dn_954,ngm_991,Ippolita,MISSING,PRON-REFLEX,MISSING,obj,MISSING,leftover_source,
2017,883,one-to-one,dn_954,ngm_991,MISSING,Ippolita,MISSING,NULL,MISSING,nsubj,leftover_target,
2018,884,one-to-one,dn_955 dn_956 dn_957,ngm_992 ngm_993,Giorgio,Giorgio,NOUN,NOUN,obj,obj,explicit_full,
2019,884,one-to-one,dn_955 dn_956 dn_957,ngm_992 ngm_993,Giorgio,Giorgio,PRON,PRON,nmod,nmod,explicit_full,
2020,884,one-to-one,dn_955 dn_956 dn_957,ngm_992 ngm_993,Giorgio,MISSING,PRON,MISSING,obj,MISSING,leftover_source,
2021,884,one-to-one,dn_955 dn_956 dn_957,ngm_992 ngm_993,Ippolita,Ippolita,PRON,PRON,nsubj,obj,explicit_ref_pos,
2022,884,one-to-one,dn_955 dn_956 dn_957,ngm_992 ngm_993,Ippolita,Ippolita,DET,PRON,nmod,obj,explicit_ref_only,
2023,884,one-to-one,dn_955 dn_956 dn_957,ngm_992 ngm_993,Ippolita,Ippolita,NULL,NULL,nsubj,nsubj,zero_zero_semantic,0.39377427717735025
2024,884,one-to-one,dn_955 dn_956 dn_957,ngm_992 ngm_993,Ippolita,Ippolita,NULL,NULL,nsubj,nsubj,zero_zero_semantic,0.1606892863545875
2025,884,one-to-one,dn_955 dn_956 dn_957,ngm_992 ngm_993,Ippolita,Ippolita,NULL,NULL,nsubj,nsubj,zero_zero_semantic,0.27938886066151986
2026,884,one-to-one,dn_955 dn_956 dn_957,ngm_992 ngm_993,Ippolita,MISSING,DET,MISSING,nmod,MISSING,leftover_source,
2027,884,one-to-one,dn_955 dn_956 dn_957,ngm_992 ngm_993,MISSING,Ippolita,MISSING,NULL,MISSING,nsubj,leftover_target,
2028,884,one-to-one,dn_955 dn_956 dn_957,ngm_992 ngm_993,MISSING,Ippolita,MISSING,NULL,MISSING,nsubj,leftover_target,
2029,884,one-to-one,dn_955 dn_956 dn_957,ngm_992 ngm_993,MISSING,Ippolita,MISSING,NULL,MISSING,nsubj,leftover_target,
2030,884,one-to-one,dn_955 dn_956 dn_957,ngm_992 ngm_993,MISSING,Ippolita,MISSING,NULL,MISSING,nsubj,leftover_target,
2031,884,one-to-one,dn_955 dn_956 dn_957,ngm_992 ngm_993,MISSING,Ippolita,MISSING,NULL,MISSING,nsubj,leftover_target,
2032,885,one-to-many,dn_958,ngm_994 ngm_995 ngm_996,Giorgio,Giorgio,PRON,PRON,nsubj,nsubj,explicit_full,
2033,885,one-to-many,dn_958,ngm_994 ngm_995 ngm_996,MISSING,Giorgio,MISSING,NULL,MISSING,nsubj,leftover_target,
2034,885,one-to-many,dn_958,ngm_994 ngm_995 ngm_996,MISSING,Giorgio,MISSING,NULL,MISSING,nsubj,leftover_target,
2035,885,one-to-many,dn_958,ngm_994 ngm_995 ngm_996,Ippolita,Ippolita,PRON,PRON,obj,obj,explicit_full,
2036,885,one-to-many,dn_958,ngm_994 ngm_995 ngm_996,MISSING,Ippolita,MISSING,PRON,MISSING,nmod,leftover_target,
2037,886,one-to-one,dn_959,ngm_997,Ippolita,Ippolita,NULL,PRON,nsubj,nsubj,zero_to_tgt_anchor,
2038,887,one-to-one,dn_960,ngm_998,Giorgio,Giorgio,DET,NOUN,nmod,nsubj,explicit_ref_only,
2039,887,one-to-one,dn_960,ngm_998,Ippolita,Ippolita,PRON,PRON,obj,nmod,explicit_ref_pos,
2040,888,one-to-one,dn_961,ngm_999,MISSING,Giorgio,MISSING,PRON,MISSING,nsubj,leftover_target,
2041,888,one-to-one,dn_961,ngm_999,Ippolita,Ippolita,NULL,PRON,nsubj,nsubj,zero_to_tgt_anchor,
2042,889,one-to-one,dn_962,ngm_1000,Giorgio,MISSING,PRON,MISSING,nsubj,MISSING,leftover_source,
2043,889,one-to-one,dn_962,ngm_1000,Giorgio,MISSING,PRON,MISSING,nmod,MISSING,leftover_source,
2044,889,one-to-one,dn_962,ngm_1000,Giorgio,MISSING,NULL,MISSING,nsubj,MISSING,leftover_source,
2045,891,one-to-one,dn_964,ngm_1002,Ippolita,Ippolita,NULL,PRON,nsubj,nsubj,zero_to_tgt_anchor,
2046,892,one-to-one,dn_965,ngm_1003,Giorgio,Giorgio,PRON,NOUN,nsubj,nsubj,explicit_ref_case,
2047,892,one-to-one,dn_965,ngm_1003,MISSING,Giorgio,MISSING,PRON,MISSING,obj,leftover_target,
2048,892,one-to-one,dn_965,ngm_1003,MISSING,Giorgio,MISSING,NULL,MISSING,nsubj,leftover_target,
2049,892,one-to-one,dn_965,ngm_1003,Ippolita,MISSING,PRON,MISSING,obj,MISSING,leftover_source,
2050,893,one-to-one,dn_966,ngm_1004,Giorgio,Giorgio,PRON,PRON,obj,obj,explicit_full,
2051,893,one-to-one,dn_966,ngm_1004,Giorgio,Giorgio,PRON,NOUN,nsubj,nsubj,explicit_ref_case,
2052,893,one-to-one,dn_966,ngm_1004,Giorgio,Giorgio,NULL,NULL,nsubj,nsubj,zero_zero_semantic,0.3888727161333077
2053,893,one-to-one,dn_966,ngm_1004,Giorgio,MISSING,PRON,MISSING,obj,MISSING,leftover_source,
2054,893,one-to-one,dn_966,ngm_1004,Giorgio,MISSING,NULL,MISSING,nsubj,MISSING,leftover_source,
2055,894,one-to-one,dn_967,ngm_1005,Giorgio,Giorgio,DET,NOUN,nmod,nmod,explicit_ref_case,
2056,894,one-to-one,dn_967,ngm_1005,Giorgio,Giorgio,NULL,NULL,nsubj,nsubj,zero_zero_semantic,0.11937105107271473
2057,894,one-to-one,dn_967,ngm_1005,Giorgio,Giorgio,NULL,NULL,nsubj,nsubj,zero_zero_semantic,0.22619639573054076
2058,894,one-to-one,dn_967,ngm_1005,Giorgio,MISSING,NULL,MISSING,nsubj,MISSING,leftover_source,
2059,894,one-to-one,dn_967,ngm_1005,Ippolita,Ippolita,PRON,PRON,obj,obj,explicit_full,
2060,894,one-to-one,dn_967,ngm_1005,Ippolita,Ippolita,PRON,PRON,obj,obj,explicit_full,
2061,894,one-to-one,dn_967,ngm_1005,Ippolita,Ippolita,PRON,NOUN,obj,nmod,explicit_ref_only,
2062,895,one-to-many,dn_968,ngm_1006 ngm_1007 ngm_1008 ngm_1009 ngm_1010,Giorgio,Giorgio,PRON,NOUN,obj,obj,explicit_ref_case,
2063,895,one-to-many,dn_968,ngm_1006 ngm_1007 ngm_1008 ngm_1009 ngm_1010,Giorgio,Giorgio,PRON,NOUN,obj,obj,explicit_ref_case,
2064,895,one-to-many,dn_968,ngm_1006 ngm_1007 ngm_1008 ngm_1009 ngm_1010,Giorgio,Giorgio,PRON,NOUN,obj,nmod,explicit_ref_only,
2065,895,one-to-many,dn_968,ngm_1006 ngm_1007 ngm_1008 ngm_1009 ngm_1010,MISSING,Giorgio,MISSING,NOUN,MISSING,nmod,leftover_target,
2066,895,one-to-many,dn_968,ngm_1006 ngm_1007 ngm_1008 ngm_1009 ngm_1010,Ippolita,Ippolita,PRON,PRON,nsubj,nsubj,explicit_full,
2067,895,one-to-many,dn_968,ngm_1006 ngm_1007 ngm_1008 ngm_1009 ngm_1010,Ippolita,Ippolita,PRON,PRON,nsubj,nsubj,explicit_full,
2068,895,one-to-many,dn_968,ngm_1006 ngm_1007 ngm_1008 ngm_1009 ngm_1010,Ippolita,Ippolita,DET,PRON,nmod,nmod,explicit_ref_case,
2069,895,one-to-many,dn_968,ngm_1006 ngm_1007 ngm_1008 ngm_1009 ngm_1010,Ippolita,Ippolita,NULL,NULL,nsubj,nsubj,zero_zero_semantic,0.22544103495499718
2070,895,one-to-many,dn_968,ngm_1006 ngm_1007 ngm_1008 ngm_1009 ngm_1010,Ippolita,Ippolita,NULL,NULL,nsubj,nsubj,zero_zero_semantic,0.28312771498783257
2071,895,one-to-many,dn_968,ngm_1006 ngm_1007 ngm_1008 ngm_1009 ngm_1010,Ippolita,Ippolita,NULL,NULL,nsubj,nsubj,zero_zero_semantic,0.6184109318815144
2072,895,one-to-many,dn_968,ngm_1006 ngm_1007 ngm_1008 ngm_1009 ngm_1010,Ippolita,Ippolita,NULL,PRON,nsubj,nsubj,zero_to_tgt_anchor,
2073,895,one-to-many,dn_968,ngm_1006 ngm_1007 ngm_1008 ngm_1009 ngm_1010,MISSING,Ippolita,MISSING,PRON,MISSING,nsubj,leftover_target,
2074,895,one-to-many,dn_968,ngm_1006 ngm_1007 ngm_1008 ngm_1009 ngm_1010,MISSING,Ippolita,MISSING,PRON,MISSING,nsubj,leftover_target,
2075,896,one-to-one,dn_969,ngm_1011,Giorgio Ippolita,Giorgio Ippolita,NULL,PRON,nsubj,nsubj,zero_to_tgt_anchor,
2076,896,one-to-one,dn_969,ngm_1011,Giorgio Ippolita,MISSING,PRON-REFLEX,MISSING,obj,MISSING,leftover_source,
2077,897,one-to-many,dn_970,ngm_1012 ngm_1013,Giorgio,Giorgio,NOUN,NOUN,nmod,nmod,explicit_full,
2078,897,one-to-many,dn_970,ngm_1012 ngm_1013,Giorgio,Giorgio,PRON,PRON,obj,obj,explicit_full,
2079,897,one-to-many,dn_970,ngm_1012 ngm_1013,Ippolita,Ippolita,PRON,PRON,nsubj,nsubj,explicit_full,
2080,897,one-to-many,dn_970,ngm_1012 ngm_1013,Ippolita,Ippolita,NULL,NULL,nsubj,nsubj,zero_zero_single,
2081,897,one-to-many,dn_970,ngm_1012 ngm_1013,Ippolita,MISSING,PRON-REFLEX,MISSING,obj,MISSING,leftover_source,
2082,897,one-to-many,dn_970,ngm_1012 ngm_1013,MISSING,Ippolita,MISSING,PRON,MISSING,nmod,leftover_target,
2083,898,one-to-many,dn_971,ngm_1014 ngm_1015 ngm_1016,Giorgio,Giorgio,PRON,NOUN,nsubj,nsubj,explicit_ref_case,
2084,898,one-to-many,dn_971,ngm_1014 ngm_1015 ngm_1016,MISSING,Giorgio,MISSING,DET,MISSING,nmod,leftover_target,
2085,898,one-to-many,dn_971,ngm_1014 ngm_1015 ngm_1016,MISSING,Giorgio,MISSING,NULL,MISSING,nsubj,leftover_target,
2086,898,one-to-many,dn_971,ngm_1014 ngm_1015 ngm_1016,Giorgio Ippolita,Giorgio Ippolita,NULL,PRON,nsubj,nsubj,zero_to_tgt_anchor,
2087,898,one-to-many,dn_971,ngm_1014 ngm_1015 ngm_1016,Ippolita,Ippolita,PRON,PRON,obj,nmod,explicit_ref_pos,
2088,898,one-to-many,dn_971,ngm_1014 ngm_1015 ngm_1016,Ippolita,Ippolita,PRON,PRON,obj,nmod,explicit_ref_pos,
2089,898,one-to-many,dn_971,ngm_1014 ngm_1015 ngm_1016,Ippolita,Ippolita,PRON,PRON,obj,nsubj,explicit_ref_pos,
2090,898,one-to-many,dn_971,ngm_1014 ngm_1015 ngm_1016,Ippolita,MISSING,PRON,MISSING,obj,MISSING,leftover_source,
2091,899,one-to-many,dn_972,ngm_1017 ngm_1018,Ippolita,Ippolita,PRON,PRON,nsubj,nsubj,explicit_full,
2092,899,one-to-many,dn_972,ngm_1017 ngm_1018,Ippolita,MISSING,PRON,MISSING,nmod,MISSING,leftover_source,
2093,899,one-to-many,dn_972,ngm_1017 ngm_1018,MISSING,Ippolita,MISSING,NULL,MISSING,nsubj,leftover_target,
2094,899,one-to-many,dn_972,ngm_1017 ngm_1018,MISSING,Ippolita,MISSING,NULL,MISSING,nsubj,leftover_target,
2095,901,one-to-many,dn_974,ngm_1020 ngm_1021,Giorgio Ippolita,Giorgio Ippolita,PRON,PRON,nsubj,nsubj,explicit_full,
2096,901,one-to-many,dn_974,ngm_1020 ngm_1021,Giorgio Ippolita,Giorgio Ippolita,PRON-REFLEX,NOUN,obj,obj,reflex_obj,
2097,902,one-to-one,dn_975,ngm_1022,Giorgio,Giorgio,PRON,NOUN,nsubj,nsubj,explicit_ref_case,
2098,902,one-to-one,dn_975,ngm_1022,Giorgio,Giorgio,DET,PRON,nmod,nmod,explicit_ref_case,
2099,902,one-to-one,dn_975,ngm_1022,Ippolita,Ippolita,PRON,PRON,obj,obj,explicit_full,
2100,903,one-to-one,dn_976,ngm_1023,Giorgio Ippolita,Giorgio Ippolita,PRON,PRON,obj,obj,explicit_full,
2101,903,one-to-one,dn_976,ngm_1023,Giorgio Ippolita,MISSING,NULL,MISSING,nsubj,MISSING,leftover_source,
2102,905,many-to-one,dn_978 dn_979,ngm_1025,Giorgio Ippolita,Giorgio Ippolita,DET,PRON,nmod,nmod,explicit_ref_case,
2103,905,many-to-one,dn_978 dn_979,ngm_1025,Giorgio Ippolita,Giorgio Ippolita,DET,PRON,nmod,nmod,explicit_ref_case,
2104,905,many-to-one,dn_978 dn_979,ngm_1025,Giorgio Ippolita,MISSING,DET,MISSING,nmod,MISSING,leftover_source,
2105,906,one-to-many,dn_980,ngm_1026 ngm_1027,Giorgio,Giorgio,PRON,NOUN,obj,obj,explicit_ref_case,
2106,906,one-to-many,dn_980,ngm_1026 ngm_1027,Giorgio,Giorgio,PRON,NOUN,obj,obj,explicit_ref_case,
2107,906,one-to-many,dn_980,ngm_1026 ngm_1027,Giorgio,Giorgio,DET,NOUN,nmod,nmod,explicit_ref_case,
2108,906,one-to-many,dn_980,ngm_1026 ngm_1027,Ippolita,Ippolita,PRON,PRON,nsubj,nsubj,explicit_full,
2109,906,one-to-many,dn_980,ngm_1026 ngm_1027,Ippolita,Ippolita,PRON,PRON,nsubj,nsubj,explicit_full,
2110,906,one-to-many,dn_980,ngm_1026 ngm_1027,Ippolita,Ippolita,NULL,NULL,nsubj,nsubj,zero_zero_single,
2111,906,one-to-many,dn_980,ngm_1026 ngm_1027,Ippolita,MISSING,PRON,MISSING,obj,MISSING,leftover_source,
2112,907,one-to-many,dn_981,ngm_1028 ngm_1029,Giorgio,Giorgio,PRON,NOUN,nsubj,nsubj,explicit_ref_case,
2113,907,one-to-many,dn_981,ngm_1028 ngm_1029,Giorgio,Giorgio,PRON,NOUN,nsubj,nsubj,explicit_ref_case,
2114,907,one-to-many,dn_981,ngm_1028 ngm_1029,Giorgio,Giorgio,PRON,NOUN,obj,nmod,explicit_ref_only,
2115,907,one-to-many,dn_981,ngm_1028 ngm_1029,Ippolita,Ippolita,PRON,PRON,nsubj,nsubj,explicit_full,
2116,907,one-to-many,dn_981,ngm_1028 ngm_1029,Ippolita,Ippolita,PRON,PRON,obj,obj,explicit_full,
2117,907,one-to-many,dn_981,ngm_1028 ngm_1029,Ippolita,Ippolita,PRON,PRON,nsubj,nsubj,explicit_full,
2118,908,one-to-many,dn_982,ngm_1030 ngm_1031 ngm_1032,Giorgio,Giorgio,PRON,NOUN,nsubj,nsubj,explicit_ref_case,
2119,908,one-to-many,dn_982,ngm_1030 ngm_1031 ngm_1032,Giorgio,Giorgio,NULL,NULL,nsubj,nsubj,zero_zero_semantic,0.2639044051925754
2120,908,one-to-many,dn_982,ngm_1030 ngm_1031 ngm_1032,Giorgio,Giorgio,NULL,NULL,nsubj,nsubj,zero_zero_semantic,0.20266269786948388
2121,908,one-to-many,dn_982,ngm_1030 ngm_1031 ngm_1032,Ippolita,Ippolita,PRON,PRON,obj,obj,explicit_full,
2122,908,one-to-many,dn_982,ngm_1030 ngm_1031 ngm_1032,Ippolita,Ippolita,PRON,PRON,obj,obj,explicit_full,
2123,908,one-to-many,dn_982,ngm_1030 ngm_1031 ngm_1032,Ippolita,Ippolita,PRON,PRON,obj,obj,explicit_full,
2124,909,one-to-one,dn_983,ngm_1033,Giorgio,Giorgio,DET,NOUN,nmod,obj,explicit_ref_only,
2125,909,one-to-one,dn_983,ngm_1033,Ippolita,Ippolita,PRON,PRON,nsubj,nsubj,explicit_full,
2126,909,one-to-one,dn_983,ngm_1033,Ippolita,Ippolita,NOUN,NOUN,pred,pred,explicit_full,
2127,910,one-to-one,dn_984,ngm_1034,Giorgio,Giorgio,PRON,NOUN,nsubj,nsubj,explicit_ref_case,
2128,910,one-to-one,dn_984,ngm_1034,Giorgio,Giorgio,DET,PRON,nmod,nmod,explicit_ref_case,
2129,910,one-to-one,dn_984,ngm_1034,Giorgio,MISSING,PRON-REFLEX,MISSING,obj,MISSING,leftover_source,
2130,910,one-to-one,dn_984,ngm_1034,MISSING,Giorgio,MISSING,NULL,MISSING,nsubj,leftover_target,
2131,910,one-to-one,dn_984,ngm_1034,Ippolita,Ippolita,PRON,PRON,obj,obj,explicit_full,
2132,911,one-to-many,dn_985,ngm_1035 ngm_1036,Giorgio,Giorgio,PRON,NOUN,obj,obj,explicit_ref_case,
2133,911,one-to-many,dn_985,ngm_1035 ngm_1036,Ippolita,Ippolita,PRON,PRON,nsubj,nsubj,explicit_full,
2134,912,one-to-one,dn_986,ngm_1037,Giorgio,Giorgio,PRON,PRON,obj,obj,explicit_full,
2135,912,one-to-one,dn_986,ngm_1037,Giorgio,MISSING,PRON,MISSING,obj,MISSING,leftover_source,
2136,912,one-to-one,dn_986,ngm_1037,Ippolita,Ippolita,PRON,PRON,nsubj,nsubj,explicit_full,
2137,912,one-to-one,dn_986,ngm_1037,Ippolita,MISSING,PRON-REFLEX,MISSING,obj,MISSING,leftover_source,
2138,912,one-to-one,dn_986,ngm_1037,MISSING,Ippolita,MISSING,NULL,MISSING,nsubj,leftover_target,
2139,913,one-to-one,dn_987,ngm_1038,Giorgio,Giorgio,NULL,PRON,nsubj,nsubj,zero_to_tgt_anchor,
2140,914,one-to-one,dn_988,ngm_1039,Giorgio,Giorgio,PRON,PRON,nsubj,nsubj,explicit_full,
2141,914,one-to-one,dn_988,ngm_1039,MISSING,Giorgio,MISSING,NULL,MISSING,nsubj,leftover_target,
2142,915,one-to-one,dn_989,ngm_1040,Giorgio,Giorgio,NULL,NULL,nsubj,nsubj,zero_zero_single,
2143,916,one-to-one,dn_990,ngm_1041,MISSING,Giorgio,MISSING,NULL,MISSING,nsubj,leftover_target,
2144,917,one-to-many,dn_991,ngm_1042 ngm_1043,Giorgio Ippolita,Giorgio Ippolita,NULL,NULL,nsubj,nsubj,zero_zero_single,
2145,917,one-to-many,dn_991,ngm_1042 ngm_1043,MISSING,Giorgio Ippolita,MISSING,NOUN,MISSING,nsubj,leftover_target,
2146,917,one-to-many,dn_991,ngm_1042 ngm_1043,MISSING,Giorgio Ippolita,MISSING,PRON,MISSING,nsubj,leftover_target,
2147,917,one-to-many,dn_991,ngm_1042 ngm_1043,MISSING,Giorgio Ippolita,MISSING,NOUN,MISSING,obj,leftover_target,
2148,918,one-to-many,dn_992,ngm_1044 ngm_1045 ngm_1046,Giorgio Ippolita,Giorgio Ippolita,DET,NOUN,nmod,nsubj,explicit_ref_only,
2149,918,one-to-many,dn_992,ngm_1044 ngm_1045 ngm_1046,Giorgio Ippolita,Giorgio Ippolita,NULL,NULL,nsubj,nsubj,zero_zero_semantic,0.41491029676401825
2150,918,one-to-many,dn_992,ngm_1044 ngm_1045 ngm_1046,Giorgio Ippolita,Giorgio Ippolita,NULL,NULL,nsubj,nsubj,zero_zero_semantic,0.15240497656078944
2151,918,one-to-many,dn_992,ngm_1044 ngm_1045 ngm_1046,Giorgio Ippolita,Giorgio Ippolita,NULL,NULL,nsubj,nsubj,zero_zero_semantic,0.15834274584007965
2152,918,one-to-many,dn_992,ngm_1044 ngm_1045 ngm_1046,Giorgio Ippolita,Giorgio Ippolita,NULL,NULL,nsubj,nsubj,zero_zero_semantic,0.3533489570639703
2153,918,one-to-many,dn_992,ngm_1044 ngm_1045 ngm_1046,Giorgio Ippolita,MISSING,PRON-REFLEX,MISSING,obj,MISSING,leftover_source,
2154,918,one-to-many,dn_992,ngm_1044 ngm_1045 ngm_1046,Giorgio Ippolita,MISSING,NULL,MISSING,nsubj,MISSING,leftover_source,
2155,918,one-to-many,dn_992,ngm_1044 ngm_1045 ngm_1046,Giorgio Ippolita,MISSING,PRON-REFLEX,MISSING,obj,MISSING,leftover_source,
2156,918,one-to-many,dn_992,ngm_1044 ngm_1045 ngm_1046,Giorgio Ippolita,MISSING,NULL,MISSING,nsubj,MISSING,leftover_source,
2157,918,one-to-many,dn_992,ngm_1044 ngm_1045 ngm_1046,Giorgio Ippolita,MISSING,PRON-REFLEX,MISSING,obj,MISSING,leftover_source,
2158,918,one-to-many,dn_992,ngm_1044 ngm_1045 ngm_1046,Giorgio Ippolita,MISSING,PRON-REFLEX,MISSING,obj,MISSING,leftover_source,
2159,919,one-to-one,dn_993,ngm_1047,Giorgio,MISSING,PRON,MISSING,obj,MISSING,leftover_source,
2160,919,one-to-one,dn_993,ngm_1047,Giorgio Ippolita,Giorgio Ippolita,DET,PRON,nmod,nmod,explicit_ref_case,
2161,919,one-to-one,dn_993,ngm_1047,Giorgio Ippolita,Giorgio Ippolita,NULL,NULL,nsubj,nsubj,zero_zero_semantic,0.3992086263898188
2162,919,one-to-one,dn_993,ngm_1047,MISSING,Giorgio Ippolita,MISSING,NULL,MISSING,nsubj,leftover_target,
2163,919,one-to-one,dn_993,ngm_1047,MISSING,Giorgio Ippolita,MISSING,NULL,MISSING,nsubj,leftover_target,
2164,919,one-to-one,dn_993,ngm_1047,MISSING,Giorgio Ippolita,MISSING,NULL,MISSING,nsubj,leftover_target,
2165,919,one-to-one,dn_993,ngm_1047,Ippolita,MISSING,PRON,MISSING,obj,MISSING,leftover_source,
2166,920,one-to-one,dn_994,ngm_1048,Giorgio Ippolita,Giorgio Ippolita,NULL,NULL,nsubj,nsubj,zero_zero_single,
2167,920,one-to-one,dn_994,ngm_1048,MISSING,Giorgio Ippolita,MISSING,NOUN,MISSING,nsubj,leftover_target,
2168,921,one-to-one,dn_995,ngm_1049,Ippolita,Ippolita,PROPN,PROPN,nsubj,nsubj,explicit_full,
2169,921,one-to-one,dn_995,ngm_1049,Ippolita,MISSING,NULL,MISSING,nsubj,MISSING,leftover_source,
2170,922,one-to-one,dn_996,ngm_1050,Giorgio,Giorgio,NULL,NULL,nsubj,nsubj,zero_zero_semantic,0.0785251058863871
2171,922,one-to-one,dn_996,ngm_1050,Giorgio,Giorgio,NULL,NULL,nsubj,nsubj,zero_zero_semantic,0.3344723906882283
2172,922,one-to-one,dn_996,ngm_1050,Giorgio,MISSING,PRON-REFLEX,MISSING,obj,MISSING,leftover_source,
2173,922,one-to-one,dn_996,ngm_1050,Ippolita,Ippolita,DET,PRON,nmod,nmod,explicit_ref_case,
2174,923,one-to-one,dn_997,ngm_1051,Giorgio,Giorgio,PROPN,PROPN,nsubj,nsubj,explicit_full,
2175,923,one-to-one,dn_997,ngm_1051,Giorgio,Giorgio,NULL,NULL,nsubj,nsubj,zero_zero_single,
2176,923,one-to-one,dn_997,ngm_1051,Giorgio,MISSING,PRON-REFLEX,MISSING,obj,MISSING,leftover_source,
2177,923,one-to-one,dn_997,ngm_1051,Ippolita,Ippolita,PRON,PRON,obj,nmod,explicit_ref_pos,
2178,924,one-to-one,dn_998,ngm_1052,Ippolita,Ippolita,PRON,PRON,nsubj,nsubj,explicit_full,
2179,925,one-to-one,dn_999,ngm_1053,Giorgio,MISSING,PRON,MISSING,obj,MISSING,leftover_source,
2180,926,one-to-one,dn_1000,ngm_1054,Giorgio,MISSING,PRON,MISSING,obj,MISSING,leftover_source,
2181,926,one-to-one,dn_1000,ngm_1054,Ippolita,Ippolita,NULL,NULL,nsubj,nsubj,zero_zero_single,
2182,926,one-to-one,dn_1000,ngm_1054,MISSING,Ippolita,MISSING,PRON,MISSING,nsubj,leftover_target,
2183,927,one-to-one,dn_1001,ngm_1055,Giorgio,Giorgio,PRON,PRON,nsubj,nsubj,explicit_full,
2184,927,one-to-one,dn_1001,ngm_1055,Ippolita,Ippolita,PRON,DET,obj,nmod,explicit_ref_only,
2185,928,one-to-one,dn_1002,ngm_1056,Giorgio,Giorgio,PRON,NOUN,obj,nmod,explicit_ref_only,
2186,928,one-to-one,dn_1002,ngm_1056,Ippolita,Ippolita,PRON,PRON,nsubj,nsubj,explicit_full,
2187,929,one-to-one,dn_1003,ngm_1057,Ippolita,Ippolita,NULL,PRON,nsubj,nsubj,zero_to_tgt_anchor,
2188,930,one-to-one,dn_1004,ngm_1058,Giorgio,Giorgio,PRON,PRON,nsubj,nmod,explicit_ref_pos,
2189,931,one-to-one,dn_1005,ngm_1059,Giorgio,Giorgio,PRON,PRON,obj,nmod,explicit_ref_pos,
2190,931,one-to-one,dn_1005,ngm_1059,Ippolita,Ippolita,NULL,NULL,nsubj,nsubj,zero_zero_single,
2191,931,one-to-one,dn_1005,ngm_1059,MISSING,Ippolita,MISSING,PRON,MISSING,nsubj,leftover_target,
2192,932,one-to-one,dn_1006,ngm_1060,Giorgio,Giorgio,PRON,PRON,obj,nmod,explicit_ref_pos,
2193,932,one-to-one,dn_1006,ngm_1060,Giorgio,MISSING,PRON,MISSING,obj,MISSING,leftover_source,
2194,932,one-to-one,dn_1006,ngm_1060,Ippolita,Ippolita,NULL,NULL,nsubj,nsubj,zero_zero_semantic,0.5185362980896685
2195,932,one-to-one,dn_1006,ngm_1060,Ippolita,Ippolita,NULL,NULL,nsubj,nsubj,zero_zero_semantic,0.16014507012206966
2196,932,one-to-one,dn_1006,ngm_1060,Ippolita,MISSING,PRON-REFLEX,MISSING,obj,MISSING,leftover_source,
2197,932,one-to-one,dn_1006,ngm_1060,MISSING,Ippolita,MISSING,PRON,MISSING,nmod,leftover_target,
2198,933,many-to-one,dn_1007 dn_1008,ngm_1061,Giorgio,Giorgio,PRON,PRON,nsubj,nsubj,explicit_full,
2199,933,many-to-one,dn_1007 dn_1008,ngm_1061,MISSING,Giorgio,MISSING,NULL,MISSING,nsubj,leftover_target,
2200,933,many-to-one,dn_1007 dn_1008,ngm_1061,Ippolita,Ippolita,PRON,PRON,nmod,nmod,explicit_full,
2201,933,many-to-one,dn_1007 dn_1008,ngm_1061,Ippolita,MISSING,PRON,MISSING,nsubj,MISSING,leftover_source,
2202,933,many-to-one,dn_1007 dn_1008,ngm_1061,Ippolita,MISSING,NULL,MISSING,nsubj,MISSING,leftover_source,
2203,934,one-to-many,dn_1009,ngm_1062 ngm_1063,MISSING,Ippolita,MISSING,PRON,MISSING,nsubj,leftover_target,
2204,935,one-to-one,dn_1010,ngm_1064,Giorgio Ippolita,Giorgio Ippolita,PRON,NOUN,nsubj,nsubj,explicit_ref_case,
2205,935,one-to-one,dn_1010,ngm_1064,MISSING,Giorgio Ippolita,MISSING,NULL,MISSING,nsubj,leftover_target,
2206,935,one-to-one,dn_1010,ngm_1064,MISSING,Giorgio Ippolita,MISSING,NULL,MISSING,nsubj,leftover_target,
2207,936,many-to-one,dn_1011 dn_1012,ngm_1065,Giorgio Ippolita,Giorgio Ippolita,PRON,PRON,obj,obj,explicit_full,
2208,936,many-to-one,dn_1011 dn_1012,ngm_1065,Giorgio Ippolita,Giorgio Ippolita,NULL,NULL,nsubj,nsubj,zero_zero_single,
2209,936,many-to-one,dn_1011 dn_1012,ngm_1065,Giorgio Ippolita,MISSING,PRON-REFLEX,MISSING,obj,MISSING,leftover_source,
2210,936,many-to-one,dn_1011 dn_1012,ngm_1065,MISSING,Giorgio Ippolita,MISSING,NOUN,MISSING,nsubj,leftover_target,
2211,937,one-to-one,dn_1013,ngm_1066,Ippolita,Ippolita,PRON,PRON,nsubj,nsubj,explicit_full,
2212,937,one-to-one,dn_1013,ngm_1066,MISSING,Ippolita,MISSING,NULL,MISSING,nsubj,leftover_target,
2213,938,one-to-one,dn_1014,ngm_1067,Giorgio Ippolita,Giorgio Ippolita,NULL,NULL,nsubj,nsubj,zero_zero_semantic,0.4380555149345171
2214,938,one-to-one,dn_1014,ngm_1067,Giorgio Ippolita,Giorgio Ippolita,NULL,NULL,nsubj,nsubj,zero_zero_semantic,0.28629074323745
2215,938,one-to-one,dn_1014,ngm_1067,Giorgio Ippolita,Giorgio Ippolita,PRON-REFLEX,NOUN,obj,obj,reflex_obj,
2216,938,one-to-one,dn_1014,ngm_1067,MISSING,Giorgio Ippolita,MISSING,NOUN,MISSING,obj,leftover_target,
2217,939,one-to-one,dn_1015,ngm_1068,Giorgio Ippolita,MISSING,NULL,MISSING,nsubj,MISSING,leftover_source,
2218,939,one-to-one,dn_1015,ngm_1068,Ippolita,Ippolita,PRON,PRON,nsubj,nsubj,explicit_full,
2219,939,one-to-one,dn_1015,ngm_1068,Ippolita,MISSING,PRON,MISSING,obj,MISSING,leftover_source,
2220,940,one-to-one,dn_1016,ngm_1069,Giorgio,Giorgio,PROPN,PROPN,obj,nmod,explicit_ref_pos,
2221,940,one-to-one,dn_1016,ngm_1069,Giorgio,MISSING,PRON,MISSING,obj,MISSING,leftover_source,
2222,941,one-to-one,dn_1017,ngm_1070,Giorgio,Giorgio,PRON,PRON,nsubj,nsubj,explicit_full,
2223,941,one-to-one,dn_1017,ngm_1070,Giorgio,Giorgio,NULL,NULL,nsubj,nsubj,zero_zero_semantic,0.2503206855720944
2224,941,one-to-one,dn_1017,ngm_1070,Giorgio,Giorgio,NULL,NULL,nsubj,nsubj,zero_zero_semantic,0.6551854661844596
2225,941,one-to-one,dn_1017,ngm_1070,Giorgio,MISSING,PRON-REFLEX,MISSING,obj,MISSING,leftover_source,
2226,941,one-to-one,dn_1017,ngm_1070,Ippolita,Ippolita,PRON,PRON,obj,nmod,explicit_ref_pos,
2227,941,one-to-one,dn_1017,ngm_1070,Ippolita,Ippolita,PRON,PRON,obj,nmod,explicit_ref_pos,
2228,942,one-to-many,dn_1018,ngm_1071 ngm_1072,Ippolita,Ippolita,PRON,PRON,nmod,nmod,explicit_full,
2229,942,one-to-many,dn_1018,ngm_1071 ngm_1072,Ippolita,Ippolita,PRON,PRON,nsubj,nsubj,explicit_full,
2230,942,one-to-many,dn_1018,ngm_1071 ngm_1072,MISSING,Ippolita,MISSING,NULL,MISSING,nsubj,leftover_target,
2231,944,one-to-one,dn_1020,ngm_1074,MISSING,Giorgio,MISSING,NULL,MISSING,nsubj,leftover_target,
2232,944,one-to-one,dn_1020,ngm_1074,Giorgio Ippolita,MISSING,PRON,MISSING,nsubj,MISSING,leftover_source,
2233,944,one-to-one,dn_1020,ngm_1074,Giorgio Ippolita,MISSING,NULL,MISSING,nsubj,MISSING,leftover_source,
2234,945,one-to-one,dn_1021,ngm_1075,MISSING,Giorgio,MISSING,NULL,MISSING,nsubj,leftover_target,
2235,946,one-to-one,dn_1022,ngm_1076,Ippolita,Ippolita,PRON,PRON,nsubj,nsubj,explicit_full,
2236,948,one-to-one,dn_1024,ngm_1078,MISSING,Giorgio,MISSING,NOUN,MISSING,nmod,leftover_target,
2237,948,one-to-one,dn_1024,ngm_1078,Ippolita,Ippolita,PROPN,PRON,nsubj,nsubj,explicit_ref_case,
2238,948,one-to-one,dn_1024,ngm_1078,Ippolita,MISSING,NULL,MISSING,nsubj,MISSING,leftover_source,
2239,949,one-to-one,dn_1025,ngm_1079,Giorgio Ippolita,MISSING,NULL,MISSING,nsubj,MISSING,leftover_source,
2240,949,one-to-one,dn_1025,ngm_1079,MISSING,Giorgio Ippolita,MISSING,NOUN,MISSING,obj,leftover_target,
2241,950,one-to-one,dn_1026,ngm_1080,Giorgio Ippolita,Giorgio Ippolita,PRON,PRON,obj,nmod,explicit_ref_pos,
2242,950,one-to-one,dn_1026,ngm_1080,UNKNOWN,MISSING,NULL,MISSING,nsubj,MISSING,leftover_source,
2243,951,one-to-one,dn_1027,ngm_1081,Giorgio,Giorgio,PROPN,PROPN,nmod,nmod,explicit_full,
2244,951,one-to-one,dn_1027,ngm_1081,Ippolita,Ippolita,NULL,NULL,nsubj,nsubj,zero_zero_semantic,0.4843666974112643
2245,951,one-to-one,dn_1027,ngm_1081,Ippolita,Ippolita,NULL,NULL,nsubj,nsubj,zero_zero_semantic,0.28962916455431387
2246,951,one-to-one,dn_1027,ngm_1081,Ippolita,MISSING,PRON-REFLEX,MISSING,obj,MISSING,leftover_source,
2247,951,one-to-one,dn_1027,ngm_1081,Ippolita,MISSING,PRON-REFLEX,MISSING,obj,MISSING,leftover_source,
2248,951,one-to-one,dn_1027,ngm_1081,MISSING,Ippolita,MISSING,PRON,MISSING,nsubj,leftover_target,
2249,953,one-to-one,dn_1029,ngm_1083,Giorgio Ippolita,Giorgio Ippolita,NULL,NULL,nsubj,nsubj,zero_zero_semantic,0.15790930202046594
2250,953,one-to-one,dn_1029,ngm_1083,Giorgio Ippolita,Giorgio Ippolita,NULL,NULL,nsubj,nsubj,zero_zero_semantic,0.06152392265560862
2251,953,one-to-one,dn_1029,ngm_1083,MISSING,Giorgio Ippolita,MISSING,NULL,MISSING,nsubj,leftover_target,
2252,954,one-to-one,dn_1030,ngm_1084,Giorgio Ippolita,Giorgio Ippolita,PRON,NOUN,nsubj,nsubj,explicit_ref_case,
2253,954,one-to-one,dn_1030,ngm_1084,Giorgio Ippolita,MISSING,NULL,MISSING,nsubj,MISSING,leftover_source,
2254,954,one-to-one,dn_1030,ngm_1084,MISSING,Ippolita,MISSING,NULL,MISSING,nsubj,leftover_target,
2255,954,one-to-one,dn_1030,ngm_1084,MISSING,Ippolita,MISSING,NULL,MISSING,nsubj,leftover_target,
2256,955,one-to-one,dn_1031,ngm_1085,Giorgio Ippolita,Giorgio Ippolita,NULL,NULL,nsubj,nsubj,zero_zero_single,
2257,955,one-to-one,dn_1031,ngm_1085,Giorgio Ippolita,MISSING,PRON-REFLEX,MISSING,obj,MISSING,leftover_source,
2258,955,one-to-one,dn_1031,ngm_1085,MISSING,Giorgio Ippolita,MISSING,PRON,MISSING,nsubj,leftover_target,
2259,955,one-to-one,dn_1031,ngm_1085,MISSING,Giorgio Ippolita,MISSING,DET,MISSING,nmod,leftover_target,
2260,956,one-to-many,dn_1032,ngm_1086 ngm_1087,Giorgio Ippolita,Giorgio Ippolita,NULL,NULL,nsubj,nsubj,zero_zero_semantic,0.404165458056792
2261,956,one-to-many,dn_1032,ngm_1086 ngm_1087,MISSING,Giorgio Ippolita,MISSING,NULL,MISSING,nsubj,leftover_target,
2262,957,one-to-one,dn_1033,ngm_1088,Giorgio Ippolita,Giorgio Ippolita,NULL,NULL,nsubj,nsubj,zero_zero_single,
2263,957,one-to-one,dn_1033,ngm_1088,MISSING,Giorgio Ippolita,MISSING,NOUN,MISSING,nsubj,leftover_target,
2264,958,one-to-one,dn_1034,ngm_1089,Giorgio Ippolita,Giorgio Ippolita,DET,NOUN,nmod,nmod,explicit_ref_case,
2265,958,one-to-one,dn_1034,ngm_1089,Giorgio Ippolita,MISSING,NULL,MISSING,nsubj,MISSING,leftover_source,
2266,959,one-to-one,dn_1035,ngm_1090,Ippolita,MISSING,NULL,MISSING,nsubj,MISSING,leftover_source,
2267,960,one-to-many,dn_1036,ngm_1091 ngm_1092,Giorgio,Giorgio,PROPN,PROPN,nsubj,nsubj,explicit_full,
2268,960,one-to-many,dn_1036,ngm_1091 ngm_1092,MISSING,Giorgio,MISSING,NULL,MISSING,nsubj,leftover_target,
2269,960,one-to-many,dn_1036,ngm_1091 ngm_1092,MISSING,Ippolita,MISSING,PRON,MISSING,nmod,leftover_target,
2270,961,one-to-one,dn_1037,ngm_1093,MISSING,Giorgio,MISSING,PRON,MISSING,nmod,leftover_target,
2271,961,one-to-one,dn_1037,ngm_1093,Ippolita,Ippolita,PRON,PRON,nsubj,nsubj,explicit_full,
2272,961,one-to-one,dn_1037,ngm_1093,Ippolita,Ippolita,NULL,NULL,nsubj,nsubj,zero_zero_single,
2273,961,one-to-one,dn_1037,ngm_1093,Ippolita,MISSING,PRON-REFLEX,MISSING,obj,MISSING,leftover_source,
2274,962,one-to-one,dn_1038,ngm_1094,Giorgio Ippolita,Giorgio Ippolita,DET,NOUN,nmod,nmod,explicit_ref_case,
2275,962,one-to-one,dn_1038,ngm_1094,Giorgio Ippolita,Giorgio Ippolita,PRON,NOUN,obj,nsubj,explicit_ref_only,
2276,962,one-to-one,dn_1038,ngm_1094,Giorgio Ippolita,MISSING,DET,MISSING,obj,MISSING,leftover_source,
2277,962,one-to-one,dn_1038,ngm_1094,MISSING,Giorgio Ippolita,MISSING,NULL,MISSING,nsubj,leftover_target,
2278,964,one-to-one,dn_1040,ngm_1096,MISSING,Giorgio,MISSING,PRON,MISSING,obj,leftover_target,
2279,964,one-to-one,dn_1040,ngm_1096,Ippolita,Ippolita,PROPN,PROPN,nsubj,nsubj,explicit_full,
2280,964,one-to-one,dn_1040,ngm_1096,MISSING,Ippolita,MISSING,NULL,MISSING,nsubj,leftover_target,
2281,964,one-to-one,dn_1040,ngm_1096,MISSING,Ippolita,MISSING,NULL,MISSING,nsubj,leftover_target,
2282,964,one-to-one,dn_1040,ngm_1096,MISSING,Ippolita,MISSING,NULL,MISSING,nsubj,leftover_target,
2283,965,one-to-one,dn_1041,ngm_1097,Giorgio Ippolita,Giorgio Ippolita,NULL,PRON,nsubj,nsubj,zero_to_tgt_anchor,
2284,966,one-to-one,dn_1042,ngm_1098,Ippolita,Ippolita,PRON,PRON,nsubj,nmod,explicit_ref_pos,
2285,967,one-to-one,dn_1043,ngm_1099,Ippolita,Ippolita,NULL,NULL,nsubj,nsubj,zero_zero_semantic,0.6198008276703881
2286,967,one-to-one,dn_1043,ngm_1099,Ippolita,Ippolita,NULL,PRON,nsubj,nsubj,zero_to_tgt_anchor,
2287,968,one-to-one,dn_1044,ngm_1100,Giorgio,Giorgio,PROPN,PROPN,nsubj,nsubj,explicit_full,
2288,968,one-to-one,dn_1044,ngm_1100,MISSING,Giorgio,MISSING,NULL,MISSING,nsubj,leftover_target,
2289,968,one-to-one,dn_1044,ngm_1100,Ippolita,Ippolita,PRON,PRON,obj,obj,explicit_full,
2290,969,one-to-many,dn_1045,ngm_1101 ngm_1102 ngm_1103,Giorgio,Giorgio,PRON,PRON,obj,obj,explicit_full,
2291,969,one-to-many,dn_1045,ngm_1101 ngm_1102 ngm_1103,Giorgio,Giorgio,PRON,PRON,nsubj,nsubj,explicit_full,
2292,969,one-to-many,dn_1045,ngm_1101 ngm_1102 ngm_1103,Giorgio,Giorgio,NULL,NULL,nsubj,nsubj,zero_zero_single,
2293,969,one-to-many,dn_1045,ngm_1101 ngm_1102 ngm_1103,MISSING,Giorgio,MISSING,PRON,MISSING,nsubj,leftover_target,
2294,969,one-to-many,dn_1045,ngm_1101 ngm_1102 ngm_1103,Ippolita,MISSING,PRON,MISSING,obj,MISSING,leftover_source,
2295,970,one-to-one,dn_1046,ngm_1104,Giorgio,Giorgio,NULL,NULL,nsubj,nsubj,zero_zero_single,
2296,971,one-to-one,dn_1047,ngm_1105,Giorgio,MISSING,PRON,MISSING,obj,MISSING,leftover_source,
2297,971,one-to-one,dn_1047,ngm_1105,Ippolita,Ippolita,PROPN,PROPN,nsubj,nsubj,explicit_full,
2298,972,one-to-one,dn_1048,ngm_1106,Ippolita,Ippolita,PRON,PRON,obj,nmod,explicit_ref_pos,
2299,973,one-to-one,dn_1049,ngm_1107,Giorgio,Giorgio,PRON,PRON,nsubj,nsubj,explicit_full,
2300,973,one-to-one,dn_1049,ngm_1107,Ippolita,Ippolita,PRON,PRON,obj,nmod,explicit_ref_pos,
2301,974,one-to-one,dn_1050,ngm_1108,Giorgio,Giorgio,PRON,PRON,obj,obj,explicit_full,
2302,974,one-to-one,dn_1050,ngm_1108,Ippolita,Ippolita,PRON,PRON,nsubj,nsubj,explicit_full,
2303,974,one-to-one,dn_1050,ngm_1108,Ippolita,Ippolita,DET,PRON,nmod,nmod,explicit_ref_case,
2304,974,one-to-one,dn_1050,ngm_1108,Ippolita,MISSING,PRON-REFLEX,MISSING,obj,MISSING,leftover_source,
2305,974,one-to-one,dn_1050,ngm_1108,Ippolita,MISSING,NULL,MISSING,nsubj,MISSING,leftover_source,
2306,974,one-to-one,dn_1050,ngm_1108,MISSING,Ippolita Ippolitas-husband,MISSING,NOUN,MISSING,obj,leftover_target,
2307,974,one-to-one,dn_1050,ngm_1108,Ippolitas-husband,Ippolitas-husband,NOUN,NOUN,obj,obj,explicit_full,
2308,975,one-to-one,dn_1051,ngm_1109,Ippolita,Ippolita,PRON,PRON,nsubj,nsubj,explicit_full,
2309,975,one-to-one,dn_1051,ngm_1109,MISSING,Ippolita,MISSING,NULL,MISSING,nsubj,leftover_target,
2310,976,one-to-one,dn_1052,ngm_1110,Ippolita,Ippolita,PRON,PRON,nsubj,nsubj,explicit_full,
2311,976,one-to-one,dn_1052,ngm_1110,Ippolita,MISSING,PRON-REFLEX,MISSING,obj,MISSING,leftover_source,
2312,976,one-to-one,dn_1052,ngm_1110,Ippolita,MISSING,NULL,MISSING,nsubj,MISSING,leftover_source,
2313,978,one-to-many,dn_1054,ngm_1112 ngm_1113,Ippolita,Ippolita,PRON,PRON,obj,obj,explicit_full,
2314,978,one-to-many,dn_1054,ngm_1112 ngm_1113,MISSING,Ippolita,MISSING,NULL,MISSING,nsubj,leftover_target,
2315,978,one-to-many,dn_1054,ngm_1112 ngm_1113,MISSING,Ippolita,MISSING,NULL,MISSING,nsubj,leftover_target,
2316,979,one-to-many,dn_1055,ngm_1114 ngm_1115,Giorgio,Giorgio,PRON,PRON,nsubj,nsubj,explicit_full,
2317,979,one-to-many,dn_1055,ngm_1114 ngm_1115,MISSING,Giorgio,MISSING,NULL,MISSING,nsubj,leftover_target,
2318,981,one-to-many,dn_1058,ngm_1117 ngm_1118,Giorgio,Giorgio,NOUN,PRON,nsubj,nsubj,explicit_ref_case,
2319,981,one-to-many,dn_1058,ngm_1117 ngm_1118,Giorgio,Giorgio,NULL,NULL,nsubj,nsubj,zero_zero_single,
2320,981,one-to-many,dn_1058,ngm_1117 ngm_1118,MISSING,Giorgio,MISSING,NOUN,MISSING,nmod,leftover_target,
2321,981,one-to-many,dn_1058,ngm_1117 ngm_1118,Ippolita,Ippolita,PROPN,PROPN,nsubj,nsubj,explicit_full,
2322,982,one-to-one,dn_1059,ngm_1119,Giorgio,Giorgio,PRON,PROPN,obj,nmod,explicit_ref_only,
2323,982,one-to-one,dn_1059,ngm_1119,Giorgio,MISSING,PRON,MISSING,obj,MISSING,leftover_source,
2324,982,one-to-one,dn_1059,ngm_1119,Ippolita,Ippolita,PRON,PRON,nsubj,nsubj,explicit_full,
2325,982,one-to-one,dn_1059,ngm_1119,MISSING,Ippolita,MISSING,NULL,MISSING,nsubj,leftover_target,
2326,983,one-to-one,dn_1060,ngm_1120,Giorgio,Giorgio,PRON,PRON,nsubj,nsubj,explicit_full,
2327,984,one-to-many,dn_1061,ngm_1121 ngm_1122,Giorgio,Giorgio,PRON,PRON,nsubj,nsubj,explicit_full,
2328,984,one-to-many,dn_1061,ngm_1121 ngm_1122,Giorgio,Giorgio,NULL,NULL,nsubj,nsubj,zero_zero_semantic,0.20444600402362761
2329,984,one-to-many,dn_1061,ngm_1121 ngm_1122,MISSING,Giorgio,MISSING,NULL,MISSING,nsubj,leftover_target,
2330,984,one-to-many,dn_1061,ngm_1121 ngm_1122,MISSING,Giorgio,MISSING,NULL,MISSING,nsubj,leftover_target,
2331,984,one-to-many,dn_1061,ngm_1121 ngm_1122,Ippolita,Ippolita,PRON,PRON,obj,obj,explicit_full,
2332,985,one-to-many,dn_1062,ngm_1123 ngm_1124,Giorgio,Giorgio,PRON,PRON,nsubj,nsubj,explicit_full,
2333,985,one-to-many,dn_1062,ngm_1123 ngm_1124,Giorgio,MISSING,PRON,MISSING,obj,MISSING,leftover_source,
2334,985,one-to-many,dn_1062,ngm_1123 ngm_1124,Ippolita,Ippolita,PRON,PRON,nsubj,nsubj,explicit_full,
2335,985,one-to-many,dn_1062,ngm_1123 ngm_1124,Ippolita,Ippolita,NULL,NULL,nsubj,nsubj,zero_zero_single,
2336,985,one-to-many,dn_1062,ngm_1123 ngm_1124,MISSING,Ippolita,MISSING,PRON,MISSING,nmod,leftover_target,
2337,986,one-to-many,dn_1063,ngm_1125 ngm_1126,Giorgio,Giorgio,PRON,PRON,obj,nmod,explicit_ref_pos,
2338,986,one-to-many,dn_1063,ngm_1125 ngm_1126,Ippolita,Ippolita,NULL,NULL,nsubj,nsubj,zero_zero_semantic,0.13648212514666894
2339,986,one-to-many,dn_1063,ngm_1125 ngm_1126,Ippolita,Ippolita,NULL,NULL,nsubj,nsubj,zero_zero_semantic,0.24371535451064708
2340,986,one-to-many,dn_1063,ngm_1125 ngm_1126,Ippolita,Ippolita,NULL,PRON,nsubj,nsubj,zero_to_tgt_anchor,
2341,987,one-to-one,dn_1064,ngm_1127,MISSING,Giorgio Ippolita,MISSING,NULL,MISSING,nsubj,leftover_target,
2342,988,one-to-one,dn_1065,ngm_1128,Ippolita,Ippolita,NULL,NULL,nsubj,nsubj,zero_zero_semantic,0.3232042133808136
2343,988,one-to-one,dn_1065,ngm_1128,MISSING,Ippolita,MISSING,PRON,MISSING,nsubj,leftover_target,
2344,988,one-to-one,dn_1065,ngm_1128,MISSING,Ippolita,MISSING,NULL,MISSING,nsubj,leftover_target,
2345,988,one-to-one,dn_1065,ngm_1128,MISSING,Ippolita,MISSING,NULL,MISSING,nsubj,leftover_target,
2346,989,many-to-one,dn_1066 dn_1067,ngm_1129,Giorgio,Giorgio,NOUN,PRON,vocative,vocative,explicit_ref_case,
2347,989,many-to-one,dn_1066 dn_1067,ngm_1129,MISSING,Giorgio Ippolita,MISSING,NULL,MISSING,nsubj,leftover_target,
2348,990,one-to-one,dn_1068,ngm_1130,Giorgio,Giorgio,PRON,PRON,obj,nmod,explicit_ref_pos,
2349,990,one-to-one,dn_1068,ngm_1130,Ippolita,Ippolita,PRON,PRON,nsubj,nsubj,explicit_full,
2350,990,one-to-one,dn_1068,ngm_1130,Ippolita,MISSING,PRON-REFLEX,MISSING,obj,MISSING,leftover_source,
2351,990,one-to-one,dn_1068,ngm_1130,MISSING,Ippolita,MISSING,NULL,MISSING,nsubj,leftover_target,
2352,990,one-to-one,dn_1068,ngm_1130,MISSING,Ippolita,MISSING,NULL,MISSING,nsubj,leftover_target,
2353,991,one-to-one,dn_1069,ngm_1131,Ippolita,Ippolita,NULL,NULL,nsubj,nsubj,zero_zero_semantic,0.32547917515039443
2354,991,one-to-one,dn_1069,ngm_1131,Ippolita,Ippolita,NULL,NULL,nsubj,nsubj,zero_zero_semantic,0.4402813022786921
2355,993,one-to-one,dn_1071,ngm_1133,Giorgio,MISSING,NOUN,MISSING,vocative,MISSING,leftover_source,
2356,993,one-to-one,dn_1071,ngm_1133,MISSING,Giorgio,MISSING,NULL,MISSING,nsubj,leftover_target,
2357,993,one-to-one,dn_1071,ngm_1133,MISSING,Ippolita,MISSING,PRON,MISSING,vocative,leftover_target,
2358,995,one-to-one,dn_1073,ngm_1135,Giorgio Ippolita,Giorgio Ippolita,NULL,PRON,nsubj,nsubj,zero_to_tgt_anchor,
2359,996,one-to-one,dn_1074,ngm_1136,Giorgio,Giorgio,PRON,PRON,nsubj,nsubj,explicit_full,
2360,996,one-to-one,dn_1074,ngm_1136,Giorgio,MISSING,PRON,MISSING,obj,MISSING,leftover_source,
2361,996,one-to-one,dn_1074,ngm_1136,MISSING,Giorgio,MISSING,NULL,MISSING,nsubj,leftover_target,
2362,996,one-to-one,dn_1074,ngm_1136,MISSING,Ippolita,MISSING,PRON,MISSING,nmod,leftover_target,
2363,997,one-to-one,dn_1075,ngm_1137,Giorgio,Giorgio,NULL,NULL,nsubj,nsubj,zero_zero_single,
2364,997,one-to-one,dn_1075,ngm_1137,Giorgio,MISSING,PRON-REFLEX,MISSING,obj,MISSING,leftover_source,
2365,1001,one-to-one,dn_1079,ngm_1141,Giorgio Ippolita,Giorgio Ippolita,NULL,PRON,nsubj,nsubj,zero_to_tgt_anchor,
2366,1002,one-to-one,dn_1080,ngm_1142,Giorgio,Giorgio,PROPN,PROPN,nsubj,nsubj,explicit_full,
2367,1002,one-to-one,dn_1080,ngm_1142,Giorgio,MISSING,PRON,MISSING,nmod,MISSING,leftover_source,
2368,1002,one-to-one,dn_1080,ngm_1142,Giorgio,MISSING,PRON,MISSING,obj,MISSING,leftover_source,
2369,1002,one-to-one,dn_1080,ngm_1142,Ippolita,Ippolita,NOUN,PRON,nmod,nmod,explicit_ref_case,
2370,1003,one-to-one,dn_1081,ngm_1143,Giorgio,MISSING,PRON,MISSING,obj,MISSING,leftover_source,
2371,1005,one-to-one,dn_1083,ngm_1145,Giorgio Ippolita,Giorgio Ippolita,NULL,PRON,nsubj,nsubj,zero_to_tgt_anchor,
2372,1006,one-to-one,dn_1084,ngm_1146,Giorgio,Giorgio,PRON,PRON,nsubj,nsubj,explicit_full,
2373,1006,one-to-one,dn_1084,ngm_1146,Giorgio,MISSING,NULL,MISSING,nsubj,MISSING,leftover_source,
2374,1007,one-to-many,dn_1085,ngm_1147 ngm_1148 ngm_1149,Giorgio,Giorgio,DET,PRON,nmod,nmod,explicit_ref_case,
2375,1007,one-to-many,dn_1085,ngm_1147 ngm_1148 ngm_1149,Giorgio,Giorgio,DET,PROPN,nmod,nmod,explicit_ref_case,
2376,1007,one-to-many,dn_1085,ngm_1147 ngm_1148 ngm_1149,Giorgio,Giorgio,NULL,NULL,nsubj,nsubj,zero_zero_semantic,0.29349277439823535
2377,1007,one-to-many,dn_1085,ngm_1147 ngm_1148 ngm_1149,MISSING,Giorgio,MISSING,PRON,MISSING,nsubj,leftover_target,
2378,1007,one-to-many,dn_1085,ngm_1147 ngm_1148 ngm_1149,MISSING,Giorgio,MISSING,NULL,MISSING,nsubj,leftover_target,
2379,1007,one-to-many,dn_1085,ngm_1147 ngm_1148 ngm_1149,MISSING,Giorgio,MISSING,NULL,MISSING,nsubj,leftover_target,
2380,1007,one-to-many,dn_1085,ngm_1147 ngm_1148 ngm_1149,MISSING,Giorgio,MISSING,NULL,MISSING,nsubj,leftover_target,
2381,1007,one-to-many,dn_1085,ngm_1147 ngm_1148 ngm_1149,MISSING,Giorgio,MISSING,NULL,MISSING,nsubj,leftover_target,
2382,1008,one-to-one,dn_1086,ngm_1150,Giorgio,Giorgio,PRON,PRON,obj,obj,explicit_full,
2383,1008,one-to-one,dn_1086,ngm_1150,Giorgio,Giorgio,PRON,PRON,obj,nmod,explicit_ref_pos,
2384,1012,one-to-one,dn_1090,ngm_1156,Ippolita,Ippolita,PRON,PRON,obj,nsubj,explicit_ref_pos,
2385,1013,one-to-one,dn_1091,ngm_1157,Ippolita,Ippolita,PROPN,PROPN,nsubj,nsubj,explicit_full,
2386,1013,one-to-one,dn_1091,ngm_1157,Ippolita,MISSING,PRON-REFLEX,MISSING,obj,MISSING,leftover_source,
2387,1013,one-to-one,dn_1091,ngm_1157,MISSING,Ippolita,MISSING,NULL,MISSING,nsubj,leftover_target,
2388,1013,one-to-one,dn_1091,ngm_1157,MISSING,Ippolita,MISSING,NULL,MISSING,nsubj,leftover_target,
2389,1014,one-to-one,dn_1092,ngm_1158,Ippolita,Ippolita,NULL,PRON,nsubj,nsubj,zero_to_tgt_anchor,
2390,1014,one-to-one,dn_1092,ngm_1158,Ippolita,MISSING,PRON-REFLEX,MISSING,obj,MISSING,leftover_source,
2391,1015,one-to-one,dn_1093,ngm_1159,Ippolita,Ippolita,PRON,PRON,nsubj,nsubj,explicit_full,
2392,1015,one-to-one,dn_1093,ngm_1159,MISSING,Ippolita,MISSING,PRON,MISSING,nmod,leftover_target,
2393,1015,one-to-one,dn_1093,ngm_1159,aunt-Giovianna,aunt-Giovianna,NOUN,PROPN,obj,nmod,explicit_ref_only,
2394,1016,one-to-many,dn_1094,ngm_1160 ngm_1161,Ippolita,Ippolita,NULL,PRON,nsubj,nsubj,zero_to_tgt_anchor,
2395,1016,one-to-many,dn_1094,ngm_1160 ngm_1161,Ippolita,MISSING,PRON-REFLEX,MISSING,obj,MISSING,leftover_source,
2396,1016,one-to-many,dn_1094,ngm_1160 ngm_1161,aunt-Giovianna,aunt-Giovianna,NOUN,NOUN,nsubj,nsubj,explicit_full,
2397,1016,one-to-many,dn_1094,ngm_1160 ngm_1161,aunt-Giovianna,MISSING,NULL,MISSING,nsubj,MISSING,leftover_source,
2398,1016,one-to-many,dn_1094,ngm_1160 ngm_1161,MISSING,aunt-Giovianna,MISSING,NOUN,MISSING,vocative,leftover_target,
2399,1017,one-to-one,dn_1095,ngm_1162,Giorgio,MISSING,PRON,MISSING,nsubj,MISSING,leftover_source,
2400,1017,one-to-one,dn_1095,ngm_1162,Ippolita,Ippolita,NULL,NULL,nsubj,nsubj,zero_zero_semantic,0.4839187423388163
2401,1017,one-to-one,dn_1095,ngm_1162,Ippolita,Ippolita,NULL,PRON,nsubj,nsubj,zero_to_tgt_anchor,
2402,1017,one-to-one,dn_1095,ngm_1162,Ippolita,MISSING,PRON-REFLEX,MISSING,obj,MISSING,leftover_source,
2403,1017,one-to-one,dn_1095,ngm_1162,aunt-Giovianna,aunt-Giovianna,DET,NOUN,nmod,nsubj,explicit_ref_only,
2404,1017,one-to-one,dn_1095,ngm_1162,aunt-Giovianna,MISSING,PRON,MISSING,obj,MISSING,leftover_source,
2405,1018,one-to-one,dn_1096,ngm_1163,Ippolita,MISSING,PRON-REFLEX,MISSING,obj,MISSING,leftover_source,
2406,1018,one-to-one,dn_1096,ngm_1163,Ippolita,MISSING,NULL,MISSING,nsubj,MISSING,leftover_source,
2407,1018,one-to-one,dn_1096,ngm_1163,aunt-Giovianna,aunt-Giovianna,NULL,NULL,nsubj,nsubj,zero_zero_single,
2408,1018,one-to-one,dn_1096,ngm_1163,MISSING,aunt-Giovianna,MISSING,NOUN,MISSING,nsubj,leftover_target,
2409,1019,one-to-one,dn_1097,ngm_1164,aunt-Giovianna,aunt-Giovianna,NOUN,NOUN,vocative,vocative,explicit_full,
2410,1020,one-to-one,dn_1098,ngm_1165,Ippolita,Ippolita,NULL,NULL,nsubj,nsubj,zero_zero_semantic,0.5106291468934349
2411,1020,one-to-one,dn_1098,ngm_1165,MISSING,Ippolita,MISSING,NULL,MISSING,nsubj,leftover_target,
2412,1020,one-to-one,dn_1098,ngm_1165,MISSING,Ippolita,MISSING,NULL,MISSING,nsubj,leftover_target,
2413,1020,one-to-one,dn_1098,ngm_1165,aunt-Giovianna,MISSING,PRON,MISSING,obj,MISSING,leftover_source,
2414,1020,one-to-one,dn_1098,ngm_1165,aunt-Giovianna,MISSING,DET,MISSING,nmod,MISSING,leftover_source,
2415,1020,one-to-one,dn_1098,ngm_1165,aunt-Giovianna,MISSING,DET,MISSING,nmod,MISSING,leftover_source,
2416,1021,one-to-many,dn_1099,ngm_1166 ngm_1167 ngm_1168,Giorgio,Giorgio,PROPN,PROPN,obj,obj,explicit_full,
2417,1021,one-to-many,dn_1099,ngm_1166 ngm_1167 ngm_1168,Ippolita,Ippolita,PRON,PRON,nsubj,nsubj,explicit_full,
2418,1021,one-to-many,dn_1099,ngm_1166 ngm_1167 ngm_1168,Ippolita,MISSING,PRON-REFLEX,MISSING,obj,MISSING,leftover_source,
2419,1021,one-to-many,dn_1099,ngm_1166 ngm_1167 ngm_1168,MISSING,Ippolita,MISSING,NULL,MISSING,nsubj,leftover_target,
2420,1021,one-to-many,dn_1099,ngm_1166 ngm_1167 ngm_1168,MISSING,Ippolita,MISSING,NULL,MISSING,nsubj,leftover_target,
2421,1021,one-to-many,dn_1099,ngm_1166 ngm_1167 ngm_1168,MISSING,Ippolita,MISSING,NULL,MISSING,nsubj,leftover_target,
2422,1021,one-to-many,dn_1099,ngm_1166 ngm_1167 ngm_1168,MISSING,Ippolita,MISSING,NULL,MISSING,nsubj,leftover_target,
2423,1021,one-to-many,dn_1099,ngm_1166 ngm_1167 ngm_1168,MISSING,Ippolita,MISSING,NULL,MISSING,nsubj,leftover_target,
2424,1021,one-to-many,dn_1099,ngm_1166 ngm_1167 ngm_1168,pavers,pavers,NOUN,NOUN,nsubj,nsubj,explicit_full,
2425,1022,one-to-one,dn_1100,ngm_1169,Ippolita,Ippolita,NULL,PRON,nsubj,nsubj,zero_to_tgt_anchor,
2426,1022,one-to-one,dn_1100,ngm_1169,Ippolita,MISSING,PRON-REFLEX,MISSING,obj,MISSING,leftover_source,
2427,1022,one-to-one,dn_1100,ngm_1169,MISSING,aunt-Giovianna,MISSING,NULL,MISSING,nsubj,leftover_target,
2428,1023,one-to-many,dn_1101,ngm_1170 ngm_1171,MISSING,Ippolita,MISSING,NULL,MISSING,nsubj,leftover_target,
2429,1024,one-to-one,dn_1102,ngm_1172,Ippolita,Ippolita,PRON,PRON,nsubj,nsubj,explicit_full,
2430,1025,many-to-one,dn_1103 dn_1104,ngm_1173,Ippolita,Ippolita,PRON,PRON,obj,nsubj,explicit_ref_pos,
2431,1025,many-to-one,dn_1103 dn_1104,ngm_1173,Ippolita,Ippolita,NULL,NULL,nsubj,nsubj,zero_zero_semantic,0.4322648160818483
2432,1025,many-to-one,dn_1103 dn_1104,ngm_1173,Ippolita,MISSING,PRON,MISSING,obj,MISSING,leftover_source,
2433,1025,many-to-one,dn_1103 dn_1104,ngm_1173,Ippolita,MISSING,NULL,MISSING,nsubj,MISSING,leftover_source,
2434,1026,one-to-one,dn_1105,ngm_1174,Ippolita,Ippolita,PRON,PRON,nsubj,nsubj,explicit_full,
2435,1026,one-to-one,dn_1105,ngm_1174,Ippolita,MISSING,PRON-REFLEX,MISSING,obj,MISSING,leftover_source,
2436,1026,one-to-one,dn_1105,ngm_1174,MISSING,Ippolita,MISSING,NULL,MISSING,nsubj,leftover_target,
2437,1027,one-to-many,dn_1106,ngm_1175 ngm_1176,Ippolita,Ippolita,PRON,PRON,obj,obj,explicit_full,
2438,1027,one-to-many,dn_1106,ngm_1175 ngm_1176,Ippolita,Ippolita,PRON,PRON,nsubj,nsubj,explicit_full,
2439,1027,one-to-many,dn_1106,ngm_1175 ngm_1176,MISSING,Ippolita,MISSING,NULL,MISSING,nsubj,leftover_target,
2440,1030,many-to-one,dn_1109 dn_1110,ngm_1179,Ippolita,Ippolita,PRON,PRON,obj,nsubj,explicit_ref_pos,
2441,1030,many-to-one,dn_1109 dn_1110,ngm_1179,Ippolita,Ippolita,NULL,NULL,nsubj,nsubj,zero_zero_semantic,0.34168596899331505
2442,1030,many-to-one,dn_1109 dn_1110,ngm_1179,MISSING,Ippolita,MISSING,NULL,MISSING,nsubj,leftover_target,
2443,1030,many-to-one,dn_1109 dn_1110,ngm_1179,MISSING,Ippolita,MISSING,NULL,MISSING,nsubj,leftover_target,
2444,1030,many-to-one,dn_1109 dn_1110,ngm_1179,MISSING,Ippolita,MISSING,NULL,MISSING,nsubj,leftover_target,
2445,1031,one-to-one,dn_1111,ngm_1180,Ippolita,Ippolita,PRON,PRON,obj,nmod,explicit_ref_pos,
2446,1031,one-to-one,dn_1111,ngm_1180,Ippolita,Ippolita,PRON,PRON,obj,nmod,explicit_ref_pos,
2447,1033,one-to-many,dn_1113,ngm_1182 ngm_1183,Ippolita,Ippolita,NULL,NULL,nsubj,nsubj,zero_zero_semantic,0.47257511605257857
2448,1033,one-to-many,dn_1113,ngm_1182 ngm_1183,Ippolita,MISSING,NULL,MISSING,nsubj,MISSING,leftover_source,
2449,1033,one-to-many,dn_1113,ngm_1182 ngm_1183,MISSING,Ippolita,MISSING,PRON,MISSING,nmod,leftover_target,
2450,1034,one-to-one,dn_1114,ngm_1184,Ippolita,Ippolita,PRON,PRON,obj,nmod,explicit_ref_pos,
2451,1035,one-to-many,dn_1115,ngm_1185 ngm_1186,Ippolita,Ippolita,PRON,PROPN,nsubj,nsubj,explicit_ref_case,
2452,1035,one-to-many,dn_1115,ngm_1185 ngm_1186,MISSING,Ippolita,MISSING,NULL,MISSING,nsubj,leftover_target,
2453,1037,one-to-one,dn_1118,ngm_1188,Ippolita,Ippolita,NULL,NULL,nsubj,nsubj,zero_zero_single,
2454,1037,one-to-one,dn_1118,ngm_1188,Ippolita,MISSING,PRON-REFLEX,MISSING,obj,MISSING,leftover_source,
2455,1037,one-to-one,dn_1118,ngm_1188,aunt-Giovianna,aunt-Giovianna,NOUN,NOUN,nmod,nmod,explicit_full,
2456,1038,one-to-many,dn_1119,ngm_1189 ngm_1190,Clarice,Clarice,NOUN,NOUN,nsubj,nsubj,explicit_full,
2457,1038,one-to-many,dn_1119,ngm_1189 ngm_1190,Clarice,Clarice,NOUN,PRON,nsubj,nsubj,explicit_ref_case,
2458,1038,one-to-many,dn_1119,ngm_1189 ngm_1190,Clarice,Clarice,NOUN,NOUN,obj,pred,explicit_ref_pos,
2459,1038,one-to-many,dn_1119,ngm_1189 ngm_1190,Clarice,MISSING,PRON-REFLEX,MISSING,obj,MISSING,leftover_source,
2460,1038,one-to-many,dn_1119,ngm_1189 ngm_1190,MISSING,Clarice,MISSING,NOUN,MISSING,pred,leftover_target,
2461,1038,one-to-many,dn_1119,ngm_1189 ngm_1190,Ippolita,MISSING,PRON,MISSING,obj,MISSING,leftover_source,
2462,1039,one-to-one,dn_1120,ngm_1191,aunt-Giovianna,aunt-Giovianna,NOUN,NOUN,nsubj,nsubj,explicit_full,
2463,1040,one-to-one,dn_1121,ngm_1192,Ippolita Clarice,Ippolita Clarice,PRON,PRON,nsubj,nsubj,explicit_full,
2464,1041,one-to-one,dn_1122,ngm_1193,Ippolita Clarice,Ippolita Clarice,PRON,PRON,obj,nmod,explicit_ref_pos,
2465,1042,one-to-one,dn_1123,ngm_1194,Clarice,Clarice,PROPN,NOUN,nsubj,nsubj,explicit_ref_case,
2466,1042,one-to-one,dn_1123,ngm_1194,Clarice,Clarice,NULL,NULL,nsubj,nsubj,zero_zero_semantic,0.43394995385950264
2467,1042,one-to-one,dn_1123,ngm_1194,MISSING,Clarice,MISSING,NULL,MISSING,nsubj,leftover_target,
2468,1043,one-to-one,dn_1124,ngm_1195,Ippolita Clarice,Ippolita Clarice,PRON,PRON,nsubj,nsubj,explicit_full,
2469,1044,one-to-one,dn_1125,ngm_1196,Clarice,Clarice,PROPN,NOUN,nsubj,nsubj,explicit_ref_case,
2470,1045,one-to-one,dn_1126,ngm_1197,Clarice,Clarice,NOUN,NOUN,pred,pred,explicit_full,
2471,1045,one-to-one,dn_1126,ngm_1197,Clarice,Clarice,NULL,NOUN,nsubj,nsubj,zero_to_tgt_anchor,
2472,1046,one-to-one,dn_1127,ngm_1198,Ippolita Clarice,Ippolita Clarice,PRON,PRON,nsubj,nsubj,explicit_full,
2473,1046,one-to-one,dn_1127,ngm_1198,MISSING,Ippolita Clarice,MISSING,NULL,MISSING,nsubj,leftover_target,
2474,1047,one-to-one,dn_1128,ngm_1199,Ippolita Clarice,Ippolita Clarice,DET,PRON,nmod,nmod,explicit_ref_case,
2475,1048,one-to-many,dn_1129,ngm_1200 ngm_1201,Clarice,Clarice,PROPN,NOUN,nsubj,nsubj,explicit_ref_case,
2476,1048,one-to-many,dn_1129,ngm_1200 ngm_1201,MISSING,Clarice,MISSING,NOUN,MISSING,nsubj,leftover_target,
2477,1048,one-to-many,dn_1129,ngm_1200 ngm_1201,MISSING,Clarice,MISSING,NULL,MISSING,nsubj,leftover_target,
2478,1048,one-to-many,dn_1129,ngm_1200 ngm_1201,MISSING,Clarice,MISSING,NULL,MISSING,nsubj,leftover_target,
2479,1048,one-to-many,dn_1129,ngm_1200 ngm_1201,Ippolita,Ippolita,PRON,PRON,obj,obj,explicit_full,
2480,1048,one-to-many,dn_1129,ngm_1200 ngm_1201,Ippolita,Ippolita,PRON,PRON,obj,nmod,explicit_ref_pos,
2481,1048,one-to-many,dn_1129,ngm_1200 ngm_1201,Ippolita,Ippolita,NULL,NULL,nsubj,nsubj,zero_zero_semantic,0.2428670694502263
2482,1048,one-to-many,dn_1129,ngm_1200 ngm_1201,Ippolita,Ippolita,NULL,NULL,nsubj,nsubj,zero_zero_semantic,0.490370770732763
2483,1050,many-to-one,dn_1131 dn_1132,ngm_1203,Ippolita Clarice,MISSING,PRON,MISSING,nsubj,MISSING,leftover_source,
2484,1050,many-to-one,dn_1131 dn_1132,ngm_1203,Ippolita Clarice,MISSING,NULL,MISSING,nsubj,MISSING,leftover_source,
2485,1050,many-to-one,dn_1131 dn_1132,ngm_1203,aunt-Giovianna,aunt-Giovianna,NOUN,NOUN,nsubj,nsubj,explicit_full,
2486,1051,one-to-one,dn_1133,ngm_1204,Clarice,Clarice,PROPN,NOUN,nsubj,nsubj,explicit_ref_case,
2487,1051,one-to-one,dn_1133,ngm_1204,Ippolita,Ippolita,PRON,PRON,nsubj,nsubj,explicit_full,
2488,1051,one-to-one,dn_1133,ngm_1204,Ippolita,MISSING,PRON-REFLEX,MISSING,obj,MISSING,leftover_source,
2489,1053,one-to-many,dn_1135,ngm_1206 ngm_1207,Ippolita,Ippolita,PRON,PRON,obj,obj,explicit_full,
2490,1053,one-to-many,dn_1135,ngm_1206 ngm_1207,Ippolita,Ippolita,PRON,PRON,obj,nsubj,explicit_ref_pos,
2491,1053,one-to-many,dn_1135,ngm_1206 ngm_1207,Ippolita,Ippolita,NULL,PRON,nsubj,nsubj,zero_to_tgt_anchor,
2492,1053,one-to-many,dn_1135,ngm_1206 ngm_1207,aunt-Giovianna,aunt-Giovianna,NOUN,NOUN,nsubj,nsubj,explicit_full,
2493,1053,one-to-many,dn_1135,ngm_1206 ngm_1207,aunt-Giovianna,aunt-Giovianna,PRON,NOUN,obj,obj,explicit_ref_case,
2494,1053,one-to-many,dn_1135,ngm_1206 ngm_1207,MISSING,aunt-Giovianna,MISSING,NULL,MISSING,nsubj,leftover_target,
2495,1054,one-to-one,dn_1136,ngm_1208,Ippolita,Ippolita,NULL,PRON,nsubj,nsubj,zero_to_tgt_anchor,
2496,1055,one-to-one,dn_1137,ngm_1209,Ippolita,MISSING,PRON,MISSING,obj,MISSING,leftover_source,
2497,1056,one-to-many,dn_1138,ngm_1210 ngm_1211 ngm_1212,Ippolita,Ippolita,PRON,PRON,nsubj,nsubj,explicit_full,
2498,1056,one-to-many,dn_1138,ngm_1210 ngm_1211 ngm_1212,Ippolita,Ippolita,PRON,PRON,obj,obj,explicit_full,
2499,1056,one-to-many,dn_1138,ngm_1210 ngm_1211 ngm_1212,Ippolita,MISSING,PRON-REFLEX,MISSING,obj,MISSING,leftover_source,
2500,1056,one-to-many,dn_1138,ngm_1210 ngm_1211 ngm_1212,Ippolita,MISSING,PRON,MISSING,obj,MISSING,leftover_source,
2501,1056,one-to-many,dn_1138,ngm_1210 ngm_1211 ngm_1212,MISSING,Ippolita,MISSING,NULL,MISSING,nsubj,leftover_target,
2502,1056,one-to-many,dn_1138,ngm_1210 ngm_1211 ngm_1212,pavers,pavers,NOUN,NOUN,nsubj,nsubj,explicit_full,
2503,1057,one-to-one,dn_1139,ngm_1213,Giorgio Ippolita,Giorgio Ippolita,NOUN,NOUN,nsubj,nsubj,explicit_full,
2504,1057,one-to-one,dn_1139,ngm_1213,MISSING,Giorgio Ippolita,MISSING,NULL,MISSING,nsubj,leftover_target,
2505,1058,one-to-one,dn_1140 dn_1141,ngm_1214 ngm_1215,Giorgio Ippolita,Giorgio Ippolita,NULL,NULL,nsubj,nsubj,zero_zero_semantic,0.5716144981200919
2506,1058,one-to-one,dn_1140 dn_1141,ngm_1214 ngm_1215,Giorgio Ippolita,Giorgio Ippolita,NULL,PRON,nsubj,nsubj,zero_to_tgt_anchor,
2507,1058,one-to-one,dn_1140 dn_1141,ngm_1214 ngm_1215,MISSING,Giorgio Ippolita,MISSING,NOUN,MISSING,obj,leftover_target,
2508,1059,one-to-one,dn_1142,ngm_1216,Giorgio Ippolita,Giorgio Ippolita,NULL,NOUN,nsubj,nsubj,zero_to_tgt_anchor,
2509,1060,one-to-one,dn_1143,ngm_1217,Giorgio,Giorgio,PROPN,PROPN,obj,nmod,explicit_ref_pos,
2510,1060,one-to-one,dn_1143,ngm_1217,Giorgio,MISSING,PRON,MISSING,obj,MISSING,leftover_source,
2511,1060,one-to-one,dn_1143,ngm_1217,Ippolita,Ippolita,PROPN,PROPN,nsubj,nsubj,explicit_full,
2512,1060,one-to-one,dn_1143,ngm_1217,Ippolita,MISSING,DET,MISSING,nmod,MISSING,leftover_source,
2513,1060,one-to-one,dn_1143,ngm_1217,Ippolita,MISSING,PRON-REFLEX,MISSING,obj,MISSING,leftover_source,
2514,1060,one-to-one,dn_1143,ngm_1217,MISSING,Ippolita,MISSING,NULL,MISSING,nsubj,leftover_target,
2515,1060,one-to-one,dn_1143,ngm_1217,MISSING,Ippolita,MISSING,NULL,MISSING,nsubj,leftover_target,
2516,1061,one-to-one,dn_1144,ngm_1218,Giorgio,Giorgio,NULL,NULL,nsubj,nsubj,zero_zero_single,
2517,1062,one-to-one,dn_1145,ngm_1219,Giorgio,Giorgio,DET,PRON,nmod,nmod,explicit_ref_case,
2518,1063,one-to-one,dn_1146,ngm_1220,Ippolita,Ippolita,PRON,PRON,obj,nsubj,explicit_ref_pos,
2519,1063,one-to-one,dn_1146,ngm_1220,Ippolita,Ippolita,NULL,NULL,nsubj,nsubj,zero_zero_single,
2520,1064,one-to-one,dn_1147,ngm_1221,Giorgio,Giorgio,PROPN,PROPN,nsubj,nsubj,explicit_full,
2521,1064,one-to-one,dn_1147,ngm_1221,MISSING,Giorgio,MISSING,NULL,MISSING,nsubj,leftover_target,
2522,1066,one-to-one,dn_1149,ngm_1223,Ippolita,Ippolita,NULL,PRON,nsubj,nsubj,zero_to_tgt_anchor,
2523,1068,one-to-one,dn_1151,ngm_1225,Ippolita,Ippolita,NULL,NULL,nsubj,nsubj,zero_zero_single,
2524,1069,one-to-one,dn_1152,ngm_1226,Ippolita,Ippolita,NULL,NULL,nsubj,nsubj,zero_zero_single,
2525,1069,one-to-one,dn_1152,ngm_1226,Ippolitas-husband,Ippolitas-husband,NOUN,NOUN,nmod,nmod,explicit_full,
2526,1070,one-to-one,dn_1153,ngm_1227,Ippolita,Ippolita,NULL,NULL,nsubj,nsubj,zero_zero_single,
2527,1072,one-to-one,dn_1155,ngm_1229,Giorgio,MISSING,PRON,MISSING,obj,MISSING,leftover_source,
2528,1072,one-to-one,dn_1155,ngm_1229,Ippolita,Ippolita,NULL,NULL,nsubj,nsubj,zero_zero_single,
2529,1073,one-to-one,dn_1156,ngm_1230,Giorgio,Giorgio,PROPN,PROPN,nsubj,nsubj,explicit_full,
2530,1074,many-to-one,dn_1157 dn_1158,ngm_1231,Giorgio,Giorgio,PROPN,PROPN,nsubj,nsubj,explicit_full,
2531,1074,many-to-one,dn_1157 dn_1158,ngm_1231,Giorgio,MISSING,PRON-REFLEX,MISSING,obj,MISSING,leftover_source,
2532,1074,many-to-one,dn_1157 dn_1158,ngm_1231,MISSING,Giorgio,MISSING,NULL,MISSING,nsubj,leftover_target,
2533,1074,many-to-one,dn_1157 dn_1158,ngm_1231,Ippolita,Ippolita,PRON,PRON,nsubj,nsubj,explicit_full,
2534,1074,many-to-one,dn_1157 dn_1158,ngm_1231,Ippolita,Ippolita,PRON,NULL,nsubj,nsubj,zero_to_src_anchor,
2535,1074,many-to-one,dn_1157 dn_1158,ngm_1231,Ippolita,MISSING,PRON,MISSING,obj,MISSING,leftover_source,
2536,1075,one-to-one,dn_1159,ngm_1232,Giorgio,Giorgio,PRON,NULL,nsubj,nsubj,zero_to_src_anchor,
2537,1076,one-to-one,dn_1160,ngm_1233,Ippolita,Ippolita,NULL,PRON,nsubj,nsubj,zero_to_tgt_anchor,
2538,1077,one-to-one,dn_1161,ngm_1234,Giorgio,Giorgio,PRON,NOUN,obj,obj,explicit_ref_case,
2539,1077,one-to-one,dn_1161,ngm_1234,Ippolita,Ippolita,PRON,PRON,nsubj,nsubj,explicit_full,
2540,1077,one-to-one,dn_1161,ngm_1234,Ippolita,Ippolita,NULL,NULL,nsubj,nsubj,zero_zero_semantic,0.29851152773705264
2541,1077,one-to-one,dn_1161,ngm_1234,Ippolita,Ippolita,NULL,NULL,nsubj,nsubj,zero_zero_semantic,0.5415288995081989
2542,1077,one-to-one,dn_1161,ngm_1234,Ippolita,MISSING,PRON-REFLEX,MISSING,obj,MISSING,leftover_source,
2543,1077,one-to-one,dn_1161,ngm_1234,MISSING,Ippolita,MISSING,PRON,MISSING,nsubj,leftover_target,
2544,1078,one-to-many,dn_1162,ngm_1235 ngm_1236,Giorgio,MISSING,PRON,MISSING,obj,MISSING,leftover_source,
2545,1078,one-to-many,dn_1162,ngm_1235 ngm_1236,Giorgio,MISSING,NULL,MISSING,nsubj,MISSING,leftover_source,
2546,1078,one-to-many,dn_1162,ngm_1235 ngm_1236,Ippolita,Ippolita,NULL,NULL,nsubj,nsubj,zero_zero_single,
2547,1078,one-to-many,dn_1162,ngm_1235 ngm_1236,Ippolita,MISSING,PRON,MISSING,obj,MISSING,leftover_source,
2548,1079,one-to-one,dn_1163,ngm_1237,Giorgio,Giorgio,NULL,NULL,nsubj,nsubj,zero_zero_single,
2549,1079,one-to-one,dn_1163,ngm_1237,Giorgio,MISSING,DET,MISSING,nmod,MISSING,leftover_source,
2550,1080,one-to-one,dn_1164,ngm_1238,Giorgio,MISSING,NULL,MISSING,nsubj,MISSING,leftover_source,
2551,1080,one-to-one,dn_1164,ngm_1238,Ippolita,MISSING,PRON,MISSING,obj,MISSING,leftover_source,
2552,1082,many-to-one,dn_1166 dn_1167,ngm_1240,Giorgio,MISSING,NULL,MISSING,nsubj,MISSING,leftover_source,
2553,1082,many-to-one,dn_1166 dn_1167,ngm_1240,Ippolita,Ippolita,NULL,NULL,nsubj,nsubj,zero_zero_single,
2554,1082,many-to-one,dn_1166 dn_1167,ngm_1240,Ippolita,MISSING,PRON,MISSING,obj,MISSING,leftover_source,
2555,1082,many-to-one,dn_1166 dn_1167,ngm_1240,Ippolita,MISSING,PRON,MISSING,obj,MISSING,leftover_source,
2556,1083,one-to-one,dn_1168,ngm_1241,Giorgio,MISSING,NOUN,MISSING,nmod,MISSING,leftover_source,
2557,1083,one-to-one,dn_1168,ngm_1241,Ippolita,Ippolita,PRON,PRON,nsubj,nsubj,explicit_full,
2558,1083,one-to-one,dn_1168,ngm_1241,MISSING,Ippolita,MISSING,NOUN,MISSING,nmod,leftover_target,
2559,1083,one-to-one,dn_1168,ngm_1241,MISSING,Ippolita,MISSING,NULL,MISSING,nsubj,leftover_target,
2560,1083,one-to-one,dn_1168,ngm_1241,MISSING,Ippolita,MISSING,NULL,MISSING,nsubj,leftover_target,
2561,1084,one-to-many,dn_1169,ngm_1242 ngm_1243,Giorgio Ippolita,Giorgio Ippolita,NULL,NULL,nsubj,nsubj,zero_zero_semantic,0.10951058259290081
2562,1084,one-to-many,dn_1169,ngm_1242 ngm_1243,Giorgio Ippolita,Giorgio Ippolita,NULL,NULL,nsubj,nsubj,zero_zero_semantic,0.2890519459279474
2563,1084,one-to-many,dn_1169,ngm_1242 ngm_1243,MISSING,Giorgio Ippolita,MISSING,NOUN,MISSING,obj,leftover_target,
2564,1085,one-to-one,dn_1170,ngm_1244,Giorgio Ippolita,MISSING,NULL,MISSING,nsubj,MISSING,leftover_source,
2565,1085,one-to-one,dn_1170,ngm_1244,Ippolita,MISSING,NULL,MISSING,nsubj,MISSING,leftover_source,
2566,1086,one-to-one,dn_1171,ngm_1245,MISSING,Giorgio,MISSING,NULL,MISSING,nsubj,leftover_target,
2567,1089,one-to-one,dn_1174,ngm_1248,MISSING,Giorgio Ippolita,MISSING,NULL,MISSING,nsubj,leftover_target,
2568,1090,one-to-one,dn_1175,ngm_1249,Pancrazio,Pancrazio,PROPN,PROPN,nsubj,nsubj,explicit_full,
2569,1091,one-to-one,dn_1176,ngm_1250,Ippolita,Ippolita,PROPN,PROPN,nsubj,nsubj,explicit_full,
2570,1091,one-to-one,dn_1176,ngm_1250,MISSING,Ippolita,MISSING,NULL,MISSING,nsubj,leftover_target,
2571,1092,one-to-one,dn_1177,ngm_1251,Pancrazio,Pancrazio,PROPN,PROPN,nsubj,nsubj,explicit_full,
2572,1092,one-to-one,dn_1177,ngm_1251,Pancrazio,MISSING,DET,MISSING,nmod,MISSING,leftover_source,
2573,1092,one-to-one,dn_1177,ngm_1251,Pancrazio,MISSING,DET,MISSING,nmod,MISSING,leftover_source,
2574,1092,one-to-one,dn_1177,ngm_1251,MISSING,Pancrazio,MISSING,NULL,MISSING,nsubj,leftover_target,
2575,1093,one-to-many,dn_1178,ngm_1252 ngm_1253,Pancrazio,Pancrazio,NULL,NULL,nsubj,nsubj,zero_zero_semantic,0.6275266750500752
2576,1093,one-to-many,dn_1178,ngm_1252 ngm_1253,Pancrazio,Pancrazio,NULL,NULL,nsubj,nsubj,zero_zero_semantic,0.38203293906904784
2577,1093,one-to-many,dn_1178,ngm_1252 ngm_1253,Pancrazio,Pancrazio,NULL,NULL,nsubj,nsubj,zero_zero_semantic,0.2965674348100771
2578,1093,one-to-many,dn_1178,ngm_1252 ngm_1253,MISSING,Pancrazio,MISSING,PRON,MISSING,nsubj,leftover_target,
2579,1094,one-to-many,dn_1179,ngm_1254 ngm_1255,Pancrazio,Pancrazio,PRON,NOUN,nsubj,obj,explicit_ref_only,
2580,1094,one-to-many,dn_1179,ngm_1254 ngm_1255,Pancrazio,MISSING,NULL,MISSING,nsubj,MISSING,leftover_source,
2581,1094,one-to-many,dn_1179,ngm_1254 ngm_1255,Pancrazio,MISSING,NULL,MISSING,nsubj,MISSING,leftover_source,
2582,1094,one-to-many,dn_1179,ngm_1254 ngm_1255,Pancrazio,MISSING,NULL,MISSING,nsubj,MISSING,leftover_source,
2583,1095,one-to-one,dn_1180,ngm_1256,Giorgio,Giorgio,PROPN,PROPN,nsubj,nsubj,explicit_full,
2584,1096,one-to-one,dn_1181,ngm_1257,Pancrazio,Pancrazio,DET,PROPN,nmod,nmod,explicit_ref_case,
2585,1096,one-to-one,dn_1181,ngm_1257,Pancrazio,MISSING,PROPN,MISSING,nsubj,MISSING,leftover_source,
2586,1098,one-to-many,dn_1183,ngm_1259 ngm_1260,MISSING,Giorgio Ippolita,MISSING,PRON,MISSING,nsubj,leftover_target,
2587,1099,one-to-one,dn_1184,ngm_1261,Ippolita,Ippolita,PROPN,PROPN,nsubj,nsubj,explicit_full,
2588,1101,one-to-one,dn_1186,ngm_1263,Ippolita,Ippolita,PRON,PRON,nsubj,nsubj,explicit_full,
2589,1104,one-to-one,dn_1189,ngm_1266,Giorgio,Giorgio,PROPN,PROPN,nsubj,nsubj,explicit_full,
2590,1107,one-to-one,dn_1192,ngm_1269,Giorgio,Giorgio,NOUN,PRON,vocative,vocative,explicit_ref_case,
2591,1108,many-to-one,dn_1193 dn_1194,ngm_1270,Giorgio,MISSING,PRON,MISSING,obj,MISSING,leftover_source,
2592,1108,many-to-one,dn_1193 dn_1194,ngm_1270,Giorgio Ippolita,Giorgio Ippolita,PRON,NOUN,nsubj,obj,explicit_ref_only,
2593,1108,many-to-one,dn_1193 dn_1194,ngm_1270,Giorgio Ippolita,Giorgio Ippolita,NULL,NULL,nsubj,nsubj,zero_zero_semantic,0.29171169360538385
2594,1108,many-to-one,dn_1193 dn_1194,ngm_1270,Giorgio Ippolita,Giorgio Ippolita,NULL,NULL,nsubj,nsubj,zero_zero_semantic,0.47086743649479385
2595,1108,many-to-one,dn_1193 dn_1194,ngm_1270,Giorgio Ippolita,MISSING,PRON-REFLEX,MISSING,obj,MISSING,leftover_source,
2596,1108,many-to-one,dn_1193 dn_1194,ngm_1270,MISSING,Giorgio Ippolita,MISSING,NULL,MISSING,nsubj,leftover_target,
2597,1108,many-to-one,dn_1193 dn_1194,ngm_1270,MISSING,Giorgio Ippolita,MISSING,NULL,MISSING,nsubj,leftover_target,
2598,1108,many-to-one,dn_1193 dn_1194,ngm_1270,Ippolita,MISSING,PRON,MISSING,obj,MISSING,leftover_source,
2599,1109,one-to-one,dn_1195,ngm_1271,Giorgio,Giorgio,DET,PRON,nmod,nmod,explicit_ref_case,
2600,1109,one-to-one,dn_1195,ngm_1271,Giorgio,Giorgio,PROPN,PROPN,obj,nsubj,explicit_ref_pos,
2601,1109,one-to-one,dn_1195,ngm_1271,MISSING,Giorgio,MISSING,NULL,MISSING,nsubj,leftover_target,
2602,1111,one-to-one,dn_1197,ngm_1273,Giorgio,Giorgio,DET,PRON,nmod,nmod,explicit_ref_case,
2603,1112,many-to-one,dn_1198 dn_1199,ngm_1274,Giorgio,MISSING,PRON,MISSING,obj,MISSING,leftover_source,
2604,1112,many-to-one,dn_1198 dn_1199,ngm_1274,Giorgio,MISSING,PRON,MISSING,obj,MISSING,leftover_source,
2605,1113,one-to-one,dn_1200,ngm_1275,Giorgio,Giorgio,PRON,PRON,obj,obj,explicit_full,
2606,1113,one-to-one,dn_1200,ngm_1275,Giorgio,Giorgio,PRON,PRON,obj,obj,explicit_full,
2607,1115,one-to-one,dn_1202,ngm_1277,Giorgio,Giorgio,DET,PRON,nmod,nmod,explicit_ref_case,
2608,1115,one-to-one,dn_1202,ngm_1277,Ippolita,Ippolita,PRON,PRON,obj,nmod,explicit_ref_pos,
2609,1116,one-to-many,dn_1203,ngm_1278 ngm_1279,Giorgio,Giorgio,PRON,PRON,obj,obj,explicit_full,
2610,1116,one-to-many,dn_1203,ngm_1278 ngm_1279,Giorgio,Giorgio,PRON,PRON,nsubj,nsubj,explicit_full,
2611,1116,one-to-many,dn_1203,ngm_1278 ngm_1279,Giorgio,Giorgio,DET,PRON,nmod,nmod,explicit_ref_case,
2612,1116,one-to-many,dn_1203,ngm_1278 ngm_1279,MISSING,Giorgio,MISSING,NULL,MISSING,nsubj,leftover_target,
2613,1117,many-to-one,dn_1204 dn_1205,ngm_1280,Giorgio,Giorgio,PRON,PRON,obj,obj,explicit_full,
2614,1117,many-to-one,dn_1204 dn_1205,ngm_1280,Giorgio,Giorgio,PRON,PRON,obj,obj,explicit_full,
2615,1117,many-to-one,dn_1204 dn_1205,ngm_1280,Ippolita,Ippolita,PRON,PRON,nsubj,nsubj,explicit_full,
2616,1118,one-to-one,dn_1206,ngm_1281,Giorgio,Giorgio,PRON,PRON,obj,nsubj,explicit_ref_pos,
2617,1119,one-to-one,dn_1207,ngm_1282,Giorgio,Giorgio,PRON,PRON,nsubj,nsubj,explicit_full,
2618,1119,one-to-one,dn_1207,ngm_1282,Giorgio,Giorgio,DET,PRON,nmod,nmod,explicit_ref_case,
2619,1119,one-to-one,dn_1207,ngm_1282,Ippolita,Ippolita,PRON,PRON,obj,nmod,explicit_ref_pos,
2620,1120,many-to-one,dn_1208 dn_1209,ngm_1283,Giorgio,Giorgio,PRON,PRON,nsubj,nsubj,explicit_full,
2621,1120,many-to-one,dn_1208 dn_1209,ngm_1283,Giorgio,Giorgio,PRON,PRON,obj,nmod,explicit_ref_pos,
2622,1120,many-to-one,dn_1208 dn_1209,ngm_1283,Giorgio,Giorgio,PRON,NULL,nsubj,nsubj,zero_to_src_anchor,
2623,1120,many-to-one,dn_1208 dn_1209,ngm_1283,Giorgio,MISSING,PRON,MISSING,obj,MISSING,leftover_source,
2624,1120,many-to-one,dn_1208 dn_1209,ngm_1283,Ippolita,Ippolita,PRON,PRON,nsubj,nsubj,explicit_full,
2625,1121,one-to-one,dn_1210,ngm_1284,Ippolita,Ippolita,PROPN,PROPN,nmod,nsubj,explicit_ref_pos,
2626,1122,one-to-one,dn_1211,ngm_1285,Giorgio,Giorgio,NULL,PRON,nsubj,nsubj,zero_to_tgt_anchor,
2627,1123,one-to-one,dn_1212,ngm_1286,Giorgio,MISSING,NULL,MISSING,nsubj,MISSING,leftover_source,
2628,1123,one-to-one,dn_1212,ngm_1286,Giorgio,MISSING,NULL,MISSING,nsubj,MISSING,leftover_source,
2629,1123,one-to-one,dn_1212,ngm_1286,MISSING,Giorgio,MISSING,PRON,MISSING,obj,leftover_target,
2630,1124,one-to-one,dn_1213,ngm_1287,Giorgio,Giorgio,PRON,PRON,nsubj,nsubj,explicit_full,
2631,1124,one-to-one,dn_1213,ngm_1287,Giorgio,Giorgio,NULL,NULL,nsubj,nsubj,zero_zero_semantic,0.36832370923777696
2632,1124,one-to-one,dn_1213,ngm_1287,Giorgio,MISSING,PRON,MISSING,obj,MISSING,leftover_source,
2633,1124,one-to-one,dn_1213,ngm_1287,MISSING,Giorgio,MISSING,NULL,MISSING,nsubj,leftover_target,
2634,1125,one-to-one,dn_1214,ngm_1288,Giorgio,MISSING,NULL,MISSING,nsubj,MISSING,leftover_source,
2635,1126,one-to-many,dn_1215,ngm_1289 ngm_1290,Giorgio,Giorgio,DET,PRON,nmod,nmod,explicit_ref_case,
2636,1127,one-to-one,dn_1216,ngm_1291,Giorgio,Giorgio,PRON,PRON,obj,nmod,explicit_ref_pos,
2637,1127,one-to-one,dn_1216,ngm_1291,Giorgio,MISSING,PRON,MISSING,obj,MISSING,leftover_source,
2638,1128,many-to-one,dn_1217 dn_1218,ngm_1292,Giorgio,Giorgio,NULL,NULL,nsubj,nsubj,zero_zero_semantic,0.7605268887007559
2639,1128,many-to-one,dn_1217 dn_1218,ngm_1292,MISSING,Giorgio,MISSING,NULL,MISSING,nsubj,leftover_target,
2640,1128,many-to-one,dn_1217 dn_1218,ngm_1292,MISSING,Giorgio,MISSING,PRON,MISSING,obj,leftover_target,
2641,1129,one-to-one,dn_1219,ngm_1293,Giorgio,Giorgio,PRON,PRON,nsubj,nsubj,explicit_full,
2642,1129,one-to-one,dn_1219,ngm_1293,Giorgio,MISSING,PRON,MISSING,obj,MISSING,leftover_source,
2643,1129,one-to-one,dn_1219,ngm_1293,Giorgio,MISSING,PRON,MISSING,obj,MISSING,leftover_source,
2644,1129,one-to-one,dn_1219,ngm_1293,MISSING,Giorgio,MISSING,NULL,MISSING,nsubj,leftover_target,
2645,1129,one-to-one,dn_1219,ngm_1293,MISSING,Giorgio,MISSING,NULL,MISSING,nsubj,leftover_target,
2646,1131,one-to-many,dn_1221,ngm_1295 ngm_1296,Giorgio,Giorgio,NULL,PRON,nsubj,nsubj,zero_to_tgt_anchor,
2647,1131,one-to-many,dn_1221,ngm_1295 ngm_1296,Giorgio,Giorgio,NULL,PRON,nsubj,nsubj,zero_to_tgt_anchor,
2648,1131,one-to-many,dn_1221,ngm_1295 ngm_1296,Ippolita,Ippolita,PRON,PRON,nmod,nmod,explicit_full,
2649,1132,one-to-many,dn_1222,ngm_1297 ngm_1298,Giorgio,Giorgio,NULL,NULL,nsubj,nsubj,zero_zero_semantic,0.32599659006034754
2650,1132,one-to-many,dn_1222,ngm_1297 ngm_1298,MISSING,Giorgio,MISSING,PRON,MISSING,nsubj,leftover_target,
2651,1132,one-to-many,dn_1222,ngm_1297 ngm_1298,MISSING,Giorgio,MISSING,NULL,MISSING,nsubj,leftover_target,
2652,1132,one-to-many,dn_1222,ngm_1297 ngm_1298,MISSING,Giorgio,MISSING,NULL,MISSING,nsubj,leftover_target,
2653,1132,one-to-many,dn_1222,ngm_1297 ngm_1298,Ippolita,Ippolita,PRON,PRON,nsubj,nsubj,explicit_full,
2654,1132,one-to-many,dn_1222,ngm_1297 ngm_1298,Ippolita,Ippolita,DET,PRON,nmod,nmod,explicit_ref_case,
2655,1134,one-to-one,dn_1224,ngm_1300,Giorgio,Giorgio,NULL,PRON,nsubj,nsubj,zero_to_tgt_anchor,
2656,1134,one-to-one,dn_1224,ngm_1300,Ippolita,Ippolita,PRON,PRON,obj,obj,explicit_full,
2657,1135,many-to-one,dn_1225 dn_1226,ngm_1301,Giorgio,Giorgio,NULL,PRON,nsubj,nsubj,zero_to_tgt_anchor,
2658,1135,many-to-one,dn_1225 dn_1226,ngm_1301,Ippolita,Ippolita,DET,PRON,nmod,nmod,explicit_ref_case,
2659,1135,many-to-one,dn_1225 dn_1226,ngm_1301,Ippolita,Ippolita,DET,PRON,nmod,nmod,explicit_ref_case,
2660,1135,many-to-one,dn_1225 dn_1226,ngm_1301,Ippolita,Ippolita,DET,PRON,nmod,nmod,explicit_ref_case,
2661,1136,one-to-one,dn_1227,ngm_1302,Giorgio,Giorgio,NULL,PRON,nsubj,nsubj,zero_to_tgt_anchor,
2662,1136,one-to-one,dn_1227,ngm_1302,Giorgio,MISSING,NULL,MISSING,nsubj,MISSING,leftover_source,
2663,1136,one-to-one,dn_1227,ngm_1302,Ippolita,Ippolita,DET,PRON,nmod,nmod,explicit_ref_case,
2664,1137,one-to-many,dn_1228,ngm_1303 ngm_1304 ngm_1305,Giorgio,Giorgio,PRON,PRON,obj,obj,explicit_full,
2665,1137,one-to-many,dn_1228,ngm_1303 ngm_1304 ngm_1305,Giorgio,Giorgio,PRON,PRON,nsubj,nsubj,explicit_full,
2666,1137,one-to-many,dn_1228,ngm_1303 ngm_1304 ngm_1305,Giorgio,MISSING,PRON,MISSING,obj,MISSING,leftover_source,
2667,1137,one-to-many,dn_1228,ngm_1303 ngm_1304 ngm_1305,Giorgio,MISSING,PRON,MISSING,obj,MISSING,leftover_source,
2668,1137,one-to-many,dn_1228,ngm_1303 ngm_1304 ngm_1305,Ippolita,Ippolita,PRON,PRON,nsubj,nsubj,explicit_full,
2669,1137,one-to-many,dn_1228,ngm_1303 ngm_1304 ngm_1305,Ippolita,Ippolita,DET,PRON,nmod,nsubj,explicit_ref_only,
2670,1137,one-to-many,dn_1228,ngm_1303 ngm_1304 ngm_1305,Ippolita,Ippolita,NULL,NULL,nsubj,nsubj,zero_zero_semantic,0.1505028508531237
2671,1137,one-to-many,dn_1228,ngm_1303 ngm_1304 ngm_1305,Ippolita,Ippolita,NULL,NULL,nsubj,nsubj,zero_zero_semantic,0.2995211714938317
2672,1137,one-to-many,dn_1228,ngm_1303 ngm_1304 ngm_1305,Ippolita,MISSING,NULL,MISSING,nsubj,MISSING,leftover_source,
2673,1138,many-to-one,dn_1229 dn_1230 dn_1231,ngm_1306,Giorgio,Giorgio,PRON,PRON,nsubj,obj,explicit_ref_pos,
2674,1138,many-to-one,dn_1229 dn_1230 dn_1231,ngm_1306,Giorgio,Giorgio,PRON,NULL,nsubj,nsubj,zero_to_src_anchor,
2675,1138,many-to-one,dn_1229 dn_1230 dn_1231,ngm_1306,Giorgio,Giorgio,PRON,NULL,nsubj,nsubj,zero_to_src_anchor,
2676,1138,many-to-one,dn_1229 dn_1230 dn_1231,ngm_1306,MISSING,Giorgio,MISSING,NULL,MISSING,nsubj,leftover_target,
2677,1138,many-to-one,dn_1229 dn_1230 dn_1231,ngm_1306,Ippolita,Ippolita,PRON,PRON,obj,obj,explicit_full,
2678,1138,many-to-one,dn_1229 dn_1230 dn_1231,ngm_1306,Ippolita,Ippolita,PRON,PRON,obj,nsubj,explicit_ref_pos,
2679,1138,many-to-one,dn_1229 dn_1230 dn_1231,ngm_1306,Ippolita,MISSING,PRON,MISSING,obj,MISSING,leftover_source,
2680,1139,many-to-one,dn_1232 dn_1233 dn_1234,ngm_1307,Ippolita,Ippolita,PRON,PRON,nsubj,nsubj,explicit_full,
2681,1139,many-to-one,dn_1232 dn_1233 dn_1234,ngm_1307,Ippolita,MISSING,NULL,MISSING,nsubj,MISSING,leftover_source,
2682,1140,many-to-one,dn_1235 dn_1236,ngm_1308,MISSING,Ippolita,MISSING,NULL,MISSING,nsubj,leftover_target,
2683,1141,one-to-one,dn_1237,ngm_1309,Giorgio,Giorgio,NULL,NULL,nsubj,nsubj,zero_zero_single,
2684,1141,one-to-one,dn_1237,ngm_1309,MISSING,Giorgio,MISSING,PRON,MISSING,nsubj,leftover_target,
2685,1142,one-to-one,dn_1238,ngm_1310,Giorgio,Giorgio,DET,PRON,nmod,nmod,explicit_ref_case,
2686,1143,one-to-many,dn_1239,ngm_1311 ngm_1312,Giorgio,Giorgio,PRON,PRON,nsubj,nsubj,explicit_full,
2687,1143,one-to-many,dn_1239,ngm_1311 ngm_1312,Giorgio,Giorgio,PRON,PRON,obj,obj,explicit_full,
2688,1143,one-to-many,dn_1239,ngm_1311 ngm_1312,Giorgio,Giorgio,PRON,PRON,nsubj,nsubj,explicit_full,
2689,1143,one-to-many,dn_1239,ngm_1311 ngm_1312,Giorgio,Giorgio,PRON,PRON,obj,nsubj,explicit_ref_pos,
2690,1143,one-to-many,dn_1239,ngm_1311 ngm_1312,MISSING,Giorgio,MISSING,NULL,MISSING,nsubj,leftover_target,
2691,1144,one-to-one,dn_1240,ngm_1313,Giorgio,Giorgio,NULL,NULL,nsubj,nsubj,zero_zero_single,
2692,1146,one-to-one,dn_1242,ngm_1316,Giorgio,Giorgio,NULL,PRON,nsubj,nsubj,zero_to_tgt_anchor,
2693,1146,one-to-one,dn_1242,ngm_1316,Giorgio,MISSING,PRON-REFLEX,MISSING,obj,MISSING,leftover_source,
2694,1147,one-to-one,dn_1243,ngm_1317,Ippolita,Ippolita,PROPN,PROPN,nsubj,nsubj,explicit_full,
2695,1148,one-to-many,dn_1244,ngm_1318 ngm_1319,Ippolita,Ippolita,PRON,PRON,nsubj,nsubj,explicit_full,
2696,1149,one-to-many,dn_1245,ngm_1320 ngm_1321,Giorgio,Giorgio,PROPN,PROPN,nsubj,nsubj,explicit_full,
2697,1149,one-to-many,dn_1245,ngm_1320 ngm_1321,Giorgio,Giorgio,PRON,PRON,obj,obj,explicit_full,
2698,1149,one-to-many,dn_1245,ngm_1320 ngm_1321,Giorgio,Giorgio,NULL,NULL,nsubj,nsubj,zero_zero_semantic,0.24393701996153108
2699,1149,one-to-many,dn_1245,ngm_1320 ngm_1321,MISSING,Giorgio,MISSING,NULL,MISSING,nsubj,leftover_target,
2700,1149,one-to-many,dn_1245,ngm_1320 ngm_1321,MISSING,Giorgio,MISSING,PRON,MISSING,nmod,leftover_target,
2701,1149,one-to-many,dn_1245,ngm_1320 ngm_1321,MISSING,Giorgio,MISSING,NULL,MISSING,nsubj,leftover_target,
2702,1151,one-to-one,dn_1247,ngm_1323,Giorgio,Giorgio,PRON,PRON,obj,nmod,explicit_ref_pos,
2703,1152,one-to-one,dn_1248,ngm_1324,Giorgio,Giorgio,PRON,PRON,obj,obj,explicit_full,
2704,1152,one-to-one,dn_1248,ngm_1324,Ippolita,Ippolita,PROPN,PROPN,nmod,obj,explicit_ref_pos,
2705,1153,one-to-one,dn_1249,ngm_1325,Giorgio,Giorgio,PRON,PRON,nsubj,nsubj,explicit_full,
2706,1154,many-to-one,dn_1250 dn_1251,ngm_1326,Giorgio,Giorgio,PRON,PRON,nsubj,nsubj,explicit_full,
2707,1154,many-to-one,dn_1250 dn_1251,ngm_1326,Giorgio,Giorgio,PRON,PRON,nsubj,nsubj,explicit_full,
2708,1154,many-to-one,dn_1250 dn_1251,ngm_1326,Giorgio,MISSING,NULL,MISSING,nsubj,MISSING,leftover_source,
2709,1154,many-to-one,dn_1250 dn_1251,ngm_1326,Giorgio,MISSING,PRON,MISSING,obj,MISSING,leftover_source,
2710,1154,many-to-one,dn_1250 dn_1251,ngm_1326,Ippolita,Ippolita,PRON,PRON,nsubj,nsubj,explicit_full,
2711,1155,one-to-one,dn_1252,ngm_1327,Giorgio,Giorgio,PRON,PRON,obj,obj,explicit_full,
2712,1155,one-to-one,dn_1252,ngm_1327,Giorgio,Giorgio,NOUN,PRON,obj,obj,explicit_ref_case,
2713,1155,one-to-one,dn_1252,ngm_1327,Giorgio,Giorgio,NOUN,PRON,obj,nsubj,explicit_ref_only,
2714,1155,one-to-one,dn_1252,ngm_1327,MISSING,Giorgio,MISSING,NULL,MISSING,nsubj,leftover_target,
2715,1156,one-to-one,dn_1253,ngm_1328,Giorgio,Giorgio,PRON,PRON,obj,obj,explicit_full,
2716,1156,one-to-one,dn_1253,ngm_1328,Giorgio,Giorgio,DET,PRON,nmod,nmod,explicit_ref_case,
2717,1156,one-to-one,dn_1253,ngm_1328,Giorgio,Giorgio,NULL,NULL,nsubj,nsubj,zero_zero_semantic,0.6116158268023251
2718,1156,one-to-one,dn_1253,ngm_1328,Giorgio,Giorgio,NULL,NULL,nsubj,nsubj,zero_zero_semantic,0.5070271571947395
2719,1156,one-to-one,dn_1253,ngm_1328,Giorgio,MISSING,PRON,MISSING,nsubj,MISSING,leftover_source,
2720,1156,one-to-one,dn_1253,ngm_1328,Giorgio,MISSING,NOUN,MISSING,obj,MISSING,leftover_source,
2721,1156,one-to-one,dn_1253,ngm_1328,Giorgio,MISSING,NULL,MISSING,nsubj,MISSING,leftover_source,
2722,1158,one-to-one,dn_1255,ngm_1330,Giorgio,MISSING,NOUN,MISSING,nmod,MISSING,leftover_source,
2723,1159,one-to-one,dn_1256,ngm_1331,Giorgio,Giorgio,PRON,PRON,nsubj,nsubj,explicit_full,
2724,1163,one-to-one,dn_1260,ngm_1335,Giorgio,Giorgio,PROPN,PROPN,nsubj,nsubj,explicit_full,
2725,1164,many-to-one,dn_1261 dn_1262 dn_1263,ngm_1336,Giorgio,Giorgio,DET,PRON,nmod,nmod,explicit_ref_case,
2726,1164,many-to-one,dn_1261 dn_1262 dn_1263,ngm_1336,Giorgio,MISSING,DET,MISSING,nmod,MISSING,leftover_source,
2727,1165,one-to-one,dn_1264,ngm_1337,Giorgio,Giorgio,PRON,PRON,nsubj,nsubj,explicit_full,
2728,1165,one-to-one,dn_1264,ngm_1337,Giorgio,Giorgio,PRON,PRON,nsubj,nsubj,explicit_full,
2729,1165,one-to-one,dn_1264,ngm_1337,Giorgio,MISSING,DET,MISSING,nmod,MISSING,leftover_source,
2730,1165,one-to-one,dn_1264,ngm_1337,MISSING,Giorgio,MISSING,NULL,MISSING,nsubj,leftover_target,
2731,1165,one-to-one,dn_1264,ngm_1337,MISSING,Giorgio,MISSING,NULL,MISSING,nsubj,leftover_target,
2732,1166,one-to-one,dn_1265,ngm_1338,Giorgio,Giorgio,NULL,NULL,nsubj,nsubj,zero_zero_semantic,0.22217764129261297
2733,1166,one-to-one,dn_1265,ngm_1338,Giorgio,Giorgio,PRON,NULL,nsubj,nsubj,zero_to_src_anchor,
2734,1166,one-to-one,dn_1265,ngm_1338,MISSING,Giorgio,MISSING,NULL,MISSING,nsubj,leftover_target,
2735,1167,one-to-one,dn_1266,ngm_1339,Giorgio,MISSING,NULL,MISSING,nsubj,MISSING,leftover_source,
2736,1168,one-to-one,dn_1267,ngm_1340,Giorgio,Giorgio,PRON,PRON,nsubj,nsubj,explicit_full,
2737,1168,one-to-one,dn_1267,ngm_1340,Ippolita,Ippolita,PRON,PRON,obj,obj,explicit_full,
2738,1169,one-to-one,dn_1268,ngm_1341,Ippolita,Ippolita,DET,PRON,nmod,nsubj,explicit_ref_only,
2739,1170,many-to-one,dn_1269 dn_1270 dn_1271,ngm_1342,Giorgio,Giorgio,PRON,PRON,nsubj,nmod,explicit_ref_pos,
2740,1170,many-to-one,dn_1269 dn_1270 dn_1271,ngm_1342,MISSING,Giorgio,MISSING,NULL,MISSING,nsubj,leftover_target,
2741,1170,many-to-one,dn_1269 dn_1270 dn_1271,ngm_1342,MISSING,Giorgio,MISSING,NULL,MISSING,nsubj,leftover_target,
2742,1170,many-to-one,dn_1269 dn_1270 dn_1271,ngm_1342,MISSING,Giorgio,MISSING,NULL,MISSING,nsubj,leftover_target,
2743,1170,many-to-one,dn_1269 dn_1270 dn_1271,ngm_1342,Ippolita,Ippolita,PRON,PRON,nsubj,nsubj,explicit_full,
2744,1170,many-to-one,dn_1269 dn_1270 dn_1271,ngm_1342,Ippolita,Ippolita,PRON,PRON,obj,obj,explicit_full,
2745,1170,many-to-one,dn_1269 dn_1270 dn_1271,ngm_1342,Ippolita,Ippolita,PRON,PRON,nsubj,nmod,explicit_ref_pos,
2746,1170,many-to-one,dn_1269 dn_1270 dn_1271,ngm_1342,Ippolita,Ippolita,NULL,NULL,nsubj,nsubj,zero_zero_semantic,0.4634356126158304
2747,1170,many-to-one,dn_1269 dn_1270 dn_1271,ngm_1342,Ippolita,MISSING,PRON,MISSING,obj,MISSING,leftover_source,
2748,1170,many-to-one,dn_1269 dn_1270 dn_1271,ngm_1342,Ippolita,MISSING,PRON,MISSING,obj,MISSING,leftover_source,
2749,1170,many-to-one,dn_1269 dn_1270 dn_1271,ngm_1342,Ippolita,MISSING,NULL,MISSING,nsubj,MISSING,leftover_source,
2750,1170,many-to-one,dn_1269 dn_1270 dn_1271,ngm_1342,Ippolita,MISSING,PRON,MISSING,obj,MISSING,leftover_source,
2751,1170,many-to-one,dn_1269 dn_1270 dn_1271,ngm_1342,Ippolita,MISSING,PRON,MISSING,obj,MISSING,leftover_source,
2752,1171,many-to-one,dn_1272 dn_1273,ngm_1343,Giorgio,Giorgio,PRON,PRON,nsubj,nsubj,explicit_full,
2753,1171,many-to-one,dn_1272 dn_1273,ngm_1343,Giorgio,MISSING,PRON-REFLEX,MISSING,obj,MISSING,leftover_source,
2754,1171,many-to-one,dn_1272 dn_1273,ngm_1343,Ippolita,Ippolita,DET,PRON,nmod,nmod,explicit_ref_case,
2755,1171,many-to-one,dn_1272 dn_1273,ngm_1343,Ippolitas-husband,Ippolitas-husband,NOUN,NOUN,nsubj,nsubj,explicit_full,
2756,1171,many-to-one,dn_1272 dn_1273,ngm_1343,Ippolitas-husband,Ippolitas-husband,NULL,NULL,nsubj,nsubj,zero_zero_single,
2757,1171,many-to-one,dn_1272 dn_1273,ngm_1343,Ippolitas-husbands-female-friend,Ippolitas-husbands-female-friend,NOUN,NOUN,obj,obj,explicit_full,
2758,1171,many-to-one,dn_1272 dn_1273,ngm_1343,Ippolitas-husbands-male-friend,Ippolitas-husbands-male-friend,NOUN,NOUN,obj,obj,explicit_full,
2759,1172,one-to-one,dn_1274,ngm_1344,Ippolita,Ippolita,PRON,PRON,obj,obj,explicit_full,
2760,1172,one-to-one,dn_1274,ngm_1344,Ippolitas-husband Ippolitas-husbands-male-friend Ippolitas-husbands-female-friend,Ippolitas-husband Ippolitas-husbands-male-friend Ippolitas-husbands-female-friend,NULL,NULL,nsubj,nsubj,zero_zero_single,
2761,1172,one-to-one,dn_1274,ngm_1344,MISSING,Ippolitas-husband Ippolitas-husbands-male-friend Ippolitas-husbands-female-friend,MISSING,NOUN,MISSING,nsubj,leftover_target,
2762,1173,one-to-one,dn_1275,ngm_1345,Giorgio,Giorgio,PRON,PRON,obj,nmod,explicit_ref_pos,
2763,1173,one-to-one,dn_1275,ngm_1345,Giorgio,Giorgio,NULL,NULL,nsubj,nsubj,zero_zero_semantic,0.33146217177901977
2764,1173,one-to-one,dn_1275,ngm_1345,Giorgio,Giorgio,NULL,PRON,nsubj,nsubj,zero_to_tgt_anchor,
2765,1173,one-to-one,dn_1275,ngm_1345,Giorgio,MISSING,PRON-REFLEX,MISSING,obj,MISSING,leftover_source,
2766,1174,one-to-one,dn_1276,ngm_1346,Giorgio,Giorgio,PRON,PRON,obj,nsubj,explicit_ref_pos,
2767,1174,one-to-one,dn_1276,ngm_1346,MISSING,Giorgio,MISSING,NULL,MISSING,nsubj,leftover_target,
2768,1174,one-to-one,dn_1276,ngm_1346,Ippolitas-husband Ippolitas-husbands-male-friend Ippolitas-husbands-female-friend,Ippolitas-husband Ippolitas-husbands-male-friend Ippolitas-husbands-female-friend,NOUN,NOUN,nmod,nsubj,explicit_ref_pos,
2769,1174,one-to-one,dn_1276,ngm_1346,Ippolitas-husband Ippolitas-husbands-male-friend Ippolitas-husbands-female-friend,Ippolitas-husband Ippolitas-husbands-male-friend Ippolitas-husbands-female-friend,NULL,NULL,nsubj,nsubj,zero_zero_single,
2770,1175,one-to-one,dn_1277,ngm_1347,Giorgio,MISSING,PRON,MISSING,obj,MISSING,leftover_source,
2771,1175,one-to-one,dn_1277,ngm_1347,Ippolita,Ippolita,PRON,PRON,nsubj,nsubj,explicit_full,
2772,1175,one-to-one,dn_1277,ngm_1347,Ippolita,Ippolita,NULL,NULL,nsubj,nsubj,zero_zero_semantic,0.2796599462020154
2773,1175,one-to-one,dn_1277,ngm_1347,MISSING,Ippolita,MISSING,NULL,MISSING,nsubj,leftover_target,
2774,1175,one-to-one,dn_1277,ngm_1347,Ippolitas-husband Ippolitas-husbands-male-friend Ippolitas-husbands-female-friend,Ippolitas-husband Ippolitas-husbands-male-friend Ippolitas-husbands-female-friend,PRON,PRON,nsubj,nmod,explicit_ref_pos,
2775,1176,one-to-many,dn_1278,ngm_1348 ngm_1349 ngm_1350,Giorgio,Giorgio,PRON,PRON,nsubj,nsubj,explicit_full,
2776,1176,one-to-many,dn_1278,ngm_1348 ngm_1349 ngm_1350,Giorgio,MISSING,NULL,MISSING,nsubj,MISSING,leftover_source,
2777,1176,one-to-many,dn_1278,ngm_1348 ngm_1349 ngm_1350,Ippolita,Ippolita,PROPN,PROPN,obj,nsubj,explicit_ref_pos,
2778,1176,one-to-many,dn_1278,ngm_1348 ngm_1349 ngm_1350,MISSING,Ippolita,MISSING,NULL,MISSING,nsubj,leftover_target,
2779,1176,one-to-many,dn_1278,ngm_1348 ngm_1349 ngm_1350,MISSING,Ippolita,MISSING,NULL,MISSING,nsubj,leftover_target,
2780,1176,one-to-many,dn_1278,ngm_1348 ngm_1349 ngm_1350,MISSING,Ippolita,MISSING,PRON,MISSING,nmod,leftover_target,
2781,1176,one-to-many,dn_1278,ngm_1348 ngm_1349 ngm_1350,Ippolitas-husband,Ippolitas-husband,NOUN,NOUN,obj,obj,explicit_full,
2782,1176,one-to-many,dn_1278,ngm_1348 ngm_1349 ngm_1350,Ippolitas-husbands-female-friend,Ippolitas-husbands-female-friend,NOUN,NOUN,obj,nsubj,explicit_ref_pos,
2783,1176,one-to-many,dn_1278,ngm_1348 ngm_1349 ngm_1350,Ippolitas-husbands-male-friend,Ippolitas-husbands-male-friend,NOUN,NOUN,obj,obj,explicit_full,
2784,1177,one-to-many,dn_1279,ngm_1351 ngm_1352 ngm_1353,Giorgio,Giorgio,PRON,PRON,nsubj,nsubj,explicit_full,
2785,1177,one-to-many,dn_1279,ngm_1351 ngm_1352 ngm_1353,Giorgio,Giorgio,NULL,NULL,nsubj,nsubj,zero_zero_semantic,0.2653553872889662
2786,1177,one-to-many,dn_1279,ngm_1351 ngm_1352 ngm_1353,Giorgio,Giorgio,NULL,NULL,nsubj,nsubj,zero_zero_semantic,0.26890911306918347
2787,1177,one-to-many,dn_1279,ngm_1351 ngm_1352 ngm_1353,MISSING,Giorgio,MISSING,NULL,MISSING,nsubj,leftover_target,
2788,1177,one-to-many,dn_1279,ngm_1351 ngm_1352 ngm_1353,Ippolita,MISSING,NOUN,MISSING,nsubj,MISSING,leftover_source,
2789,1177,one-to-many,dn_1279,ngm_1351 ngm_1352 ngm_1353,Ippolitas-husband Ippolitas-husbands-male-friend Ippolitas-husbands-female-friend,Ippolitas-husband Ippolitas-husbands-male-friend Ippolitas-husbands-female-friend,DET,NOUN,nmod,nmod,explicit_ref_case,
2790,1177,one-to-many,dn_1279,ngm_1351 ngm_1352 ngm_1353,Ippolitas-husband Ippolitas-husbands-male-friend Ippolitas-husbands-female-friend,Ippolitas-husband Ippolitas-husbands-male-friend Ippolitas-husbands-female-friend,DET,PRON,nmod,nmod,explicit_ref_case,
2791,1177,one-to-many,dn_1279,ngm_1351 ngm_1352 ngm_1353,Ippolitas-husband Ippolitas-husbands-male-friend Ippolitas-husbands-female-friend,Ippolitas-husband Ippolitas-husbands-male-friend Ippolitas-husbands-female-friend,DET,PRON,nmod,nmod,explicit_ref_case,
2792,1177,one-to-many,dn_1279,ngm_1351 ngm_1352 ngm_1353,Ippolitas-husband Ippolitas-husbands-male-friend Ippolitas-husbands-female-friend,Ippolitas-husband Ippolitas-husbands-male-friend Ippolitas-husbands-female-friend,DET,PRON,nmod,nmod,explicit_ref_case,
2793,1177,one-to-many,dn_1279,ngm_1351 ngm_1352 ngm_1353,Ippolitas-husband Ippolitas-husbands-male-friend Ippolitas-husbands-female-friend,MISSING,PRON,MISSING,obj,MISSING,leftover_source,
2794,1178,one-to-one,dn_1280,ngm_1354,Giorgio,MISSING,NULL,MISSING,nsubj,MISSING,leftover_source,
2795,1179,one-to-one,dn_1281,ngm_1355,Giorgio,Giorgio,NULL,PRON,nsubj,nsubj,zero_to_tgt_anchor,
2796,1180,one-to-one,dn_1282,ngm_1356,Giorgio,Giorgio,NULL,PRON,nsubj,nsubj,zero_to_tgt_anchor,
2797,1180,one-to-one,dn_1282,ngm_1356,Ippolita,Ippolita,PRON,PRON,obj,obj,explicit_full,
2798,1181,one-to-one,dn_1283,ngm_1357,Giorgio,Giorgio,NULL,PRON,nsubj,nsubj,zero_to_tgt_anchor,
2799,1182,one-to-one,dn_1284,ngm_1358,Giorgio,Giorgio,NULL,NULL,nsubj,nsubj,zero_zero_semantic,0.23288959562778472
2800,1182,one-to-one,dn_1284,ngm_1358,Giorgio,Giorgio,NULL,PRON,nsubj,nsubj,zero_to_tgt_anchor,
2801,1185,one-to-one,dn_1287,ngm_1361,Giorgio,Giorgio,NULL,NULL,nsubj,nsubj,zero_zero_semantic,0.43503149695256177
2802,1185,one-to-one,dn_1287,ngm_1361,MISSING,Giorgio,MISSING,NULL,MISSING,nsubj,leftover_target,
2803,1185,one-to-one,dn_1287,ngm_1361,Ippolita,Ippolita,PRON,PRON,obj,nsubj,explicit_ref_pos,
2804,1185,one-to-one,dn_1287,ngm_1361,Ippolita,MISSING,PRON,MISSING,obj,MISSING,leftover_source,
2805,1187,one-to-one,dn_1289,ngm_1363,Giorgio,Giorgio,PRON,PRON,obj,obj,explicit_full,
2806,1187,one-to-one,dn_1289,ngm_1363,Ippolita,Ippolita,PRON,PRON,nsubj,nsubj,explicit_full,
2807,1187,one-to-one,dn_1289,ngm_1363,Ippolita,MISSING,NULL,MISSING,nsubj,MISSING,leftover_source,
2808,1188,one-to-one,dn_1290,ngm_1364,Ippolita,Ippolita,NULL,NULL,nsubj,nsubj,zero_zero_single,
2809,1189,one-to-one,dn_1291,ngm_1365,Ippolita,Ippolita,PRON,PRON,nsubj,nsubj,explicit_full,
2810,1190,many-to-one,dn_1292 dn_1293,ngm_1366,MISSING,Giorgio,MISSING,NULL,MISSING,nsubj,leftover_target,
2811,1190,many-to-one,dn_1292 dn_1293,ngm_1366,MISSING,Giorgio,MISSING,NULL,MISSING,nsubj,leftover_target,
2812,1190,many-to-one,dn_1292 dn_1293,ngm_1366,Ippolita,MISSING,NULL,MISSING,nsubj,MISSING,leftover_source,
2813,1190,many-to-one,dn_1292 dn_1293,ngm_1366,Ippolita,MISSING,NULL,MISSING,nsubj,MISSING,leftover_source,
2814,1191,one-to-one,dn_1294,ngm_1367,Giorgio,Giorgio,PRON,PRON,nsubj,nsubj,explicit_full,
2815,1192,one-to-one,dn_1295,ngm_1368,Giorgio,MISSING,NULL,MISSING,nsubj,MISSING,leftover_source,
2816,1192,one-to-one,dn_1295,ngm_1368,Giorgio,MISSING,NULL,MISSING,nsubj,MISSING,leftover_source,
2817,1192,one-to-one,dn_1295,ngm_1368,MISSING,Giorgio,MISSING,PRON,MISSING,obj,leftover_target,
2818,1192,one-to-one,dn_1295,ngm_1368,Ippolita,Ippolita,PRON,PRON,obj,obj,explicit_full,
2819,1193,one-to-many,dn_1296,ngm_1369 ngm_1370,Giorgio,Giorgio,NULL,NULL,nsubj,nsubj,zero_zero_semantic,0.2615624456116872
2820,1193,one-to-many,dn_1296,ngm_1369 ngm_1370,Giorgio,Giorgio,NULL,PRON,nsubj,nsubj,zero_to_tgt_anchor,
2821,1193,one-to-many,dn_1296,ngm_1369 ngm_1370,Giorgio,MISSING,NULL,MISSING,nsubj,MISSING,leftover_source,
2822,1194,one-to-one,dn_1297,ngm_1371,Giorgio,MISSING,NULL,MISSING,nsubj,MISSING,leftover_source,
2823,1196,one-to-one,dn_1299,ngm_1373,Ippolita,Ippolita,PROPN,PROPN,nsubj,nsubj,explicit_full,
2824,1197,one-to-one,dn_1300,ngm_1374,Ippolita,Ippolita,PRON,PRON,nsubj,nsubj,explicit_full,
2825,1197,one-to-one,dn_1300,ngm_1374,Ippolita,MISSING,NULL,MISSING,nsubj,MISSING,leftover_source,
2826,1199,one-to-one,dn_1302,ngm_1376,Giorgio,Giorgio,PRON,PRON,nsubj,nsubj,explicit_full,
2827,1201,one-to-one,dn_1304,ngm_1378,Giorgio,Giorgio,NULL,NULL,nsubj,nsubj,zero_zero_semantic,0.4983439808090528
2828,1201,one-to-one,dn_1304,ngm_1378,MISSING,Giorgio,MISSING,NULL,MISSING,nsubj,leftover_target,
2829,1202,one-to-one,dn_1305,ngm_1379,Giorgio,MISSING,NULL,MISSING,nsubj,MISSING,leftover_source,
2830,1202,one-to-one,dn_1305,ngm_1379,Ippolita,Ippolita,DET,PRON,nmod,nmod,explicit_ref_case,
2831,1202,one-to-one,dn_1305,ngm_1379,Ippolita,Ippolita,DET,PRON,nmod,nmod,explicit_ref_case,
2832,1203,one-to-one,dn_1306,ngm_1380,Giorgio,Giorgio,NULL,NULL,nsubj,nsubj,zero_zero_single,
2833,1203,one-to-one,dn_1306,ngm_1380,Ippolita,Ippolita,PRON,PRON,obj,obj,explicit_full,
2834,1204,one-to-one,dn_1307,ngm_1381,Giorgio,MISSING,NULL,MISSING,nsubj,MISSING,leftover_source,
2835,1206,one-to-one,dn_1309,ngm_1383,Ippolita,Ippolita,DET,PRON,nmod,nmod,explicit_ref_case,
2836,1209,one-to-many,dn_1312,ngm_1386 ngm_1387,Giorgio Ippolita,Giorgio Ippolita,NULL,NULL,nsubj,nsubj,zero_zero_single,
2837,1209,one-to-many,dn_1312,ngm_1386 ngm_1387,Giorgio Ippolita,MISSING,PRON-REFLEX,MISSING,obj,MISSING,leftover_source,
2838,1210,one-to-one,dn_1313,ngm_1388,Giorgio,Giorgio,NULL,NULL,nsubj,nsubj,zero_zero_single,
2839,1210,one-to-one,dn_1313,ngm_1388,Giorgio,MISSING,PRON-REFLEX,MISSING,obj,MISSING,leftover_source,
2840,1211,one-to-one,dn_1314,ngm_1389,Giorgio Ippolita,MISSING,NULL,MISSING,nsubj,MISSING,leftover_source,
2841,1211,one-to-one,dn_1314,ngm_1389,MISSING,Giorgio Ippolita,MISSING,PRON,MISSING,obj,leftover_target,
2842,1211,one-to-one,dn_1314,ngm_1389,MISSING,Ippolitas-sister-in-law,MISSING,NOUN,MISSING,nsubj,leftover_target,
2843,1212,one-to-one,dn_1315,ngm_1390,MISSING,Ippolita,MISSING,PRON,MISSING,nmod,leftover_target,
2844,1212,one-to-one,dn_1315,ngm_1390,Ippolitas-sister-in-law,Ippolitas-sister-in-law,NOUN,NOUN,nsubj,vocative,explicit_ref_pos,
2845,1213,one-to-one,dn_1316,ngm_1391,Giorgio,Giorgio,NULL,NULL,nsubj,nsubj,zero_zero_semantic,0.32510618309615924
2846,1213,one-to-one,dn_1316,ngm_1391,Giorgio,MISSING,PRON-REFLEX,MISSING,obj,MISSING,leftover_source,
2847,1213,one-to-one,dn_1316,ngm_1391,MISSING,Giorgio,MISSING,PRON,MISSING,nsubj,leftover_target,
2848,1213,one-to-one,dn_1316,ngm_1391,MISSING,Giorgio,MISSING,NULL,MISSING,nsubj,leftover_target,
2849,1214,one-to-one,dn_1317,ngm_1392,Giorgio,Giorgio,PRON,PRON,nsubj,nmod,explicit_ref_pos,
2850,1214,one-to-one,dn_1317,ngm_1392,MISSING,Ippolita,MISSING,NULL,MISSING,nsubj,leftover_target,
2851,1216,one-to-one,dn_1319,ngm_1394,Giorgio Ippolita,Giorgio Ippolita,PRON,NOUN,nsubj,nsubj,explicit_ref_case,
2852,1216,one-to-one,dn_1319,ngm_1394,MISSING,Giorgio Ippolita,MISSING,NULL,MISSING,nsubj,leftover_target,
2853,1217,one-to-many,dn_1320,ngm_1395 ngm_1396,Giorgio,Giorgio,NULL,NULL,nsubj,nsubj,zero_zero_single,
2854,1217,one-to-many,dn_1320,ngm_1395 ngm_1396,MISSING,Giorgio,MISSING,PRON,MISSING,nsubj,leftover_target,
2855,1218,one-to-one,dn_1321,ngm_1397,Giorgio,Giorgio,PRON,PRON,obj,obj,explicit_full,
2856,1220,one-to-one,dn_1323,ngm_1399,Giorgio,Giorgio,NULL,PRON,nsubj,nsubj,zero_to_tgt_anchor,
2857,1220,one-to-one,dn_1323,ngm_1399,MISSING,Ippolita,MISSING,PRON,MISSING,obj,leftover_target,
2858,1221,one-to-one,dn_1324,ngm_1400,Ippolita,Ippolita,NULL,PRON,nsubj,nsubj,zero_to_tgt_anchor,
2859,1222,one-to-one,dn_1325 dn_1326,ngm_1401 ngm_1402,Giorgio Ippolita,Giorgio Ippolita,DET,PRON,nmod,nmod,explicit_ref_case,
2860,1222,one-to-one,dn_1325 dn_1326,ngm_1401 ngm_1402,Giorgio Ippolita,Giorgio Ippolita,NULL,NULL,nsubj,nsubj,zero_zero_single,
2861,1222,one-to-one,dn_1325 dn_1326,ngm_1401 ngm_1402,MISSING,Giorgio Ippolita,MISSING,PRON,MISSING,nsubj,leftover_target,
2862,1222,one-to-one,dn_1325 dn_1326,ngm_1401 ngm_1402,Ippolita,Ippolita,PRON,PRON,nsubj,nsubj,explicit_full,
2863,1223,one-to-one,dn_1327,ngm_1403,Giorgio Ippolita,Giorgio Ippolita,NULL,NOUN,nsubj,nsubj,zero_to_tgt_anchor,
2864,1224,one-to-many,dn_1328,ngm_1404 ngm_1405,Giorgio,Giorgio,PRON,PRON,obj,nsubj,explicit_ref_pos,
2865,1224,one-to-many,dn_1328,ngm_1404 ngm_1405,Giorgio,Giorgio,PRON,PRON,obj,nmod,explicit_ref_pos,
2866,1224,one-to-many,dn_1328,ngm_1404 ngm_1405,Giorgio,MISSING,NULL,MISSING,nsubj,MISSING,leftover_source,
2867,1226,one-to-one,dn_1330,ngm_1407,Giorgio,Giorgio,DET,PRON,nmod,nmod,explicit_ref_case,
2868,1226,one-to-one,dn_1330,ngm_1407,Giorgio,MISSING,NULL,MISSING,nsubj,MISSING,leftover_source,
2869,1226,one-to-one,dn_1330,ngm_1407,Ippolita,Ippolita,PRON,PRON,nsubj,nsubj,explicit_full,
2870,1226,one-to-one,dn_1330,ngm_1407,MISSING,Ippolita,MISSING,NULL,MISSING,nsubj,leftover_target,
2871,1228,one-to-one,dn_1332,ngm_1409,Ippolita,Ippolita,DET,PRON,nmod,nmod,explicit_ref_case,
2872,1229,one-to-one,dn_1333,ngm_1410,Ippolita,Ippolita,DET,PRON,nmod,nmod,explicit_ref_case,
2873,1230,one-to-one,dn_1334,ngm_1411,CaterinaCornaro,CaterinaCornaro,PROPN,PROPN,nsubj,nsubj,explicit_full,
2874,1230,one-to-one,dn_1334,ngm_1411,CaterinaCornaro,CaterinaCornaro,NULL,NULL,nsubj,nsubj,zero_zero_single,
2875,1230,one-to-one,dn_1334,ngm_1411,Giorgio,Giorgio,PRON,PRON,nsubj,nsubj,explicit_full,
2876,1230,one-to-one,dn_1334,ngm_1411,Giorgio,MISSING,NULL,MISSING,nsubj,MISSING,leftover_source,
2877,1230,one-to-one,dn_1334,ngm_1411,Giorgio,MISSING,NULL,MISSING,nsubj,MISSING,leftover_source,
2878,1230,one-to-one,dn_1334,ngm_1411,Ippolita,Ippolita,PRON,PRON,obj,obj,explicit_full,
2879,1231,one-to-one,dn_1335,ngm_1412,CaterinaCornaro,CaterinaCornaro,NOUN,NOUN,nmod,nmod,explicit_full,
2880,1231,one-to-one,dn_1335,ngm_1412,Giorgio,Giorgio,DET,PRON,nmod,nmod,explicit_ref_case,
2881,1231,one-to-one,dn_1335,ngm_1412,Giorgio,Giorgio,NULL,NULL,nsubj,nsubj,zero_zero_semantic,0.18794583337523088
2882,1231,one-to-one,dn_1335,ngm_1412,Giorgio,Giorgio,NULL,PRON,nsubj,nsubj,zero_to_tgt_anchor,
2883,1232,many-to-one,dn_1336 dn_1337,ngm_1413,Ippolita,Ippolita,PRON,PRON,nsubj,nsubj,explicit_full,
2884,1232,many-to-one,dn_1336 dn_1337,ngm_1413,Ippolita,MISSING,PRON-REFLEX,MISSING,obj,MISSING,leftover_source,
2885,1232,many-to-one,dn_1336 dn_1337,ngm_1413,Ippolita,MISSING,PROPN,MISSING,vocative,MISSING,leftover_source,
2886,1232,many-to-one,dn_1336 dn_1337,ngm_1413,MISSING,Ippolita,MISSING,NULL,MISSING,nsubj,leftover_target,
2887,1232,many-to-one,dn_1336 dn_1337,ngm_1413,MISSING,Ippolita,MISSING,NULL,MISSING,nsubj,leftover_target,
2888,1233,one-to-many,dn_1338,ngm_1414 ngm_1415,Giorgio,Giorgio,PRON,PRON,nsubj,nsubj,explicit_full,
2889,1233,one-to-many,dn_1338,ngm_1414 ngm_1415,Ippolita,Ippolita,PRON,PRON,nsubj,nsubj,explicit_full,
2890,1233,one-to-many,dn_1338,ngm_1414 ngm_1415,Ippolita,Ippolita,DET,PRON,nmod,nmod,explicit_ref_case,
2891,1233,one-to-many,dn_1338,ngm_1414 ngm_1415,Ippolita,Ippolita,DET,PRON,nmod,nmod,explicit_ref_case,
2892,1233,one-to-many,dn_1338,ngm_1414 ngm_1415,MISSING,Ippolita,MISSING,PROPN,MISSING,vocative,leftover_target,
2893,1235,one-to-one,dn_1340,ngm_1417,PaoloVeronese,PaoloVeronese,PROPN,PROPN,nmod,nmod,explicit_full,
2894,1236,one-to-one,dn_1341,ngm_1418,Giorgio,Giorgio,PRON,PRON,obj,nsubj,explicit_ref_pos,
2895,1236,one-to-one,dn_1341,ngm_1418,MISSING,Giorgio,MISSING,NULL,MISSING,nsubj,leftover_target,
2896,1236,one-to-one,dn_1341,ngm_1418,Giorgio Ippolita,MISSING,DET,MISSING,nmod,MISSING,leftover_source,
2897,1236,one-to-one,dn_1341,ngm_1418,PaoloVeronese,PaoloVeronese,PROPN,PROPN,nsubj,nmod,explicit_ref_pos,
2898,1237,one-to-one,dn_1342,ngm_1419,Giorgio Ippolita,Giorgio Ippolita,NULL,PRON,nsubj,nsubj,zero_to_tgt_anchor,
2899,1238,one-to-one,dn_1343,ngm_1420,Giorgio Ippolita,Giorgio Ippolita,PRON,PRON,obj,nsubj,explicit_ref_pos,
2900,1238,one-to-one,dn_1343,ngm_1420,Giorgio Ippolita,Giorgio Ippolita,NULL,NULL,nsubj,nsubj,zero_zero_semantic,0.21032337198798545
2901,1238,one-to-one,dn_1343,ngm_1420,MISSING,Giorgio Ippolita,MISSING,NULL,MISSING,nsubj,leftover_target,
2902,1239,one-to-one,dn_1344,ngm_1421,Ippolita,Ippolita,NULL,PRON,nsubj,nsubj,zero_to_tgt_anchor,
2903,1240,one-to-one,dn_1345,ngm_1422,Giorgio Ippolita,Giorgio Ippolita,NULL,PRON,nsubj,nsubj,zero_to_tgt_anchor,
2904,1240,one-to-one,dn_1345,ngm_1422,Giorgio Ippolita,MISSING,PRON-REFLEX,MISSING,obj,MISSING,leftover_source,
2905,1240,one-to-one,dn_1345,ngm_1422,Giorgio Ippolita,MISSING,PRON-REFLEX,MISSING,obj,MISSING,leftover_source,
2906,1240,one-to-one,dn_1345,ngm_1422,Giorgio Ippolita,MISSING,NULL,MISSING,nsubj,MISSING,leftover_source,
2907,1241,many-to-one,dn_1346 dn_1347,ngm_1423,Ippolita,Ippolita,PRON,PRON,nsubj,nsubj,explicit_full,
2908,1241,many-to-one,dn_1346 dn_1347,ngm_1423,MISSING,Ippolita,MISSING,NULL,MISSING,nsubj,leftover_target,
2909,1242,many-to-one,dn_1348 dn_1349,ngm_1424,Giorgio,MISSING,NULL,MISSING,nsubj,MISSING,leftover_source,
2910,1243,one-to-one,dn_1350,ngm_1425,Ippolita,Ippolita,PROPN,PROPN,nsubj,nsubj,explicit_full,
2911,1244,one-to-one,dn_1351,ngm_1426,Giorgio,Giorgio,PRON,PRON,nsubj,nsubj,explicit_full,
2912,1244,one-to-one,dn_1351,ngm_1426,Ippolita,Ippolita,DET,PRON,nmod,nsubj,explicit_ref_only,
2913,1245,one-to-one,dn_1352,ngm_1427,Ippolita,Ippolita,NULL,NULL,nsubj,nsubj,zero_zero_semantic,0.3316814628790836
2914,1245,one-to-one,dn_1352,ngm_1427,Ippolita,MISSING,DET,MISSING,nmod,MISSING,leftover_source,
2915,1245,one-to-one,dn_1352,ngm_1427,MISSING,Ippolita,MISSING,NULL,MISSING,nsubj,leftover_target,
2916,1245,one-to-one,dn_1352,ngm_1427,MISSING,Ippolita,MISSING,NULL,MISSING,nsubj,leftover_target,
2917,1246,one-to-one,dn_1353,ngm_1428,Ippolita,Ippolita,NULL,NULL,nsubj,nsubj,zero_zero_single,
2918,1246,one-to-one,dn_1353,ngm_1428,MISSING,Ippolita,MISSING,PRON,MISSING,nsubj,leftover_target,
2919,1247,one-to-one,dn_1354,ngm_1429,Ippolita,Ippolita,NULL,NULL,nsubj,nsubj,zero_zero_semantic,0.4501629640303907
2920,1247,one-to-one,dn_1354,ngm_1429,Ippolita,MISSING,NULL,MISSING,nsubj,MISSING,leftover_source,
2921,1248,one-to-one,dn_1355,ngm_1430,Giorgio,Giorgio,PRON,PRON,obj,obj,explicit_full,
2922,1248,one-to-one,dn_1355,ngm_1430,MISSING,Giorgio Ippolita,MISSING,NOUN,MISSING,obj,leftover_target,
2923,1248,one-to-one,dn_1355,ngm_1430,Ippolita,Ippolita,NULL,NULL,nsubj,nsubj,zero_zero_semantic,0.2554204066777458
2924,1248,one-to-one,dn_1355,ngm_1430,Ippolita,Ippolita,NULL,PRON,nsubj,nsubj,zero_to_tgt_anchor,
2925,1248,one-to-one,dn_1355,ngm_1430,Ippolita,MISSING,PRON-REFLEX,MISSING,obj,MISSING,leftover_source,
2926,1249,one-to-one,dn_1356,ngm_1431,Giorgio,Giorgio,NULL,PRON,nsubj,nsubj,zero_to_tgt_anchor,
2927,1249,one-to-one,dn_1356,ngm_1431,Giorgio,MISSING,PRON-REFLEX,MISSING,obj,MISSING,leftover_source,
2928,1250,one-to-one,dn_1357,ngm_1432,Giorgio,Giorgio,PRON,PRON,obj,obj,explicit_full,
2929,1250,one-to-one,dn_1357,ngm_1432,Ippolita,Ippolita,PRON,PRON,obj,nsubj,explicit_ref_pos,
2930,1250,one-to-one,dn_1357,ngm_1432,Ippolita,Ippolita,NULL,NULL,nsubj,nsubj,zero_zero_semantic,0.2882784745371686
2931,1250,one-to-one,dn_1357,ngm_1432,Ippolita,MISSING,NULL,MISSING,nsubj,MISSING,leftover_source,
2932,1251,one-to-one,dn_1358,ngm_1433,Giorgio,Giorgio,PRON,PRON,nsubj,nsubj,explicit_full,
2933,1251,one-to-one,dn_1358,ngm_1433,Ippolita,Ippolita,PRON,PRON,obj,obj,explicit_full,
2934,1252,one-to-one,dn_1359,ngm_1434,Giorgio,Giorgio,PRON,PRON,nsubj,nsubj,explicit_full,
2935,1252,one-to-one,dn_1359,ngm_1434,Ippolita,Ippolita,PRON,PRON,nsubj,nsubj,explicit_full,
2936,1252,one-to-one,dn_1359,ngm_1434,MISSING,Ippolita,MISSING,NULL,MISSING,nsubj,leftover_target,
2937,1253,one-to-one,dn_1360,ngm_1435,MISSING,Ippolita,MISSING,PRON,MISSING,nsubj,leftover_target,
2938,1255,one-to-one,dn_1362,ngm_1437,MISSING,Ippolita,MISSING,NULL,MISSING,nsubj,leftover_target,
2939,1257,one-to-one,dn_1364,ngm_1439,Giorgio,Giorgio,DET,PRON,nmod,obj,explicit_ref_only,
2940,1257,one-to-one,dn_1364,ngm_1439,Ippolita,Ippolita,PRON,PRON,nsubj,nsubj,explicit_full,
2941,1258,one-to-one,dn_1365,ngm_1440,Ippolita,Ippolita,PRON,PRON,nsubj,nsubj,explicit_full,
2942,1258,one-to-one,dn_1365,ngm_1440,Ippolita,MISSING,PRON-REFLEX,MISSING,obj,MISSING,leftover_source,
2943,1258,one-to-one,dn_1365,ngm_1440,MISSING,Ippolita,MISSING,NULL,MISSING,nsubj,leftover_target,
2944,1259,one-to-one,dn_1366,ngm_1441,Giorgio,Giorgio,PROPN,PROPN,nsubj,nsubj,explicit_full,
2945,1259,one-to-one,dn_1366,ngm_1441,Ippolita,Ippolita,PRON,PRON,obj,nmod,explicit_ref_pos,
2946,1260,one-to-one,dn_1367,ngm_1442,Giorgio Ippolita,Giorgio Ippolita,DET,PRON,nmod,nmod,explicit_ref_case,
2947,1260,one-to-one,dn_1367,ngm_1442,Giorgio Ippolita,Giorgio Ippolita,NULL,NOUN,nsubj,nsubj,zero_to_tgt_anchor,
2948,1261,one-to-one,dn_1368,ngm_1443,Giorgio Ippolita,Giorgio Ippolita,PRON,NOUN,nsubj,nsubj,explicit_ref_case,
2949,1261,one-to-one,dn_1368,ngm_1443,Giorgio Ippolita,Giorgio Ippolita,DET,PRON,nmod,nmod,explicit_ref_case,
2950,1261,one-to-one,dn_1368,ngm_1443,Giorgio Ippolita,Giorgio Ippolita,NULL,NULL,nsubj,nsubj,zero_zero_single,
2951,1261,one-to-one,dn_1368,ngm_1443,MISSING,Giorgio Ippolita,MISSING,NOUN,MISSING,nsubj,leftover_target,
2952,1262,one-to-one,dn_1369,ngm_1444,Ippolita,Ippolita,PROPN,PROPN,nmod,nmod,explicit_full,
2953,1263,one-to-one,dn_1370,ngm_1445,Ippolita,Ippolita,PRON,PRON,nmod,nmod,explicit_full,
2954,1264,one-to-many,dn_1371,ngm_1446 ngm_1447,Giorgio,Giorgio,PRON,PRON,nsubj,nsubj,explicit_full,
2955,1264,one-to-many,dn_1371,ngm_1446 ngm_1447,Giorgio,Giorgio,PRON,PRON,obj,obj,explicit_full,
2956,1264,one-to-many,dn_1371,ngm_1446 ngm_1447,Giorgio,Giorgio,DET,PRON,nmod,nmod,explicit_ref_case,
2957,1264,one-to-many,dn_1371,ngm_1446 ngm_1447,Giorgio,Giorgio,PRON,PRON,obj,nmod,explicit_ref_pos,
2958,1264,one-to-many,dn_1371,ngm_1446 ngm_1447,Giorgio,Giorgio,NULL,NULL,nsubj,nsubj,zero_zero_semantic,0.1443830654874516
2959,1264,one-to-many,dn_1371,ngm_1446 ngm_1447,Giorgio,MISSING,NULL,MISSING,nsubj,MISSING,leftover_source,
2960,1264,one-to-many,dn_1371,ngm_1446 ngm_1447,MISSING,Giorgio,MISSING,PRON,MISSING,nmod,leftover_target,
2961,1264,one-to-many,dn_1371,ngm_1446 ngm_1447,Ippolita,Ippolita,PRON,PRON,nsubj,nsubj,explicit_full,
2962,1264,one-to-many,dn_1371,ngm_1446 ngm_1447,Ippolita,Ippolita,DET,PRON,nmod,nmod,explicit_ref_case,
2963,1264,one-to-many,dn_1371,ngm_1446 ngm_1447,Ippolita,Ippolita,DET,PRON,nmod,obj,explicit_ref_only,
2964,1264,one-to-many,dn_1371,ngm_1446 ngm_1447,MISSING,Ippolita,MISSING,NULL,MISSING,nsubj,leftover_target,
2965,1265,one-to-one,dn_1372,ngm_1448,MISSING,Giorgio,MISSING,PRON,MISSING,nmod,leftover_target,
2966,1265,one-to-one,dn_1372,ngm_1448,Ippolita,Ippolita,PRON,PRON,nsubj,obj,explicit_ref_pos,
2967,1265,one-to-one,dn_1372,ngm_1448,Ippolita,MISSING,NULL,MISSING,nsubj,MISSING,leftover_source,
2968,1266,one-to-one,dn_1373,ngm_1449,Giorgio,Giorgio,DET,PRON,nmod,nsubj,explicit_ref_only,
2969,1266,one-to-one,dn_1373,ngm_1449,Ippolita,Ippolita,PRON,PRON,nsubj,nsubj,explicit_full,
2970,1266,one-to-one,dn_1373,ngm_1449,Ippolita,Ippolita,DET,PRON,nmod,obj,explicit_ref_only,
2971,1267,one-to-one,dn_1374,ngm_1450,Ippolita,Ippolita,NULL,NULL,nsubj,nsubj,zero_zero_single,
2972,1267,one-to-one,dn_1374,ngm_1450,Ippolita,MISSING,PRON,MISSING,nsubj,MISSING,leftover_source,
2973,1268,one-to-one,dn_1375,ngm_1451,MISSING,Giorgio,MISSING,PRON,MISSING,nmod,leftover_target,
2974,1271,one-to-many,dn_1378,ngm_1454 ngm_1455,Ippolita,Ippolita,PROPN,PROPN,nmod,nmod,explicit_full,
2975,1271,one-to-many,dn_1378,ngm_1454 ngm_1455,Ippolitas-husband,Ippolitas-husband,NOUN,NOUN,nsubj,nsubj,explicit_full,
2976,1271,one-to-many,dn_1378,ngm_1454 ngm_1455,Ippolitas-husband,MISSING,PRON,MISSING,nmod,MISSING,leftover_source,
2977,1271,one-to-many,dn_1378,ngm_1454 ngm_1455,Ippolitas-husband,MISSING,DET,MISSING,nmod,MISSING,leftover_source,
2978,1271,one-to-many,dn_1378,ngm_1454 ngm_1455,MISSING,Ippolitas-husband,MISSING,NULL,MISSING,nsubj,leftover_target,
2979,1271,one-to-many,dn_1378,ngm_1454 ngm_1455,MISSING,Ippolitas-husband,MISSING,NULL,MISSING,nsubj,leftover_target,
2980,1271,one-to-many,dn_1378,ngm_1454 ngm_1455,MISSING,Ippolitas-husband,MISSING,NULL,MISSING,nsubj,leftover_target,
2981,1271,one-to-many,dn_1378,ngm_1454 ngm_1455,MISSING,Ippolitas-husband,MISSING,NULL,MISSING,nsubj,leftover_target,
2982,1271,one-to-many,dn_1378,ngm_1454 ngm_1455,MISSING,Ippolitas-husband,MISSING,NULL,MISSING,nsubj,leftover_target,
2983,1272,one-to-one,dn_1379,ngm_1456,Ippolita,Ippolita,PROPN,PROPN,nsubj,nsubj,explicit_full,
2984,1272,one-to-one,dn_1379,ngm_1456,Ippolita,MISSING,PRON,MISSING,obj,MISSING,leftover_source,
2985,1272,one-to-one,dn_1379,ngm_1456,Ippolitas-mother,Ippolitas-mother,NOUN,NOUN,nmod,nmod,explicit_full,
2986,1272,one-to-one,dn_1379,ngm_1456,Ippolitas-sister,Ippolitas-sister,NOUN,NOUN,obj,nmod,explicit_ref_pos,
2987,1273,one-to-one,dn_1380,ngm_1457,Ippolita,Ippolita,PRON,PRON,obj,obj,explicit_full,
2988,1273,one-to-one,dn_1380,ngm_1457,MISSING,Ippolita,MISSING,NULL,MISSING,nsubj,leftover_target,
2989,1275,one-to-one,dn_1382,ngm_1459,Giorgio,Giorgio,PRON,PRON,nsubj,nsubj,explicit_full,
2990,1275,one-to-one,dn_1382,ngm_1459,Ippolita,Ippolita,PRON,PRON,nsubj,nsubj,explicit_full,
2991,1276,one-to-one,dn_1383,ngm_1460,Giorgio,Giorgio,DET,PRON,nmod,nsubj,explicit_ref_only,
2992,1276,one-to-one,dn_1383,ngm_1460,MISSING,Giorgio,MISSING,NULL,MISSING,nsubj,leftover_target,
2993,1277,one-to-many,dn_1384,ngm_1461 ngm_1462,Giorgio,Giorgio,PRON,PRON,nsubj,obj,explicit_ref_pos,
2994,1277,one-to-many,dn_1384,ngm_1461 ngm_1462,Giorgio,Giorgio,PRON,PRON,nsubj,obj,explicit_ref_pos,
2995,1277,one-to-many,dn_1384,ngm_1461 ngm_1462,Ippolita,Ippolita,DET,PRON,nmod,nmod,explicit_ref_case,
2996,1277,one-to-many,dn_1384,ngm_1461 ngm_1462,Ippolita,Ippolita,PRON,PRON,obj,nsubj,explicit_ref_pos,
2997,1277,one-to-many,dn_1384,ngm_1461 ngm_1462,Ippolita,MISSING,PRON-REFLEX,MISSING,obj,MISSING,leftover_source,
2998,1277,one-to-many,dn_1384,ngm_1461 ngm_1462,Ippolita,MISSING,DET,MISSING,nmod,MISSING,leftover_source,
2999,1277,one-to-many,dn_1384,ngm_1461 ngm_1462,MISSING,Ippolita,MISSING,NULL,MISSING,nsubj,leftover_target,
3000,1278,one-to-many,dn_1385,ngm_1463 ngm_1464,Giorgio,Giorgio,NULL,NULL,nsubj,nsubj,zero_zero_single,
3001,1278,one-to-many,dn_1385,ngm_1463 ngm_1464,Giorgio,MISSING,PRON,MISSING,nsubj,MISSING,leftover_source,
3002,1278,one-to-many,dn_1385,ngm_1463 ngm_1464,Giorgio,MISSING,PRON,MISSING,nsubj,MISSING,leftover_source,
3003,1278,one-to-many,dn_1385,ngm_1463 ngm_1464,Giorgio,MISSING,PRON,MISSING,nsubj,MISSING,leftover_source,
3004,1278,one-to-many,dn_1385,ngm_1463 ngm_1464,Ippolita,Ippolita,PRON,PRON,obj,nsubj,explicit_ref_pos,
3005,1278,one-to-many,dn_1385,ngm_1463 ngm_1464,MISSING,Ippolita,MISSING,PRON,MISSING,nmod,leftover_target,
3006,1279,one-to-one,dn_1386,ngm_1465,Giorgio,Giorgio,PRON,PRON,obj,obj,explicit_full,
3007,1279,one-to-one,dn_1386,ngm_1465,Giorgio,MISSING,NULL,MISSING,nsubj,MISSING,leftover_source,
3008,1279,one-to-one,dn_1386,ngm_1465,MISSING,Giorgio,MISSING,PRON,MISSING,obj,leftover_target,
3009,1279,one-to-one,dn_1386,ngm_1465,MISSING,Ippolita,MISSING,PRON,MISSING,nsubj,leftover_target,
3010,1280,one-to-one,dn_1387,ngm_1466,Giorgio,Giorgio,NULL,NULL,nsubj,nsubj,zero_zero_single,
3011,1280,one-to-one,dn_1387,ngm_1466,MISSING,Giorgio,MISSING,PRON,MISSING,nmod,leftover_target,
3012,1280,one-to-one,dn_1387,ngm_1466,Ippolita,Ippolita,DET,PRON,nmod,nmod,explicit_ref_case,
3013,1282,one-to-one,dn_1389,ngm_1468,Giorgio,Giorgio,NULL,PRON,nsubj,nsubj,zero_to_tgt_anchor,
3014,1282,one-to-one,dn_1389,ngm_1468,Ippolita,MISSING,PRON,MISSING,obj,MISSING,leftover_source,
3015,1283,one-to-many,dn_1390,ngm_1469 ngm_1470,Giorgio,Giorgio,NULL,NULL,nsubj,nsubj,zero_zero_semantic,0.33531407181356776
3016,1283,one-to-many,dn_1390,ngm_1469 ngm_1470,MISSING,Giorgio,MISSING,PRON,MISSING,nsubj,leftover_target,
3017,1283,one-to-many,dn_1390,ngm_1469 ngm_1470,MISSING,Giorgio,MISSING,NULL,MISSING,nsubj,leftover_target,
3018,1283,one-to-many,dn_1390,ngm_1469 ngm_1470,MISSING,Giorgio,MISSING,NULL,MISSING,nsubj,leftover_target,
3019,1283,one-to-many,dn_1390,ngm_1469 ngm_1470,MISSING,Giorgio,MISSING,NULL,MISSING,nsubj,leftover_target,
3020,1283,one-to-many,dn_1390,ngm_1469 ngm_1470,MISSING,Giorgio,MISSING,NULL,MISSING,nsubj,leftover_target,
3021,1283,one-to-many,dn_1390,ngm_1469 ngm_1470,Ippolita,Ippolita,PRON,PRON,obj,nmod,explicit_ref_pos,
3022,1283,one-to-many,dn_1390,ngm_1469 ngm_1470,Ippolita,Ippolita,DET,PRON,obj,nmod,explicit_ref_only,
3023,1283,one-to-many,dn_1390,ngm_1469 ngm_1470,Ippolita,Ippolita,DET,PRON,obj,nmod,explicit_ref_only,
3024,1284,one-to-one,dn_1391,ngm_1471,Giorgio,Giorgio,NULL,NULL,nsubj,nsubj,zero_zero_single,
3025,1285,one-to-one,dn_1392,ngm_1472,Giorgio,Giorgio,DET,PRON,nmod,nmod,explicit_ref_case,
3026,1285,one-to-one,dn_1392,ngm_1472,Ippolita,Ippolita,NOUN,NOUN,vocative,vocative,explicit_full,
3027,1286,one-to-one,dn_1393,ngm_1473,Giorgio,Giorgio,NULL,NULL,nsubj,nsubj,zero_zero_semantic,0.20423171244151994
3028,1286,one-to-one,dn_1393,ngm_1473,Giorgio,Giorgio,NULL,NULL,nsubj,nsubj,zero_zero_semantic,0.30856371659157106
3029,1286,one-to-one,dn_1393,ngm_1473,Giorgio,MISSING,PRON-REFLEX,MISSING,obj,MISSING,leftover_source,
3030,1286,one-to-one,dn_1393,ngm_1473,Giorgio,MISSING,PRON-REFLEX,MISSING,obj,MISSING,leftover_source,
3031,1286,one-to-one,dn_1393,ngm_1473,Giorgio,MISSING,PRON-REFLEX,MISSING,obj,MISSING,leftover_source,
3032,1286,one-to-one,dn_1393,ngm_1473,MISSING,Giorgio,MISSING,PRON,MISSING,nsubj,leftover_target,
3033,1286,one-to-one,dn_1393,ngm_1473,MISSING,Giorgio,MISSING,NULL,MISSING,nsubj,leftover_target,
3034,1287,one-to-one,dn_1394,ngm_1474,Giorgio,MISSING,NULL,MISSING,nsubj,MISSING,leftover_source,
3035,1287,one-to-one,dn_1394,ngm_1474,Giorgio,MISSING,PRON,MISSING,obj,MISSING,leftover_source,
3036,1288,many-to-one,dn_1395 dn_1396,ngm_1475,Giorgio,Giorgio,NULL,NULL,nsubj,nsubj,zero_zero_semantic,0.4457002534894716
3037,1288,many-to-one,dn_1395 dn_1396,ngm_1475,Giorgio,MISSING,NULL,MISSING,nsubj,MISSING,leftover_source,
3038,1288,many-to-one,dn_1395 dn_1396,ngm_1475,Ippolita,Ippolita,DET,PRON,obj,nmod,explicit_ref_only,
3039,1290,one-to-one,dn_1398,ngm_1477,Giorgio,MISSING,PRON,MISSING,obj,MISSING,leftover_source,
3040,1290,one-to-one,dn_1398,ngm_1477,Ippolita,Ippolita,PRON,PRON,nsubj,nmod,explicit_ref_pos,
3041,1291,one-to-one,dn_1399,ngm_1478,Giorgio,Giorgio,DET,PRON,obj,obj,explicit_ref_case,
3042,1291,one-to-one,dn_1399,ngm_1478,Ippolita,Ippolita,PRON,PRON,obj,nsubj,explicit_ref_pos,
3043,1292,one-to-many,dn_1400,ngm_1479 ngm_1480 ngm_1481,Giorgio,Giorgio,PRON,PRON,obj,obj,explicit_full,
3044,1292,one-to-many,dn_1400,ngm_1479 ngm_1480 ngm_1481,Giorgio,MISSING,PRON,MISSING,obj,MISSING,leftover_source,
3045,1292,one-to-many,dn_1400,ngm_1479 ngm_1480 ngm_1481,Ippolita,Ippolita,PRON,PRON,nsubj,nsubj,explicit_full,
3046,1292,one-to-many,dn_1400,ngm_1479 ngm_1480 ngm_1481,Ippolita,Ippolita,NULL,NULL,nsubj,nsubj,zero_zero_single,
3047,1293,one-to-one,dn_1401,ngm_1482,Ippolita,Ippolita,NULL,PRON,nsubj,nsubj,zero_to_tgt_anchor,
3048,1293,one-to-one,dn_1401,ngm_1482,Ippolita,MISSING,NULL,MISSING,nsubj,MISSING,leftover_source,
3049,1294,one-to-one,dn_1402,ngm_1483,Ippolita,Ippolita,PRON,PRON,nsubj,nsubj,explicit_full,
3050,1294,one-to-one,dn_1402,ngm_1483,Ippolita,Ippolita,NULL,NULL,nsubj,nsubj,zero_zero_semantic,0.2565451943354466
3051,1294,one-to-one,dn_1402,ngm_1483,Ippolita,MISSING,NULL,MISSING,nsubj,MISSING,leftover_source,
3052,1294,one-to-one,dn_1402,ngm_1483,MISSING,Ippolita,MISSING,PRON,MISSING,obj,leftover_target,
3053,1295,one-to-one,dn_1403,ngm_1484,Giorgio,Giorgio,PRON,PRON,nsubj,nsubj,explicit_full,
3054,1295,one-to-one,dn_1403,ngm_1484,Giorgio,Giorgio,PRON,PRON,obj,nmod,explicit_ref_pos,
3055,1295,one-to-one,dn_1403,ngm_1484,Giorgio,MISSING,PRON,MISSING,obj,MISSING,leftover_source,
3056,1295,one-to-one,dn_1403,ngm_1484,Ippolita,Ippolita,PRON,PRON,nsubj,nmod,explicit_ref_pos,
3057,1296,one-to-one,dn_1404,ngm_1485,Giorgio,MISSING,PRON,MISSING,obj,MISSING,leftover_source,
3058,1296,one-to-one,dn_1404,ngm_1485,Ippolita,Ippolita,NULL,NULL,nsubj,nsubj,zero_zero_single,
3059,1297,one-to-one,dn_1405,ngm_1486,Giorgio,Giorgio,PRON,PRON,obj,obj,explicit_full,
3060,1297,one-to-one,dn_1405,ngm_1486,Giorgio,MISSING,PRON,MISSING,obj,MISSING,leftover_source,
3061,1297,one-to-one,dn_1405,ngm_1486,Ippolita,Ippolita,NULL,NULL,nsubj,nsubj,zero_zero_semantic,0.43252243925082057
3062,1297,one-to-one,dn_1405,ngm_1486,Ippolita,Ippolita,NULL,NULL,nsubj,nsubj,zero_zero_semantic,0.4985808666823502
3063,1297,one-to-one,dn_1405,ngm_1486,Ippolita,Ippolita,NULL,NULL,nsubj,nsubj,zero_zero_semantic,0.25023655005191503
3064,1297,one-to-one,dn_1405,ngm_1486,Ippolita,Ippolita,NULL,NULL,nsubj,nsubj,zero_zero_semantic,0.22005466422192135
3065,1298,one-to-one,dn_1406,ngm_1487,Ippolita,Ippolita,PRON,PRON,nsubj,nsubj,explicit_full,
3066,1299,many-to-one,dn_1407 dn_1408,ngm_1488,Ippolita,Ippolita,PROPN,PROPN,vocative,vocative,explicit_full,
3067,1299,many-to-one,dn_1407 dn_1408,ngm_1488,Ippolita,Ippolita,PRON,PRON,nsubj,nsubj,explicit_full,
3068,1299,many-to-one,dn_1407 dn_1408,ngm_1488,Ippolita,MISSING,NULL,MISSING,nsubj,MISSING,leftover_source,
3069,1302,one-to-one,dn_1411,ngm_1491,Giorgio,Giorgio,PRON,PRON,nsubj,nsubj,explicit_full,
3070,1302,one-to-one,dn_1411,ngm_1491,Giorgios-friend,Giorgios-friend,NOUN,NOUN,nsubj,nsubj,explicit_full,
3071,1303,one-to-one,dn_1412,ngm_1492,Giorgio,Giorgio,PRON,PRON,nsubj,nsubj,explicit_full,
3072,1305,one-to-one,dn_1414,ngm_1494,Giorgios-friend,Giorgios-friend,NOUN,NOUN,nsubj,nsubj,explicit_full,
3073,1307,one-to-one,dn_1416,ngm_1496,Giorgios-friend,Giorgios-friend,NULL,PRON,nsubj,nsubj,zero_to_tgt_anchor,
3074,1307,one-to-one,dn_1416,ngm_1496,Giorgios-friend,MISSING,PRON-REFLEX,MISSING,obj,MISSING,leftover_source,
3075,1309,one-to-one,dn_1418,ngm_1498,Giorgio,Giorgio,PRON,PRON,obj,nsubj,explicit_ref_pos,
3076,1309,one-to-one,dn_1418,ngm_1498,Giorgio,Giorgio,NULL,NULL,nsubj,nsubj,zero_zero_single,
3077,1309,one-to-one,dn_1418,ngm_1498,Giorgios-friend,Giorgios-friend,NOUN,NOUN,nmod,nmod,explicit_full,
3078,1309,one-to-one,dn_1418,ngm_1498,Ippolita,Ippolita,PRON,PRON,obj,obj,explicit_full,
3079,1311,many-to-one,dn_1421 dn_1422,ngm_1500,Ippolita,Ippolita,PRON,PRON,nsubj,nsubj,explicit_full,
3080,1311,many-to-one,dn_1421 dn_1422,ngm_1500,Ippolita,MISSING,NULL,MISSING,nsubj,MISSING,leftover_source,
3081,1313,many-to-one,dn_1424 dn_1425,ngm_1502,Giorgio,Giorgio,PRON,PRON,obj,nmod,explicit_ref_pos,
3082,1313,many-to-one,dn_1424 dn_1425,ngm_1502,Giorgio,Giorgio,NULL,NULL,nsubj,nsubj,zero_zero_single,
3083,1315,one-to-one,dn_1427,ngm_1504,Ippolita,Ippolita,PRON,PRON,nsubj,nsubj,explicit_full,
3084,1315,one-to-one,dn_1427,ngm_1504,Ippolita,MISSING,NULL,MISSING,nsubj,MISSING,leftover_source,
3085,1316,one-to-one,dn_1428,ngm_1505,Giorgio,Giorgio,NULL,NULL,nsubj,nsubj,zero_zero_semantic,0.3311254602128809
3086,1316,one-to-one,dn_1428,ngm_1505,MISSING,Giorgio,MISSING,PRON,MISSING,nsubj,leftover_target,
3087,1316,one-to-one,dn_1428,ngm_1505,MISSING,Giorgio,MISSING,NULL,MISSING,nsubj,leftover_target,
3088,1316,one-to-one,dn_1428,ngm_1505,Ippolita,Ippolita,DET,PRON,nmod,nmod,explicit_ref_case,
3089,1317,one-to-one,dn_1429,ngm_1506,Ippolita,Ippolita,PRON,PRON,nsubj,nsubj,explicit_full,
3090,1318,one-to-one,dn_1430,ngm_1507,Giorgio,MISSING,PRON,MISSING,nsubj,MISSING,leftover_source,
3091,1318,one-to-one,dn_1430,ngm_1507,Ippolita,Ippolita,PRON,NULL,nsubj,nsubj,zero_to_src_anchor,
3092,1318,one-to-one,dn_1430,ngm_1507,Ippolita,MISSING,DET,MISSING,nmod,MISSING,leftover_source,
3093,1318,one-to-one,dn_1430,ngm_1507,MISSING,Ippolita,MISSING,NULL,MISSING,nsubj,leftover_target,
3094,1319,one-to-one,dn_1431,ngm_1508,Ippolita,Ippolita,NULL,NULL,nsubj,nsubj,zero_zero_single,
3095,1319,one-to-one,dn_1431,ngm_1508,Ippolita,MISSING,PRON,MISSING,obj,MISSING,leftover_source,
3096,1320,one-to-one,dn_1432,ngm_1509,Giorgio,Giorgio,DET,PRON,nmod,nsubj,explicit_ref_only,
3097,1320,one-to-one,dn_1432,ngm_1509,MISSING,Giorgio,MISSING,PRON,MISSING,nsubj,leftover_target,
3098,1320,one-to-one,dn_1432,ngm_1509,Ippolita,MISSING,NULL,MISSING,nsubj,MISSING,leftover_source,
3099,1320,one-to-one,dn_1432,ngm_1509,MISSING,Ippolita,MISSING,PRON,MISSING,nmod,leftover_target,
3100,1322,one-to-one,dn_1434,ngm_1511,pilgrims,pilgrims,NOUN,NOUN,nsubj,nsubj,explicit_full,
3101,1322,one-to-one,dn_1434,ngm_1511,MISSING,pilgrims,MISSING,NULL,MISSING,nsubj,leftover_target,
3102,1322,one-to-one,dn_1434,ngm_1511,MISSING,pilgrims,MISSING,NULL,MISSING,nsubj,leftover_target,
3103,1323,one-to-one,dn_1435,ngm_1512,Ippolita,Ippolita,NOUN,PRON,obj,nsubj,explicit_ref_only,
3104,1324,one-to-one,dn_1436,ngm_1513,Giorgio,Giorgio,NULL,NULL,nsubj,nsubj,zero_zero_semantic,0.16654731995529598
3105,1324,one-to-one,dn_1436,ngm_1513,MISSING,Giorgio,MISSING,NULL,MISSING,nsubj,leftover_target,
3106,1324,one-to-one,dn_1436,ngm_1513,Ippolita,Ippolita,PRON,PRON,obj,obj,explicit_full,
3107,1325,one-to-one,dn_1437,ngm_1514,Giorgio,MISSING,PRON,MISSING,nsubj,MISSING,leftover_source,
3108,1327,one-to-one,dn_1439,ngm_1516,Ippolita,Ippolita,NULL,NULL,nsubj,nsubj,zero_zero_single,
3109,1330,one-to-one,dn_1442,ngm_1519,Giorgio,Giorgio,DET,PRON,nmod,nmod,explicit_ref_case,
3110,1330,one-to-one,dn_1442,ngm_1519,Giorgio,Giorgio,NULL,PRON,nsubj,nsubj,zero_to_tgt_anchor,
3111,1330,one-to-one,dn_1442,ngm_1519,Giorgio,MISSING,PRON-REFLEX,MISSING,obj,MISSING,leftover_source,
3112,1331,one-to-one,dn_1443,ngm_1520,Giorgio,MISSING,PRON,MISSING,obj,MISSING,leftover_source,
3113,1331,one-to-one,dn_1443,ngm_1520,Ippolita,Ippolita,PRON,PRON,nsubj,nsubj,explicit_full,
3114,1332,one-to-one,dn_1444,ngm_1521,Giorgio,Giorgio,NULL,NULL,nsubj,nsubj,zero_zero_semantic,0.288178305213268
3115,1332,one-to-one,dn_1444,ngm_1521,Giorgio,Giorgio,NULL,PRON,nsubj,nsubj,zero_to_tgt_anchor,
3116,1332,one-to-one,dn_1444,ngm_1521,Ippolita,Ippolita,DET,PRON,nmod,nmod,explicit_ref_case,
3117,1332,one-to-one,dn_1444,ngm_1521,Ippolita,Ippolita,DET,PRON,nmod,nmod,explicit_ref_case,
3118,1333,one-to-one,dn_1445,ngm_1522,Giorgio,Giorgio,NULL,PRON,nsubj,nsubj,zero_to_tgt_anchor,
3119,1336,one-to-one,dn_1448,ngm_1525,Giorgio,Giorgio,NULL,NULL,nsubj,nsubj,zero_zero_single,
3120,1336,one-to-one,dn_1448,ngm_1525,MISSING,Giorgio,MISSING,PRON,MISSING,nsubj,leftover_target,
3121,1336,one-to-one,dn_1448,ngm_1525,Ippolita,MISSING,PRON,MISSING,obj,MISSING,leftover_source,
3122,1337,one-to-one,dn_1449,ngm_1526,Giorgio,MISSING,PRON,MISSING,obj,MISSING,leftover_source,
3123,1337,one-to-one,dn_1449,ngm_1526,Giorgio,MISSING,PRON,MISSING,obj,MISSING,leftover_source,
3124,1338,one-to-one,dn_1450,ngm_1527,Giorgio,Giorgio,NULL,NULL,nsubj,nsubj,zero_zero_semantic,0.36087447888775415
3125,1338,one-to-one,dn_1450,ngm_1527,Giorgio,MISSING,PRON-REFLEX,MISSING,obj,MISSING,leftover_source,
3126,1338,one-to-one,dn_1450,ngm_1527,Giorgio,MISSING,NULL,MISSING,nsubj,MISSING,leftover_source,
3127,1339,one-to-one,dn_1451,ngm_1528,Giorgio,Giorgio,NULL,NULL,nsubj,nsubj,zero_zero_semantic,0.41977652949946265
3128,1339,one-to-one,dn_1451,ngm_1528,MISSING,Giorgio,MISSING,PRON,MISSING,nsubj,leftover_target,
3129,1339,one-to-one,dn_1451,ngm_1528,MISSING,Giorgio,MISSING,NULL,MISSING,nsubj,leftover_target,
3130,1339,one-to-one,dn_1451,ngm_1528,MISSING,Giorgio,MISSING,NULL,MISSING,nsubj,leftover_target,
3131,1340,one-to-one,dn_1452,ngm_1529,Giorgio,Giorgio,NULL,NULL,nsubj,nsubj,zero_zero_semantic,0.2667082015627114
3132,1340,one-to-one,dn_1452,ngm_1529,Giorgio,Giorgio,NULL,PRON,nsubj,nsubj,zero_to_tgt_anchor,
3133,1340,one-to-one,dn_1452,ngm_1529,Giorgio,Giorgio,PRON-REFLEX,PRON,obj,obj,reflex_obj,
3134,1341,one-to-one,dn_1453,ngm_1530,Giorgio,Giorgio,NULL,NULL,nsubj,nsubj,zero_zero_single,
3135,1341,one-to-one,dn_1453,ngm_1530,Ippolita,Ippolita,PRON,PRON,obj,nmod,explicit_ref_pos,
3136,1342,one-to-one,dn_1454,ngm_1531,Cristina,Cristina,PROPN,PROPN,nsubj,nsubj,explicit_full,
3137,1342,one-to-one,dn_1454,ngm_1531,Cristina,Cristina,NULL,NULL,nsubj,nsubj,zero_zero_single,
3138,1342,one-to-one,dn_1454,ngm_1531,Cristina,MISSING,NOUN,MISSING,nsubj,MISSING,leftover_source,
3139,1342,one-to-one,dn_1454,ngm_1531,Giorgio,Giorgio,PRON,PRON,obj,nmod,explicit_ref_pos,
3140,1342,one-to-one,dn_1454,ngm_1531,Giorgio,MISSING,PRON,MISSING,obj,MISSING,leftover_source,
3141,1343,one-to-many,dn_1455,ngm_1532 ngm_1533,MISSING,Cristina,MISSING,DET,MISSING,nmod,leftover_target,
3142,1343,one-to-many,dn_1455,ngm_1532 ngm_1533,Giorgio,Giorgio,PRON,PRON,nsubj,nsubj,explicit_full,
3143,1343,one-to-many,dn_1455,ngm_1532 ngm_1533,Giorgio,Giorgio,DET,PRON,nmod,nsubj,explicit_ref_only,
3144,1343,one-to-many,dn_1455,ngm_1532 ngm_1533,Giorgio,Giorgio,NULL,NULL,nsubj,nsubj,zero_zero_semantic,0.10196783990920091
3145,1343,one-to-many,dn_1455,ngm_1532 ngm_1533,Giorgio,Giorgio,NULL,NULL,nsubj,nsubj,zero_zero_semantic,0.36407231986522676
3146,1343,one-to-many,dn_1455,ngm_1532 ngm_1533,Giorgio,MISSING,PRON-REFLEX,MISSING,obj,MISSING,leftover_source,
3147,1343,one-to-many,dn_1455,ngm_1532 ngm_1533,Ippolita,Ippolita,DET,PRON,nmod,nmod,explicit_ref_case,
3148,1343,one-to-many,dn_1455,ngm_1532 ngm_1533,Ippolita,Ippolita,DET,PRON,nmod,nmod,explicit_ref_case,
3149,1344,one-to-one,dn_1456,ngm_1534,Cristina,Cristina,NOUN,NOUN,obj,obj,explicit_full,
3150,1344,one-to-one,dn_1456,ngm_1534,Giorgio,Giorgio,NULL,NULL,nsubj,nsubj,zero_zero_semantic,0.3864548467753226
3151,1344,one-to-one,dn_1456,ngm_1534,MISSING,Giorgio,MISSING,NULL,MISSING,nsubj,leftover_target,
3152,1345,one-to-one,dn_1457,ngm_1535,Cristina,Cristina,DET,NOUN,nmod,nmod,explicit_ref_case,
3153,1345,one-to-one,dn_1457,ngm_1535,Giorgio,Giorgio,PRON,PRON,obj,obj,explicit_full,
3154,1345,one-to-one,dn_1457,ngm_1535,MISSING,Giorgio,MISSING,NULL,MISSING,nsubj,leftover_target,
3155,1345,one-to-one,dn_1457,ngm_1535,Ippolita,Ippolita,DET,PRON,nmod,nmod,explicit_ref_case,
3156,1346,one-to-one,dn_1458,ngm_1536,Giorgio,Giorgio,NULL,NULL,nsubj,nsubj,zero_zero_single,
3157,1346,one-to-one,dn_1458,ngm_1536,Ippolita,MISSING,PRON,MISSING,obj,MISSING,leftover_source,
3158,1347,one-to-one,dn_1459,ngm_1537,Ippolita,Ippolita,PRON,PRON,nsubj,obj,explicit_ref_pos,
3159,1350,one-to-one,dn_1462,ngm_1540,Giorgio,Giorgio,NULL,PRON,nsubj,nsubj,zero_to_tgt_anchor,
3160,1351,one-to-one,dn_1463,ngm_1541,Cristina,Cristina,NOUN,NOUN,obj,nsubj,explicit_ref_pos,
3161,1351,one-to-one,dn_1463,ngm_1541,Giorgio,Giorgio,DET,PRON,nmod,nmod,explicit_ref_case,
3162,1351,one-to-one,dn_1463,ngm_1541,Giorgio,MISSING,NULL,MISSING,nsubj,MISSING,leftover_source,
3163,1351,one-to-one,dn_1463,ngm_1541,Giorgio,MISSING,NULL,MISSING,nsubj,MISSING,leftover_source,
3164,1351,one-to-one,dn_1463,ngm_1541,Giorgio,MISSING,PRON,MISSING,obj,MISSING,leftover_source,
3165,1352,one-to-one,dn_1464,ngm_1542,Ippolita,Ippolita,DET,PRON,nmod,nmod,explicit_ref_case,
3166,1353,one-to-one,dn_1465,ngm_1543,boys,boys,NOUN,NOUN,nmod,nmod,explicit_full,
3167,1353,one-to-one,dn_1465,ngm_1543,women,women,NOUN,NOUN,nmod,nmod,explicit_full,
3168,1353,one-to-one,dn_1465,ngm_1543,women boys,MISSING,PRON-REFLEX,MISSING,obj,MISSING,leftover_source,
3169,1355,one-to-one,dn_1467,ngm_1545,Giorgio,Giorgio,PRON,PRON,obj,obj,explicit_full,
3170,1355,one-to-one,dn_1467,ngm_1545,Ippolita,Ippolita,NULL,PRON,nsubj,nsubj,zero_to_tgt_anchor,
3171,1355,one-to-one,dn_1467,ngm_1545,Ippolita,MISSING,PRON-REFLEX,MISSING,obj,MISSING,leftover_source,
3172,1356,many-to-one,dn_1468 dn_1469,ngm_1546,Giorgio,Giorgio,PRON,PRON,obj,obj,explicit_full,
3173,1356,many-to-one,dn_1468 dn_1469,ngm_1546,Giorgio,Giorgio,PRON,PRON,obj,obj,explicit_full,
3174,1356,many-to-one,dn_1468 dn_1469,ngm_1546,Giorgio,Giorgio,PRON,PRON,obj,obj,explicit_full,
3175,1356,many-to-one,dn_1468 dn_1469,ngm_1546,Giorgio,MISSING,PRON,MISSING,obj,MISSING,leftover_source,
3176,1356,many-to-one,dn_1468 dn_1469,ngm_1546,Ippolita,Ippolita,DET,PRON,nmod,nmod,explicit_ref_case,
3177,1357,one-to-one,dn_1470,ngm_1547,Ippolita,Ippolita,DET,PRON,nmod,nmod,explicit_ref_case,
3178,1358,one-to-one,dn_1471,ngm_1548,Ippolita,Ippolita,PRON,PRON,obj,obj,explicit_full,
3179,1358,one-to-one,dn_1471,ngm_1548,Ippolita,Ippolita,PRON,PRON,obj,obj,explicit_full,
3180,1358,one-to-one,dn_1471,ngm_1548,Ippolita,Ippolita,PRON,PRON,obj,nmod,explicit_ref_pos,
3181,1359,one-to-many,dn_1472,ngm_1549 ngm_1550,Giorgio,Giorgio,PRON,PRON,obj,obj,explicit_full,
3182,1359,one-to-many,dn_1472,ngm_1549 ngm_1550,Giorgio,Giorgio,PRON,PRON,obj,obj,explicit_full,
3183,1359,one-to-many,dn_1472,ngm_1549 ngm_1550,Giorgio,Giorgio,PRON,PRON,obj,obj,explicit_full,
3184,1359,one-to-many,dn_1472,ngm_1549 ngm_1550,Giorgio,Giorgio,DET,PRON,nmod,nmod,explicit_ref_case,
3185,1359,one-to-many,dn_1472,ngm_1549 ngm_1550,Giorgio,Giorgio,PRON,PRON,obj,nmod,explicit_ref_pos,
3186,1359,one-to-many,dn_1472,ngm_1549 ngm_1550,Giorgio,MISSING,PRON,MISSING,obj,MISSING,leftover_source,
3187,1359,one-to-many,dn_1472,ngm_1549 ngm_1550,Ippolita,Ippolita,DET,PRON,nmod,nmod,explicit_ref_case,
3188,1359,one-to-many,dn_1472,ngm_1549 ngm_1550,Ippolita,Ippolita,DET,PRON,nmod,nsubj,explicit_ref_only,
3189,1359,one-to-many,dn_1472,ngm_1549 ngm_1550,Ippolita,Ippolita,NULL,NULL,nsubj,nsubj,zero_zero_semantic,0.2452381726802531
3190,1359,one-to-many,dn_1472,ngm_1549 ngm_1550,Ippolita,Ippolita,NULL,NULL,nsubj,nsubj,zero_zero_semantic,0.604070917512891
3191,1359,one-to-many,dn_1472,ngm_1549 ngm_1550,Ippolita,Ippolita,NULL,NULL,nsubj,nsubj,zero_zero_semantic,0.115789311958774
3192,1359,one-to-many,dn_1472,ngm_1549 ngm_1550,Ippolita,Ippolita,NULL,NULL,nsubj,nsubj,zero_zero_semantic,0.2461747578534343
3193,1359,one-to-many,dn_1472,ngm_1549 ngm_1550,Ippolita,Ippolita,NULL,NULL,nsubj,nsubj,zero_zero_semantic,0.3634360201531087
3194,1359,one-to-many,dn_1472,ngm_1549 ngm_1550,Ippolita,Ippolita,NULL,NULL,nsubj,nsubj,zero_zero_semantic,0.27830012295482337
3195,1359,one-to-many,dn_1472,ngm_1549 ngm_1550,MISSING,Ippolita,MISSING,PRON,MISSING,nsubj,leftover_target,
3196,1361,one-to-many,dn_1474,ngm_1552 ngm_1553,Giorgio,Giorgio,PRON,PRON,nsubj,nsubj,explicit_full,
3197,1361,one-to-many,dn_1474,ngm_1552 ngm_1553,Giorgio,Giorgio,PRON,PRON,obj,obj,explicit_full,
3198,1361,one-to-many,dn_1474,ngm_1552 ngm_1553,Giorgio,Giorgio,NULL,NULL,nsubj,nsubj,zero_zero_semantic,0.21574684451926837
3199,1361,one-to-many,dn_1474,ngm_1552 ngm_1553,Giorgio,Giorgio,NULL,NULL,nsubj,nsubj,zero_zero_semantic,0.2312503795190291
3200,1362,one-to-one,dn_1475,ngm_1554,Giorgio,Giorgio,NULL,NULL,nsubj,nsubj,zero_zero_semantic,0.3734935348232587
3201,1362,one-to-one,dn_1475,ngm_1554,Giorgio,MISSING,PRON-REFLEX,MISSING,obj,MISSING,leftover_source,
3202,1362,one-to-one,dn_1475,ngm_1554,MISSING,Giorgio,MISSING,NULL,MISSING,nsubj,leftover_target,
3203,1363,one-to-many,dn_1476,ngm_1555 ngm_1556,Giorgio,MISSING,PRON,MISSING,obj,MISSING,leftover_source,
3204,1363,one-to-many,dn_1476,ngm_1555 ngm_1556,Giorgio,MISSING,PRON,MISSING,obj,MISSING,leftover_source,
3205,1363,one-to-many,dn_1476,ngm_1555 ngm_1556,Giorgio,MISSING,PRON,MISSING,nsubj,MISSING,leftover_source,
3206,1366,one-to-one,dn_1479,ngm_1559,Giorgio,Giorgio,DET,PRON,nmod,nmod,explicit_ref_case,
3207,1366,one-to-one,dn_1479,ngm_1559,Giorgio,Giorgio,DET,PRON,nmod,nmod,explicit_ref_case,
3208,1366,one-to-one,dn_1479,ngm_1559,Giorgio,MISSING,DET,MISSING,nmod,MISSING,leftover_source,
3209,1367,one-to-one,dn_1480,ngm_1560,Giorgio,Giorgio,PRON,PRON,obj,nsubj,explicit_ref_pos,
3210,1367,one-to-one,dn_1480,ngm_1560,MISSING,Giorgio,MISSING,NULL,MISSING,nsubj,leftover_target,
3211,1369,one-to-one,dn_1482,ngm_1562,Giorgio,Giorgio,PRON,PRON,nsubj,nsubj,explicit_full,
3212,1369,one-to-one,dn_1482,ngm_1562,MISSING,Giorgio,MISSING,NULL,MISSING,nsubj,leftover_target,
3213,1370,one-to-one,dn_1483,ngm_1563,Giorgio,Giorgio,PRON,PRON,nsubj,nsubj,explicit_full,
3214,1370,one-to-one,dn_1483,ngm_1563,MISSING,Giorgio,MISSING,NULL,MISSING,nsubj,leftover_target,
3215,1371,one-to-one,dn_1484,ngm_1564,MISSING,Giorgio,MISSING,NULL,MISSING,nsubj,leftover_target,
3216,1371,one-to-one,dn_1484,ngm_1564,MISSING,Giorgio,MISSING,NULL,MISSING,nsubj,leftover_target,
3217,1371,one-to-one,dn_1484,ngm_1564,MISSING,Giorgio,MISSING,NULL,MISSING,nsubj,leftover_target,
3218,1371,one-to-one,dn_1484,ngm_1564,MISSING,Giorgio,MISSING,NULL,MISSING,nsubj,leftover_target,
3219,1371,one-to-one,dn_1484,ngm_1564,Ippolita,Ippolita,PRON,PRON,obj,obj,explicit_full,
3220,1371,one-to-one,dn_1484,ngm_1564,Ippolita,Ippolita,DET,PRON,nmod,nmod,explicit_ref_case,
3221,1371,one-to-one,dn_1484,ngm_1564,Ippolita,Ippolita,DET,PRON,nmod,nmod,explicit_ref_case,
3222,1371,one-to-one,dn_1484,ngm_1564,Ippolita,Ippolita,DET,PRON,nmod,nmod,explicit_ref_case,
3223,1372,one-to-one,dn_1485,ngm_1565,Giorgio,Giorgio,PRON,PRON,obj,nmod,explicit_ref_pos,
3224,1372,one-to-one,dn_1485,ngm_1565,Giorgio,MISSING,NULL,MISSING,nsubj,MISSING,leftover_source,
3225,1372,one-to-one,dn_1485,ngm_1565,Ippolita,Ippolita,DET,PRON,nmod,nmod,explicit_ref_case,
3226,1372,one-to-one,dn_1485,ngm_1565,Ippolita,MISSING,PRON,MISSING,obj,MISSING,leftover_source,
3227,1373,one-to-one,dn_1486,ngm_1566,Giorgio,Giorgio,NULL,PRON,nsubj,nsubj,zero_to_tgt_anchor,
3228,1373,one-to-one,dn_1486,ngm_1566,MISSING,Giorgio,MISSING,NOUN,MISSING,pred,leftover_target,
3229,1374,one-to-one,dn_1487,ngm_1567,Giorgio,Giorgio,DET,PRON,nmod,nmod,explicit_ref_case,
3230,1375,one-to-one,dn_1488,ngm_1568,Giorgio,Giorgio,NULL,NULL,nsubj,nsubj,zero_zero_semantic,0.28191674369222974
3231,1375,one-to-one,dn_1488,ngm_1568,Giorgio,Giorgio,NULL,NULL,nsubj,nsubj,zero_zero_semantic,0.35775627414969835
3232,1375,one-to-one,dn_1488,ngm_1568,Giorgio,Giorgio,NULL,PRON,nsubj,nsubj,zero_to_tgt_anchor,
3233,1376,one-to-many,dn_1489,ngm_1569 ngm_1570,Giorgio,Giorgio,PRON,PRON,nmod,nmod,explicit_full,
3234,1377,one-to-one,dn_1490,ngm_1571,Giorgio,Giorgio,PRON,PRON,obj,nmod,explicit_ref_pos,
3235,1378,one-to-one,dn_1491,ngm_1572,Giorgio,Giorgio,NULL,PRON,nsubj,nsubj,zero_to_tgt_anchor,
3236,1379,one-to-one,dn_1492,ngm_1573,Giorgio,Giorgio,NULL,NULL,nsubj,nsubj,zero_zero_single,
3237,1380,one-to-one,dn_1493,ngm_1574,Giorgio,Giorgio,NULL,PRON,nsubj,nsubj,zero_to_tgt_anchor,
3238,1381,one-to-one,dn_1494,ngm_1575,Giorgio,MISSING,PRON,MISSING,obj,MISSING,leftover_source,
3239,1383,one-to-one,dn_1496,ngm_1577,Giorgio,Giorgio,PRON,PRON,nmod,nmod,explicit_full,
3240,1383,one-to-one,dn_1496,ngm_1577,Giorgio,Giorgio,NULL,PRON,nsubj,nsubj,zero_to_tgt_anchor,
3241,1384,one-to-one,dn_1497,ngm_1578,Demetrio,Demetrio,PROPN,PROPN,nmod,nmod,explicit_full,
3242,1384,one-to-one,dn_1497,ngm_1578,Giorgio,Giorgio,PRON,PRON,obj,obj,explicit_full,
3243,1384,one-to-one,dn_1497,ngm_1578,Giorgio,MISSING,DET,MISSING,nmod,MISSING,leftover_source,
3244,1385,one-to-one,dn_1498,ngm_1579,Giorgio,Giorgio,PRON,PRON,nmod,nmod,explicit_full,
3245,1385,one-to-one,dn_1498,ngm_1579,Giorgio,Giorgio,PRON,PRON,nmod,nmod,explicit_full,
3246,1387,one-to-one,dn_1500,ngm_1581,Giorgio,Giorgio,NULL,NULL,nsubj,nsubj,zero_zero_semantic,0.4667077532536547
3247,1387,one-to-one,dn_1500,ngm_1581,Giorgio,Giorgio,NULL,PRON,nsubj,nsubj,zero_to_tgt_anchor,
3248,1388,one-to-many,dn_1501,ngm_1582 ngm_1583,Giorgio,Giorgio,PROPN,PROPN,nsubj,nsubj,explicit_full,
3249,1388,one-to-many,dn_1501,ngm_1582 ngm_1583,MISSING,Giorgio,MISSING,NULL,MISSING,nsubj,leftover_target,
3250,1388,one-to-many,dn_1501,ngm_1582 ngm_1583,Ippolita,Ippolita,PROPN,PROPN,obj,obj,explicit_full,
3251,1388,one-to-many,dn_1501,ngm_1582 ngm_1583,MISSING,Ippolita,MISSING,PROPN,MISSING,nmod,leftover_target,
3252,1389,one-to-one,dn_1502,ngm_1584,Giorgio,Giorgio,PRON,PRON,obj,obj,explicit_full,
3253,1389,one-to-one,dn_1502,ngm_1584,Ippolita,Ippolita,NOUN,PRON,nsubj,nsubj,explicit_ref_case,
3254,1390,one-to-one,dn_1503,ngm_1585,Giorgio,Giorgio,PRON,PRON,obj,obj,explicit_full,
3255,1390,one-to-one,dn_1503,ngm_1585,Ippolita,Ippolita,PRON,PRON,nsubj,nsubj,explicit_full,
3256,1390,one-to-one,dn_1503,ngm_1585,MISSING,Ippolita,MISSING,NULL,MISSING,nsubj,leftover_target,
3257,1391,one-to-one,dn_1504,ngm_1586,Ippolita,MISSING,NULL,MISSING,nsubj,MISSING,leftover_source,
3258,1392,one-to-one,dn_1505,ngm_1587,MISSING,Giorgio,MISSING,PRON,MISSING,obj,leftover_target,
3259,1392,one-to-one,dn_1505,ngm_1587,Ippolita,MISSING,PRON,MISSING,obj,MISSING,leftover_source,
3260,1393,one-to-one,dn_1506,ngm_1588,Ippolita,Ippolita,NULL,PRON,nsubj,nsubj,zero_to_tgt_anchor,
3261,1394,one-to-many,dn_1507,ngm_1589 ngm_1590,Giorgio,Giorgio,DET,PRON,nmod,nsubj,explicit_ref_only,
3262,1394,one-to-many,dn_1507,ngm_1589 ngm_1590,Giorgio,Giorgio,NULL,NULL,nsubj,nsubj,zero_zero_semantic,0.5841154522212405
3263,1394,one-to-many,dn_1507,ngm_1589 ngm_1590,MISSING,Giorgio,MISSING,NULL,MISSING,nsubj,leftover_target,
3264,1394,one-to-many,dn_1507,ngm_1589 ngm_1590,MISSING,Giorgio,MISSING,PRON,MISSING,nsubj,leftover_target,
3265,1395,one-to-one,dn_1508,ngm_1591,Giorgio,MISSING,NULL,MISSING,nsubj,MISSING,leftover_source,
3266,1395,one-to-one,dn_1508,ngm_1591,MISSING,Giorgio,MISSING,PRON,MISSING,nmod,leftover_target,
3267,1396,one-to-one,dn_1509,ngm_1592,Giorgio,Giorgio,DET,PRON,nmod,nmod,explicit_ref_case,
3268,1396,one-to-one,dn_1509,ngm_1592,Giorgio,MISSING,DET,MISSING,nmod,MISSING,leftover_source,
3269,1396,one-to-one,dn_1509,ngm_1592,Giorgio,MISSING,DET,MISSING,nmod,MISSING,leftover_source,
3270,1397,one-to-one,dn_1510,ngm_1593,Giorgio,MISSING,NULL,MISSING,nsubj,MISSING,leftover_source,
3271,1397,one-to-one,dn_1510,ngm_1593,Ippolita,Ippolita,DET,PRON,nmod,nmod,explicit_ref_case,
3272,1398,one-to-one,dn_1511,ngm_1594,Giorgio,Giorgio,PRON,PRON,obj,obj,explicit_full,
3273,1398,one-to-one,dn_1511,ngm_1594,Ippolita,Ippolita,DET,PRON,nmod,nmod,explicit_ref_case,
3274,1399,one-to-one,dn_1512,ngm_1595,Giorgio,Giorgio,PRON,PRON,nsubj,nsubj,explicit_full,
3275,1399,one-to-one,dn_1512,ngm_1595,Ippolita,MISSING,PRON,MISSING,obj,MISSING,leftover_source,
3276,1400,one-to-one,dn_1513,ngm_1596,Giorgio,Giorgio,NULL,PRON,nsubj,nsubj,zero_to_tgt_anchor,
3277,1400,one-to-one,dn_1513,ngm_1596,Ippolita,Ippolita,PRON,PRON,obj,obj,explicit_full,
3278,1401,many-to-one,dn_1514 dn_1515 dn_1516,ngm_1597,Giorgio,Giorgio,NULL,NULL,nsubj,nsubj,zero_zero_semantic,0.6861594984928767
3279,1401,many-to-one,dn_1514 dn_1515 dn_1516,ngm_1597,MISSING,Giorgio,MISSING,NULL,MISSING,nsubj,leftover_target,
3280,1402,one-to-one,dn_1517,ngm_1598,Giorgio,Giorgio,PROPN,PROPN,nsubj,nsubj,explicit_full,
3281,1402,one-to-one,dn_1517,ngm_1598,Giorgio,Giorgio,NULL,NULL,nsubj,nsubj,zero_zero_single,
3282,1402,one-to-one,dn_1517,ngm_1598,Giorgio,MISSING,PRON,MISSING,obj,MISSING,leftover_source,
3283,1403,one-to-one,dn_1518,ngm_1599,Giorgio,MISSING,PRON,MISSING,obj,MISSING,leftover_source,
3284,1403,one-to-one,dn_1518,ngm_1599,MISSING,Giorgio,MISSING,NULL,MISSING,nsubj,leftover_target,
3285,1403,one-to-one,dn_1518,ngm_1599,Ippolita,Ippolita,PROPN,PROPN,nsubj,obj,explicit_ref_pos,
3286,1404,one-to-many,dn_1519,ngm_1600 ngm_1601 ngm_1602 ngm_1603 ngm_1604,Ippolita,Ippolita,PRON,PRON,nsubj,nsubj,explicit_full,
3287,1404,one-to-many,dn_1519,ngm_1600 ngm_1601 ngm_1602 ngm_1603 ngm_1604,Ippolita,Ippolita,PRON,PRON,obj,obj,explicit_full,
3288,1404,one-to-many,dn_1519,ngm_1600 ngm_1601 ngm_1602 ngm_1603 ngm_1604,Ippolita,Ippolita,NULL,NULL,nsubj,nsubj,zero_zero_semantic,0.0657419603474163
3289,1404,one-to-many,dn_1519,ngm_1600 ngm_1601 ngm_1602 ngm_1603 ngm_1604,Ippolita,MISSING,PRON-REFLEX,MISSING,obj,MISSING,leftover_source,
3290,1404,one-to-many,dn_1519,ngm_1600 ngm_1601 ngm_1602 ngm_1603 ngm_1604,Ippolita,MISSING,PRON,MISSING,obj,MISSING,leftover_source,
3291,1404,one-to-many,dn_1519,ngm_1600 ngm_1601 ngm_1602 ngm_1603 ngm_1604,Ippolita,MISSING,PRON-REFLEX,MISSING,obj,MISSING,leftover_source,
3292,1404,one-to-many,dn_1519,ngm_1600 ngm_1601 ngm_1602 ngm_1603 ngm_1604,Ippolita,MISSING,PRON,MISSING,obj,MISSING,leftover_source,
3293,1404,one-to-many,dn_1519,ngm_1600 ngm_1601 ngm_1602 ngm_1603 ngm_1604,MISSING,Ippolita,MISSING,NULL,MISSING,nsubj,leftover_target,
3294,1404,one-to-many,dn_1519,ngm_1600 ngm_1601 ngm_1602 ngm_1603 ngm_1604,MISSING,Ippolita,MISSING,NULL,MISSING,nsubj,leftover_target,
3295,1404,one-to-many,dn_1519,ngm_1600 ngm_1601 ngm_1602 ngm_1603 ngm_1604,Ippolita Ippolitas-husband,MISSING,NULL,MISSING,nsubj,MISSING,leftover_source,
3296,1404,one-to-many,dn_1519,ngm_1600 ngm_1601 ngm_1602 ngm_1603 ngm_1604,MISSING,Ippolita Ippolitas-husband,MISSING,NOUN,MISSING,obj,leftover_target,
3297,1404,one-to-many,dn_1519,ngm_1600 ngm_1601 ngm_1602 ngm_1603 ngm_1604,Ippolitas-husband,Ippolitas-husband,NOUN,NOUN,nsubj,nsubj,explicit_full,
3298,1404,one-to-many,dn_1519,ngm_1600 ngm_1601 ngm_1602 ngm_1603 ngm_1604,Ippolitas-husband,Ippolitas-husband,PRON,PRON,obj,obj,explicit_full,
3299,1404,one-to-many,dn_1519,ngm_1600 ngm_1601 ngm_1602 ngm_1603 ngm_1604,Ippolitas-husband,Ippolitas-husband,PRON,PRON,obj,nsubj,explicit_ref_pos,
3300,1404,one-to-many,dn_1519,ngm_1600 ngm_1601 ngm_1602 ngm_1603 ngm_1604,MISSING,Ippolitas-husband,MISSING,NULL,MISSING,nsubj,leftover_target,
3301,1404,one-to-many,dn_1519,ngm_1600 ngm_1601 ngm_1602 ngm_1603 ngm_1604,MISSING,Ippolitas-husband,MISSING,DET,MISSING,nmod,leftover_target,
3302,1404,one-to-many,dn_1519,ngm_1600 ngm_1601 ngm_1602 ngm_1603 ngm_1604,MISSING,Ippolitas-husband,MISSING,NULL,MISSING,nsubj,leftover_target,
3303,1404,one-to-many,dn_1519,ngm_1600 ngm_1601 ngm_1602 ngm_1603 ngm_1604,MISSING,Ippolitas-husband,MISSING,NULL,MISSING,nsubj,leftover_target,
3304,1405,many-to-one,dn_1520 dn_1521,ngm_1605,Ippolita,Ippolita,PRON,PRON,obj,obj,explicit_full,
3305,1405,many-to-one,dn_1520 dn_1521,ngm_1605,Ippolita,Ippolita,PRON,PRON,obj,nsubj,explicit_ref_pos,
3306,1405,many-to-one,dn_1520 dn_1521,ngm_1605,Ippolita,Ippolita,NULL,NULL,nsubj,nsubj,zero_zero_semantic,0.5906583762632872
3307,1405,many-to-one,dn_1520 dn_1521,ngm_1605,Ippolita,MISSING,PRON-REFLEX,MISSING,obj,MISSING,leftover_source,
3308,1405,many-to-one,dn_1520 dn_1521,ngm_1605,MISSING,Ippolita,MISSING,NULL,MISSING,nsubj,leftover_target,
3309,1405,many-to-one,dn_1520 dn_1521,ngm_1605,Ippolitas-husband,Ippolitas-husband,NOUN,NOUN,obj,obj,explicit_full,
3310,1405,many-to-one,dn_1520 dn_1521,ngm_1605,MISSING,Ippolitas-husband,MISSING,NULL,MISSING,nsubj,leftover_target,
3311,1405,many-to-one,dn_1520 dn_1521,ngm_1605,MISSING,Ippolitas-husband,MISSING,PRON,MISSING,nmod,leftover_target,
3312,1406,one-to-one,dn_1522,ngm_1606,Giorgio,Giorgio,PROPN,PROPN,vocative,vocative,explicit_full,
3313,1407,one-to-one,dn_1523,ngm_1607,Giorgio,Giorgio,NOUN,PRON,nmod,nmod,explicit_ref_case,
3314,1407,one-to-one,dn_1523,ngm_1607,Ippolita,Ippolita,PRON,PRON,nsubj,nsubj,explicit_full,
3315,1407,one-to-one,dn_1523,ngm_1607,Ippolita,Ippolita,PRON,NOUN,obj,nmod,explicit_ref_only,
3316,1408,one-to-one,dn_1524,ngm_1608,Giorgio Ippolita,Giorgio Ippolita,NULL,NULL,nsubj,nsubj,zero_zero_single,
3317,1409,one-to-one,dn_1525,ngm_1609,Giorgio,Giorgio,PRON,PRON,nsubj,nsubj,explicit_full,
3318,1409,one-to-one,dn_1525,ngm_1609,Giorgio,MISSING,NULL,MISSING,nsubj,MISSING,leftover_source,
3319,1410,one-to-one,dn_1526,ngm_1610,Giorgio,MISSING,NULL,MISSING,nsubj,MISSING,leftover_source,
3320,1410,one-to-one,dn_1526,ngm_1610,MISSING,Giorgio,MISSING,PRON,MISSING,obj,leftover_target,
3321,1411,one-to-many,dn_1527,ngm_1611 ngm_1612,Giorgio,Giorgio,NULL,PRON,nsubj,nsubj,zero_to_tgt_anchor,
3322,1411,one-to-many,dn_1527,ngm_1611 ngm_1612,Giorgio,Giorgio,PRON-REFLEX,PRON,obj,obj,reflex_obj,
3323,1411,one-to-many,dn_1527,ngm_1611 ngm_1612,Giorgio,MISSING,NULL,MISSING,nsubj,MISSING,leftover_source,
3324,1411,one-to-many,dn_1527,ngm_1611 ngm_1612,Ippolita,Ippolita,PRON,PRON,obj,obj,explicit_full,
3325,1411,one-to-many,dn_1527,ngm_1611 ngm_1612,Ippolitas-husband,Ippolitas-husband,NOUN,PROPN,nmod,nsubj,explicit_ref_only,
3326,1412,one-to-one,dn_1528,ngm_1613,Giorgio,Giorgio,DET,PRON,nmod,nmod,explicit_ref_case,
3327,1412,one-to-one,dn_1528,ngm_1613,Giorgio,Giorgio,NULL,NULL,nsubj,nsubj,zero_zero_single,
3328,1412,one-to-one,dn_1528,ngm_1613,Ippolita,Ippolita,PRON,PRON,obj,obj,explicit_full,
3329,1412,one-to-one,dn_1528,ngm_1613,Ippolita,MISSING,PRON,MISSING,obj,MISSING,leftover_source,
3330,1413,one-to-one,dn_1529,ngm_1614,MISSING,Giorgio,MISSING,PRON,MISSING,nsubj,leftover_target,
3331,1413,one-to-one,dn_1529,ngm_1614,MISSING,Giorgio,MISSING,NULL,MISSING,nsubj,leftover_target,
3332,1414,one-to-one,dn_1530,ngm_1615,Giorgio,Giorgio,DET,PRON,nmod,nmod,explicit_ref_case,
3333,1414,one-to-one,dn_1530,ngm_1615,Giorgio,MISSING,NULL,MISSING,nsubj,MISSING,leftover_source,
3334,1415,one-to-one,dn_1531,ngm_1616,Giorgio,Giorgio,PRON,PRON,obj,obj,explicit_full,
3335,1415,one-to-one,dn_1531,ngm_1616,Giorgio,MISSING,NULL,MISSING,nsubj,MISSING,leftover_source,
3336,1415,one-to-one,dn_1531,ngm_1616,Ippolita,Ippolita,PRON,PRON,obj,nsubj,explicit_ref_pos,
3337,1416,one-to-one,dn_1532,ngm_1617,Ippolita,Ippolita,PRON,PRON,obj,nsubj,explicit_ref_pos,
3338,1416,one-to-one,dn_1532,ngm_1617,Ippolita,Ippolita,NULL,NULL,nsubj,nsubj,zero_zero_semantic,0.30854461107935227
3339,1416,one-to-one,dn_1532,ngm_1617,Ippolita,MISSING,NULL,MISSING,nsubj,MISSING,leftover_source,
3340,1417,one-to-one,dn_1533,ngm_1618,Giorgio,Giorgio,PRON,PRON,nsubj,nsubj,explicit_full,
3341,1418,one-to-one,dn_1534,ngm_1619,Giorgio,Giorgio,DET,PRON,nmod,nmod,explicit_ref_case,
3342,1418,one-to-one,dn_1534,ngm_1619,MISSING,Giorgio,MISSING,PRON,MISSING,nmod,leftover_target,
3343,1418,one-to-one,dn_1534,ngm_1619,Ippolita,Ippolita,PRON,PRON,obj,obj,explicit_full,
3344,1418,one-to-one,dn_1534,ngm_1619,Ippolita,Ippolita,PRON,PRON,obj,obj,explicit_full,
3345,1418,one-to-one,dn_1534,ngm_1619,Ippolita,Ippolita,PRON,PRON,obj,obj,explicit_full,
3346,1418,one-to-one,dn_1534,ngm_1619,Ippolita,Ippolita,PRON,PRON,obj,nmod,explicit_ref_pos,
3347,1421,one-to-one,dn_1537,ngm_1622,MISSING,Giorgio,MISSING,NULL,MISSING,nsubj,leftover_target,
3348,1421,one-to-one,dn_1537,ngm_1622,MISSING,Giorgio,MISSING,NULL,MISSING,nsubj,leftover_target,
3349,1422,one-to-one,dn_1538,ngm_1623,Ippolita,Ippolita,PROPN,PROPN,vocative,vocative,explicit_full,
3350,1422,one-to-one,dn_1538,ngm_1623,Ippolita,Ippolita,NULL,NULL,nsubj,nsubj,zero_zero_semantic,0.20167551891899657
3351,1422,one-to-one,dn_1538,ngm_1623,Ippolita,Ippolita,NULL,NULL,nsubj,nsubj,zero_zero_semantic,0.13799308103391494
3352,1423,one-to-many,dn_1539,ngm_1624 ngm_1625,Giorgio,Giorgio,NULL,NULL,nsubj,nsubj,zero_zero_semantic,0.15964683393637338
3353,1423,one-to-many,dn_1539,ngm_1624 ngm_1625,MISSING,Giorgio,MISSING,PRON,MISSING,nsubj,leftover_target,
3354,1423,one-to-many,dn_1539,ngm_1624 ngm_1625,MISSING,Giorgio,MISSING,NULL,MISSING,nsubj,leftover_target,
3355,1423,one-to-many,dn_1539,ngm_1624 ngm_1625,Ippolita,Ippolita,PRON,PRON,obj,obj,explicit_full,
3356,1423,one-to-many,dn_1539,ngm_1624 ngm_1625,Ippolita,Ippolita,PRON,PRON,obj,obj,explicit_full,
3357,1423,one-to-many,dn_1539,ngm_1624 ngm_1625,Ippolita,Ippolita,PRON,PRON,obj,obj,explicit_full,
3358,1424,one-to-one,dn_1540,ngm_1626,Giorgio,Giorgio,NULL,NULL,nsubj,nsubj,zero_zero_single,
3359,1424,one-to-one,dn_1540,ngm_1626,Ippolita,Ippolita,PRON,PRON,obj,obj,explicit_full,
3360,1425,one-to-one,dn_1541,ngm_1627,Giorgio,Giorgio,PRON,PRON,obj,obj,explicit_full,
3361,1425,one-to-one,dn_1541,ngm_1627,Ippolita,Ippolita,DET,PRON,nmod,nmod,explicit_ref_case,
3362,1425,one-to-one,dn_1541,ngm_1627,Ippolita,Ippolita,NULL,NULL,nsubj,nsubj,zero_zero_single,
3363,1426,one-to-one,dn_1542,ngm_1628,Giorgio,Giorgio,PRON,PRON,nsubj,nsubj,explicit_full,
3364,1426,one-to-one,dn_1542,ngm_1628,MISSING,Giorgio,MISSING,NULL,MISSING,nsubj,leftover_target,
3365,1427,many-to-one,dn_1543 dn_1544 dn_1545,ngm_1629,Giorgio,Giorgio,PRON,PRON,obj,nsubj,explicit_ref_pos,
3366,1427,many-to-one,dn_1543 dn_1544 dn_1545,ngm_1629,Giorgio,Giorgio,PRON,PRON,obj,nsubj,explicit_ref_pos,
3367,1427,many-to-one,dn_1543 dn_1544 dn_1545,ngm_1629,Giorgio,MISSING,NULL,MISSING,nsubj,MISSING,leftover_source,
3368,1427,many-to-one,dn_1543 dn_1544 dn_1545,ngm_1629,MISSING,Giorgio,MISSING,PRON,MISSING,nmod,leftover_target,
3369,1427,many-to-one,dn_1543 dn_1544 dn_1545,ngm_1629,Ippolita,Ippolita,DET,PRON,nmod,nmod,explicit_ref_case,
3370,1427,many-to-one,dn_1543 dn_1544 dn_1545,ngm_1629,MISSING,Ippolita,MISSING,PRON,MISSING,nmod,leftover_target,
3371,1427,many-to-one,dn_1543 dn_1544 dn_1545,ngm_1629,Ippolitas-husband,Ippolitas-husband,DET,NOUN,nmod,nmod,explicit_ref_case,
3372,1428,many-to-one,dn_1546 dn_1547,ngm_1630,Giorgio,Giorgio,PROPN,PROPN,vocative,vocative,explicit_full,
3373,1428,many-to-one,dn_1546 dn_1547,ngm_1630,MISSING,Giorgio,MISSING,NULL,MISSING,nsubj,leftover_target,
3374,1428,many-to-one,dn_1546 dn_1547,ngm_1630,Giorgio Ippolita,MISSING,NULL,MISSING,nsubj,MISSING,leftover_source,
3375,1429,one-to-many,dn_1548,ngm_1631 ngm_1632,Giorgio,Giorgio,NOUN,NOUN,nmod,nmod,explicit_full,
3376,1429,one-to-many,dn_1548,ngm_1631 ngm_1632,Giorgio,Giorgio,PRON,PRON,obj,nmod,explicit_ref_pos,
3377,1429,one-to-many,dn_1548,ngm_1631 ngm_1632,Ippolita,Ippolita,PROPN,PROPN,nsubj,nsubj,explicit_full,
3378,1429,one-to-many,dn_1548,ngm_1631 ngm_1632,Ippolita,Ippolita,NULL,NULL,nsubj,nsubj,zero_zero_semantic,0.30442580829064053
3379,1429,one-to-many,dn_1548,ngm_1631 ngm_1632,Ippolita,MISSING,DET,MISSING,nmod,MISSING,leftover_source,
3380,1429,one-to-many,dn_1548,ngm_1631 ngm_1632,MISSING,Ippolita,MISSING,NULL,MISSING,nsubj,leftover_target,
3381,1430,one-to-one,dn_1549,ngm_1633,Giorgio,MISSING,PROPN,MISSING,vocative,MISSING,leftover_source,
3382,1430,one-to-one,dn_1549,ngm_1633,Giorgio,MISSING,PRON,MISSING,obj,MISSING,leftover_source,
3383,1430,one-to-one,dn_1549,ngm_1633,Ippolita,MISSING,NULL,MISSING,nsubj,MISSING,leftover_source,
3384,1430,one-to-one,dn_1549,ngm_1633,MISSING,Ippolita,MISSING,PROPN,MISSING,vocative,leftover_target,
3385,1431,one-to-one,dn_1550,ngm_1634,Giorgio,Giorgio,PRON,PRON,obj,obj,explicit_full,
3386,1431,one-to-one,dn_1550,ngm_1634,Ippolita,Ippolita,PRON,PRON,nsubj,nsubj,explicit_full,
3387,1432,one-to-many,dn_1551,ngm_1635 ngm_1636,Giorgio,Giorgio,PRON,PRON,nsubj,nsubj,explicit_full,
3388,1432,one-to-many,dn_1551,ngm_1635 ngm_1636,Giorgio,Giorgio,NULL,NULL,nsubj,nsubj,zero_zero_semantic,0.21386205601410085
3389,1432,one-to-many,dn_1551,ngm_1635 ngm_1636,Giorgio,MISSING,PRON,MISSING,obj,MISSING,leftover_source,
3390,1432,one-to-many,dn_1551,ngm_1635 ngm_1636,Giorgio,MISSING,NULL,MISSING,nsubj,MISSING,leftover_source,
3391,1433,one-to-one,dn_1552,ngm_1637,Giorgio Ippolita,Giorgio Ippolita,NULL,NOUN,nsubj,nsubj,zero_to_tgt_anchor,
3392,1434,one-to-one,dn_1553,ngm_1638,Giorgio Ippolita,Giorgio Ippolita,NULL,NOUN,nsubj,nsubj,zero_to_tgt_anchor,
3393,1435,one-to-one,dn_1554,ngm_1639,Giorgio Ippolita,Giorgio Ippolita,NULL,NOUN,nsubj,nsubj,zero_to_tgt_anchor,
3394,1436,one-to-one,dn_1555,ngm_1640,Giorgio Ippolita,Giorgio Ippolita,PRON,NOUN,obj,obj,explicit_ref_case,
3395,1437,one-to-one,dn_1556,ngm_1641,Giorgio Ippolita,MISSING,PRON,MISSING,obj,MISSING,leftover_source,
3396,1438,one-to-one,dn_1557,ngm_1642,Giorgio Ippolita,Giorgio Ippolita,PRON,PRON,nsubj,nsubj,explicit_full,
3397,1438,one-to-one,dn_1557,ngm_1642,Giorgio Ippolita,MISSING,DET,MISSING,nmod,MISSING,leftover_source,
3398,1438,one-to-one,dn_1557,ngm_1642,Giorgio Ippolita,MISSING,DET,MISSING,nmod,MISSING,leftover_source,
3399,1439,one-to-one,dn_1558,ngm_1643,Giorgio Ippolita,Giorgio Ippolita,DET,PRON,nmod,nmod,explicit_ref_case,
3400,1439,one-to-one,dn_1558,ngm_1643,Giorgio Ippolita,Giorgio Ippolita,DET,PRON,nmod,nmod,explicit_ref_case,
3401,1440,one-to-one,dn_1559,ngm_1644,Giorgio,Giorgio,PROPN,PROPN,nsubj,nsubj,explicit_full,
3402,1442,one-to-one,dn_1561,ngm_1646,Ippolita,Ippolita,PROPN,PROPN,nsubj,nsubj,explicit_full,
3403,1443,one-to-one,dn_1562,ngm_1647,Ippolita,Ippolita,NULL,NULL,nsubj,nsubj,zero_zero_single,
3404,1444,one-to-one,dn_1563,ngm_1648,Giorgio,Giorgio,DET,PRON,nmod,nmod,explicit_ref_case,
3405,1444,one-to-one,dn_1563,ngm_1648,Ippolita,Ippolita,PRON,PRON,obj,nsubj,explicit_ref_pos,
3406,1445,one-to-many,dn_1564,ngm_1649 ngm_1650,Giorgio Ippolita,Giorgio Ippolita,PRON,PRON,nmod,nmod,explicit_full,
3407,1445,one-to-many,dn_1564,ngm_1649 ngm_1650,Giorgio Ippolita,Giorgio Ippolita,PRON,NOUN,nsubj,nsubj,explicit_ref_case,
3408,1445,one-to-many,dn_1564,ngm_1649 ngm_1650,Giorgio Ippolita,Giorgio Ippolita,PRON,NOUN,obj,obj,explicit_ref_case,
3409,1445,one-to-many,dn_1564,ngm_1649 ngm_1650,Giorgio Ippolita,Giorgio Ippolita,PRON,NOUN,obj,nsubj,explicit_ref_only,
3410,1445,one-to-many,dn_1564,ngm_1649 ngm_1650,Giorgio Ippolita,MISSING,PRON,MISSING,obj,MISSING,leftover_source,
3411,1446,one-to-one,dn_1565,ngm_1651,Giorgio Ippolita,Giorgio Ippolita,NULL,NULL,nsubj,nsubj,zero_zero_semantic,0.380969006635926
3412,1446,one-to-one,dn_1565,ngm_1651,Giorgio Ippolita,Giorgio Ippolita,NULL,NOUN,nsubj,nsubj,zero_to_tgt_anchor,
3413,1446,one-to-one,dn_1565,ngm_1651,pavers,pavers,NOUN,NOUN,nsubj,nmod,explicit_ref_pos,
3414,1447,one-to-one,dn_1566,ngm_1652,Giorgio Ippolita,Giorgio Ippolita,DET,NOUN,nmod,nmod,explicit_ref_case,
3415,1448,one-to-one,dn_1567,ngm_1653,Giorgio,Giorgio,PROPN,PROPN,nsubj,nsubj,explicit_full,
3416,1448,one-to-one,dn_1567,ngm_1653,Giorgio,MISSING,PRON,MISSING,obj,MISSING,leftover_source,
3417,1450,one-to-one,dn_1569,ngm_1655,Giorgio,Giorgio,PRON,PRON,nsubj,nsubj,explicit_full,
3418,1450,one-to-one,dn_1569,ngm_1655,Giorgio,Giorgio,PRON,PRON,nsubj,nsubj,explicit_full,
3419,1450,one-to-one,dn_1569,ngm_1655,Giorgio,MISSING,PRON,MISSING,obj,MISSING,leftover_source,
3420,1450,one-to-one,dn_1569,ngm_1655,Giorgio,MISSING,PRON,MISSING,obj,MISSING,leftover_source,
3421,1450,one-to-one,dn_1569,ngm_1655,MISSING,Giorgio,MISSING,NULL,MISSING,nsubj,leftover_target,
3422,1451,one-to-one,dn_1570,ngm_1656,Giorgio,Giorgio,PRON,PRON,obj,obj,explicit_full,
3423,1452,one-to-one,dn_1571,ngm_1657,Giorgio,Giorgio,PRON,PRON,nsubj,nsubj,explicit_full,
3424,1453,one-to-one,dn_1572,ngm_1658,Giorgio Ippolita,Giorgio Ippolita,PRON,NOUN,nsubj,nsubj,explicit_ref_case,
3425,1453,one-to-one,dn_1572,ngm_1658,Giorgio Ippolita,MISSING,PRON-REFLEX,MISSING,obj,MISSING,leftover_source,
3426,1454,one-to-one,dn_1573,ngm_1659,Giorgio,Giorgio,PRON,PRON,nsubj,nsubj,explicit_full,
3427,1454,one-to-one,dn_1573,ngm_1659,Giorgio,MISSING,DET,MISSING,nmod,MISSING,leftover_source,
3428,1455,one-to-one,dn_1574,ngm_1660,Giorgio,Giorgio,NULL,NULL,nsubj,nsubj,zero_zero_single,
3429,1456,one-to-one,dn_1575,ngm_1661,Giorgio,Giorgio,PRON,PRON,nsubj,nsubj,explicit_full,
3430,1456,one-to-one,dn_1575,ngm_1661,Giorgio,Giorgio,PRON,PRON,obj,nmod,explicit_ref_pos,
3431,1456,one-to-one,dn_1575,ngm_1661,MISSING,Giorgio,MISSING,NULL,MISSING,nsubj,leftover_target,
3432,1457,one-to-one,dn_1576,ngm_1662,Giorgio,Giorgio,NULL,PRON,nsubj,nsubj,zero_to_tgt_anchor,
3433,1458,one-to-one,dn_1577,ngm_1663,AlfonsoExili,AlfonsoExili,PROPN,NOUN,obj,nsubj,explicit_ref_only,
3434,1458,one-to-one,dn_1577,ngm_1663,Giorgio,Giorgio,PRON,PRON,obj,obj,explicit_full,
3435,1458,one-to-one,dn_1577,ngm_1663,Giorgio,Giorgio,DET,PRON,nmod,nmod,explicit_ref_case,
3436,1458,one-to-one,dn_1577,ngm_1663,Giorgio,MISSING,NULL,MISSING,nsubj,MISSING,leftover_source,
3437,1459,one-to-one,dn_1578,ngm_1664,Giorgio,Giorgio,PRON,PRON,obj,obj,explicit_full,
3438,1459,one-to-one,dn_1578,ngm_1664,Ippolita,Ippolita,PROPN,PROPN,nsubj,nsubj,explicit_full,
3439,1459,one-to-one,dn_1578,ngm_1664,Ippolita,MISSING,NULL,MISSING,nsubj,MISSING,leftover_source,
3440,1460,one-to-one,dn_1579,ngm_1665,MISSING,Giorgio,MISSING,NULL,MISSING,nsubj,leftover_target,
3441,1460,one-to-one,dn_1579,ngm_1665,MISSING,Ippolita,MISSING,NULL,MISSING,nsubj,leftover_target,
3442,1461,one-to-one,dn_1580,ngm_1666,Giorgio,Giorgio,PRON,PRON,obj,obj,explicit_full,
3443,1461,one-to-one,dn_1580,ngm_1666,Ippolita,Ippolita,PRON,PRON,nsubj,nsubj,explicit_full,
3444,1462,one-to-one,dn_1581,ngm_1667,MISSING,Giorgio Ippolita,MISSING,NOUN,MISSING,obj,leftover_target,
3445,1462,one-to-one,dn_1581,ngm_1667,Ippolita,Ippolita,PRON,PRON,nsubj,nsubj,explicit_full,
3446,1463,one-to-one,dn_1582,ngm_1668,Giorgio,Giorgio,DET,PRON,nmod,nmod,explicit_ref_case,
3447,1463,one-to-one,dn_1582,ngm_1668,Giorgio,Giorgio,PRON,PRON,obj,nmod,explicit_ref_pos,
3448,1463,one-to-one,dn_1582,ngm_1668,Ippolita,Ippolita,PRON,PRON,nsubj,nsubj,explicit_full,
3449,1463,one-to-one,dn_1582,ngm_1668,MISSING,Ippolita,MISSING,NULL,MISSING,nsubj,leftover_target,
3450,1463,one-to-one,dn_1582,ngm_1668,MISSING,Ippolita,MISSING,NULL,MISSING,nsubj,leftover_target,
3451,1464,one-to-many,dn_1583,ngm_1669 ngm_1670,Giorgio,Giorgio,PRON,PRON,obj,obj,explicit_full,
3452,1464,one-to-many,dn_1583,ngm_1669 ngm_1670,Giorgio,Giorgio,DET,PRON,nmod,nmod,explicit_ref_case,
3453,1464,one-to-many,dn_1583,ngm_1669 ngm_1670,Ippolita,Ippolita,PRON,PRON,nsubj,nsubj,explicit_full,
3454,1464,one-to-many,dn_1583,ngm_1669 ngm_1670,Ippolita,Ippolita,NULL,NULL,nsubj,nsubj,zero_zero_single,
3455,1465,one-to-one,dn_1584,ngm_1671,Giorgio,Giorgio,PRON,PRON,nsubj,nsubj,explicit_full,
3456,1465,one-to-one,dn_1584,ngm_1671,Giorgio,MISSING,PRON,MISSING,obj,MISSING,leftover_source,
3457,1465,one-to-one,dn_1584,ngm_1671,MISSING,Giorgio,MISSING,NULL,MISSING,nsubj,leftover_target,
3458,1465,one-to-one,dn_1584,ngm_1671,MISSING,Giorgio,MISSING,NULL,MISSING,nsubj,leftover_target,
3459,1465,one-to-one,dn_1584,ngm_1671,Ippolita,Ippolita,PROPN,PROPN,obj,nmod,explicit_ref_pos,
3460,1465,one-to-one,dn_1584,ngm_1671,Ippolita,Ippolita,PRON,DET,obj,nmod,explicit_ref_only,
3461,1466,one-to-one,dn_1585,ngm_1672,Ippolita,Ippolita,NULL,PRON,nsubj,nsubj,zero_to_tgt_anchor,
3462,1467,one-to-one,dn_1586,ngm_1673,Giorgio,MISSING,PRON,MISSING,obj,MISSING,leftover_source,
3463,1467,one-to-one,dn_1586,ngm_1673,Ippolita,Ippolita,NULL,NULL,nsubj,nsubj,zero_zero_single,
3464,1468,one-to-one,dn_1587,ngm_1674,Giorgio,Giorgio,NULL,NULL,nsubj,nsubj,zero_zero_single,
3465,1468,one-to-one,dn_1587,ngm_1674,MISSING,Giorgio,MISSING,PRON,MISSING,nmod,leftover_target,
3466,1469,one-to-one,dn_1588,ngm_1675,Ippolita,Ippolita,PROPN,PROPN,nsubj,nsubj,explicit_full,
3467,1471,one-to-many,dn_1590,ngm_1677 ngm_1678,Giorgio,Giorgio,PROPN,PROPN,nsubj,nsubj,explicit_full,
3468,1471,one-to-many,dn_1590,ngm_1677 ngm_1678,Giorgio,Giorgio,NULL,NULL,nsubj,nsubj,zero_zero_single,
3469,1471,one-to-many,dn_1590,ngm_1677 ngm_1678,Ippolita,Ippolita,PRON,PRON,obj,nmod,explicit_ref_pos,
3470,1472,one-to-one,dn_1591,ngm_1679,Giorgio,Giorgio,NULL,PRON,nsubj,nsubj,zero_to_tgt_anchor,
3471,1473,one-to-one,dn_1592,ngm_1680,Ippolita,Ippolita,PRON,PRON,nsubj,nsubj,explicit_full,
3472,1474,one-to-one,dn_1593,ngm_1681,Ippolita,Ippolita,PROPN,PROPN,nsubj,nsubj,explicit_full,
3473,1475,one-to-many,dn_1594,ngm_1682 ngm_1683,Ippolita,Ippolita,PRON,PRON,obj,nsubj,explicit_ref_pos,
3474,1475,one-to-many,dn_1594,ngm_1682 ngm_1683,Ippolita,MISSING,NULL,MISSING,nsubj,MISSING,leftover_source,
3475,1475,one-to-many,dn_1594,ngm_1682 ngm_1683,Ippolita,MISSING,NULL,MISSING,nsubj,MISSING,leftover_source,
3476,1476,one-to-one,dn_1595,ngm_1684,Giorgio,Giorgio,PRON,PRON,nsubj,nsubj,explicit_full,
3477,1477,one-to-one,dn_1596,ngm_1685,Ippolita,Ippolita,PRON,PRON,nsubj,nsubj,explicit_full,
3478,1478,one-to-one,dn_1597,ngm_1686,Giorgio,Giorgio,PROPN,PROPN,nsubj,nsubj,explicit_full,
3479,1478,one-to-one,dn_1597,ngm_1686,Giorgio,MISSING,DET,MISSING,nmod,MISSING,leftover_source,
3480,1478,one-to-one,dn_1597,ngm_1686,Ippolita,Ippolita,PRON,PRON,obj,obj,explicit_full,
3481,1479,one-to-one,dn_1598,ngm_1687,Giorgio,MISSING,PRON,MISSING,obj,MISSING,leftover_source,
3482,1479,one-to-one,dn_1598,ngm_1687,Ippolita,Ippolita,PRON,PRON,nsubj,nsubj,explicit_full,
3483,1479,one-to-one,dn_1598,ngm_1687,MISSING,Ippolita,MISSING,PRON,MISSING,obj,leftover_target,
3484,1480,one-to-one,dn_1599,ngm_1688,Giorgio,Giorgio,PRON,PRON,nsubj,nsubj,explicit_full,
3485,1480,one-to-one,dn_1599,ngm_1688,Giorgio,Giorgio,PRON,PRON,obj,obj,explicit_full,
3486,1480,one-to-one,dn_1599,ngm_1688,Ippolita,Ippolita,PRON,PRON,obj,obj,explicit_full,
3487,1480,one-to-one,dn_1599,ngm_1688,Ippolita,Ippolita,PRON,PRON,nsubj,nsubj,explicit_full,
3488,1480,one-to-one,dn_1599,ngm_1688,Ippolita,Ippolita,DET,PRON,nmod,nmod,explicit_ref_case,
3489,1480,one-to-one,dn_1599,ngm_1688,Ippolita,MISSING,DET,MISSING,nmod,MISSING,leftover_source,
3490,1481,one-to-one,dn_1600,ngm_1689,Ippolita,Ippolita,PRON,PRON,nsubj,nsubj,explicit_full,
3491,1481,one-to-one,dn_1600,ngm_1689,Ippolita,MISSING,PRON,MISSING,obj,MISSING,leftover_source,
3492,1481,one-to-one,dn_1600,ngm_1689,MISSING,Ippolita,MISSING,NULL,MISSING,nsubj,leftover_target,
3493,1482,one-to-one,dn_1601,ngm_1690,Giorgio,Giorgio,PRON,PRON,nsubj,nsubj,explicit_full,
3494,1482,one-to-one,dn_1601,ngm_1690,MISSING,Ippolita,MISSING,PRON,MISSING,nsubj,leftover_target,
3495,1483,one-to-one,dn_1602,ngm_1691,Giorgio,Giorgio,PRON,PRON,nsubj,nsubj,explicit_full,
3496,1483,one-to-one,dn_1602,ngm_1691,MISSING,Giorgio,MISSING,NULL,MISSING,nsubj,leftover_target,
3497,1483,one-to-one,dn_1602,ngm_1691,Ippolita,Ippolita,PRON,PRON,obj,nmod,explicit_ref_pos,
3498,1484,one-to-one,dn_1603,ngm_1692,Giorgio,Giorgio,DET,PRON,nmod,nmod,explicit_ref_case,
3499,1484,one-to-one,dn_1603,ngm_1692,Ippolita,Ippolita,PRON,PRON,nsubj,nsubj,explicit_full,
3500,1485,many-to-one,dn_1604 dn_1605,ngm_1693,Giorgio,Giorgio,NOUN,NOUN,nmod,nmod,explicit_full,
3501,1485,many-to-one,dn_1604 dn_1605,ngm_1693,Giorgio Ippolita,Giorgio Ippolita,NULL,NOUN,nsubj,nsubj,zero_to_tgt_anchor,
3502,1485,many-to-one,dn_1604 dn_1605,ngm_1693,Giorgio Ippolita,MISSING,NULL,MISSING,nsubj,MISSING,leftover_source,
3503,1485,many-to-one,dn_1604 dn_1605,ngm_1693,Ippolita,Ippolita,PRON,PRON,nsubj,nsubj,explicit_full,
3504,1485,many-to-one,dn_1604 dn_1605,ngm_1693,Ippolita,Ippolita,NULL,NULL,nsubj,nsubj,zero_zero_semantic,0.47582536328768815
3505,1485,many-to-one,dn_1604 dn_1605,ngm_1693,MISSING,Ippolita,MISSING,NULL,MISSING,nsubj,leftover_target,
3506,1485,many-to-one,dn_1604 dn_1605,ngm_1693,MISSING,Ippolita,MISSING,NULL,MISSING,nsubj,leftover_target,
3507,1486,one-to-one,dn_1606,ngm_1694,Giorgio,MISSING,PRON,MISSING,obj,MISSING,leftover_source,
3508,1486,one-to-one,dn_1606,ngm_1694,Ippolita,Ippolita,NULL,NULL,nsubj,nsubj,zero_zero_single,
3509,1487,one-to-one,dn_1607,ngm_1695,Giorgio Ippolita,Giorgio Ippolita,NULL,NULL,nsubj,nsubj,zero_zero_single,
3510,1487,one-to-one,dn_1607,ngm_1695,MISSING,Giorgio Ippolita,MISSING,NOUN,MISSING,nsubj,leftover_target,
3511,1488,one-to-one,dn_1608,ngm_1696,Giorgio Ippolita,Giorgio Ippolita,DET,PRON,nmod,nmod,explicit_ref_case,
3512,1489,one-to-one,dn_1609,ngm_1697,Giorgio,Giorgio,PRON,PRON,obj,obj,explicit_full,
3513,1489,one-to-one,dn_1609,ngm_1697,Ippolita,Ippolita,NULL,NULL,nsubj,nsubj,zero_zero_single,
3514,1490,one-to-one,dn_1610,ngm_1698,Giorgio,Giorgio,PROPN,PROPN,nsubj,nsubj,explicit_full,
3515,1491,one-to-many,dn_1611,ngm_1699 ngm_1700,Giorgio Ippolita,Giorgio Ippolita,NULL,NULL,nsubj,nsubj,zero_zero_semantic,0.21539322549250067
3516,1491,one-to-many,dn_1611,ngm_1699 ngm_1700,Giorgio Ippolita,Giorgio Ippolita,NULL,NULL,nsubj,nsubj,zero_zero_semantic,0.20273055589780575
3517,1491,one-to-many,dn_1611,ngm_1699 ngm_1700,Giorgio Ippolita,MISSING,NULL,MISSING,nsubj,MISSING,leftover_source,
3518,1492,one-to-one,dn_1612,ngm_1701,Giorgio,Giorgio,PRON,PRON,obj,obj,explicit_full,
3519,1492,one-to-one,dn_1612,ngm_1701,Ippolita,Ippolita,PRON,PRON,nsubj,obj,explicit_ref_pos,
3520,1493,one-to-one,dn_1613,ngm_1702,Ippolita,Ippolita,PRON,PRON,nsubj,nsubj,explicit_full,
3521,1494,one-to-one,dn_1614,ngm_1703,Ippolita,Ippolita,NULL,NULL,nsubj,nsubj,zero_zero_single,
3522,1495,one-to-one,dn_1615,ngm_1704,Ippolita,MISSING,PRON,MISSING,obj,MISSING,leftover_source,
3523,1496,one-to-one,dn_1616,ngm_1705,Giorgio,Giorgio,DET,PRON,nmod,nmod,explicit_ref_case,
3524,1496,one-to-one,dn_1616,ngm_1705,Ippolita,Ippolita,PRON,PRON,nsubj,nsubj,explicit_full,
3525,1497,one-to-one,dn_1617,ngm_1706,Giorgio Ippolita,MISSING,NULL,MISSING,nsubj,MISSING,leftover_source,
3526,1497,one-to-one,dn_1617,ngm_1706,MISSING,Giorgio Ippolita,MISSING,NOUN,MISSING,nmod,leftover_target,
3527,1497,one-to-one,dn_1617,ngm_1706,Ippolita,MISSING,PRON,MISSING,obj,MISSING,leftover_source,
3528,1498,one-to-one,dn_1618,ngm_1707,Giorgio Ippolita,Giorgio Ippolita,NULL,NULL,nsubj,nsubj,zero_zero_single,
3529,1499,one-to-one,dn_1619,ngm_1708,Ippolita,Ippolita,PROPN,PROPN,nsubj,nsubj,explicit_full,
3530,1499,one-to-one,dn_1619,ngm_1708,Ippolita,MISSING,DET,MISSING,nmod,MISSING,leftover_source,
3531,1500,one-to-one,dn_1620,ngm_1709,MISSING,Ippolita,MISSING,NULL,MISSING,nsubj,leftover_target,
3532,1501,one-to-one,dn_1621,ngm_1710,MISSING,Giorgio Ippolita,MISSING,NOUN,MISSING,nmod,leftover_target,
3533,1502,one-to-one,dn_1622,ngm_1711,MISSING,Giorgio Ippolita,MISSING,NULL,MISSING,nsubj,leftover_target,
3534,1502,one-to-one,dn_1622,ngm_1711,MISSING,Giorgio Ippolita,MISSING,NULL,MISSING,nsubj,leftover_target,
3535,1503,one-to-many,dn_1623,ngm_1712 ngm_1713,Giorgio,Giorgio,PROPN,PROPN,nsubj,nsubj,explicit_full,
3536,1503,one-to-many,dn_1623,ngm_1712 ngm_1713,Giorgio,Giorgio,NULL,NULL,nsubj,nsubj,zero_zero_single,
3537,1503,one-to-many,dn_1623,ngm_1712 ngm_1713,Ippolita,Ippolita,PRON,PRON,nsubj,nsubj,explicit_full,
3538,1503,one-to-many,dn_1623,ngm_1712 ngm_1713,Ippolita,Ippolita,PRON,PRON,nsubj,nsubj,explicit_full,
3539,1503,one-to-many,dn_1623,ngm_1712 ngm_1713,Ippolita,Ippolita,NULL,NULL,nsubj,nsubj,zero_zero_semantic,0.385985870606544
3540,1503,one-to-many,dn_1623,ngm_1712 ngm_1713,Ippolita,MISSING,PRON,MISSING,obj,MISSING,leftover_source,
3541,1503,one-to-many,dn_1623,ngm_1712 ngm_1713,Ippolita,MISSING,PRON,MISSING,obj,MISSING,leftover_source,
3542,1503,one-to-many,dn_1623,ngm_1712 ngm_1713,MISSING,Ippolita,MISSING,NULL,MISSING,nsubj,leftover_target,
3543,1505,one-to-many,dn_1625,ngm_1715 ngm_1716,Ippolita,Ippolita,PRON,PRON,nsubj,nsubj,explicit_full,
3544,1507,one-to-one,dn_1627,ngm_1718,Giorgio,Giorgio,NULL,NULL,nsubj,nsubj,zero_zero_single,
3545,1508,one-to-one,dn_1628,ngm_1719,Giorgio,Giorgio,PROPN,PROPN,obj,obj,explicit_full,
3546,1508,one-to-one,dn_1628,ngm_1719,Ippolita,Ippolita,PRON,PRON,nsubj,nsubj,explicit_full,
3547,1510,one-to-one,dn_1630,ngm_1721,Ippolita,Ippolita,NULL,NULL,nsubj,nsubj,zero_zero_single,
3548,1511,one-to-one,dn_1631,ngm_1722,Pancrazio,Pancrazio,PROPN,PROPN,nsubj,nsubj,explicit_full,
3549,1512,one-to-one,dn_1632,ngm_1723,Giorgio,Giorgio,PROPN,PROPN,obj,nmod,explicit_ref_pos,
3550,1512,one-to-one,dn_1632,ngm_1723,Pancrazio,Pancrazio,NULL,NULL,nsubj,nsubj,zero_zero_single,
3551,1513,one-to-one,dn_1633,ngm_1724,Giorgio,MISSING,NOUN,MISSING,nmod,MISSING,leftover_source,
3552,1513,one-to-one,dn_1633,ngm_1724,MISSING,Giorgio Ippolita,MISSING,NOUN,MISSING,nmod,leftover_target,
3553,1513,one-to-one,dn_1633,ngm_1724,Pancrazio,Pancrazio,PRON,PRON,nsubj,nsubj,explicit_full,
3554,1513,one-to-one,dn_1633,ngm_1724,Pancrazio,MISSING,PRON,MISSING,obj,MISSING,leftover_source,
3555,1513,one-to-one,dn_1633,ngm_1724,MISSING,Pancrazio,MISSING,NULL,MISSING,nsubj,leftover_target,
3556,1514,one-to-many,dn_1634,ngm_1725 ngm_1726 ngm_1727,MISSING,Giorgio Ippolita,MISSING,NOUN,MISSING,obj,leftover_target,
3557,1514,one-to-many,dn_1634,ngm_1725 ngm_1726 ngm_1727,Pancrazio,Pancrazio,NULL,NULL,nsubj,nsubj,zero_zero_semantic,0.34108125812867107
3558,1514,one-to-many,dn_1634,ngm_1725 ngm_1726 ngm_1727,Pancrazio,MISSING,PRON,MISSING,obj,MISSING,leftover_source,
3559,1514,one-to-many,dn_1634,ngm_1725 ngm_1726 ngm_1727,Pancrazio,MISSING,PRON,MISSING,obj,MISSING,leftover_source,
3560,1514,one-to-many,dn_1634,ngm_1725 ngm_1726 ngm_1727,MISSING,Pancrazio,MISSING,NULL,MISSING,nsubj,leftover_target,
3561,1514,one-to-many,dn_1634,ngm_1725 ngm_1726 ngm_1727,MISSING,Pancrazio,MISSING,NULL,MISSING,nsubj,leftover_target,
3562,1514,one-to-many,dn_1634,ngm_1725 ngm_1726 ngm_1727,MISSING,Pancrazio,MISSING,NULL,MISSING,nsubj,leftover_target,
3563,1515,one-to-one,dn_1635,ngm_1728,Giorgio Ippolita,Giorgio Ippolita,PRON,NOUN,obj,nsubj,explicit_ref_only,
3564,1515,one-to-one,dn_1635,ngm_1728,Giorgio Ippolita,MISSING,PRON,MISSING,obj,MISSING,leftover_source,
3565,1515,one-to-one,dn_1635,ngm_1728,Pancrazio,Pancrazio,NULL,PRON,nsubj,nsubj,zero_to_tgt_anchor,
3566,1516,many-to-one,dn_1636 dn_1637,ngm_1729,Pancrazio,Pancrazio,PROPN,PROPN,nsubj,pred,explicit_ref_pos,
3567,1517,one-to-one,dn_1638,ngm_1730,Ippolita,Ippolita,PROPN,PROPN,nsubj,nsubj,explicit_full,
3568,1517,one-to-one,dn_1638,ngm_1730,Ippolita,MISSING,NULL,MISSING,nsubj,MISSING,leftover_source,
3569,1518,one-to-one,dn_1639,ngm_1731,Giorgio Ippolita,Giorgio Ippolita,NULL,NULL,nsubj,nsubj,zero_zero_single,
3570,1519,one-to-one,dn_1640,ngm_1732,Pancrazio,Pancrazio,PROPN,PROPN,nsubj,nsubj,explicit_full,
3571,1520,one-to-one,dn_1641,ngm_1733,MISSING,Giorgio,MISSING,NOUN,MISSING,obj,leftover_target,
3572,1520,one-to-one,dn_1641,ngm_1733,Ippolita,MISSING,NOUN,MISSING,obj,MISSING,leftover_source,
3573,1520,one-to-one,dn_1641,ngm_1733,Pancrazio,Pancrazio,NULL,NULL,nsubj,nsubj,zero_zero_single,
3574,1520,one-to-one,dn_1641,ngm_1733,MISSING,Pancrazio,MISSING,PRON,MISSING,nsubj,leftover_target,
3575,1521,one-to-one,dn_1642,ngm_1734,Pancrazio,Pancrazio,PRON,PRON,obj,nmod,explicit_ref_pos,
3576,1522,one-to-one,dn_1643,ngm_1735,Pancrazio,Pancrazio,PRON,PRON,nsubj,nsubj,explicit_full,
3577,1524,one-to-many,dn_1645,ngm_1737 ngm_1738,Giorgio Ippolita,Giorgio Ippolita,NOUN,PROPN,nsubj,nsubj,explicit_ref_case,
3578,1524,one-to-many,dn_1645,ngm_1737 ngm_1738,Giorgio Ippolita,Giorgio Ippolita,NULL,NULL,nsubj,nsubj,zero_zero_semantic,0.21894598147112454
3579,1524,one-to-many,dn_1645,ngm_1737 ngm_1738,MISSING,Giorgio Ippolita,MISSING,NULL,MISSING,nsubj,leftover_target,
3580,1524,one-to-many,dn_1645,ngm_1737 ngm_1738,MISSING,Giorgio Ippolita,MISSING,NULL,MISSING,nsubj,leftover_target,
3581,1525,one-to-one,dn_1646,ngm_1739,Giorgio Ippolita,Giorgio Ippolita,PRON,NOUN,obj,obj,explicit_ref_case,
3582,1525,one-to-one,dn_1646,ngm_1739,Pancrazio,Pancrazio,NOUN,NOUN,nsubj,nsubj,explicit_full,
3583,1525,one-to-one,dn_1646,ngm_1739,MISSING,Pancrazio,MISSING,NULL,MISSING,nsubj,leftover_target,
3584,1526,one-to-one,dn_1647,ngm_1740,Pancrazio,Pancrazio,NULL,NULL,nsubj,nsubj,zero_zero_single,
3585,1527,one-to-one,dn_1648,ngm_1741,Giorgio,Giorgio,PROPN,PROPN,nsubj,nsubj,explicit_full,
3586,1527,one-to-one,dn_1648,ngm_1741,MISSING,Giorgio,MISSING,NULL,MISSING,nsubj,leftover_target,
3587,1528,one-to-many,dn_1649,ngm_1742 ngm_1743,Giorgio Ippolita,Giorgio Ippolita,NULL,NULL,nsubj,nsubj,zero_zero_semantic,0.3174313589930534
3588,1528,one-to-many,dn_1649,ngm_1742 ngm_1743,Giorgio Ippolita,Giorgio Ippolita,NULL,NULL,nsubj,nsubj,zero_zero_semantic,0.30469923679317745
3589,1529,one-to-one,dn_1650,ngm_1744,Giorgio Ippolita,Giorgio Ippolita,NULL,NULL,nsubj,nsubj,zero_zero_single,
3590,1531,one-to-one,dn_1652,ngm_1746,Giorgio Ippolita,Giorgio Ippolita,PRON,NOUN,obj,nsubj,explicit_ref_only,
3591,1531,one-to-one,dn_1652,ngm_1746,Giorgio Ippolita,MISSING,PRON-REFLEX,MISSING,obj,MISSING,leftover_source,
3592,1531,one-to-one,dn_1652,ngm_1746,Giorgio Ippolita,MISSING,NULL,MISSING,nsubj,MISSING,leftover_source,
