,sentence_pair,alignment_type,source_sentence_ids,target_sentence_ids,source_ref,target_ref,source_pos,target_pos,source_case,target_case,pair_type,zero_pair_cost
0,1,one-to-one,dn_0,ygc_0,Ippolita,Ippolita,PROPN,PROPN,nsubj,nsubj,explicit_full,
1,1,one-to-one,dn_0,ygc_0,Ippolita,Ippolita,NULL,NULL,nsubj,nsubj,zero_zero_semantic,0.6297207618409078
2,1,one-to-one,dn_0,ygc_0,MISSING,Ippolita,MISSING,NULL,MISSING,nsubj,leftover_target,
3,1,one-to-one,dn_0,ygc_0,crowd-of-men,crowd-of-men,NOUN,NOUN,obj,nsubj,explicit_ref_pos,
4,1,one-to-one,dn_0,ygc_0,MISSING,crowd-of-men,MISSING,NULL,MISSING,nsubj,leftover_target,
5,3,one-to-one,dn_2,ygc_2,Giorgio,Giorgio,PROPN,PROPN,nmod,nmod,explicit_full,
6,3,one-to-one,dn_2,ygc_2,Giorgio,MISSING,PRON,MISSING,obj,MISSING,leftover_source,
7,3,one-to-one,dn_2,ygc_2,Ippolita,Ippolita,NULL,NULL,nsubj,nsubj,zero_zero_semantic,0.5620571457894263
8,3,one-to-one,dn_2,ygc_2,Ippolita,Ippolita,PRON,NULL,nsubj,nsubj,zero_to_src_anchor,
9,3,one-to-one,dn_2,ygc_2,MISSING,Ippolita,MISSING,NULL,MISSING,nsubj,leftover_target,
10,4,one-to-one,dn_3,ygc_3,Giorgio,Giorgio,PROPN,PROPN,nsubj,nsubj,explicit_full,
11,4,one-to-one,dn_3,ygc_3,crowd-of-men,crowd-of-men,NOUN,NOUN,nmod,obj,explicit_ref_pos,
12,5,one-to-one,dn_4,ygc_4,suicidal-man,suicidal-man,PRON,PRON,nsubj,nsubj,explicit_full,
13,5,one-to-one,dn_4,ygc_4,suicidal-man,MISSING,PRON-REFLEX,MISSING,obj,MISSING,leftover_source,
14,5,one-to-one,dn_4,ygc_4,MISSING,suicidal-man,MISSING,NULL,MISSING,nsubj,leftover_target,
15,6,one-to-one,dn_5,ygc_6,Giorgio,Giorgio,NULL,PRON,nsubj,nsubj,zero_to_tgt_anchor,
16,7,one-to-one,dn_6,ygc_5,Giorgio Ippolita,Giorgio Ippolita,NULL,NULL,nsubj,nsubj,zero_zero_single,
17,7,one-to-one,dn_6,ygc_5,Ippolita,MISSING,NULL,MISSING,nsubj,MISSING,leftover_source,
18,8,one-to-one,dn_7,ygc_7,Ippolita,Ippolita,PRON,PRON,nsubj,nsubj,explicit_full,
19,8,one-to-one,dn_7,ygc_7,MISSING,Ippolita,MISSING,NULL,MISSING,nsubj,leftover_target,
20,8,one-to-one,dn_7,ygc_7,MISSING,Ippolita,MISSING,NULL,MISSING,nsubj,leftover_target,
21,9,one-to-one,dn_8,ygc_9,Ippolita,Ippolita,NULL,PRON,nsubj,nsubj,zero_to_tgt_anchor,
22,10,one-to-many,dn_9,ygc_8 ygc_10,Giorgio Ippolita,Giorgio Ippolita,NULL,NULL,nsubj,nsubj,zero_zero_single,
23,11,one-to-one,dn_10,ygc_11,Giorgio Ippolita,Giorgio Ippolita,NULL,NULL,nsubj,nsubj,zero_zero_single,
24,11,one-to-one,dn_10,ygc_11,MISSING,Giorgio Ippolita,MISSING,NOUN,MISSING,nsubj,leftover_target,
25,12,one-to-one,dn_11,ygc_12,Ippolita,Ippolita,PROPN,PROPN,nsubj,nmod,explicit_ref_pos,
26,12,one-to-one,dn_11,ygc_12,crowd-of-men,crowd-of-men,NOUN,NOUN,obj,nmod,explicit_ref_pos,
27,16,one-to-one,dn_15,ygc_16,Giorgio,Giorgio,PROPN,PROPN,nsubj,nsubj,explicit_full,
28,17,one-to-one,dn_16,ygc_17,suicidal-man,suicidal-man,PRON,PRON,nsubj,nsubj,explicit_full,
29,17,one-to-one,dn_16,ygc_17,suicidal-man,MISSING,PRON-REFLEX,MISSING,obj,MISSING,leftover_source,
30,18,one-to-one,dn_17,ygc_18,Giorgio Ippolita,Giorgio Ippolita,PRON,NOUN,nsubj,nsubj,explicit_ref_case,
31,18,one-to-one,dn_17,ygc_18,Giorgio Ippolita,MISSING,PRON-REFLEX,MISSING,obj,MISSING,leftover_source,
32,18,one-to-one,dn_17,ygc_18,MISSING,Giorgio Ippolita,MISSING,NULL,MISSING,nsubj,leftover_target,
33,18,one-to-one,dn_17,ygc_18,crowd-of-men,crowd-of-men,NOUN,NOUN,nmod,nmod,explicit_full,
34,19,one-to-one,dn_18,ygc_19,crowd-of-men,crowd-of-men,NOUN,NOUN,nsubj,nmod,explicit_ref_pos,
35,20,many-to-one,dn_19 dn_20,ygc_20,crowd-of-men,crowd-of-men,NOUN,NOUN,pred,pred,explicit_full,
36,20,many-to-one,dn_19 dn_20,ygc_20,crowd-of-men,crowd-of-men,DET,DET,nmod,nmod,explicit_full,
37,20,many-to-one,dn_19 dn_20,ygc_20,crowd-of-men,crowd-of-men,DET,PRON,nmod,nsubj,explicit_ref_only,
38,20,many-to-one,dn_19 dn_20,ygc_20,crowd-of-men,MISSING,NULL,MISSING,nsubj,MISSING,leftover_source,
39,21,one-to-one,dn_21,ygc_21,young-man,young-man,NOUN,NOUN,nsubj,nsubj,explicit_full,
40,21,one-to-one,dn_21,ygc_21,MISSING,young-man,MISSING,NULL,MISSING,nsubj,leftover_target,
41,22,one-to-one,dn_23,ygc_22,man-from-the-crowd,man-from-the-crowd,NOUN,NOUN,nsubj,nsubj,explicit_full,
42,22,one-to-one,dn_23,ygc_22,man-from-the-crowd,man-from-the-crowd,NULL,NULL,nsubj,nsubj,zero_zero_semantic,0.39823453526014063
43,22,one-to-one,dn_23,ygc_22,man-from-the-crowd,MISSING,PRON-REFLEX,MISSING,obj,MISSING,leftover_source,
44,22,one-to-one,dn_23,ygc_22,MISSING,man-from-the-crowd,MISSING,NULL,MISSING,nsubj,leftover_target,
45,22,one-to-one,dn_23,ygc_22,MISSING,man-from-the-crowd,MISSING,NULL,MISSING,nsubj,leftover_target,
46,22,one-to-one,dn_23,ygc_22,young-man,MISSING,PRON,MISSING,obj,MISSING,leftover_source,
47,22,one-to-one,dn_23,ygc_22,young-man,MISSING,PRON,MISSING,nsubj,MISSING,leftover_source,
48,22,one-to-one,dn_23,ygc_22,young-man,MISSING,PRON-REFLEX,MISSING,obj,MISSING,leftover_source,
49,23,one-to-one,dn_24,ygc_23,suicidal-man,MISSING,NULL,MISSING,nsubj,MISSING,leftover_source,
50,24,one-to-one,dn_25,ygc_24,UNKNOWN,UNKNOWN,NULL,NULL,nsubj,nsubj,zero_zero_single,
51,24,one-to-one,dn_25,ygc_24,suicidal-man,MISSING,PRON,MISSING,obj,MISSING,leftover_source,
52,27,one-to-one,dn_28,ygc_27,suicidal-man,suicidal-man,NULL,NULL,nsubj,nsubj,zero_zero_single,
53,28,one-to-one,dn_29,ygc_28,suicidal-man,suicidal-man,NULL,NULL,nsubj,nsubj,zero_zero_single,
54,29,one-to-one,dn_30,ygc_29,man-with-a-pipe,man-with-a-pipe,NOUN,NOUN,nsubj,nsubj,explicit_full,
55,29,one-to-one,dn_30,ygc_29,man-with-a-pipe,man-with-a-pipe,NULL,NULL,nsubj,nsubj,zero_zero_semantic,0.3923799656360849
56,29,one-to-one,dn_30,ygc_29,man-with-a-pipe,MISSING,PRON-REFLEX,MISSING,obj,MISSING,leftover_source,
57,29,one-to-one,dn_30,ygc_29,man-with-a-pipe,MISSING,PRON-REFLEX,MISSING,obj,MISSING,leftover_source,
58,29,one-to-one,dn_30,ygc_29,MISSING,man-with-a-pipe,MISSING,NULL,MISSING,nsubj,leftover_target,
59,29,one-to-one,dn_30,ygc_29,MISSING,man-with-a-pipe,MISSING,NULL,MISSING,nsubj,leftover_target,
60,31,one-to-many,dn_32,ygc_31 ygc_32,man-with-a-pipe,man-with-a-pipe,DET,DET,nmod,nmod,explicit_full,
61,31,one-to-many,dn_32,ygc_31 ygc_32,man-with-a-pipe,man-with-a-pipe,DET,PRON,nmod,nmod,explicit_ref_case,
62,33,one-to-one,dn_34,ygc_35,cart-driver,cart-driver,NOUN,NOUN,nsubj,nsubj,explicit_full,
63,33,one-to-one,dn_34,ygc_35,cart-driver,MISSING,PRON-REFLEX,MISSING,obj,MISSING,leftover_source,
64,34,one-to-one,dn_35,ygc_36,MISSING,cart-driver,MISSING,NOUN,MISSING,nmod,leftover_target,
65,34,one-to-one,dn_35,ygc_36,crowd-of-men,crowd-of-men,NOUN,NOUN,nsubj,nsubj,explicit_full,
66,34,one-to-one,dn_35,ygc_36,MISSING,crowd-of-men,MISSING,NULL,MISSING,nsubj,leftover_target,
67,34,one-to-one,dn_35,ygc_36,MISSING,crowd-of-men,MISSING,NULL,MISSING,nsubj,leftover_target,
68,35,one-to-one,dn_36,ygc_37,crowd-of-men,MISSING,NULL,MISSING,nsubj,MISSING,leftover_source,
69,37,one-to-many,dn_38,ygc_39 ygc_40,cart-driver,cart-driver,NOUN,NOUN,nsubj,nsubj,explicit_full,
70,37,one-to-many,dn_38,ygc_39 ygc_40,MISSING,cart-driver,MISSING,NULL,MISSING,nsubj,leftover_target,
71,37,one-to-many,dn_38,ygc_39 ygc_40,MISSING,cart-driver,MISSING,PRON,MISSING,nsubj,leftover_target,
72,39,one-to-one,dn_40,ygc_42,man-with-a-pipe,man-with-a-pipe,NOUN,NOUN,nsubj,nsubj,explicit_full,
73,40,one-to-many,dn_41,ygc_43 ygc_44,cart-driver,cart-driver,NOUN,NOUN,nsubj,nsubj,explicit_full,
74,40,one-to-many,dn_41,ygc_43 ygc_44,cart-driver,MISSING,PRON-REFLEX,MISSING,obj,MISSING,leftover_source,
75,40,one-to-many,dn_41,ygc_43 ygc_44,crowd-of-men,MISSING,PRON,MISSING,nsubj,MISSING,leftover_source,
76,45,one-to-one,dn_46,ygc_49,Giorgio,Giorgio,PROPN,PROPN,vocative,vocative,explicit_full,
77,45,one-to-one,dn_46,ygc_49,Giorgio Ippolita,Giorgio Ippolita,NULL,NULL,nsubj,nsubj,zero_zero_single,
78,46,one-to-many,dn_47,ygc_50 ygc_51,Giorgio,Giorgio,NOUN,NOUN,obj,nmod,explicit_ref_pos,
79,46,one-to-many,dn_47,ygc_50 ygc_51,Giorgio,MISSING,PRON-REFLEX,MISSING,obj,MISSING,leftover_source,
80,46,one-to-many,dn_47,ygc_50 ygc_51,Ippolita,Ippolita,PROPN,PROPN,nsubj,nsubj,explicit_full,
81,46,one-to-many,dn_47,ygc_50 ygc_51,MISSING,Ippolita,MISSING,PRON,MISSING,nsubj,leftover_target,
82,46,one-to-many,dn_47,ygc_50 ygc_51,MISSING,Ippolita,MISSING,NULL,MISSING,nsubj,leftover_target,
83,46,one-to-many,dn_47,ygc_50 ygc_51,MISSING,Ippolita,MISSING,NULL,MISSING,nsubj,leftover_target,
84,46,one-to-many,dn_47,ygc_50 ygc_51,MISSING,Ippolita,MISSING,NULL,MISSING,nsubj,leftover_target,
85,46,one-to-many,dn_47,ygc_50 ygc_51,crowd-of-men,crowd-of-men,NOUN,NOUN,nmod,obj,explicit_ref_pos,
86,47,one-to-one,dn_48,ygc_52,Giorgio Ippolita,Giorgio Ippolita,NULL,NULL,nsubj,nsubj,zero_zero_single,
87,47,one-to-one,dn_48,ygc_52,MISSING,Giorgio Ippolita,MISSING,NOUN,MISSING,nsubj,leftover_target,
88,48,one-to-one,dn_49,ygc_53,Giorgio Ippolita,Giorgio Ippolita,DET,NOUN,obj,nsubj,explicit_ref_only,
89,48,one-to-one,dn_49,ygc_53,Giorgio Ippolita,MISSING,DET,MISSING,nmod,MISSING,leftover_source,
90,49,one-to-one,dn_50,ygc_55,Giorgio,Giorgio,PRON,NOUN,nsubj,nsubj,explicit_ref_case,
91,51,one-to-one,dn_52,ygc_58,Ippolita,Ippolita,PRON,NOUN,nsubj,nsubj,explicit_ref_case,
92,53,one-to-one,dn_54,ygc_59,Giorgio Ippolita,Giorgio Ippolita,DET,NOUN,nmod,nsubj,explicit_ref_only,
93,54,one-to-one,dn_55,ygc_60,Ippolita,Ippolita,PRON,PROPN,nsubj,nsubj,explicit_ref_case,
94,54,one-to-one,dn_55,ygc_60,MISSING,Ippolita,MISSING,NULL,MISSING,nsubj,leftover_target,
95,57,one-to-one,dn_58,ygc_63,Giorgio,Giorgio,PROPN,PROPN,nsubj,nsubj,explicit_full,
96,57,one-to-one,dn_58,ygc_63,MISSING,Giorgio,MISSING,NULL,MISSING,nsubj,leftover_target,
97,57,one-to-one,dn_58,ygc_63,Ippolita,MISSING,PRON,MISSING,obj,MISSING,leftover_source,
98,58,one-to-one,dn_59,ygc_64,MISSING,Giorgio Ippolita,MISSING,PRON,MISSING,nmod,leftover_target,
99,59,one-to-one,dn_60,ygc_65,MISSING,Giorgio Ippolita,MISSING,PRON,MISSING,nmod,leftover_target,
100,59,one-to-one,dn_60,ygc_65,Ippolita,Ippolita,PRON,PRON,nsubj,nsubj,explicit_full,
101,60,one-to-one,dn_61,ygc_66,Ippolita,Ippolita,PRON,PRON,obj,nsubj,explicit_ref_pos,
102,61,one-to-one,dn_62,ygc_68,Giorgio,Giorgio,PRON,PRON,obj,nsubj,explicit_ref_pos,
103,61,one-to-one,dn_62,ygc_68,MISSING,Ippolita,MISSING,NULL,MISSING,nsubj,leftover_target,
104,62,one-to-one,dn_63,ygc_69,Giorgio,Giorgio,PRON,PRON,nmod,nmod,explicit_full,
105,63,one-to-one,dn_64,ygc_72,Giorgio,Giorgio,PRON,NULL,nsubj,nsubj,zero_to_src_anchor,
106,63,one-to-one,dn_64,ygc_72,MISSING,Giorgio,MISSING,NULL,MISSING,nsubj,leftover_target,
107,63,one-to-one,dn_64,ygc_72,Ippolita,Ippolita,PRON,PRON,obj,obj,explicit_full,
108,64,many-to-one,dn_65 dn_66,ygc_70,Giorgio,Giorgio,PRON,PRON,obj,nsubj,explicit_ref_pos,
109,64,many-to-one,dn_65 dn_66,ygc_70,Ippolita,Ippolita,NULL,NULL,nsubj,nsubj,zero_zero_single,
110,65,one-to-one,dn_67,ygc_71,Ippolita,Ippolita,PRON,PRON,nsubj,nsubj,explicit_full,
111,65,one-to-one,dn_67,ygc_71,MISSING,Ippolita,MISSING,NULL,MISSING,nsubj,leftover_target,
112,66,one-to-one,dn_68,ygc_73,Ippolita,MISSING,NULL,MISSING,nsubj,MISSING,leftover_source,
113,67,one-to-one,dn_69,ygc_74,Ippolita,MISSING,PRON,MISSING,nsubj,MISSING,leftover_source,
114,67,one-to-one,dn_69,ygc_74,Ippolita,MISSING,NULL,MISSING,nsubj,MISSING,leftover_source,
115,68,one-to-many,dn_70,ygc_75 ygc_76 ygc_77,Giorgio,Giorgio,PRON,PROPN,nsubj,nsubj,explicit_ref_case,
116,68,one-to-many,dn_70,ygc_75 ygc_76 ygc_77,Giorgio Ippolita,Giorgio Ippolita,PRON,NOUN,nsubj,nsubj,explicit_ref_case,
117,68,one-to-many,dn_70,ygc_75 ygc_76 ygc_77,Giorgio Ippolita,Giorgio Ippolita,PRON-REFLEX,NOUN,obj,obj,reflex_obj,
118,68,one-to-many,dn_70,ygc_75 ygc_76 ygc_77,MISSING,Giorgio Ippolita,MISSING,NULL,MISSING,nsubj,leftover_target,
119,70,one-to-many,dn_72,ygc_79 ygc_80,Giorgio,Giorgio,PRON,PRON,nsubj,nsubj,explicit_full,
120,70,one-to-many,dn_72,ygc_79 ygc_80,Giorgio,Giorgio,NULL,NULL,nsubj,nsubj,zero_zero_semantic,0.6241005952611114
121,70,one-to-many,dn_72,ygc_79 ygc_80,Giorgio,Giorgio,NULL,NULL,nsubj,nsubj,zero_zero_semantic,0.2950824548800786
122,70,one-to-many,dn_72,ygc_79 ygc_80,Ippolita,Ippolita,PRON,PRON,nsubj,nsubj,explicit_full,
123,70,one-to-many,dn_72,ygc_79 ygc_80,Ippolita,Ippolita,PRON,PRON,obj,obj,explicit_full,
124,70,one-to-many,dn_72,ygc_79 ygc_80,Ippolita,Ippolita,PRON,PRON,nsubj,nsubj,explicit_full,
125,70,one-to-many,dn_72,ygc_79 ygc_80,Ippolita,Ippolita,PRON,PRON,obj,obj,explicit_full,
126,70,one-to-many,dn_72,ygc_79 ygc_80,Ippolita,MISSING,PRON,MISSING,obj,MISSING,leftover_source,
127,72,one-to-one,dn_74,ygc_82,Ippolita,Ippolita,PROPN,PROPN,vocative,vocative,explicit_full,
128,74,one-to-one,dn_76,ygc_85,Ippolita,Ippolita,NOUN,NOUN,nsubj,nsubj,explicit_full,
129,74,one-to-one,dn_76,ygc_85,Ippolita,Ippolita,NULL,NULL,nsubj,nsubj,zero_zero_semantic,0.33065368035664927
130,74,one-to-one,dn_76,ygc_85,Ippolita,MISSING,PRON-REFLEX,MISSING,obj,MISSING,leftover_source,
131,74,one-to-one,dn_76,ygc_85,MISSING,Ippolita,MISSING,NULL,MISSING,nsubj,leftover_target,
132,75,one-to-one,dn_77,ygc_86,Giorgio,MISSING,PRON,MISSING,obj,MISSING,leftover_source,
133,75,one-to-one,dn_77,ygc_86,Giorgio Ippolita,Giorgio Ippolita,NOUN,NOUN,nsubj,nmod,explicit_ref_pos,
134,75,one-to-one,dn_77,ygc_86,Ippolita,MISSING,PRON,MISSING,obj,MISSING,leftover_source,
135,76,one-to-one,dn_78,ygc_87,Giorgio Ippolita,Giorgio Ippolita,PRON,NOUN,nsubj,obj,explicit_ref_only,
136,76,one-to-one,dn_78,ygc_87,Giorgio Ippolita,Giorgio Ippolita,NULL,NULL,nsubj,nsubj,zero_zero_semantic,0.37280853198924735
137,76,one-to-one,dn_78,ygc_87,Giorgio Ippolita,MISSING,PRON-REFLEX,MISSING,obj,MISSING,leftover_source,
138,76,one-to-one,dn_78,ygc_87,Giorgio Ippolita,MISSING,PRON-REFLEX,MISSING,obj,MISSING,leftover_source,
139,76,one-to-one,dn_78,ygc_87,MISSING,Giorgio Ippolita,MISSING,NULL,MISSING,nsubj,leftover_target,
140,76,one-to-one,dn_78,ygc_87,MISSING,Giorgio Ippolita,MISSING,NULL,MISSING,nsubj,leftover_target,
141,77,one-to-one,dn_79,ygc_88,Giorgio Ippolita,Giorgio Ippolita,PRON,PRON,obj,nsubj,explicit_ref_pos,
142,77,one-to-one,dn_79,ygc_88,Giorgio Ippolita,MISSING,PRON-REFLEX,MISSING,obj,MISSING,leftover_source,
143,77,one-to-one,dn_79,ygc_88,Giorgio Ippolita,MISSING,PRON-REFLEX,MISSING,obj,MISSING,leftover_source,
144,77,one-to-one,dn_79,ygc_88,Giorgio Ippolita,MISSING,PRON-REFLEX,MISSING,obj,MISSING,leftover_source,
145,77,one-to-one,dn_79,ygc_88,MISSING,Giorgio Ippolita,MISSING,NOUN,MISSING,nmod,leftover_target,
146,77,one-to-one,dn_79,ygc_88,MISSING,Giorgio Ippolita,MISSING,NULL,MISSING,nsubj,leftover_target,
147,78,one-to-one,dn_101,ygc_90,Giorgio,Giorgio,PRON,PRON,nsubj,nsubj,explicit_full,
148,80,one-to-one,dn_103,ygc_91,Giorgio Ippolita,Giorgio Ippolita,NULL,NOUN,nsubj,nsubj,zero_to_tgt_anchor,
149,80,one-to-one,dn_103,ygc_91,Giorgio Ippolita,MISSING,NULL,MISSING,nsubj,MISSING,leftover_source,
150,81,one-to-one,dn_104,ygc_92,Ippolita,Ippolita,PROPN,PROPN,nsubj,nsubj,explicit_full,
151,81,one-to-one,dn_104,ygc_92,Ippolita,MISSING,PRON-REFLEX,MISSING,obj,MISSING,leftover_source,
152,81,one-to-one,dn_104,ygc_92,MISSING,Ippolita,MISSING,NULL,MISSING,nsubj,leftover_target,
153,82,one-to-many,dn_105,ygc_93 ygc_94 ygc_95,MISSING,prelate,MISSING,NOUN,MISSING,nmod,leftover_target,
154,84,one-to-one,dn_107,ygc_97,Giorgio,Giorgio,PROPN,NULL,nsubj,nsubj,zero_to_src_anchor,
155,84,one-to-one,dn_107,ygc_97,Ippolita,Ippolita,NOUN,NOUN,obj,nmod,explicit_ref_pos,
156,85,one-to-one,dn_108,ygc_98,Giorgio Ippolita,Giorgio Ippolita,PRON,NULL,nsubj,nsubj,zero_to_src_anchor,
157,86,one-to-one,dn_109,ygc_99,Giorgio,Giorgio,PRON,PRON,nsubj,nsubj,explicit_full,
158,87,many-to-one,dn_110 dn_111,ygc_100,MISSING,Giorgio,MISSING,DET,MISSING,nmod,leftover_target,
159,87,many-to-one,dn_110 dn_111,ygc_100,Ippolita,Ippolita,PROPN,PROPN,nsubj,nsubj,explicit_full,
160,87,many-to-one,dn_110 dn_111,ygc_100,Ippolita,Ippolita,NULL,NULL,nsubj,nsubj,zero_zero_single,
161,87,many-to-one,dn_110 dn_111,ygc_100,Ippolita,MISSING,DET,MISSING,nmod,MISSING,leftover_source,
162,88,one-to-one,dn_112,ygc_101,MISSING,Giorgio,MISSING,NULL,MISSING,nsubj,leftover_target,
163,89,one-to-one,dn_113,ygc_102,Giorgio,Giorgio,PROPN,PROPN,obj,nmod,explicit_ref_pos,
164,89,one-to-one,dn_113,ygc_102,Ippolita,Ippolita,NULL,NULL,nsubj,nsubj,zero_zero_single,
165,89,one-to-one,dn_113,ygc_102,MISSING,Ippolita,MISSING,PRON,MISSING,nsubj,leftover_target,
166,90,one-to-one,dn_114,ygc_103,Giorgio Ippolita,Giorgio Ippolita,PRON,NOUN,nsubj,nsubj,explicit_ref_case,
167,90,one-to-one,dn_114,ygc_103,Giorgio Ippolita,MISSING,PRON-REFLEX,MISSING,obj,MISSING,leftover_source,
168,90,one-to-one,dn_114,ygc_103,MISSING,Giorgio Ippolita,MISSING,NULL,MISSING,nsubj,leftover_target,
169,91,one-to-many,dn_115,ygc_104 ygc_105,Giorgio,Giorgio,NOUN,NOUN,nsubj,obj,explicit_ref_pos,
170,91,one-to-many,dn_115,ygc_104 ygc_105,Ippolita,Ippolita,PRON,PRON,nsubj,nsubj,explicit_full,
171,91,one-to-many,dn_115,ygc_104 ygc_105,Ippolita,Ippolita,PRON,NULL,nsubj,nsubj,zero_to_src_anchor,
172,92,one-to-one,dn_116,ygc_107,Giorgio,Giorgio,DET,NOUN,nmod,nmod,explicit_ref_case,
173,92,one-to-one,dn_116,ygc_107,Giorgio,MISSING,PRON,MISSING,nsubj,MISSING,leftover_source,
174,92,one-to-one,dn_116,ygc_107,Giorgio,MISSING,PRON,MISSING,nsubj,MISSING,leftover_source,
175,92,one-to-one,dn_116,ygc_107,Ippolita,Ippolita,NULL,NULL,nsubj,nsubj,zero_zero_single,
176,92,one-to-one,dn_116,ygc_107,MISSING,Ippolita,MISSING,PRON,MISSING,nsubj,leftover_target,
177,93,one-to-one,dn_117,ygc_106,Giorgio,Giorgio,NULL,NULL,nsubj,nsubj,zero_zero_single,
178,94,one-to-one,dn_118,ygc_109,Giorgio,Giorgio,PRON,PRON,nsubj,obj,explicit_ref_pos,
179,94,one-to-one,dn_118,ygc_109,MISSING,Ippolita,MISSING,NOUN,MISSING,nmod,leftover_target,
180,95,one-to-many,dn_119,ygc_110 ygc_111,Giorgio,Giorgio,PRON,PRON,obj,obj,explicit_full,
181,95,one-to-many,dn_119,ygc_110 ygc_111,Giorgio,Giorgio,PRON,PRON,nmod,nmod,explicit_full,
182,95,one-to-many,dn_119,ygc_110 ygc_111,Giorgio,Giorgio,PRON,NOUN,obj,obj,explicit_ref_case,
183,95,one-to-many,dn_119,ygc_110 ygc_111,Giorgio,Giorgio,PRON,NULL,nsubj,nsubj,zero_to_src_anchor,
184,95,one-to-many,dn_119,ygc_110 ygc_111,Giorgio,MISSING,PRON-REFLEX,MISSING,obj,MISSING,leftover_source,
185,95,one-to-many,dn_119,ygc_110 ygc_111,MISSING,Ippolita,MISSING,PROPN,MISSING,nsubj,leftover_target,
186,95,one-to-many,dn_119,ygc_110 ygc_111,MISSING,Ippolita,MISSING,NULL,MISSING,nsubj,leftover_target,
187,96,one-to-one,dn_120,ygc_108,Giorgio,Giorgio,NULL,NULL,nsubj,nsubj,zero_zero_single,
188,97,one-to-one,dn_122,ygc_112,Giorgio,Giorgio,NULL,NULL,nsubj,nsubj,zero_zero_single,
189,98,one-to-one,dn_123,ygc_113,Giorgio,Giorgio,PRON,PRON,nsubj,nsubj,explicit_full,
190,99,one-to-one,dn_124,ygc_114,Giorgio,MISSING,NULL,MISSING,nsubj,MISSING,leftover_source,
191,100,one-to-one,dn_125,ygc_115,Giorgio,Giorgio,DET,DET,nmod,nmod,explicit_full,
192,101,one-to-one,dn_126,ygc_116,Giorgio,Giorgio,PRON,PRON,obj,obj,explicit_full,
193,101,one-to-one,dn_126,ygc_116,Giorgio,Giorgio,PRON,NULL,nsubj,nsubj,zero_to_src_anchor,
194,101,one-to-one,dn_126,ygc_116,Giorgio,MISSING,PRON-REFLEX,MISSING,obj,MISSING,leftover_source,
195,101,one-to-one,dn_126,ygc_116,MISSING,Giorgio,MISSING,NULL,MISSING,nsubj,leftover_target,
196,102,one-to-one,dn_127,ygc_117,Giorgio,MISSING,DET,MISSING,nmod,MISSING,leftover_source,
197,102,one-to-one,dn_127,ygc_117,Ippolita,MISSING,NOUN,MISSING,obj,MISSING,leftover_source,
198,103,one-to-many,dn_128,ygc_118 ygc_119,Giorgio,Giorgio,PRON,NULL,nsubj,nsubj,zero_to_src_anchor,
199,103,one-to-many,dn_128,ygc_118 ygc_119,MISSING,Giorgio,MISSING,NULL,MISSING,nsubj,leftover_target,
200,103,one-to-many,dn_128,ygc_118 ygc_119,Ippolita,Ippolita,PRON,NOUN,obj,nmod,explicit_ref_only,
201,104,one-to-one,dn_129,ygc_120,Giorgio,Giorgio,DET,PRON,nmod,nmod,explicit_ref_case,
202,105,one-to-one,dn_130,ygc_121,Giorgio,MISSING,PRON,MISSING,nsubj,MISSING,leftover_source,
203,105,one-to-one,dn_130,ygc_121,Giorgio,MISSING,PRON-REFLEX,MISSING,obj,MISSING,leftover_source,
204,105,one-to-one,dn_130,ygc_121,Ippolita,Ippolita,NOUN,NOUN,obj,obj,explicit_full,
205,106,one-to-one,dn_131,ygc_122,Giorgio,Giorgio,DET,PRON,nmod,nmod,explicit_ref_case,
206,107,one-to-one,dn_132,ygc_123,Giorgio,Giorgio,PRON,PRON,nsubj,nsubj,explicit_full,
207,107,one-to-one,dn_132,ygc_123,MISSING,Giorgio,MISSING,NULL,MISSING,nsubj,leftover_target,
208,108,one-to-one,dn_133,ygc_124,Giorgio,Giorgio,PRON,PRON,nsubj,nsubj,explicit_full,
209,108,one-to-one,dn_133,ygc_124,Giorgio,MISSING,PRON,MISSING,obj,MISSING,leftover_source,
210,108,one-to-one,dn_133,ygc_124,MISSING,Giorgio,MISSING,NULL,MISSING,nsubj,leftover_target,
211,108,one-to-one,dn_133,ygc_124,Ippolita,Ippolita,PROPN,PROPN,nsubj,nsubj,explicit_full,
212,109,one-to-many,dn_134,ygc_125 ygc_126,Giorgio,Giorgio,PROPN,PROPN,vocative,vocative,explicit_full,
213,109,one-to-many,dn_134,ygc_125 ygc_126,Giorgio,Giorgio,PRON,PRON,obj,obj,explicit_full,
214,109,one-to-many,dn_134,ygc_125 ygc_126,Giorgio,MISSING,PRON,MISSING,nsubj,MISSING,leftover_source,
215,109,one-to-many,dn_134,ygc_125 ygc_126,Ippolita,Ippolita,PRON,PRON,nsubj,nsubj,explicit_full,
216,110,many-to-one,dn_135 dn_136,ygc_127,Giorgio,Giorgio,PRON,NULL,nsubj,nsubj,zero_to_src_anchor,
217,110,many-to-one,dn_135 dn_136,ygc_127,Giorgio,MISSING,PRON,MISSING,obj,MISSING,leftover_source,
218,110,many-to-one,dn_135 dn_136,ygc_127,Ippolita,Ippolita,NULL,NULL,nsubj,nsubj,zero_zero_single,
219,110,many-to-one,dn_135 dn_136,ygc_127,Ippolita,MISSING,PRON,MISSING,nsubj,MISSING,leftover_source,
220,111,one-to-one,dn_138,ygc_128,Giorgio,Giorgio,DET,PRON,nmod,nmod,explicit_ref_case,
221,111,one-to-one,dn_138,ygc_128,Giorgio,MISSING,PRON,MISSING,obj,MISSING,leftover_source,
222,111,one-to-one,dn_138,ygc_128,Ippolita,Ippolita,PRON,PRON,nsubj,nsubj,explicit_full,
223,111,one-to-one,dn_138,ygc_128,Ippolita,MISSING,NULL,MISSING,nsubj,MISSING,leftover_source,
224,112,one-to-one,dn_139,ygc_129,Giorgio,Giorgio,DET,PRON,nmod,nmod,explicit_ref_case,
225,112,one-to-one,dn_139,ygc_129,Giorgio,MISSING,PRON,MISSING,obj,MISSING,leftover_source,
226,112,one-to-one,dn_139,ygc_129,Ippolita,Ippolita,PRON,PRON,nsubj,nsubj,explicit_full,
227,112,one-to-one,dn_139,ygc_129,Ippolita,MISSING,NULL,MISSING,nsubj,MISSING,leftover_source,
228,113,one-to-one,dn_140,ygc_130,Giorgio,Giorgio,PRON,PRON,nsubj,nsubj,explicit_full,
229,113,one-to-one,dn_140,ygc_130,Ippolita,Ippolita,PRON,PRON,obj,nmod,explicit_ref_pos,
230,116,many-to-one,dn_143 dn_144,ygc_134,Giorgio,Giorgio,PRON,PRON,nsubj,nsubj,explicit_full,
231,116,many-to-one,dn_143 dn_144,ygc_134,Giorgio,Giorgio,PRON,PRON,obj,obj,explicit_full,
232,116,many-to-one,dn_143 dn_144,ygc_134,Giorgio,Giorgio,PRON,PRON,nsubj,nmod,explicit_ref_pos,
233,116,many-to-one,dn_143 dn_144,ygc_134,Ippolita,Ippolita,PRON,PRON,nsubj,nsubj,explicit_full,
234,117,one-to-one,dn_145,ygc_135,Giorgio,Giorgio,PRON,PRON,obj,nmod,explicit_ref_pos,
235,117,one-to-one,dn_145,ygc_135,Giorgio,Giorgio,PRON,PRON,obj,nmod,explicit_ref_pos,
236,117,one-to-one,dn_145,ygc_135,Ippolita,Ippolita,PRON,PRON,nsubj,nsubj,explicit_full,
237,117,one-to-one,dn_145,ygc_135,Ippolita,MISSING,PRON,MISSING,obj,MISSING,leftover_source,
238,118,one-to-one,dn_146,ygc_136,Giorgio,Giorgio,PRON,PRON,nsubj,nsubj,explicit_full,
239,118,one-to-one,dn_146,ygc_136,Ippolita,Ippolita,DET,PRON,nmod,nmod,explicit_ref_case,
240,118,one-to-one,dn_146,ygc_136,Ippolita,MISSING,DET,MISSING,nmod,MISSING,leftover_source,
241,118,one-to-one,dn_146,ygc_136,Ippolita,MISSING,DET,MISSING,nmod,MISSING,leftover_source,
242,120,many-to-one,dn_148 dn_149,ygc_138,Giorgio,MISSING,PRON,MISSING,obj,MISSING,leftover_source,
243,120,many-to-one,dn_148 dn_149,ygc_138,Ippolita,Ippolita,PRON,PRON,nsubj,nsubj,explicit_full,
244,121,one-to-one,dn_150,ygc_139,Giorgio Ippolita,Giorgio Ippolita,PRON,PRON,nsubj,nsubj,explicit_full,
245,121,one-to-one,dn_150,ygc_139,MISSING,Giorgio Ippolita,MISSING,NOUN,MISSING,pred,leftover_target,
246,122,one-to-one,dn_151,ygc_140,Giorgio,Giorgio,PRON,PRON,nsubj,nsubj,explicit_full,
247,122,one-to-one,dn_151,ygc_140,Giorgio,Giorgio,DET,PRON,nmod,nmod,explicit_ref_case,
248,122,one-to-one,dn_151,ygc_140,Ippolita,Ippolita,DET,DET,nmod,nmod,explicit_full,
249,122,one-to-one,dn_151,ygc_140,MISSING,Ippolita,MISSING,PRON,MISSING,nmod,leftover_target,
250,123,one-to-one,dn_152,ygc_141,Giorgio,Giorgio,DET,PRON,nmod,nmod,explicit_ref_case,
251,123,one-to-one,dn_152,ygc_141,Giorgio,Giorgio,DET,PRON,nmod,nsubj,explicit_ref_only,
252,123,one-to-one,dn_152,ygc_141,Giorgio,MISSING,NULL,MISSING,nsubj,MISSING,leftover_source,
253,123,one-to-one,dn_152,ygc_141,Ippolita,Ippolita,PRON,PRON,obj,obj,explicit_full,
254,123,one-to-one,dn_152,ygc_141,Ippolita,Ippolita,PRON,PRON,obj,nsubj,explicit_ref_pos,
255,124,one-to-one,dn_153,ygc_142,Giorgio,Giorgio,PRON,PRON,nsubj,nsubj,explicit_full,
256,124,one-to-one,dn_153,ygc_142,Ippolita,Ippolita,PRON,PRON,obj,obj,explicit_full,
257,124,one-to-one,dn_153,ygc_142,Ippolita,Ippolita,DET,PRON,nmod,nsubj,explicit_ref_only,
258,125,one-to-one,dn_154,ygc_143,Giorgio,Giorgio,PRON,PRON,nsubj,obj,explicit_ref_pos,
259,125,one-to-one,dn_154,ygc_143,Ippolita,Ippolita,DET,PRON,nmod,nmod,explicit_ref_case,
260,125,one-to-one,dn_154,ygc_143,MISSING,Ippolita,MISSING,NULL,MISSING,nsubj,leftover_target,
261,126,one-to-many,dn_155,ygc_144 ygc_145,Giorgio,Giorgio,PRON,NULL,nsubj,nsubj,zero_to_src_anchor,
262,126,one-to-many,dn_155,ygc_144 ygc_145,MISSING,Ippolita,MISSING,PRON,MISSING,nmod,leftover_target,
263,127,one-to-many,dn_156,ygc_146 ygc_147 ygc_148 ygc_149,Giorgio,Giorgio,PRON,PRON,obj,nsubj,explicit_ref_pos,
264,127,one-to-many,dn_156,ygc_146 ygc_147 ygc_148 ygc_149,Giorgio,Giorgio,NULL,NULL,nsubj,nsubj,zero_zero_semantic,0.4586445750291746
265,127,one-to-many,dn_156,ygc_146 ygc_147 ygc_148 ygc_149,Giorgio,Giorgio,NULL,NULL,nsubj,nsubj,zero_zero_semantic,0.371076744838544
266,127,one-to-many,dn_156,ygc_146 ygc_147 ygc_148 ygc_149,Giorgio,Giorgio,NULL,NULL,nsubj,nsubj,zero_zero_semantic,0.1447428417607836
267,127,one-to-many,dn_156,ygc_146 ygc_147 ygc_148 ygc_149,Giorgio,Giorgio,NULL,PRON,nsubj,nsubj,zero_to_tgt_anchor,
268,127,one-to-many,dn_156,ygc_146 ygc_147 ygc_148 ygc_149,Giorgio,MISSING,PRON-REFLEX,MISSING,obj,MISSING,leftover_source,
269,127,one-to-many,dn_156,ygc_146 ygc_147 ygc_148 ygc_149,Giorgio,MISSING,NULL,MISSING,nsubj,MISSING,leftover_source,
270,127,one-to-many,dn_156,ygc_146 ygc_147 ygc_148 ygc_149,Giorgio,MISSING,PRON-REFLEX,MISSING,obj,MISSING,leftover_source,
271,127,one-to-many,dn_156,ygc_146 ygc_147 ygc_148 ygc_149,Giorgio,MISSING,NULL,MISSING,nsubj,MISSING,leftover_source,
272,127,one-to-many,dn_156,ygc_146 ygc_147 ygc_148 ygc_149,Ippolita,Ippolita,PRON,PRON,obj,obj,explicit_full,
273,127,one-to-many,dn_156,ygc_146 ygc_147 ygc_148 ygc_149,Ippolita,Ippolita,DET,PRON,nmod,nmod,explicit_ref_case,
274,127,one-to-many,dn_156,ygc_146 ygc_147 ygc_148 ygc_149,Ippolita,Ippolita,PRON,PRON,obj,nmod,explicit_ref_pos,
275,127,one-to-many,dn_156,ygc_146 ygc_147 ygc_148 ygc_149,Ippolita,Ippolita,PRON,PRON,obj,nsubj,explicit_ref_pos,
276,127,one-to-many,dn_156,ygc_146 ygc_147 ygc_148 ygc_149,Ippolita,Ippolita,PRON,PRON,obj,nmod,explicit_ref_pos,
277,128,one-to-one,dn_157,ygc_150,Giorgio,MISSING,PRON,MISSING,obj,MISSING,leftover_source,
278,129,one-to-one,dn_158,ygc_151,Giorgio,Giorgio,PRON,PRON,nsubj,nsubj,explicit_full,
279,129,one-to-one,dn_158,ygc_151,MISSING,Giorgio,MISSING,NULL,MISSING,nsubj,leftover_target,
280,129,one-to-one,dn_158,ygc_151,Ippolita,Ippolita,PRON,PRON,obj,obj,explicit_full,
281,130,one-to-one,dn_159,ygc_152,Giorgio,Giorgio,PRON,PRON,nsubj,nsubj,explicit_full,
282,130,one-to-one,dn_159,ygc_152,Giorgio,MISSING,DET,MISSING,nmod,MISSING,leftover_source,
283,130,one-to-one,dn_159,ygc_152,Ippolita,MISSING,PRON,MISSING,obj,MISSING,leftover_source,
284,131,one-to-one,dn_160,ygc_153,Giorgio,MISSING,PRON,MISSING,obj,MISSING,leftover_source,
285,131,one-to-one,dn_160,ygc_153,Giorgio,MISSING,NULL,MISSING,nsubj,MISSING,leftover_source,
286,131,one-to-one,dn_160,ygc_153,Giorgio,MISSING,PRON,MISSING,obj,MISSING,leftover_source,
287,131,one-to-one,dn_160,ygc_153,MISSING,Giorgio Ippolita,MISSING,NOUN,MISSING,nsubj,leftover_target,
288,131,one-to-one,dn_160,ygc_153,Ippolita,MISSING,PRON,MISSING,obj,MISSING,leftover_source,
289,132,one-to-one,dn_161,ygc_154,Giorgio,MISSING,PRON,MISSING,obj,MISSING,leftover_source,
290,132,one-to-one,dn_161,ygc_154,Ippolita,Ippolita,PRON,PRON,nsubj,nsubj,explicit_full,
291,132,one-to-one,dn_161,ygc_154,Ippolita,Ippolita,NULL,NULL,nsubj,nsubj,zero_zero_semantic,0.45126896662371496
292,132,one-to-one,dn_161,ygc_154,Ippolita,MISSING,PRON,MISSING,obj,MISSING,leftover_source,
293,132,one-to-one,dn_161,ygc_154,Ippolita,MISSING,NULL,MISSING,nsubj,MISSING,leftover_source,
294,133,one-to-one,dn_162,ygc_155,Giorgio,Giorgio,PRON,PRON,nsubj,nsubj,explicit_full,
295,135,one-to-one,dn_164,ygc_157,Giorgio,MISSING,PRON,MISSING,obj,MISSING,leftover_source,
296,135,one-to-one,dn_164,ygc_157,Giorgio,MISSING,PRON,MISSING,obj,MISSING,leftover_source,
297,135,one-to-one,dn_164,ygc_157,MISSING,Giorgio Ippolita,MISSING,NULL,MISSING,nsubj,leftover_target,
298,135,one-to-one,dn_164,ygc_157,Ippolita,MISSING,PRON,MISSING,nsubj,MISSING,leftover_source,
299,135,one-to-one,dn_164,ygc_157,Ippolita,MISSING,NULL,MISSING,nsubj,MISSING,leftover_source,
300,136,one-to-many,dn_165,ygc_158 ygc_159,Giorgio,Giorgio,PRON,PRON,nsubj,nsubj,explicit_full,
301,136,one-to-many,dn_165,ygc_158 ygc_159,Giorgio,Giorgio,NULL,NULL,nsubj,nsubj,zero_zero_semantic,0.4985852851551365
302,136,one-to-many,dn_165,ygc_158 ygc_159,Giorgio,Giorgio,NULL,NULL,nsubj,nsubj,zero_zero_semantic,0.46618840466762995
303,136,one-to-many,dn_165,ygc_158 ygc_159,Giorgio,Giorgio,NULL,NULL,nsubj,nsubj,zero_zero_semantic,0.25988111809045766
304,136,one-to-many,dn_165,ygc_158 ygc_159,Giorgio,MISSING,PRON-REFLEX,MISSING,obj,MISSING,leftover_source,
305,136,one-to-many,dn_165,ygc_158 ygc_159,Giorgio,MISSING,NULL,MISSING,nsubj,MISSING,leftover_source,
306,136,one-to-many,dn_165,ygc_158 ygc_159,Ippolita,Ippolita,DET,PRON,nmod,nmod,explicit_ref_case,
307,136,one-to-many,dn_165,ygc_158 ygc_159,Ippolita,MISSING,PRON,MISSING,obj,MISSING,leftover_source,
308,137,one-to-many,dn_166,ygc_160 ygc_161,Giorgio Ippolita,Giorgio Ippolita,PRON,NOUN,obj,obj,explicit_ref_case,
309,138,one-to-one,dn_167,ygc_163,Giorgio,Giorgio,PRON,PRON,nsubj,nsubj,explicit_full,
310,138,one-to-one,dn_167,ygc_163,Ippolita,MISSING,PRON,MISSING,obj,MISSING,leftover_source,
311,139,one-to-one,dn_168,ygc_162,MISSING,Giorgio,MISSING,NULL,MISSING,nsubj,leftover_target,
312,139,one-to-one,dn_168,ygc_162,Ippolita,MISSING,NULL,MISSING,nsubj,MISSING,leftover_source,
313,140,one-to-one,dn_169,ygc_165,Giorgio,MISSING,PRON,MISSING,obj,MISSING,leftover_source,
314,140,one-to-one,dn_169,ygc_165,Ippolita,Ippolita,PRON,PRON,nsubj,nsubj,explicit_full,
315,141,one-to-one,dn_170,ygc_164,Giorgio,MISSING,NULL,MISSING,nsubj,MISSING,leftover_source,
316,141,one-to-one,dn_170,ygc_164,MISSING,Ippolita,MISSING,NULL,MISSING,nsubj,leftover_target,
317,142,one-to-one,dn_171,ygc_166,Giorgio,Giorgio,DET,PRON,nmod,nmod,explicit_ref_case,
318,142,one-to-one,dn_171,ygc_166,Giorgio,Giorgio,PRON,PRON,nsubj,obj,explicit_ref_pos,
319,142,one-to-one,dn_171,ygc_166,Ippolita,Ippolita,DET,PRON,nmod,nmod,explicit_ref_case,
320,142,one-to-one,dn_171,ygc_166,Ippolita,Ippolita,PRON,PRON,nsubj,obj,explicit_ref_pos,
321,143,one-to-one,dn_172,ygc_167,MISSING,Giorgio Ippolita,MISSING,NOUN,MISSING,obj,leftover_target,
322,144,one-to-one,dn_173,ygc_168,Giorgio,Giorgio,PRON,PRON,nsubj,nmod,explicit_ref_pos,
323,144,one-to-one,dn_173,ygc_168,Giorgio,Giorgio,NULL,NULL,nsubj,nsubj,zero_zero_semantic,0.4641512685588428
324,144,one-to-one,dn_173,ygc_168,Giorgio,MISSING,PRON-REFLEX,MISSING,obj,MISSING,leftover_source,
325,144,one-to-one,dn_173,ygc_168,Giorgio,MISSING,NULL,MISSING,nsubj,MISSING,leftover_source,
326,144,one-to-one,dn_173,ygc_168,Ippolita,Ippolita,PRON,PRON,obj,obj,explicit_full,
327,144,one-to-one,dn_173,ygc_168,Ippolita,MISSING,DET,MISSING,nmod,MISSING,leftover_source,
328,144,one-to-one,dn_173,ygc_168,Ippolita,MISSING,PRON,MISSING,nmod,MISSING,leftover_source,
329,144,one-to-one,dn_173,ygc_168,Ippolita,MISSING,PRON,MISSING,obj,MISSING,leftover_source,
330,145,many-to-one,dn_174 dn_175,ygc_169,MISSING,Giorgio,MISSING,NULL,MISSING,nsubj,leftover_target,
331,145,many-to-one,dn_174 dn_175,ygc_169,MISSING,Ippolita,MISSING,PRON,MISSING,obj,leftover_target,
332,146,one-to-one,dn_176,ygc_171,Ippolita,Ippolita,PROPN,PROPN,nsubj,nsubj,explicit_full,
333,147,one-to-one,dn_177,ygc_170,Ippolita,Ippolita,PRON,PRON,nsubj,nsubj,explicit_full,
334,148,one-to-one,dn_178,ygc_172,Ippolita,Ippolita,PRON,PRON,nsubj,nsubj,explicit_full,
335,149,one-to-one,dn_179,ygc_173,MISSING,Giorgio,MISSING,PRON,MISSING,nsubj,leftover_target,
336,149,one-to-one,dn_179,ygc_173,MISSING,Giorgio,MISSING,PRON,MISSING,obj,leftover_target,
337,149,one-to-one,dn_179,ygc_173,Ippolita,Ippolita,NULL,NULL,nsubj,nsubj,zero_zero_single,
338,149,one-to-one,dn_179,ygc_173,MISSING,Ippolita,MISSING,PRON,MISSING,obj,leftover_target,
339,150,one-to-one,dn_180,ygc_174,Giorgio,Giorgio,NOUN,NOUN,obj,nsubj,explicit_ref_pos,
340,150,one-to-one,dn_180,ygc_174,MISSING,Giorgio,MISSING,NOUN,MISSING,nmod,leftover_target,
341,150,one-to-one,dn_180,ygc_174,MISSING,Ippolita,MISSING,NOUN,MISSING,nmod,leftover_target,
342,151,one-to-one,dn_181,ygc_176,Ippolita,Ippolita,PROPN,PRON,nsubj,nsubj,explicit_ref_case,
343,152,one-to-one,dn_182,ygc_175,Giorgio,Giorgio,PRON,PRON,nsubj,nsubj,explicit_full,
344,153,one-to-one,dn_183,ygc_177,Giorgio,Giorgio,PRON,PRON,nsubj,nsubj,explicit_full,
345,153,one-to-one,dn_183,ygc_177,Giorgio,Giorgio,DET,PRON,nmod,nmod,explicit_ref_case,
346,154,one-to-many,dn_184,ygc_178 ygc_179,Giorgio,Giorgio,DET,PRON,nmod,nmod,explicit_ref_case,
347,154,one-to-many,dn_184,ygc_178 ygc_179,Giorgio,Giorgio,PRON,PRON,obj,nsubj,explicit_ref_pos,
348,154,one-to-many,dn_184,ygc_178 ygc_179,Giorgio,MISSING,PRON,MISSING,obj,MISSING,leftover_source,
349,154,one-to-many,dn_184,ygc_178 ygc_179,Ippolita,Ippolita,PRON,PRON,nsubj,nsubj,explicit_full,
350,154,one-to-many,dn_184,ygc_178 ygc_179,Ippolita,Ippolita,PRON,PRON,nsubj,obj,explicit_ref_pos,
351,155,one-to-one,dn_185,ygc_180,Giorgio,Giorgio,PRON,PRON,nsubj,nsubj,explicit_full,
352,155,one-to-one,dn_185,ygc_180,Giorgio,MISSING,DET,MISSING,nmod,MISSING,leftover_source,
353,156,one-to-one,dn_186,ygc_181,Giorgio,Giorgio,NULL,NULL,nsubj,nsubj,zero_zero_semantic,0.4849181272262751
354,156,one-to-one,dn_186,ygc_181,Giorgio,MISSING,NULL,MISSING,nsubj,MISSING,leftover_source,
355,157,one-to-one,dn_187,ygc_182,Giorgio,Giorgio,PRON,PRON,nsubj,nsubj,explicit_full,
356,157,one-to-one,dn_187,ygc_182,MISSING,Giorgio,MISSING,NULL,MISSING,nsubj,leftover_target,
357,158,one-to-one,dn_188,ygc_183,Giorgio,Giorgio,PRON,NULL,nsubj,nsubj,zero_to_src_anchor,
358,159,one-to-one,dn_189,ygc_184,MISSING,Giorgio,MISSING,NOUN,MISSING,nsubj,leftover_target,
359,159,one-to-one,dn_189,ygc_184,Ippolita,Ippolita,NULL,NULL,nsubj,nsubj,zero_zero_semantic,0.529705363863924
360,159,one-to-one,dn_189,ygc_184,Ippolita,Ippolita,PRON,NULL,nsubj,nsubj,zero_to_src_anchor,
361,161,one-to-one,dn_191,ygc_186,Ippolita,Ippolita,NULL,PRON,nsubj,nsubj,zero_to_tgt_anchor,
362,161,one-to-one,dn_191,ygc_186,Ippolita,MISSING,PRON-REFLEX,MISSING,obj,MISSING,leftover_source,
363,161,one-to-one,dn_191,ygc_186,Ippolita,MISSING,NULL,MISSING,nsubj,MISSING,leftover_source,
364,162,many-to-one,dn_192 dn_193,ygc_187,Giorgio,Giorgio,PROPN,NOUN,nsubj,obj,explicit_ref_only,
365,162,many-to-one,dn_192 dn_193,ygc_187,Ippolita,Ippolita,PRON,NULL,nsubj,nsubj,zero_to_src_anchor,
366,162,many-to-one,dn_192 dn_193,ygc_187,Ippolita,MISSING,PRON,MISSING,obj,MISSING,leftover_source,
367,162,many-to-one,dn_192 dn_193,ygc_187,Ippolita,MISSING,PRON-REFLEX,MISSING,obj,MISSING,leftover_source,
368,162,many-to-one,dn_192 dn_193,ygc_187,MISSING,Ippolita,MISSING,NULL,MISSING,nsubj,leftover_target,
369,162,many-to-one,dn_192 dn_193,ygc_187,MISSING,Ippolita,MISSING,NULL,MISSING,nsubj,leftover_target,
370,163,one-to-one,dn_194,ygc_188,Giorgio,Giorgio,NOUN,NOUN,obj,nsubj,explicit_ref_pos,
371,163,one-to-one,dn_194,ygc_188,Ippolita,MISSING,PRON,MISSING,nsubj,MISSING,leftover_source,
372,164,one-to-one,dn_195,ygc_189,Giorgio,Giorgio,NULL,NULL,nsubj,nsubj,zero_zero_single,
373,165,one-to-one,dn_196,ygc_190,Ippolita,Ippolita,PRON,NULL,nsubj,nsubj,zero_to_src_anchor,
374,165,one-to-one,dn_196,ygc_190,MISSING,Ippolita,MISSING,NULL,MISSING,nsubj,leftover_target,
375,166,one-to-one,dn_197,ygc_191,Giorgio,Giorgio,PRON,PRON,nsubj,nmod,explicit_ref_pos,
376,166,one-to-one,dn_197,ygc_191,Ippolita,MISSING,PRON,MISSING,obj,MISSING,leftover_source,
377,167,one-to-one,dn_198,ygc_192,Giorgio,Giorgio,PRON,PRON,nsubj,nsubj,explicit_full,
378,168,one-to-one,dn_199,ygc_193,Giorgio Ippolita,Giorgio Ippolita,PRON,NOUN,nsubj,nsubj,explicit_ref_case,
379,168,one-to-one,dn_199,ygc_193,Giorgio Ippolita,MISSING,NULL,MISSING,nsubj,MISSING,leftover_source,
380,169,one-to-one,dn_200,ygc_194,MISSING,prelate,MISSING,NOUN,MISSING,nmod,leftover_target,
381,172,one-to-one,dn_204,ygc_198,Giorgio,Giorgio,PROPN,PROPN,nsubj,nsubj,explicit_full,
382,173,one-to-one,dn_205,ygc_197,Giorgio,Giorgio,PRON,PRON,obj,obj,explicit_full,
383,173,one-to-one,dn_205,ygc_197,Ippolita,Ippolita,PRON,PRON,nsubj,nsubj,explicit_full,
384,174,one-to-one,dn_206,ygc_199,Ippolita,Ippolita,NULL,NULL,nsubj,nsubj,zero_zero_single,
385,175,many-to-one,dn_207 dn_208,ygc_200,Giorgio,Giorgio,PRON,PRON,nsubj,nmod,explicit_ref_pos,
386,175,many-to-one,dn_207 dn_208,ygc_200,Ippolita,Ippolita,PRON,NULL,nsubj,nsubj,zero_to_src_anchor,
387,176,one-to-one,dn_209,ygc_201,Giorgio,Giorgio,PRON,PRON,obj,obj,explicit_full,
388,177,one-to-one,dn_210,ygc_202,Giorgio,Giorgio,PRON,PRON,nsubj,nmod,explicit_ref_pos,
389,177,one-to-one,dn_210,ygc_202,Giorgio,MISSING,PRON,MISSING,obj,MISSING,leftover_source,
390,178,one-to-one,dn_211,ygc_203,Giorgio,MISSING,NULL,MISSING,nsubj,MISSING,leftover_source,
391,181,one-to-one,dn_214,ygc_206,Ippolita,Ippolita,DET,PRON,nmod,nmod,explicit_ref_case,
392,182,one-to-one,dn_215,ygc_207,Giorgio,Giorgio,PRON,PRON,nsubj,nsubj,explicit_full,
393,182,one-to-one,dn_215,ygc_207,Ippolita,Ippolita,PRON,PROPN,obj,nmod,explicit_ref_only,
394,183,one-to-one,dn_216,ygc_208,Ippolita,Ippolita,NULL,PRON,nsubj,nsubj,zero_to_tgt_anchor,
395,184,one-to-one,dn_217,ygc_209,Ippolita,MISSING,NULL,MISSING,nsubj,MISSING,leftover_source,
396,185,one-to-one,dn_218,ygc_210,Giorgio,MISSING,PRON,MISSING,obj,MISSING,leftover_source,
397,185,one-to-one,dn_218,ygc_210,MISSING,Giorgio,MISSING,NULL,MISSING,nsubj,leftover_target,
398,185,one-to-one,dn_218,ygc_210,Ippolita,MISSING,NULL,MISSING,nsubj,MISSING,leftover_source,
399,186,one-to-one,dn_219,ygc_211,Giorgio,MISSING,PRON,MISSING,obj,MISSING,leftover_source,
400,186,one-to-one,dn_219,ygc_211,Ippolita,Ippolita,NULL,NULL,nsubj,nsubj,zero_zero_single,
401,186,one-to-one,dn_219,ygc_211,Ippolita,MISSING,PRON,MISSING,nsubj,MISSING,leftover_source,
402,186,one-to-one,dn_219,ygc_211,Ippolita,MISSING,PRON-REFLEX,MISSING,obj,MISSING,leftover_source,
403,187,many-to-one,dn_220 dn_221,ygc_212,Giorgio,Giorgio,NULL,NULL,nsubj,nsubj,zero_zero_single,
404,187,many-to-one,dn_220 dn_221,ygc_212,Giorgio,MISSING,PRON-REFLEX,MISSING,obj,MISSING,leftover_source,
405,187,many-to-one,dn_220 dn_221,ygc_212,Ippolita,Ippolita,PRON,PRON,nsubj,nsubj,explicit_full,
406,187,many-to-one,dn_220 dn_221,ygc_212,Ippolita,MISSING,DET,MISSING,nmod,MISSING,leftover_source,
407,188,one-to-one,dn_222,ygc_213,Giorgio,Giorgio,DET,PRON,nmod,nmod,explicit_ref_case,
408,189,one-to-one,dn_223,ygc_214,Giorgio,MISSING,NULL,MISSING,nsubj,MISSING,leftover_source,
409,189,one-to-one,dn_223,ygc_214,Ippolita,Ippolita,NOUN,NOUN,nmod,nmod,explicit_full,
410,190,one-to-one,dn_224,ygc_215,Ippolita,Ippolita,PRON,NULL,nsubj,nsubj,zero_to_src_anchor,
411,191,one-to-one,dn_225,ygc_216,Ippolita,Ippolita,NULL,NULL,nsubj,nsubj,zero_zero_single,
412,192,one-to-one,dn_226,ygc_217,MISSING,Giorgio,MISSING,NULL,MISSING,nsubj,leftover_target,
413,192,one-to-one,dn_226,ygc_217,Ippolita,Ippolita,DET,DET,nmod,nmod,explicit_full,
414,193,one-to-one,dn_227,ygc_218,Ippolita,Ippolita,PRON,PRON,nmod,nmod,explicit_full,
415,194,one-to-one,dn_228,ygc_219,Giorgio,MISSING,PRON,MISSING,obj,MISSING,leftover_source,
416,194,one-to-one,dn_228,ygc_219,Giorgio,MISSING,PRON,MISSING,obj,MISSING,leftover_source,
417,194,one-to-one,dn_228,ygc_219,Ippolita,Ippolita,DET,PRON,nmod,nmod,explicit_ref_case,
418,195,one-to-one,dn_229,ygc_220,Ippolita,Ippolita,DET,PRON,nmod,nmod,explicit_ref_case,
419,196,one-to-one,dn_230,ygc_221,Giorgio,Giorgio,NULL,NULL,nsubj,nsubj,zero_zero_single,
420,197,one-to-one,dn_231,ygc_222,Ippolita,Ippolita,NULL,NULL,nsubj,nsubj,zero_zero_single,
421,198,one-to-one,dn_232,ygc_223,Giorgio,Giorgio,PRON,NULL,nsubj,nsubj,zero_to_src_anchor,
422,198,one-to-one,dn_232,ygc_223,Ippolita,Ippolita,PRON,PROPN,obj,obj,explicit_ref_case,
423,199,one-to-one,dn_233,ygc_224,Giorgio,MISSING,PRON,MISSING,obj,MISSING,leftover_source,
424,199,one-to-one,dn_233,ygc_224,Ippolita,MISSING,DET,MISSING,nmod,MISSING,leftover_source,
425,200,many-to-one,dn_234 dn_235 dn_236,ygc_225,Ippolita,Ippolita,PRON,PROPN,nsubj,obj,explicit_ref_only,
426,201,one-to-one,dn_237,ygc_226,Giorgio,MISSING,PRON,MISSING,obj,MISSING,leftover_source,
427,201,one-to-one,dn_237,ygc_226,MISSING,Giorgio,MISSING,NULL,MISSING,nsubj,leftover_target,
428,201,one-to-one,dn_237,ygc_226,MISSING,Ippolita,MISSING,PRON,MISSING,nmod,leftover_target,
429,202,one-to-one,dn_238,ygc_227,Giorgio,Giorgio,PRON,PRON,obj,obj,explicit_full,
430,202,one-to-one,dn_238,ygc_227,Ippolita,Ippolita,PRON,NULL,nsubj,nsubj,zero_to_src_anchor,
431,203,many-to-one,dn_239 dn_240,ygc_228,Giorgio,MISSING,PRON,MISSING,obj,MISSING,leftover_source,
432,203,many-to-one,dn_239 dn_240,ygc_228,Giorgio,MISSING,NULL,MISSING,nsubj,MISSING,leftover_source,
433,203,many-to-one,dn_239 dn_240,ygc_228,Ippolita,MISSING,NULL,MISSING,nsubj,MISSING,leftover_source,
434,203,many-to-one,dn_239 dn_240,ygc_228,Ippolita,MISSING,DET,MISSING,nmod,MISSING,leftover_source,
435,203,many-to-one,dn_239 dn_240,ygc_228,Ippolita,MISSING,DET,MISSING,nmod,MISSING,leftover_source,
436,203,many-to-one,dn_239 dn_240,ygc_228,Ippolita,MISSING,PRON,MISSING,nsubj,MISSING,leftover_source,
437,203,many-to-one,dn_239 dn_240,ygc_228,Ippolitas-sister,Ippolitas-sister,NOUN,NOUN,nmod,nmod,explicit_full,
438,203,many-to-one,dn_239 dn_240,ygc_228,Ippolitas-sister,Ippolitas-sister,NOUN,NOUN,nmod,nmod,explicit_full,
439,204,one-to-one,dn_241,ygc_229,MISSING,Ippolita,MISSING,NULL,MISSING,nsubj,leftover_target,
440,205,one-to-one,dn_242,ygc_230,Giorgio,Giorgio,PRON,PRON,obj,obj,explicit_full,
441,205,one-to-one,dn_242,ygc_230,Ippolita,Ippolita,NULL,NULL,nsubj,nsubj,zero_zero_semantic,0.5878497018792027
442,205,one-to-one,dn_242,ygc_230,Ippolita,Ippolita,PRON,NULL,nsubj,nsubj,zero_to_src_anchor,
443,206,many-to-one,dn_243 dn_244,ygc_231,Giorgio,MISSING,NULL,MISSING,nsubj,MISSING,leftover_source,
444,206,many-to-one,dn_243 dn_244,ygc_231,MISSING,Giorgio,MISSING,PRON,MISSING,obj,leftover_target,
445,206,many-to-one,dn_243 dn_244,ygc_231,Ippolita,MISSING,DET,MISSING,nmod,MISSING,leftover_source,
446,206,many-to-one,dn_243 dn_244,ygc_231,Ippolita,MISSING,DET,MISSING,nmod,MISSING,leftover_source,
447,207,one-to-one,dn_245,ygc_232,Giorgio,Giorgio,PRON,PRON,nsubj,nsubj,explicit_full,
448,207,one-to-one,dn_245,ygc_232,Giorgio,Giorgio,NULL,NULL,nsubj,nsubj,zero_zero_semantic,0.49236361999989403
449,207,one-to-one,dn_245,ygc_232,MISSING,Giorgio,MISSING,NULL,MISSING,nsubj,leftover_target,
450,208,one-to-one,dn_246,ygc_233,Giorgio,MISSING,PRON,MISSING,obj,MISSING,leftover_source,
451,209,many-to-one,dn_247 dn_248,ygc_234,Giorgio,Giorgio,PRON,PRON,nsubj,nmod,explicit_ref_pos,
452,209,many-to-one,dn_247 dn_248,ygc_234,Ippolita,Ippolita,PROPN,PROPN,nsubj,nsubj,explicit_full,
453,209,many-to-one,dn_247 dn_248,ygc_234,MISSING,Ippolita,MISSING,NULL,MISSING,nsubj,leftover_target,
454,209,many-to-one,dn_247 dn_248,ygc_234,MISSING,Ippolita,MISSING,NULL,MISSING,nsubj,leftover_target,
455,209,many-to-one,dn_247 dn_248,ygc_234,Ippolitas-brother-in-law,Ippolitas-brother-in-law,NOUN,NOUN,nmod,nmod,explicit_full,
456,209,many-to-one,dn_247 dn_248,ygc_234,Ippolitas-brother-in-laws-friends,Ippolitas-brother-in-laws-friends,NOUN,NOUN,obj,obj,explicit_full,
457,209,many-to-one,dn_247 dn_248,ygc_234,Ippolitas-brother-in-laws-friends,Ippolitas-brother-in-laws-friends,NOUN,NOUN,obj,obj,explicit_full,
458,209,many-to-one,dn_247 dn_248,ygc_234,Ippolitas-brother-in-laws-friends,Ippolitas-brother-in-laws-friends,NOUN,NOUN,obj,obj,explicit_full,
459,209,many-to-one,dn_247 dn_248,ygc_234,MISSING,Ippolitas-brother-in-laws-friends,MISSING,NOUN,MISSING,obj,leftover_target,
460,210,one-to-one,dn_249,ygc_235,Ippolita,MISSING,DET,MISSING,nmod,MISSING,leftover_source,
461,211,one-to-one,dn_250,ygc_236,Giorgio,Giorgio,PRON,PRON,obj,nsubj,explicit_ref_pos,
462,213,one-to-one,dn_252,ygc_238,Ippolita Ippolitas-sister Ippolitas-brother-in-law,MISSING,PRON,MISSING,obj,MISSING,leftover_source,
463,213,one-to-one,dn_252,ygc_238,Ippolita Ippolitas-sister Ippolitas-brother-in-law,MISSING,PRON,MISSING,obj,MISSING,leftover_source,
464,213,one-to-one,dn_252,ygc_238,MISSING,Ippolita Ippolitas-sister Ippolitas-brother-in-law,MISSING,NULL,MISSING,nsubj,leftover_target,
465,213,one-to-one,dn_252,ygc_238,Ippolitas-brother-in-laws-friends,Ippolitas-brother-in-laws-friends,NOUN,NOUN,nsubj,obj,explicit_ref_pos,
466,213,one-to-one,dn_252,ygc_238,Ippolitas-brother-in-laws-friends,Ippolitas-brother-in-laws-friends,NULL,NULL,nsubj,nsubj,zero_zero_single,
467,214,one-to-one,dn_253,ygc_239,Giorgio,Giorgio,PRON,NULL,nsubj,nsubj,zero_to_src_anchor,
468,215,many-to-one,dn_254 dn_255 dn_256,ygc_240,Giorgio,Giorgio,PRON,PRON,obj,nsubj,explicit_ref_pos,
469,215,many-to-one,dn_254 dn_255 dn_256,ygc_240,MISSING,Giorgio,MISSING,NULL,MISSING,nsubj,leftover_target,
470,215,many-to-one,dn_254 dn_255 dn_256,ygc_240,Ippolita,Ippolita,PROPN,PROPN,nsubj,nsubj,explicit_full,
471,215,many-to-one,dn_254 dn_255 dn_256,ygc_240,Ippolita,Ippolita,NULL,NULL,nsubj,nsubj,zero_zero_semantic,0.3133162427513836
472,215,many-to-one,dn_254 dn_255 dn_256,ygc_240,Ippolita,Ippolita,NULL,NULL,nsubj,nsubj,zero_zero_semantic,0.27212387397346915
473,215,many-to-one,dn_254 dn_255 dn_256,ygc_240,Ippolita,Ippolita,NULL,NULL,nsubj,nsubj,zero_zero_semantic,0.2049029738479173
474,215,many-to-one,dn_254 dn_255 dn_256,ygc_240,Ippolita,Ippolita,NULL,NULL,nsubj,nsubj,zero_zero_semantic,0.6393546586759316
475,215,many-to-one,dn_254 dn_255 dn_256,ygc_240,Ippolita,MISSING,PRON,MISSING,nsubj,MISSING,leftover_source,
476,215,many-to-one,dn_254 dn_255 dn_256,ygc_240,Ippolita,MISSING,PRON-REFLEX,MISSING,obj,MISSING,leftover_source,
477,215,many-to-one,dn_254 dn_255 dn_256,ygc_240,Ippolitas-brother-in-laws-friends,Ippolitas-brother-in-laws-friends,PRON,PRON,obj,obj,explicit_full,
478,215,many-to-one,dn_254 dn_255 dn_256,ygc_240,Ippolitas-brother-in-laws-friends,Ippolitas-brother-in-laws-friends,PRON,NOUN,obj,obj,explicit_ref_case,
479,215,many-to-one,dn_254 dn_255 dn_256,ygc_240,Ippolitas-brother-in-laws-friends,MISSING,PRON,MISSING,obj,MISSING,leftover_source,
480,216,one-to-one,dn_257,ygc_241,Giorgio,Giorgio,DET,NOUN,nmod,nmod,explicit_ref_case,
481,216,one-to-one,dn_257,ygc_241,Giorgio,Giorgio,PRON,NOUN,obj,nmod,explicit_ref_only,
482,216,one-to-one,dn_257,ygc_241,Giorgio,MISSING,PRON,MISSING,obj,MISSING,leftover_source,
483,216,one-to-one,dn_257,ygc_241,MISSING,Giorgio,MISSING,NULL,MISSING,nsubj,leftover_target,
484,216,one-to-one,dn_257,ygc_241,MISSING,Giorgio,MISSING,NULL,MISSING,nsubj,leftover_target,
485,216,one-to-one,dn_257,ygc_241,Ippolita,Ippolita,NOUN,NOUN,nsubj,nsubj,explicit_full,
486,216,one-to-one,dn_257,ygc_241,Ippolita,MISSING,PRON,MISSING,nsubj,MISSING,leftover_source,
487,216,one-to-one,dn_257,ygc_241,Ippolitas-brother-in-laws-friends,MISSING,NOUN,MISSING,obj,MISSING,leftover_source,
488,217,one-to-one,dn_258,ygc_242,Ippolita,Ippolita,PRON,PRON,nsubj,nsubj,explicit_full,
489,218,one-to-one,dn_259,ygc_243,Ippolita,Ippolita,NULL,NULL,nsubj,nsubj,zero_zero_single,
490,219,one-to-one,dn_260,ygc_244,Ippolita,Ippolita,NULL,NULL,nsubj,nsubj,zero_zero_single,
491,220,one-to-one,dn_261,ygc_245,Ippolita,Ippolita,PRON,PRON,nsubj,obj,explicit_ref_pos,
492,220,one-to-one,dn_261,ygc_245,Ippolita,Ippolita,PRON,NULL,nsubj,nsubj,zero_to_src_anchor,
493,220,one-to-one,dn_261,ygc_245,MISSING,Ippolita,MISSING,NULL,MISSING,nsubj,leftover_target,
494,220,one-to-one,dn_261,ygc_245,Ippolitas-brother-in-laws-friends,MISSING,NOUN,MISSING,obj,MISSING,leftover_source,
495,222,one-to-one,dn_263,ygc_248,Giorgio,Giorgio,NOUN,PRON,nsubj,nsubj,explicit_ref_case,
496,222,one-to-one,dn_263,ygc_248,MISSING,Giorgio,MISSING,PRON,MISSING,obj,leftover_target,
497,222,one-to-one,dn_263,ygc_248,MISSING,Giorgio,MISSING,PRON,MISSING,obj,leftover_target,
498,222,one-to-one,dn_263,ygc_248,MISSING,Giorgio,MISSING,NULL,MISSING,nsubj,leftover_target,
499,223,one-to-many,dn_264,ygc_247 ygc_249,Giorgio,Giorgio,PRON,PRON,obj,nmod,explicit_ref_pos,
500,223,one-to-many,dn_264,ygc_247 ygc_249,Ippolita,Ippolita,PRON,PRON,obj,obj,explicit_full,
501,223,one-to-many,dn_264,ygc_247 ygc_249,Ippolitas-brother-in-laws-friends,Ippolitas-brother-in-laws-friends,NULL,NULL,nsubj,nsubj,zero_zero_semantic,0.2098634110109226
502,223,one-to-many,dn_264,ygc_247 ygc_249,MISSING,Ippolitas-brother-in-laws-friends,MISSING,NOUN,MISSING,nsubj,leftover_target,
503,223,one-to-many,dn_264,ygc_247 ygc_249,MISSING,Ippolitas-brother-in-laws-friends,MISSING,NULL,MISSING,nsubj,leftover_target,
504,224,one-to-one,dn_265,ygc_250,Giorgio,Giorgio,PRON,NULL,nsubj,nsubj,zero_to_src_anchor,
505,224,one-to-one,dn_265,ygc_250,Ippolita,Ippolita,PRON,PRON,obj,obj,explicit_full,
506,224,one-to-one,dn_265,ygc_250,Ippolita,MISSING,PRON,MISSING,obj,MISSING,leftover_source,
507,224,one-to-one,dn_265,ygc_250,Ippolitas-brother-in-laws-friends,Ippolitas-brother-in-laws-friends,NOUN,PRON,nsubj,nsubj,explicit_ref_case,
508,224,one-to-one,dn_265,ygc_250,MISSING,Ippolitas-brother-in-laws-friends,MISSING,NULL,MISSING,nsubj,leftover_target,
509,225,one-to-many,dn_266,ygc_251 ygc_252,Ippolita,Ippolita,PRON,PROPN,nsubj,nmod,explicit_ref_only,
510,225,one-to-many,dn_266,ygc_251 ygc_252,Ippolita,MISSING,NULL,MISSING,nsubj,MISSING,leftover_source,
511,226,one-to-one,dn_267,ygc_253,Ippolita,Ippolita,PRON,PRON,nsubj,obj,explicit_ref_pos,
512,226,one-to-one,dn_267,ygc_253,Ippolitas-brother-in-laws-friends,Ippolitas-brother-in-laws-friends,NOUN,NOUN,obj,nmod,explicit_ref_pos,
513,231,one-to-one,dn_272,ygc_260,Giorgio,Giorgio,PRON,PRON,obj,obj,explicit_full,
514,231,one-to-one,dn_272,ygc_260,Ippolita,Ippolita,PRON,PRON,obj,obj,explicit_full,
515,232,one-to-one,dn_273,ygc_261,Giorgio,Giorgio,DET,PRON,nmod,nmod,explicit_ref_case,
516,233,one-to-one,dn_274,ygc_262,Giorgio,Giorgio,PRON,PRON,nsubj,nsubj,explicit_full,
517,233,one-to-one,dn_274,ygc_262,Giorgio,MISSING,DET,MISSING,nmod,MISSING,leftover_source,
518,233,one-to-one,dn_274,ygc_262,MISSING,Giorgio,MISSING,NULL,MISSING,nsubj,leftover_target,
519,234,one-to-many,dn_275,ygc_263 ygc_264,Giorgio,Giorgio,PRON,PRON,nsubj,nsubj,explicit_full,
520,234,one-to-many,dn_275,ygc_263 ygc_264,Giorgio,Giorgio,PRON,PRON,nsubj,nsubj,explicit_full,
521,234,one-to-many,dn_275,ygc_263 ygc_264,Giorgio,Giorgio,NULL,NULL,nsubj,nsubj,zero_zero_single,
522,234,one-to-many,dn_275,ygc_263 ygc_264,Ippolita,Ippolita,PROPN,PROPN,obj,obj,explicit_full,
523,235,one-to-one,dn_276,ygc_265,Giorgio,Giorgio,NULL,NULL,nsubj,nsubj,zero_zero_semantic,0.5694150504256997
524,235,one-to-one,dn_276,ygc_265,Giorgio,MISSING,PRON,MISSING,nsubj,MISSING,leftover_source,
525,235,one-to-one,dn_276,ygc_265,Giorgio,MISSING,NULL,MISSING,nsubj,MISSING,leftover_source,
526,235,one-to-one,dn_276,ygc_265,Ippolita,Ippolita,PRON,PRON,obj,nsubj,explicit_ref_pos,
527,235,one-to-one,dn_276,ygc_265,Ippolita,MISSING,PRON,MISSING,obj,MISSING,leftover_source,
528,236,one-to-one,dn_277,ygc_266,Giorgio,Giorgio,PRON,PRON,nsubj,nmod,explicit_ref_pos,
529,236,one-to-one,dn_277,ygc_266,Giorgio,MISSING,PRON,MISSING,obj,MISSING,leftover_source,
530,236,one-to-one,dn_277,ygc_266,Giorgio,MISSING,NULL,MISSING,nsubj,MISSING,leftover_source,
531,237,one-to-one,dn_278,ygc_267,Giorgio,Giorgio,PRON,NULL,nsubj,nsubj,zero_to_src_anchor,
532,237,one-to-one,dn_278,ygc_267,Giorgio,MISSING,DET,MISSING,nmod,MISSING,leftover_source,
533,237,one-to-one,dn_278,ygc_267,MISSING,Giorgio,MISSING,NULL,MISSING,nsubj,leftover_target,
534,239,one-to-one,dn_280,ygc_269,MISSING,Giorgio,MISSING,PRON,MISSING,nsubj,leftover_target,
535,239,one-to-one,dn_280,ygc_269,MISSING,Giorgio,MISSING,PRON,MISSING,obj,leftover_target,
536,240,many-to-one,dn_281 dn_282,ygc_270,Giorgio,Giorgio,DET,PRON,nmod,nmod,explicit_ref_case,
537,240,many-to-one,dn_281 dn_282,ygc_270,Giorgio,Giorgio,PRON,PRON,nsubj,obj,explicit_ref_pos,
538,240,many-to-one,dn_281 dn_282,ygc_270,Giorgio,MISSING,DET,MISSING,nmod,MISSING,leftover_source,
539,240,many-to-one,dn_281 dn_282,ygc_270,Giorgio,MISSING,DET,MISSING,nmod,MISSING,leftover_source,
540,240,many-to-one,dn_281 dn_282,ygc_270,MISSING,Giorgio,MISSING,NULL,MISSING,nsubj,leftover_target,
541,240,many-to-one,dn_281 dn_282,ygc_270,Ippolita,Ippolita,PROPN,PROPN,obj,obj,explicit_full,
542,241,one-to-one,dn_283,ygc_271,Ippolita,Ippolita,PRON,PROPN,nsubj,obj,explicit_ref_only,
543,241,one-to-one,dn_283,ygc_271,MISSING,Ippolita,MISSING,NULL,MISSING,nsubj,leftover_target,
544,242,one-to-one,dn_284,ygc_272,Giorgio,Giorgio,PRON,PRON,nsubj,obj,explicit_ref_pos,
545,242,one-to-one,dn_284,ygc_272,Giorgio,Giorgio,NULL,NULL,nsubj,nsubj,zero_zero_semantic,0.21411398650576535
546,242,one-to-one,dn_284,ygc_272,Giorgio,Giorgio,PRON,NULL,nsubj,nsubj,zero_to_src_anchor,
547,242,one-to-one,dn_284,ygc_272,Giorgio,Giorgio,PRON,NULL,nsubj,nsubj,zero_to_src_anchor,
548,242,one-to-one,dn_284,ygc_272,Giorgio,MISSING,DET,MISSING,nmod,MISSING,leftover_source,
549,242,one-to-one,dn_284,ygc_272,Ippolita,Ippolita,PRON,PROPN,obj,obj,explicit_ref_case,
550,242,one-to-one,dn_284,ygc_272,Ippolita,MISSING,PRON,MISSING,obj,MISSING,leftover_source,
551,242,one-to-one,dn_284,ygc_272,Ippolita,MISSING,NOUN,MISSING,obj,MISSING,leftover_source,
552,243,one-to-many,dn_285,ygc_273 ygc_274 ygc_275,Giorgio,Giorgio,PRON,NULL,nsubj,nsubj,zero_to_src_anchor,
553,243,one-to-many,dn_285,ygc_273 ygc_274 ygc_275,Giorgio,MISSING,DET,MISSING,nmod,MISSING,leftover_source,
554,243,one-to-many,dn_285,ygc_273 ygc_274 ygc_275,Ippolita,Ippolita,NOUN,PRON,nmod,obj,explicit_ref_only,
555,244,one-to-one,dn_286,ygc_276,Giorgio,MISSING,PRON,MISSING,obj,MISSING,leftover_source,
556,244,one-to-one,dn_286,ygc_276,MISSING,Giorgio,MISSING,NULL,MISSING,nsubj,leftover_target,
557,246,one-to-one,dn_288,ygc_278,MISSING,Giorgio,MISSING,PRON,MISSING,nmod,leftover_target,
558,246,one-to-one,dn_288,ygc_278,Ippolita,Ippolita,PRON,NOUN,nsubj,nsubj,explicit_ref_case,
559,246,one-to-one,dn_288,ygc_278,Ippolita,MISSING,PRON,MISSING,nmod,MISSING,leftover_source,
560,246,one-to-one,dn_288,ygc_278,Ippolita,MISSING,NULL,MISSING,nsubj,MISSING,leftover_source,
561,246,one-to-one,dn_288,ygc_278,Ippolita,MISSING,DET,MISSING,nmod,MISSING,leftover_source,
562,247,one-to-one,dn_289,ygc_279,Giorgio,Giorgio,PRON,PRON,nsubj,nsubj,explicit_full,
563,247,one-to-one,dn_289,ygc_279,MISSING,Giorgio,MISSING,NULL,MISSING,nsubj,leftover_target,
564,247,one-to-one,dn_289,ygc_279,MISSING,Giorgio,MISSING,NULL,MISSING,nsubj,leftover_target,
565,248,one-to-one,dn_290,ygc_282,Giorgio,MISSING,PRON,MISSING,obj,MISSING,leftover_source,
566,248,one-to-one,dn_290,ygc_282,Ippolita,Ippolita,PROPN,PROPN,nsubj,nsubj,explicit_full,
567,249,one-to-one,dn_291,ygc_280,Giorgio,Giorgio,NULL,NULL,nsubj,nsubj,zero_zero_single,
568,250,one-to-one,dn_292,ygc_281,Giorgio,Giorgio,NULL,NULL,nsubj,nsubj,zero_zero_single,
569,251,one-to-one,dn_293,ygc_284,Giorgio,Giorgio,PRON,PRON,nsubj,nsubj,explicit_full,
570,252,one-to-one,dn_294,ygc_283,Ippolita,Ippolita,PRON,PRON,obj,obj,explicit_full,
571,255,many-to-one,dn_297 dn_298,ygc_287,MISSING,Giorgio,MISSING,NOUN,MISSING,obj,leftover_target,
572,255,many-to-one,dn_297 dn_298,ygc_287,Ippolita,Ippolita,PROPN,PRON,nsubj,nsubj,explicit_ref_case,
573,255,many-to-one,dn_297 dn_298,ygc_287,Ippolita,Ippolita,NULL,NULL,nsubj,nsubj,zero_zero_single,
574,256,one-to-one,dn_299,ygc_288,Giorgio,MISSING,NULL,MISSING,nsubj,MISSING,leftover_source,
575,256,one-to-one,dn_299,ygc_288,Giorgio Ippolita,Giorgio Ippolita,NULL,NULL,nsubj,nsubj,zero_zero_single,
576,257,one-to-one,dn_301,ygc_289,Giorgio Ippolita,Giorgio Ippolita,NULL,NULL,nsubj,nsubj,zero_zero_single,
577,258,many-to-one,dn_302 dn_303,ygc_290,Giorgio Ippolita,Giorgio Ippolita,NULL,NULL,nsubj,nsubj,zero_zero_semantic,0.3763631743969475
578,258,many-to-one,dn_302 dn_303,ygc_290,Giorgio Ippolita,Giorgio Ippolita,NULL,NOUN,nsubj,nsubj,zero_to_tgt_anchor,
579,258,many-to-one,dn_302 dn_303,ygc_290,Giorgio Ippolita,MISSING,PRON-REFLEX,MISSING,obj,MISSING,leftover_source,
580,258,many-to-one,dn_302 dn_303,ygc_290,Giorgio Ippolita,MISSING,PRON-REFLEX,MISSING,obj,MISSING,leftover_source,
581,258,many-to-one,dn_302 dn_303,ygc_290,Giorgio Ippolita,MISSING,NULL,MISSING,nsubj,MISSING,leftover_source,
582,259,one-to-one,dn_304,ygc_292,Ippolita,Ippolita,PROPN,PROPN,nsubj,nsubj,explicit_full,
583,260,one-to-many,dn_305,ygc_291 ygc_293,Giorgio,Giorgio,NOUN,PRON,vocative,vocative,explicit_ref_case,
584,260,one-to-many,dn_305,ygc_291 ygc_293,Ippolita,MISSING,DET,MISSING,nmod,MISSING,leftover_source,
585,261,one-to-one,dn_306,ygc_294,Ippolita,Ippolita,NULL,NULL,nsubj,nsubj,zero_zero_semantic,0.5135303777598199
586,261,one-to-one,dn_306,ygc_294,Ippolita,MISSING,PRON-REFLEX,MISSING,obj,MISSING,leftover_source,
587,261,one-to-one,dn_306,ygc_294,MISSING,Ippolita,MISSING,PRON,MISSING,nsubj,leftover_target,
588,261,one-to-one,dn_306,ygc_294,MISSING,Ippolita,MISSING,NULL,MISSING,nsubj,leftover_target,
589,261,one-to-one,dn_306,ygc_294,MISSING,Ippolita,MISSING,NULL,MISSING,nsubj,leftover_target,
590,265,one-to-one,dn_310,ygc_298,Giorgio,Giorgio,NULL,PRON,nsubj,nsubj,zero_to_tgt_anchor,
591,266,one-to-one,dn_311,ygc_300,Ippolita,Ippolita,PRON,PRON,nsubj,nsubj,explicit_full,
592,267,one-to-one,dn_312,ygc_299,Giorgio,Giorgio,NULL,NULL,nsubj,nsubj,zero_zero_single,
593,268,one-to-one,dn_313,ygc_302,Giorgio,Giorgio,PRON,PRON,nsubj,nsubj,explicit_full,
594,269,one-to-one,dn_314,ygc_301,Giorgio,MISSING,PRON,MISSING,nsubj,MISSING,leftover_source,
595,269,one-to-one,dn_314,ygc_301,Giorgio,MISSING,NULL,MISSING,nsubj,MISSING,leftover_source,
596,270,one-to-one,dn_315,ygc_303,Giorgio,MISSING,PRON,MISSING,obj,MISSING,leftover_source,
597,270,one-to-one,dn_315,ygc_303,Giorgio Ippolita,Giorgio Ippolita,PRON,NOUN,obj,nsubj,explicit_ref_only,
598,270,one-to-one,dn_315,ygc_303,Giorgio Ippolita,MISSING,NULL,MISSING,nsubj,MISSING,leftover_source,
599,270,one-to-one,dn_315,ygc_303,Giorgio Ippolita,MISSING,NULL,MISSING,nsubj,MISSING,leftover_source,
600,270,one-to-one,dn_315,ygc_303,Ippolita,MISSING,PRON,MISSING,obj,MISSING,leftover_source,
601,271,one-to-one,dn_316,ygc_304,Giorgio Ippolita,Giorgio Ippolita,PRON,NULL,nsubj,nsubj,zero_to_src_anchor,
602,271,one-to-one,dn_316,ygc_304,Giorgio Ippolita,MISSING,DET,MISSING,nmod,MISSING,leftover_source,
603,271,one-to-one,dn_316,ygc_304,MISSING,Giorgio Ippolita,MISSING,NULL,MISSING,nsubj,leftover_target,
604,272,one-to-one,dn_317,ygc_305,Giorgio,MISSING,PRON,MISSING,nsubj,MISSING,leftover_source,
605,272,one-to-one,dn_317,ygc_305,Giorgio,MISSING,PRON,MISSING,obj,MISSING,leftover_source,
606,272,one-to-one,dn_317,ygc_305,MISSING,Giorgio Ippolita,MISSING,NULL,MISSING,nsubj,leftover_target,
607,272,one-to-one,dn_317,ygc_305,Ippolita,MISSING,NULL,MISSING,nsubj,MISSING,leftover_source,
608,273,one-to-one,dn_318,ygc_306,Ippolita,Ippolita,PROPN,PROPN,nsubj,nsubj,explicit_full,
609,274,one-to-one,dn_319,ygc_308,Giorgio,Giorgio,NOUN,PROPN,nsubj,nsubj,explicit_ref_case,
610,274,one-to-one,dn_319,ygc_308,Giorgio,MISSING,PRON-REFLEX,MISSING,obj,MISSING,leftover_source,
611,274,one-to-one,dn_319,ygc_308,Giorgio,MISSING,PRON-REFLEX,MISSING,obj,MISSING,leftover_source,
612,274,one-to-one,dn_319,ygc_308,MISSING,Giorgio,MISSING,NULL,MISSING,nsubj,leftover_target,
613,276,one-to-one,dn_321,ygc_309,Giorgio,Giorgio,PRON,PRON,obj,nmod,explicit_ref_pos,
614,277,one-to-one,dn_322,ygc_310,Giorgio,Giorgio,PRON,PRON,nsubj,nsubj,explicit_full,
615,277,one-to-one,dn_322,ygc_310,Giorgio,MISSING,NULL,MISSING,nsubj,MISSING,leftover_source,
616,277,one-to-one,dn_322,ygc_310,Giorgio,MISSING,NULL,MISSING,nsubj,MISSING,leftover_source,
617,277,one-to-one,dn_322,ygc_310,Ippolita,Ippolita,PRON,NOUN,obj,obj,explicit_ref_case,
618,278,one-to-one,dn_323,ygc_311,Giorgio,Giorgio,PRON,PRON,nsubj,nsubj,explicit_full,
619,278,one-to-one,dn_323,ygc_311,Giorgio,MISSING,NULL,MISSING,nsubj,MISSING,leftover_source,
620,279,one-to-one,dn_324,ygc_312,Giorgio,Giorgio,PRON,PRON,obj,nsubj,explicit_ref_pos,
621,279,one-to-one,dn_324,ygc_312,Giorgio,MISSING,NULL,MISSING,nsubj,MISSING,leftover_source,
622,280,one-to-one,dn_325,ygc_313,Giorgio,MISSING,PRON,MISSING,nsubj,MISSING,leftover_source,
623,280,one-to-one,dn_325,ygc_313,Giorgio,MISSING,NULL,MISSING,nsubj,MISSING,leftover_source,
624,280,one-to-one,dn_325,ygc_313,Ippolita,Ippolita,PRON,NOUN,obj,nsubj,explicit_ref_only,
625,281,one-to-one,dn_326,ygc_314,Giorgio,Giorgio,PRON,PRON,obj,nsubj,explicit_ref_pos,
626,281,one-to-one,dn_326,ygc_314,Giorgio,MISSING,NULL,MISSING,nsubj,MISSING,leftover_source,
627,281,one-to-one,dn_326,ygc_314,MISSING,Giorgio,MISSING,PRON,MISSING,nmod,leftover_target,
628,282,one-to-one,dn_327,ygc_315,Giorgio,Giorgio,PRON,PRON,obj,nmod,explicit_ref_pos,
629,283,one-to-one,dn_328,ygc_316,Giorgio,Giorgio,PROPN,PROPN,vocative,vocative,explicit_full,
630,284,one-to-one,dn_329,ygc_317,Giorgio,Giorgio,PRON,NOUN,obj,nmod,explicit_ref_only,
631,284,one-to-one,dn_329,ygc_317,Ippolita,Ippolita,PROPN,PROPN,nsubj,nsubj,explicit_full,
632,284,one-to-one,dn_329,ygc_317,MISSING,Ippolita,MISSING,NULL,MISSING,nsubj,leftover_target,
633,284,one-to-one,dn_329,ygc_317,MISSING,Ippolita,MISSING,NULL,MISSING,nsubj,leftover_target,
634,285,one-to-one,dn_330,ygc_318,Giorgio,Giorgio,PRON,PRON,nsubj,nsubj,explicit_full,
635,286,one-to-one,dn_331,ygc_319,Giorgio,MISSING,NULL,MISSING,nsubj,MISSING,leftover_source,
636,286,one-to-one,dn_331,ygc_319,Giorgio,MISSING,NULL,MISSING,nsubj,MISSING,leftover_source,
637,286,one-to-one,dn_331,ygc_319,Giorgio Ippolita,Giorgio Ippolita,NULL,NULL,nsubj,nsubj,zero_zero_semantic,0.2580125085461191
638,286,one-to-one,dn_331,ygc_319,Giorgio Ippolita,MISSING,PRON-REFLEX,MISSING,obj,MISSING,leftover_source,
639,286,one-to-one,dn_331,ygc_319,MISSING,Giorgio Ippolita,MISSING,NULL,MISSING,nsubj,leftover_target,
640,286,one-to-one,dn_331,ygc_319,suicidal-man,suicidal-man,NOUN,NOUN,nmod,nmod,explicit_full,
641,287,one-to-many,dn_332,ygc_320 ygc_321,MISSING,Giorgio,MISSING,PRON,MISSING,nsubj,leftover_target,
642,287,one-to-many,dn_332,ygc_320 ygc_321,Ippolita,Ippolita,NULL,NULL,nsubj,nsubj,zero_zero_single,
643,288,one-to-one,dn_333,ygc_323,Giorgio,Giorgio,PRON,NOUN,obj,nmod,explicit_ref_only,
644,288,one-to-one,dn_333,ygc_323,Ippolita,Ippolita,PRON,PRON,nsubj,nsubj,explicit_full,
645,288,one-to-one,dn_333,ygc_323,MISSING,Ippolita,MISSING,NULL,MISSING,nsubj,leftover_target,
646,290,one-to-one,dn_335,ygc_324,Giorgio,Giorgio,PRON,PRON,nsubj,nsubj,explicit_full,
647,290,one-to-one,dn_335,ygc_324,Giorgio,Giorgio,NULL,NULL,nsubj,nsubj,zero_zero_semantic,0.5504662523667018
648,290,one-to-one,dn_335,ygc_324,Giorgio,MISSING,PRON-REFLEX,MISSING,obj,MISSING,leftover_source,
649,290,one-to-one,dn_335,ygc_324,Giorgio,MISSING,PRON-REFLEX,MISSING,obj,MISSING,leftover_source,
650,290,one-to-one,dn_335,ygc_324,Giorgio,MISSING,PRON-REFLEX,MISSING,obj,MISSING,leftover_source,
651,290,one-to-one,dn_335,ygc_324,Giorgio,MISSING,NULL,MISSING,nsubj,MISSING,leftover_source,
652,290,one-to-one,dn_335,ygc_324,Ippolita,Ippolita,PRON,DET,obj,nmod,explicit_ref_only,
653,291,one-to-one,dn_336,ygc_325,Giorgio,MISSING,PRON,MISSING,nsubj,MISSING,leftover_source,
654,291,one-to-one,dn_336,ygc_325,Giorgio,MISSING,NULL,MISSING,nsubj,MISSING,leftover_source,
655,292,many-to-one,dn_337 dn_338,ygc_326,suicidal-man,suicidal-man,NOUN,NOUN,nmod,nmod,explicit_full,
656,292,many-to-one,dn_337 dn_338,ygc_326,suicidal-man,suicidal-man,NOUN,NOUN,obj,nmod,explicit_ref_pos,
657,293,one-to-one,dn_339,ygc_327,suicidal-man,suicidal-man,PRON,PRON,nsubj,nsubj,explicit_full,
658,294,one-to-one,dn_340,ygc_328,suicidal-man,suicidal-man,NULL,NULL,nsubj,nsubj,zero_zero_single,
659,294,one-to-one,dn_340,ygc_328,suicidal-man,MISSING,PRON-REFLEX,MISSING,obj,MISSING,leftover_source,
660,295,one-to-one,dn_341,ygc_329,Giorgio,Giorgio,PRON,PRON,obj,nsubj,explicit_ref_pos,
661,295,one-to-one,dn_341,ygc_329,Giorgio,MISSING,NULL,MISSING,nsubj,MISSING,leftover_source,
662,295,one-to-one,dn_341,ygc_329,MISSING,suicidal-man,MISSING,NOUN,MISSING,nsubj,leftover_target,
663,296,one-to-one,dn_342,ygc_330,Giorgio,Giorgio,PRON,PRON,obj,nmod,explicit_ref_pos,
664,297,one-to-one,dn_343,ygc_331,Demetrio,Demetrio,PROPN,PROPN,obj,nmod,explicit_ref_pos,
665,297,one-to-one,dn_343,ygc_331,MISSING,Demetrio,MISSING,NOUN,MISSING,nmod,leftover_target,
666,297,one-to-one,dn_343,ygc_331,Giorgio,Giorgio,DET,PRON,nmod,nsubj,explicit_ref_only,
667,297,one-to-one,dn_343,ygc_331,Giorgio,MISSING,NULL,MISSING,nsubj,MISSING,leftover_source,
668,297,one-to-one,dn_343,ygc_331,Giorgio,MISSING,DET,MISSING,nmod,MISSING,leftover_source,
669,297,one-to-one,dn_343,ygc_331,Giorgios-father,Giorgios-father,NOUN,NOUN,nmod,nmod,explicit_full,
670,299,one-to-one,dn_345,ygc_333,Giorgio,MISSING,PRON,MISSING,nsubj,MISSING,leftover_source,
671,299,one-to-one,dn_345,ygc_333,Giorgio,MISSING,PRON-REFLEX,MISSING,obj,MISSING,leftover_source,
672,300,one-to-one,dn_346,ygc_334,MISSING,Giorgio,MISSING,NULL,MISSING,nsubj,leftover_target,
673,300,one-to-one,dn_346,ygc_334,MISSING,Giorgio,MISSING,NULL,MISSING,nsubj,leftover_target,
674,302,one-to-one,dn_348,ygc_336,Giorgio,Giorgio,NULL,PRON,nsubj,nsubj,zero_to_tgt_anchor,
675,302,one-to-one,dn_348,ygc_336,Giorgio,MISSING,NULL,MISSING,nsubj,MISSING,leftover_source,
676,303,one-to-one,dn_349,ygc_337,Giorgio,Giorgio,NULL,NULL,nsubj,nsubj,zero_zero_single,
677,303,one-to-one,dn_349,ygc_337,MISSING,Giorgio,MISSING,PRON,MISSING,nmod,leftover_target,
678,304,one-to-one,dn_352,ygc_338,Giorgio,MISSING,PRON,MISSING,obj,MISSING,leftover_source,
679,305,one-to-many,dn_353,ygc_339 ygc_340,Giorgio,Giorgio,PRON,PRON,obj,obj,explicit_full,
680,305,one-to-many,dn_353,ygc_339 ygc_340,Giorgio,Giorgio,PRON,PRON,obj,obj,explicit_full,
681,305,one-to-many,dn_353,ygc_339 ygc_340,Giorgio,Giorgio,NULL,NULL,nsubj,nsubj,zero_zero_semantic,0.4530576653778553
682,305,one-to-many,dn_353,ygc_339 ygc_340,Giorgio,MISSING,PRON-REFLEX,MISSING,obj,MISSING,leftover_source,
683,305,one-to-many,dn_353,ygc_339 ygc_340,Giorgio,MISSING,NULL,MISSING,nsubj,MISSING,leftover_source,
684,305,one-to-many,dn_353,ygc_339 ygc_340,Ippolita,Ippolita,PROPN,DET,nmod,nmod,explicit_ref_case,
685,305,one-to-many,dn_353,ygc_339 ygc_340,MISSING,Ippolita,MISSING,PROPN,MISSING,nsubj,leftover_target,
686,305,one-to-many,dn_353,ygc_339 ygc_340,MISSING,Ippolita,MISSING,NULL,MISSING,nsubj,leftover_target,
687,306,many-to-one,dn_354 dn_355 dn_356,ygc_341,Giorgio,Giorgio,DET,PRON,nmod,nmod,explicit_ref_case,
688,306,many-to-one,dn_354 dn_355 dn_356,ygc_341,Giorgio,Giorgio,PRON,PROPN,obj,nsubj,explicit_ref_only,
689,306,many-to-one,dn_354 dn_355 dn_356,ygc_341,Giorgio,Giorgio,NULL,NULL,nsubj,nsubj,zero_zero_semantic,0.31262482125406565
690,306,many-to-one,dn_354 dn_355 dn_356,ygc_341,Giorgio,MISSING,PRON-REFLEX,MISSING,obj,MISSING,leftover_source,
691,306,many-to-one,dn_354 dn_355 dn_356,ygc_341,Giorgio,MISSING,NULL,MISSING,nsubj,MISSING,leftover_source,
692,306,many-to-one,dn_354 dn_355 dn_356,ygc_341,Giorgio,MISSING,PRON,MISSING,obj,MISSING,leftover_source,
693,306,many-to-one,dn_354 dn_355 dn_356,ygc_341,Giorgio Ippolita,MISSING,PRON,MISSING,nsubj,MISSING,leftover_source,
694,306,many-to-one,dn_354 dn_355 dn_356,ygc_341,Giorgio Ippolita,MISSING,PRON-REFLEX,MISSING,obj,MISSING,leftover_source,
695,306,many-to-one,dn_354 dn_355 dn_356,ygc_341,Giorgio Ippolita,MISSING,PRON-REFLEX,MISSING,obj,MISSING,leftover_source,
696,306,many-to-one,dn_354 dn_355 dn_356,ygc_341,Ippolita,Ippolita,PRON,PRON,obj,obj,explicit_full,
697,306,many-to-one,dn_354 dn_355 dn_356,ygc_341,Ippolita,Ippolita,PRON,PRON,nsubj,nsubj,explicit_full,
698,306,many-to-one,dn_354 dn_355 dn_356,ygc_341,Ippolita,Ippolita,PRON,NOUN,nmod,obj,explicit_ref_only,
699,306,many-to-one,dn_354 dn_355 dn_356,ygc_341,Ippolita,MISSING,PRON-REFLEX,MISSING,obj,MISSING,leftover_source,
700,307,one-to-one,dn_357,ygc_342,guardians,MISSING,NULL,MISSING,nsubj,MISSING,leftover_source,
701,308,one-to-one,dn_358,ygc_343,guardians,guardians,NULL,NULL,nsubj,nsubj,zero_zero_single,
702,309,one-to-one,dn_359,ygc_344,guardians,guardians,NOUN,NOUN,nmod,nsubj,explicit_ref_pos,
703,309,one-to-one,dn_359,ygc_344,MISSING,guardians,MISSING,NULL,MISSING,nsubj,leftover_target,
704,310,one-to-one,dn_360,ygc_345,guardians,MISSING,NULL,MISSING,nsubj,MISSING,leftover_source,
705,311,one-to-many,dn_361,ygc_346 ygc_347,Giorgio Ippolita,Giorgio Ippolita,NOUN,NOUN,obj,obj,explicit_full,
706,311,one-to-many,dn_361,ygc_346 ygc_347,MISSING,Giorgio Ippolita,MISSING,NOUN,MISSING,nmod,leftover_target,
707,311,one-to-many,dn_361,ygc_346 ygc_347,guardians,guardians,NOUN,NOUN,obj,nsubj,explicit_ref_pos,
708,312,one-to-one,dn_362,ygc_348,Giorgio Ippolita,Giorgio Ippolita,NULL,NULL,nsubj,nsubj,zero_zero_semantic,0.49986357331748993
709,312,one-to-one,dn_362,ygc_348,Giorgio Ippolita,MISSING,PRON-REFLEX,MISSING,obj,MISSING,leftover_source,
710,312,one-to-one,dn_362,ygc_348,Giorgio Ippolita,MISSING,NULL,MISSING,nsubj,MISSING,leftover_source,
711,312,one-to-one,dn_362,ygc_348,Giorgio Ippolita,MISSING,NOUN,MISSING,nsubj,MISSING,leftover_source,
712,312,one-to-one,dn_362,ygc_348,MISSING,guardians,MISSING,DET,MISSING,nmod,leftover_target,
713,313,one-to-one,dn_363,ygc_349,MISSING,guardians,MISSING,DET,MISSING,nmod,leftover_target,
714,314,one-to-one,dn_364,ygc_350,guardians,guardians,NULL,NULL,nsubj,nsubj,zero_zero_single,
715,316,one-to-one,dn_366,ygc_352,Ippolita,Ippolita,PROPN,PROPN,nsubj,nsubj,explicit_full,
716,316,one-to-one,dn_366,ygc_352,MISSING,Ippolita,MISSING,NULL,MISSING,nsubj,leftover_target,
717,320,one-to-one,dn_371,ygc_356,Giorgio,MISSING,PRON,MISSING,obj,MISSING,leftover_source,
718,320,one-to-one,dn_371,ygc_356,Ippolita,Ippolita,PRON,NULL,nsubj,nsubj,zero_to_src_anchor,
719,321,one-to-one,dn_372,ygc_357,Giorgio,Giorgio,PROPN,PROPN,nsubj,nsubj,explicit_full,
720,322,one-to-one,dn_373,ygc_358,Ippolita,Ippolita,NULL,NULL,nsubj,nsubj,zero_zero_single,
721,323,one-to-one,dn_374,ygc_359,Ippolita,MISSING,NULL,MISSING,nsubj,MISSING,leftover_source,
722,324,one-to-one,dn_375,ygc_360,Ippolita,MISSING,NULL,MISSING,nsubj,MISSING,leftover_source,
723,325,one-to-one,dn_376,ygc_361,Giorgio,Giorgio,PRON,NULL,nsubj,nsubj,zero_to_src_anchor,
724,325,one-to-one,dn_376,ygc_361,Ippolita,Ippolita,PRON,NULL,nsubj,nsubj,zero_to_src_anchor,
725,326,one-to-one,dn_377,ygc_362,Ippolita,Ippolita,NULL,NULL,nsubj,nsubj,zero_zero_single,
726,327,one-to-one,dn_378,ygc_363,Giorgio Ippolita,Giorgio Ippolita,NULL,NULL,nsubj,nsubj,zero_zero_semantic,0.2686125340515917
727,327,one-to-one,dn_378,ygc_363,Giorgio Ippolita,Giorgio Ippolita,NULL,NULL,nsubj,nsubj,zero_zero_semantic,0.23973930334503002
728,327,one-to-one,dn_378,ygc_363,Giorgio Ippolita,Giorgio Ippolita,PRON-REFLEX,NOUN,obj,obj,reflex_obj,
729,327,one-to-one,dn_378,ygc_363,Giorgio Ippolita,MISSING,PRON-REFLEX,MISSING,obj,MISSING,leftover_source,
730,327,one-to-one,dn_378,ygc_363,MISSING,Giorgio Ippolita,MISSING,NULL,MISSING,nsubj,leftover_target,
731,328,one-to-one,dn_379,ygc_365,Giorgio,Giorgio,PRON,PROPN,nsubj,nsubj,explicit_ref_case,
732,329,one-to-one,dn_380,ygc_364,Giorgio,MISSING,PRON,MISSING,obj,MISSING,leftover_source,
733,329,one-to-one,dn_380,ygc_364,Ippolita,Ippolita,NULL,PRON,nsubj,nsubj,zero_to_tgt_anchor,
734,330,one-to-one,dn_381,ygc_366,Giorgio Ippolita,Giorgio Ippolita,PRON,NOUN,obj,nmod,explicit_ref_only,
735,330,one-to-one,dn_381,ygc_366,Giorgio Ippolita,MISSING,NULL,MISSING,nsubj,MISSING,leftover_source,
736,331,one-to-one,dn_382,ygc_368,Giorgio,Giorgio,PRON,PRON,nsubj,nsubj,explicit_full,
737,333,one-to-one,dn_384,ygc_370,Ippolita,Ippolita,PRON,NOUN,nsubj,nsubj,explicit_ref_case,
738,335,one-to-one,dn_386,ygc_371,Giorgio,Giorgio,NULL,NULL,nsubj,nsubj,zero_zero_single,
739,335,one-to-one,dn_386,ygc_371,Ippolita,Ippolita,PRON,PRON,obj,nsubj,explicit_ref_pos,
740,335,one-to-one,dn_386,ygc_371,MISSING,Ippolita,MISSING,PRON,MISSING,nmod,leftover_target,
741,337,many-to-one,dn_388 dn_389,ygc_373,Giorgio Ippolita,Giorgio Ippolita,NULL,NOUN,nsubj,nsubj,zero_to_tgt_anchor,
742,337,many-to-one,dn_388 dn_389,ygc_373,Giorgio Ippolita,MISSING,PRON-REFLEX,MISSING,obj,MISSING,leftover_source,
743,337,many-to-one,dn_388 dn_389,ygc_373,Giorgio Ippolita,MISSING,NULL,MISSING,nsubj,MISSING,leftover_source,
744,338,one-to-one,dn_390,ygc_374,Ippolita,Ippolita,PRON,NOUN,nsubj,nsubj,explicit_ref_case,
745,339,one-to-one,dn_391,ygc_375,Giorgio,Giorgio,PRON,NULL,nsubj,nsubj,zero_to_src_anchor,
746,339,one-to-one,dn_391,ygc_375,Ippolita,Ippolita,PRON,NOUN,obj,obj,explicit_ref_case,
747,339,one-to-one,dn_391,ygc_375,Ippolita,MISSING,PRON-REFLEX,MISSING,obj,MISSING,leftover_source,
748,339,one-to-one,dn_391,ygc_375,MISSING,Ippolita,MISSING,NULL,MISSING,nsubj,leftover_target,
749,340,one-to-many,dn_392,ygc_376 ygc_378,Giorgio,Giorgio,PRON,PRON,obj,obj,explicit_full,
750,340,one-to-many,dn_392,ygc_376 ygc_378,Ippolita,Ippolita,PRON,NULL,nsubj,nsubj,zero_to_src_anchor,
751,341,one-to-one,dn_393,ygc_379,Giorgio,Giorgio,PRON,PRON,obj,nmod,explicit_ref_pos,
752,341,one-to-one,dn_393,ygc_379,Giorgio,MISSING,NULL,MISSING,nsubj,MISSING,leftover_source,
753,341,one-to-one,dn_393,ygc_379,MISSING,Giorgio,MISSING,PRON,MISSING,nmod,leftover_target,
754,341,one-to-one,dn_393,ygc_379,Ippolita,Ippolita,PRON,NOUN,obj,obj,explicit_ref_case,
755,341,one-to-one,dn_393,ygc_379,Ippolita,Ippolita,NULL,NULL,nsubj,nsubj,zero_zero_semantic,0.12480089565118153
756,341,one-to-one,dn_393,ygc_379,Ippolita,Ippolita,NULL,NULL,nsubj,nsubj,zero_zero_semantic,0.3850063686972266
757,341,one-to-one,dn_393,ygc_379,Ippolita,Ippolita,NULL,NULL,nsubj,nsubj,zero_zero_semantic,0.21268991830649675
758,341,one-to-one,dn_393,ygc_379,Ippolita,MISSING,NULL,MISSING,nsubj,MISSING,leftover_source,
759,341,one-to-one,dn_393,ygc_379,Ippolita,MISSING,PRON-REFLEX,MISSING,obj,MISSING,leftover_source,
760,341,one-to-one,dn_393,ygc_379,Ippolita,MISSING,NOUN,MISSING,pred,MISSING,leftover_source,
761,341,one-to-one,dn_393,ygc_379,Ippolita,MISSING,NOUN,MISSING,pred,MISSING,leftover_source,
762,342,one-to-one,dn_394,ygc_380,Giorgio,Giorgio,PRON,NULL,nsubj,nsubj,zero_to_src_anchor,
763,342,one-to-one,dn_394,ygc_380,Ippolita,Ippolita,PRON,PRON,obj,obj,explicit_full,
764,343,one-to-one,dn_395,ygc_381,Ippolita,Ippolita,PRON,PRON,obj,obj,explicit_full,
765,343,one-to-one,dn_395,ygc_381,Ippolita,MISSING,PRON,MISSING,obj,MISSING,leftover_source,
766,343,one-to-one,dn_395,ygc_381,Ippolita,MISSING,PRON,MISSING,obj,MISSING,leftover_source,
767,344,many-to-one,dn_396 dn_397,ygc_382,Giorgio,Giorgio,PRON,PRON,obj,nmod,explicit_ref_pos,
768,344,many-to-one,dn_396 dn_397,ygc_382,Giorgio,MISSING,PRON,MISSING,obj,MISSING,leftover_source,
769,345,one-to-one,dn_398,ygc_383,Giorgio Ippolita,Giorgio Ippolita,PRON,PRON,nsubj,nsubj,explicit_full,
770,345,one-to-one,dn_398,ygc_383,Giorgio Ippolita,Giorgio Ippolita,DET,PRON,nmod,nmod,explicit_ref_case,
771,345,one-to-one,dn_398,ygc_383,Giorgio Ippolita,MISSING,DET,MISSING,nmod,MISSING,leftover_source,
772,345,one-to-one,dn_398,ygc_383,Giorgio Ippolita,MISSING,PRON,MISSING,obj,MISSING,leftover_source,
773,346,one-to-one,dn_399,ygc_384,Giorgio,Giorgio,PROPN,PROPN,nsubj,nsubj,explicit_full,
774,346,one-to-one,dn_399,ygc_384,Giorgio,Giorgio,PRON,PRON,obj,obj,explicit_full,
775,346,one-to-one,dn_399,ygc_384,butler,butler,NOUN,NOUN,nsubj,nsubj,explicit_full,
776,347,one-to-one,dn_400,ygc_386,Giorgio,Giorgio,PRON,NULL,nsubj,nsubj,zero_to_src_anchor,
777,347,one-to-one,dn_400,ygc_386,Giorgio,MISSING,PRON-REFLEX,MISSING,obj,MISSING,leftover_source,
778,347,one-to-one,dn_400,ygc_386,MISSING,Giorgio,MISSING,NULL,MISSING,nsubj,leftover_target,
779,348,one-to-one,dn_401,ygc_385,Giorgio,Giorgio,NULL,NULL,nsubj,nsubj,zero_zero_single,
780,349,one-to-one,dn_402,ygc_387,Giorgio,MISSING,PRON,MISSING,obj,MISSING,leftover_source,
781,349,one-to-one,dn_402,ygc_387,butler,butler,NULL,NULL,nsubj,nsubj,zero_zero_single,
782,350,one-to-one,dn_403,ygc_388,AlfonsoExili,AlfonsoExili,NOUN,NOUN,nmod,nmod,explicit_full,
783,350,one-to-one,dn_403,ygc_388,Giorgio,MISSING,NULL,MISSING,nsubj,MISSING,leftover_source,
784,351,many-to-one,dn_404 dn_405,ygc_389,AlfonsoExili,AlfonsoExili,NULL,NULL,nsubj,nsubj,zero_zero_semantic,0.27288597432466655
785,351,many-to-one,dn_404 dn_405,ygc_389,AlfonsoExili,MISSING,NULL,MISSING,nsubj,MISSING,leftover_source,
786,351,many-to-one,dn_404 dn_405,ygc_389,Giorgio,Giorgio,PROPN,PROPN,vocative,vocative,explicit_full,
787,351,many-to-one,dn_404 dn_405,ygc_389,Giorgio,MISSING,NULL,MISSING,nsubj,MISSING,leftover_source,
788,351,many-to-one,dn_404 dn_405,ygc_389,Giorgio,MISSING,PRON,MISSING,obj,MISSING,leftover_source,
789,352,one-to-one,dn_406,ygc_390,AlfonsoExili,AlfonsoExili,PROPN,PROPN,nmod,nmod,explicit_full,
790,352,one-to-one,dn_406,ygc_390,Giorgio,Giorgio,NULL,NULL,nsubj,nsubj,zero_zero_semantic,0.5392902905450148
791,352,one-to-one,dn_406,ygc_390,Giorgio,MISSING,DET,MISSING,nmod,MISSING,leftover_source,
792,352,one-to-one,dn_406,ygc_390,MISSING,Giorgio,MISSING,NULL,MISSING,nsubj,leftover_target,
793,353,one-to-one,dn_407,ygc_391,AlfonsoExili,AlfonsoExili,PROPN,PROPN,nsubj,nsubj,explicit_full,
794,353,one-to-one,dn_407,ygc_391,AlfonsoExili,AlfonsoExili,NOUN,NOUN,pred,pred,explicit_full,
795,353,one-to-one,dn_407,ygc_391,AlfonsoExili,AlfonsoExili,NOUN,NOUN,pred,pred,explicit_full,
796,353,one-to-one,dn_407,ygc_391,AlfonsoExili,MISSING,PRON-REFLEX,MISSING,obj,MISSING,leftover_source,
797,353,one-to-one,dn_407,ygc_391,AlfonsoExili,MISSING,NOUN,MISSING,pred,MISSING,leftover_source,
798,353,one-to-one,dn_407,ygc_391,MISSING,AlfonsoExili,MISSING,NULL,MISSING,nsubj,leftover_target,
799,353,one-to-one,dn_407,ygc_391,MISSING,AlfonsoExili,MISSING,NULL,MISSING,nsubj,leftover_target,
800,353,one-to-one,dn_407,ygc_391,Giorgio,MISSING,DET,MISSING,nmod,MISSING,leftover_source,
801,354,one-to-many,dn_408,ygc_392 ygc_393,AlfonsoExili,AlfonsoExili,DET,DET,nmod,nmod,explicit_full,
802,354,one-to-many,dn_408,ygc_392 ygc_393,AlfonsoExili,AlfonsoExili,DET,PRON,nmod,nmod,explicit_ref_case,
803,354,one-to-many,dn_408,ygc_392 ygc_393,AlfonsoExili,MISSING,PRON,MISSING,nsubj,MISSING,leftover_source,
804,354,one-to-many,dn_408,ygc_392 ygc_393,AlfonsoExili,MISSING,NOUN,MISSING,pred,MISSING,leftover_source,
805,354,one-to-many,dn_408,ygc_392 ygc_393,AlfonsoExili,MISSING,NULL,MISSING,nsubj,MISSING,leftover_source,
806,354,one-to-many,dn_408,ygc_392 ygc_393,AlfonsoExili,MISSING,DET,MISSING,nmod,MISSING,leftover_source,
807,355,one-to-many,dn_409,ygc_394 ygc_396,AlfonsoExili,AlfonsoExili,NULL,NULL,nsubj,nsubj,zero_zero_semantic,0.30502677500247954
808,355,one-to-many,dn_409,ygc_394 ygc_396,AlfonsoExili,AlfonsoExili,NULL,NULL,nsubj,nsubj,zero_zero_semantic,0.35988610611242405
809,355,one-to-many,dn_409,ygc_394 ygc_396,AlfonsoExili,AlfonsoExili,NULL,NULL,nsubj,nsubj,zero_zero_semantic,0.3152835093926983
810,355,one-to-many,dn_409,ygc_394 ygc_396,AlfonsoExili,AlfonsoExili,NULL,NULL,nsubj,nsubj,zero_zero_semantic,0.40476757400426544
811,355,one-to-many,dn_409,ygc_394 ygc_396,AlfonsoExili,MISSING,PRON-REFLEX,MISSING,obj,MISSING,leftover_source,
812,355,one-to-many,dn_409,ygc_394 ygc_396,MISSING,AlfonsoExili,MISSING,PRON,MISSING,nsubj,leftover_target,
813,355,one-to-many,dn_409,ygc_394 ygc_396,butler,butler,NOUN,NOUN,nsubj,nsubj,explicit_full,
814,356,one-to-many,dn_410,ygc_395 ygc_397,AlfonsoExili,MISSING,NULL,MISSING,nsubj,MISSING,leftover_source,
815,356,one-to-many,dn_410,ygc_395 ygc_397,Giorgio,Giorgio,PROPN,PROPN,vocative,vocative,explicit_full,
816,356,one-to-many,dn_410,ygc_395 ygc_397,Giorgio,Giorgio,PRON,PRON,obj,nmod,explicit_ref_pos,
817,356,one-to-many,dn_410,ygc_395 ygc_397,MISSING,Giorgio,MISSING,NULL,MISSING,nsubj,leftover_target,
818,357,one-to-one,dn_411,ygc_398,AlfonsoExili,MISSING,NULL,MISSING,nsubj,MISSING,leftover_source,
819,358,one-to-one,dn_412,ygc_399,AlfonsoExili,MISSING,PRON,MISSING,obj,MISSING,leftover_source,
820,358,one-to-one,dn_412,ygc_399,Giorgio,Giorgio,NULL,NULL,nsubj,nsubj,zero_zero_single,
821,360,one-to-one,dn_415,ygc_401,MISSING,AlfonsoExili,MISSING,NULL,MISSING,nsubj,leftover_target,
822,360,one-to-one,dn_415,ygc_401,Giorgio,MISSING,PROPN,MISSING,vocative,MISSING,leftover_source,
823,361,one-to-one,dn_416,ygc_402,AlfonsoExili,AlfonsoExili,PRON,NULL,nsubj,nsubj,zero_to_src_anchor,
824,361,one-to-one,dn_416,ygc_402,AlfonsoExili,MISSING,DET,MISSING,nmod,MISSING,leftover_source,
825,362,one-to-many,dn_417,ygc_404 ygc_405,AlfonsoExili,AlfonsoExili,PRON,PRON,obj,obj,explicit_full,
826,362,one-to-many,dn_417,ygc_404 ygc_405,AlfonsoExili,AlfonsoExili,NOUN,NOUN,obj,obj,explicit_full,
827,362,one-to-many,dn_417,ygc_404 ygc_405,AlfonsoExili,MISSING,PRON,MISSING,obj,MISSING,leftover_source,
828,362,one-to-many,dn_417,ygc_404 ygc_405,AlfonsoExili,MISSING,PRON,MISSING,obj,MISSING,leftover_source,
829,362,one-to-many,dn_417,ygc_404 ygc_405,Giorgio,Giorgio,PROPN,PROPN,nsubj,nsubj,explicit_full,
830,362,one-to-many,dn_417,ygc_404 ygc_405,Giorgio,Giorgio,NULL,NULL,nsubj,nsubj,zero_zero_semantic,0.3009171409141116
831,362,one-to-many,dn_417,ygc_404 ygc_405,Giorgio,Giorgio,PRON,NULL,nsubj,nsubj,zero_to_src_anchor,
832,362,one-to-many,dn_417,ygc_404 ygc_405,Giorgio,MISSING,PRON-REFLEX,MISSING,obj,MISSING,leftover_source,
833,363,one-to-one,dn_418,ygc_403,AlfonsoExili,MISSING,NULL,MISSING,nsubj,MISSING,leftover_source,
834,363,one-to-one,dn_418,ygc_403,Giorgio,MISSING,PRON,MISSING,obj,MISSING,leftover_source,
835,364,one-to-one,dn_419,ygc_406,AlfonsoExili,AlfonsoExili,PROPN,PROPN,nsubj,nsubj,explicit_full,
836,365,one-to-one,dn_420,ygc_407,Giorgio,Giorgio,NULL,NULL,nsubj,nsubj,zero_zero_single,
837,366,one-to-one,dn_421,ygc_408,AlfonsoExili,AlfonsoExili,NULL,PRON,nsubj,nsubj,zero_to_tgt_anchor,
838,367,one-to-one,dn_422,ygc_409,AlfonsoExili,MISSING,PRON,MISSING,obj,MISSING,leftover_source,
839,367,one-to-one,dn_422,ygc_409,Giorgio,MISSING,NULL,MISSING,nsubj,MISSING,leftover_source,
840,368,one-to-one,dn_423,ygc_410,AlfonsoExili,AlfonsoExili,NULL,NULL,nsubj,nsubj,zero_zero_single,
841,368,one-to-one,dn_423,ygc_410,AlfonsoExili,MISSING,DET,MISSING,nmod,MISSING,leftover_source,
842,368,one-to-one,dn_423,ygc_410,Giorgio,MISSING,PRON,MISSING,obj,MISSING,leftover_source,
843,369,one-to-one,dn_424,ygc_411,Giorgio,Giorgio,PROPN,PROPN,nsubj,nsubj,explicit_full,
844,370,many-to-one,dn_425 dn_426,ygc_412,Giorgio,Giorgio,NULL,NULL,nsubj,nsubj,zero_zero_single,
845,370,many-to-one,dn_425 dn_426,ygc_412,MISSING,Giorgio,MISSING,PRON,MISSING,nsubj,leftover_target,
846,370,many-to-one,dn_425 dn_426,ygc_412,butler,butler,NOUN,NOUN,obj,obj,explicit_full,
847,370,many-to-one,dn_425 dn_426,ygc_412,butler,MISSING,NOUN,MISSING,nsubj,MISSING,leftover_source,
848,371,one-to-many,dn_427,ygc_413 ygc_415,butler,butler,NULL,NULL,nsubj,nsubj,zero_zero_single,
849,372,one-to-one,dn_428,ygc_416,butler,butler,NOUN,NOUN,nsubj,nsubj,explicit_full,
850,373,many-to-one,dn_429 dn_430,ygc_417,Giorgio,MISSING,PRON,MISSING,obj,MISSING,leftover_source,
851,373,many-to-one,dn_429 dn_430,ygc_417,butler,butler,NULL,NULL,nsubj,nsubj,zero_zero_semantic,0.16960118072373526
852,373,many-to-one,dn_429 dn_430,ygc_417,butler,butler,NULL,NULL,nsubj,nsubj,zero_zero_semantic,0.4304865578810374
853,374,one-to-one,dn_432,ygc_418,butler,butler,NULL,NULL,nsubj,nsubj,zero_zero_single,
854,375,one-to-one,dn_433,ygc_419,AlfonsoExili,AlfonsoExili,PROPN,PROPN,nsubj,nsubj,explicit_full,
855,375,one-to-one,dn_433,ygc_419,MISSING,AlfonsoExili,MISSING,NULL,MISSING,nsubj,leftover_target,
856,375,one-to-one,dn_433,ygc_419,butler,butler,NOUN,NOUN,nsubj,nsubj,explicit_full,
857,376,one-to-one,dn_434,ygc_420,AlfonsoExili,MISSING,PRON,MISSING,obj,MISSING,leftover_source,
858,376,one-to-one,dn_434,ygc_420,Giorgio,Giorgio,NULL,NULL,nsubj,nsubj,zero_zero_single,
859,377,many-to-one,dn_435 dn_436,ygc_421,AlfonsoExili,MISSING,NULL,MISSING,nsubj,MISSING,leftover_source,
860,378,one-to-many,dn_437,ygc_421 ygc_422,MISSING,AlfonsoExili,MISSING,NULL,MISSING,nsubj,leftover_target,
861,378,one-to-many,dn_437,ygc_421 ygc_422,MISSING,AlfonsoExili,MISSING,NULL,MISSING,nsubj,leftover_target,
862,379,one-to-one,dn_438,ygc_423,AlfonsoExili,AlfonsoExili,NULL,NULL,nsubj,nsubj,zero_zero_single,
863,380,one-to-one,dn_439,ygc_424,AlfonsoExili,MISSING,PRON,MISSING,obj,MISSING,leftover_source,
864,380,one-to-one,dn_439,ygc_424,Giorgio,Giorgio,PROPN,PRON,nsubj,nsubj,explicit_ref_case,
865,380,one-to-one,dn_439,ygc_424,Giorgio,Giorgio,NULL,NULL,nsubj,nsubj,zero_zero_single,
866,381,one-to-one,dn_440,ygc_425,AlfonsoExili,AlfonsoExili,PROPN,PROPN,nsubj,nsubj,explicit_full,
867,381,one-to-one,dn_440,ygc_425,MISSING,AlfonsoExili,MISSING,NULL,MISSING,nsubj,leftover_target,
868,381,one-to-one,dn_440,ygc_425,MISSING,AlfonsoExili,MISSING,NULL,MISSING,nsubj,leftover_target,
869,382,one-to-one,dn_441,ygc_426,AlfonsoExili,AlfonsoExili,NULL,NULL,nsubj,nsubj,zero_zero_semantic,0.38215409243693116
870,382,one-to-one,dn_441,ygc_426,MISSING,AlfonsoExili,MISSING,NULL,MISSING,nsubj,leftover_target,
871,383,one-to-one,dn_442,ygc_427,Giorgio,Giorgio,PRON,PRON,nsubj,nmod,explicit_ref_pos,
872,384,one-to-one,dn_443,ygc_428,AlfonsoExili,AlfonsoExili,NULL,NULL,nsubj,nsubj,zero_zero_single,
873,384,one-to-one,dn_443,ygc_428,AlfonsoExili,MISSING,PRON-REFLEX,MISSING,obj,MISSING,leftover_source,
874,385,one-to-one,dn_444,ygc_429,Giorgio,MISSING,PRON,MISSING,nsubj,MISSING,leftover_source,
875,386,one-to-one,dn_445,ygc_430,AlfonsoExili,AlfonsoExili,NULL,NULL,nsubj,nsubj,zero_zero_semantic,0.31285630000673453
876,386,one-to-one,dn_445,ygc_430,AlfonsoExili,AlfonsoExili,NULL,NULL,nsubj,nsubj,zero_zero_semantic,0.5330999933791625
877,386,one-to-one,dn_445,ygc_430,AlfonsoExili,AlfonsoExili,NULL,PRON,nsubj,nsubj,zero_to_tgt_anchor,
878,386,one-to-one,dn_445,ygc_430,AlfonsoExili,MISSING,PRON-REFLEX,MISSING,obj,MISSING,leftover_source,
879,386,one-to-one,dn_445,ygc_430,AlfonsoExili,MISSING,PRON-REFLEX,MISSING,obj,MISSING,leftover_source,
880,386,one-to-one,dn_445,ygc_430,AlfonsoExili,MISSING,PRON-REFLEX,MISSING,obj,MISSING,leftover_source,
881,386,one-to-one,dn_445,ygc_430,MISSING,AlfonsoExili,MISSING,PRON,MISSING,nmod,leftover_target,
882,387,one-to-one,dn_446,ygc_431,Giorgio,MISSING,DET,MISSING,nmod,MISSING,leftover_source,
883,387,one-to-one,dn_446,ygc_431,MISSING,Ippolita,MISSING,NOUN,MISSING,nsubj,leftover_target,
884,388,one-to-many,dn_447,ygc_433 ygc_434,Ippolita,Ippolita,NULL,NULL,nsubj,nsubj,zero_zero_single,
885,388,one-to-many,dn_447,ygc_433 ygc_434,Ippolita,MISSING,PRON,MISSING,nsubj,MISSING,leftover_source,
886,389,many-to-one,dn_448 dn_449,ygc_435,AlfonsoExili,AlfonsoExili,PROPN,PROPN,vocative,vocative,explicit_full,
887,389,many-to-one,dn_448 dn_449,ygc_435,AlfonsoExili,AlfonsoExili,NULL,NULL,nsubj,nsubj,zero_zero_single,
888,389,many-to-one,dn_448 dn_449,ygc_435,Giorgio,Giorgio,NULL,PRON,nsubj,nsubj,zero_to_tgt_anchor,
889,390,one-to-one,dn_450,ygc_436,Ippolita,Ippolita,PRON,PRON,vocative,nsubj,explicit_ref_pos,
890,391,one-to-one,dn_451,ygc_437,MISSING,Ippolita,MISSING,NOUN,MISSING,nsubj,leftover_target,
891,392,one-to-one,dn_452,ygc_438,Ippolita,MISSING,NULL,MISSING,nsubj,MISSING,leftover_source,
892,393,one-to-one,dn_453,ygc_439,AlfonsoExili,AlfonsoExili,NULL,NULL,nsubj,nsubj,zero_zero_single,
893,393,one-to-one,dn_453,ygc_439,Ippolita,MISSING,PRON,MISSING,obj,MISSING,leftover_source,
894,394,one-to-one,dn_454,ygc_440,Ippolita,Ippolita,NULL,NULL,nsubj,nsubj,zero_zero_single,
895,395,one-to-one,dn_455,ygc_441,AlfonsoExili,MISSING,PRON,MISSING,obj,MISSING,leftover_source,
896,395,one-to-one,dn_455,ygc_441,Ippolita,MISSING,NULL,MISSING,nsubj,MISSING,leftover_source,
897,395,one-to-one,dn_455,ygc_441,Ippolitas-sister,Ippolitas-sister,NOUN,NOUN,obj,nsubj,explicit_ref_pos,
898,396,one-to-one,dn_456,ygc_442,AlfonsoExili,AlfonsoExili,PRON,PRON,nsubj,nsubj,explicit_full,
899,396,one-to-one,dn_456,ygc_442,AlfonsoExili,AlfonsoExili,NULL,NULL,nsubj,nsubj,zero_zero_single,
900,396,one-to-one,dn_456,ygc_442,AlfonsoExili,AlfonsoExili,PRON-REFLEX,PRON,obj,obj,reflex_obj,
901,397,one-to-one,dn_457,ygc_443,AlfonsoExili,AlfonsoExili,NULL,NULL,nsubj,nsubj,zero_zero_semantic,0.20424524311508452
902,397,one-to-one,dn_457,ygc_443,MISSING,AlfonsoExili,MISSING,NULL,MISSING,nsubj,leftover_target,
903,398,one-to-one,dn_458,ygc_444,Ippolita,Ippolita,NULL,NULL,nsubj,nsubj,zero_zero_single,
904,398,one-to-one,dn_458,ygc_444,Ippolitas-husband,Ippolitas-husband,NOUN,NOUN,obj,obj,explicit_full,
905,399,one-to-one,dn_459,ygc_445,AlfonsoExili,MISSING,NULL,MISSING,nsubj,MISSING,leftover_source,
906,399,one-to-one,dn_459,ygc_445,Ippolita,MISSING,NULL,MISSING,nsubj,MISSING,leftover_source,
907,399,one-to-one,dn_459,ygc_445,MISSING,Ippolita,MISSING,NOUN,MISSING,nmod,leftover_target,
908,400,one-to-one,dn_460,ygc_446,Ippolita,MISSING,NULL,MISSING,nsubj,MISSING,leftover_source,
909,401,one-to-one,dn_461,ygc_447,AlfonsoExili,AlfonsoExili,NULL,NULL,nsubj,nsubj,zero_zero_single,
910,401,one-to-one,dn_461,ygc_447,Ippolita,MISSING,PRON,MISSING,obj,MISSING,leftover_source,
911,402,one-to-one,dn_462,ygc_448,Giorgio,Giorgio,DET,PRON,nmod,nmod,explicit_ref_case,
912,402,one-to-one,dn_462,ygc_448,Giorgio,Giorgio,NULL,NULL,nsubj,nsubj,zero_zero_single,
913,402,one-to-one,dn_462,ygc_448,MISSING,Monti,MISSING,NOUN,MISSING,obj,leftover_target,
914,403,one-to-one,dn_463,ygc_449,Monti,Monti,PROPN,NOUN,vocative,pred,explicit_ref_only,
915,404,many-to-one,dn_464 dn_465,ygc_450,Giorgio,Giorgio,PRON,PRON,nsubj,obj,explicit_ref_pos,
916,404,many-to-one,dn_464 dn_465,ygc_450,Monti,Monti,NOUN,NOUN,pred,pred,explicit_full,
917,404,many-to-one,dn_464 dn_465,ygc_450,Monti,MISSING,PRON,MISSING,obj,MISSING,leftover_source,
918,404,many-to-one,dn_464 dn_465,ygc_450,Monti,MISSING,NOUN,MISSING,pred,MISSING,leftover_source,
919,405,one-to-one,dn_466,ygc_451,Ippolita,Ippolita,PRON,NOUN,obj,obj,explicit_ref_case,
920,405,one-to-one,dn_466,ygc_451,Monti,Monti,NULL,NULL,nsubj,nsubj,zero_zero_single,
921,406,many-to-one,dn_467 dn_468,ygc_452,Giorgio,MISSING,PRON,MISSING,nsubj,MISSING,leftover_source,
922,407,one-to-one,dn_469,ygc_453,Monti,Monti,PROPN,PROPN,nsubj,nsubj,explicit_full,
923,408,one-to-one,dn_470,ygc_454,AlfonsoExili,MISSING,NULL,MISSING,nsubj,MISSING,leftover_source,
924,409,one-to-one,dn_471,ygc_455,AlfonsoExili,AlfonsoExili,NULL,PRON,nsubj,nsubj,zero_to_tgt_anchor,
925,410,one-to-one,dn_472,ygc_456,Giorgio,Giorgio,PROPN,PROPN,vocative,vocative,explicit_full,
926,410,one-to-one,dn_472,ygc_456,Giorgio,Giorgio,NULL,NULL,nsubj,nsubj,zero_zero_single,
927,411,one-to-many,dn_473,ygc_457 ygc_458,Giorgio,Giorgio,NULL,NULL,nsubj,nsubj,zero_zero_semantic,0.5062375287385019
928,411,one-to-many,dn_473,ygc_457 ygc_458,Giorgio,Giorgio,PROPN,NULL,nsubj,nsubj,zero_to_src_anchor,
929,412,one-to-one,dn_475,ygc_459,Giorgio,Giorgio,PROPN,PROPN,vocative,vocative,explicit_full,
930,413,one-to-one,dn_476,ygc_460,Giorgio,Giorgio,PRON,PRON,nsubj,nsubj,explicit_full,
931,413,one-to-one,dn_476,ygc_460,Giorgio,MISSING,PRON-REFLEX,MISSING,obj,MISSING,leftover_source,
932,415,one-to-one,dn_478,ygc_462,AlfonsoExili,AlfonsoExili,NULL,NULL,nsubj,nsubj,zero_zero_single,
933,416,one-to-one,dn_479,ygc_463,AlfonsoExili,AlfonsoExili,NULL,NULL,nsubj,nsubj,zero_zero_single,
934,416,one-to-one,dn_479,ygc_463,AlfonsoExili,MISSING,PRON,MISSING,obj,MISSING,leftover_source,
935,417,one-to-one,dn_480,ygc_464,AlfonsoExili,AlfonsoExili,NULL,NULL,nsubj,nsubj,zero_zero_single,
936,417,one-to-one,dn_480,ygc_464,AlfonsoExili,MISSING,PRON,MISSING,obj,MISSING,leftover_source,
937,418,one-to-one,dn_482,ygc_465,Giorgio,MISSING,NULL,MISSING,nsubj,MISSING,leftover_source,
938,420,one-to-one,dn_484,ygc_467,AlfonsoExili,AlfonsoExili,NULL,NULL,nsubj,nsubj,zero_zero_semantic,0.2354378316195946
939,420,one-to-one,dn_484,ygc_467,AlfonsoExili,AlfonsoExili,NULL,NULL,nsubj,nsubj,zero_zero_semantic,0.49984607072604337
940,420,one-to-one,dn_484,ygc_467,AlfonsoExili,AlfonsoExili,NULL,NULL,nsubj,nsubj,zero_zero_semantic,0.38742417428892456
941,420,one-to-one,dn_484,ygc_467,AlfonsoExili,MISSING,PRON-REFLEX,MISSING,obj,MISSING,leftover_source,
942,420,one-to-one,dn_484,ygc_467,MISSING,AlfonsoExili,MISSING,PRON,MISSING,nsubj,leftover_target,
943,422,one-to-one,dn_486,ygc_469,AlfonsoExili,AlfonsoExili,NULL,NULL,nsubj,nsubj,zero_zero_single,
944,422,one-to-one,dn_486,ygc_469,AlfonsoExili,MISSING,DET,MISSING,nmod,MISSING,leftover_source,
945,424,one-to-one,dn_488,ygc_472,AlfonsoExili,AlfonsoExili,NULL,PRON,nsubj,nsubj,zero_to_tgt_anchor,
946,424,one-to-one,dn_488,ygc_472,Giorgio,Giorgio,PROPN,PROPN,nsubj,nsubj,explicit_full,
947,424,one-to-one,dn_488,ygc_472,Giorgio,MISSING,DET,MISSING,nmod,MISSING,leftover_source,
948,425,one-to-one,dn_489,ygc_473,AlfonsoExili,AlfonsoExili,NOUN,NOUN,nsubj,nsubj,explicit_full,
949,425,one-to-one,dn_489,ygc_473,AlfonsoExili,MISSING,PRON-REFLEX,MISSING,obj,MISSING,leftover_source,
950,426,one-to-one,dn_490,ygc_474,Giorgio,MISSING,PRON,MISSING,nsubj,MISSING,leftover_source,
951,427,one-to-one,dn_491,ygc_475,AlfonsoExili,AlfonsoExili,NULL,NULL,nsubj,nsubj,zero_zero_single,
952,428,one-to-many,dn_492,ygc_476 ygc_477,AlfonsoExili,AlfonsoExili,NULL,PRON,nsubj,nsubj,zero_to_tgt_anchor,
953,428,one-to-many,dn_492,ygc_476 ygc_477,AlfonsoExili,AlfonsoExili,NULL,NOUN,nsubj,nsubj,zero_to_tgt_anchor,
954,428,one-to-many,dn_492,ygc_476 ygc_477,Giorgio,Giorgio,PROPN,PROPN,obj,nsubj,explicit_ref_pos,
955,430,one-to-one,dn_494,ygc_479,MISSING,Giorgio Ippolita,MISSING,NULL,MISSING,nsubj,leftover_target,
956,430,one-to-one,dn_494,ygc_479,MISSING,Giorgio Ippolita,MISSING,NULL,MISSING,nsubj,leftover_target,
957,431,one-to-one,dn_495,ygc_480,Ippolita,Ippolita,PROPN,PROPN,nsubj,nsubj,explicit_full,
958,432,one-to-one,dn_496,ygc_481,Giorgio Ippolita,Giorgio Ippolita,PRON,NOUN,nsubj,obj,explicit_ref_only,
959,432,one-to-one,dn_496,ygc_481,MISSING,Giorgio Ippolita,MISSING,NULL,MISSING,nsubj,leftover_target,
960,433,one-to-one,dn_498,ygc_482,Ippolita,Ippolita,NULL,NULL,nsubj,nsubj,zero_zero_single,
961,433,one-to-one,dn_498,ygc_482,Ippolita,MISSING,PRON-REFLEX,MISSING,obj,MISSING,leftover_source,
962,434,one-to-one,dn_497,ygc_483,Giorgio,Giorgio,PROPN,PROPN,nsubj,nsubj,explicit_full,
963,435,one-to-one,dn_499,ygc_484,Ippolita,Ippolita,NULL,NULL,nsubj,nsubj,zero_zero_single,
964,435,one-to-one,dn_499,ygc_484,Ippolita,MISSING,PRON-REFLEX,MISSING,obj,MISSING,leftover_source,
965,437,one-to-one,dn_501,ygc_486,Giorgio,Giorgio,PRON,PRON,obj,nmod,explicit_ref_pos,
966,437,one-to-one,dn_501,ygc_486,Ippolita,Ippolita,PRON,NULL,nsubj,nsubj,zero_to_src_anchor,
967,438,one-to-one,dn_502,ygc_487,Giorgio,Giorgio,PRON,PRON,obj,nmod,explicit_ref_pos,
968,438,one-to-one,dn_502,ygc_487,Ippolita,Ippolita,NULL,NULL,nsubj,nsubj,zero_zero_semantic,0.12286231087313758
969,438,one-to-one,dn_502,ygc_487,Ippolita,Ippolita,PRON,NULL,nsubj,nsubj,zero_to_src_anchor,
970,438,one-to-one,dn_502,ygc_487,Ippolita,MISSING,PRON,MISSING,obj,MISSING,leftover_source,
971,439,one-to-one,dn_503,ygc_488,Ippolita,Ippolita,NULL,NULL,nsubj,nsubj,zero_zero_single,
972,439,one-to-one,dn_503,ygc_488,MISSING,Ippolita,MISSING,PRON,MISSING,nsubj,leftover_target,
973,440,one-to-one,dn_504,ygc_489,Ippolita,Ippolita,NULL,NULL,nsubj,nsubj,zero_zero_single,
974,441,one-to-one,dn_505,ygc_490,Ippolita,Ippolita,NULL,NULL,nsubj,nsubj,zero_zero_single,
975,442,many-to-one,dn_506 dn_507 dn_508,ygc_491,Giorgio,MISSING,PRON,MISSING,nsubj,MISSING,leftover_source,
976,442,many-to-one,dn_506 dn_507 dn_508,ygc_491,Giorgio,MISSING,PRON,MISSING,obj,MISSING,leftover_source,
977,442,many-to-one,dn_506 dn_507 dn_508,ygc_491,Ippolita,Ippolita,PRON,PRON,obj,nsubj,explicit_ref_pos,
978,442,many-to-one,dn_506 dn_507 dn_508,ygc_491,Ippolita,Ippolita,NULL,NULL,nsubj,nsubj,zero_zero_single,
979,442,many-to-one,dn_506 dn_507 dn_508,ygc_491,Ippolitas-family,MISSING,NULL,MISSING,nsubj,MISSING,leftover_source,
980,443,one-to-one,dn_509,ygc_492,Ippolita Ippolitas-family,MISSING,NULL,MISSING,nsubj,MISSING,leftover_source,
981,444,many-to-one,dn_510 dn_511,ygc_493,Giorgio Ippolita,MISSING,PRON-REFLEX,MISSING,obj,MISSING,leftover_source,
982,444,many-to-one,dn_510 dn_511,ygc_493,Giorgio Ippolita,MISSING,NULL,MISSING,nsubj,MISSING,leftover_source,
983,444,many-to-one,dn_510 dn_511,ygc_493,MISSING,Ippolita,MISSING,NULL,MISSING,nsubj,leftover_target,
984,447,one-to-one,dn_514,ygc_496,Giorgio,Giorgio,DET,PRON,nmod,nmod,explicit_ref_case,
985,448,one-to-one,dn_515,ygc_498,Giorgio,Giorgio,PRON,PRON,nsubj,nsubj,explicit_full,
986,448,one-to-one,dn_515,ygc_498,Giorgio,Giorgio,NULL,NULL,nsubj,nsubj,zero_zero_semantic,0.46760266659890903
987,448,one-to-one,dn_515,ygc_498,Giorgio,MISSING,NULL,MISSING,nsubj,MISSING,leftover_source,
988,449,one-to-one,dn_516,ygc_499,Giorgio,Giorgio,NULL,NULL,nsubj,nsubj,zero_zero_semantic,0.18035697212915536
989,449,one-to-one,dn_516,ygc_499,Giorgio,Giorgio,NULL,PRON,nsubj,nsubj,zero_to_tgt_anchor,
990,449,one-to-one,dn_516,ygc_499,Ippolita,MISSING,PRON,MISSING,obj,MISSING,leftover_source,
991,449,one-to-one,dn_516,ygc_499,Ippolita,MISSING,PRON,MISSING,obj,MISSING,leftover_source,
992,450,one-to-one,dn_517,ygc_500,Giorgio,Giorgio,NULL,NULL,nsubj,nsubj,zero_zero_single,
993,450,one-to-one,dn_517,ygc_500,Giorgio,MISSING,PRON-REFLEX,MISSING,obj,MISSING,leftover_source,
994,451,one-to-one,dn_518,ygc_501,Giorgio,Giorgio,NULL,NULL,nsubj,nsubj,zero_zero_single,
995,451,one-to-one,dn_518,ygc_501,Giorgio,MISSING,PRON-REFLEX,MISSING,obj,MISSING,leftover_source,
996,452,one-to-one,dn_519,ygc_502,Ippolita,Ippolita,NULL,NULL,nsubj,nsubj,zero_zero_semantic,0.19295128914545168
997,452,one-to-one,dn_519,ygc_502,Ippolita,Ippolita,NULL,NULL,nsubj,nsubj,zero_zero_semantic,0.2718446670107122
998,452,one-to-one,dn_519,ygc_502,Ippolita,MISSING,PRON-REFLEX,MISSING,obj,MISSING,leftover_source,
999,452,one-to-one,dn_519,ygc_502,MISSING,Ippolita,MISSING,NULL,MISSING,nsubj,leftover_target,
1000,453,one-to-one,dn_520,ygc_503,Ippolita,Ippolita,PRON,PROPN,nsubj,nsubj,explicit_ref_case,
1001,454,one-to-one,dn_521,ygc_504,Ippolita,Ippolita,DET,PRON,nmod,nmod,explicit_ref_case,
1002,454,one-to-one,dn_521,ygc_504,Ippolita,MISSING,NULL,MISSING,nsubj,MISSING,leftover_source,
1003,454,one-to-one,dn_521,ygc_504,Ippolitas-husband,Ippolitas-husband,NOUN,NOUN,nsubj,nsubj,explicit_full,
1004,455,one-to-one,dn_522,ygc_505,Giorgio,MISSING,PRON,MISSING,obj,MISSING,leftover_source,
1005,455,one-to-one,dn_522,ygc_505,MISSING,Giorgio,MISSING,NULL,MISSING,nsubj,leftover_target,
1006,455,one-to-one,dn_522,ygc_505,Ippolita,MISSING,NULL,MISSING,nsubj,MISSING,leftover_source,
1007,456,one-to-one,dn_523,ygc_506,Ippolita,Ippolita,NULL,NULL,nsubj,nsubj,zero_zero_semantic,0.21250986686924048
1008,456,one-to-one,dn_523,ygc_506,Ippolita,Ippolita,NULL,NULL,nsubj,nsubj,zero_zero_semantic,0.5349472605606966
1009,457,one-to-one,dn_524,ygc_507,Ippolita,Ippolita,NULL,NULL,nsubj,nsubj,zero_zero_semantic,0.2882649345057351
1010,457,one-to-one,dn_524,ygc_507,Ippolita,Ippolita,NULL,PRON,nsubj,nsubj,zero_to_tgt_anchor,
1011,459,one-to-one,dn_526,ygc_509,MISSING,Ippolita,MISSING,PRON,MISSING,nsubj,leftover_target,
1012,460,one-to-one,dn_527,ygc_510,Giorgio,Giorgio,PRON,PRON,nsubj,nsubj,explicit_full,
1013,460,one-to-one,dn_527,ygc_510,Giorgio,MISSING,DET,MISSING,nmod,MISSING,leftover_source,
1014,460,one-to-one,dn_527,ygc_510,Giorgio Ippolita,MISSING,NULL,MISSING,nsubj,MISSING,leftover_source,
1015,461,one-to-many,dn_528,ygc_511 ygc_512,Giorgio,Giorgio,PRON,PRON,nsubj,nsubj,explicit_full,
1016,462,one-to-one,dn_529,ygc_513,Ippolita,Ippolita,PRON,PRON,nsubj,nsubj,explicit_full,
1017,463,one-to-one,dn_530,ygc_515,Giorgio,Giorgio,PROPN,PROPN,nsubj,nsubj,explicit_full,
1018,465,one-to-one,dn_532,ygc_517,Giorgio,Giorgio,NULL,PRON,nsubj,nsubj,zero_to_tgt_anchor,
1019,465,one-to-one,dn_532,ygc_517,MISSING,Ippolita,MISSING,PRON,MISSING,nmod,leftover_target,
1020,465,one-to-one,dn_532,ygc_517,Ippolitas-husband,Ippolitas-husband,NOUN,NOUN,obj,nmod,explicit_ref_pos,
1021,466,one-to-one,dn_533,ygc_518,MISSING,Giorgio,MISSING,NULL,MISSING,nsubj,leftover_target,
1022,466,one-to-one,dn_533,ygc_518,Ippolita,Ippolita,PRON,PROPN,nsubj,nsubj,explicit_ref_case,
1023,466,one-to-one,dn_533,ygc_518,Ippolita,MISSING,NULL,MISSING,nsubj,MISSING,leftover_source,
1024,467,one-to-one,dn_534,ygc_519,Giorgio,Giorgio,PRON,PROPN,nsubj,nsubj,explicit_ref_case,
1025,468,one-to-one,dn_535 dn_536,ygc_520 ygc_521,Giorgio,Giorgio,PRON,PROPN,obj,obj,explicit_ref_case,
1026,468,one-to-one,dn_535 dn_536,ygc_520 ygc_521,Giorgio,Giorgio,DET,PRON,nmod,nmod,explicit_ref_case,
1027,468,one-to-one,dn_535 dn_536,ygc_520 ygc_521,Giorgio,MISSING,PRON,MISSING,obj,MISSING,leftover_source,
1028,468,one-to-one,dn_535 dn_536,ygc_520 ygc_521,MISSING,Ippolita,MISSING,PROPN,MISSING,nmod,leftover_target,
1029,468,one-to-one,dn_535 dn_536,ygc_520 ygc_521,MISSING,Ippolita,MISSING,NOUN,MISSING,obj,leftover_target,
1030,468,one-to-one,dn_535 dn_536,ygc_520 ygc_521,Ippolitas-husband,Ippolitas-husband,NOUN,NOUN,nsubj,nsubj,explicit_full,
1031,468,one-to-one,dn_535 dn_536,ygc_520 ygc_521,Ippolitas-husband,Ippolitas-husband,PRON,NULL,nsubj,nsubj,zero_to_src_anchor,
1032,469,many-to-one,dn_537 dn_538,ygc_522,Giorgio,Giorgio,NULL,NULL,nsubj,nsubj,zero_zero_single,
1033,469,many-to-one,dn_537 dn_538,ygc_522,Giorgio,MISSING,PRON-REFLEX,MISSING,obj,MISSING,leftover_source,
1034,469,many-to-one,dn_537 dn_538,ygc_522,Giorgio,MISSING,PRON,MISSING,nsubj,MISSING,leftover_source,
1035,471,one-to-one,dn_540,ygc_524,Giorgio,Giorgio,DET,PRON,nmod,nmod,explicit_ref_case,
1036,471,one-to-one,dn_540,ygc_524,Giorgio,Giorgio,PRON,PRON,nsubj,obj,explicit_ref_pos,
1037,471,one-to-one,dn_540,ygc_524,Ippolita,Ippolita,PROPN,PROPN,nmod,nsubj,explicit_ref_pos,
1038,471,one-to-one,dn_540,ygc_524,MISSING,Ippolita,MISSING,NULL,MISSING,nsubj,leftover_target,
1039,472,one-to-one,dn_541,ygc_526,Ippolita,Ippolita,PRON,PRON,nsubj,nsubj,explicit_full,
1040,473,one-to-one,dn_542,ygc_525,Giorgio Ippolita,Giorgio Ippolita,NULL,NULL,nsubj,nsubj,zero_zero_single,
1041,474,one-to-one,dn_543,ygc_527,MISSING,Giorgio Ippolita,MISSING,NULL,MISSING,nsubj,leftover_target,
1042,476,one-to-one,dn_545 dn_547,ygc_529 ygc_531,Ippolita,Ippolita,NULL,NULL,nsubj,nsubj,zero_zero_semantic,0.3819015102757924
1043,476,one-to-one,dn_545 dn_547,ygc_529 ygc_531,Ippolita,Ippolita,PRON,NULL,nsubj,nsubj,zero_to_src_anchor,
1044,476,one-to-one,dn_545 dn_547,ygc_529 ygc_531,Ippolita,MISSING,NOUN,MISSING,nmod,MISSING,leftover_source,
1045,476,one-to-one,dn_545 dn_547,ygc_529 ygc_531,Ippolitas-mother,Ippolitas-mother,NOUN,NOUN,obj,nsubj,explicit_ref_pos,
1046,476,one-to-one,dn_545 dn_547,ygc_529 ygc_531,Ippolitas-mother,MISSING,PRON,MISSING,obj,MISSING,leftover_source,
1047,477,one-to-one,dn_546,ygc_530,Ippolita,Ippolita,NULL,NULL,nsubj,nsubj,zero_zero_single,
1048,477,one-to-one,dn_546,ygc_530,Ippolitas-mother,MISSING,NULL,MISSING,nsubj,MISSING,leftover_source,
1049,477,one-to-one,dn_546,ygc_530,Ippolitas-mother,MISSING,NOUN,MISSING,vocative,MISSING,leftover_source,
1050,478,many-to-one,dn_548 dn_549,ygc_532,Giorgio,MISSING,NULL,MISSING,nsubj,MISSING,leftover_source,
1051,478,many-to-one,dn_548 dn_549,ygc_532,Ippolita,Ippolita,NULL,NULL,nsubj,nsubj,zero_zero_single,
1052,478,many-to-one,dn_548 dn_549,ygc_532,Ippolitas-mother,MISSING,PRON,MISSING,obj,MISSING,leftover_source,
1053,479,one-to-one,dn_550,ygc_533,Ippolita,Ippolita,PRON,PRON,nsubj,nsubj,explicit_full,
1054,479,one-to-one,dn_550,ygc_533,Ippolita,Ippolita,NULL,NULL,nsubj,nsubj,zero_zero_single,
1055,480,one-to-one,dn_551,ygc_534,Giorgio,Giorgio,PRON,PRON,nsubj,nsubj,explicit_full,
1056,480,one-to-one,dn_551,ygc_534,MISSING,Giorgio,MISSING,NULL,MISSING,nsubj,leftover_target,
1057,480,one-to-one,dn_551,ygc_534,Ippolita,Ippolita,PRON,DET,obj,nmod,explicit_ref_only,
1058,481,one-to-one,dn_552,ygc_535,Giorgio,Giorgio,PRON,PRON,obj,obj,explicit_full,
1059,481,one-to-one,dn_552,ygc_535,Ippolita,Ippolita,PRON,PRON,nsubj,nsubj,explicit_full,
1060,481,one-to-one,dn_552,ygc_535,Ippolitas-mother,Ippolitas-mother,NOUN,NOUN,obj,obj,explicit_full,
1061,482,one-to-one,dn_553,ygc_536,Giorgio,Giorgio,NULL,PRON,nsubj,nsubj,zero_to_tgt_anchor,
1062,482,one-to-one,dn_553,ygc_536,MISSING,Ippolita,MISSING,PRON,MISSING,nmod,leftover_target,
1063,482,one-to-one,dn_553,ygc_536,Ippolitas-husband,Ippolitas-husband,NOUN,NOUN,nmod,nmod,explicit_full,
1064,483,one-to-one,dn_554,ygc_537,Giorgio,Giorgio,PRON,PRON,nsubj,nsubj,explicit_full,
1065,483,one-to-one,dn_554,ygc_537,Giorgio,Giorgio,DET,PRON,nmod,nmod,explicit_ref_case,
1066,483,one-to-one,dn_554,ygc_537,Ippolita,Ippolita,DET,PRON,nmod,nsubj,explicit_ref_only,
1067,484,one-to-one,dn_555,ygc_538,Giorgio,Giorgio,NULL,NULL,nsubj,nsubj,zero_zero_semantic,0.6439540164043502
1068,484,one-to-one,dn_555,ygc_538,Giorgio,Giorgio,NULL,NULL,nsubj,nsubj,zero_zero_semantic,0.3346708329952602
1069,484,one-to-one,dn_555,ygc_538,Giorgio,MISSING,PRON-REFLEX,MISSING,obj,MISSING,leftover_source,
1070,484,one-to-one,dn_555,ygc_538,Giorgio,MISSING,DET,MISSING,nmod,MISSING,leftover_source,
1071,484,one-to-one,dn_555,ygc_538,Giorgio,MISSING,DET,MISSING,nmod,MISSING,leftover_source,
1072,484,one-to-one,dn_555,ygc_538,Ippolita,Ippolita,PRON,PRON,obj,nmod,explicit_ref_pos,
1073,484,one-to-one,dn_555,ygc_538,Ippolita,MISSING,NULL,MISSING,nsubj,MISSING,leftover_source,
1074,485,one-to-many,dn_556,ygc_539 ygc_540,Giorgio,Giorgio,NULL,NULL,nsubj,nsubj,zero_zero_semantic,0.13620522765411774
1075,485,one-to-many,dn_556,ygc_539 ygc_540,Giorgio,Giorgio,NULL,NULL,nsubj,nsubj,zero_zero_semantic,0.48760948798465353
1076,485,one-to-many,dn_556,ygc_539 ygc_540,Giorgio,Giorgio,PRON,NULL,nsubj,nsubj,zero_to_src_anchor,
1077,485,one-to-many,dn_556,ygc_539 ygc_540,MISSING,Giorgio,MISSING,NULL,MISSING,nsubj,leftover_target,
1078,485,one-to-many,dn_556,ygc_539 ygc_540,Ippolita,MISSING,PRON,MISSING,obj,MISSING,leftover_source,
1079,485,one-to-many,dn_556,ygc_539 ygc_540,Ippolita,MISSING,PRON,MISSING,obj,MISSING,leftover_source,
1080,485,one-to-many,dn_556,ygc_539 ygc_540,Ippolita,MISSING,PRON,MISSING,obj,MISSING,leftover_source,
1081,485,one-to-many,dn_556,ygc_539 ygc_540,Ippolita,MISSING,PRON,MISSING,obj,MISSING,leftover_source,
1082,486,many-to-one,dn_557 dn_559,ygc_541,Giorgio Ippolita,Giorgio Ippolita,NULL,NULL,nsubj,nsubj,zero_zero_single,
1083,487,one-to-one,dn_558,ygc_542,Ippolita,Ippolita,PRON,PRON,nsubj,nsubj,explicit_full,
1084,488,one-to-one,dn_560,ygc_543,Giorgio,Giorgio,NULL,NULL,nsubj,nsubj,zero_zero_semantic,0.33693519146199935
1085,488,one-to-one,dn_560,ygc_543,Giorgio,Giorgio,PRON,NULL,nsubj,nsubj,zero_to_src_anchor,
1086,490,one-to-one,dn_562,ygc_548,Giorgio,Giorgio,NULL,NULL,nsubj,nsubj,zero_zero_semantic,0.44952952948420544
1087,490,one-to-one,dn_562,ygc_548,Giorgio,MISSING,NULL,MISSING,nsubj,MISSING,leftover_source,
1088,491,one-to-one,dn_563,ygc_549,Giorgio Ippolita,Giorgio Ippolita,NULL,NULL,nsubj,nsubj,zero_zero_single,
1089,492,many-to-one,dn_564 dn_565,ygc_550,Giorgio,Giorgio,PRON,NOUN,nsubj,nmod,explicit_ref_only,
1090,492,many-to-one,dn_564 dn_565,ygc_550,Ippolita,Ippolita,PRON,PRON,nsubj,nsubj,explicit_full,
1091,492,many-to-one,dn_564 dn_565,ygc_550,Ippolita,Ippolita,NULL,NULL,nsubj,nsubj,zero_zero_semantic,0.46624494515932524
1092,492,many-to-one,dn_564 dn_565,ygc_550,Ippolita,Ippolita,NULL,NULL,nsubj,nsubj,zero_zero_semantic,0.4575464026286052
1093,492,many-to-one,dn_564 dn_565,ygc_550,Ippolita,Ippolita,NULL,NULL,nsubj,nsubj,zero_zero_semantic,0.1972802820113989
1094,492,many-to-one,dn_564 dn_565,ygc_550,Ippolita,MISSING,PRON-REFLEX,MISSING,obj,MISSING,leftover_source,
1095,493,one-to-many,dn_566,ygc_551 ygc_552,Giorgio,Giorgio,PRON,PRON,nsubj,nsubj,explicit_full,
1096,493,one-to-many,dn_566,ygc_551 ygc_552,Ippolita,Ippolita,PRON,PROPN,obj,nmod,explicit_ref_only,
1097,494,one-to-one,dn_567,ygc_553,Giorgio,MISSING,NULL,MISSING,nsubj,MISSING,leftover_source,
1098,494,one-to-one,dn_567,ygc_553,MISSING,Ippolita,MISSING,PRON,MISSING,nmod,leftover_target,
1099,495,one-to-one,dn_568,ygc_554,Giorgio,Giorgio,NULL,PRON,nsubj,nsubj,zero_to_tgt_anchor,
1100,495,one-to-one,dn_568,ygc_554,Ippolita,Ippolita,PRON,PRON,nsubj,nsubj,explicit_full,
1101,496,one-to-one,dn_569,ygc_555,Ippolita,MISSING,NULL,MISSING,nsubj,MISSING,leftover_source,
1102,497,one-to-one,dn_570,ygc_556,Ippolita,Ippolita,NULL,NULL,nsubj,nsubj,zero_zero_single,
1103,498,one-to-one,dn_571,ygc_557,Ippolita,Ippolita,PRON,NULL,nsubj,nsubj,zero_to_src_anchor,
1104,498,one-to-one,dn_571,ygc_557,Ippolita,MISSING,DET,MISSING,nmod,MISSING,leftover_source,
1105,498,one-to-one,dn_571,ygc_557,MISSING,Ippolita,MISSING,NULL,MISSING,nsubj,leftover_target,
1106,499,one-to-one,dn_572,ygc_558,Giorgio,Giorgio,PRON,PRON,nsubj,nsubj,explicit_full,
1107,499,one-to-one,dn_572,ygc_558,Giorgio,MISSING,DET,MISSING,nmod,MISSING,leftover_source,
1108,500,many-to-one,dn_573 dn_574,ygc_559,Giorgio,Giorgio,PRON,PRON,obj,obj,explicit_full,
1109,500,many-to-one,dn_573 dn_574,ygc_559,Ippolita,Ippolita,PRON,PRON,nsubj,nsubj,explicit_full,
1110,500,many-to-one,dn_573 dn_574,ygc_559,Ippolita,Ippolita,NULL,NULL,nsubj,nsubj,zero_zero_semantic,0.2985922734568911
1111,500,many-to-one,dn_573 dn_574,ygc_559,Ippolita,MISSING,NULL,MISSING,nsubj,MISSING,leftover_source,
1112,500,many-to-one,dn_573 dn_574,ygc_559,Ippolita,MISSING,PRON,MISSING,obj,MISSING,leftover_source,
1113,500,many-to-one,dn_573 dn_574,ygc_559,Ippolita,MISSING,PRON,MISSING,obj,MISSING,leftover_source,
1114,501,one-to-one,dn_575,ygc_560,AlfonsoExili,AlfonsoExili,PROPN,PROPN,nsubj,nmod,explicit_ref_pos,
1115,501,one-to-one,dn_575,ygc_560,Monti,Monti,NOUN,NOUN,nsubj,nsubj,explicit_full,
1116,501,one-to-one,dn_575,ygc_560,Monti,MISSING,PRON,MISSING,obj,MISSING,leftover_source,
1117,502,one-to-one,dn_576,ygc_561,Ippolita,Ippolita,PRON,NULL,nsubj,nsubj,zero_to_src_anchor,
1118,502,one-to-one,dn_576,ygc_561,MISSING,Ippolita,MISSING,NULL,MISSING,nsubj,leftover_target,
1119,503,many-to-one,dn_577 dn_578,ygc_562,Ippolita,Ippolita,NULL,NULL,nsubj,nsubj,zero_zero_semantic,0.2882942494418886
1120,503,many-to-one,dn_577 dn_578,ygc_562,Ippolita,MISSING,PRON-REFLEX,MISSING,obj,MISSING,leftover_source,
1121,503,many-to-one,dn_577 dn_578,ygc_562,Ippolita,MISSING,NULL,MISSING,nsubj,MISSING,leftover_source,
1122,503,many-to-one,dn_577 dn_578,ygc_562,Ippolita,MISSING,PRON,MISSING,obj,MISSING,leftover_source,
1123,504,one-to-one,dn_579,ygc_563,CountessAlbertini,CountessAlbertini,NOUN,NOUN,nsubj,nsubj,explicit_full,
1124,504,one-to-one,dn_579,ygc_563,MISSING,CountessAlbertini,MISSING,NOUN,MISSING,nmod,leftover_target,
1125,504,one-to-one,dn_579,ygc_563,Giorgio,Giorgio,PRON,PRON,obj,nsubj,explicit_ref_pos,
1126,505,one-to-one,dn_580,ygc_564,CountessAlbertini,CountessAlbertini,PRON,NOUN,nsubj,nsubj,explicit_ref_case,
1127,505,one-to-one,dn_580,ygc_564,CountessAlbertini,CountessAlbertini,NULL,NULL,nsubj,nsubj,zero_zero_semantic,0.32728661133183373
1128,505,one-to-one,dn_580,ygc_564,MISSING,CountessAlbertini,MISSING,NULL,MISSING,nsubj,leftover_target,
1129,505,one-to-one,dn_580,ygc_564,MISSING,CountessAlbertini,MISSING,NULL,MISSING,nsubj,leftover_target,
1130,505,one-to-one,dn_580,ygc_564,CountessAlbertinis-husband,CountessAlbertinis-husband,NOUN,NOUN,obj,obj,explicit_full,
1131,506,one-to-one,dn_581,ygc_565,Giorgio,Giorgio,PRON,PRON,obj,nmod,explicit_ref_pos,
1132,507,many-to-one,dn_582 dn_583 dn_584,ygc_566,Giorgio,Giorgio,DET,PRON,nmod,nmod,explicit_ref_case,
1133,507,many-to-one,dn_582 dn_583 dn_584,ygc_566,Giorgio,MISSING,PRON,MISSING,nsubj,MISSING,leftover_source,
1134,507,many-to-one,dn_582 dn_583 dn_584,ygc_566,Giorgio,MISSING,PRON,MISSING,nsubj,MISSING,leftover_source,
1135,508,one-to-one,dn_586,ygc_567,Ippolita,Ippolita,PRON,PRON,nsubj,nsubj,explicit_full,
1136,508,one-to-one,dn_586,ygc_567,Ippolita,MISSING,PRON,MISSING,obj,MISSING,leftover_source,
1137,509,one-to-one,dn_587,ygc_568,Ippolita,Ippolita,PRON,NULL,nsubj,nsubj,zero_to_src_anchor,
1138,512,many-to-one,dn_591 dn_592,ygc_571,Giorgio,Giorgio,NOUN,NOUN,nmod,obj,explicit_ref_pos,
1139,512,many-to-one,dn_591 dn_592,ygc_571,Ippolita,Ippolita,PRON,PRON,nsubj,nsubj,explicit_full,
1140,512,many-to-one,dn_591 dn_592,ygc_571,Ippolita,Ippolita,NULL,NULL,nsubj,nsubj,zero_zero_semantic,0.42695296355200696
1141,512,many-to-one,dn_591 dn_592,ygc_571,Ippolita,MISSING,PRON-REFLEX,MISSING,obj,MISSING,leftover_source,
1142,512,many-to-one,dn_591 dn_592,ygc_571,MISSING,Ippolita,MISSING,NULL,MISSING,nsubj,leftover_target,
1143,512,many-to-one,dn_591 dn_592,ygc_571,MISSING,Ippolita,MISSING,NULL,MISSING,nsubj,leftover_target,
1144,512,many-to-one,dn_591 dn_592,ygc_571,MISSING,Ippolita,MISSING,DET,MISSING,nmod,leftover_target,
1145,513,one-to-one,dn_593,ygc_572,Ippolita,Ippolita,NULL,NULL,nsubj,nsubj,zero_zero_semantic,0.421974336871734
1146,513,one-to-one,dn_593,ygc_572,Ippolita,Ippolita,PRON,NULL,nsubj,nsubj,zero_to_src_anchor,
1147,514,many-to-one,dn_594 dn_595,ygc_573,MISSING,Giorgio,MISSING,PRON,MISSING,vocative,leftover_target,
1148,516,one-to-one,dn_597,ygc_575,Giorgio Ippolita,Giorgio Ippolita,PRON,NULL,nsubj,nsubj,zero_to_src_anchor,
1149,516,one-to-one,dn_597,ygc_575,Ippolita,MISSING,NULL,MISSING,nsubj,MISSING,leftover_source,
1150,517,one-to-one,dn_598,ygc_576,Giorgio,Giorgio,PROPN,PRON,obj,nmod,explicit_ref_only,
1151,517,one-to-one,dn_598,ygc_576,MISSING,Ippolita,MISSING,PRON,MISSING,nsubj,leftover_target,
1152,518,one-to-one,dn_599,ygc_577,Giorgio,Giorgio,PRON,PRON,nsubj,nsubj,explicit_full,
1153,518,one-to-one,dn_599,ygc_577,Giorgio,MISSING,PRON-REFLEX,MISSING,obj,MISSING,leftover_source,
1154,518,one-to-one,dn_599,ygc_577,MISSING,Ippolita,MISSING,PRON,MISSING,obj,leftover_target,
1155,519,one-to-one,dn_600,ygc_578,Giorgio,Giorgio,NULL,NULL,nsubj,nsubj,zero_zero_semantic,0.28941905435857623
1156,519,one-to-one,dn_600,ygc_578,Giorgio,Giorgio,NULL,NULL,nsubj,nsubj,zero_zero_semantic,0.47192633358963915
1157,519,one-to-one,dn_600,ygc_578,MISSING,Giorgio,MISSING,PRON,MISSING,nmod,leftover_target,
1158,519,one-to-one,dn_600,ygc_578,Ippolita,Ippolita,PROPN,PROPN,nmod,nmod,explicit_full,
1159,521,one-to-one,dn_602,ygc_580,Ippolita,Ippolita,NULL,PRON,nsubj,nsubj,zero_to_tgt_anchor,
1160,522,one-to-one,dn_603,ygc_581,MISSING,Ippolita,MISSING,NULL,MISSING,nsubj,leftover_target,
1161,524,one-to-one,dn_606,ygc_586,Ippolita,Ippolita,PROPN,PROPN,nsubj,nsubj,explicit_full,
1162,524,one-to-one,dn_606,ygc_586,Ippolita,Ippolita,NULL,NULL,nsubj,nsubj,zero_zero_single,
1163,526,one-to-one,dn_608 dn_609,ygc_587 ygc_588,Giorgio,Giorgio,PRON,PRON,nsubj,nsubj,explicit_full,
1164,527,one-to-many,dn_610,ygc_589 ygc_590,Giorgio,Giorgio,NULL,NULL,nsubj,nsubj,zero_zero_semantic,0.4715249834547922
1165,527,one-to-many,dn_610,ygc_589 ygc_590,Giorgio,Giorgio,NULL,NULL,nsubj,nsubj,zero_zero_semantic,0.4432164536561517
1166,527,one-to-many,dn_610,ygc_589 ygc_590,Giorgio,Giorgio,PRON,NULL,nsubj,nsubj,zero_to_src_anchor,
1167,527,one-to-many,dn_610,ygc_589 ygc_590,Giorgio,MISSING,PRON,MISSING,obj,MISSING,leftover_source,
1168,527,one-to-many,dn_610,ygc_589 ygc_590,MISSING,Giorgio,MISSING,NULL,MISSING,nsubj,leftover_target,
1169,529,one-to-one,dn_612,ygc_592,Giorgio,Giorgio,PRON,PRON,nsubj,nsubj,explicit_full,
1170,529,one-to-one,dn_612,ygc_592,Giorgio,MISSING,NULL,MISSING,nsubj,MISSING,leftover_source,
1171,530,many-to-one,dn_613 dn_614,ygc_593,MISSING,Giorgio,MISSING,PRON,MISSING,nsubj,leftover_target,
1172,530,many-to-one,dn_613 dn_614,ygc_593,MISSING,Giorgio,MISSING,NULL,MISSING,nsubj,leftover_target,
1173,530,many-to-one,dn_613 dn_614,ygc_593,MISSING,Giorgio,MISSING,NULL,MISSING,nsubj,leftover_target,
1174,531,one-to-one,dn_615,ygc_594,MISSING,Giorgio,MISSING,NULL,MISSING,nsubj,leftover_target,
1175,531,one-to-one,dn_615,ygc_594,MISSING,Giorgio,MISSING,NULL,MISSING,nsubj,leftover_target,
1176,531,one-to-one,dn_615,ygc_594,MISSING,Giorgio,MISSING,NULL,MISSING,nsubj,leftover_target,
1177,531,one-to-one,dn_615,ygc_594,MISSING,Giorgio,MISSING,NULL,MISSING,nsubj,leftover_target,
1178,531,one-to-one,dn_615,ygc_594,MISSING,Giorgio,MISSING,NULL,MISSING,nsubj,leftover_target,
1179,531,one-to-one,dn_615,ygc_594,MISSING,Giorgio,MISSING,NULL,MISSING,nsubj,leftover_target,
1180,532,one-to-one,dn_616,ygc_595,Ippolita,Ippolita,PROPN,PROPN,nsubj,nsubj,explicit_full,
1181,532,one-to-one,dn_616,ygc_595,MISSING,Ippolita,MISSING,NULL,MISSING,nsubj,leftover_target,
1182,533,one-to-one,dn_617,ygc_596,Ippolita,MISSING,PRON,MISSING,nsubj,MISSING,leftover_source,
1183,534,one-to-one,dn_618,ygc_597,Ippolita,Ippolita,PRON,PRON,nsubj,nsubj,explicit_full,
1184,535,one-to-one,dn_619,ygc_598,Giorgio,Giorgio,NULL,NULL,nsubj,nsubj,zero_zero_single,
1185,535,one-to-one,dn_619,ygc_598,Ippolita,MISSING,PRON,MISSING,obj,MISSING,leftover_source,
1186,536,one-to-many,dn_620,ygc_599 ygc_600,Giorgio,Giorgio,NOUN,NOUN,nmod,nmod,explicit_full,
1187,536,one-to-many,dn_620,ygc_599 ygc_600,Giorgio,Giorgio,PRON,PRON,obj,nmod,explicit_ref_pos,
1188,536,one-to-many,dn_620,ygc_599 ygc_600,MISSING,Giorgio,MISSING,NULL,MISSING,nsubj,leftover_target,
1189,536,one-to-many,dn_620,ygc_599 ygc_600,MISSING,Giorgio,MISSING,NULL,MISSING,nsubj,leftover_target,
1190,536,one-to-many,dn_620,ygc_599 ygc_600,Ippolita,Ippolita,PRON,PRON,nsubj,nsubj,explicit_full,
1191,536,one-to-many,dn_620,ygc_599 ygc_600,Ippolita,Ippolita,NULL,NULL,nsubj,nsubj,zero_zero_single,
1192,536,one-to-many,dn_620,ygc_599 ygc_600,Ippolita,MISSING,PRON-REFLEX,MISSING,obj,MISSING,leftover_source,
1193,537,one-to-one,dn_621,ygc_601,Giorgio,Giorgio,NULL,NULL,nsubj,nsubj,zero_zero_single,
1194,537,one-to-one,dn_621,ygc_601,Ippolita,MISSING,PRON,MISSING,obj,MISSING,leftover_source,
1195,538,one-to-one,dn_630,ygc_602,Ippolita,Ippolita,PRON,PRON,nsubj,nsubj,explicit_full,
1196,541,one-to-one,dn_633,ygc_605,Giorgio,MISSING,PRON,MISSING,nsubj,MISSING,leftover_source,
1197,541,one-to-one,dn_633,ygc_605,Giorgio Ippolita,Giorgio Ippolita,PRON,PRON,nsubj,nmod,explicit_ref_pos,
1198,541,one-to-one,dn_633,ygc_605,Giorgio Ippolita,Giorgio Ippolita,NULL,NULL,nsubj,nsubj,zero_zero_semantic,0.3314223965117227
1199,541,one-to-one,dn_633,ygc_605,MISSING,Giorgio Ippolita,MISSING,NULL,MISSING,nsubj,leftover_target,
1200,541,one-to-one,dn_633,ygc_605,MISSING,Giorgio Ippolita,MISSING,NULL,MISSING,nsubj,leftover_target,
1201,541,one-to-one,dn_633,ygc_605,MISSING,Giorgio Ippolita,MISSING,NULL,MISSING,nsubj,leftover_target,
1202,542,one-to-one,dn_634,ygc_606,Giorgio Ippolita,Giorgio Ippolita,NULL,NULL,nsubj,nsubj,zero_zero_single,
1203,543,many-to-one,dn_635 dn_636,ygc_607,Giorgio,Giorgio,PROPN,PRON,nsubj,nsubj,explicit_ref_case,
1204,544,one-to-one,dn_637,ygc_608,Giorgio,Giorgio,PRON,PROPN,nsubj,nsubj,explicit_ref_case,
1205,545,one-to-one,dn_638,ygc_609,Ippolita,Ippolita,PROPN,PROPN,nsubj,nsubj,explicit_full,
1206,545,one-to-one,dn_638,ygc_609,Ippolita,MISSING,DET,MISSING,nmod,MISSING,leftover_source,
1207,545,one-to-one,dn_638,ygc_609,MISSING,Ippolita,MISSING,NULL,MISSING,nsubj,leftover_target,
1208,545,one-to-one,dn_638,ygc_609,aunt-Giovianna,aunt-Giovianna,NOUN,NOUN,nmod,obj,explicit_ref_pos,
1209,546,one-to-one,dn_639,ygc_610,Giorgio,Giorgio,PRON,PRON,nsubj,obj,explicit_ref_pos,
1210,546,one-to-one,dn_639,ygc_610,Ippolita,Ippolita,PROPN,PRON,nsubj,obj,explicit_ref_only,
1211,549,one-to-one,dn_642,ygc_613,Giorgio Ippolita,Giorgio Ippolita,NULL,NULL,nsubj,nsubj,zero_zero_single,
1212,549,one-to-one,dn_642,ygc_613,MISSING,Giorgio Ippolita,MISSING,NOUN,MISSING,nsubj,leftover_target,
1213,550,one-to-one,dn_643,ygc_614,Giorgio Ippolita,Giorgio Ippolita,PRON,PRON,obj,nmod,explicit_ref_pos,
1214,550,one-to-one,dn_643,ygc_614,Giorgio Ippolita,Giorgio Ippolita,NULL,NULL,nsubj,nsubj,zero_zero_single,
1215,550,one-to-one,dn_643,ygc_614,Giorgio Ippolita,MISSING,PRON-REFLEX,MISSING,obj,MISSING,leftover_source,
1216,550,one-to-one,dn_643,ygc_614,stations-crowd,stations-crowd,NOUN,NOUN,obj,nmod,explicit_ref_pos,
1217,551,one-to-one,dn_644,ygc_615,Giorgio Ippolita,MISSING,PRON,MISSING,obj,MISSING,leftover_source,
1218,551,one-to-one,dn_644,ygc_615,MISSING,Giorgio Ippolita,MISSING,NULL,MISSING,nsubj,leftover_target,
1219,551,one-to-one,dn_644,ygc_615,stations-crowd,MISSING,NULL,MISSING,nsubj,MISSING,leftover_source,
1220,552,many-to-one,dn_645 dn_646,ygc_616,Giorgio,MISSING,NULL,MISSING,nsubj,MISSING,leftover_source,
1221,552,many-to-one,dn_645 dn_646,ygc_616,MISSING,Giorgio,MISSING,PRON,MISSING,vocative,leftover_target,
1222,552,many-to-one,dn_645 dn_646,ygc_616,Giorgio Ippolita,MISSING,PRON,MISSING,obj,MISSING,leftover_source,
1223,552,many-to-one,dn_645 dn_646,ygc_616,MISSING,Giorgio Ippolita,MISSING,NULL,MISSING,nsubj,leftover_target,
1224,552,many-to-one,dn_645 dn_646,ygc_616,stations-crowd,MISSING,NULL,MISSING,nsubj,MISSING,leftover_source,
1225,553,one-to-many,dn_647,ygc_617 ygc_618,Ippolita,Ippolita,PROPN,PROPN,nsubj,nsubj,explicit_full,
1226,553,one-to-many,dn_647,ygc_617 ygc_618,Ippolita,Ippolita,PRON,PRON,obj,obj,explicit_full,
1227,553,one-to-many,dn_647,ygc_617 ygc_618,Ippolita,Ippolita,NULL,NULL,nsubj,nsubj,zero_zero_semantic,0.39708297222764793
1228,553,one-to-many,dn_647,ygc_617 ygc_618,Ippolita,MISSING,PRON,MISSING,nmod,MISSING,leftover_source,
1229,553,one-to-many,dn_647,ygc_617 ygc_618,MISSING,Ippolita,MISSING,NULL,MISSING,nsubj,leftover_target,
1230,553,one-to-many,dn_647,ygc_617 ygc_618,MISSING,stations-crowd,MISSING,NOUN,MISSING,nmod,leftover_target,
1231,555,one-to-one,dn_649,ygc_620,Ippolita,MISSING,NULL,MISSING,nsubj,MISSING,leftover_source,
1232,556,one-to-many,dn_650,ygc_621 ygc_622,Giorgio Ippolita,Giorgio Ippolita,NULL,NULL,nsubj,nsubj,zero_zero_semantic,0.34950040911926944
1233,556,one-to-many,dn_650,ygc_621 ygc_622,Giorgio Ippolita,Giorgio Ippolita,NULL,PRON,nsubj,nsubj,zero_to_tgt_anchor,
1234,556,one-to-many,dn_650,ygc_621 ygc_622,Giorgio Ippolita,Giorgio Ippolita,PRON-REFLEX,NOUN,obj,obj,reflex_obj,
1235,556,one-to-many,dn_650,ygc_621 ygc_622,MrMartlet MrsMartlet another-traveller,MrMartlet MrsMartlet another-traveller,NOUN,NOUN,obj,obj,explicit_full,
1236,557,one-to-one,dn_651,ygc_623,Giorgio,Giorgio,PROPN,PROPN,nsubj,nsubj,explicit_full,
1237,557,one-to-one,dn_651,ygc_623,MrMartlet,MrMartlet,NOUN,NOUN,obj,obj,explicit_full,
1238,557,one-to-one,dn_651,ygc_623,MrsMartlet,MrsMartlet,NOUN,NOUN,obj,obj,explicit_full,
1239,558,one-to-one,dn_652,ygc_624,MrMartlet MrsMartlet,MISSING,NULL,MISSING,nsubj,MISSING,leftover_source,
1240,559,one-to-one,dn_653,ygc_625,Giorgio,MISSING,NOUN,MISSING,nmod,MISSING,leftover_source,
1241,559,one-to-one,dn_653,ygc_625,Ippolita,Ippolita,PROPN,PROPN,nsubj,nsubj,explicit_full,
1242,559,one-to-one,dn_653,ygc_625,Ippolita,MISSING,PRON-REFLEX,MISSING,obj,MISSING,leftover_source,
1243,560,one-to-one,dn_654,ygc_626,Giorgio,Giorgio,NULL,NULL,nsubj,nsubj,zero_zero_single,
1244,560,one-to-one,dn_654,ygc_626,Ippolita,MISSING,PRON,MISSING,obj,MISSING,leftover_source,
1245,561,one-to-one,dn_655,ygc_627,Ippolita,Ippolita,PRON,PRON,nsubj,nsubj,explicit_full,
1246,561,one-to-one,dn_655,ygc_627,MrMartlet MrsMartlet,MrMartlet MrsMartlet,NOUN,NOUN,obj,obj,explicit_full,
1247,562,one-to-one,dn_656,ygc_628,MrMartlet,MrMartlet,NOUN,NOUN,nsubj,nsubj,explicit_full,
1248,562,one-to-one,dn_656,ygc_628,MrMartlet,MrMartlet,NOUN,NOUN,pred,pred,explicit_full,
1249,562,one-to-one,dn_656,ygc_628,MISSING,MrMartlet,MISSING,NULL,MISSING,nsubj,leftover_target,
1250,562,one-to-one,dn_656,ygc_628,MISSING,MrMartlet,MISSING,NULL,MISSING,nsubj,leftover_target,
1251,563,one-to-many,dn_657,ygc_629 ygc_630,MrsMartlet,MrsMartlet,NOUN,NOUN,nsubj,nsubj,explicit_full,
1252,563,one-to-many,dn_657,ygc_629 ygc_630,MrsMartlet,MrsMartlet,DET,DET,nmod,nmod,explicit_full,
1253,563,one-to-many,dn_657,ygc_629 ygc_630,MrsMartlet,MrsMartlet,NULL,NULL,nsubj,nsubj,zero_zero_semantic,0.5621093698155156
1254,563,one-to-many,dn_657,ygc_629 ygc_630,MrsMartlet,MISSING,DET,MISSING,nmod,MISSING,leftover_source,
1255,563,one-to-many,dn_657,ygc_629 ygc_630,MISSING,MrsMartlet,MISSING,NULL,MISSING,nsubj,leftover_target,
1256,564,one-to-one,dn_658,ygc_631,MrMartlet,MrMartlet,NOUN,NOUN,nmod,nmod,explicit_full,
1257,565,one-to-one,dn_659,ygc_632,Giorgio,Giorgio,PROPN,NOUN,nmod,nmod,explicit_ref_case,
1258,565,one-to-one,dn_659,ygc_632,MrMartlet,MrMartlet,PRON,PRON,nsubj,nsubj,explicit_full,
1259,566,one-to-one,dn_660,ygc_633,Ippolita,Ippolita,PROPN,PROPN,nsubj,nsubj,explicit_full,
1260,566,one-to-one,dn_660,ygc_633,Ippolita,MISSING,DET,MISSING,nmod,MISSING,leftover_source,
1261,567,one-to-one,dn_661,ygc_634,Ippolita,Ippolita,NULL,NULL,nsubj,nsubj,zero_zero_single,
1262,567,one-to-one,dn_661,ygc_634,Ippolita,MISSING,PRON,MISSING,nsubj,MISSING,leftover_source,
1263,567,one-to-one,dn_661,ygc_634,MrMartlet MrsMartlet,MrMartlet MrsMartlet,NOUN,NOUN,obj,obj,explicit_full,
1264,568,one-to-many,dn_662,ygc_635 ygc_636,Ippolita,Ippolita,DET,PRON,nmod,nmod,explicit_ref_case,
1265,568,one-to-many,dn_662,ygc_635 ygc_636,Ippolita,Ippolita,NULL,NULL,nsubj,nsubj,zero_zero_semantic,0.6277529851629816
1266,568,one-to-many,dn_662,ygc_635 ygc_636,Ippolita,Ippolita,NULL,NULL,nsubj,nsubj,zero_zero_semantic,0.20826164285904109
1267,568,one-to-many,dn_662,ygc_635 ygc_636,MrMartlet MrsMartlet,MrMartlet MrsMartlet,NOUN,NOUN,nsubj,nsubj,explicit_full,
1268,569,one-to-one,dn_663,ygc_638,Giorgio,MISSING,NULL,MISSING,nsubj,MISSING,leftover_source,
1269,569,one-to-one,dn_663,ygc_638,MISSING,Giorgio,MISSING,PRON,MISSING,vocative,leftover_target,
1270,569,one-to-one,dn_663,ygc_638,Ippolita,MISSING,PRON,MISSING,obj,MISSING,leftover_source,
1271,570,one-to-one,dn_664,ygc_637,MrMartlet MrsMartlet,MISSING,NULL,MISSING,nsubj,MISSING,leftover_source,
1272,571,one-to-one,dn_665,ygc_639,Giorgio,MISSING,NOUN,MISSING,nsubj,MISSING,leftover_source,
1273,571,one-to-one,dn_665,ygc_639,Ippolita,Ippolita,NULL,PRON,nsubj,nsubj,zero_to_tgt_anchor,
1274,572,many-to-one,dn_666 dn_667,ygc_640,MrMartlet,MISSING,PROPN,MISSING,nsubj,MISSING,leftover_source,
1275,572,many-to-one,dn_666 dn_667,ygc_640,MrMartlet MrsMartlet,MrMartlet MrsMartlet,PROPN,NOUN,nsubj,nsubj,explicit_ref_case,
1276,572,many-to-one,dn_666 dn_667,ygc_640,MrsMartlet,MISSING,NOUN,MISSING,obj,MISSING,leftover_source,
1277,573,one-to-one,dn_668,ygc_641,Giorgio Ippolita,MISSING,PRON,MISSING,obj,MISSING,leftover_source,
1278,573,one-to-one,dn_668,ygc_641,MrMartlet MrsMartlet,MISSING,NULL,MISSING,nsubj,MISSING,leftover_source,
1279,574,one-to-one,dn_669,ygc_642,MISSING,Ippolita,MISSING,NULL,MISSING,nsubj,leftover_target,
1280,574,one-to-one,dn_669,ygc_642,MISSING,Ippolita,MISSING,NULL,MISSING,nsubj,leftover_target,
1281,574,one-to-one,dn_669,ygc_642,MrMartlet MrsMartlet,MISSING,NULL,MISSING,nsubj,MISSING,leftover_source,
1282,574,one-to-one,dn_669,ygc_642,MrMartlet MrsMartlet,MISSING,NULL,MISSING,nsubj,MISSING,leftover_source,
1283,575,one-to-one,dn_670,ygc_643,Ippolita,Ippolita,NULL,NULL,nsubj,nsubj,zero_zero_semantic,0.42686954380250447
1284,575,one-to-one,dn_670,ygc_643,Ippolita,Ippolita,PRON,NULL,nsubj,nsubj,zero_to_src_anchor,
1285,575,one-to-one,dn_670,ygc_643,MrMartlet MrsMartlet,MISSING,PRON,MISSING,obj,MISSING,leftover_source,
1286,576,one-to-many,dn_671,ygc_644 ygc_645,Giorgio,Giorgio,PRON,PRON,nsubj,nsubj,explicit_full,
1287,576,one-to-many,dn_671,ygc_644 ygc_645,Ippolita,Ippolita,PRON,PRON,obj,obj,explicit_full,
1288,576,one-to-many,dn_671,ygc_644 ygc_645,MrMartlet MrsMartlet,MISSING,PRON,MISSING,nsubj,MISSING,leftover_source,
1289,577,one-to-one,dn_672,ygc_646,Ippolita,Ippolita,NULL,NULL,nsubj,nsubj,zero_zero_single,
1290,578,one-to-one,dn_673,ygc_647,Ippolita,Ippolita,PRON,PRON,obj,nsubj,explicit_ref_pos,
1291,579,many-to-one,dn_674 dn_675,ygc_648,Ippolita,Ippolita,PRON,PRON,obj,obj,explicit_full,
1292,579,many-to-one,dn_674 dn_675,ygc_648,Ippolita,Ippolita,PRON,NULL,nsubj,nsubj,zero_to_src_anchor,
1293,579,many-to-one,dn_674 dn_675,ygc_648,MrMartlet MrsMartlet,MrMartlet MrsMartlet,NOUN,NOUN,obj,obj,explicit_full,
1294,581,one-to-one,dn_677,ygc_650,Ippolita,Ippolita,NULL,PRON,nsubj,nsubj,zero_to_tgt_anchor,
1295,581,one-to-one,dn_677,ygc_650,Ippolita,MISSING,PRON-REFLEX,MISSING,obj,MISSING,leftover_source,
1296,581,one-to-one,dn_677,ygc_650,Ippolita,MISSING,NULL,MISSING,nsubj,MISSING,leftover_source,
1297,582,many-to-one,dn_678 dn_679,ygc_651,AlessandroMemmi,AlessandroMemmi,NOUN,NOUN,nsubj,nsubj,explicit_full,
1298,582,many-to-one,dn_678 dn_679,ygc_651,Ippolita,Ippolita,NULL,NULL,nsubj,nsubj,zero_zero_semantic,0.6395105721671029
1299,582,many-to-one,dn_678 dn_679,ygc_651,MISSING,Ippolita,MISSING,NULL,MISSING,nsubj,leftover_target,
1300,582,many-to-one,dn_678 dn_679,ygc_651,SebastianBach,SebastianBach,PROPN,PROPN,nmod,nmod,explicit_full,
1301,582,many-to-one,dn_678 dn_679,ygc_651,audience,audience,NOUN,NOUN,nsubj,nsubj,explicit_full,
1302,582,many-to-one,dn_678 dn_679,ygc_651,maidens,maidens,NOUN,NOUN,nsubj,nsubj,explicit_full,
1303,582,many-to-one,dn_678 dn_679,ygc_651,violinists,violinists,NOUN,NOUN,nsubj,nsubj,explicit_full,
1304,583,one-to-many,dn_680,ygc_652 ygc_654,Giorgio,Giorgio,NOUN,NOUN,obj,nmod,explicit_ref_pos,
1305,583,one-to-many,dn_680,ygc_652 ygc_654,Ippolita,Ippolita,PRON,PRON,nsubj,nsubj,explicit_full,
1306,583,one-to-many,dn_680,ygc_652 ygc_654,Ippolita,MISSING,PRON,MISSING,obj,MISSING,leftover_source,
1307,583,one-to-many,dn_680,ygc_652 ygc_654,MISSING,Ippolita,MISSING,NULL,MISSING,nsubj,leftover_target,
1308,584,one-to-one,dn_681,ygc_653,Giorgio,Giorgio,PRON,PRON,nsubj,nsubj,explicit_full,
1309,584,one-to-one,dn_681,ygc_653,Giorgio,Giorgio,NULL,NULL,nsubj,nsubj,zero_zero_single,
1310,585,one-to-one,dn_682,ygc_655,Giorgio,MISSING,PRON,MISSING,obj,MISSING,leftover_source,
1311,585,one-to-one,dn_682,ygc_655,Giorgio,MISSING,PRON,MISSING,obj,MISSING,leftover_source,
1312,585,one-to-one,dn_682,ygc_655,Ippolita,Ippolita,PRON,PRON,nsubj,nsubj,explicit_full,
1313,585,one-to-one,dn_682,ygc_655,MISSING,Ippolita,MISSING,NULL,MISSING,nsubj,leftover_target,
1314,585,one-to-one,dn_682,ygc_655,MISSING,Ippolita,MISSING,NULL,MISSING,nsubj,leftover_target,
1315,586,one-to-one,dn_683,ygc_656,Giorgio,Giorgio,PRON,PRON,nsubj,nsubj,explicit_full,
1316,586,one-to-one,dn_683,ygc_656,Giorgio,Giorgio,NULL,NULL,nsubj,nsubj,zero_zero_single,
1317,586,one-to-one,dn_683,ygc_656,Ippolita,Ippolita,PRON,PRON,obj,obj,explicit_full,
1318,586,one-to-one,dn_683,ygc_656,Ippolita,Ippolita,PRON,PRON,obj,nmod,explicit_ref_pos,
1319,587,one-to-one,dn_684,ygc_657,MISSING,Giorgio,MISSING,NULL,MISSING,nsubj,leftover_target,
1320,587,one-to-one,dn_684,ygc_657,MISSING,Giorgio,MISSING,NULL,MISSING,nsubj,leftover_target,
1321,587,one-to-one,dn_684,ygc_657,Giorgio Ippolita,MISSING,PRON,MISSING,nsubj,MISSING,leftover_source,
1322,587,one-to-one,dn_684,ygc_657,Giorgio Ippolita,MISSING,DET,MISSING,nmod,MISSING,leftover_source,
1323,588,one-to-one,dn_685,ygc_658,Giorgio Ippolita,Giorgio Ippolita,NULL,NOUN,nsubj,nsubj,zero_to_tgt_anchor,
1324,590,one-to-one,dn_687,ygc_660,MrMartlet,MrMartlet,PROPN,NOUN,nsubj,nsubj,explicit_ref_case,
1325,590,one-to-one,dn_687,ygc_660,MrsMartlet,MrsMartlet,PROPN,NOUN,nsubj,nsubj,explicit_ref_case,
1326,591,one-to-one,dn_688,ygc_661,another-traveller,another-traveller,NOUN,NOUN,nsubj,nsubj,explicit_full,
1327,591,one-to-one,dn_688,ygc_661,MISSING,another-traveller,MISSING,NULL,MISSING,nsubj,leftover_target,
1328,592,one-to-one,dn_700,ygc_662,Giorgio,MISSING,NULL,MISSING,nsubj,MISSING,leftover_source,
1329,592,one-to-one,dn_700,ygc_662,MISSING,Ippolita,MISSING,NULL,MISSING,nsubj,leftover_target,
1330,592,one-to-one,dn_700,ygc_662,MrMartlet,MrMartlet,PROPN,NOUN,nsubj,obj,explicit_ref_only,
1331,593,one-to-one,dn_701,ygc_663,Giorgio,MISSING,PRON,MISSING,obj,MISSING,leftover_source,
1332,593,one-to-one,dn_701,ygc_663,Ippolita,Ippolita,PROPN,PROPN,nsubj,nsubj,explicit_full,
1333,594,one-to-one,dn_702,ygc_664,MISSING,MrMartlet,MISSING,NULL,MISSING,nsubj,leftover_target,
1334,595,one-to-one,dn_703,ygc_666,Ippolita,Ippolita,NULL,NULL,nsubj,nsubj,zero_zero_single,
1335,595,one-to-one,dn_703,ygc_666,MISSING,Ippolita,MISSING,PRON,MISSING,nsubj,leftover_target,
1336,596,one-to-one,dn_704,ygc_665,Giorgio,Giorgio,PRON,PRON,nsubj,nsubj,explicit_full,
1337,596,one-to-one,dn_704,ygc_665,MISSING,Giorgio,MISSING,NULL,MISSING,nsubj,leftover_target,
1338,598,many-to-one,dn_706 dn_707,ygc_668,Giorgio,MISSING,PRON,MISSING,obj,MISSING,leftover_source,
1339,598,many-to-one,dn_706 dn_707,ygc_668,MISSING,Ippolita,MISSING,PRON,MISSING,nsubj,leftover_target,
1340,599,one-to-one,dn_708,ygc_669,Giorgio,Giorgio,PRON,NOUN,obj,obj,explicit_ref_case,
1341,599,one-to-one,dn_708,ygc_669,Ippolita,Ippolita,PRON,PRON,nsubj,nsubj,explicit_full,
1342,599,one-to-one,dn_708,ygc_669,MISSING,Ippolita,MISSING,DET,MISSING,nmod,leftover_target,
1343,599,one-to-one,dn_708,ygc_669,MISSING,Ippolita,MISSING,NULL,MISSING,nsubj,leftover_target,
1344,600,one-to-one,dn_709,ygc_670,Giorgio,Giorgio,PRON,PRON,obj,nmod,explicit_ref_pos,
1345,600,one-to-one,dn_709,ygc_670,Ippolita,Ippolita,DET,PRON,nmod,nmod,explicit_ref_case,
1346,601,one-to-one,dn_710,ygc_671,Giorgio,Giorgio,PROPN,PROPN,nsubj,nsubj,explicit_full,
1347,602,one-to-one,dn_711,ygc_672,Ippolita,Ippolita,PRON,PRON,nsubj,nsubj,explicit_full,
1348,603,one-to-one,dn_712,ygc_673,Ippolita,Ippolita,DET,PRON,nmod,nmod,explicit_ref_case,
1349,605,one-to-one,dn_714 dn_715,ygc_675 ygc_676,Giorgio,MISSING,PRON,MISSING,obj,MISSING,leftover_source,
1350,605,one-to-one,dn_714 dn_715,ygc_675 ygc_676,MISSING,Giorgio,MISSING,NULL,MISSING,nsubj,leftover_target,
1351,605,one-to-one,dn_714 dn_715,ygc_675 ygc_676,Ippolita,Ippolita,PRON,PRON,nsubj,nsubj,explicit_full,
1352,605,one-to-one,dn_714 dn_715,ygc_675 ygc_676,Ippolita,Ippolita,NOUN,PRON,nmod,nmod,explicit_ref_case,
1353,605,one-to-one,dn_714 dn_715,ygc_675 ygc_676,Ippolita,MISSING,PRON-REFLEX,MISSING,obj,MISSING,leftover_source,
1354,606,many-to-one,dn_716 dn_717,ygc_677,Giorgio,MISSING,NULL,MISSING,nsubj,MISSING,leftover_source,
1355,606,many-to-one,dn_716 dn_717,ygc_677,MISSING,Giorgio Ippolita,MISSING,NULL,MISSING,nsubj,leftover_target,
1356,607,one-to-one,dn_718,ygc_678,Ippolita,Ippolita,PROPN,PROPN,nsubj,nsubj,explicit_full,
1357,609,many-to-one,dn_720 dn_722,ygc_680,Giorgio,MISSING,NULL,MISSING,nsubj,MISSING,leftover_source,
1358,609,many-to-one,dn_720 dn_722,ygc_680,Giorgio Ippolita,Giorgio Ippolita,NULL,NULL,nsubj,nsubj,zero_zero_single,
1359,610,one-to-one,dn_721,ygc_681,Ippolita,Ippolita,PRON,PRON,nsubj,nsubj,explicit_full,
1360,612,many-to-one,dn_724 dn_725,ygc_683,Giorgio,Giorgio,NULL,NULL,nsubj,nsubj,zero_zero_single,
1361,614,one-to-one,dn_727,ygc_685,MISSING,man-on-the-train,MISSING,NULL,MISSING,nsubj,leftover_target,
1362,614,one-to-one,dn_727,ygc_685,MISSING,man-on-the-train,MISSING,NULL,MISSING,nsubj,leftover_target,
1363,615,one-to-one,dn_728,ygc_686,Giorgio,Giorgio,PROPN,PROPN,nsubj,nsubj,explicit_full,
1364,615,one-to-one,dn_728,ygc_686,Giorgio,MISSING,PRON-REFLEX,MISSING,obj,MISSING,leftover_source,
1365,615,one-to-one,dn_728,ygc_686,MISSING,Giorgio,MISSING,NULL,MISSING,nsubj,leftover_target,
1366,617,many-to-one,dn_731 dn_732,ygc_688,Giorgio,MISSING,NOUN,MISSING,vocative,MISSING,leftover_source,
1367,618,one-to-one,dn_733,ygc_689,man-on-the-train,man-on-the-train,NOUN,NOUN,nsubj,nsubj,explicit_full,
1368,618,one-to-one,dn_733,ygc_689,MISSING,man-on-the-train,MISSING,NULL,MISSING,nsubj,leftover_target,
1369,619,one-to-one,dn_734,ygc_690,Giorgio,Giorgio,NULL,NULL,nsubj,nsubj,zero_zero_single,
1370,620,one-to-one,dn_735,ygc_691,Giorgio,Giorgio,NULL,NULL,nsubj,nsubj,zero_zero_single,
1371,620,one-to-one,dn_735,ygc_691,Giorgio,MISSING,NOUN,MISSING,vocative,MISSING,leftover_source,
1372,621,one-to-one,dn_736,ygc_692,Ippolita,Ippolita,PROPN,PROPN,nsubj,nsubj,explicit_full,
1373,621,one-to-one,dn_736,ygc_692,Ippolita,Ippolita,PRON-REFLEX,PRON,obj,obj,reflex_obj,
1374,621,one-to-one,dn_736,ygc_692,MrMartlet MrsMartlet,MrMartlet MrsMartlet,NOUN,NOUN,nsubj,nsubj,explicit_full,
1375,621,one-to-one,dn_736,ygc_692,MrMartlet MrsMartlet,MrMartlet MrsMartlet,NULL,NULL,nsubj,nsubj,zero_zero_single,
1376,622,one-to-one,dn_737,ygc_693,Giorgio,Giorgio,NOUN,PROPN,obj,nsubj,explicit_ref_only,
1377,622,one-to-one,dn_737,ygc_693,MISSING,Giorgio,MISSING,NULL,MISSING,nsubj,leftover_target,
1378,622,one-to-one,dn_737,ygc_693,Ippolita,MISSING,PRON,MISSING,nmod,MISSING,leftover_source,
1379,623,one-to-one,dn_738,ygc_694,MISSING,Giorgio Ippolita,MISSING,NULL,MISSING,nsubj,leftover_target,
1380,625,one-to-many,dn_740,ygc_696 ygc_697,Giorgio,Giorgio,PROPN,PROPN,nsubj,nsubj,explicit_full,
1381,625,one-to-many,dn_740,ygc_696 ygc_697,Ippolita,Ippolita,PROPN,PROPN,nsubj,nsubj,explicit_full,
1382,625,one-to-many,dn_740,ygc_696 ygc_697,man-on-the-train,man-on-the-train,NOUN,NOUN,obj,obj,explicit_full,
1383,626,one-to-one,dn_741,ygc_698,MrMartlet,MrMartlet,PROPN,NOUN,nsubj,nsubj,explicit_ref_case,
1384,626,one-to-one,dn_741,ygc_698,MISSING,MrMartlet,MISSING,NULL,MISSING,nsubj,leftover_target,
1385,627,one-to-many,dn_742,ygc_699 ygc_700,Ippolita,Ippolita,PROPN,PROPN,obj,obj,explicit_full,
1386,627,one-to-many,dn_742,ygc_699 ygc_700,MISSING,Ippolita,MISSING,PRON,MISSING,nsubj,leftover_target,
1387,627,one-to-many,dn_742,ygc_699 ygc_700,MrMartlet,MrMartlet,PRON,NULL,nsubj,nsubj,zero_to_src_anchor,
1388,627,one-to-many,dn_742,ygc_699 ygc_700,MrMartlet,MISSING,PRON-REFLEX,MISSING,obj,MISSING,leftover_source,
1389,627,one-to-many,dn_742,ygc_699 ygc_700,MISSING,MrMartlet,MISSING,NULL,MISSING,nsubj,leftover_target,
1390,628,one-to-one,dn_743,ygc_701,MrMartlet,MrMartlet,PROPN,PROPN,vocative,vocative,explicit_full,
1391,629,one-to-one,dn_744,ygc_702,Ippolita,Ippolita,PRON,PRON,nsubj,nsubj,explicit_full,
1392,629,one-to-one,dn_744,ygc_702,MISSING,Ippolita,MISSING,NULL,MISSING,nsubj,leftover_target,
1393,630,one-to-one,dn_745,ygc_703,Ippolita,Ippolita,PRON,PRON,obj,nsubj,explicit_ref_pos,
1394,630,one-to-one,dn_745,ygc_703,MrMartlet,MrMartlet,PRON,NOUN,obj,obj,explicit_ref_case,
1395,631,one-to-one,dn_746,ygc_704,Ippolita,Ippolita,NULL,NULL,nsubj,nsubj,zero_zero_semantic,0.2230306975472541
1396,631,one-to-one,dn_746,ygc_704,MISSING,Ippolita,MISSING,NULL,MISSING,nsubj,leftover_target,
1397,631,one-to-one,dn_746,ygc_704,MrMartlet,MISSING,PRON,MISSING,obj,MISSING,leftover_source,
1398,632,one-to-one,dn_747,ygc_706,Giorgio,Giorgio,PROPN,PROPN,obj,obj,explicit_full,
1399,632,one-to-one,dn_747,ygc_706,Ippolita,MISSING,PRON-REFLEX,MISSING,obj,MISSING,leftover_source,
1400,632,one-to-one,dn_747,ygc_706,MISSING,Ippolita,MISSING,PRON,MISSING,nsubj,leftover_target,
1401,633,one-to-one,dn_748,ygc_705,MISSING,Giorgio Ippolita,MISSING,NULL,MISSING,nsubj,leftover_target,
1402,634,many-to-one,dn_749 dn_750,ygc_707,MISSING,Giorgio Ippolita,MISSING,NULL,MISSING,nsubj,leftover_target,
1403,634,many-to-one,dn_749 dn_750,ygc_707,MISSING,Giorgio Ippolita,MISSING,NULL,MISSING,nsubj,leftover_target,
1404,634,many-to-one,dn_749 dn_750,ygc_707,station-worker,station-worker,NOUN,NOUN,nsubj,obj,explicit_ref_pos,
1405,636,one-to-one,dn_752,ygc_709,Ippolita,Ippolita,PROPN,PROPN,nsubj,nsubj,explicit_full,
1406,638,one-to-one,dn_754,ygc_711,MISSING,Giorgio,MISSING,NULL,MISSING,nsubj,leftover_target,
1407,638,one-to-one,dn_754,ygc_711,Ippolita,Ippolita,PRON,PRON,nsubj,nmod,explicit_ref_pos,
1408,638,one-to-one,dn_754,ygc_711,Ippolita,MISSING,NULL,MISSING,nsubj,MISSING,leftover_source,
1409,639,one-to-one,dn_755,ygc_712,Giorgio,Giorgio,PRON,NULL,nsubj,nsubj,zero_to_src_anchor,
1410,639,one-to-one,dn_755,ygc_712,Giorgio,MISSING,PRON,MISSING,obj,MISSING,leftover_source,
1411,640,many-to-one,dn_756 dn_757,ygc_713,Giorgio,Giorgio,PROPN,NOUN,vocative,vocative,explicit_ref_case,
1412,640,many-to-one,dn_756 dn_757,ygc_713,Giorgio,Giorgio,NULL,NULL,nsubj,nsubj,zero_zero_semantic,0.372663547595342
1413,640,many-to-one,dn_756 dn_757,ygc_713,Giorgio,Giorgio,NULL,NULL,nsubj,nsubj,zero_zero_semantic,0.3772852025126333
1414,640,many-to-one,dn_756 dn_757,ygc_713,Giorgio,MISSING,PRON-REFLEX,MISSING,obj,MISSING,leftover_source,
1415,640,many-to-one,dn_756 dn_757,ygc_713,Giorgio,MISSING,PRON-REFLEX,MISSING,obj,MISSING,leftover_source,
1416,640,many-to-one,dn_756 dn_757,ygc_713,Giorgio,MISSING,NULL,MISSING,nsubj,MISSING,leftover_source,
1417,640,many-to-one,dn_756 dn_757,ygc_713,Ippolita,MISSING,PRON,MISSING,obj,MISSING,leftover_source,
1418,640,many-to-one,dn_756 dn_757,ygc_713,MISSING,Ippolita,MISSING,NULL,MISSING,nsubj,leftover_target,
1419,641,one-to-one,dn_758,ygc_714,Giorgio,MISSING,PRON,MISSING,obj,MISSING,leftover_source,
1420,641,one-to-one,dn_758,ygc_714,Ippolita,Ippolita,PRON,PRON,nsubj,nsubj,explicit_full,
1421,641,one-to-one,dn_758,ygc_714,MISSING,Ippolita,MISSING,NULL,MISSING,nsubj,leftover_target,
1422,642,one-to-one,dn_759,ygc_715,Giorgio Ippolita,Giorgio Ippolita,PRON,NOUN,nsubj,nsubj,explicit_ref_case,
1423,642,one-to-one,dn_759,ygc_715,Giorgio Ippolita,MISSING,PRON-REFLEX,MISSING,obj,MISSING,leftover_source,
1424,648,one-to-many,dn_765,ygc_721 ygc_722,Giorgio Ippolita,Giorgio Ippolita,NOUN,NOUN,nsubj,nsubj,explicit_full,
1425,648,one-to-many,dn_765,ygc_721 ygc_722,Giorgio Ippolita,MISSING,PRON-REFLEX,MISSING,obj,MISSING,leftover_source,
1426,651,one-to-one,dn_772,ygc_727,Giorgio Ippolita,Giorgio Ippolita,NULL,NULL,nsubj,nsubj,zero_zero_single,
1427,652,one-to-one,dn_773,ygc_728,Giorgio,Giorgio,PROPN,PROPN,nsubj,nsubj,explicit_full,
1428,654,one-to-one,dn_775,ygc_730,Giorgio,MISSING,PRON,MISSING,nsubj,MISSING,leftover_source,
1429,654,one-to-one,dn_775,ygc_730,MISSING,Giorgio Ippolita,MISSING,NULL,MISSING,nsubj,leftover_target,
1430,655,one-to-one,dn_776,ygc_731,Giorgio Ippolita,Giorgio Ippolita,PRON,NOUN,obj,nsubj,explicit_ref_only,
1431,656,one-to-one,dn_777,ygc_732,Giorgio Ippolita,Giorgio Ippolita,NULL,NULL,nsubj,nsubj,zero_zero_semantic,0.4045535539453094
1432,656,one-to-one,dn_777,ygc_732,MISSING,Giorgio Ippolita,MISSING,NULL,MISSING,nsubj,leftover_target,
1433,656,one-to-one,dn_777,ygc_732,MISSING,Giorgio Ippolita,MISSING,NULL,MISSING,nsubj,leftover_target,
1434,657,one-to-one,dn_778,ygc_733,Giorgio Ippolita,MISSING,NULL,MISSING,nsubj,MISSING,leftover_source,
1435,658,one-to-one,dn_779,ygc_734,Giorgio,Giorgio,DET,PROPN,nmod,nmod,explicit_ref_case,
1436,658,one-to-one,dn_779,ygc_734,Ippolita,Ippolita,DET,PRON,nmod,obj,explicit_ref_only,
1437,659,one-to-one,dn_780,ygc_735,Giorgio,Giorgio,PROPN,PROPN,nsubj,nsubj,explicit_full,
1438,661,one-to-one,dn_782,ygc_737,Ippolita,Ippolita,PRON,PRON,nsubj,nsubj,explicit_full,
1439,662,one-to-one,dn_783,ygc_739,Giorgio,MISSING,NULL,MISSING,nsubj,MISSING,leftover_source,
1440,662,one-to-one,dn_783,ygc_739,MISSING,Giorgio,MISSING,PROPN,MISSING,nmod,leftover_target,
1441,662,one-to-one,dn_783,ygc_739,Ippolita,Ippolita,PRON,PRON,obj,nsubj,explicit_ref_pos,
1442,663,one-to-one,dn_784,ygc_738,Giorgio,Giorgio,PRON,PRON,nsubj,nsubj,explicit_full,
1443,663,one-to-one,dn_784,ygc_738,MISSING,Giorgio,MISSING,NULL,MISSING,nsubj,leftover_target,
1444,663,one-to-one,dn_784,ygc_738,MISSING,Giorgio,MISSING,NULL,MISSING,nsubj,leftover_target,
1445,665,one-to-one,dn_786 dn_787 dn_788,ygc_741 ygc_742 ygc_743,Giorgio,Giorgio,PRON,PRON,nsubj,nsubj,explicit_full,
1446,665,one-to-one,dn_786 dn_787 dn_788,ygc_741 ygc_742 ygc_743,Giorgio,Giorgio,NULL,NULL,nsubj,nsubj,zero_zero_semantic,0.4822100610807346
1447,665,one-to-one,dn_786 dn_787 dn_788,ygc_741 ygc_742 ygc_743,Giorgio,Giorgio,NULL,NULL,nsubj,nsubj,zero_zero_semantic,0.560538143315268
1448,665,one-to-one,dn_786 dn_787 dn_788,ygc_741 ygc_742 ygc_743,Giorgio,Giorgio,NULL,NULL,nsubj,nsubj,zero_zero_semantic,0.38303432627102824
1449,666,one-to-one,dn_793,ygc_744,Giorgio,Giorgio,PRON,PRON,nsubj,nsubj,explicit_full,
1450,666,one-to-one,dn_793,ygc_744,MISSING,Giorgio,MISSING,NULL,MISSING,nsubj,leftover_target,
1451,668,one-to-many,dn_795,ygc_746 ygc_747 ygc_748,Giorgio,Giorgio,PRON,PRON,nsubj,nmod,explicit_ref_pos,
1452,668,one-to-many,dn_795,ygc_746 ygc_747 ygc_748,Giorgio,Giorgio,PRON,NOUN,nsubj,nmod,explicit_ref_only,
1453,668,one-to-many,dn_795,ygc_746 ygc_747 ygc_748,Giorgio,MISSING,PRON,MISSING,obj,MISSING,leftover_source,
1454,668,one-to-many,dn_795,ygc_746 ygc_747 ygc_748,Ippolita,Ippolita,PROPN,PROPN,nsubj,nsubj,explicit_full,
1455,668,one-to-many,dn_795,ygc_746 ygc_747 ygc_748,MISSING,Ippolita,MISSING,NULL,MISSING,nsubj,leftover_target,
1456,668,one-to-many,dn_795,ygc_746 ygc_747 ygc_748,MISSING,Ippolita,MISSING,PRON,MISSING,obj,leftover_target,
1457,668,one-to-many,dn_795,ygc_746 ygc_747 ygc_748,MISSING,Ippolita,MISSING,PRON,MISSING,obj,leftover_target,
1458,670,many-to-one,dn_797 dn_798,ygc_750,Giorgio,Giorgio,PRON,PROPN,nsubj,nsubj,explicit_ref_case,
1459,670,many-to-one,dn_797 dn_798,ygc_750,Ippolita,Ippolita,NULL,NULL,nsubj,nsubj,zero_zero_single,
1460,671,one-to-one,dn_799,ygc_751,Giorgio,Giorgio,PRON,NULL,nsubj,nsubj,zero_to_src_anchor,
1461,671,one-to-one,dn_799,ygc_751,MISSING,Giorgio,MISSING,NULL,MISSING,nsubj,leftover_target,
1462,672,one-to-one,dn_800,ygc_752,Ippolita,Ippolita,PRON,PRON,nsubj,nsubj,explicit_full,
1463,673,one-to-one,dn_801,ygc_753,Giorgio,MISSING,PRON,MISSING,nsubj,MISSING,leftover_source,
1464,673,one-to-one,dn_801,ygc_753,Ippolita,Ippolita,PRON,PRON,obj,nsubj,explicit_ref_pos,
1465,674,many-to-one,dn_804 dn_805,ygc_754,Giorgio,Giorgio,NULL,PRON,nsubj,nsubj,zero_to_tgt_anchor,
1466,674,many-to-one,dn_804 dn_805,ygc_754,Ippolita,Ippolita,NOUN,NOUN,nsubj,nsubj,explicit_full,
1467,674,many-to-one,dn_804 dn_805,ygc_754,Ippolita,MISSING,NULL,MISSING,nsubj,MISSING,leftover_source,
1468,675,one-to-one,dn_806,ygc_755,Ippolita,MISSING,NULL,MISSING,nsubj,MISSING,leftover_source,
1469,675,one-to-one,dn_806,ygc_755,MISSING,Ippolita,MISSING,PRON,MISSING,nmod,leftover_target,
1470,676,one-to-many,dn_807,ygc_756 ygc_757,Ippolita,MISSING,PRON,MISSING,obj,MISSING,leftover_source,
1471,677,one-to-many,dn_808,ygc_758 ygc_759,Giorgio,Giorgio,NULL,NULL,nsubj,nsubj,zero_zero_semantic,0.28166172646957893
1472,677,one-to-many,dn_808,ygc_758 ygc_759,Giorgio,Giorgio,NULL,PRON,nsubj,nsubj,zero_to_tgt_anchor,
1473,677,one-to-many,dn_808,ygc_758 ygc_759,Giorgio,MISSING,NULL,MISSING,nsubj,MISSING,leftover_source,
1474,677,one-to-many,dn_808,ygc_758 ygc_759,MISSING,Giorgio,MISSING,PRON,MISSING,nmod,leftover_target,
1475,677,one-to-many,dn_808,ygc_758 ygc_759,Ippolita,Ippolita,PRON,PRON,obj,nmod,explicit_ref_pos,
1476,677,one-to-many,dn_808,ygc_758 ygc_759,Ippolita,Ippolita,PRON,PRON,obj,nsubj,explicit_ref_pos,
1477,677,one-to-many,dn_808,ygc_758 ygc_759,Ippolita,MISSING,PRON,MISSING,obj,MISSING,leftover_source,
1478,677,one-to-many,dn_808,ygc_758 ygc_759,Ippolitas-chaperon,Ippolitas-chaperon,NOUN,NOUN,obj,obj,explicit_full,
1479,678,one-to-one,dn_809,ygc_760,Giorgio,Giorgio,NULL,NULL,nsubj,nsubj,zero_zero_single,
1480,679,one-to-one,dn_810,ygc_761,Ippolita,Ippolita,PRON,PRON,nsubj,nsubj,explicit_full,
1481,679,one-to-one,dn_810,ygc_761,Ippolita,MISSING,PRON-REFLEX,MISSING,obj,MISSING,leftover_source,
1482,679,one-to-one,dn_810,ygc_761,MISSING,Ippolita,MISSING,PRON,MISSING,nmod,leftover_target,
1483,679,one-to-one,dn_810,ygc_761,MISSING,Ippolitas-chaperon,MISSING,NOUN,MISSING,nsubj,leftover_target,
1484,680,many-to-one,dn_811 dn_812,ygc_762,Giorgio,Giorgio,NULL,NULL,nsubj,nsubj,zero_zero_single,
1485,680,many-to-one,dn_811 dn_812,ygc_762,Ippolita,MISSING,NULL,MISSING,nsubj,MISSING,leftover_source,
1486,680,many-to-one,dn_811 dn_812,ygc_762,Ippolita,MISSING,PRON,MISSING,obj,MISSING,leftover_source,
1487,681,one-to-many,dn_813,ygc_763 ygc_764,Ippolita,Ippolita,PROPN,PROPN,nsubj,nsubj,explicit_full,
1488,682,one-to-one,dn_814,ygc_765,Ippolita,Ippolita,NULL,NULL,nsubj,nsubj,zero_zero_single,
1489,683,one-to-one,dn_816,ygc_766,Ippolita,Ippolita,NULL,NULL,nsubj,nsubj,zero_zero_semantic,0.48875139677260493
1490,683,one-to-one,dn_816,ygc_766,Ippolita,MISSING,PRON-REFLEX,MISSING,obj,MISSING,leftover_source,
1491,683,one-to-one,dn_816,ygc_766,MISSING,Ippolita,MISSING,NULL,MISSING,nsubj,leftover_target,
1492,684,one-to-one,dn_817,ygc_767,Ippolita,Ippolita,NULL,NULL,nsubj,nsubj,zero_zero_semantic,0.4853921846339577
1493,684,one-to-one,dn_817,ygc_767,MISSING,Ippolita,MISSING,PRON,MISSING,nsubj,leftover_target,
1494,684,one-to-one,dn_817,ygc_767,MISSING,Ippolita,MISSING,NULL,MISSING,nsubj,leftover_target,
1495,687,many-to-one,dn_820 dn_821,ygc_771,Giorgio Ippolita,Giorgio Ippolita,PRON,NOUN,nsubj,nsubj,explicit_ref_case,
1496,687,many-to-one,dn_820 dn_821,ygc_771,Ippolita,MISSING,PROPN,MISSING,nsubj,MISSING,leftover_source,
1497,688,one-to-one,dn_822,ygc_772,Giorgio Ippolita,Giorgio Ippolita,DET,PRON,nmod,nmod,explicit_ref_case,
1498,688,one-to-one,dn_822,ygc_772,Giorgio Ippolita,MISSING,PRON,MISSING,obj,MISSING,leftover_source,
1499,688,one-to-one,dn_822,ygc_772,MISSING,Giorgio Ippolita,MISSING,NULL,MISSING,nsubj,leftover_target,
1500,689,one-to-many,dn_823,ygc_773 ygc_774,Giorgio Ippolita,MISSING,PRON,MISSING,nsubj,MISSING,leftover_source,
1501,690,many-to-one,dn_824 dn_825 dn_826,ygc_775,Giorgio Ippolita,Giorgio Ippolita,PRON,PRON,nsubj,nsubj,explicit_full,
1502,690,many-to-one,dn_824 dn_825 dn_826,ygc_775,Giorgio Ippolita,Giorgio Ippolita,NOUN,DET,nmod,nmod,explicit_ref_case,
1503,690,many-to-one,dn_824 dn_825 dn_826,ygc_775,Giorgio Ippolita,Giorgio Ippolita,PRON,PRON,nsubj,obj,explicit_ref_pos,
1504,691,one-to-one,dn_827,ygc_776,Giorgio Ippolita,Giorgio Ippolita,DET,PRON,nmod,nmod,explicit_ref_case,
1505,692,one-to-one,dn_828,ygc_777,Giorgio,Giorgio,NULL,NULL,nsubj,nsubj,zero_zero_single,
1506,693,one-to-one,dn_829,ygc_778,Ippolita,Ippolita,PROPN,PROPN,nsubj,nsubj,explicit_full,
1507,693,one-to-one,dn_829,ygc_778,MISSING,Ippolita,MISSING,NULL,MISSING,nsubj,leftover_target,
1508,694,one-to-one,dn_830,ygc_779,Ippolita,Ippolita,PRON,PRON,nsubj,nsubj,explicit_full,
1509,695,one-to-one,dn_831,ygc_780,Giorgio,Giorgio,PROPN,PROPN,nsubj,nsubj,explicit_full,
1510,695,one-to-one,dn_831,ygc_780,MISSING,Giorgio,MISSING,NULL,MISSING,nsubj,leftover_target,
1511,695,one-to-one,dn_831,ygc_780,Ippolita,Ippolita,PRON,PRON,obj,obj,explicit_full,
1512,696,many-to-one,dn_832 dn_833,ygc_781,Giorgio Ippolita,Giorgio Ippolita,PRON,PRON,nsubj,nsubj,explicit_full,
1513,696,many-to-one,dn_832 dn_833,ygc_781,Giorgio Ippolita,Giorgio Ippolita,NULL,NULL,nsubj,nsubj,zero_zero_semantic,0.8115820108226153
1514,696,many-to-one,dn_832 dn_833,ygc_781,Giorgio Ippolita,Giorgio Ippolita,NULL,NULL,nsubj,nsubj,zero_zero_semantic,0.39443599886765784
1515,699,one-to-one,dn_837,ygc_784,Ippolita,Ippolita,PROPN,PROPN,vocative,vocative,explicit_full,
1516,700,one-to-one,dn_838,ygc_785,Giorgio,Giorgio,PROPN,PROPN,nsubj,nsubj,explicit_full,
1517,700,one-to-one,dn_838,ygc_785,MISSING,Giorgio,MISSING,NULL,MISSING,nsubj,leftover_target,
1518,700,one-to-one,dn_838,ygc_785,MISSING,Ippolita,MISSING,DET,MISSING,nmod,leftover_target,
1519,701,one-to-one,dn_839,ygc_786,Giorgio,Giorgio,NULL,NULL,nsubj,nsubj,zero_zero_semantic,0.2992526518721734
1520,701,one-to-one,dn_839,ygc_786,Giorgio,MISSING,NULL,MISSING,nsubj,MISSING,leftover_source,
1521,701,one-to-one,dn_839,ygc_786,MISSING,Giorgio,MISSING,PRON,MISSING,nmod,leftover_target,
1522,701,one-to-one,dn_839,ygc_786,Ippolita,MISSING,PRON-REFLEX,MISSING,obj,MISSING,leftover_source,
1523,701,one-to-one,dn_839,ygc_786,Ippolita,MISSING,NULL,MISSING,nsubj,MISSING,leftover_source,
1524,701,one-to-one,dn_839,ygc_786,MISSING,Ippolita,MISSING,PRON,MISSING,nmod,leftover_target,
1525,702,one-to-one,dn_840,ygc_787,Giorgio,MISSING,NULL,MISSING,nsubj,MISSING,leftover_source,
1526,702,one-to-one,dn_840,ygc_787,Giorgio,MISSING,NULL,MISSING,nsubj,MISSING,leftover_source,
1527,702,one-to-one,dn_840,ygc_787,MISSING,Giorgio,MISSING,PRON,MISSING,obj,leftover_target,
1528,702,one-to-one,dn_840,ygc_787,Ippolita,MISSING,DET,MISSING,nmod,MISSING,leftover_source,
1529,703,one-to-one,dn_841,ygc_788,Giorgio,Giorgio,DET,PRON,nmod,obj,explicit_ref_only,
1530,703,one-to-one,dn_841,ygc_788,Giorgios-younger-sister-Ippolita,Giorgios-younger-sister-Ippolita,NOUN,NOUN,nsubj,nsubj,explicit_full,
1531,703,one-to-one,dn_841,ygc_788,Giorgios-younger-sister-Ippolita,MISSING,PRON-REFLEX,MISSING,obj,MISSING,leftover_source,
1532,704,one-to-one,dn_842,ygc_789,Giorgio,MISSING,PRON,MISSING,obj,MISSING,leftover_source,
1533,704,one-to-one,dn_842,ygc_789,MISSING,Ippolita,MISSING,PRON,MISSING,nmod,leftover_target,
1534,705,one-to-one,dn_843,ygc_790,Giorgio,Giorgio,NULL,PRON,nsubj,nsubj,zero_to_tgt_anchor,
1535,706,one-to-one,dn_844,ygc_791,Giorgio,Giorgio,DET,PRON,nmod,nsubj,explicit_ref_only,
1536,707,one-to-one,dn_845,ygc_792,Giorgio,Giorgio,DET,PRON,nmod,nmod,explicit_ref_case,
1537,707,one-to-one,dn_845,ygc_792,Giorgios-younger-sister-Ippolita,Giorgios-younger-sister-Ippolita,NOUN,NOUN,nmod,nmod,explicit_full,
1538,707,one-to-one,dn_845,ygc_792,MISSING,Ippolita,MISSING,PRON,MISSING,obj,leftover_target,
1539,708,one-to-many,dn_846,ygc_793 ygc_794 ygc_795,Giorgio,Giorgio,PRON,PRON,obj,obj,explicit_full,
1540,708,one-to-many,dn_846,ygc_793 ygc_794 ygc_795,Giorgio,Giorgio,PRON,PRON,obj,obj,explicit_full,
1541,708,one-to-many,dn_846,ygc_793 ygc_794 ygc_795,Giorgio,Giorgio,NULL,NULL,nsubj,nsubj,zero_zero_semantic,0.32348513777997684
1542,708,one-to-many,dn_846,ygc_793 ygc_794 ygc_795,Giorgio,Giorgio,NULL,NULL,nsubj,nsubj,zero_zero_semantic,0.24644715446977322
1543,708,one-to-many,dn_846,ygc_793 ygc_794 ygc_795,Giorgio,MISSING,PRON,MISSING,nsubj,MISSING,leftover_source,
1544,708,one-to-many,dn_846,ygc_793 ygc_794 ygc_795,Giorgio,MISSING,NULL,MISSING,nsubj,MISSING,leftover_source,
1545,708,one-to-many,dn_846,ygc_793 ygc_794 ygc_795,Giorgio,MISSING,PRON,MISSING,obj,MISSING,leftover_source,
1546,708,one-to-many,dn_846,ygc_793 ygc_794 ygc_795,Ippolita,Ippolita,PRON,PRON,obj,obj,explicit_full,
1547,708,one-to-many,dn_846,ygc_793 ygc_794 ygc_795,Ippolita,Ippolita,PRON,PRON,nsubj,nsubj,explicit_full,
1548,708,one-to-many,dn_846,ygc_793 ygc_794 ygc_795,Ippolita,MISSING,PRON,MISSING,obj,MISSING,leftover_source,
1549,708,one-to-many,dn_846,ygc_793 ygc_794 ygc_795,Ippolita,MISSING,NULL,MISSING,nsubj,MISSING,leftover_source,
1550,708,one-to-many,dn_846,ygc_793 ygc_794 ygc_795,Ippolita,MISSING,NULL,MISSING,nsubj,MISSING,leftover_source,
1551,709,one-to-one,dn_847,ygc_796,MISSING,Giorgio,MISSING,PRON,MISSING,nmod,leftover_target,
1552,710,one-to-one,dn_848,ygc_797,Giorgio,Giorgio,DET,PRON,nmod,nmod,explicit_ref_case,
1553,710,one-to-one,dn_848,ygc_797,Giorgio,Giorgio,NULL,NULL,nsubj,nsubj,zero_zero_semantic,0.25593705115647153
1554,710,one-to-one,dn_848,ygc_797,Giorgio,Giorgio,NULL,PRON,nsubj,nsubj,zero_to_tgt_anchor,
1555,711,one-to-one,dn_849,ygc_798,Giorgio,Giorgio,NULL,NULL,nsubj,nsubj,zero_zero_semantic,0.26023574426628293
1556,711,one-to-one,dn_849,ygc_798,Giorgio,MISSING,NULL,MISSING,nsubj,MISSING,leftover_source,
1557,711,one-to-one,dn_849,ygc_798,GiovanniSgambati,MISSING,PROPN,MISSING,nmod,MISSING,leftover_source,
1558,711,one-to-one,dn_849,ygc_798,Ippolita,Ippolita,PRON,PRON,obj,obj,explicit_full,
1559,711,one-to-one,dn_849,ygc_798,Ippolita,Ippolita,PRON,PRON,nsubj,nsubj,explicit_full,
1560,711,one-to-one,dn_849,ygc_798,Ippolita,MISSING,PRON,MISSING,obj,MISSING,leftover_source,
1561,712,one-to-one,dn_850,ygc_799,Giorgio,Giorgio,PRON,PRON,obj,obj,explicit_full,
1562,712,one-to-one,dn_850,ygc_799,Ippolita,Ippolita,NULL,PRON,nsubj,nsubj,zero_to_tgt_anchor,
1563,713,many-to-one,dn_851 dn_852,ygc_800,Giorgio,MISSING,PRON,MISSING,obj,MISSING,leftover_source,
1564,713,many-to-one,dn_851 dn_852,ygc_800,Giorgio Ippolita,MISSING,PRON-REFLEX,MISSING,obj,MISSING,leftover_source,
1565,713,many-to-one,dn_851 dn_852,ygc_800,Giorgio Ippolita,MISSING,NULL,MISSING,nsubj,MISSING,leftover_source,
1566,713,many-to-one,dn_851 dn_852,ygc_800,Ippolita,Ippolita,NULL,PRON,nsubj,nsubj,zero_to_tgt_anchor,
1567,713,many-to-one,dn_851 dn_852,ygc_800,Ippolita,MISSING,PRON-REFLEX,MISSING,obj,MISSING,leftover_source,
1568,713,many-to-one,dn_851 dn_852,ygc_800,Ippolita,MISSING,NULL,MISSING,nsubj,MISSING,leftover_source,
1569,714,one-to-one,dn_853,ygc_801,Ippolita,Ippolita,NULL,NULL,nsubj,nsubj,zero_zero_single,
1570,714,one-to-one,dn_853,ygc_801,Ippolita,MISSING,PRON,MISSING,obj,MISSING,leftover_source,
1571,715,one-to-one,dn_854,ygc_802,Cecilia,Cecilia,NOUN,NOUN,obj,obj,explicit_full,
1572,715,one-to-one,dn_854,ygc_802,Ippolita,Ippolita,NULL,NULL,nsubj,nsubj,zero_zero_single,
1573,715,one-to-one,dn_854,ygc_802,Ippolita,MISSING,PRON,MISSING,obj,MISSING,leftover_source,
1574,716,many-to-one,dn_855 dn_856,ygc_803,Cecilia,Cecilia,NOUN,NOUN,pred,pred,explicit_full,
1575,716,many-to-one,dn_855 dn_856,ygc_803,Cecilia,Cecilia,PROPN,PRON,pred,nsubj,explicit_ref_only,
1576,716,many-to-one,dn_855 dn_856,ygc_803,Ippolita,MISSING,DET,MISSING,nmod,MISSING,leftover_source,
1577,717,one-to-one,dn_857,ygc_804,Giorgio,Giorgio,PRON,PROPN,nsubj,nsubj,explicit_ref_case,
1578,717,one-to-one,dn_857,ygc_804,Giorgio,MISSING,PRON-REFLEX,MISSING,obj,MISSING,leftover_source,
1579,717,one-to-one,dn_857,ygc_804,MISSING,Giorgio,MISSING,NULL,MISSING,nsubj,leftover_target,
1580,717,one-to-one,dn_857,ygc_804,Ippolita,MISSING,PRON,MISSING,obj,MISSING,leftover_source,
1581,717,one-to-one,dn_857,ygc_804,MISSING,Ippolita Cecilia,MISSING,PRON,MISSING,obj,leftover_target,
1582,718,one-to-one,dn_858,ygc_805,Giorgio,MISSING,NULL,MISSING,nsubj,MISSING,leftover_source,
1583,718,one-to-one,dn_858,ygc_805,MISSING,Giorgio,MISSING,PROPN,MISSING,nmod,leftover_target,
1584,718,one-to-one,dn_858,ygc_805,Giorgio Ippolita,MISSING,NOUN,MISSING,nsubj,MISSING,leftover_source,
1585,718,one-to-one,dn_858,ygc_805,MISSING,Ippolita,MISSING,PRON,MISSING,nmod,leftover_target,
1586,719,one-to-one,dn_859,ygc_806,Ippolita,Ippolita,NULL,PRON,nsubj,nsubj,zero_to_tgt_anchor,
1587,720,one-to-one,dn_860,ygc_807,Giorgio,Giorgio,PRON,PRON,obj,nsubj,explicit_ref_pos,
1588,721,one-to-one,dn_861,ygc_808,Giorgio,MISSING,NULL,MISSING,nsubj,MISSING,leftover_source,
1589,721,one-to-one,dn_861,ygc_808,MISSING,Giorgio,MISSING,PRON,MISSING,nmod,leftover_target,
1590,722,one-to-one,dn_862,ygc_809,Ippolita,Ippolita,NULL,NULL,nsubj,nsubj,zero_zero_single,
1591,722,one-to-one,dn_862,ygc_809,Ippolita,MISSING,PRON-REFLEX,MISSING,obj,MISSING,leftover_source,
1592,724,one-to-one,dn_864,ygc_811,Giorgio,Giorgio,DET,PROPN,nmod,nsubj,explicit_ref_only,
1593,725,one-to-one,dn_865,ygc_812,Giorgio,Giorgio,NULL,NULL,nsubj,nsubj,zero_zero_semantic,0.30215976431089286
1594,725,one-to-one,dn_865,ygc_812,MISSING,Giorgio,MISSING,PRON,MISSING,nsubj,leftover_target,
1595,725,one-to-one,dn_865,ygc_812,MISSING,Giorgio,MISSING,NULL,MISSING,nsubj,leftover_target,
1596,725,one-to-one,dn_865,ygc_812,MISSING,Giorgio,MISSING,NULL,MISSING,nsubj,leftover_target,
1597,726,one-to-one,dn_866,ygc_813,Giorgio,Giorgio,DET,PRON,obj,nmod,explicit_ref_only,
1598,726,one-to-one,dn_866,ygc_813,Giorgio,Giorgio,NULL,NULL,nsubj,nsubj,zero_zero_semantic,0.37142847149931385
1599,726,one-to-one,dn_866,ygc_813,Giorgio,Giorgio,NULL,NULL,nsubj,nsubj,zero_zero_semantic,0.43527256852605345
1600,726,one-to-one,dn_866,ygc_813,Ippolita,Ippolita,PRON,PRON,obj,nsubj,explicit_ref_pos,
1601,727,one-to-many,dn_867,ygc_814 ygc_815,Giorgio,Giorgio,PRON,NULL,nsubj,nsubj,zero_to_src_anchor,
1602,728,many-to-one,dn_868 dn_869,ygc_816,Giorgio,MISSING,DET,MISSING,nmod,MISSING,leftover_source,
1603,728,many-to-one,dn_868 dn_869,ygc_816,Giorgio,MISSING,PRON,MISSING,obj,MISSING,leftover_source,
1604,728,many-to-one,dn_868 dn_869,ygc_816,Giorgio,MISSING,DET,MISSING,nmod,MISSING,leftover_source,
1605,728,many-to-one,dn_868 dn_869,ygc_816,MISSING,Ippolita,MISSING,NULL,MISSING,nsubj,leftover_target,
1606,728,many-to-one,dn_868 dn_869,ygc_816,MISSING,Ippolita,MISSING,NULL,MISSING,nsubj,leftover_target,
1607,729,one-to-many,dn_872,ygc_817 ygc_818,Giorgio,Giorgio,PRON,PRON,obj,nsubj,explicit_ref_pos,
1608,729,one-to-many,dn_872,ygc_817 ygc_818,Giorgio,MISSING,PRON,MISSING,obj,MISSING,leftover_source,
1609,729,one-to-many,dn_872,ygc_817 ygc_818,Ippolita,Ippolita,PROPN,PROPN,nsubj,nsubj,explicit_full,
1610,729,one-to-many,dn_872,ygc_817 ygc_818,Ippolita,Ippolita,PRON,NULL,nsubj,nsubj,zero_to_src_anchor,
1611,730,one-to-one,dn_873,ygc_819,Giorgio,MISSING,PRON,MISSING,obj,MISSING,leftover_source,
1612,731,one-to-one,dn_874,ygc_820,Giorgio,MISSING,PRON,MISSING,obj,MISSING,leftover_source,
1613,732,one-to-one,dn_928,ygc_821,Giorgio,MISSING,NOUN,MISSING,obj,MISSING,leftover_source,
1614,732,one-to-one,dn_928,ygc_821,Ippolita,Ippolita,PRON,PROPN,nsubj,nsubj,explicit_ref_case,
1615,732,one-to-one,dn_928,ygc_821,Ippolita,MISSING,PRON-REFLEX,MISSING,obj,MISSING,leftover_source,
1616,732,one-to-one,dn_928,ygc_821,Ippolita,MISSING,NULL,MISSING,nsubj,MISSING,leftover_source,
1617,733,one-to-one,dn_929,ygc_822,Giorgio,MISSING,NULL,MISSING,nsubj,MISSING,leftover_source,
1618,733,one-to-one,dn_929,ygc_822,Giorgio Ippolita,Giorgio Ippolita,NULL,NULL,nsubj,nsubj,zero_zero_single,
1619,735,one-to-one,dn_931,ygc_825,Giorgio Ippolita,Giorgio Ippolita,NULL,NULL,nsubj,nsubj,zero_zero_semantic,0.43753752172039584
1620,735,one-to-one,dn_931,ygc_825,Giorgio Ippolita,Giorgio Ippolita,NULL,PRON,nsubj,nsubj,zero_to_tgt_anchor,
1621,735,one-to-one,dn_931,ygc_825,Giorgio Ippolita,MISSING,PRON-REFLEX,MISSING,obj,MISSING,leftover_source,
1622,736,one-to-one,dn_932,ygc_826,Giorgio Ippolita,MISSING,PRON,MISSING,obj,MISSING,leftover_source,
1623,739,one-to-one,dn_935,ygc_830,Giorgio Ippolita,Giorgio Ippolita,DET,PRON,nmod,nmod,explicit_ref_case,
1624,740,one-to-one,dn_936,ygc_831,Ippolita,Ippolita,PROPN,PROPN,nsubj,nsubj,explicit_full,
1625,740,one-to-one,dn_936,ygc_831,Ippolita,Ippolita,NULL,NULL,nsubj,nsubj,zero_zero_semantic,0.4401591650464318
1626,740,one-to-one,dn_936,ygc_831,Ippolita,MISSING,PRON-REFLEX,MISSING,obj,MISSING,leftover_source,
1627,740,one-to-one,dn_936,ygc_831,MISSING,Ippolita,MISSING,NULL,MISSING,nsubj,leftover_target,
1628,744,one-to-one,dn_940,ygc_836,service-worker,service-worker,NOUN,NOUN,nsubj,nsubj,explicit_full,
1629,744,one-to-one,dn_940,ygc_836,service-worker,MISSING,PRON-REFLEX,MISSING,obj,MISSING,leftover_source,
1630,744,one-to-one,dn_940,ygc_836,MISSING,service-worker,MISSING,NULL,MISSING,nsubj,leftover_target,
1631,745,one-to-one,dn_941,ygc_837,Giorgio Ippolita,Giorgio Ippolita,NULL,NULL,nsubj,nsubj,zero_zero_single,
1632,746,one-to-one,dn_942,ygc_838,Giorgio,Giorgio,PROPN,PROPN,nsubj,nsubj,explicit_full,
1633,749,one-to-one,dn_945,ygc_841,Giorgio,Giorgio,PROPN,PROPN,nmod,nmod,explicit_full,
1634,749,one-to-one,dn_945,ygc_841,Ippolita,Ippolita,PROPN,PROPN,nsubj,nsubj,explicit_full,
1635,749,one-to-one,dn_945,ygc_841,Ippolita,Ippolita,NULL,NULL,nsubj,nsubj,zero_zero_semantic,0.4409654329220454
1636,749,one-to-one,dn_945,ygc_841,MISSING,Ippolita,MISSING,NULL,MISSING,nsubj,leftover_target,
1637,750,one-to-one,dn_946,ygc_842,Giorgio,MISSING,PRON,MISSING,obj,MISSING,leftover_source,
1638,750,one-to-one,dn_946,ygc_842,MISSING,Giorgio Ippolita,MISSING,NOUN,MISSING,nmod,leftover_target,
1639,750,one-to-one,dn_946,ygc_842,Ippolita,Ippolita,NULL,NULL,nsubj,nsubj,zero_zero_single,
1640,750,one-to-one,dn_946,ygc_842,Ippolita,MISSING,PRON-REFLEX,MISSING,obj,MISSING,leftover_source,
1641,750,one-to-one,dn_946,ygc_842,MISSING,Ippolita,MISSING,PRON,MISSING,nsubj,leftover_target,
1642,751,one-to-one,dn_947,ygc_844,Giorgio,Giorgio,PROPN,PROPN,nsubj,nsubj,explicit_full,
1643,751,one-to-one,dn_947,ygc_844,MISSING,Giorgio,MISSING,NULL,MISSING,nsubj,leftover_target,
1644,751,one-to-one,dn_947,ygc_844,Ippolita,Ippolita,PRON,PRON,obj,nmod,explicit_ref_pos,
1645,752,one-to-one,dn_948,ygc_843,Giorgio Ippolita,Giorgio Ippolita,NULL,NULL,nsubj,nsubj,zero_zero_single,
1646,752,one-to-one,dn_948,ygc_843,Ippolita,MISSING,NULL,MISSING,nsubj,MISSING,leftover_source,
1647,754,one-to-one,dn_950,ygc_846,Ippolita,Ippolita,PRON,PRON,nsubj,nsubj,explicit_full,
1648,755,one-to-one,dn_951,ygc_847,Giorgio,MISSING,NULL,MISSING,nsubj,MISSING,leftover_source,
1649,756,one-to-one,dn_952,ygc_848,Giorgio Ippolita,Giorgio Ippolita,NULL,NULL,nsubj,nsubj,zero_zero_single,
1650,757,one-to-one,dn_953,ygc_849,MISSING,Giorgio Ippolita,MISSING,NULL,MISSING,nsubj,leftover_target,
1651,757,one-to-one,dn_953,ygc_849,Ippolita,MISSING,PRON-REFLEX,MISSING,obj,MISSING,leftover_source,
1652,757,one-to-one,dn_953,ygc_849,Ippolita,MISSING,NULL,MISSING,nsubj,MISSING,leftover_source,
1653,758,one-to-one,dn_954,ygc_850,Giorgio,Giorgio,PRON,NOUN,nmod,obj,explicit_ref_only,
1654,758,one-to-one,dn_954,ygc_850,Ippolita,Ippolita,PRON,PRON,nsubj,nsubj,explicit_full,
1655,758,one-to-one,dn_954,ygc_850,Ippolita,MISSING,PRON-REFLEX,MISSING,obj,MISSING,leftover_source,
1656,758,one-to-one,dn_954,ygc_850,MISSING,Ippolita,MISSING,NULL,MISSING,nsubj,leftover_target,
1657,759,many-to-one,dn_955 dn_956,ygc_851,Ippolita,Ippolita,DET,DET,nmod,nmod,explicit_full,
1658,759,many-to-one,dn_955 dn_956,ygc_851,Ippolita,MISSING,NULL,MISSING,nsubj,MISSING,leftover_source,
1659,759,many-to-one,dn_955 dn_956,ygc_851,MISSING,Ippolita,MISSING,DET,MISSING,nmod,leftover_target,
1660,759,many-to-one,dn_955 dn_956,ygc_851,MISSING,Ippolita,MISSING,DET,MISSING,nmod,leftover_target,
1661,760,one-to-many,dn_957,ygc_852 ygc_853 ygc_854,Giorgio,Giorgio,NOUN,NOUN,obj,obj,explicit_full,
1662,760,one-to-many,dn_957,ygc_852 ygc_853 ygc_854,Giorgio,MISSING,PRON,MISSING,nmod,MISSING,leftover_source,
1663,760,one-to-many,dn_957,ygc_852 ygc_853 ygc_854,Giorgio,MISSING,PRON,MISSING,obj,MISSING,leftover_source,
1664,760,one-to-many,dn_957,ygc_852 ygc_853 ygc_854,Ippolita,Ippolita,PRON,PRON,nsubj,obj,explicit_ref_pos,
1665,760,one-to-many,dn_957,ygc_852 ygc_853 ygc_854,Ippolita,Ippolita,NULL,NULL,nsubj,nsubj,zero_zero_semantic,0.37266057867193403
1666,760,one-to-many,dn_957,ygc_852 ygc_853 ygc_854,Ippolita,Ippolita,NULL,NULL,nsubj,nsubj,zero_zero_semantic,0.29527193804296237
1667,760,one-to-many,dn_957,ygc_852 ygc_853 ygc_854,Ippolita,MISSING,DET,MISSING,nmod,MISSING,leftover_source,
1668,760,one-to-many,dn_957,ygc_852 ygc_853 ygc_854,MISSING,Ippolita,MISSING,NULL,MISSING,nsubj,leftover_target,
1669,761,many-to-one,dn_958 dn_959,ygc_855,Giorgio,Giorgio,PRON,PRON,nsubj,nsubj,explicit_full,
1670,761,many-to-one,dn_958 dn_959,ygc_855,MISSING,Giorgio,MISSING,NULL,MISSING,nsubj,leftover_target,
1671,761,many-to-one,dn_958 dn_959,ygc_855,MISSING,Giorgio,MISSING,NULL,MISSING,nsubj,leftover_target,
1672,761,many-to-one,dn_958 dn_959,ygc_855,Ippolita,Ippolita,PRON,PRON,obj,obj,explicit_full,
1673,761,many-to-one,dn_958 dn_959,ygc_855,Ippolita,Ippolita,NULL,NULL,nsubj,nsubj,zero_zero_single,
1674,762,one-to-one,dn_960,ygc_856,Giorgio,Giorgio,DET,NOUN,nmod,nmod,explicit_ref_case,
1675,762,one-to-one,dn_960,ygc_856,Ippolita,Ippolita,PRON,PRON,obj,nmod,explicit_ref_pos,
1676,763,one-to-one,dn_961,ygc_857,Ippolita,Ippolita,NULL,PRON,nsubj,nsubj,zero_to_tgt_anchor,
1677,764,many-to-one,dn_962 dn_963,ygc_858,Giorgio,Giorgio,PRON,NOUN,nsubj,nsubj,explicit_ref_case,
1678,764,many-to-one,dn_962 dn_963,ygc_858,Giorgio,Giorgio,NULL,NULL,nsubj,nsubj,zero_zero_single,
1679,764,many-to-one,dn_962 dn_963,ygc_858,Giorgio,MISSING,PRON,MISSING,nmod,MISSING,leftover_source,
1680,765,one-to-one,dn_965,ygc_859,Giorgio,Giorgio,PRON,NULL,nsubj,nsubj,zero_to_src_anchor,
1681,765,one-to-one,dn_965,ygc_859,Ippolita,Ippolita,PRON,PRON,obj,obj,explicit_full,
1682,766,one-to-many,dn_966,ygc_860 ygc_861,Giorgio,Giorgio,PRON,PRON,obj,obj,explicit_full,
1683,766,one-to-many,dn_966,ygc_860 ygc_861,Giorgio,Giorgio,PRON,NOUN,nsubj,nsubj,explicit_ref_case,
1684,766,one-to-many,dn_966,ygc_860 ygc_861,Giorgio,MISSING,NULL,MISSING,nsubj,MISSING,leftover_source,
1685,766,one-to-many,dn_966,ygc_860 ygc_861,Giorgio,MISSING,PRON,MISSING,obj,MISSING,leftover_source,
1686,766,one-to-many,dn_966,ygc_860 ygc_861,Giorgio,MISSING,NULL,MISSING,nsubj,MISSING,leftover_source,
1687,766,one-to-many,dn_966,ygc_860 ygc_861,MISSING,Ippolita,MISSING,PRON,MISSING,nsubj,leftover_target,
1688,767,one-to-one,dn_967,ygc_862,Giorgio,Giorgio,DET,NOUN,nmod,nmod,explicit_ref_case,
1689,767,one-to-one,dn_967,ygc_862,Giorgio,MISSING,NULL,MISSING,nsubj,MISSING,leftover_source,
1690,767,one-to-one,dn_967,ygc_862,Giorgio,MISSING,NULL,MISSING,nsubj,MISSING,leftover_source,
1691,767,one-to-one,dn_967,ygc_862,Giorgio,MISSING,NULL,MISSING,nsubj,MISSING,leftover_source,
1692,767,one-to-one,dn_967,ygc_862,MISSING,Giorgio,MISSING,NOUN,MISSING,nmod,leftover_target,
1693,767,one-to-one,dn_967,ygc_862,Ippolita,Ippolita,PRON,PRON,obj,nsubj,explicit_ref_pos,
1694,767,one-to-one,dn_967,ygc_862,Ippolita,MISSING,PRON,MISSING,obj,MISSING,leftover_source,
1695,767,one-to-one,dn_967,ygc_862,Ippolita,MISSING,PRON,MISSING,obj,MISSING,leftover_source,
1696,768,one-to-many,dn_968,ygc_863 ygc_864 ygc_865 ygc_866,Giorgio,Giorgio,PRON,NOUN,obj,obj,explicit_ref_case,
1697,768,one-to-many,dn_968,ygc_863 ygc_864 ygc_865 ygc_866,Giorgio,Giorgio,PRON,NOUN,obj,obj,explicit_ref_case,
1698,768,one-to-many,dn_968,ygc_863 ygc_864 ygc_865 ygc_866,Giorgio,Giorgio,PRON,NOUN,obj,nmod,explicit_ref_only,
1699,768,one-to-many,dn_968,ygc_863 ygc_864 ygc_865 ygc_866,Ippolita,Ippolita,PRON,PRON,nsubj,nsubj,explicit_full,
1700,768,one-to-many,dn_968,ygc_863 ygc_864 ygc_865 ygc_866,Ippolita,Ippolita,PRON,PRON,nsubj,nsubj,explicit_full,
1701,768,one-to-many,dn_968,ygc_863 ygc_864 ygc_865 ygc_866,Ippolita,Ippolita,DET,PRON,nmod,nmod,explicit_ref_case,
1702,768,one-to-many,dn_968,ygc_863 ygc_864 ygc_865 ygc_866,Ippolita,Ippolita,NULL,NULL,nsubj,nsubj,zero_zero_semantic,0.4562808527778246
1703,768,one-to-many,dn_968,ygc_863 ygc_864 ygc_865 ygc_866,Ippolita,Ippolita,NULL,NULL,nsubj,nsubj,zero_zero_semantic,0.35788461483498996
1704,768,one-to-many,dn_968,ygc_863 ygc_864 ygc_865 ygc_866,Ippolita,Ippolita,NULL,NULL,nsubj,nsubj,zero_zero_semantic,0.24162997665508212
1705,768,one-to-many,dn_968,ygc_863 ygc_864 ygc_865 ygc_866,Ippolita,Ippolita,NULL,PRON,nsubj,nsubj,zero_to_tgt_anchor,
1706,768,one-to-many,dn_968,ygc_863 ygc_864 ygc_865 ygc_866,MISSING,Ippolita,MISSING,PRON,MISSING,nmod,leftover_target,
1707,769,one-to-one,dn_969,ygc_867,Giorgio Ippolita,Giorgio Ippolita,NULL,NULL,nsubj,nsubj,zero_zero_semantic,0.27076838853541746
1708,769,one-to-one,dn_969,ygc_867,Giorgio Ippolita,Giorgio Ippolita,PRON-REFLEX,NOUN,obj,obj,reflex_obj,
1709,769,one-to-one,dn_969,ygc_867,MISSING,Giorgio Ippolita,MISSING,NULL,MISSING,nsubj,leftover_target,
1710,770,one-to-many,dn_970,ygc_868 ygc_869,Giorgio,Giorgio,NOUN,NOUN,nmod,nmod,explicit_full,
1711,770,one-to-many,dn_970,ygc_868 ygc_869,Giorgio,Giorgio,PRON,PRON,obj,obj,explicit_full,
1712,770,one-to-many,dn_970,ygc_868 ygc_869,Ippolita,Ippolita,PRON,PRON,nsubj,nsubj,explicit_full,
1713,770,one-to-many,dn_970,ygc_868 ygc_869,Ippolita,Ippolita,NULL,NULL,nsubj,nsubj,zero_zero_single,
1714,770,one-to-many,dn_970,ygc_868 ygc_869,Ippolita,MISSING,PRON-REFLEX,MISSING,obj,MISSING,leftover_source,
1715,770,one-to-many,dn_970,ygc_868 ygc_869,MISSING,Ippolita,MISSING,PRON,MISSING,nmod,leftover_target,
1716,771,one-to-many,dn_971,ygc_870 ygc_871,Giorgio,Giorgio,PRON,NOUN,nsubj,nsubj,explicit_ref_case,
1717,771,one-to-many,dn_971,ygc_870 ygc_871,Giorgio Ippolita,Giorgio Ippolita,NULL,NULL,nsubj,nsubj,zero_zero_single,
1718,771,one-to-many,dn_971,ygc_870 ygc_871,Ippolita,Ippolita,PRON,PRON,obj,nmod,explicit_ref_pos,
1719,771,one-to-many,dn_971,ygc_870 ygc_871,Ippolita,Ippolita,PRON,PRON,obj,nmod,explicit_ref_pos,
1720,771,one-to-many,dn_971,ygc_870 ygc_871,Ippolita,MISSING,PRON,MISSING,obj,MISSING,leftover_source,
1721,771,one-to-many,dn_971,ygc_870 ygc_871,Ippolita,MISSING,PRON,MISSING,obj,MISSING,leftover_source,
1722,772,one-to-one,dn_972,ygc_872,Ippolita,Ippolita,PRON,PRON,nsubj,nsubj,explicit_full,
1723,772,one-to-one,dn_972,ygc_872,Ippolita,Ippolita,PRON,PRON,nmod,nsubj,explicit_ref_pos,
1724,772,one-to-one,dn_972,ygc_872,MISSING,Ippolita,MISSING,NULL,MISSING,nsubj,leftover_target,
1725,774,one-to-many,dn_974,ygc_874 ygc_875,Giorgio Ippolita,Giorgio Ippolita,PRON,NOUN,nsubj,nsubj,explicit_ref_case,
1726,774,one-to-many,dn_974,ygc_874 ygc_875,Giorgio Ippolita,MISSING,PRON-REFLEX,MISSING,obj,MISSING,leftover_source,
1727,775,one-to-one,dn_975,ygc_876,Giorgio,Giorgio,PRON,PRON,nsubj,nsubj,explicit_full,
1728,775,one-to-one,dn_975,ygc_876,Giorgio,MISSING,DET,MISSING,nmod,MISSING,leftover_source,
1729,775,one-to-one,dn_975,ygc_876,MISSING,Giorgio,MISSING,NULL,MISSING,nsubj,leftover_target,
1730,775,one-to-one,dn_975,ygc_876,MISSING,Giorgio,MISSING,NULL,MISSING,nsubj,leftover_target,
1731,775,one-to-one,dn_975,ygc_876,Ippolita,MISSING,PRON,MISSING,obj,MISSING,leftover_source,
1732,776,many-to-one,dn_976 dn_977,ygc_877,Giorgio Ippolita,Giorgio Ippolita,PRON,PRON,obj,nmod,explicit_ref_pos,
1733,776,many-to-one,dn_976 dn_977,ygc_877,Giorgio Ippolita,MISSING,NULL,MISSING,nsubj,MISSING,leftover_source,
1734,777,one-to-one,dn_978,ygc_878,Giorgio Ippolita,Giorgio Ippolita,DET,PRON,nmod,nmod,explicit_ref_case,
1735,777,one-to-one,dn_978,ygc_878,Giorgio Ippolita,MISSING,DET,MISSING,nmod,MISSING,leftover_source,
1736,778,one-to-one,dn_979,ygc_879,Giorgio Ippolita,Giorgio Ippolita,DET,PRON,nmod,nmod,explicit_ref_case,
1737,779,one-to-one,dn_980,ygc_880,Giorgio,Giorgio,PRON,NOUN,obj,obj,explicit_ref_case,
1738,779,one-to-one,dn_980,ygc_880,Giorgio,MISSING,PRON,MISSING,obj,MISSING,leftover_source,
1739,779,one-to-one,dn_980,ygc_880,Giorgio,MISSING,DET,MISSING,nmod,MISSING,leftover_source,
1740,779,one-to-one,dn_980,ygc_880,Ippolita,Ippolita,PRON,PRON,nsubj,nsubj,explicit_full,
1741,779,one-to-one,dn_980,ygc_880,Ippolita,Ippolita,PRON,PRON,nsubj,nmod,explicit_ref_pos,
1742,779,one-to-one,dn_980,ygc_880,Ippolita,MISSING,PRON,MISSING,obj,MISSING,leftover_source,
1743,779,one-to-one,dn_980,ygc_880,Ippolita,MISSING,NULL,MISSING,nsubj,MISSING,leftover_source,
1744,780,one-to-many,dn_982,ygc_881 ygc_882,Giorgio,Giorgio,PRON,NOUN,nsubj,nsubj,explicit_ref_case,
1745,780,one-to-many,dn_982,ygc_881 ygc_882,Giorgio,Giorgio,NULL,NULL,nsubj,nsubj,zero_zero_semantic,0.17578230032322595
1746,780,one-to-many,dn_982,ygc_881 ygc_882,Giorgio,Giorgio,NULL,NOUN,nsubj,nsubj,zero_to_tgt_anchor,
1747,780,one-to-many,dn_982,ygc_881 ygc_882,Ippolita,Ippolita,PRON,PRON,obj,obj,explicit_full,
1748,780,one-to-many,dn_982,ygc_881 ygc_882,Ippolita,Ippolita,PRON,PRON,obj,nsubj,explicit_ref_pos,
1749,780,one-to-many,dn_982,ygc_881 ygc_882,Ippolita,MISSING,PRON,MISSING,obj,MISSING,leftover_source,
1750,781,many-to-one,dn_983 dn_984,ygc_883,Giorgio,Giorgio,DET,NOUN,nmod,nmod,explicit_ref_case,
1751,781,many-to-one,dn_983 dn_984,ygc_883,Giorgio,Giorgio,PRON,NOUN,nsubj,nsubj,explicit_ref_case,
1752,781,many-to-one,dn_983 dn_984,ygc_883,Giorgio,Giorgio,DET,PRON,nmod,nmod,explicit_ref_case,
1753,781,many-to-one,dn_983 dn_984,ygc_883,Giorgio,MISSING,PRON-REFLEX,MISSING,obj,MISSING,leftover_source,
1754,781,many-to-one,dn_983 dn_984,ygc_883,MISSING,Giorgio,MISSING,NULL,MISSING,nsubj,leftover_target,
1755,781,many-to-one,dn_983 dn_984,ygc_883,Ippolita,Ippolita,PRON,PRON,nsubj,nsubj,explicit_full,
1756,781,many-to-one,dn_983 dn_984,ygc_883,Ippolita,Ippolita,NOUN,NOUN,pred,pred,explicit_full,
1757,781,many-to-one,dn_983 dn_984,ygc_883,Ippolita,Ippolita,PRON,PRON,obj,obj,explicit_full,
1758,782,one-to-one,dn_985,ygc_884,Giorgio,Giorgio,PRON,NOUN,obj,nmod,explicit_ref_only,
1759,782,one-to-one,dn_985,ygc_884,Ippolita,Ippolita,PRON,PRON,nsubj,nsubj,explicit_full,
1760,783,one-to-one,dn_986,ygc_886,Giorgio,MISSING,PRON,MISSING,obj,MISSING,leftover_source,
1761,783,one-to-one,dn_986,ygc_886,Giorgio,MISSING,PRON,MISSING,obj,MISSING,leftover_source,
1762,783,one-to-one,dn_986,ygc_886,Ippolita,Ippolita,PRON,PRON,nsubj,nsubj,explicit_full,
1763,783,one-to-one,dn_986,ygc_886,Ippolita,MISSING,PRON-REFLEX,MISSING,obj,MISSING,leftover_source,
1764,783,one-to-one,dn_986,ygc_886,MISSING,Ippolita,MISSING,NULL,MISSING,nsubj,leftover_target,
1765,784,one-to-one,dn_987,ygc_885,Giorgio,Giorgio,NULL,PRON,nsubj,nsubj,zero_to_tgt_anchor,
1766,785,one-to-many,dn_988,ygc_887 ygc_888,Giorgio,Giorgio,PRON,PRON,nsubj,obj,explicit_ref_pos,
1767,785,one-to-many,dn_988,ygc_887 ygc_888,MISSING,Giorgio,MISSING,NULL,MISSING,nsubj,leftover_target,
1768,785,one-to-many,dn_988,ygc_887 ygc_888,MISSING,Giorgio,MISSING,NULL,MISSING,nsubj,leftover_target,
1769,785,one-to-many,dn_988,ygc_887 ygc_888,MISSING,Ippolita,MISSING,NOUN,MISSING,nmod,leftover_target,
1770,786,one-to-one,dn_989,ygc_890,Giorgio,Giorgio,NULL,PRON,nsubj,nsubj,zero_to_tgt_anchor,
1771,788,one-to-one,dn_991,ygc_891,Giorgio Ippolita,Giorgio Ippolita,NULL,NULL,nsubj,nsubj,zero_zero_single,
1772,788,one-to-one,dn_991,ygc_891,MISSING,Giorgio Ippolita,MISSING,NOUN,MISSING,nsubj,leftover_target,
1773,789,one-to-many,dn_992,ygc_892 ygc_893 ygc_894,Giorgio Ippolita,Giorgio Ippolita,DET,NOUN,nmod,obj,explicit_ref_only,
1774,789,one-to-many,dn_992,ygc_892 ygc_893 ygc_894,Giorgio Ippolita,Giorgio Ippolita,NULL,NULL,nsubj,nsubj,zero_zero_semantic,0.3166533006960099
1775,789,one-to-many,dn_992,ygc_892 ygc_893 ygc_894,Giorgio Ippolita,Giorgio Ippolita,NULL,NULL,nsubj,nsubj,zero_zero_semantic,0.1718991311564358
1776,789,one-to-many,dn_992,ygc_892 ygc_893 ygc_894,Giorgio Ippolita,Giorgio Ippolita,NULL,NULL,nsubj,nsubj,zero_zero_semantic,0.2610381596195953
1777,789,one-to-many,dn_992,ygc_892 ygc_893 ygc_894,Giorgio Ippolita,Giorgio Ippolita,NULL,NULL,nsubj,nsubj,zero_zero_semantic,0.13080516499663714
1778,789,one-to-many,dn_992,ygc_892 ygc_893 ygc_894,Giorgio Ippolita,Giorgio Ippolita,NULL,NULL,nsubj,nsubj,zero_zero_semantic,0.47337221090946724
1779,789,one-to-many,dn_992,ygc_892 ygc_893 ygc_894,Giorgio Ippolita,MISSING,PRON-REFLEX,MISSING,obj,MISSING,leftover_source,
1780,789,one-to-many,dn_992,ygc_892 ygc_893 ygc_894,Giorgio Ippolita,MISSING,NULL,MISSING,nsubj,MISSING,leftover_source,
1781,789,one-to-many,dn_992,ygc_892 ygc_893 ygc_894,Giorgio Ippolita,MISSING,PRON-REFLEX,MISSING,obj,MISSING,leftover_source,
1782,789,one-to-many,dn_992,ygc_892 ygc_893 ygc_894,Giorgio Ippolita,MISSING,PRON-REFLEX,MISSING,obj,MISSING,leftover_source,
1783,789,one-to-many,dn_992,ygc_892 ygc_893 ygc_894,Giorgio Ippolita,MISSING,PRON-REFLEX,MISSING,obj,MISSING,leftover_source,
1784,790,one-to-many,dn_993,ygc_895 ygc_896,Giorgio,MISSING,PRON,MISSING,obj,MISSING,leftover_source,
1785,790,one-to-many,dn_993,ygc_895 ygc_896,Giorgio Ippolita,Giorgio Ippolita,DET,DET,nmod,nmod,explicit_full,
1786,790,one-to-many,dn_993,ygc_895 ygc_896,Giorgio Ippolita,Giorgio Ippolita,NULL,NULL,nsubj,nsubj,zero_zero_semantic,0.3473897253332675
1787,790,one-to-many,dn_993,ygc_895 ygc_896,MISSING,Giorgio Ippolita,MISSING,NOUN,MISSING,nsubj,leftover_target,
1788,790,one-to-many,dn_993,ygc_895 ygc_896,MISSING,Giorgio Ippolita,MISSING,DET,MISSING,nmod,leftover_target,
1789,790,one-to-many,dn_993,ygc_895 ygc_896,MISSING,Giorgio Ippolita,MISSING,NULL,MISSING,nsubj,leftover_target,
1790,790,one-to-many,dn_993,ygc_895 ygc_896,Ippolita,MISSING,PRON,MISSING,obj,MISSING,leftover_source,
1791,791,many-to-one,dn_994 dn_995,ygc_897,Giorgio Ippolita,Giorgio Ippolita,NULL,NULL,nsubj,nsubj,zero_zero_semantic,0.3199340339217867
1792,791,many-to-one,dn_994 dn_995,ygc_897,MISSING,Giorgio Ippolita,MISSING,NULL,MISSING,nsubj,leftover_target,
1793,791,many-to-one,dn_994 dn_995,ygc_897,MISSING,Giorgio Ippolita,MISSING,NULL,MISSING,nsubj,leftover_target,
1794,791,many-to-one,dn_994 dn_995,ygc_897,Ippolita,MISSING,NULL,MISSING,nsubj,MISSING,leftover_source,
1795,791,many-to-one,dn_994 dn_995,ygc_897,Ippolita,MISSING,PROPN,MISSING,nsubj,MISSING,leftover_source,
1796,792,one-to-many,dn_996,ygc_898 ygc_900,Giorgio,Giorgio,NULL,NULL,nsubj,nsubj,zero_zero_semantic,0.19339610707192195
1797,792,one-to-many,dn_996,ygc_898 ygc_900,Giorgio,Giorgio,NULL,NULL,nsubj,nsubj,zero_zero_semantic,0.36524408941388764
1798,792,one-to-many,dn_996,ygc_898 ygc_900,Giorgio,MISSING,PRON-REFLEX,MISSING,obj,MISSING,leftover_source,
1799,792,one-to-many,dn_996,ygc_898 ygc_900,Ippolita,Ippolita,DET,PRON,nmod,nmod,explicit_ref_case,
1800,793,one-to-one,dn_997,ygc_901,Giorgio,Giorgio,PROPN,PROPN,nsubj,nsubj,explicit_full,
1801,793,one-to-one,dn_997,ygc_901,Giorgio,MISSING,PRON-REFLEX,MISSING,obj,MISSING,leftover_source,
1802,793,one-to-one,dn_997,ygc_901,Giorgio,MISSING,NULL,MISSING,nsubj,MISSING,leftover_source,
1803,793,one-to-one,dn_997,ygc_901,Ippolita,Ippolita,PRON,NOUN,obj,obj,explicit_ref_case,
1804,794,one-to-one,dn_998,ygc_899,Ippolita,Ippolita,PRON,PROPN,nsubj,nsubj,explicit_ref_case,
1805,795,one-to-one,dn_999,ygc_902,Giorgio,MISSING,PRON,MISSING,obj,MISSING,leftover_source,
1806,796,one-to-one,dn_1000,ygc_903,Giorgio,Giorgio,PRON,PRON,obj,nmod,explicit_ref_pos,
1807,796,one-to-one,dn_1000,ygc_903,Ippolita,Ippolita,NULL,PRON,nsubj,nsubj,zero_to_tgt_anchor,
1808,796,one-to-one,dn_1000,ygc_903,MISSING,Ippolita,MISSING,DET,MISSING,nmod,leftover_target,
1809,797,one-to-one,dn_1001,ygc_904,Giorgio,Giorgio,PRON,PROPN,nsubj,nsubj,explicit_ref_case,
1810,797,one-to-one,dn_1001,ygc_904,Ippolita,Ippolita,PRON,DET,obj,nmod,explicit_ref_only,
1811,798,one-to-one,dn_1002,ygc_905,Giorgio,Giorgio,PRON,PRON,obj,nmod,explicit_ref_pos,
1812,798,one-to-one,dn_1002,ygc_905,Ippolita,Ippolita,PRON,PRON,nsubj,nsubj,explicit_full,
1813,799,one-to-one,dn_1004,ygc_906,Giorgio,Giorgio,PRON,PRON,nsubj,nmod,explicit_ref_pos,
1814,800,many-to-one,dn_1003 dn_1005,ygc_907,Giorgio,Giorgio,PRON,PRON,obj,obj,explicit_full,
1815,800,many-to-one,dn_1003 dn_1005,ygc_907,Ippolita,Ippolita,NULL,NULL,nsubj,nsubj,zero_zero_semantic,0.21997302900189938
1816,800,many-to-one,dn_1003 dn_1005,ygc_907,Ippolita,Ippolita,NULL,NULL,nsubj,nsubj,zero_zero_semantic,0.1877847069384642
1817,801,one-to-one,dn_1006,ygc_908,Giorgio,Giorgio,PRON,PRON,obj,nmod,explicit_ref_pos,
1818,801,one-to-one,dn_1006,ygc_908,Giorgio,Giorgio,PRON,PRON,obj,nmod,explicit_ref_pos,
1819,801,one-to-one,dn_1006,ygc_908,Ippolita,Ippolita,NULL,NULL,nsubj,nsubj,zero_zero_semantic,0.552694082124477
1820,801,one-to-one,dn_1006,ygc_908,Ippolita,Ippolita,NULL,NULL,nsubj,nsubj,zero_zero_semantic,0.14705520158722288
1821,801,one-to-one,dn_1006,ygc_908,Ippolita,MISSING,PRON-REFLEX,MISSING,obj,MISSING,leftover_source,
1822,801,one-to-one,dn_1006,ygc_908,MISSING,Ippolita,MISSING,PRON,MISSING,nmod,leftover_target,
1823,801,one-to-one,dn_1006,ygc_908,MISSING,Ippolita,MISSING,NULL,MISSING,nsubj,leftover_target,
1824,802,one-to-one,dn_1007,ygc_909,Giorgio,Giorgio,PRON,PRON,nsubj,nsubj,explicit_full,
1825,802,one-to-one,dn_1007,ygc_909,MISSING,Giorgio,MISSING,NULL,MISSING,nsubj,leftover_target,
1826,802,one-to-one,dn_1007,ygc_909,Ippolita,Ippolita,PRON,PRON,nmod,nmod,explicit_full,
1827,803,many-to-one,dn_1008 dn_1009,ygc_910,Ippolita,MISSING,PRON,MISSING,nsubj,MISSING,leftover_source,
1828,803,many-to-one,dn_1008 dn_1009,ygc_910,Ippolita,MISSING,NULL,MISSING,nsubj,MISSING,leftover_source,
1829,804,one-to-one,dn_1010,ygc_911,Giorgio Ippolita,MISSING,PRON,MISSING,nsubj,MISSING,leftover_source,
1830,805,one-to-one,dn_1011,ygc_912,Giorgio Ippolita,Giorgio Ippolita,PRON,PRON,obj,nsubj,explicit_ref_pos,
1831,805,one-to-one,dn_1011,ygc_912,MISSING,Giorgio Ippolita,MISSING,NULL,MISSING,nsubj,leftover_target,
1832,805,one-to-one,dn_1011,ygc_912,MISSING,Giorgio Ippolita,MISSING,NULL,MISSING,nsubj,leftover_target,
1833,806,one-to-one,dn_1012,ygc_913,Giorgio Ippolita,Giorgio Ippolita,NULL,NULL,nsubj,nsubj,zero_zero_single,
1834,806,one-to-one,dn_1012,ygc_913,Giorgio Ippolita,Giorgio Ippolita,PRON-REFLEX,NOUN,obj,obj,reflex_obj,
1835,807,one-to-one,dn_1013,ygc_914,Ippolita,Ippolita,PRON,PRON,nsubj,nsubj,explicit_full,
1836,807,one-to-one,dn_1013,ygc_914,MISSING,Ippolita,MISSING,NULL,MISSING,nsubj,leftover_target,
1837,808,one-to-many,dn_1014,ygc_915 ygc_916,Giorgio Ippolita,Giorgio Ippolita,PRON-REFLEX,PRON,obj,obj,reflex_obj,
1838,808,one-to-many,dn_1014,ygc_915 ygc_916,Giorgio Ippolita,MISSING,NULL,MISSING,nsubj,MISSING,leftover_source,
1839,808,one-to-many,dn_1014,ygc_915 ygc_916,Giorgio Ippolita,MISSING,NULL,MISSING,nsubj,MISSING,leftover_source,
1840,808,one-to-many,dn_1014,ygc_915 ygc_916,MISSING,Giorgio Ippolita,MISSING,NOUN,MISSING,obj,leftover_target,
1841,809,one-to-one,dn_1015,ygc_917,Giorgio Ippolita,MISSING,NULL,MISSING,nsubj,MISSING,leftover_source,
1842,809,one-to-one,dn_1015,ygc_917,MISSING,Giorgio Ippolita,MISSING,NOUN,MISSING,obj,leftover_target,
1843,809,one-to-one,dn_1015,ygc_917,Ippolita,Ippolita,PRON,PRON,nsubj,nsubj,explicit_full,
1844,809,one-to-one,dn_1015,ygc_917,Ippolita,MISSING,PRON,MISSING,obj,MISSING,leftover_source,
1845,810,one-to-many,dn_1017,ygc_918 ygc_919,Giorgio,Giorgio,PRON,PROPN,nsubj,nsubj,explicit_ref_case,
1846,810,one-to-many,dn_1017,ygc_918 ygc_919,Giorgio,Giorgio,NULL,NULL,nsubj,nsubj,zero_zero_semantic,0.5647268487751516
1847,810,one-to-many,dn_1017,ygc_918 ygc_919,Giorgio,Giorgio,NULL,NULL,nsubj,nsubj,zero_zero_semantic,0.2839070086479821
1848,810,one-to-many,dn_1017,ygc_918 ygc_919,Giorgio,MISSING,PRON-REFLEX,MISSING,obj,MISSING,leftover_source,
1849,810,one-to-many,dn_1017,ygc_918 ygc_919,Ippolita,Ippolita,PRON,PRON,obj,nmod,explicit_ref_pos,
1850,810,one-to-many,dn_1017,ygc_918 ygc_919,Ippolita,Ippolita,PRON,PRON,obj,nmod,explicit_ref_pos,
1851,811,one-to-one,dn_1018,ygc_921,Ippolita,Ippolita,PRON,PRON,nsubj,nsubj,explicit_full,
1852,811,one-to-one,dn_1018,ygc_921,Ippolita,MISSING,PRON,MISSING,nmod,MISSING,leftover_source,
1853,812,one-to-one,dn_1019 dn_1020 dn_1021,ygc_920 ygc_922,MISSING,Giorgio,MISSING,PRON,MISSING,vocative,leftover_target,
1854,812,one-to-one,dn_1019 dn_1020 dn_1021,ygc_920 ygc_922,MISSING,Giorgio,MISSING,NULL,MISSING,nsubj,leftover_target,
1855,812,one-to-one,dn_1019 dn_1020 dn_1021,ygc_920 ygc_922,Giorgio Ippolita,MISSING,PRON,MISSING,nsubj,MISSING,leftover_source,
1856,812,one-to-one,dn_1019 dn_1020 dn_1021,ygc_920 ygc_922,Giorgio Ippolita,MISSING,NULL,MISSING,nsubj,MISSING,leftover_source,
1857,813,one-to-one,dn_1022,ygc_923,Ippolita,Ippolita,PRON,PRON,nsubj,nsubj,explicit_full,
1858,813,one-to-one,dn_1022,ygc_923,MISSING,Ippolita,MISSING,NULL,MISSING,nsubj,leftover_target,
1859,815,one-to-one,dn_1024,ygc_925,MISSING,Giorgio,MISSING,PROPN,MISSING,nmod,leftover_target,
1860,815,one-to-one,dn_1024,ygc_925,Ippolita,Ippolita,PROPN,PRON,nsubj,nsubj,explicit_ref_case,
1861,815,one-to-one,dn_1024,ygc_925,Ippolita,MISSING,NULL,MISSING,nsubj,MISSING,leftover_source,
1862,816,one-to-one,dn_1025,ygc_926,Giorgio Ippolita,MISSING,NULL,MISSING,nsubj,MISSING,leftover_source,
1863,816,one-to-one,dn_1025,ygc_926,MISSING,Giorgio Ippolita,MISSING,NOUN,MISSING,obj,leftover_target,
1864,817,one-to-one,dn_1026,ygc_927,Giorgio Ippolita,MISSING,PRON,MISSING,obj,MISSING,leftover_source,
1865,817,one-to-one,dn_1026,ygc_927,MISSING,Giorgio Ippolita,MISSING,NULL,MISSING,nsubj,leftover_target,
1866,817,one-to-one,dn_1026,ygc_927,UNKNOWN,MISSING,NULL,MISSING,nsubj,MISSING,leftover_source,
1867,818,one-to-one,dn_1027,ygc_928,Giorgio,Giorgio,PROPN,PROPN,nmod,nmod,explicit_full,
1868,818,one-to-one,dn_1027,ygc_928,Ippolita,Ippolita,NULL,NULL,nsubj,nsubj,zero_zero_semantic,0.4939003362213278
1869,818,one-to-one,dn_1027,ygc_928,Ippolita,Ippolita,NULL,NULL,nsubj,nsubj,zero_zero_semantic,0.33176618470928254
1870,818,one-to-one,dn_1027,ygc_928,Ippolita,MISSING,PRON-REFLEX,MISSING,obj,MISSING,leftover_source,
1871,818,one-to-one,dn_1027,ygc_928,Ippolita,MISSING,PRON-REFLEX,MISSING,obj,MISSING,leftover_source,
1872,818,one-to-one,dn_1027,ygc_928,MISSING,Ippolita,MISSING,PRON,MISSING,nsubj,leftover_target,
1873,820,one-to-one,dn_1029,ygc_930,Giorgio Ippolita,Giorgio Ippolita,NULL,NULL,nsubj,nsubj,zero_zero_semantic,0.18027675126280102
1874,820,one-to-one,dn_1029,ygc_930,Giorgio Ippolita,Giorgio Ippolita,NULL,NULL,nsubj,nsubj,zero_zero_semantic,0.12785808776106153
1875,820,one-to-one,dn_1029,ygc_930,MISSING,Giorgio Ippolita,MISSING,NULL,MISSING,nsubj,leftover_target,
1876,821,many-to-one,dn_1030 dn_1031,ygc_931,Giorgio Ippolita,Giorgio Ippolita,PRON,NOUN,nsubj,nsubj,explicit_ref_case,
1877,821,many-to-one,dn_1030 dn_1031,ygc_931,Giorgio Ippolita,Giorgio Ippolita,NULL,NULL,nsubj,nsubj,zero_zero_semantic,0.47475326855304856
1878,821,many-to-one,dn_1030 dn_1031,ygc_931,Giorgio Ippolita,Giorgio Ippolita,PRON-REFLEX,NOUN,obj,obj,reflex_obj,
1879,821,many-to-one,dn_1030 dn_1031,ygc_931,Giorgio Ippolita,MISSING,NULL,MISSING,nsubj,MISSING,leftover_source,
1880,822,one-to-one,dn_1032,ygc_932,Giorgio Ippolita,MISSING,NULL,MISSING,nsubj,MISSING,leftover_source,
1881,823,one-to-one,dn_1033,ygc_933,Giorgio Ippolita,Giorgio Ippolita,NULL,NULL,nsubj,nsubj,zero_zero_single,
1882,823,one-to-one,dn_1033,ygc_933,MISSING,Giorgio Ippolita,MISSING,PRON,MISSING,nsubj,leftover_target,
1883,823,one-to-one,dn_1033,ygc_933,MISSING,Giorgio Ippolita,MISSING,DET,MISSING,nmod,leftover_target,
1884,824,one-to-one,dn_1038,ygc_934,Giorgio Ippolita,Giorgio Ippolita,DET,PRON,nmod,nmod,explicit_ref_case,
1885,824,one-to-one,dn_1038,ygc_934,Giorgio Ippolita,Giorgio Ippolita,PRON,PRON,obj,nmod,explicit_ref_pos,
1886,824,one-to-one,dn_1038,ygc_934,Giorgio Ippolita,MISSING,DET,MISSING,obj,MISSING,leftover_source,
1887,824,one-to-one,dn_1038,ygc_934,MISSING,Giorgio Ippolita,MISSING,NULL,MISSING,nsubj,leftover_target,
1888,825,one-to-one,dn_1039,ygc_935,MISSING,Giorgio Ippolita,MISSING,PRON,MISSING,nsubj,leftover_target,
1889,826,one-to-one,dn_1043,ygc_936,Ippolita,Ippolita,NULL,NULL,nsubj,nsubj,zero_zero_semantic,0.28186623205853034
1890,826,one-to-one,dn_1043,ygc_936,Ippolita,Ippolita,NULL,PROPN,nsubj,nsubj,zero_to_tgt_anchor,
1891,827,one-to-one,dn_1044,ygc_937,Giorgio,Giorgio,PROPN,PROPN,nsubj,nsubj,explicit_full,
1892,827,one-to-one,dn_1044,ygc_937,Ippolita,Ippolita,PRON,PRON,obj,nmod,explicit_ref_pos,
1893,828,one-to-many,dn_1045,ygc_938 ygc_939,Giorgio,Giorgio,PRON,PRON,nsubj,nsubj,explicit_full,
1894,828,one-to-many,dn_1045,ygc_938 ygc_939,Giorgio,Giorgio,NULL,NULL,nsubj,nsubj,zero_zero_single,
1895,828,one-to-many,dn_1045,ygc_938 ygc_939,Giorgio,MISSING,PRON,MISSING,obj,MISSING,leftover_source,
1896,828,one-to-many,dn_1045,ygc_938 ygc_939,Ippolita,MISSING,PRON,MISSING,obj,MISSING,leftover_source,
1897,829,one-to-one,dn_1046,ygc_940,Giorgio,Giorgio,NULL,NULL,nsubj,nsubj,zero_zero_single,
1898,830,one-to-one,dn_1047,ygc_941,Giorgio,MISSING,PRON,MISSING,obj,MISSING,leftover_source,
1899,830,one-to-one,dn_1047,ygc_941,Ippolita,Ippolita,PROPN,PROPN,nsubj,nsubj,explicit_full,
1900,831,one-to-one,dn_1048,ygc_942,Ippolita,Ippolita,PRON,PRON,obj,nmod,explicit_ref_pos,
1901,832,one-to-one,dn_1049,ygc_943,Giorgio,Giorgio,PRON,PRON,nsubj,nsubj,explicit_full,
1902,832,one-to-one,dn_1049,ygc_943,Ippolita,Ippolita,PRON,PRON,obj,nmod,explicit_ref_pos,
1903,833,one-to-one,dn_1050,ygc_944,Giorgio,Giorgio,PRON,PRON,obj,obj,explicit_full,
1904,833,one-to-one,dn_1050,ygc_944,Ippolita,Ippolita,PRON,PRON,nsubj,nsubj,explicit_full,
1905,833,one-to-one,dn_1050,ygc_944,Ippolita,MISSING,PRON-REFLEX,MISSING,obj,MISSING,leftover_source,
1906,833,one-to-one,dn_1050,ygc_944,Ippolita,MISSING,DET,MISSING,nmod,MISSING,leftover_source,
1907,833,one-to-one,dn_1050,ygc_944,Ippolita,MISSING,NULL,MISSING,nsubj,MISSING,leftover_source,
1908,833,one-to-one,dn_1050,ygc_944,MISSING,Ippolita Ippolitas-husband,MISSING,NOUN,MISSING,obj,leftover_target,
1909,833,one-to-one,dn_1050,ygc_944,Ippolitas-husband,Ippolitas-husband,NOUN,NOUN,obj,obj,explicit_full,
1910,834,one-to-one,dn_1052,ygc_945,MISSING,Giorgio,MISSING,NULL,MISSING,nsubj,leftover_target,
1911,834,one-to-one,dn_1052,ygc_945,MISSING,Giorgio,MISSING,NULL,MISSING,nsubj,leftover_target,
1912,834,one-to-one,dn_1052,ygc_945,Ippolita,MISSING,PRON,MISSING,nsubj,MISSING,leftover_source,
1913,834,one-to-one,dn_1052,ygc_945,Ippolita,MISSING,PRON-REFLEX,MISSING,obj,MISSING,leftover_source,
1914,834,one-to-one,dn_1052,ygc_945,Ippolita,MISSING,NULL,MISSING,nsubj,MISSING,leftover_source,
1915,835,one-to-one,dn_1055,ygc_946,Giorgio,Giorgio,PRON,PRON,nsubj,nsubj,explicit_full,
1916,835,one-to-one,dn_1055,ygc_946,MISSING,Giorgio,MISSING,NULL,MISSING,nsubj,leftover_target,
1917,835,one-to-one,dn_1055,ygc_946,MISSING,Ippolita Ippolitas-husband,MISSING,NOUN,MISSING,nmod,leftover_target,
1918,837,one-to-many,dn_1058,ygc_948 ygc_949,Giorgio,Giorgio,NOUN,PRON,nsubj,nsubj,explicit_ref_case,
1919,837,one-to-many,dn_1058,ygc_948 ygc_949,Giorgio,Giorgio,NULL,NULL,nsubj,nsubj,zero_zero_single,
1920,837,one-to-many,dn_1058,ygc_948 ygc_949,MISSING,Giorgio,MISSING,NOUN,MISSING,obj,leftover_target,
1921,837,one-to-many,dn_1058,ygc_948 ygc_949,Ippolita,Ippolita,PROPN,PROPN,nsubj,obj,explicit_ref_pos,
1922,838,one-to-one,dn_1059,ygc_951,Giorgio,Giorgio,PRON,PRON,obj,obj,explicit_full,
1923,838,one-to-one,dn_1059,ygc_951,Giorgio,MISSING,PRON,MISSING,obj,MISSING,leftover_source,
1924,838,one-to-one,dn_1059,ygc_951,Ippolita,Ippolita,PRON,PRON,nsubj,nsubj,explicit_full,
1925,838,one-to-one,dn_1059,ygc_951,MISSING,Ippolita,MISSING,NULL,MISSING,nsubj,leftover_target,
1926,839,one-to-one,dn_1060,ygc_950,Giorgio,Giorgio,PRON,NULL,nsubj,nsubj,zero_to_src_anchor,
1927,840,one-to-one,dn_1061,ygc_952,Giorgio,Giorgio,PRON,PRON,nsubj,nsubj,explicit_full,
1928,840,one-to-one,dn_1061,ygc_952,Giorgio,Giorgio,NULL,NULL,nsubj,nsubj,zero_zero_semantic,0.4095919293070596
1929,840,one-to-one,dn_1061,ygc_952,MISSING,Giorgio,MISSING,NULL,MISSING,nsubj,leftover_target,
1930,840,one-to-one,dn_1061,ygc_952,Ippolita,Ippolita,PRON,PRON,obj,nmod,explicit_ref_pos,
1931,841,one-to-many,dn_1062,ygc_953 ygc_954,Giorgio,MISSING,PRON,MISSING,obj,MISSING,leftover_source,
1932,841,one-to-many,dn_1062,ygc_953 ygc_954,Giorgio,MISSING,PRON,MISSING,nsubj,MISSING,leftover_source,
1933,841,one-to-many,dn_1062,ygc_953 ygc_954,Ippolita,Ippolita,PRON,PRON,nsubj,nsubj,explicit_full,
1934,841,one-to-many,dn_1062,ygc_953 ygc_954,Ippolita,Ippolita,NULL,NULL,nsubj,nsubj,zero_zero_single,
1935,842,one-to-many,dn_1063,ygc_955 ygc_956,Giorgio,Giorgio,PRON,PRON,obj,nmod,explicit_ref_pos,
1936,842,one-to-many,dn_1063,ygc_955 ygc_956,MISSING,Giorgio,MISSING,DET,MISSING,nmod,leftover_target,
1937,842,one-to-many,dn_1063,ygc_955 ygc_956,Ippolita,Ippolita,NULL,NULL,nsubj,nsubj,zero_zero_semantic,0.13096521594371013
1938,842,one-to-many,dn_1063,ygc_955 ygc_956,Ippolita,Ippolita,NULL,NULL,nsubj,nsubj,zero_zero_semantic,0.4461856739737137
1939,842,one-to-many,dn_1063,ygc_955 ygc_956,Ippolita,Ippolita,NULL,PRON,nsubj,nsubj,zero_to_tgt_anchor,
1940,843,one-to-one,dn_1064,ygc_957,MISSING,Giorgio Ippolita,MISSING,NULL,MISSING,nsubj,leftover_target,
1941,844,one-to-one,dn_1065,ygc_958,Ippolita,Ippolita,NULL,PRON,nsubj,nsubj,zero_to_tgt_anchor,
1942,845,one-to-many,dn_1066,ygc_959 ygc_960,Giorgio,Giorgio,NOUN,PRON,vocative,vocative,explicit_ref_case,
1943,847,one-to-one,dn_1068,ygc_962,Giorgio,Giorgio,PRON,NOUN,obj,nmod,explicit_ref_only,
1944,847,one-to-one,dn_1068,ygc_962,Ippolita,Ippolita,PRON,PRON,nsubj,nsubj,explicit_full,
1945,847,one-to-one,dn_1068,ygc_962,Ippolita,MISSING,PRON-REFLEX,MISSING,obj,MISSING,leftover_source,
1946,848,one-to-one,dn_1069,ygc_963,Ippolita,Ippolita,NULL,NULL,nsubj,nsubj,zero_zero_semantic,0.4980315406407629
1947,848,one-to-one,dn_1069,ygc_963,Ippolita,Ippolita,NULL,PRON,nsubj,nsubj,zero_to_tgt_anchor,
1948,850,one-to-one,dn_1071,ygc_965,Giorgio,Giorgio,NOUN,PRON,vocative,vocative,explicit_ref_case,
1949,850,one-to-one,dn_1071,ygc_965,MISSING,Giorgio,MISSING,NULL,MISSING,nsubj,leftover_target,
1950,851,one-to-one,dn_1072,ygc_966,MISSING,Giorgio Ippolita,MISSING,PRON,MISSING,nmod,leftover_target,
1951,852,one-to-one,dn_1073,ygc_967,Giorgio Ippolita,Giorgio Ippolita,NULL,NULL,nsubj,nsubj,zero_zero_single,
1952,853,one-to-one,dn_1074,ygc_968,Giorgio,Giorgio,PRON,PRON,nsubj,nmod,explicit_ref_pos,
1953,853,one-to-one,dn_1074,ygc_968,Giorgio,MISSING,PRON,MISSING,obj,MISSING,leftover_source,
1954,853,one-to-one,dn_1074,ygc_968,MISSING,Ippolita,MISSING,PRON,MISSING,nmod,leftover_target,
1955,854,one-to-one,dn_1075,ygc_969,Giorgio,Giorgio,NULL,NULL,nsubj,nsubj,zero_zero_single,
1956,854,one-to-one,dn_1075,ygc_969,Giorgio,MISSING,PRON-REFLEX,MISSING,obj,MISSING,leftover_source,
1957,854,one-to-one,dn_1075,ygc_969,MISSING,Giorgio,MISSING,PRON,MISSING,nsubj,leftover_target,
1958,858,one-to-one,dn_1079,ygc_973,Giorgio Ippolita,Giorgio Ippolita,NULL,NULL,nsubj,nsubj,zero_zero_single,
1959,859,one-to-one,dn_1080,ygc_974,Giorgio,Giorgio,PRON,PRON,nmod,nmod,explicit_full,
1960,859,one-to-one,dn_1080,ygc_974,Giorgio,Giorgio,PROPN,PROPN,nsubj,nmod,explicit_ref_pos,
1961,859,one-to-one,dn_1080,ygc_974,Giorgio,MISSING,PRON,MISSING,obj,MISSING,leftover_source,
1962,859,one-to-one,dn_1080,ygc_974,Ippolita,MISSING,NOUN,MISSING,nmod,MISSING,leftover_source,
1963,860,one-to-one,dn_1081,ygc_975,Giorgio,MISSING,PRON,MISSING,obj,MISSING,leftover_source,
1964,860,one-to-one,dn_1081,ygc_975,MISSING,Giorgio Ippolita,MISSING,PRON,MISSING,nmod,leftover_target,
1965,861,one-to-one,dn_1082,ygc_976,MISSING,Giorgio Ippolita,MISSING,PRON,MISSING,nmod,leftover_target,
1966,862,one-to-one,dn_1083,ygc_977,Giorgio Ippolita,Giorgio Ippolita,NULL,NULL,nsubj,nsubj,zero_zero_single,
1967,863,one-to-one,dn_1084,ygc_978,Giorgio,Giorgio,PRON,PRON,nsubj,nsubj,explicit_full,
1968,863,one-to-one,dn_1084,ygc_978,Giorgio,MISSING,NULL,MISSING,nsubj,MISSING,leftover_source,
1969,864,one-to-many,dn_1085,ygc_979 ygc_980 ygc_981,Giorgio,Giorgio,DET,PRON,nmod,nmod,explicit_ref_case,
1970,864,one-to-many,dn_1085,ygc_979 ygc_980 ygc_981,Giorgio,Giorgio,DET,PRON,nmod,nmod,explicit_ref_case,
1971,864,one-to-many,dn_1085,ygc_979 ygc_980 ygc_981,Giorgio,Giorgio,NULL,NULL,nsubj,nsubj,zero_zero_semantic,0.25564083684746175
1972,864,one-to-many,dn_1085,ygc_979 ygc_980 ygc_981,MISSING,Giorgio,MISSING,PRON,MISSING,nsubj,leftover_target,
1973,864,one-to-many,dn_1085,ygc_979 ygc_980 ygc_981,MISSING,Giorgio,MISSING,NULL,MISSING,nsubj,leftover_target,
1974,864,one-to-many,dn_1085,ygc_979 ygc_980 ygc_981,MISSING,Giorgio,MISSING,NULL,MISSING,nsubj,leftover_target,
1975,864,one-to-many,dn_1085,ygc_979 ygc_980 ygc_981,MISSING,Giorgio,MISSING,NULL,MISSING,nsubj,leftover_target,
1976,864,one-to-many,dn_1085,ygc_979 ygc_980 ygc_981,MISSING,Giorgio,MISSING,NULL,MISSING,nsubj,leftover_target,
1977,865,one-to-one,dn_1086,ygc_982,Giorgio,MISSING,PRON,MISSING,obj,MISSING,leftover_source,
1978,865,one-to-one,dn_1086,ygc_982,Giorgio,MISSING,PRON,MISSING,obj,MISSING,leftover_source,
1979,869,one-to-one,dn_1090,ygc_988,Ippolita,MISSING,PRON,MISSING,obj,MISSING,leftover_source,
1980,870,one-to-many,dn_1091,ygc_989 ygc_991,Ippolita,Ippolita,PROPN,PROPN,nsubj,nsubj,explicit_full,
1981,870,one-to-many,dn_1091,ygc_989 ygc_991,Ippolita,MISSING,PRON-REFLEX,MISSING,obj,MISSING,leftover_source,
1982,870,one-to-many,dn_1091,ygc_989 ygc_991,MISSING,Ippolita,MISSING,PRON,MISSING,nsubj,leftover_target,
1983,870,one-to-many,dn_1091,ygc_989 ygc_991,MISSING,Ippolita,MISSING,NULL,MISSING,nsubj,leftover_target,
1984,871,one-to-one,dn_1092,ygc_990,Ippolita,Ippolita,NULL,NULL,nsubj,nsubj,zero_zero_single,
1985,871,one-to-one,dn_1092,ygc_990,Ippolita,MISSING,PRON-REFLEX,MISSING,obj,MISSING,leftover_source,
1986,871,one-to-one,dn_1092,ygc_990,MISSING,Ippolita,MISSING,PRON,MISSING,nsubj,leftover_target,
1987,872,one-to-one,dn_1093,ygc_992,Ippolita,Ippolita,PRON,PRON,nsubj,nsubj,explicit_full,
1988,872,one-to-one,dn_1093,ygc_992,aunt-Giovianna,aunt-Giovianna,NOUN,PROPN,obj,nmod,explicit_ref_only,
1989,873,one-to-many,dn_1094,ygc_993 ygc_994,Ippolita,MISSING,PRON-REFLEX,MISSING,obj,MISSING,leftover_source,
1990,873,one-to-many,dn_1094,ygc_993 ygc_994,Ippolita,MISSING,NULL,MISSING,nsubj,MISSING,leftover_source,
1991,873,one-to-many,dn_1094,ygc_993 ygc_994,aunt-Giovianna,aunt-Giovianna,NOUN,NOUN,nsubj,nsubj,explicit_full,
1992,873,one-to-many,dn_1094,ygc_993 ygc_994,aunt-Giovianna,aunt-Giovianna,NULL,NULL,nsubj,nsubj,zero_zero_single,
1993,873,one-to-many,dn_1094,ygc_993 ygc_994,MISSING,aunt-Giovianna,MISSING,NOUN,MISSING,vocative,leftover_target,
1994,874,one-to-one,dn_1095,ygc_995,Giorgio,MISSING,PRON,MISSING,nsubj,MISSING,leftover_source,
1995,874,one-to-one,dn_1095,ygc_995,Ippolita,MISSING,PRON-REFLEX,MISSING,obj,MISSING,leftover_source,
1996,874,one-to-one,dn_1095,ygc_995,Ippolita,MISSING,NULL,MISSING,nsubj,MISSING,leftover_source,
1997,874,one-to-one,dn_1095,ygc_995,Ippolita,MISSING,NULL,MISSING,nsubj,MISSING,leftover_source,
1998,874,one-to-one,dn_1095,ygc_995,MISSING,Ippolita,MISSING,PRON,MISSING,nmod,leftover_target,
1999,874,one-to-one,dn_1095,ygc_995,aunt-Giovianna,aunt-Giovianna,DET,NOUN,nmod,nmod,explicit_ref_case,
2000,874,one-to-one,dn_1095,ygc_995,aunt-Giovianna,MISSING,PRON,MISSING,obj,MISSING,leftover_source,
2001,875,one-to-one,dn_1096,ygc_996,Ippolita,Ippolita,NULL,NULL,nsubj,nsubj,zero_zero_semantic,0.377021463079886
2002,875,one-to-one,dn_1096,ygc_996,Ippolita,MISSING,PRON-REFLEX,MISSING,obj,MISSING,leftover_source,
2003,875,one-to-one,dn_1096,ygc_996,MISSING,Ippolita,MISSING,NULL,MISSING,nsubj,leftover_target,
2004,875,one-to-one,dn_1096,ygc_996,aunt-Giovianna,MISSING,NULL,MISSING,nsubj,MISSING,leftover_source,
2005,876,one-to-one,dn_1097,ygc_997,aunt-Giovianna,aunt-Giovianna,NOUN,NOUN,vocative,vocative,explicit_full,
2006,877,one-to-one,dn_1098,ygc_998,Ippolita,MISSING,NULL,MISSING,nsubj,MISSING,leftover_source,
2007,877,one-to-one,dn_1098,ygc_998,aunt-Giovianna,aunt-Giovianna,PRON,NOUN,obj,obj,explicit_ref_case,
2008,877,one-to-one,dn_1098,ygc_998,aunt-Giovianna,MISSING,DET,MISSING,nmod,MISSING,leftover_source,
2009,877,one-to-one,dn_1098,ygc_998,aunt-Giovianna,MISSING,DET,MISSING,nmod,MISSING,leftover_source,
2010,878,one-to-many,dn_1099,ygc_999 ygc_1000,Giorgio,Giorgio,PROPN,PROPN,obj,obj,explicit_full,
2011,878,one-to-many,dn_1099,ygc_999 ygc_1000,Ippolita,Ippolita,PRON,PROPN,nsubj,nsubj,explicit_ref_case,
2012,878,one-to-many,dn_1099,ygc_999 ygc_1000,Ippolita,MISSING,PRON-REFLEX,MISSING,obj,MISSING,leftover_source,
2013,878,one-to-many,dn_1099,ygc_999 ygc_1000,MISSING,Ippolita,MISSING,NULL,MISSING,nsubj,leftover_target,
2014,878,one-to-many,dn_1099,ygc_999 ygc_1000,MISSING,Ippolita,MISSING,NULL,MISSING,nsubj,leftover_target,
2015,878,one-to-many,dn_1099,ygc_999 ygc_1000,MISSING,Ippolita,MISSING,NULL,MISSING,nsubj,leftover_target,
2016,878,one-to-many,dn_1099,ygc_999 ygc_1000,MISSING,Ippolita,MISSING,NULL,MISSING,nsubj,leftover_target,
2017,878,one-to-many,dn_1099,ygc_999 ygc_1000,MISSING,Ippolita,MISSING,NULL,MISSING,nsubj,leftover_target,
2018,878,one-to-many,dn_1099,ygc_999 ygc_1000,MISSING,Ippolita,MISSING,NULL,MISSING,nsubj,leftover_target,
2019,878,one-to-many,dn_1099,ygc_999 ygc_1000,MISSING,Ippolita,MISSING,NULL,MISSING,nsubj,leftover_target,
2020,878,one-to-many,dn_1099,ygc_999 ygc_1000,MISSING,Ippolita,MISSING,NULL,MISSING,nsubj,leftover_target,
2021,878,one-to-many,dn_1099,ygc_999 ygc_1000,pavers,pavers,NOUN,NOUN,nsubj,nmod,explicit_ref_pos,
2022,879,one-to-one,dn_1100,ygc_1001,Ippolita,MISSING,PRON-REFLEX,MISSING,obj,MISSING,leftover_source,
2023,879,one-to-one,dn_1100,ygc_1001,Ippolita,MISSING,NULL,MISSING,nsubj,MISSING,leftover_source,
2024,881,one-to-one,dn_1102,ygc_1003,Ippolita,Ippolita,PRON,PRON,nsubj,nmod,explicit_ref_pos,
2025,882,one-to-one,dn_1103,ygc_1004,Ippolita,Ippolita,PRON,PRON,obj,nmod,explicit_ref_pos,
2026,883,many-to-one,dn_1104 dn_1105,ygc_1005,Ippolita,Ippolita,PRON,PRON,obj,obj,explicit_full,
2027,883,many-to-one,dn_1104 dn_1105,ygc_1005,Ippolita,Ippolita,PRON,PRON,nsubj,nsubj,explicit_full,
2028,883,many-to-one,dn_1104 dn_1105,ygc_1005,Ippolita,Ippolita,NULL,NULL,nsubj,nsubj,zero_zero_semantic,0.5080328608012717
2029,883,many-to-one,dn_1104 dn_1105,ygc_1005,Ippolita,MISSING,NULL,MISSING,nsubj,MISSING,leftover_source,
2030,883,many-to-one,dn_1104 dn_1105,ygc_1005,Ippolita,MISSING,PRON-REFLEX,MISSING,obj,MISSING,leftover_source,
2031,884,one-to-one,dn_1106,ygc_1006,Ippolita,Ippolita,PRON,PRON,nsubj,nsubj,explicit_full,
2032,884,one-to-one,dn_1106,ygc_1006,Ippolita,MISSING,PRON,MISSING,obj,MISSING,leftover_source,
2033,886,one-to-one,dn_1109,ygc_1008,Ippolita,Ippolita,PRON,PRON,obj,nsubj,explicit_ref_pos,
2034,887,one-to-one,dn_1110,ygc_1009,Ippolita,Ippolita,NULL,NULL,nsubj,nsubj,zero_zero_semantic,0.40320886472860973
2035,887,one-to-one,dn_1110,ygc_1009,MISSING,Ippolita,MISSING,PRON,MISSING,nsubj,leftover_target,
2036,887,one-to-one,dn_1110,ygc_1009,MISSING,Ippolita,MISSING,NULL,MISSING,nsubj,leftover_target,
2037,888,one-to-one,dn_1111,ygc_1010,Ippolita,Ippolita,PRON,PRON,obj,nmod,explicit_ref_pos,
2038,888,one-to-one,dn_1111,ygc_1010,Ippolita,MISSING,PRON,MISSING,obj,MISSING,leftover_source,
2039,889,many-to-one,dn_1112 dn_1113,ygc_1011,Ippolita,MISSING,NULL,MISSING,nsubj,MISSING,leftover_source,
2040,889,many-to-one,dn_1112 dn_1113,ygc_1011,Ippolita,MISSING,NULL,MISSING,nsubj,MISSING,leftover_source,
2041,889,many-to-one,dn_1112 dn_1113,ygc_1011,MISSING,Ippolita,MISSING,PRON,MISSING,nmod,leftover_target,
2042,890,one-to-one,dn_1114,ygc_1012,Ippolita,Ippolita,PRON,PRON,obj,nsubj,explicit_ref_pos,
2043,891,one-to-one,dn_1115,ygc_1013,Ippolita,Ippolita,PRON,PROPN,nsubj,nsubj,explicit_ref_case,
2044,891,one-to-one,dn_1115,ygc_1013,MISSING,Ippolita,MISSING,NULL,MISSING,nsubj,leftover_target,
2045,894,one-to-one,dn_1118,ygc_1016,Ippolita,MISSING,PRON-REFLEX,MISSING,obj,MISSING,leftover_source,
2046,894,one-to-one,dn_1118,ygc_1016,Ippolita,MISSING,NULL,MISSING,nsubj,MISSING,leftover_source,
2047,894,one-to-one,dn_1118,ygc_1016,aunt-Giovianna,aunt-Giovianna,NOUN,NOUN,nmod,nsubj,explicit_ref_pos,
2048,895,one-to-one,dn_1119,ygc_1017,Clarice,Clarice,NOUN,NOUN,nsubj,nsubj,explicit_full,
2049,895,one-to-one,dn_1119,ygc_1017,Clarice,MISSING,NOUN,MISSING,nsubj,MISSING,leftover_source,
2050,895,one-to-one,dn_1119,ygc_1017,Clarice,MISSING,PRON-REFLEX,MISSING,obj,MISSING,leftover_source,
2051,895,one-to-one,dn_1119,ygc_1017,Clarice,MISSING,NOUN,MISSING,obj,MISSING,leftover_source,
2052,895,one-to-one,dn_1119,ygc_1017,Ippolita,Ippolita,PRON,PRON,obj,nmod,explicit_ref_pos,
2053,896,many-to-one,dn_1120 dn_1121,ygc_1018,Ippolita Clarice,Ippolita Clarice,PRON,PRON,nsubj,nsubj,explicit_full,
2054,896,many-to-one,dn_1120 dn_1121,ygc_1018,aunt-Giovianna,aunt-Giovianna,NOUN,NOUN,nsubj,nsubj,explicit_full,
2055,897,one-to-many,dn_1122,ygc_1019 ygc_1020,Ippolita Clarice,MISSING,PRON,MISSING,obj,MISSING,leftover_source,
2056,898,one-to-one,dn_1123,ygc_1021,Clarice,Clarice,PROPN,PROPN,nsubj,nsubj,explicit_full,
2057,898,one-to-one,dn_1123,ygc_1021,Clarice,Clarice,NULL,NULL,nsubj,nsubj,zero_zero_single,
2058,899,one-to-many,dn_1124,ygc_1022 ygc_1023,Ippolita Clarice,MISSING,PRON,MISSING,nsubj,MISSING,leftover_source,
2059,900,many-to-one,dn_1125 dn_1126,ygc_1024,Clarice,Clarice,NOUN,NOUN,pred,pred,explicit_full,
2060,900,many-to-one,dn_1125 dn_1126,ygc_1024,Clarice,Clarice,PROPN,NOUN,nsubj,nsubj,explicit_ref_case,
2061,900,many-to-one,dn_1125 dn_1126,ygc_1024,Clarice,MISSING,NULL,MISSING,nsubj,MISSING,leftover_source,
2062,901,one-to-one,dn_1127,ygc_1025,Ippolita Clarice,Ippolita Clarice,PRON,PRON,nsubj,nsubj,explicit_full,
2063,901,one-to-one,dn_1127,ygc_1025,MISSING,Ippolita Clarice,MISSING,NULL,MISSING,nsubj,leftover_target,
2064,901,one-to-one,dn_1127,ygc_1025,MISSING,Ippolita Clarice,MISSING,NULL,MISSING,nsubj,leftover_target,
2065,902,one-to-one,dn_1128,ygc_1026,Ippolita Clarice,MISSING,DET,MISSING,nmod,MISSING,leftover_source,
2066,903,one-to-one,dn_1129,ygc_1027,Clarice,Clarice,PROPN,NOUN,nsubj,nsubj,explicit_ref_case,
2067,903,one-to-one,dn_1129,ygc_1027,MISSING,Clarice,MISSING,NULL,MISSING,nsubj,leftover_target,
2068,903,one-to-one,dn_1129,ygc_1027,Ippolita,Ippolita,NULL,NULL,nsubj,nsubj,zero_zero_semantic,0.23542121937707355
2069,903,one-to-one,dn_1129,ygc_1027,Ippolita,Ippolita,NULL,NULL,nsubj,nsubj,zero_zero_semantic,0.49467544036717837
2070,903,one-to-one,dn_1129,ygc_1027,Ippolita,MISSING,PRON,MISSING,obj,MISSING,leftover_source,
2071,903,one-to-one,dn_1129,ygc_1027,Ippolita,MISSING,PRON,MISSING,obj,MISSING,leftover_source,
2072,903,one-to-one,dn_1129,ygc_1027,MISSING,Ippolita Clarice,MISSING,NULL,MISSING,nsubj,leftover_target,
2073,904,many-to-one,dn_1130 dn_1131,ygc_1028,Ippolita Clarice,Ippolita Clarice,PRON,PRON,nsubj,nsubj,explicit_full,
2074,904,many-to-one,dn_1130 dn_1131,ygc_1028,MISSING,Ippolita Clarice,MISSING,NULL,MISSING,nsubj,leftover_target,
2075,905,one-to-one,dn_1132,ygc_1029,Ippolita Clarice,MISSING,NULL,MISSING,nsubj,MISSING,leftover_source,
2076,905,one-to-one,dn_1132,ygc_1029,aunt-Giovianna,aunt-Giovianna,NOUN,NOUN,nsubj,nmod,explicit_ref_pos,
2077,905,one-to-one,dn_1132,ygc_1029,MISSING,aunt-Giovianna,MISSING,NULL,MISSING,nsubj,leftover_target,
2078,905,one-to-one,dn_1132,ygc_1029,MISSING,aunt-Giovianna,MISSING,NULL,MISSING,nsubj,leftover_target,
2079,906,one-to-many,dn_1133,ygc_1030 ygc_1031,Clarice,Clarice,PROPN,PROPN,nsubj,nsubj,explicit_full,
2080,906,one-to-many,dn_1133,ygc_1030 ygc_1031,Ippolita,Ippolita,PRON,PRON,nsubj,nsubj,explicit_full,
2081,906,one-to-many,dn_1133,ygc_1030 ygc_1031,Ippolita,MISSING,PRON-REFLEX,MISSING,obj,MISSING,leftover_source,
2082,908,one-to-many,dn_1135,ygc_1033 ygc_1034,Ippolita,Ippolita,PRON,PRON,obj,obj,explicit_full,
2083,908,one-to-many,dn_1135,ygc_1033 ygc_1034,Ippolita,Ippolita,PRON,PRON,obj,nsubj,explicit_ref_pos,
2084,908,one-to-many,dn_1135,ygc_1033 ygc_1034,Ippolita,MISSING,NULL,MISSING,nsubj,MISSING,leftover_source,
2085,908,one-to-many,dn_1135,ygc_1033 ygc_1034,aunt-Giovianna,aunt-Giovianna,NOUN,NOUN,nsubj,nsubj,explicit_full,
2086,908,one-to-many,dn_1135,ygc_1033 ygc_1034,aunt-Giovianna,aunt-Giovianna,PRON,NOUN,obj,nmod,explicit_ref_only,
2087,908,one-to-many,dn_1135,ygc_1033 ygc_1034,MISSING,aunt-Giovianna,MISSING,NULL,MISSING,nsubj,leftover_target,
2088,908,one-to-many,dn_1135,ygc_1033 ygc_1034,MISSING,aunt-Giovianna,MISSING,NULL,MISSING,nsubj,leftover_target,
2089,909,many-to-one,dn_1136 dn_1137,ygc_1035,Ippolita,Ippolita,PRON,PRON,obj,nsubj,explicit_ref_pos,
2090,909,many-to-one,dn_1136 dn_1137,ygc_1035,Ippolita,Ippolita,NULL,NULL,nsubj,nsubj,zero_zero_single,
2091,910,one-to-many,dn_1138,ygc_1036 ygc_1037 ygc_1038,Ippolita,Ippolita,PRON,PROPN,nsubj,nsubj,explicit_ref_case,
2092,910,one-to-many,dn_1138,ygc_1036 ygc_1037 ygc_1038,Ippolita,MISSING,PRON-REFLEX,MISSING,obj,MISSING,leftover_source,
2093,910,one-to-many,dn_1138,ygc_1036 ygc_1037 ygc_1038,Ippolita,MISSING,PRON,MISSING,obj,MISSING,leftover_source,
2094,910,one-to-many,dn_1138,ygc_1036 ygc_1037 ygc_1038,Ippolita,MISSING,PRON,MISSING,obj,MISSING,leftover_source,
2095,910,one-to-many,dn_1138,ygc_1036 ygc_1037 ygc_1038,MISSING,Ippolita,MISSING,NULL,MISSING,nsubj,leftover_target,
2096,910,one-to-many,dn_1138,ygc_1036 ygc_1037 ygc_1038,MISSING,Ippolita,MISSING,NULL,MISSING,nsubj,leftover_target,
2097,910,one-to-many,dn_1138,ygc_1036 ygc_1037 ygc_1038,pavers,MISSING,NOUN,MISSING,nsubj,MISSING,leftover_source,
2098,911,one-to-one,dn_1139,ygc_1039,Giorgio Ippolita,Giorgio Ippolita,NOUN,NOUN,nsubj,nsubj,explicit_full,
2099,911,one-to-one,dn_1139,ygc_1039,MISSING,Giorgio Ippolita,MISSING,NULL,MISSING,nsubj,leftover_target,
2100,912,many-to-one,dn_1140 dn_1141,ygc_1040,Giorgio Ippolita,Giorgio Ippolita,NULL,NULL,nsubj,nsubj,zero_zero_semantic,0.41057418741952584
2101,912,many-to-one,dn_1140 dn_1141,ygc_1040,Giorgio Ippolita,Giorgio Ippolita,NULL,NOUN,nsubj,nsubj,zero_to_tgt_anchor,
2102,912,many-to-one,dn_1140 dn_1141,ygc_1040,MISSING,Giorgio Ippolita,MISSING,NOUN,MISSING,obj,leftover_target,
2103,913,one-to-one,dn_1142,ygc_1041,Giorgio Ippolita,Giorgio Ippolita,NULL,NOUN,nsubj,nsubj,zero_to_tgt_anchor,
2104,914,one-to-one,dn_1143,ygc_1042,Giorgio,Giorgio,PROPN,PROPN,obj,nmod,explicit_ref_pos,
2105,914,one-to-one,dn_1143,ygc_1042,Giorgio,MISSING,PRON,MISSING,obj,MISSING,leftover_source,
2106,914,one-to-one,dn_1143,ygc_1042,Ippolita,Ippolita,PROPN,PROPN,nsubj,nsubj,explicit_full,
2107,914,one-to-one,dn_1143,ygc_1042,Ippolita,MISSING,DET,MISSING,nmod,MISSING,leftover_source,
2108,914,one-to-one,dn_1143,ygc_1042,Ippolita,MISSING,PRON-REFLEX,MISSING,obj,MISSING,leftover_source,
2109,914,one-to-one,dn_1143,ygc_1042,MISSING,Ippolita,MISSING,NULL,MISSING,nsubj,leftover_target,
2110,915,one-to-one,dn_1144,ygc_1043,Giorgio,Giorgio,NULL,NULL,nsubj,nsubj,zero_zero_single,
2111,916,one-to-one,dn_1145,ygc_1044,Giorgio,Giorgio,DET,PRON,nmod,obj,explicit_ref_only,
2112,917,one-to-one,dn_1146,ygc_1045,Ippolita,Ippolita,PRON,PRON,obj,nsubj,explicit_ref_pos,
2113,917,one-to-one,dn_1146,ygc_1045,Ippolita,Ippolita,NULL,NULL,nsubj,nsubj,zero_zero_single,
2114,918,one-to-one,dn_1147,ygc_1048,Giorgio,Giorgio,PROPN,PROPN,nsubj,nmod,explicit_ref_pos,
2115,920,one-to-one,dn_1149,ygc_1047,Ippolita,Ippolita,NULL,NULL,nsubj,nsubj,zero_zero_single,
2116,921,many-to-one,dn_1150 dn_1151,ygc_1049,Ippolita,MISSING,NULL,MISSING,nsubj,MISSING,leftover_source,
2117,922,one-to-one,dn_1152,ygc_1050,Ippolita,Ippolita,NULL,NULL,nsubj,nsubj,zero_zero_single,
2118,922,one-to-one,dn_1152,ygc_1050,Ippolitas-husband,Ippolitas-husband,NOUN,NOUN,nmod,obj,explicit_ref_pos,
2119,923,one-to-one,dn_1153,ygc_1051,Ippolita,Ippolita,NULL,NULL,nsubj,nsubj,zero_zero_single,
2120,925,one-to-one,dn_1155,ygc_1053,Giorgio,MISSING,PRON,MISSING,obj,MISSING,leftover_source,
2121,925,one-to-one,dn_1155,ygc_1053,Ippolita,Ippolita,NULL,NULL,nsubj,nsubj,zero_zero_single,
2122,926,one-to-one,dn_1156,ygc_1054,Giorgio,Giorgio,PROPN,PROPN,nsubj,nsubj,explicit_full,
2123,927,one-to-one,dn_1157,ygc_1055,Ippolita,Ippolita,PRON,PRON,nsubj,nsubj,explicit_full,
2124,928,one-to-one,dn_1158,ygc_1056,Giorgio,Giorgio,PROPN,PROPN,nsubj,nsubj,explicit_full,
2125,928,one-to-one,dn_1158,ygc_1056,Giorgio,MISSING,PRON-REFLEX,MISSING,obj,MISSING,leftover_source,
2126,928,one-to-one,dn_1158,ygc_1056,MISSING,Giorgio,MISSING,NULL,MISSING,nsubj,leftover_target,
2127,928,one-to-one,dn_1158,ygc_1056,Ippolita,Ippolita,PRON,PRON,nsubj,nsubj,explicit_full,
2128,928,one-to-one,dn_1158,ygc_1056,Ippolita,Ippolita,PRON,PRON,obj,nmod,explicit_ref_pos,
2129,929,many-to-one,dn_1159 dn_1160,ygc_1057,Giorgio,Giorgio,PRON,NULL,nsubj,nsubj,zero_to_src_anchor,
2130,929,many-to-one,dn_1159 dn_1160,ygc_1057,Ippolita,MISSING,NULL,MISSING,nsubj,MISSING,leftover_source,
2131,930,one-to-one,dn_1161,ygc_1058,Giorgio,Giorgio,PRON,NOUN,obj,obj,explicit_ref_case,
2132,930,one-to-one,dn_1161,ygc_1058,Ippolita,Ippolita,PRON,PRON,nsubj,nsubj,explicit_full,
2133,930,one-to-one,dn_1161,ygc_1058,Ippolita,Ippolita,NULL,NULL,nsubj,nsubj,zero_zero_semantic,0.23547964939126023
2134,930,one-to-one,dn_1161,ygc_1058,Ippolita,Ippolita,NULL,NULL,nsubj,nsubj,zero_zero_semantic,0.25682411833846813
2135,930,one-to-one,dn_1161,ygc_1058,Ippolita,MISSING,PRON-REFLEX,MISSING,obj,MISSING,leftover_source,
2136,931,one-to-one,dn_1162,ygc_1059,Giorgio,MISSING,PRON,MISSING,obj,MISSING,leftover_source,
2137,931,one-to-one,dn_1162,ygc_1059,Giorgio,MISSING,NULL,MISSING,nsubj,MISSING,leftover_source,
2138,931,one-to-one,dn_1162,ygc_1059,Ippolita,Ippolita,NULL,NULL,nsubj,nsubj,zero_zero_single,
2139,931,one-to-one,dn_1162,ygc_1059,Ippolita,MISSING,PRON,MISSING,obj,MISSING,leftover_source,
2140,932,one-to-one,dn_1163,ygc_1060,Giorgio,Giorgio,DET,PRON,nmod,nsubj,explicit_ref_only,
2141,932,one-to-one,dn_1163,ygc_1060,Giorgio,Giorgio,NULL,NULL,nsubj,nsubj,zero_zero_semantic,0.2635619970304625
2142,932,one-to-one,dn_1163,ygc_1060,MISSING,Giorgio,MISSING,NULL,MISSING,nsubj,leftover_target,
2143,933,one-to-one,dn_1164,ygc_1061,Giorgio,MISSING,NULL,MISSING,nsubj,MISSING,leftover_source,
2144,933,one-to-one,dn_1164,ygc_1061,Ippolita,MISSING,PRON,MISSING,obj,MISSING,leftover_source,
2145,935,many-to-one,dn_1166 dn_1167,ygc_1063,Giorgio,MISSING,NULL,MISSING,nsubj,MISSING,leftover_source,
2146,935,many-to-one,dn_1166 dn_1167,ygc_1063,Ippolita,Ippolita,NULL,NULL,nsubj,nsubj,zero_zero_single,
2147,935,many-to-one,dn_1166 dn_1167,ygc_1063,Ippolita,MISSING,PRON,MISSING,obj,MISSING,leftover_source,
2148,935,many-to-one,dn_1166 dn_1167,ygc_1063,Ippolita,MISSING,PRON,MISSING,obj,MISSING,leftover_source,
2149,936,one-to-one,dn_1168,ygc_1064,Giorgio,MISSING,NOUN,MISSING,nmod,MISSING,leftover_source,
2150,936,one-to-one,dn_1168,ygc_1064,Ippolita,Ippolita,PRON,PRON,nsubj,nsubj,explicit_full,
2151,937,one-to-one,dn_1169,ygc_1065,Giorgio Ippolita,Giorgio Ippolita,NULL,NULL,nsubj,nsubj,zero_zero_semantic,0.1227042506686266
2152,937,one-to-one,dn_1169,ygc_1065,Giorgio Ippolita,Giorgio Ippolita,NULL,NULL,nsubj,nsubj,zero_zero_semantic,0.28677022883504766
2153,938,one-to-one,dn_1170,ygc_1066,Giorgio Ippolita,Giorgio Ippolita,NULL,NULL,nsubj,nsubj,zero_zero_single,
2154,938,one-to-one,dn_1170,ygc_1066,Ippolita,MISSING,NULL,MISSING,nsubj,MISSING,leftover_source,
2155,943,one-to-one,dn_1175,ygc_1072,Pancrazio,Pancrazio,PROPN,PROPN,nsubj,nsubj,explicit_full,
2156,944,one-to-many,dn_1176,ygc_1071 ygc_1073,Ippolita,Ippolita,PROPN,PROPN,nsubj,nsubj,explicit_full,
2157,944,one-to-many,dn_1176,ygc_1071 ygc_1073,MISSING,Pancrazio,MISSING,PRON,MISSING,nsubj,leftover_target,
2158,944,one-to-many,dn_1176,ygc_1071 ygc_1073,MISSING,Pancrazio,MISSING,NULL,MISSING,nsubj,leftover_target,
2159,945,one-to-one,dn_1177,ygc_1074,Pancrazio,Pancrazio,PROPN,PROPN,nsubj,nsubj,explicit_full,
2160,945,one-to-one,dn_1177,ygc_1074,Pancrazio,MISSING,DET,MISSING,nmod,MISSING,leftover_source,
2161,945,one-to-one,dn_1177,ygc_1074,Pancrazio,MISSING,DET,MISSING,nmod,MISSING,leftover_source,
2162,945,one-to-one,dn_1177,ygc_1074,MISSING,Pancrazio,MISSING,NULL,MISSING,nsubj,leftover_target,
2163,946,one-to-one,dn_1178,ygc_1075,Pancrazio,Pancrazio,NULL,NULL,nsubj,nsubj,zero_zero_semantic,0.32234720133038847
2164,946,one-to-one,dn_1178,ygc_1075,Pancrazio,Pancrazio,NULL,NULL,nsubj,nsubj,zero_zero_semantic,0.1680611313096148
2165,946,one-to-one,dn_1178,ygc_1075,Pancrazio,Pancrazio,NULL,PRON,nsubj,nsubj,zero_to_tgt_anchor,
2166,947,one-to-many,dn_1179,ygc_1076 ygc_1077,Pancrazio,Pancrazio,NULL,NULL,nsubj,nsubj,zero_zero_semantic,0.4670066130657991
2167,947,one-to-many,dn_1179,ygc_1076 ygc_1077,Pancrazio,Pancrazio,NULL,NULL,nsubj,nsubj,zero_zero_semantic,0.5869217217229961
2168,947,one-to-many,dn_1179,ygc_1076 ygc_1077,Pancrazio,Pancrazio,NULL,NULL,nsubj,nsubj,zero_zero_semantic,0.5639610983997758
2169,947,one-to-many,dn_1179,ygc_1076 ygc_1077,Pancrazio,Pancrazio,PRON,NULL,nsubj,nsubj,zero_to_src_anchor,
2170,948,one-to-one,dn_1180,ygc_1079,Giorgio,Giorgio,PROPN,PROPN,nsubj,nsubj,explicit_full,
2171,949,one-to-one,dn_1181,ygc_1078,Pancrazio,Pancrazio,DET,NOUN,nmod,nmod,explicit_ref_case,
2172,949,one-to-one,dn_1181,ygc_1078,Pancrazio,Pancrazio,PROPN,NOUN,nsubj,obj,explicit_ref_only,
2173,952,many-to-one,dn_1184 dn_1185 dn_1186,ygc_1084,Ippolita,Ippolita,PROPN,PROPN,nsubj,nsubj,explicit_full,
2174,952,many-to-one,dn_1184 dn_1185 dn_1186,ygc_1084,Ippolita,MISSING,PRON,MISSING,nsubj,MISSING,leftover_source,
2175,953,one-to-one,dn_1187,ygc_1085,MISSING,Ippolita,MISSING,PRON,MISSING,nsubj,leftover_target,
2176,953,one-to-one,dn_1187,ygc_1085,MISSING,Ippolita,MISSING,NULL,MISSING,nsubj,leftover_target,
2177,957,one-to-one,dn_1192,ygc_1089,Giorgio,Giorgio,NOUN,PRON,vocative,vocative,explicit_ref_case,
2178,958,one-to-one,dn_1193,ygc_1090,Giorgio Ippolita,Giorgio Ippolita,PRON,NOUN,nsubj,nsubj,explicit_ref_case,
2179,959,one-to-one,dn_1194,ygc_1091,Giorgio,MISSING,PRON,MISSING,obj,MISSING,leftover_source,
2180,959,one-to-one,dn_1194,ygc_1091,Giorgio Ippolita,Giorgio Ippolita,NULL,NULL,nsubj,nsubj,zero_zero_semantic,0.2761123593850364
2181,959,one-to-one,dn_1194,ygc_1091,Giorgio Ippolita,Giorgio Ippolita,NULL,NULL,nsubj,nsubj,zero_zero_semantic,0.12583556057503065
2182,959,one-to-one,dn_1194,ygc_1091,Giorgio Ippolita,MISSING,PRON-REFLEX,MISSING,obj,MISSING,leftover_source,
2183,959,one-to-one,dn_1194,ygc_1091,MISSING,Giorgio Ippolita,MISSING,NULL,MISSING,nsubj,leftover_target,
2184,959,one-to-one,dn_1194,ygc_1091,Ippolita,MISSING,PRON,MISSING,obj,MISSING,leftover_source,
2185,960,many-to-one,dn_1195 dn_1196 dn_1197,ygc_1092,Giorgio,Giorgio,PROPN,PROPN,obj,nsubj,explicit_ref_pos,
2186,960,many-to-one,dn_1195 dn_1196 dn_1197,ygc_1092,Giorgio,MISSING,DET,MISSING,nmod,MISSING,leftover_source,
2187,960,many-to-one,dn_1195 dn_1196 dn_1197,ygc_1092,Giorgio,MISSING,DET,MISSING,nmod,MISSING,leftover_source,
2188,960,many-to-one,dn_1195 dn_1196 dn_1197,ygc_1092,MISSING,Giorgio,MISSING,NULL,MISSING,nsubj,leftover_target,
2189,961,one-to-one,dn_1221,ygc_1093,Giorgio,Giorgio,NULL,NULL,nsubj,nsubj,zero_zero_semantic,0.26342642877031774
2190,961,one-to-one,dn_1221,ygc_1093,Giorgio,MISSING,NULL,MISSING,nsubj,MISSING,leftover_source,
2191,961,one-to-one,dn_1221,ygc_1093,Ippolita,MISSING,PRON,MISSING,nmod,MISSING,leftover_source,
2192,962,many-to-one,dn_1222 dn_1223,ygc_1094,Giorgio,Giorgio,NULL,NULL,nsubj,nsubj,zero_zero_semantic,0.3075400802349346
2193,962,many-to-one,dn_1222 dn_1223,ygc_1094,MISSING,Giorgio,MISSING,NULL,MISSING,nsubj,leftover_target,
2194,962,many-to-one,dn_1222 dn_1223,ygc_1094,MISSING,Giorgio,MISSING,NULL,MISSING,nsubj,leftover_target,
2195,962,many-to-one,dn_1222 dn_1223,ygc_1094,Ippolita,Ippolita,PRON,PRON,nsubj,nsubj,explicit_full,
2196,962,many-to-one,dn_1222 dn_1223,ygc_1094,Ippolita,Ippolita,DET,PRON,nmod,nmod,explicit_ref_case,
2197,963,one-to-one,dn_1224,ygc_1095,Giorgio,Giorgio,NULL,PRON,nsubj,nsubj,zero_to_tgt_anchor,
2198,963,one-to-one,dn_1224,ygc_1095,Ippolita,Ippolita,PRON,PRON,obj,obj,explicit_full,
2199,964,many-to-one,dn_1225 dn_1226,ygc_1096,Giorgio,Giorgio,NULL,PRON,nsubj,nsubj,zero_to_tgt_anchor,
2200,964,many-to-one,dn_1225 dn_1226,ygc_1096,Ippolita,Ippolita,DET,PRON,nmod,nmod,explicit_ref_case,
2201,964,many-to-one,dn_1225 dn_1226,ygc_1096,Ippolita,Ippolita,DET,PRON,nmod,nmod,explicit_ref_case,
2202,964,many-to-one,dn_1225 dn_1226,ygc_1096,Ippolita,Ippolita,DET,PRON,nmod,nmod,explicit_ref_case,
2203,965,one-to-one,dn_1227,ygc_1097,Giorgio,Giorgio,NULL,PRON,nsubj,nsubj,zero_to_tgt_anchor,
2204,965,one-to-one,dn_1227,ygc_1097,Giorgio,MISSING,NULL,MISSING,nsubj,MISSING,leftover_source,
2205,965,one-to-one,dn_1227,ygc_1097,Ippolita,Ippolita,DET,PRON,nmod,nmod,explicit_ref_case,
2206,966,one-to-one,dn_1228 dn_1229 dn_1230,ygc_1098 ygc_1099,Giorgio,MISSING,PRON,MISSING,obj,MISSING,leftover_source,
2207,966,one-to-one,dn_1228 dn_1229 dn_1230,ygc_1098 ygc_1099,Giorgio,MISSING,PRON,MISSING,obj,MISSING,leftover_source,
2208,966,one-to-one,dn_1228 dn_1229 dn_1230,ygc_1098 ygc_1099,Giorgio,MISSING,PRON,MISSING,nsubj,MISSING,leftover_source,
2209,966,one-to-one,dn_1228 dn_1229 dn_1230,ygc_1098 ygc_1099,Giorgio,MISSING,PRON,MISSING,obj,MISSING,leftover_source,
2210,966,one-to-one,dn_1228 dn_1229 dn_1230,ygc_1098 ygc_1099,Ippolita,Ippolita,PRON,PRON,nsubj,nsubj,explicit_full,
2211,966,one-to-one,dn_1228 dn_1229 dn_1230,ygc_1098 ygc_1099,Ippolita,Ippolita,DET,PRON,nmod,nmod,explicit_ref_case,
2212,966,one-to-one,dn_1228 dn_1229 dn_1230,ygc_1098 ygc_1099,Ippolita,Ippolita,NULL,NULL,nsubj,nsubj,zero_zero_semantic,0.17511015385389328
2213,966,one-to-one,dn_1228 dn_1229 dn_1230,ygc_1098 ygc_1099,Ippolita,Ippolita,NULL,NULL,nsubj,nsubj,zero_zero_semantic,0.2741579735562915
2214,966,one-to-one,dn_1228 dn_1229 dn_1230,ygc_1098 ygc_1099,Ippolita,Ippolita,NULL,NULL,nsubj,nsubj,zero_zero_semantic,0.3004997146981103
2215,966,one-to-one,dn_1228 dn_1229 dn_1230,ygc_1098 ygc_1099,MISSING,Ippolita,MISSING,NULL,MISSING,nsubj,leftover_target,
2216,966,one-to-one,dn_1228 dn_1229 dn_1230,ygc_1098 ygc_1099,MISSING,Ippolita,MISSING,PRON,MISSING,nsubj,leftover_target,
2217,967,many-to-one,dn_1231 dn_1232,ygc_1100,Giorgio,Giorgio,PRON,PRON,nsubj,nmod,explicit_ref_pos,
2218,967,many-to-one,dn_1231 dn_1232,ygc_1100,Giorgio,Giorgio,PRON,NULL,nsubj,nsubj,zero_to_src_anchor,
2219,967,many-to-one,dn_1231 dn_1232,ygc_1100,Giorgio,Giorgio,PRON,NULL,nsubj,nsubj,zero_to_src_anchor,
2220,967,many-to-one,dn_1231 dn_1232,ygc_1100,MISSING,Giorgio,MISSING,NULL,MISSING,nsubj,leftover_target,
2221,967,many-to-one,dn_1231 dn_1232,ygc_1100,Ippolita,Ippolita,PRON,PRON,obj,obj,explicit_full,
2222,967,many-to-one,dn_1231 dn_1232,ygc_1100,Ippolita,Ippolita,PRON,PRON,obj,obj,explicit_full,
2223,967,many-to-one,dn_1231 dn_1232,ygc_1100,Ippolita,Ippolita,PRON,PRON,obj,nsubj,explicit_ref_pos,
2224,967,many-to-one,dn_1231 dn_1232,ygc_1100,MISSING,Ippolita,MISSING,NULL,MISSING,nsubj,leftover_target,
2225,969,one-to-one,dn_1234,ygc_1102,Ippolita,Ippolita,PRON,PRON,nsubj,nsubj,explicit_full,
2226,969,one-to-one,dn_1234,ygc_1102,Ippolita,MISSING,NULL,MISSING,nsubj,MISSING,leftover_source,
2227,970,many-to-one,dn_1235 dn_1236,ygc_1103,MISSING,Giorgio Ippolita,MISSING,PRON,MISSING,nmod,leftover_target,
2228,971,one-to-many,dn_1237,ygc_1104 ygc_1105,Giorgio,Giorgio,NULL,NULL,nsubj,nsubj,zero_zero_semantic,0.41306909456335267
2229,971,one-to-many,dn_1237,ygc_1104 ygc_1105,MISSING,Giorgio,MISSING,PRON,MISSING,nsubj,leftover_target,
2230,971,one-to-many,dn_1237,ygc_1104 ygc_1105,MISSING,Giorgio,MISSING,NULL,MISSING,nsubj,leftover_target,
2231,972,one-to-one,dn_1238,ygc_1106,Giorgio,Giorgio,DET,PRON,nmod,nmod,explicit_ref_case,
2232,973,one-to-one,dn_1239,ygc_1107,Giorgio,Giorgio,PRON,PRON,nsubj,nsubj,explicit_full,
2233,973,one-to-one,dn_1239,ygc_1107,Giorgio,Giorgio,PRON,PRON,obj,obj,explicit_full,
2234,973,one-to-one,dn_1239,ygc_1107,Giorgio,Giorgio,PRON,PRON,nsubj,nmod,explicit_ref_pos,
2235,973,one-to-one,dn_1239,ygc_1107,Giorgio,MISSING,PRON,MISSING,obj,MISSING,leftover_source,
2236,973,one-to-one,dn_1239,ygc_1107,MISSING,Giorgio,MISSING,NULL,MISSING,nsubj,leftover_target,
2237,974,one-to-one,dn_1240,ygc_1108,Giorgio,MISSING,NULL,MISSING,nsubj,MISSING,leftover_source,
2238,974,one-to-one,dn_1240,ygc_1108,MISSING,Giorgio,MISSING,PRON,MISSING,nmod,leftover_target,
2239,976,one-to-one,dn_1242,ygc_1110,Giorgio,Giorgio,NULL,NULL,nsubj,nsubj,zero_zero_single,
2240,976,one-to-one,dn_1242,ygc_1110,Giorgio,MISSING,PRON-REFLEX,MISSING,obj,MISSING,leftover_source,
2241,977,one-to-one,dn_1243,ygc_1111,Ippolita,Ippolita,PROPN,PROPN,nsubj,nsubj,explicit_full,
2242,978,one-to-one,dn_1244,ygc_1112,Ippolita,Ippolita,PRON,PRON,nsubj,nsubj,explicit_full,
2243,979,one-to-one,dn_1245,ygc_1113,Giorgio,Giorgio,PROPN,PROPN,nsubj,nsubj,explicit_full,
2244,979,one-to-one,dn_1245,ygc_1113,Giorgio,Giorgio,PRON,PRON,obj,nmod,explicit_ref_pos,
2245,979,one-to-one,dn_1245,ygc_1113,Giorgio,Giorgio,NULL,NULL,nsubj,nsubj,zero_zero_single,
2246,980,many-to-one,dn_1246 dn_1247 dn_1248,ygc_1114,Giorgio,Giorgio,PRON,PRON,obj,obj,explicit_full,
2247,980,many-to-one,dn_1246 dn_1247 dn_1248,ygc_1114,Giorgio,MISSING,PRON,MISSING,obj,MISSING,leftover_source,
2248,980,many-to-one,dn_1246 dn_1247 dn_1248,ygc_1114,Ippolita,Ippolita,PROPN,PROPN,nmod,obj,explicit_ref_pos,
2249,981,one-to-one,dn_1249,ygc_1116,Giorgio,Giorgio,PRON,PRON,nsubj,nsubj,explicit_full,
2250,982,one-to-one,dn_1250,ygc_1115,Giorgio,MISSING,NULL,MISSING,nsubj,MISSING,leftover_source,
2251,982,one-to-one,dn_1250,ygc_1115,Giorgio,MISSING,PRON,MISSING,nsubj,MISSING,leftover_source,
2252,983,one-to-one,dn_1266,ygc_1117,Giorgio,MISSING,NULL,MISSING,nsubj,MISSING,leftover_source,
2253,984,one-to-one,dn_1267,ygc_1118,Giorgio,Giorgio,PRON,PRON,nsubj,nsubj,explicit_full,
2254,984,one-to-one,dn_1267,ygc_1118,MISSING,Giorgio Ippolita,MISSING,PRON,MISSING,nsubj,leftover_target,
2255,984,one-to-one,dn_1267,ygc_1118,Ippolita,MISSING,PRON,MISSING,obj,MISSING,leftover_source,
2256,985,one-to-one,dn_1268,ygc_1119,MISSING,Giorgio,MISSING,PRON,MISSING,obj,leftover_target,
2257,985,one-to-one,dn_1268,ygc_1119,Ippolita,Ippolita,DET,PRON,nmod,nmod,explicit_ref_case,
2258,986,one-to-one,dn_1269 dn_1270 dn_1271,ygc_1120 ygc_1121 ygc_1122,Giorgio,Giorgio,PRON,PRON,nsubj,obj,explicit_ref_pos,
2259,986,one-to-one,dn_1269 dn_1270 dn_1271,ygc_1120 ygc_1121 ygc_1122,MISSING,Giorgio,MISSING,NULL,MISSING,nsubj,leftover_target,
2260,986,one-to-one,dn_1269 dn_1270 dn_1271,ygc_1120 ygc_1121 ygc_1122,MISSING,Giorgio,MISSING,NULL,MISSING,nsubj,leftover_target,
2261,986,one-to-one,dn_1269 dn_1270 dn_1271,ygc_1120 ygc_1121 ygc_1122,MISSING,Giorgio,MISSING,PRON,MISSING,nmod,leftover_target,
2262,986,one-to-one,dn_1269 dn_1270 dn_1271,ygc_1120 ygc_1121 ygc_1122,MISSING,Giorgio,MISSING,NULL,MISSING,nsubj,leftover_target,
2263,986,one-to-one,dn_1269 dn_1270 dn_1271,ygc_1120 ygc_1121 ygc_1122,Ippolita,Ippolita,PRON,PRON,nsubj,nsubj,explicit_full,
2264,986,one-to-one,dn_1269 dn_1270 dn_1271,ygc_1120 ygc_1121 ygc_1122,Ippolita,Ippolita,PRON,PRON,nsubj,nsubj,explicit_full,
2265,986,one-to-one,dn_1269 dn_1270 dn_1271,ygc_1120 ygc_1121 ygc_1122,Ippolita,Ippolita,NULL,NULL,nsubj,nsubj,zero_zero_semantic,0.3767585546681375
2266,986,one-to-one,dn_1269 dn_1270 dn_1271,ygc_1120 ygc_1121 ygc_1122,Ippolita,Ippolita,NULL,NULL,nsubj,nsubj,zero_zero_semantic,0.40915151584329024
2267,986,one-to-one,dn_1269 dn_1270 dn_1271,ygc_1120 ygc_1121 ygc_1122,Ippolita,MISSING,PRON,MISSING,obj,MISSING,leftover_source,
2268,986,one-to-one,dn_1269 dn_1270 dn_1271,ygc_1120 ygc_1121 ygc_1122,Ippolita,MISSING,PRON,MISSING,obj,MISSING,leftover_source,
2269,986,one-to-one,dn_1269 dn_1270 dn_1271,ygc_1120 ygc_1121 ygc_1122,Ippolita,MISSING,PRON,MISSING,obj,MISSING,leftover_source,
2270,986,one-to-one,dn_1269 dn_1270 dn_1271,ygc_1120 ygc_1121 ygc_1122,Ippolita,MISSING,PRON,MISSING,obj,MISSING,leftover_source,
2271,986,one-to-one,dn_1269 dn_1270 dn_1271,ygc_1120 ygc_1121 ygc_1122,Ippolita,MISSING,PRON,MISSING,obj,MISSING,leftover_source,
2272,987,many-to-one,dn_1272 dn_1273,ygc_1123,Giorgio,Giorgio,PRON,NULL,nsubj,nsubj,zero_to_src_anchor,
2273,987,many-to-one,dn_1272 dn_1273,ygc_1123,Giorgio,MISSING,PRON-REFLEX,MISSING,obj,MISSING,leftover_source,
2274,987,many-to-one,dn_1272 dn_1273,ygc_1123,Ippolita,Ippolita,DET,PRON,nmod,nmod,explicit_ref_case,
2275,987,many-to-one,dn_1272 dn_1273,ygc_1123,Ippolitas-husband,Ippolitas-husband,NOUN,NOUN,nsubj,nsubj,explicit_full,
2276,987,many-to-one,dn_1272 dn_1273,ygc_1123,Ippolitas-husband,MISSING,NULL,MISSING,nsubj,MISSING,leftover_source,
2277,987,many-to-one,dn_1272 dn_1273,ygc_1123,Ippolitas-husbands-female-friend,Ippolitas-husbands-female-friend,NOUN,NOUN,obj,nsubj,explicit_ref_pos,
2278,987,many-to-one,dn_1272 dn_1273,ygc_1123,Ippolitas-husbands-male-friend,Ippolitas-husbands-male-friend,NOUN,NOUN,obj,nsubj,explicit_ref_pos,
2279,988,one-to-one,dn_1274,ygc_1124,Ippolita,Ippolita,PRON,PRON,obj,obj,explicit_full,
2280,988,one-to-one,dn_1274,ygc_1124,Ippolitas-husband Ippolitas-husbands-male-friend Ippolitas-husbands-female-friend,Ippolitas-husband Ippolitas-husbands-male-friend Ippolitas-husbands-female-friend,NULL,NOUN,nsubj,nsubj,zero_to_tgt_anchor,
2281,989,one-to-one,dn_1275,ygc_1125,Giorgio,Giorgio,PRON,PRON,obj,nsubj,explicit_ref_pos,
2282,989,one-to-one,dn_1275,ygc_1125,Giorgio,Giorgio,NULL,NULL,nsubj,nsubj,zero_zero_semantic,0.5705577315533676
2283,989,one-to-one,dn_1275,ygc_1125,Giorgio,Giorgio,NULL,NULL,nsubj,nsubj,zero_zero_semantic,0.4060865847573328
2284,989,one-to-one,dn_1275,ygc_1125,Giorgio,MISSING,PRON-REFLEX,MISSING,obj,MISSING,leftover_source,
2285,990,one-to-one,dn_1276,ygc_1126,Giorgio,MISSING,PRON,MISSING,obj,MISSING,leftover_source,
2286,990,one-to-one,dn_1276,ygc_1126,MISSING,Giorgio,MISSING,NULL,MISSING,nsubj,leftover_target,
2287,990,one-to-one,dn_1276,ygc_1126,Ippolitas-husband Ippolitas-husbands-male-friend Ippolitas-husbands-female-friend,Ippolitas-husband Ippolitas-husbands-male-friend Ippolitas-husbands-female-friend,NOUN,NOUN,nmod,nsubj,explicit_ref_pos,
2288,990,one-to-one,dn_1276,ygc_1126,Ippolitas-husband Ippolitas-husbands-male-friend Ippolitas-husbands-female-friend,MISSING,NULL,MISSING,nsubj,MISSING,leftover_source,
2289,991,one-to-one,dn_1277,ygc_1127,Giorgio,Giorgio,PRON,PRON,obj,nsubj,explicit_ref_pos,
2290,991,one-to-one,dn_1277,ygc_1127,MISSING,Giorgio,MISSING,NULL,MISSING,nsubj,leftover_target,
2291,991,one-to-one,dn_1277,ygc_1127,Ippolita,Ippolita,PRON,PRON,nsubj,nsubj,explicit_full,
2292,991,one-to-one,dn_1277,ygc_1127,Ippolita,MISSING,NULL,MISSING,nsubj,MISSING,leftover_source,
2293,991,one-to-one,dn_1277,ygc_1127,Ippolitas-husband Ippolitas-husbands-male-friend Ippolitas-husbands-female-friend,Ippolitas-husband Ippolitas-husbands-male-friend Ippolitas-husbands-female-friend,PRON,PRON,nsubj,obj,explicit_ref_pos,
2294,992,one-to-one,dn_1315,ygc_1131,MISSING,Giorgio,MISSING,PRON,MISSING,obj,leftover_target,
2295,992,one-to-one,dn_1315,ygc_1131,Ippolitas-sister-in-law,MISSING,NOUN,MISSING,nsubj,MISSING,leftover_source,
2296,994,one-to-one,dn_1319,ygc_1129,Giorgio Ippolita,Giorgio Ippolita,PRON,PRON,nsubj,nsubj,explicit_full,
2297,994,one-to-one,dn_1319,ygc_1129,MISSING,Giorgio Ippolita,MISSING,NULL,MISSING,nsubj,leftover_target,
2298,995,one-to-one,dn_1320,ygc_1130,Giorgio,Giorgio,NULL,NULL,nsubj,nsubj,zero_zero_single,
2299,995,one-to-one,dn_1320,ygc_1130,MISSING,Giorgio,MISSING,PRON,MISSING,nsubj,leftover_target,
2300,996,one-to-one,dn_1321,ygc_1131,Giorgio,Giorgio,PRON,PRON,obj,obj,explicit_full,
2301,998,one-to-one,dn_1323,ygc_1133,Giorgio,Giorgio,NULL,PRON,nsubj,nsubj,zero_to_tgt_anchor,
2302,999,one-to-one,dn_1324,ygc_1134,Ippolita,Ippolita,NULL,NULL,nsubj,nsubj,zero_zero_single,
2303,999,one-to-one,dn_1324,ygc_1134,MISSING,Ippolita,MISSING,PROPN,MISSING,nsubj,leftover_target,
2304,1000,one-to-one,dn_1325,ygc_1135,Ippolita,Ippolita,PRON,PRON,nsubj,nsubj,explicit_full,
2305,1001,one-to-one,dn_1326,ygc_1136,Giorgio Ippolita,MISSING,NULL,MISSING,nsubj,MISSING,leftover_source,
2306,1001,one-to-one,dn_1326,ygc_1136,Giorgio Ippolita,MISSING,DET,MISSING,nmod,MISSING,leftover_source,
2307,1002,one-to-one,dn_1327,ygc_1137,Giorgio Ippolita,Giorgio Ippolita,NULL,PRON,nsubj,nsubj,zero_to_tgt_anchor,
2308,1003,one-to-one,dn_1328 dn_1329,ygc_1138 ygc_1139,Giorgio,Giorgio,PRON,PRON,obj,obj,explicit_full,
2309,1003,one-to-one,dn_1328 dn_1329,ygc_1138 ygc_1139,Giorgio,Giorgio,PRON,PRON,obj,nmod,explicit_ref_pos,
2310,1003,one-to-one,dn_1328 dn_1329,ygc_1138 ygc_1139,Giorgio,MISSING,NULL,MISSING,nsubj,MISSING,leftover_source,
2311,1004,one-to-one,dn_1330,ygc_1140,Giorgio,Giorgio,DET,PRON,nmod,nmod,explicit_ref_case,
2312,1004,one-to-one,dn_1330,ygc_1140,Giorgio,MISSING,NULL,MISSING,nsubj,MISSING,leftover_source,
2313,1004,one-to-one,dn_1330,ygc_1140,Ippolita,Ippolita,PRON,PRON,nsubj,nsubj,explicit_full,
2314,1006,one-to-one,dn_1332,ygc_1142,Ippolita,Ippolita,DET,PRON,nmod,nmod,explicit_ref_case,
2315,1007,one-to-one,dn_1333,ygc_1143,Ippolita,Ippolita,DET,PRON,nmod,nmod,explicit_ref_case,
2316,1008,one-to-one,dn_1334,ygc_1144,CaterinaCornaro,CaterinaCornaro,PROPN,PROPN,nsubj,nsubj,explicit_full,
2317,1008,one-to-one,dn_1334,ygc_1144,CaterinaCornaro,CaterinaCornaro,NULL,NULL,nsubj,nsubj,zero_zero_single,
2318,1008,one-to-one,dn_1334,ygc_1144,Giorgio,Giorgio,NULL,NULL,nsubj,nsubj,zero_zero_semantic,0.8464498293930693
2319,1008,one-to-one,dn_1334,ygc_1144,Giorgio,MISSING,PRON,MISSING,nsubj,MISSING,leftover_source,
2320,1008,one-to-one,dn_1334,ygc_1144,Giorgio,MISSING,NULL,MISSING,nsubj,MISSING,leftover_source,
2321,1008,one-to-one,dn_1334,ygc_1144,Ippolita,Ippolita,PRON,PRON,obj,obj,explicit_full,
2322,1009,one-to-one,dn_1335,ygc_1145,CaterinaCornaro,MISSING,NOUN,MISSING,nmod,MISSING,leftover_source,
2323,1009,one-to-one,dn_1335,ygc_1145,Giorgio,Giorgio,NULL,NULL,nsubj,nsubj,zero_zero_semantic,0.40087013377955083
2324,1009,one-to-one,dn_1335,ygc_1145,Giorgio,Giorgio,NULL,NULL,nsubj,nsubj,zero_zero_semantic,0.2865969197530496
2325,1009,one-to-one,dn_1335,ygc_1145,Giorgio,MISSING,DET,MISSING,nmod,MISSING,leftover_source,
2326,1010,one-to-one,dn_1336,ygc_1146,Ippolita,Ippolita,PRON,PRON,nsubj,nsubj,explicit_full,
2327,1010,one-to-one,dn_1336,ygc_1146,Ippolita,MISSING,PRON-REFLEX,MISSING,obj,MISSING,leftover_source,
2328,1010,one-to-one,dn_1336,ygc_1146,MISSING,Ippolita,MISSING,NULL,MISSING,nsubj,leftover_target,
2329,1010,one-to-one,dn_1336,ygc_1146,MISSING,Ippolita,MISSING,NULL,MISSING,nsubj,leftover_target,
2330,1011,one-to-one,dn_1337,ygc_1147,Ippolita,Ippolita,PROPN,PROPN,vocative,vocative,explicit_full,
2331,1012,one-to-many,dn_1338,ygc_1148 ygc_1149,Giorgio,Giorgio,PRON,PRON,nsubj,nsubj,explicit_full,
2332,1012,one-to-many,dn_1338,ygc_1148 ygc_1149,Ippolita,Ippolita,PRON,PRON,nsubj,nsubj,explicit_full,
2333,1012,one-to-many,dn_1338,ygc_1148 ygc_1149,Ippolita,Ippolita,DET,PRON,nmod,nmod,explicit_ref_case,
2334,1012,one-to-many,dn_1338,ygc_1148 ygc_1149,Ippolita,Ippolita,DET,PRON,nmod,nsubj,explicit_ref_only,
2335,1013,one-to-one,dn_1348,ygc_1150,Giorgio,MISSING,NULL,MISSING,nsubj,MISSING,leftover_source,
2336,1013,one-to-one,dn_1348,ygc_1150,MISSING,Ippolita,MISSING,PRON,MISSING,vocative,leftover_target,
2337,1014,one-to-one,dn_1349,ygc_1152,MISSING,Ippolita,MISSING,NULL,MISSING,nsubj,leftover_target,
2338,1015,one-to-one,dn_1350,ygc_1151,Ippolita,Ippolita,PROPN,PROPN,nsubj,nsubj,explicit_full,
2339,1016,one-to-one,dn_1351,ygc_1153,Giorgio,Giorgio,PRON,PRON,nsubj,obj,explicit_ref_pos,
2340,1016,one-to-one,dn_1351,ygc_1153,Ippolita,Ippolita,DET,PRON,nmod,nsubj,explicit_ref_only,
2341,1017,one-to-one,dn_1352,ygc_1154,Ippolita,Ippolita,NULL,NULL,nsubj,nsubj,zero_zero_semantic,0.32365307211875916
2342,1017,one-to-one,dn_1352,ygc_1154,Ippolita,MISSING,DET,MISSING,nmod,MISSING,leftover_source,
2343,1017,one-to-one,dn_1352,ygc_1154,MISSING,Ippolita,MISSING,NULL,MISSING,nsubj,leftover_target,
2344,1017,one-to-one,dn_1352,ygc_1154,MISSING,Ippolita,MISSING,NULL,MISSING,nsubj,leftover_target,
2345,1018,one-to-one,dn_1353,ygc_1155,Ippolita,Ippolita,NULL,NULL,nsubj,nsubj,zero_zero_single,
2346,1019,one-to-one,dn_1354,ygc_1156,Ippolita,Ippolita,NULL,NULL,nsubj,nsubj,zero_zero_semantic,0.26764428271697116
2347,1019,one-to-one,dn_1354,ygc_1156,Ippolita,MISSING,NULL,MISSING,nsubj,MISSING,leftover_source,
2348,1020,one-to-one,dn_1355,ygc_1157,Giorgio,Giorgio,PRON,PRON,obj,obj,explicit_full,
2349,1020,one-to-one,dn_1355,ygc_1157,MISSING,Giorgio Ippolita,MISSING,NOUN,MISSING,obj,leftover_target,
2350,1020,one-to-one,dn_1355,ygc_1157,Ippolita,Ippolita,NULL,NULL,nsubj,nsubj,zero_zero_semantic,0.26181926175349546
2351,1020,one-to-one,dn_1355,ygc_1157,Ippolita,Ippolita,NULL,NULL,nsubj,nsubj,zero_zero_semantic,0.1599455899291144
2352,1020,one-to-one,dn_1355,ygc_1157,Ippolita,MISSING,PRON-REFLEX,MISSING,obj,MISSING,leftover_source,
2353,1021,one-to-one,dn_1356,ygc_1158,Giorgio,Giorgio,NULL,PRON,nsubj,nsubj,zero_to_tgt_anchor,
2354,1021,one-to-one,dn_1356,ygc_1158,Giorgio,MISSING,PRON-REFLEX,MISSING,obj,MISSING,leftover_source,
2355,1022,one-to-one,dn_1357,ygc_1159,Giorgio,MISSING,PRON,MISSING,obj,MISSING,leftover_source,
2356,1022,one-to-one,dn_1357,ygc_1159,Ippolita,Ippolita,PRON,PRON,obj,nsubj,explicit_ref_pos,
2357,1022,one-to-one,dn_1357,ygc_1159,Ippolita,MISSING,NULL,MISSING,nsubj,MISSING,leftover_source,
2358,1022,one-to-one,dn_1357,ygc_1159,Ippolita,MISSING,NULL,MISSING,nsubj,MISSING,leftover_source,
2359,1023,one-to-one,dn_1358,ygc_1160,Giorgio,Giorgio,PRON,PRON,nsubj,nsubj,explicit_full,
2360,1023,one-to-one,dn_1358,ygc_1160,Ippolita,Ippolita,PRON,PRON,obj,obj,explicit_full,
2361,1024,one-to-one,dn_1359,ygc_1161,Giorgio,Giorgio,PRON,NULL,nsubj,nsubj,zero_to_src_anchor,
2362,1024,one-to-one,dn_1359,ygc_1161,Ippolita,Ippolita,PRON,PRON,nsubj,nsubj,explicit_full,
2363,1027,one-to-one,dn_1362,ygc_1164,MISSING,Ippolita,MISSING,NULL,MISSING,nsubj,leftover_target,
2364,1029,one-to-one,dn_1364,ygc_1167,Giorgio,Giorgio,DET,PRON,nmod,nmod,explicit_ref_case,
2365,1029,one-to-one,dn_1364,ygc_1167,Ippolita,Ippolita,PRON,PRON,nsubj,nmod,explicit_ref_pos,
2366,1030,one-to-one,dn_1365,ygc_1168,Ippolita,Ippolita,PRON,PRON,nsubj,nsubj,explicit_full,
2367,1030,one-to-one,dn_1365,ygc_1168,Ippolita,MISSING,PRON-REFLEX,MISSING,obj,MISSING,leftover_source,
2368,1030,one-to-one,dn_1365,ygc_1168,MISSING,Ippolita,MISSING,NULL,MISSING,nsubj,leftover_target,
2369,1031,one-to-one,dn_1366,ygc_1169,Giorgio,Giorgio,PROPN,PROPN,nsubj,nsubj,explicit_full,
2370,1031,one-to-one,dn_1366,ygc_1169,Ippolita,Ippolita,PRON,PRON,obj,obj,explicit_full,
2371,1032,one-to-one,dn_1367,ygc_1170,Giorgio Ippolita,Giorgio Ippolita,DET,PRON,nmod,nsubj,explicit_ref_only,
2372,1032,one-to-one,dn_1367,ygc_1170,Giorgio Ippolita,MISSING,NULL,MISSING,nsubj,MISSING,leftover_source,
2373,1033,one-to-one,dn_1368,ygc_1171,Giorgio Ippolita,Giorgio Ippolita,PRON,PRON,nsubj,nsubj,explicit_full,
2374,1033,one-to-one,dn_1368,ygc_1171,Giorgio Ippolita,Giorgio Ippolita,DET,PRON,nmod,nsubj,explicit_ref_only,
2375,1033,one-to-one,dn_1368,ygc_1171,Giorgio Ippolita,Giorgio Ippolita,NULL,NULL,nsubj,nsubj,zero_zero_semantic,0.2875508033940869
2376,1033,one-to-one,dn_1368,ygc_1171,MISSING,Giorgio Ippolita,MISSING,NULL,MISSING,nsubj,leftover_target,
2377,1034,one-to-one,dn_1369,ygc_1172,Ippolita,Ippolita,PROPN,PROPN,nmod,obj,explicit_ref_pos,
2378,1035,one-to-one,dn_1370,ygc_1173,Ippolita,MISSING,PRON,MISSING,nmod,MISSING,leftover_source,
2379,1036,one-to-many,dn_1371,ygc_1174 ygc_1175,Giorgio,Giorgio,PRON,PRON,nsubj,nsubj,explicit_full,
2380,1036,one-to-many,dn_1371,ygc_1174 ygc_1175,Giorgio,Giorgio,DET,PRON,nmod,nmod,explicit_ref_case,
2381,1036,one-to-many,dn_1371,ygc_1174 ygc_1175,Giorgio,Giorgio,PRON,PRON,obj,nsubj,explicit_ref_pos,
2382,1036,one-to-many,dn_1371,ygc_1174 ygc_1175,Giorgio,Giorgio,PRON,PRON,obj,nmod,explicit_ref_pos,
2383,1036,one-to-many,dn_1371,ygc_1174 ygc_1175,Giorgio,Giorgio,NULL,NULL,nsubj,nsubj,zero_zero_semantic,0.2688395399911198
2384,1036,one-to-many,dn_1371,ygc_1174 ygc_1175,Giorgio,MISSING,NULL,MISSING,nsubj,MISSING,leftover_source,
2385,1036,one-to-many,dn_1371,ygc_1174 ygc_1175,MISSING,Giorgio,MISSING,PRON,MISSING,nmod,leftover_target,
2386,1036,one-to-many,dn_1371,ygc_1174 ygc_1175,Ippolita,Ippolita,DET,PRON,nmod,nmod,explicit_ref_case,
2387,1036,one-to-many,dn_1371,ygc_1174 ygc_1175,Ippolita,Ippolita,DET,PRON,nmod,nmod,explicit_ref_case,
2388,1036,one-to-many,dn_1371,ygc_1174 ygc_1175,Ippolita,Ippolita,PRON,NULL,nsubj,nsubj,zero_to_src_anchor,
2389,1036,one-to-many,dn_1371,ygc_1174 ygc_1175,MISSING,Ippolita,MISSING,NULL,MISSING,nsubj,leftover_target,
2390,1037,one-to-one,dn_1372,ygc_1176,Ippolita,Ippolita,PRON,PRON,nsubj,nsubj,explicit_full,
2391,1037,one-to-one,dn_1372,ygc_1176,Ippolita,Ippolita,NULL,NULL,nsubj,nsubj,zero_zero_single,
2392,1038,one-to-one,dn_1373,ygc_1177,Giorgio,Giorgio,DET,PRON,nmod,nmod,explicit_ref_case,
2393,1038,one-to-one,dn_1373,ygc_1177,Ippolita,Ippolita,DET,PRON,nmod,nmod,explicit_ref_case,
2394,1038,one-to-one,dn_1373,ygc_1177,Ippolita,Ippolita,PRON,PRON,nsubj,obj,explicit_ref_pos,
2395,1039,one-to-one,dn_1374,ygc_1178,Ippolita,Ippolita,NULL,NULL,nsubj,nsubj,zero_zero_single,
2396,1039,one-to-one,dn_1374,ygc_1178,Ippolita,MISSING,PRON,MISSING,nsubj,MISSING,leftover_source,
2397,1040,one-to-one,dn_1375,ygc_1179,MISSING,Giorgio,MISSING,PRON,MISSING,nmod,leftover_target,
2398,1043,one-to-many,dn_1378,ygc_1182 ygc_1183,Ippolita,Ippolita,PROPN,PROPN,nmod,nmod,explicit_full,
2399,1043,one-to-many,dn_1378,ygc_1182 ygc_1183,MISSING,Ippolita,MISSING,PRON,MISSING,nmod,leftover_target,
2400,1043,one-to-many,dn_1378,ygc_1182 ygc_1183,Ippolitas-husband,Ippolitas-husband,NOUN,NOUN,nsubj,nsubj,explicit_full,
2401,1043,one-to-many,dn_1378,ygc_1182 ygc_1183,Ippolitas-husband,Ippolitas-husband,PRON,NOUN,nmod,nmod,explicit_ref_case,
2402,1043,one-to-many,dn_1378,ygc_1182 ygc_1183,Ippolitas-husband,MISSING,DET,MISSING,nmod,MISSING,leftover_source,
2403,1043,one-to-many,dn_1378,ygc_1182 ygc_1183,MISSING,Ippolitas-husband,MISSING,NULL,MISSING,nsubj,leftover_target,
2404,1044,one-to-one,dn_1379,ygc_1184,Ippolita,Ippolita,PROPN,PROPN,nsubj,nsubj,explicit_full,
2405,1044,one-to-one,dn_1379,ygc_1184,Ippolita,MISSING,PRON,MISSING,obj,MISSING,leftover_source,
2406,1044,one-to-one,dn_1379,ygc_1184,Ippolitas-mother,Ippolitas-mother,NOUN,NOUN,nmod,obj,explicit_ref_pos,
2407,1044,one-to-one,dn_1379,ygc_1184,Ippolitas-sister,Ippolitas-sister,NOUN,NOUN,obj,obj,explicit_full,
2408,1045,one-to-one,dn_1380,ygc_1185,Ippolita,Ippolita,PRON,PRON,obj,nsubj,explicit_ref_pos,
2409,1047,one-to-one,dn_1382,ygc_1187,Giorgio,Giorgio,PRON,PRON,nsubj,nsubj,explicit_full,
2410,1047,one-to-one,dn_1382,ygc_1187,Ippolita,Ippolita,PRON,PRON,nsubj,obj,explicit_ref_pos,
2411,1048,many-to-one,dn_1383 dn_1384,ygc_1188,Giorgio,Giorgio,PRON,NULL,nsubj,nsubj,zero_to_src_anchor,
2412,1048,many-to-one,dn_1383 dn_1384,ygc_1188,Giorgio,MISSING,DET,MISSING,nmod,MISSING,leftover_source,
2413,1048,many-to-one,dn_1383 dn_1384,ygc_1188,Giorgio,MISSING,PRON,MISSING,nsubj,MISSING,leftover_source,
2414,1048,many-to-one,dn_1383 dn_1384,ygc_1188,Ippolita,Ippolita,DET,PRON,nmod,nmod,explicit_ref_case,
2415,1048,many-to-one,dn_1383 dn_1384,ygc_1188,Ippolita,MISSING,PRON,MISSING,obj,MISSING,leftover_source,
2416,1048,many-to-one,dn_1383 dn_1384,ygc_1188,Ippolita,MISSING,PRON-REFLEX,MISSING,obj,MISSING,leftover_source,
2417,1048,many-to-one,dn_1383 dn_1384,ygc_1188,Ippolita,MISSING,DET,MISSING,nmod,MISSING,leftover_source,
2418,1049,one-to-one,dn_1385,ygc_1189,Giorgio,Giorgio,PRON,PRON,nsubj,nsubj,explicit_full,
2419,1049,one-to-one,dn_1385,ygc_1189,Giorgio,Giorgio,PRON,PRON,nsubj,nsubj,explicit_full,
2420,1049,one-to-one,dn_1385,ygc_1189,Giorgio,Giorgio,NULL,NULL,nsubj,nsubj,zero_zero_single,
2421,1049,one-to-one,dn_1385,ygc_1189,Giorgio,MISSING,PRON,MISSING,nsubj,MISSING,leftover_source,
2422,1049,one-to-one,dn_1385,ygc_1189,Ippolita,Ippolita,PRON,PRON,obj,nmod,explicit_ref_pos,
2423,1049,one-to-one,dn_1385,ygc_1189,MISSING,Ippolita,MISSING,PRON,MISSING,nmod,leftover_target,
2424,1050,many-to-one,dn_1386 dn_1387,ygc_1190,Giorgio,Giorgio,PRON,PRON,obj,obj,explicit_full,
2425,1050,many-to-one,dn_1386 dn_1387,ygc_1190,Giorgio,MISSING,NULL,MISSING,nsubj,MISSING,leftover_source,
2426,1050,many-to-one,dn_1386 dn_1387,ygc_1190,Giorgio,MISSING,NULL,MISSING,nsubj,MISSING,leftover_source,
2427,1050,many-to-one,dn_1386 dn_1387,ygc_1190,MISSING,Giorgio,MISSING,PRON,MISSING,nmod,leftover_target,
2428,1050,many-to-one,dn_1386 dn_1387,ygc_1190,Ippolita,Ippolita,DET,PRON,nmod,nsubj,explicit_ref_only,
2429,1052,one-to-one,dn_1392,ygc_1192,Giorgio,Giorgio,DET,PRON,nmod,nmod,explicit_ref_case,
2430,1052,one-to-one,dn_1392,ygc_1192,Ippolita,Ippolita,NOUN,NOUN,vocative,vocative,explicit_full,
2431,1053,one-to-one,dn_1393,ygc_1193,Giorgio,Giorgio,NULL,NULL,nsubj,nsubj,zero_zero_semantic,0.49794926633094916
2432,1053,one-to-one,dn_1393,ygc_1193,Giorgio,Giorgio,NULL,NULL,nsubj,nsubj,zero_zero_semantic,0.29573393279108506
2433,1053,one-to-one,dn_1393,ygc_1193,Giorgio,MISSING,PRON-REFLEX,MISSING,obj,MISSING,leftover_source,
2434,1053,one-to-one,dn_1393,ygc_1193,Giorgio,MISSING,PRON-REFLEX,MISSING,obj,MISSING,leftover_source,
2435,1053,one-to-one,dn_1393,ygc_1193,Giorgio,MISSING,PRON-REFLEX,MISSING,obj,MISSING,leftover_source,
2436,1053,one-to-one,dn_1393,ygc_1193,MISSING,Giorgio,MISSING,PRON,MISSING,nsubj,leftover_target,
2437,1054,one-to-one,dn_1394,ygc_1194,Giorgio,Giorgio,NULL,NULL,nsubj,nsubj,zero_zero_semantic,0.3318099318580194
2438,1054,one-to-one,dn_1394,ygc_1194,Giorgio,MISSING,PRON,MISSING,obj,MISSING,leftover_source,
2439,1054,one-to-one,dn_1394,ygc_1194,MISSING,Giorgio,MISSING,NULL,MISSING,nsubj,leftover_target,
2440,1054,one-to-one,dn_1394,ygc_1194,MISSING,Giorgio,MISSING,NULL,MISSING,nsubj,leftover_target,
2441,1054,one-to-one,dn_1394,ygc_1194,MISSING,Giorgio,MISSING,NULL,MISSING,nsubj,leftover_target,
2442,1054,one-to-one,dn_1394,ygc_1194,MISSING,Giorgio,MISSING,NULL,MISSING,nsubj,leftover_target,
2443,1055,many-to-one,dn_1395 dn_1396,ygc_1195,Giorgio,MISSING,NULL,MISSING,nsubj,MISSING,leftover_source,
2444,1055,many-to-one,dn_1395 dn_1396,ygc_1195,Giorgio,MISSING,NULL,MISSING,nsubj,MISSING,leftover_source,
2445,1055,many-to-one,dn_1395 dn_1396,ygc_1195,Ippolita,Ippolita,DET,PRON,obj,nmod,explicit_ref_only,
2446,1057,one-to-one,dn_1398,ygc_1197,Giorgio,MISSING,PRON,MISSING,obj,MISSING,leftover_source,
2447,1057,one-to-one,dn_1398,ygc_1197,Ippolita,Ippolita,PRON,PRON,nsubj,nmod,explicit_ref_pos,
2448,1058,one-to-one,dn_1399,ygc_1198,Giorgio,Giorgio,DET,PRON,obj,obj,explicit_ref_case,
2449,1058,one-to-one,dn_1399,ygc_1198,Ippolita,Ippolita,PRON,PRON,obj,nsubj,explicit_ref_pos,
2450,1059,one-to-many,dn_1400,ygc_1199 ygc_1200,Giorgio,MISSING,PRON,MISSING,obj,MISSING,leftover_source,
2451,1059,one-to-many,dn_1400,ygc_1199 ygc_1200,Giorgio,MISSING,PRON,MISSING,obj,MISSING,leftover_source,
2452,1059,one-to-many,dn_1400,ygc_1199 ygc_1200,Ippolita,Ippolita,NULL,NULL,nsubj,nsubj,zero_zero_semantic,0.37615889349044895
2453,1059,one-to-many,dn_1400,ygc_1199 ygc_1200,Ippolita,Ippolita,PRON,NULL,nsubj,nsubj,zero_to_src_anchor,
2454,1060,one-to-one,dn_1401,ygc_1201,Ippolita,Ippolita,NULL,NULL,nsubj,nsubj,zero_zero_semantic,0.26917101868561333
2455,1060,one-to-one,dn_1401,ygc_1201,Ippolita,Ippolita,NULL,NULL,nsubj,nsubj,zero_zero_semantic,0.3438187028680529
2456,1061,one-to-one,dn_1402,ygc_1202,Ippolita,Ippolita,PRON,PRON,nsubj,nmod,explicit_ref_pos,
2457,1061,one-to-one,dn_1402,ygc_1202,Ippolita,Ippolita,NULL,NULL,nsubj,nsubj,zero_zero_semantic,0.263768089854199
2458,1061,one-to-one,dn_1402,ygc_1202,Ippolita,MISSING,NULL,MISSING,nsubj,MISSING,leftover_source,
2459,1062,one-to-many,dn_1403,ygc_1203 ygc_1204,Giorgio,Giorgio,PRON,PRON,nsubj,nsubj,explicit_full,
2460,1062,one-to-many,dn_1403,ygc_1203 ygc_1204,Giorgio,Giorgio,PRON,PRON,obj,nsubj,explicit_ref_pos,
2461,1062,one-to-many,dn_1403,ygc_1203 ygc_1204,Giorgio,MISSING,PRON,MISSING,obj,MISSING,leftover_source,
2462,1062,one-to-many,dn_1403,ygc_1203 ygc_1204,Ippolita,Ippolita,PRON,NULL,nsubj,nsubj,zero_to_src_anchor,
2463,1063,one-to-one,dn_1404,ygc_1205,Giorgio,MISSING,PRON,MISSING,obj,MISSING,leftover_source,
2464,1063,one-to-one,dn_1404,ygc_1205,Ippolita,Ippolita,NULL,NULL,nsubj,nsubj,zero_zero_single,
2465,1064,one-to-one,dn_1405,ygc_1206,Giorgio,Giorgio,PRON,PRON,obj,nsubj,explicit_ref_pos,
2466,1064,one-to-one,dn_1405,ygc_1206,Giorgio,MISSING,PRON,MISSING,obj,MISSING,leftover_source,
2467,1064,one-to-one,dn_1405,ygc_1206,Ippolita,Ippolita,NULL,NULL,nsubj,nsubj,zero_zero_semantic,0.16244858061825787
2468,1064,one-to-one,dn_1405,ygc_1206,Ippolita,Ippolita,NULL,NULL,nsubj,nsubj,zero_zero_semantic,0.3366290064400466
2469,1064,one-to-one,dn_1405,ygc_1206,Ippolita,Ippolita,NULL,NULL,nsubj,nsubj,zero_zero_semantic,0.29926568269729614
2470,1064,one-to-one,dn_1405,ygc_1206,Ippolita,Ippolita,NULL,NULL,nsubj,nsubj,zero_zero_semantic,0.12661892952269346
2471,1065,one-to-one,dn_1406,ygc_1207,Ippolita,Ippolita,PRON,NULL,nsubj,nsubj,zero_to_src_anchor,
2472,1066,one-to-one,dn_1407,ygc_1208,Ippolita,Ippolita,PROPN,PROPN,vocative,vocative,explicit_full,
2473,1066,one-to-one,dn_1407,ygc_1208,Ippolita,MISSING,NULL,MISSING,nsubj,MISSING,leftover_source,
2474,1067,one-to-one,dn_1408,ygc_1209,Ippolita,Ippolita,PRON,PRON,nsubj,nsubj,explicit_full,
2475,1068,one-to-one,dn_1435,ygc_1210,Ippolita,Ippolita,NOUN,PRON,obj,nmod,explicit_ref_only,
2476,1069,one-to-one,dn_1436,ygc_1211,Giorgio,Giorgio,NULL,NULL,nsubj,nsubj,zero_zero_single,
2477,1069,one-to-one,dn_1436,ygc_1211,Ippolita,MISSING,PRON,MISSING,obj,MISSING,leftover_source,
2478,1070,one-to-many,dn_1437,ygc_1212 ygc_1213,Giorgio,MISSING,PRON,MISSING,nsubj,MISSING,leftover_source,
2479,1072,one-to-one,dn_1439,ygc_1215,Ippolita,Ippolita,NULL,NULL,nsubj,nsubj,zero_zero_semantic,0.5821688253983207
2480,1072,one-to-one,dn_1439,ygc_1215,MISSING,Ippolita,MISSING,NULL,MISSING,nsubj,leftover_target,
2481,1075,one-to-one,dn_1467,ygc_1219,Giorgio,Giorgio,PRON,PRON,obj,obj,explicit_full,
2482,1075,one-to-one,dn_1467,ygc_1219,Ippolita,Ippolita,NULL,NULL,nsubj,nsubj,zero_zero_single,
2483,1075,one-to-one,dn_1467,ygc_1219,Ippolita,MISSING,PRON-REFLEX,MISSING,obj,MISSING,leftover_source,
2484,1075,one-to-one,dn_1467,ygc_1219,MISSING,Ippolita,MISSING,PRON,MISSING,nsubj,leftover_target,
2485,1076,one-to-one,dn_1468,ygc_1220,Giorgio,Giorgio,PRON,PRON,obj,nsubj,explicit_ref_pos,
2486,1077,one-to-one,dn_1469,ygc_1221,Giorgio,Giorgio,PRON,PRON,obj,obj,explicit_full,
2487,1077,one-to-one,dn_1469,ygc_1221,Giorgio,MISSING,PRON,MISSING,obj,MISSING,leftover_source,
2488,1077,one-to-one,dn_1469,ygc_1221,Giorgio,MISSING,PRON,MISSING,obj,MISSING,leftover_source,
2489,1077,one-to-one,dn_1469,ygc_1221,Ippolita,Ippolita,DET,PRON,nmod,nmod,explicit_ref_case,
2490,1078,one-to-one,dn_1470,ygc_1222,Ippolita,Ippolita,DET,PRON,nmod,nmod,explicit_ref_case,
2491,1079,one-to-one,dn_1471,ygc_1223,MISSING,Giorgio,MISSING,NULL,MISSING,nsubj,leftover_target,
2492,1079,one-to-one,dn_1471,ygc_1223,MISSING,Giorgio,MISSING,NULL,MISSING,nsubj,leftover_target,
2493,1079,one-to-one,dn_1471,ygc_1223,Ippolita,Ippolita,PRON,PRON,obj,nmod,explicit_ref_pos,
2494,1079,one-to-one,dn_1471,ygc_1223,Ippolita,Ippolita,PRON,PRON,obj,nmod,explicit_ref_pos,
2495,1079,one-to-one,dn_1471,ygc_1223,Ippolita,MISSING,PRON,MISSING,obj,MISSING,leftover_source,
2496,1080,many-to-one,dn_1472 dn_1473,ygc_1224,Giorgio,Giorgio,PRON,PRON,obj,obj,explicit_full,
2497,1080,many-to-one,dn_1472 dn_1473,ygc_1224,Giorgio,Giorgio,PRON,PRON,obj,obj,explicit_full,
2498,1080,many-to-one,dn_1472 dn_1473,ygc_1224,Giorgio,Giorgio,DET,PRON,nmod,nmod,explicit_ref_case,
2499,1080,many-to-one,dn_1472 dn_1473,ygc_1224,Giorgio,MISSING,PRON,MISSING,obj,MISSING,leftover_source,
2500,1080,many-to-one,dn_1472 dn_1473,ygc_1224,Giorgio,MISSING,PRON,MISSING,obj,MISSING,leftover_source,
2501,1080,many-to-one,dn_1472 dn_1473,ygc_1224,Giorgio,MISSING,PRON,MISSING,obj,MISSING,leftover_source,
2502,1080,many-to-one,dn_1472 dn_1473,ygc_1224,Ippolita,Ippolita,DET,PRON,nmod,nmod,explicit_ref_case,
2503,1080,many-to-one,dn_1472 dn_1473,ygc_1224,Ippolita,Ippolita,DET,PRON,nmod,nsubj,explicit_ref_only,
2504,1080,many-to-one,dn_1472 dn_1473,ygc_1224,Ippolita,Ippolita,NULL,NULL,nsubj,nsubj,zero_zero_semantic,0.4385091718682928
2505,1080,many-to-one,dn_1472 dn_1473,ygc_1224,Ippolita,Ippolita,NULL,NULL,nsubj,nsubj,zero_zero_semantic,0.2956573147001291
2506,1080,many-to-one,dn_1472 dn_1473,ygc_1224,Ippolita,MISSING,NULL,MISSING,nsubj,MISSING,leftover_source,
2507,1080,many-to-one,dn_1472 dn_1473,ygc_1224,Ippolita,MISSING,NULL,MISSING,nsubj,MISSING,leftover_source,
2508,1080,many-to-one,dn_1472 dn_1473,ygc_1224,Ippolita,MISSING,NULL,MISSING,nsubj,MISSING,leftover_source,
2509,1080,many-to-one,dn_1472 dn_1473,ygc_1224,Ippolita,MISSING,NULL,MISSING,nsubj,MISSING,leftover_source,
2510,1081,one-to-one,dn_1474,ygc_1225,Giorgio,Giorgio,PRON,PRON,nsubj,nsubj,explicit_full,
2511,1081,one-to-one,dn_1474,ygc_1225,Giorgio,Giorgio,NULL,NULL,nsubj,nsubj,zero_zero_semantic,0.3071146721502284
2512,1081,one-to-one,dn_1474,ygc_1225,Giorgio,MISSING,NULL,MISSING,nsubj,MISSING,leftover_source,
2513,1081,one-to-one,dn_1474,ygc_1225,Giorgio,MISSING,PRON,MISSING,obj,MISSING,leftover_source,
2514,1082,one-to-one,dn_1475,ygc_1226,Giorgio,Giorgio,NULL,NULL,nsubj,nsubj,zero_zero_single,
2515,1082,one-to-one,dn_1475,ygc_1226,Giorgio,Giorgio,PRON-REFLEX,PRON,obj,obj,reflex_obj,
2516,1083,one-to-one,dn_1476,ygc_1227,Giorgio,MISSING,PRON,MISSING,obj,MISSING,leftover_source,
2517,1083,one-to-one,dn_1476,ygc_1227,Giorgio,MISSING,PRON,MISSING,obj,MISSING,leftover_source,
2518,1083,one-to-one,dn_1476,ygc_1227,Giorgio,MISSING,PRON,MISSING,nsubj,MISSING,leftover_source,
2519,1085,many-to-one,dn_1478 dn_1479,ygc_1229,Giorgio,Giorgio,DET,PRON,nmod,nmod,explicit_ref_case,
2520,1085,many-to-one,dn_1478 dn_1479,ygc_1229,Giorgio,Giorgio,DET,PRON,nmod,nmod,explicit_ref_case,
2521,1085,many-to-one,dn_1478 dn_1479,ygc_1229,Giorgio,Giorgio,DET,PRON,nmod,nsubj,explicit_ref_only,
2522,1086,one-to-one,dn_1480,ygc_1230,Giorgio,Giorgio,PRON,PRON,obj,obj,explicit_full,
2523,1086,one-to-one,dn_1480,ygc_1230,MISSING,Giorgio,MISSING,NULL,MISSING,nsubj,leftover_target,
2524,1086,one-to-one,dn_1480,ygc_1230,MISSING,Giorgio,MISSING,NULL,MISSING,nsubj,leftover_target,
2525,1086,one-to-one,dn_1480,ygc_1230,MISSING,Giorgio,MISSING,PRON,MISSING,nsubj,leftover_target,
2526,1087,one-to-one,dn_1482,ygc_1231,Giorgio,Giorgio,PRON,PRON,nsubj,nsubj,explicit_full,
2527,1088,one-to-one,dn_1483,ygc_1232,Giorgio,Giorgio,PRON,PRON,nsubj,nsubj,explicit_full,
2528,1089,one-to-one,dn_1484,ygc_1233,MISSING,Giorgio,MISSING,PRON,MISSING,nsubj,leftover_target,
2529,1089,one-to-one,dn_1484,ygc_1233,MISSING,Giorgio,MISSING,PRON,MISSING,nsubj,leftover_target,
2530,1089,one-to-one,dn_1484,ygc_1233,MISSING,Giorgio,MISSING,PRON,MISSING,nmod,leftover_target,
2531,1089,one-to-one,dn_1484,ygc_1233,MISSING,Giorgio,MISSING,PRON,MISSING,nmod,leftover_target,
2532,1089,one-to-one,dn_1484,ygc_1233,Ippolita,Ippolita,DET,PRON,nmod,nmod,explicit_ref_case,
2533,1089,one-to-one,dn_1484,ygc_1233,Ippolita,Ippolita,DET,PRON,nmod,nmod,explicit_ref_case,
2534,1089,one-to-one,dn_1484,ygc_1233,Ippolita,Ippolita,DET,PRON,nmod,nmod,explicit_ref_case,
2535,1089,one-to-one,dn_1484,ygc_1233,Ippolita,Ippolita,PRON,PRON,obj,nsubj,explicit_ref_pos,
2536,1090,one-to-one,dn_1485,ygc_1234,Giorgio,Giorgio,PRON,PRON,obj,nmod,explicit_ref_pos,
2537,1090,one-to-one,dn_1485,ygc_1234,Giorgio,Giorgio,NULL,NULL,nsubj,nsubj,zero_zero_single,
2538,1090,one-to-one,dn_1485,ygc_1234,Ippolita,Ippolita,DET,PRON,nmod,nmod,explicit_ref_case,
2539,1090,one-to-one,dn_1485,ygc_1234,Ippolita,MISSING,PRON,MISSING,obj,MISSING,leftover_source,
2540,1091,one-to-one,dn_1486,ygc_1235,Giorgio,Giorgio,NULL,PRON,nsubj,nsubj,zero_to_tgt_anchor,
2541,1092,one-to-one,dn_1487,ygc_1236,Giorgio,Giorgio,DET,PRON,nmod,nmod,explicit_ref_case,
2542,1093,one-to-one,dn_1488,ygc_1237,Giorgio,Giorgio,NULL,NULL,nsubj,nsubj,zero_zero_semantic,0.39470675631481056
2543,1093,one-to-one,dn_1488,ygc_1237,Giorgio,Giorgio,NULL,NULL,nsubj,nsubj,zero_zero_semantic,0.222603081342052
2544,1093,one-to-one,dn_1488,ygc_1237,Giorgio,MISSING,NULL,MISSING,nsubj,MISSING,leftover_source,
2545,1094,one-to-one,dn_1489,ygc_1238,Giorgio,MISSING,PRON,MISSING,nmod,MISSING,leftover_source,
2546,1095,one-to-many,dn_1490,ygc_1239 ygc_1240,Giorgio,Giorgio,PRON,PRON,obj,nmod,explicit_ref_pos,
2547,1095,one-to-many,dn_1490,ygc_1239 ygc_1240,MISSING,Giorgio,MISSING,PRON,MISSING,nmod,leftover_target,
2548,1096,one-to-many,dn_1501,ygc_1241 ygc_1242,Giorgio,Giorgio,PROPN,PROPN,nsubj,nsubj,explicit_full,
2549,1096,one-to-many,dn_1501,ygc_1241 ygc_1242,MISSING,Giorgio,MISSING,NULL,MISSING,nsubj,leftover_target,
2550,1096,one-to-many,dn_1501,ygc_1241 ygc_1242,Ippolita,Ippolita,PROPN,PROPN,obj,obj,explicit_full,
2551,1097,one-to-one,dn_1502,ygc_1243,Giorgio,MISSING,PRON,MISSING,obj,MISSING,leftover_source,
2552,1097,one-to-one,dn_1502,ygc_1243,Ippolita,Ippolita,NOUN,PRON,nsubj,nmod,explicit_ref_only,
2553,1098,one-to-one,dn_1503,ygc_1244,Giorgio,Giorgio,PRON,PRON,obj,obj,explicit_full,
2554,1098,one-to-one,dn_1503,ygc_1244,Ippolita,Ippolita,PRON,PRON,nsubj,nsubj,explicit_full,
2555,1099,one-to-one,dn_1504,ygc_1245,Ippolita,MISSING,NULL,MISSING,nsubj,MISSING,leftover_source,
2556,1100,one-to-one,dn_1505,ygc_1246,Ippolita,Ippolita,PRON,PRON,obj,obj,explicit_full,
2557,1101,one-to-one,dn_1506,ygc_1247,Ippolita,MISSING,NULL,MISSING,nsubj,MISSING,leftover_source,
2558,1101,one-to-one,dn_1506,ygc_1247,MISSING,Ippolita,MISSING,PRON,MISSING,nmod,leftover_target,
2559,1102,one-to-many,dn_1507,ygc_1248 ygc_1249,Giorgio,Giorgio,DET,PRON,nmod,nmod,explicit_ref_case,
2560,1102,one-to-many,dn_1507,ygc_1248 ygc_1249,Giorgio,MISSING,NULL,MISSING,nsubj,MISSING,leftover_source,
2561,1102,one-to-many,dn_1507,ygc_1248 ygc_1249,MISSING,Giorgio,MISSING,PRON,MISSING,nmod,leftover_target,
2562,1103,one-to-one,dn_1508,ygc_1250,Giorgio,MISSING,NULL,MISSING,nsubj,MISSING,leftover_source,
2563,1103,one-to-one,dn_1508,ygc_1250,MISSING,Giorgio,MISSING,PRON,MISSING,nmod,leftover_target,
2564,1104,one-to-one,dn_1509,ygc_1251,Giorgio,MISSING,DET,MISSING,nmod,MISSING,leftover_source,
2565,1104,one-to-one,dn_1509,ygc_1251,Giorgio,MISSING,DET,MISSING,nmod,MISSING,leftover_source,
2566,1104,one-to-one,dn_1509,ygc_1251,Giorgio,MISSING,DET,MISSING,nmod,MISSING,leftover_source,
2567,1105,one-to-one,dn_1510,ygc_1252,Giorgio,Giorgio,NULL,NULL,nsubj,nsubj,zero_zero_single,
2568,1105,one-to-one,dn_1510,ygc_1252,Ippolita,Ippolita,DET,PRON,nmod,nmod,explicit_ref_case,
2569,1106,one-to-one,dn_1511,ygc_1253,Giorgio,Giorgio,PRON,PRON,obj,obj,explicit_full,
2570,1106,one-to-one,dn_1511,ygc_1253,Ippolita,Ippolita,DET,PRON,nmod,nmod,explicit_ref_case,
2571,1107,one-to-one,dn_1512,ygc_1254,Giorgio,Giorgio,PRON,PRON,nsubj,nsubj,explicit_full,
2572,1107,one-to-one,dn_1512,ygc_1254,Ippolita,MISSING,PRON,MISSING,obj,MISSING,leftover_source,
2573,1108,many-to-one,dn_1513 dn_1514,ygc_1255,Giorgio,Giorgio,NULL,PRON,nsubj,nsubj,zero_to_tgt_anchor,
2574,1108,many-to-one,dn_1513 dn_1514,ygc_1255,Giorgio,MISSING,NULL,MISSING,nsubj,MISSING,leftover_source,
2575,1108,many-to-one,dn_1513 dn_1514,ygc_1255,Ippolita,Ippolita,PRON,PRON,obj,obj,explicit_full,
2576,1108,many-to-one,dn_1513 dn_1514,ygc_1255,MISSING,Ippolita,MISSING,PRON,MISSING,nmod,leftover_target,
2577,1111,one-to-one,dn_1517,ygc_1258,Giorgio,Giorgio,NULL,NULL,nsubj,nsubj,zero_zero_single,
2578,1111,one-to-one,dn_1517,ygc_1258,Giorgio,MISSING,PROPN,MISSING,nsubj,MISSING,leftover_source,
2579,1111,one-to-one,dn_1517,ygc_1258,Giorgio,MISSING,PRON,MISSING,obj,MISSING,leftover_source,
2580,1112,one-to-one,dn_1518,ygc_1259,Giorgio,MISSING,PRON,MISSING,obj,MISSING,leftover_source,
2581,1112,one-to-one,dn_1518,ygc_1259,Ippolita,Ippolita,PROPN,PROPN,nsubj,nsubj,explicit_full,
2582,1112,one-to-one,dn_1518,ygc_1259,MISSING,Ippolita,MISSING,NULL,MISSING,nsubj,leftover_target,
2583,1113,one-to-many,dn_1519,ygc_1260 ygc_1261 ygc_1262 ygc_1263 ygc_1264 ygc_1265 ygc_1266,Ippolita,Ippolita,PRON,PRON,nsubj,nsubj,explicit_full,
2584,1113,one-to-many,dn_1519,ygc_1260 ygc_1261 ygc_1262 ygc_1263 ygc_1264 ygc_1265 ygc_1266,Ippolita,Ippolita,PRON,PRON,obj,obj,explicit_full,
2585,1113,one-to-many,dn_1519,ygc_1260 ygc_1261 ygc_1262 ygc_1263 ygc_1264 ygc_1265 ygc_1266,Ippolita,Ippolita,PRON,PRON,obj,nmod,explicit_ref_pos,
2586,1113,one-to-many,dn_1519,ygc_1260 ygc_1261 ygc_1262 ygc_1263 ygc_1264 ygc_1265 ygc_1266,Ippolita,Ippolita,NULL,NULL,nsubj,nsubj,zero_zero_single,
2587,1113,one-to-many,dn_1519,ygc_1260 ygc_1261 ygc_1262 ygc_1263 ygc_1264 ygc_1265 ygc_1266,Ippolita,MISSING,PRON-REFLEX,MISSING,obj,MISSING,leftover_source,
2588,1113,one-to-many,dn_1519,ygc_1260 ygc_1261 ygc_1262 ygc_1263 ygc_1264 ygc_1265 ygc_1266,Ippolita,MISSING,PRON-REFLEX,MISSING,obj,MISSING,leftover_source,
2589,1113,one-to-many,dn_1519,ygc_1260 ygc_1261 ygc_1262 ygc_1263 ygc_1264 ygc_1265 ygc_1266,Ippolita,MISSING,PRON,MISSING,obj,MISSING,leftover_source,
2590,1113,one-to-many,dn_1519,ygc_1260 ygc_1261 ygc_1262 ygc_1263 ygc_1264 ygc_1265 ygc_1266,Ippolita Ippolitas-husband,Ippolita Ippolitas-husband,NULL,NULL,nsubj,nsubj,zero_zero_single,
2591,1113,one-to-many,dn_1519,ygc_1260 ygc_1261 ygc_1262 ygc_1263 ygc_1264 ygc_1265 ygc_1266,MISSING,Ippolita Ippolitas-husband,MISSING,NOUN,MISSING,nsubj,leftover_target,
2592,1113,one-to-many,dn_1519,ygc_1260 ygc_1261 ygc_1262 ygc_1263 ygc_1264 ygc_1265 ygc_1266,Ippolitas-husband,Ippolitas-husband,NOUN,NOUN,nsubj,nsubj,explicit_full,
2593,1113,one-to-many,dn_1519,ygc_1260 ygc_1261 ygc_1262 ygc_1263 ygc_1264 ygc_1265 ygc_1266,Ippolitas-husband,MISSING,PRON,MISSING,obj,MISSING,leftover_source,
2594,1113,one-to-many,dn_1519,ygc_1260 ygc_1261 ygc_1262 ygc_1263 ygc_1264 ygc_1265 ygc_1266,Ippolitas-husband,MISSING,PRON,MISSING,obj,MISSING,leftover_source,
2595,1113,one-to-many,dn_1519,ygc_1260 ygc_1261 ygc_1262 ygc_1263 ygc_1264 ygc_1265 ygc_1266,MISSING,Ippolitas-husband,MISSING,NULL,MISSING,nsubj,leftover_target,
2596,1113,one-to-many,dn_1519,ygc_1260 ygc_1261 ygc_1262 ygc_1263 ygc_1264 ygc_1265 ygc_1266,MISSING,Ippolitas-husband,MISSING,NULL,MISSING,nsubj,leftover_target,
2597,1114,one-to-one,dn_1520 dn_1521,ygc_1267 ygc_1268,Ippolita,MISSING,PRON-REFLEX,MISSING,obj,MISSING,leftover_source,
2598,1114,one-to-one,dn_1520 dn_1521,ygc_1267 ygc_1268,Ippolita,MISSING,NULL,MISSING,nsubj,MISSING,leftover_source,
2599,1114,one-to-one,dn_1520 dn_1521,ygc_1267 ygc_1268,Ippolita,MISSING,PRON,MISSING,obj,MISSING,leftover_source,
2600,1114,one-to-one,dn_1520 dn_1521,ygc_1267 ygc_1268,Ippolita,MISSING,PRON,MISSING,obj,MISSING,leftover_source,
2601,1114,one-to-one,dn_1520 dn_1521,ygc_1267 ygc_1268,Ippolitas-husband,Ippolitas-husband,NOUN,PRON,obj,nsubj,explicit_ref_only,
2602,1114,one-to-one,dn_1520 dn_1521,ygc_1267 ygc_1268,MISSING,Ippolitas-husband,MISSING,PRON,MISSING,nmod,leftover_target,
2603,1115,one-to-one,dn_1546,ygc_1269,Giorgio,Giorgio,PROPN,PROPN,vocative,vocative,explicit_full,
2604,1116,many-to-one,dn_1547 dn_1549,ygc_1271,Giorgio,MISSING,PROPN,MISSING,vocative,MISSING,leftover_source,
2605,1116,many-to-one,dn_1547 dn_1549,ygc_1271,Giorgio,MISSING,PRON,MISSING,obj,MISSING,leftover_source,
2606,1116,many-to-one,dn_1547 dn_1549,ygc_1271,MISSING,Giorgio,MISSING,NULL,MISSING,nsubj,leftover_target,
2607,1116,many-to-one,dn_1547 dn_1549,ygc_1271,Giorgio Ippolita,MISSING,NULL,MISSING,nsubj,MISSING,leftover_source,
2608,1116,many-to-one,dn_1547 dn_1549,ygc_1271,Ippolita,MISSING,NULL,MISSING,nsubj,MISSING,leftover_source,
2609,1117,one-to-one,dn_1548,ygc_1270,Giorgio,Giorgio,NOUN,PRON,nmod,nmod,explicit_ref_case,
2610,1117,one-to-one,dn_1548,ygc_1270,Giorgio,MISSING,PRON,MISSING,obj,MISSING,leftover_source,
2611,1117,one-to-one,dn_1548,ygc_1270,Ippolita,Ippolita,PROPN,PROPN,nsubj,nsubj,explicit_full,
2612,1117,one-to-one,dn_1548,ygc_1270,Ippolita,Ippolita,NULL,NULL,nsubj,nsubj,zero_zero_single,
2613,1117,one-to-one,dn_1548,ygc_1270,Ippolita,MISSING,DET,MISSING,nmod,MISSING,leftover_source,
2614,1118,one-to-one,dn_1550,ygc_1272,Giorgio,Giorgio,PRON,PRON,obj,obj,explicit_full,
2615,1118,one-to-one,dn_1550,ygc_1272,Ippolita,Ippolita,PRON,PRON,nsubj,nsubj,explicit_full,
2616,1119,one-to-one,dn_1551,ygc_1273,Giorgio,Giorgio,PRON,PRON,nsubj,nsubj,explicit_full,
2617,1119,one-to-one,dn_1551,ygc_1273,Giorgio,Giorgio,NULL,NULL,nsubj,nsubj,zero_zero_semantic,0.42023625599671594
2618,1119,one-to-one,dn_1551,ygc_1273,Giorgio,MISSING,PRON,MISSING,obj,MISSING,leftover_source,
2619,1119,one-to-one,dn_1551,ygc_1273,Giorgio,MISSING,NULL,MISSING,nsubj,MISSING,leftover_source,
2620,1120,one-to-one,dn_1552,ygc_1274,Giorgio Ippolita,Giorgio Ippolita,NULL,NOUN,nsubj,nsubj,zero_to_tgt_anchor,
2621,1121,one-to-one,dn_1553,ygc_1275,Giorgio Ippolita,Giorgio Ippolita,NULL,PRON,nsubj,nsubj,zero_to_tgt_anchor,
2622,1122,one-to-one,dn_1554,ygc_1276,Giorgio Ippolita,Giorgio Ippolita,NULL,PRON,nsubj,nsubj,zero_to_tgt_anchor,
2623,1123,one-to-one,dn_1555,ygc_1277,Giorgio Ippolita,MISSING,PRON,MISSING,obj,MISSING,leftover_source,
2624,1124,one-to-one,dn_1558,ygc_1278,Giorgio Ippolita,Giorgio Ippolita,DET,PRON,nmod,nmod,explicit_ref_case,
2625,1124,one-to-one,dn_1558,ygc_1278,Giorgio Ippolita,MISSING,DET,MISSING,nmod,MISSING,leftover_source,
2626,1125,one-to-one,dn_1559,ygc_1280,Giorgio,Giorgio,PROPN,PROPN,nsubj,nsubj,explicit_full,
2627,1127,one-to-one,dn_1561,ygc_1282,Ippolita,Ippolita,PROPN,PROPN,nsubj,nsubj,explicit_full,
2628,1128,one-to-one,dn_1562,ygc_1281,MISSING,Giorgio Ippolita,MISSING,NULL,MISSING,nsubj,leftover_target,
2629,1128,one-to-one,dn_1562,ygc_1281,Ippolita,Ippolita,NULL,PROPN,nsubj,nsubj,zero_to_tgt_anchor,
2630,1129,one-to-one,dn_1563,ygc_1283,Giorgio,Giorgio,DET,PRON,nmod,nmod,explicit_ref_case,
2631,1129,one-to-one,dn_1563,ygc_1283,Ippolita,Ippolita,PRON,PRON,obj,nmod,explicit_ref_pos,
2632,1130,one-to-one,dn_1564,ygc_1284,Giorgio Ippolita,Giorgio Ippolita,PRON,PRON,nsubj,nsubj,explicit_full,
2633,1130,one-to-one,dn_1564,ygc_1284,Giorgio Ippolita,MISSING,PRON,MISSING,obj,MISSING,leftover_source,
2634,1130,one-to-one,dn_1564,ygc_1284,Giorgio Ippolita,MISSING,PRON,MISSING,obj,MISSING,leftover_source,
2635,1130,one-to-one,dn_1564,ygc_1284,Giorgio Ippolita,MISSING,PRON,MISSING,nmod,MISSING,leftover_source,
2636,1130,one-to-one,dn_1564,ygc_1284,Giorgio Ippolita,MISSING,PRON,MISSING,obj,MISSING,leftover_source,
2637,1131,one-to-one,dn_1565,ygc_1285,Giorgio Ippolita,Giorgio Ippolita,NULL,NULL,nsubj,nsubj,zero_zero_semantic,0.40502773225307465
2638,1131,one-to-one,dn_1565,ygc_1285,Giorgio Ippolita,Giorgio Ippolita,NULL,NULL,nsubj,nsubj,zero_zero_semantic,0.3726470685516945
2639,1131,one-to-one,dn_1565,ygc_1285,MISSING,Giorgio Ippolita,MISSING,NULL,MISSING,nsubj,leftover_target,
2640,1131,one-to-one,dn_1565,ygc_1285,pavers,pavers,NOUN,NOUN,nsubj,nmod,explicit_ref_pos,
2641,1132,one-to-one,dn_1566,ygc_1286,Giorgio Ippolita,Giorgio Ippolita,DET,PRON,nmod,nmod,explicit_ref_case,
2642,1133,one-to-one,dn_1567,ygc_1287,Giorgio,Giorgio,PROPN,PROPN,nsubj,nsubj,explicit_full,
2643,1133,one-to-one,dn_1567,ygc_1287,Giorgio,MISSING,PRON,MISSING,obj,MISSING,leftover_source,
2644,1133,one-to-one,dn_1567,ygc_1287,MISSING,Giorgio,MISSING,NULL,MISSING,nsubj,leftover_target,
2645,1134,one-to-one,dn_1569,ygc_1288,Giorgio,MISSING,PRON,MISSING,obj,MISSING,leftover_source,
2646,1134,one-to-one,dn_1569,ygc_1288,Giorgio,MISSING,PRON,MISSING,nsubj,MISSING,leftover_source,
2647,1134,one-to-one,dn_1569,ygc_1288,Giorgio,MISSING,PRON,MISSING,obj,MISSING,leftover_source,
2648,1134,one-to-one,dn_1569,ygc_1288,Giorgio,MISSING,PRON,MISSING,nsubj,MISSING,leftover_source,
2649,1135,one-to-one,dn_1570,ygc_1289,Giorgio,Giorgio,PRON,PRON,obj,nmod,explicit_ref_pos,
2650,1136,one-to-one,dn_1572 dn_1574,ygc_1290 ygc_1292,Giorgio,MISSING,NULL,MISSING,nsubj,MISSING,leftover_source,
2651,1136,one-to-one,dn_1572 dn_1574,ygc_1290 ygc_1292,Giorgio Ippolita,Giorgio Ippolita,PRON,PRON,nsubj,nsubj,explicit_full,
2652,1136,one-to-one,dn_1572 dn_1574,ygc_1290 ygc_1292,Giorgio Ippolita,MISSING,PRON-REFLEX,MISSING,obj,MISSING,leftover_source,
2653,1137,one-to-one,dn_1573,ygc_1291,Giorgio,Giorgio,PRON,PRON,nsubj,nsubj,explicit_full,
2654,1137,one-to-one,dn_1573,ygc_1291,Giorgio,MISSING,DET,MISSING,nmod,MISSING,leftover_source,
2655,1138,many-to-one,dn_1575 dn_1576,ygc_1293,Giorgio,Giorgio,PRON,PRON,nsubj,nsubj,explicit_full,
2656,1138,many-to-one,dn_1575 dn_1576,ygc_1293,Giorgio,Giorgio,PRON,PRON,obj,nmod,explicit_ref_pos,
2657,1138,many-to-one,dn_1575 dn_1576,ygc_1293,Giorgio,MISSING,NULL,MISSING,nsubj,MISSING,leftover_source,
2658,1139,one-to-one,dn_1577,ygc_1294,AlfonsoExili,AlfonsoExili,PROPN,PROPN,obj,nsubj,explicit_ref_pos,
2659,1139,one-to-one,dn_1577,ygc_1294,Giorgio,Giorgio,PRON,PRON,obj,nsubj,explicit_ref_pos,
2660,1139,one-to-one,dn_1577,ygc_1294,Giorgio,MISSING,NULL,MISSING,nsubj,MISSING,leftover_source,
2661,1139,one-to-one,dn_1577,ygc_1294,Giorgio,MISSING,DET,MISSING,nmod,MISSING,leftover_source,
2662,1140,one-to-one,dn_1578,ygc_1295,Giorgio,MISSING,PRON,MISSING,obj,MISSING,leftover_source,
2663,1140,one-to-one,dn_1578,ygc_1295,Ippolita,Ippolita,PROPN,PROPN,nsubj,nsubj,explicit_full,
2664,1140,one-to-one,dn_1578,ygc_1295,Ippolita,Ippolita,NULL,NULL,nsubj,nsubj,zero_zero_single,
2665,1140,one-to-one,dn_1578,ygc_1295,MISSING,Ippolita,MISSING,PRON,MISSING,nsubj,leftover_target,
2666,1142,one-to-one,dn_1580,ygc_1297,Giorgio,Giorgio,PRON,PRON,obj,obj,explicit_full,
2667,1142,one-to-one,dn_1580,ygc_1297,Ippolita,Ippolita,PRON,PRON,nsubj,nsubj,explicit_full,
2668,1142,one-to-one,dn_1580,ygc_1297,MISSING,Ippolita,MISSING,NULL,MISSING,nsubj,leftover_target,
2669,1143,one-to-one,dn_1581,ygc_1298,Ippolita,Ippolita,PRON,PRON,nsubj,nsubj,explicit_full,
2670,1144,one-to-many,dn_1583,ygc_1299 ygc_1300,Giorgio,Giorgio,DET,PRON,nmod,nmod,explicit_ref_case,
2671,1144,one-to-many,dn_1583,ygc_1299 ygc_1300,Giorgio,MISSING,PRON,MISSING,obj,MISSING,leftover_source,
2672,1144,one-to-many,dn_1583,ygc_1299 ygc_1300,MISSING,Giorgio,MISSING,NULL,MISSING,nsubj,leftover_target,
2673,1144,one-to-many,dn_1583,ygc_1299 ygc_1300,Ippolita,Ippolita,PRON,PRON,nsubj,nsubj,explicit_full,
2674,1144,one-to-many,dn_1583,ygc_1299 ygc_1300,Ippolita,Ippolita,NULL,NULL,nsubj,nsubj,zero_zero_single,
2675,1145,one-to-one,dn_1584,ygc_1301,Giorgio,Giorgio,PRON,PRON,nsubj,nsubj,explicit_full,
2676,1145,one-to-one,dn_1584,ygc_1301,Giorgio,MISSING,PRON,MISSING,obj,MISSING,leftover_source,
2677,1145,one-to-one,dn_1584,ygc_1301,MISSING,Giorgio,MISSING,NULL,MISSING,nsubj,leftover_target,
2678,1145,one-to-one,dn_1584,ygc_1301,Ippolita,Ippolita,PROPN,PROPN,obj,nmod,explicit_ref_pos,
2679,1145,one-to-one,dn_1584,ygc_1301,Ippolita,Ippolita,PRON,DET,obj,nmod,explicit_ref_only,
2680,1146,one-to-one,dn_1585,ygc_1302,Ippolita,Ippolita,NULL,NULL,nsubj,nsubj,zero_zero_single,
2681,1147,one-to-one,dn_1586,ygc_1303,Giorgio,MISSING,PRON,MISSING,obj,MISSING,leftover_source,
2682,1147,one-to-one,dn_1586,ygc_1303,Ippolita,MISSING,NULL,MISSING,nsubj,MISSING,leftover_source,
2683,1148,one-to-one,dn_1587,ygc_1304,Giorgio,Giorgio,NULL,NULL,nsubj,nsubj,zero_zero_single,
2684,1149,one-to-one,dn_1588,ygc_1306,Ippolita,Ippolita,PROPN,PRON,nsubj,nsubj,explicit_ref_case,
2685,1151,one-to-one,dn_1590,ygc_1307,Giorgio,Giorgio,PROPN,PROPN,nsubj,nsubj,explicit_full,
2686,1151,one-to-one,dn_1590,ygc_1307,Giorgio,Giorgio,NULL,NULL,nsubj,nsubj,zero_zero_single,
2687,1151,one-to-one,dn_1590,ygc_1307,Ippolita,Ippolita,PRON,PRON,obj,nmod,explicit_ref_pos,
2688,1152,one-to-one,dn_1592,ygc_1308,Ippolita,Ippolita,PRON,PRON,nsubj,nsubj,explicit_full,
2689,1152,one-to-one,dn_1592,ygc_1308,MISSING,Ippolita,MISSING,NULL,MISSING,nsubj,leftover_target,
2690,1153,one-to-one,dn_1593,ygc_1310,Ippolita,Ippolita,PROPN,PRON,nsubj,nsubj,explicit_ref_case,
2691,1154,one-to-many,dn_1594,ygc_1309 ygc_1311,Ippolita,Ippolita,PRON,PRON,obj,nsubj,explicit_ref_pos,
2692,1154,one-to-many,dn_1594,ygc_1309 ygc_1311,Ippolita,MISSING,NULL,MISSING,nsubj,MISSING,leftover_source,
2693,1154,one-to-many,dn_1594,ygc_1309 ygc_1311,Ippolita,MISSING,NULL,MISSING,nsubj,MISSING,leftover_source,
2694,1155,one-to-one,dn_1595,ygc_1312,Giorgio,MISSING,PRON,MISSING,nsubj,MISSING,leftover_source,
2695,1155,one-to-one,dn_1595,ygc_1312,MISSING,Ippolita,MISSING,NULL,MISSING,nsubj,leftover_target,
2696,1156,one-to-one,dn_1596,ygc_1313,Ippolita,Ippolita,PRON,NULL,nsubj,nsubj,zero_to_src_anchor,
2697,1156,one-to-one,dn_1596,ygc_1313,MISSING,Ippolita,MISSING,NULL,MISSING,nsubj,leftover_target,
2698,1157,one-to-one,dn_1597,ygc_1314,Giorgio,Giorgio,PROPN,PROPN,nsubj,nsubj,explicit_full,
2699,1157,one-to-one,dn_1597,ygc_1314,Giorgio,MISSING,DET,MISSING,nmod,MISSING,leftover_source,
2700,1157,one-to-one,dn_1597,ygc_1314,Ippolita,Ippolita,PRON,PRON,obj,obj,explicit_full,
2701,1158,one-to-one,dn_1598,ygc_1315,Giorgio,Giorgio,PRON,PRON,obj,obj,explicit_full,
2702,1158,one-to-one,dn_1598,ygc_1315,MISSING,Giorgio,MISSING,PRON,MISSING,obj,leftover_target,
2703,1158,one-to-one,dn_1598,ygc_1315,Ippolita,Ippolita,PRON,PRON,nsubj,nsubj,explicit_full,
2704,1159,one-to-one,dn_1599,ygc_1316,Giorgio,MISSING,PRON,MISSING,nsubj,MISSING,leftover_source,
2705,1159,one-to-one,dn_1599,ygc_1316,Giorgio,MISSING,PRON,MISSING,obj,MISSING,leftover_source,
2706,1159,one-to-one,dn_1599,ygc_1316,Ippolita,Ippolita,DET,PRON,nmod,nmod,explicit_ref_case,
2707,1159,one-to-one,dn_1599,ygc_1316,Ippolita,Ippolita,DET,PRON,nmod,nmod,explicit_ref_case,
2708,1159,one-to-one,dn_1599,ygc_1316,Ippolita,MISSING,PRON,MISSING,obj,MISSING,leftover_source,
2709,1159,one-to-one,dn_1599,ygc_1316,Ippolita,MISSING,PRON,MISSING,nsubj,MISSING,leftover_source,
2710,1160,one-to-many,dn_1600,ygc_1317 ygc_1319,Ippolita,Ippolita,PRON,PRON,nsubj,nsubj,explicit_full,
2711,1160,one-to-many,dn_1600,ygc_1317 ygc_1319,Ippolita,MISSING,PRON,MISSING,obj,MISSING,leftover_source,
2712,1160,one-to-many,dn_1600,ygc_1317 ygc_1319,MISSING,Ippolita,MISSING,NULL,MISSING,nsubj,leftover_target,
2713,1160,one-to-many,dn_1600,ygc_1317 ygc_1319,MISSING,Ippolita,MISSING,NULL,MISSING,nsubj,leftover_target,
2714,1160,one-to-many,dn_1600,ygc_1317 ygc_1319,MISSING,Ippolita,MISSING,NULL,MISSING,nsubj,leftover_target,
2715,1161,one-to-one,dn_1601,ygc_1318,Giorgio,Giorgio,PRON,PRON,nsubj,nsubj,explicit_full,
2716,1162,one-to-one,dn_1602,ygc_1321,Giorgio,Giorgio,PRON,PRON,nsubj,nsubj,explicit_full,
2717,1162,one-to-one,dn_1602,ygc_1321,MISSING,Giorgio,MISSING,PRON,MISSING,nmod,leftover_target,
2718,1162,one-to-one,dn_1602,ygc_1321,MISSING,Giorgio,MISSING,NULL,MISSING,nsubj,leftover_target,
2719,1162,one-to-one,dn_1602,ygc_1321,Ippolita,Ippolita,PRON,PRON,obj,nmod,explicit_ref_pos,
2720,1163,one-to-one,dn_1603,ygc_1320,Giorgio,Giorgio,DET,PRON,nmod,nmod,explicit_ref_case,
2721,1163,one-to-one,dn_1603,ygc_1320,Ippolita,Ippolita,PRON,PRON,nsubj,nsubj,explicit_full,
2722,1164,one-to-one,dn_1604,ygc_1322,Giorgio,Giorgio,NOUN,PRON,nmod,nmod,explicit_ref_case,
2723,1164,one-to-one,dn_1604,ygc_1322,Ippolita,Ippolita,PRON,PRON,nsubj,nsubj,explicit_full,
2724,1164,one-to-one,dn_1604,ygc_1322,MISSING,Ippolita,MISSING,NULL,MISSING,nsubj,leftover_target,
2725,1165,one-to-one,dn_1605,ygc_1323,Giorgio Ippolita,MISSING,NULL,MISSING,nsubj,MISSING,leftover_source,
2726,1165,one-to-one,dn_1605,ygc_1323,Giorgio Ippolita,MISSING,NULL,MISSING,nsubj,MISSING,leftover_source,
2727,1165,one-to-one,dn_1605,ygc_1323,Ippolita,Ippolita,NULL,NULL,nsubj,nsubj,zero_zero_semantic,0.41763578008773716
2728,1165,one-to-one,dn_1605,ygc_1323,MISSING,Ippolita,MISSING,NULL,MISSING,nsubj,leftover_target,
2729,1165,one-to-one,dn_1605,ygc_1323,MISSING,Ippolita,MISSING,NULL,MISSING,nsubj,leftover_target,
2730,1166,one-to-one,dn_1606,ygc_1324,Giorgio,Giorgio,PRON,PRON,obj,obj,explicit_full,
2731,1166,one-to-one,dn_1606,ygc_1324,Ippolita,Ippolita,NULL,NULL,nsubj,nsubj,zero_zero_single,
2732,1167,one-to-one,dn_1607,ygc_1325,MISSING,Giorgio,MISSING,PRON,MISSING,nsubj,leftover_target,
2733,1167,one-to-one,dn_1607,ygc_1325,MISSING,Giorgio,MISSING,NULL,MISSING,nsubj,leftover_target,
2734,1167,one-to-one,dn_1607,ygc_1325,Giorgio Ippolita,MISSING,NULL,MISSING,nsubj,MISSING,leftover_source,
2735,1168,one-to-one,dn_1608,ygc_1326,Giorgio Ippolita,MISSING,DET,MISSING,nmod,MISSING,leftover_source,
2736,1168,one-to-one,dn_1608,ygc_1326,MISSING,Giorgio Ippolita,MISSING,NULL,MISSING,nsubj,leftover_target,
2737,1168,one-to-one,dn_1608,ygc_1326,MISSING,Giorgio Ippolita,MISSING,NULL,MISSING,nsubj,leftover_target,
2738,1169,one-to-many,dn_1609,ygc_1327 ygc_1329,Giorgio,MISSING,PRON,MISSING,obj,MISSING,leftover_source,
2739,1169,one-to-many,dn_1609,ygc_1327 ygc_1329,MISSING,Giorgio Ippolita,MISSING,NULL,MISSING,nsubj,leftover_target,
2740,1169,one-to-many,dn_1609,ygc_1327 ygc_1329,Ippolita,MISSING,NULL,MISSING,nsubj,MISSING,leftover_source,
2741,1170,one-to-one,dn_1610,ygc_1328,Giorgio,Giorgio,PROPN,PROPN,nsubj,nsubj,explicit_full,
2742,1171,many-to-one,dn_1611 dn_1612,ygc_1330,Giorgio,Giorgio,PRON,PRON,obj,nmod,explicit_ref_pos,
2743,1171,many-to-one,dn_1611 dn_1612,ygc_1330,Giorgio Ippolita,Giorgio Ippolita,NULL,NULL,nsubj,nsubj,zero_zero_semantic,0.2022868942153852
2744,1171,many-to-one,dn_1611 dn_1612,ygc_1330,Giorgio Ippolita,MISSING,NULL,MISSING,nsubj,MISSING,leftover_source,
2745,1171,many-to-one,dn_1611 dn_1612,ygc_1330,Giorgio Ippolita,MISSING,NULL,MISSING,nsubj,MISSING,leftover_source,
2746,1171,many-to-one,dn_1611 dn_1612,ygc_1330,Ippolita,Ippolita,PRON,PRON,nsubj,nmod,explicit_ref_pos,
2747,1172,many-to-one,dn_1613 dn_1614,ygc_1331,Ippolita,Ippolita,PRON,PRON,nsubj,nsubj,explicit_full,
2748,1172,many-to-one,dn_1613 dn_1614,ygc_1331,Ippolita,MISSING,NULL,MISSING,nsubj,MISSING,leftover_source,
2749,1173,many-to-one,dn_1615 dn_1616,ygc_1332,Giorgio,Giorgio,DET,PRON,nmod,nmod,explicit_ref_case,
2750,1173,many-to-one,dn_1615 dn_1616,ygc_1332,MISSING,Giorgio,MISSING,NULL,MISSING,nsubj,leftover_target,
2751,1173,many-to-one,dn_1615 dn_1616,ygc_1332,Ippolita,Ippolita,PRON,PRON,obj,nmod,explicit_ref_pos,
2752,1173,many-to-one,dn_1615 dn_1616,ygc_1332,Ippolita,MISSING,PRON,MISSING,nsubj,MISSING,leftover_source,
2753,1174,one-to-one,dn_1617,ygc_1333,MISSING,Giorgio,MISSING,NULL,MISSING,nsubj,leftover_target,
2754,1174,one-to-one,dn_1617,ygc_1333,MISSING,Giorgio,MISSING,NULL,MISSING,nsubj,leftover_target,
2755,1174,one-to-one,dn_1617,ygc_1333,MISSING,Giorgio,MISSING,PRON,MISSING,nsubj,leftover_target,
2756,1174,one-to-one,dn_1617,ygc_1333,Giorgio Ippolita,MISSING,NULL,MISSING,nsubj,MISSING,leftover_source,
2757,1174,one-to-one,dn_1617,ygc_1333,Ippolita,MISSING,PRON,MISSING,obj,MISSING,leftover_source,
2758,1175,one-to-one,dn_1618,ygc_1334,Giorgio Ippolita,MISSING,NULL,MISSING,nsubj,MISSING,leftover_source,
2759,1176,one-to-one,dn_1619,ygc_1335,Ippolita,Ippolita,PROPN,PROPN,nsubj,nsubj,explicit_full,
2760,1176,one-to-one,dn_1619,ygc_1335,Ippolita,MISSING,DET,MISSING,nmod,MISSING,leftover_source,
2761,1176,one-to-one,dn_1619,ygc_1335,MISSING,Ippolita,MISSING,NULL,MISSING,nsubj,leftover_target,
2762,1176,one-to-one,dn_1619,ygc_1335,MISSING,Ippolita,MISSING,NULL,MISSING,nsubj,leftover_target,
2763,1178,one-to-one,dn_1621,ygc_1337,MISSING,Giorgio Ippolita,MISSING,PRON,MISSING,nmod,leftover_target,
2764,1179,one-to-one,dn_1622,ygc_1338,MISSING,Giorgio Ippolita,MISSING,NULL,MISSING,nsubj,leftover_target,
2765,1179,one-to-one,dn_1622,ygc_1338,MISSING,Giorgio Ippolita,MISSING,NULL,MISSING,nsubj,leftover_target,
2766,1179,one-to-one,dn_1622,ygc_1338,MISSING,Giorgio Ippolita,MISSING,NULL,MISSING,nsubj,leftover_target,
2767,1180,one-to-many,dn_1623,ygc_1339 ygc_1340,Giorgio,Giorgio,PROPN,PROPN,nsubj,nsubj,explicit_full,
2768,1180,one-to-many,dn_1623,ygc_1339 ygc_1340,Giorgio,MISSING,NULL,MISSING,nsubj,MISSING,leftover_source,
2769,1180,one-to-many,dn_1623,ygc_1339 ygc_1340,Ippolita,Ippolita,PRON,PRON,nsubj,nsubj,explicit_full,
2770,1180,one-to-many,dn_1623,ygc_1339 ygc_1340,Ippolita,Ippolita,PRON,PROPN,nsubj,nsubj,explicit_ref_case,
2771,1180,one-to-many,dn_1623,ygc_1339 ygc_1340,Ippolita,MISSING,NULL,MISSING,nsubj,MISSING,leftover_source,
2772,1180,one-to-many,dn_1623,ygc_1339 ygc_1340,Ippolita,MISSING,PRON,MISSING,obj,MISSING,leftover_source,
2773,1180,one-to-many,dn_1623,ygc_1339 ygc_1340,Ippolita,MISSING,PRON,MISSING,obj,MISSING,leftover_source,
2774,1182,one-to-one,dn_1625,ygc_1342,MISSING,Giorgio Ippolita,MISSING,NULL,MISSING,nsubj,leftover_target,
2775,1182,one-to-one,dn_1625,ygc_1342,Ippolita,MISSING,PRON,MISSING,nsubj,MISSING,leftover_source,
2776,1183,one-to-one,dn_1627,ygc_1343,Giorgio,Giorgio,NULL,NULL,nsubj,nsubj,zero_zero_single,
2777,1184,one-to-one,dn_1628,ygc_1344,Giorgio,Giorgio,PROPN,PROPN,obj,obj,explicit_full,
2778,1184,one-to-one,dn_1628,ygc_1344,Ippolita,Ippolita,PRON,PRON,nsubj,nsubj,explicit_full,
2779,1184,one-to-one,dn_1628,ygc_1344,MISSING,Ippolita,MISSING,NULL,MISSING,nsubj,leftover_target,
2780,1185,many-to-one,dn_1629 dn_1630,ygc_1345,Ippolita,Ippolita,NULL,NULL,nsubj,nsubj,zero_zero_single,
2781,1186,one-to-one,dn_1631,ygc_1346,Pancrazio,Pancrazio,PROPN,PROPN,nsubj,nsubj,explicit_full,
2782,1187,one-to-one,dn_1632,ygc_1347,Giorgio,MISSING,PROPN,MISSING,obj,MISSING,leftover_source,
2783,1187,one-to-one,dn_1632,ygc_1347,Pancrazio,Pancrazio,NULL,NULL,nsubj,nsubj,zero_zero_single,
2784,1188,one-to-one,dn_1633,ygc_1348,Giorgio,Giorgio,NOUN,PRON,nmod,nsubj,explicit_ref_only,
2785,1188,one-to-one,dn_1633,ygc_1348,MISSING,Giorgio,MISSING,NULL,MISSING,nsubj,leftover_target,
2786,1188,one-to-one,dn_1633,ygc_1348,Pancrazio,MISSING,PRON,MISSING,nsubj,MISSING,leftover_source,
2787,1188,one-to-one,dn_1633,ygc_1348,Pancrazio,MISSING,PRON,MISSING,obj,MISSING,leftover_source,
2788,1189,one-to-many,dn_1634,ygc_1349 ygc_1350 ygc_1351,MISSING,Giorgio Ippolita,MISSING,PRON,MISSING,obj,leftover_target,
2789,1189,one-to-many,dn_1634,ygc_1349 ygc_1350 ygc_1351,Pancrazio,Pancrazio,NULL,NULL,nsubj,nsubj,zero_zero_semantic,0.410162876215246
2790,1189,one-to-many,dn_1634,ygc_1349 ygc_1350 ygc_1351,Pancrazio,MISSING,PRON,MISSING,obj,MISSING,leftover_source,
2791,1189,one-to-many,dn_1634,ygc_1349 ygc_1350 ygc_1351,Pancrazio,MISSING,PRON,MISSING,obj,MISSING,leftover_source,
2792,1189,one-to-many,dn_1634,ygc_1349 ygc_1350 ygc_1351,MISSING,Pancrazio,MISSING,NULL,MISSING,nsubj,leftover_target,
2793,1189,one-to-many,dn_1634,ygc_1349 ygc_1350 ygc_1351,MISSING,Pancrazio,MISSING,NULL,MISSING,nsubj,leftover_target,
2794,1190,one-to-one,dn_1635,ygc_1352,Giorgio Ippolita,Giorgio Ippolita,PRON,NOUN,obj,nsubj,explicit_ref_only,
2795,1190,one-to-one,dn_1635,ygc_1352,Giorgio Ippolita,MISSING,PRON,MISSING,obj,MISSING,leftover_source,
2796,1190,one-to-one,dn_1635,ygc_1352,Pancrazio,Pancrazio,NULL,PRON,nsubj,nsubj,zero_to_tgt_anchor,
2797,1191,many-to-one,dn_1636 dn_1637,ygc_1353,Pancrazio,Pancrazio,PROPN,PROPN,nsubj,nsubj,explicit_full,
2798,1191,many-to-one,dn_1636 dn_1637,ygc_1353,MISSING,Pancrazio,MISSING,NULL,MISSING,nsubj,leftover_target,
2799,1192,one-to-one,dn_1638,ygc_1355,Ippolita,Ippolita,PROPN,PROPN,nsubj,nsubj,explicit_full,
2800,1192,one-to-one,dn_1638,ygc_1355,Ippolita,MISSING,NULL,MISSING,nsubj,MISSING,leftover_source,
2801,1193,one-to-one,dn_1639,ygc_1354,Giorgio Ippolita,Giorgio Ippolita,NULL,NULL,nsubj,nsubj,zero_zero_single,
2802,1194,one-to-one,dn_1640,ygc_1356,Pancrazio,Pancrazio,PROPN,PROPN,nsubj,nsubj,explicit_full,
2803,1195,one-to-one,dn_1641,ygc_1357,Ippolita,Ippolita,NOUN,NOUN,obj,obj,explicit_full,
2804,1195,one-to-one,dn_1641,ygc_1357,Pancrazio,Pancrazio,NULL,NULL,nsubj,nsubj,zero_zero_single,
2805,1195,one-to-one,dn_1641,ygc_1357,MISSING,Pancrazio,MISSING,PRON,MISSING,nsubj,leftover_target,
2806,1196,one-to-one,dn_1642,ygc_1358,Pancrazio,MISSING,PRON,MISSING,obj,MISSING,leftover_source,
2807,1198,one-to-many,dn_1645,ygc_1360 ygc_1361,Giorgio Ippolita,Giorgio Ippolita,NOUN,PRON,nsubj,nsubj,explicit_ref_case,
2808,1198,one-to-many,dn_1645,ygc_1360 ygc_1361,Giorgio Ippolita,MISSING,NULL,MISSING,nsubj,MISSING,leftover_source,
2809,1198,one-to-many,dn_1645,ygc_1360 ygc_1361,MISSING,Giorgio Ippolita,MISSING,PRON,MISSING,nmod,leftover_target,
2810,1199,one-to-many,dn_1646,ygc_1362 ygc_1364,Giorgio Ippolita,MISSING,PRON,MISSING,obj,MISSING,leftover_source,
2811,1199,one-to-many,dn_1646,ygc_1362 ygc_1364,Pancrazio,Pancrazio,NOUN,NOUN,nsubj,nsubj,explicit_full,
2812,1199,one-to-many,dn_1646,ygc_1362 ygc_1364,MISSING,Pancrazio,MISSING,NULL,MISSING,nsubj,leftover_target,
2813,1200,one-to-one,dn_1647,ygc_1363,Pancrazio,Pancrazio,NULL,NULL,nsubj,nsubj,zero_zero_single,
2814,1201,one-to-one,dn_1648,ygc_1366,Giorgio,Giorgio,PROPN,PROPN,nsubj,nsubj,explicit_full,
2815,1201,one-to-one,dn_1648,ygc_1366,MISSING,Giorgio,MISSING,NULL,MISSING,nsubj,leftover_target,
2816,1202,one-to-one,dn_1649,ygc_1365,Giorgio Ippolita,Giorgio Ippolita,NULL,NULL,nsubj,nsubj,zero_zero_semantic,0.2855688695396696
2817,1202,one-to-one,dn_1649,ygc_1365,Giorgio Ippolita,MISSING,NULL,MISSING,nsubj,MISSING,leftover_source,
2818,1203,one-to-one,dn_1650,ygc_1367,Giorgio Ippolita,Giorgio Ippolita,NULL,NOUN,nsubj,nsubj,zero_to_tgt_anchor,
2819,1205,one-to-many,dn_1652,ygc_1369 ygc_1370,Giorgio Ippolita,Giorgio Ippolita,PRON,NOUN,obj,nsubj,explicit_ref_only,
2820,1205,one-to-many,dn_1652,ygc_1369 ygc_1370,Giorgio Ippolita,MISSING,PRON-REFLEX,MISSING,obj,MISSING,leftover_source,
2821,1205,one-to-many,dn_1652,ygc_1369 ygc_1370,Giorgio Ippolita,MISSING,NULL,MISSING,nsubj,MISSING,leftover_source,
