sentence_pair,alignment_type,source_sentence_ids,target_sentence_ids,source_sents,target_sents,source_text,target_text,source_ref,target_ref,source_pos,target_pos,source_case,target_case,pair_type,zero_pair_cost
1,one-to-many,dn_0,isk_0 isk_1 isk_3,"Ippolita, quando vide contro il parapetto un gruppo di uomini chini a guardare nella strada sottoposta, esclamò soffermandosi:",羣集は胸壁に凭れて眼の下の往來を瞰込んでゐる。 イッポリイタは變に思つて佇立つた。 と聲が突走つた。,Ippolita,イッポリイタ,Ippolita,Ippolita,PROPN,PROPN,nsubj,nsubj,explicit_full,
1,one-to-many,dn_0,isk_0 isk_1 isk_3,"Ippolita, quando vide contro il parapetto un gruppo di uomini chini a guardare nella strada sottoposta, esclamò soffermandosi:",羣集は胸壁に凭れて眼の下の往來を瞰込んでゐる。 イッポリイタは變に思つて佇立つた。 と聲が突走つた。,vide,思つて,Ippolita,Ippolita,NULL,NULL,nsubj,nsubj,zero_zero_single,
1,one-to-many,dn_0,isk_0 isk_1 isk_3,"Ippolita, quando vide contro il parapetto un gruppo di uomini chini a guardare nella strada sottoposta, esclamò soffermandosi:",羣集は胸壁に凭れて眼の下の往來を瞰込んでゐる。 イッポリイタは變に思つて佇立つた。 と聲が突走つた。,un gruppo di uomini,羣集,crowd-of-men,crowd-of-men,NOUN,NOUN,obj,nsubj,explicit_ref_pos,
1,one-to-many,dn_0,isk_0 isk_1 isk_3,"Ippolita, quando vide contro il parapetto un gruppo di uomini chini a guardare nella strada sottoposta, esclamò soffermandosi:",羣集は胸壁に凭れて眼の下の往來を瞰込んでゐる。 イッポリイタは變に思つて佇立つた。 と聲が突走つた。,MISSING,凭れて,MISSING,crowd-of-men,MISSING,NULL,MISSING,nsubj,leftover_target,
3,one-to-one,dn_2,isk_4,Ella ebbe un piccolo moto di timore; e appoggiò involontariamente la mano sul braccio di Giorgio come per trattenerlo.,氣遣はし氣な態度を一寸見せてジォルジオを引留めるといふ風に我知ず男の腕に手を懸けた。,Giorgio,男,Giorgio,Giorgio,PROPN,NOUN,nmod,nmod,explicit_ref_case,
3,one-to-one,dn_2,isk_4,Ella ebbe un piccolo moto di timore; e appoggiò involontariamente la mano sul braccio di Giorgio come per trattenerlo.,氣遣はし氣な態度を一寸見せてジォルジオを引留めるといふ風に我知ず男の腕に手を懸けた。,lo,ジォルジオ,Giorgio,Giorgio,PRON,PROPN,obj,obj,explicit_ref_case,
3,one-to-one,dn_2,isk_4,Ella ebbe un piccolo moto di timore; e appoggiò involontariamente la mano sul braccio di Giorgio come per trattenerlo.,氣遣はし氣な態度を一寸見せてジォルジオを引留めるといふ風に我知ず男の腕に手を懸けた。,appoggiò,懸けた,Ippolita,Ippolita,NULL,NULL,nsubj,nsubj,zero_zero_semantic,0.2872139501345552
3,one-to-one,dn_2,isk_4,Ella ebbe un piccolo moto di timore; e appoggiò involontariamente la mano sul braccio di Giorgio come per trattenerlo.,氣遣はし氣な態度を一寸見せてジォルジオを引留めるといふ風に我知ず男の腕に手を懸けた。,Ella,見せて,Ippolita,Ippolita,PRON,NULL,nsubj,nsubj,zero_to_src_anchor,
4,one-to-many,dn_3,isk_5 isk_7,"Giorgio disse, osservando i gesti di quegli uomini:",ジォルジオは羣集の動靜を見廻してから、 言つて又,Giorgio,ジォルジオ,Giorgio,Giorgio,PROPN,PROPN,nsubj,nsubj,explicit_full,
4,one-to-many,dn_3,isk_5 isk_7,"Giorgio disse, osservando i gesti di quegli uomini:",ジォルジオは羣集の動靜を見廻してから、 言つて又,MISSING,言つて,MISSING,Giorgio,MISSING,NULL,MISSING,nsubj,leftover_target,
4,one-to-many,dn_3,isk_5 isk_7,"Giorgio disse, osservando i gesti di quegli uomini:",ジォルジオは羣集の動靜を見廻してから、 言つて又,quegli uomini,羣集,crowd-of-men,crowd-of-men,NOUN,NOUN,nmod,nmod,explicit_full,
5,one-to-one,dn_4,isk_6,Si sarà gettato giù qualcuno.,誰か高處から墜落ちたのだらう。,qualcuno,誰か,suicidal-man,suicidal-man,PRON,PRON,nsubj,nsubj,explicit_full,
5,one-to-one,dn_4,isk_6,Si sarà gettato giù qualcuno.,誰か高處から墜落ちたのだらう。,Si,MISSING,suicidal-man,MISSING,PRON-REFLEX,MISSING,obj,MISSING,leftover_source,
5,one-to-one,dn_4,isk_6,Si sarà gettato giù qualcuno.,誰か高處から墜落ちたのだらう。,MISSING,墜落ちた,MISSING,suicidal-man,MISSING,NULL,MISSING,nsubj,leftover_target,
6,one-to-one,dn_5,isk_9,Soggiunse:,と附足した。,Soggiunse,附足した,Giorgio,Giorgio,NULL,NULL,nsubj,nsubj,zero_zero_single,
7,one-to-one,dn_6,isk_8,Vuoi che torniamo indietro?,もう歸らうか。,torniamo,歸らう,Giorgio Ippolita,Giorgio Ippolita,NULL,NULL,nsubj,nsubj,zero_zero_single,
7,one-to-one,dn_6,isk_8,Vuoi che torniamo indietro?,もう歸らうか。,Vuoi,MISSING,Ippolita,MISSING,NULL,MISSING,nsubj,MISSING,leftover_source,
8,many-to-one,dn_7 dn_8,isk_10,"Ella esitò un poco, tra la curiosità e il raccapriccio. Rispose:",好奇心と恐怖に挾まれた女は稍躊躇つた。,Ella,好奇心と恐怖に挾まれた女,Ippolita,Ippolita,PRON,NOUN,nsubj,nsubj,explicit_ref_case,
8,many-to-one,dn_7 dn_8,isk_10,"Ella esitò un poco, tra la curiosità e il raccapriccio. Rispose:",好奇心と恐怖に挾まれた女は稍躊躇つた。,Rispose,MISSING,Ippolita,MISSING,NULL,MISSING,nsubj,MISSING,leftover_source,
9,one-to-one,dn_9,isk_11,No; seguitiamo.,まあ見て行きませうよ。,seguitiamo,見て行きませう,Giorgio Ippolita,Giorgio Ippolita,NULL,NULL,nsubj,nsubj,zero_zero_single,
10,one-to-one,dn_10,isk_12,"Seguitarono pel viale estremo, lungo il parapetto.",二人は胸壁に沿つて歩いて道の終端まで來た。,Seguitarono,來た,Giorgio Ippolita,Giorgio Ippolita,NULL,NULL,nsubj,nsubj,zero_zero_semantic,0.494194752403668
10,one-to-one,dn_10,isk_12,"Seguitarono pel viale estremo, lungo il parapetto.",二人は胸壁に沿つて歩いて道の終端まで來た。,MISSING,二人,MISSING,Giorgio Ippolita,MISSING,NOUN,MISSING,nsubj,leftover_target,
10,one-to-one,dn_10,isk_12,"Seguitarono pel viale estremo, lungo il parapetto.",二人は胸壁に沿つて歩いて道の終端まで來た。,MISSING,歩いて,MISSING,Giorgio Ippolita,MISSING,NULL,MISSING,nsubj,leftover_target,
11,one-to-one,dn_11,isk_13,Involontariamente Ippolita accelerava il suo passo verso il gruppo dei curiosi.,イッポリイタの步調は自然に早く羣集の方へ向つた。,Ippolita,イッポリイタ,Ippolita,Ippolita,PROPN,PROPN,nsubj,nmod,explicit_ref_pos,
11,one-to-one,dn_11,isk_13,Involontariamente Ippolita accelerava il suo passo verso il gruppo dei curiosi.,イッポリイタの步調は自然に早く羣集の方へ向つた。,il gruppo dei curiosi,羣集,crowd-of-men,crowd-of-men,NOUN,NOUN,obj,obj,explicit_full,
15,one-to-one,dn_15,isk_18,disse Giorgio.,ジォルジオが言つた。,Giorgio,ジォルジオ,Giorgio,Giorgio,PROPN,PROPN,nsubj,nsubj,explicit_full,
16,one-to-one,dn_16,isk_17,Qualcuno s'è ucciso.,自殺だ。,Qualcuno,MISSING,suicidal-man,MISSING,PRON,MISSING,nsubj,MISSING,leftover_source,
16,one-to-one,dn_16,isk_17,Qualcuno s'è ucciso.,自殺だ。,s,MISSING,suicidal-man,MISSING,PRON-REFLEX,MISSING,obj,MISSING,leftover_source,
17,one-to-one,dn_17,isk_19,"Ambedue si soffermarono, in vicinanza del gruppo.",二人は羣集に近づいた。,Ambedue,二人,Giorgio Ippolita,Giorgio Ippolita,PRON,NOUN,nsubj,nsubj,explicit_ref_case,
17,one-to-one,dn_17,isk_19,"Ambedue si soffermarono, in vicinanza del gruppo.",二人は羣集に近づいた。,si,MISSING,Giorgio Ippolita,MISSING,PRON-REFLEX,MISSING,obj,MISSING,leftover_source,
17,one-to-one,dn_17,isk_19,"Ambedue si soffermarono, in vicinanza del gruppo.",二人は羣集に近づいた。,gruppo,羣集,crowd-of-men,crowd-of-men,NOUN,NOUN,nmod,obj,explicit_ref_pos,
18,one-to-one,dn_18,isk_20,Tutti quegli uomini guardavano con occhi intentissimi il lastrico sottostante.,物見の人々は、眼の下の贅石の上に、皆きつと視線を落した。,Tutti quegli uomini,物見の人々,crowd-of-men,crowd-of-men,NOUN,NOUN,nsubj,nsubj,explicit_full,
19,one-to-one,dn_19,isk_21,Erano plebei oziosi.,それは遊惰な、勞働者風の者ばかりであつた。,plebei oziosi,遊惰な、勞働者風の者,crowd-of-men,crowd-of-men,NOUN,NOUN,pred,pred,explicit_full,
19,one-to-one,dn_19,isk_21,Erano plebei oziosi.,それは遊惰な、勞働者風の者ばかりであつた。,Erano,それ,crowd-of-men,crowd-of-men,NULL,PRON,nsubj,nsubj,zero_to_tgt_anchor,
20,one-to-many,dn_20,isk_22 isk_23,I loro volti diversi non esprimevano alcuna pietà e alcuna tristezza; l'immobilità dello sguardo metteva ne' loro occhi una specie di stupefazione bestiale.,どの顏面にも、哀情や悲愁の影は見られなかつた。 視線が動かずに居るので、野獸のやうな彼等の眼に、何となく慵い色が翳つてゐた。,loro,視線,crowd-of-men,crowd-of-men,DET,NOUN,nmod,nmod,explicit_ref_case,
20,one-to-many,dn_20,isk_22 isk_23,I loro volti diversi non esprimevano alcuna pietà e alcuna tristezza; l'immobilità dello sguardo metteva ne' loro occhi una specie di stupefazione bestiale.,どの顏面にも、哀情や悲愁の影は見られなかつた。 視線が動かずに居るので、野獸のやうな彼等の眼に、何となく慵い色が翳つてゐた。,loro,MISSING,crowd-of-men,MISSING,DET,MISSING,nmod,MISSING,leftover_source,
21,one-to-one,dn_21,isk_24,"Un giovinastro sopraggiunse, avido di vedere.",若い男が一人、息急き見に來た。,Un giovinastro,若い男,young-man,young-man,NOUN,NOUN,nsubj,nsubj,explicit_full,
22,one-to-many,dn_23,isk_25 isk_28,"gli fece un tale, prima che colui si sporgesse; ed aveva nella voce un indefinibile accento tra di scherno e di giubilo, come rallegrandosi che lo spettacolo non potesse più da altri esser goduto.",漸く好い場所に落著いたと思ふ時分に、物見の一人が凱歌を掲げるやうな、茶化したやうな聲で呼掛けた。 遲い客は佳い幕が見られないと言つたやうな得意な調子であつた。,un tale,物見の一人,man-from-the-crowd,man-from-the-crowd,NOUN,NOUN,nsubj,nsubj,explicit_full,
22,one-to-many,dn_23,isk_25 isk_28,"gli fece un tale, prima che colui si sporgesse; ed aveva nella voce un indefinibile accento tra di scherno e di giubilo, come rallegrandosi che lo spettacolo non potesse più da altri esser goduto.",漸く好い場所に落著いたと思ふ時分に、物見の一人が凱歌を掲げるやうな、茶化したやうな聲で呼掛けた。 遲い客は佳い幕が見られないと言つたやうな得意な調子であつた。,aveva,呼掛けた,man-from-the-crowd,man-from-the-crowd,NULL,NULL,nsubj,nsubj,zero_zero_semantic,0.3859707263831004
22,one-to-many,dn_23,isk_25 isk_28,"gli fece un tale, prima che colui si sporgesse; ed aveva nella voce un indefinibile accento tra di scherno e di giubilo, come rallegrandosi che lo spettacolo non potesse più da altri esser goduto.",漸く好い場所に落著いたと思ふ時分に、物見の一人が凱歌を掲げるやうな、茶化したやうな聲で呼掛けた。 遲い客は佳い幕が見られないと言つたやうな得意な調子であつた。,si,MISSING,man-from-the-crowd,MISSING,PRON-REFLEX,MISSING,obj,MISSING,leftover_source,
22,one-to-many,dn_23,isk_25 isk_28,"gli fece un tale, prima che colui si sporgesse; ed aveva nella voce un indefinibile accento tra di scherno e di giubilo, come rallegrandosi che lo spettacolo non potesse più da altri esser goduto.",漸く好い場所に落著いたと思ふ時分に、物見の一人が凱歌を掲げるやうな、茶化したやうな聲で呼掛けた。 遲い客は佳い幕が見られないと言つたやうな得意な調子であつた。,MISSING,落著いた,MISSING,man-from-the-crowd,MISSING,NULL,MISSING,nsubj,leftover_target,
22,one-to-many,dn_23,isk_25 isk_28,"gli fece un tale, prima che colui si sporgesse; ed aveva nella voce un indefinibile accento tra di scherno e di giubilo, come rallegrandosi che lo spettacolo non potesse più da altri esser goduto.",漸く好い場所に落著いたと思ふ時分に、物見の一人が凱歌を掲げるやうな、茶化したやうな聲で呼掛けた。 遲い客は佳い幕が見られないと言つたやうな得意な調子であつた。,colui,遲い客,young-man,young-man,PRON,NULL,nsubj,nsubj,zero_to_src_anchor,
22,one-to-many,dn_23,isk_25 isk_28,"gli fece un tale, prima che colui si sporgesse; ed aveva nella voce un indefinibile accento tra di scherno e di giubilo, come rallegrandosi che lo spettacolo non potesse più da altri esser goduto.",漸く好い場所に落著いたと思ふ時分に、物見の一人が凱歌を掲げるやうな、茶化したやうな聲で呼掛けた。 遲い客は佳い幕が見られないと言つたやうな得意な調子であつた。,gli,MISSING,young-man,MISSING,PRON,MISSING,obj,MISSING,leftover_source,
22,one-to-many,dn_23,isk_25 isk_28,"gli fece un tale, prima che colui si sporgesse; ed aveva nella voce un indefinibile accento tra di scherno e di giubilo, come rallegrandosi che lo spettacolo non potesse più da altri esser goduto.",漸く好い場所に落著いたと思ふ時分に、物見の一人が凱歌を掲げるやうな、茶化したやうな聲で呼掛けた。 遲い客は佳い幕が見られないと言つたやうな得意な調子であつた。,si,MISSING,young-man,MISSING,PRON-REFLEX,MISSING,obj,MISSING,leftover_source,
23,one-to-one,dn_24,isk_26,Non c'è più.,遲い遲い。,c'è,MISSING,suicidal-man,MISSING,NULL,MISSING,nsubj,MISSING,leftover_source,
24,one-to-one,dn_25,isk_27,L'hanno già portato via.,もう擔いで行つちやつたい。,hanno già portato,擔いで行つちやつた,UNKNOWN,UNKNOWN,NULL,NULL,nsubj,nsubj,zero_zero_single,
24,one-to-one,dn_25,isk_27,L'hanno già portato via.,もう擔いで行つちやつたい。,L,MISSING,suicidal-man,MISSING,PRON,MISSING,obj,MISSING,leftover_source,
27,one-to-one,dn_28,isk_31,Morto?,死んぢやつたか。,Morto,死んぢやつた,suicidal-man,suicidal-man,NULL,NULL,nsubj,nsubj,zero_zero_single,
28,one-to-one,dn_29,isk_32,Morto.,死んぢやつた。,Morto,死んぢやつた,suicidal-man,suicidal-man,NULL,NULL,nsubj,nsubj,zero_zero_single,
29,one-to-many,dn_30,isk_33 isk_34,"Un altro, un uomo scarno e verdiccio che portava intorno al collo una larga sciarpa di lana, si sporse molto; e, togliendosi di bocca la pipa, domandò ad alta voce:",憔悴けた蒼ずんだ顔の、頸に大きなマフラを捲いた男が、身體を半分突き出して覗き込んでゐた。 と、咥へたパイプを拔取つて大聲に、,"Un altro, un uomo scarno e verdiccio che portava intorno al collo una larga sciarpa di lana",憔悴けた蒼ずんだ顔の、頸に大きなマフラを捲いた男,man-with-a-pipe,man-with-a-pipe,NOUN,NOUN,nsubj,nsubj,explicit_full,
29,one-to-many,dn_30,isk_33 isk_34,"Un altro, un uomo scarno e verdiccio che portava intorno al collo una larga sciarpa di lana, si sporse molto; e, togliendosi di bocca la pipa, domandò ad alta voce:",憔悴けた蒼ずんだ顔の、頸に大きなマフラを捲いた男が、身體を半分突き出して覗き込んでゐた。 と、咥へたパイプを拔取つて大聲に、,domandò,拔取つて,man-with-a-pipe,man-with-a-pipe,NULL,NULL,nsubj,nsubj,zero_zero_semantic,0.5395430741769845
29,one-to-many,dn_30,isk_33 isk_34,"Un altro, un uomo scarno e verdiccio che portava intorno al collo una larga sciarpa di lana, si sporse molto; e, togliendosi di bocca la pipa, domandò ad alta voce:",憔悴けた蒼ずんだ顔の、頸に大きなマフラを捲いた男が、身體を半分突き出して覗き込んでゐた。 と、咥へたパイプを拔取つて大聲に、,si,MISSING,man-with-a-pipe,MISSING,PRON-REFLEX,MISSING,obj,MISSING,leftover_source,
29,one-to-many,dn_30,isk_33 isk_34,"Un altro, un uomo scarno e verdiccio che portava intorno al collo una larga sciarpa di lana, si sporse molto; e, togliendosi di bocca la pipa, domandò ad alta voce:",憔悴けた蒼ずんだ顔の、頸に大きなマフラを捲いた男が、身體を半分突き出して覗き込んでゐた。 と、咥へたパイプを拔取つて大聲に、,si,MISSING,man-with-a-pipe,MISSING,PRON-REFLEX,MISSING,obj,MISSING,leftover_source,
29,one-to-many,dn_30,isk_33 isk_34,"Un altro, un uomo scarno e verdiccio che portava intorno al collo una larga sciarpa di lana, si sporse molto; e, togliendosi di bocca la pipa, domandò ad alta voce:",憔悴けた蒼ずんだ顔の、頸に大きなマフラを捲いた男が、身體を半分突き出して覗き込んでゐた。 と、咥へたパイプを拔取つて大聲に、,MISSING,突き出して,MISSING,man-with-a-pipe,MISSING,NULL,MISSING,nsubj,leftover_target,
31,one-to-many,dn_32,isk_36 isk_37 isk_38,"La sua bocca era tòrta da un lato, rappresa come per una bruciatura, convulsa come se assaporasse una saliva amara di continuo rigurgitante; e la sua voce era profonda, come se uscisse da luoghi cavernosi.",口が片方へ引釣つて火傷の痕のやうなものが黏り附いてゐる。 苦い唾液が引切なしに湧く所爲てか痙攣も見える。 胴間聲は洞穴から出て來るやうであつた。,sua,MISSING,man-with-a-pipe,MISSING,DET,MISSING,nmod,MISSING,leftover_source,
31,one-to-many,dn_32,isk_36 isk_37 isk_38,"La sua bocca era tòrta da un lato, rappresa come per una bruciatura, convulsa come se assaporasse una saliva amara di continuo rigurgitante; e la sua voce era profonda, come se uscisse da luoghi cavernosi.",口が片方へ引釣つて火傷の痕のやうなものが黏り附いてゐる。 苦い唾液が引切なしに湧く所爲てか痙攣も見える。 胴間聲は洞穴から出て來るやうであつた。,sua,MISSING,man-with-a-pipe,MISSING,DET,MISSING,nmod,MISSING,leftover_source,
33,one-to-one,dn_34,isk_40,"Un carrettiere, giù nella strada, si chinava a piè della muraglia.",その時は一人の馬丁が下の往來で絕壁の裾へ寄って蹲踞むところであつた。,Un carrettiere,一人の馬丁,cart-driver,cart-driver,NOUN,NOUN,nsubj,nsubj,explicit_full,
33,one-to-one,dn_34,isk_40,"Un carrettiere, giù nella strada, si chinava a piè della muraglia.",その時は一人の馬丁が下の往來で絕壁の裾へ寄って蹲踞むところであつた。,si,MISSING,cart-driver,MISSING,PRON-REFLEX,MISSING,obj,MISSING,leftover_source,
33,one-to-one,dn_34,isk_40,"Un carrettiere, giù nella strada, si chinava a piè della muraglia.",その時は一人の馬丁が下の往來で絕壁の裾へ寄って蹲踞むところであつた。,MISSING,寄って,MISSING,cart-driver,MISSING,NULL,MISSING,nsubj,leftover_target,
34,one-to-one,dn_35,isk_41,"I riguardanti tacquero, immobili, aspettando la risposta.",羣集は馬丁の返辭に聽き耳を立てて皆靜まり返つた。,MISSING,馬丁,MISSING,cart-driver,MISSING,NOUN,MISSING,nmod,leftover_target,
34,one-to-one,dn_35,isk_41,"I riguardanti tacquero, immobili, aspettando la risposta.",羣集は馬丁の返辭に聽き耳を立てて皆靜まり返つた。,riguardanti,羣集,crowd-of-men,crowd-of-men,NOUN,NOUN,nsubj,nsubj,explicit_full,
34,one-to-one,dn_35,isk_41,"I riguardanti tacquero, immobili, aspettando la risposta.",羣集は馬丁の返辭に聽き耳を立てて皆靜まり返つた。,MISSING,立てて,MISSING,crowd-of-men,MISSING,NULL,MISSING,nsubj,leftover_target,
35,one-to-one,dn_36,isk_42,"Scorgevano soltanto, su le pietre, una chiazza nerastra.",甃石の上には黑い痕がぽたぽた見えた。,Scorgevano,MISSING,crowd-of-men,MISSING,NULL,MISSING,nsubj,MISSING,leftover_source,
37,one-to-many,dn_38,isk_44 isk_45,"rispose il carrettiere, ancóra curvo, cercando qualche cosa nella chiazza con la punta di una canna.",蹲踞んだまま馬丁が答へた。 鞭の尖で連りに血泥を攪拌してゐる。,il carrettiere,馬丁,cart-driver,cart-driver,NOUN,NOUN,nsubj,nsubj,explicit_full,
37,one-to-many,dn_38,isk_44 isk_45,"rispose il carrettiere, ancóra curvo, cercando qualche cosa nella chiazza con la punta di una canna.",蹲踞んだまま馬丁が答へた。 鞭の尖で連りに血泥を攪拌してゐる。,MISSING,攪拌してゐる,MISSING,cart-driver,MISSING,NULL,MISSING,nsubj,leftover_target,
39,one-to-one,dn_40,isk_47,chiese di nuovo l'uomo della pipa.,パイブの男が訊く。,l'uomo della pipa,パイブの男,man-with-a-pipe,man-with-a-pipe,NOUN,NOUN,nsubj,nsubj,explicit_full,
40,one-to-many,dn_41,isk_48 isk_49 isk_50,"Il carrettiere si sollevò, tenendo in cima della canna qualche cosa che quei di sopra non vedevano.",馬丁は起ち上つた。 鞭の尖に何か附着けて引張つた。 壁上からは分らない。,Il carrettiere,馬丁,cart-driver,cart-driver,NOUN,NOUN,nsubj,nsubj,explicit_full,
40,one-to-many,dn_41,isk_48 isk_49 isk_50,"Il carrettiere si sollevò, tenendo in cima della canna qualche cosa che quei di sopra non vedevano.",馬丁は起ち上つた。 鞭の尖に何か附着けて引張つた。 壁上からは分らない。,si,MISSING,cart-driver,MISSING,PRON-REFLEX,MISSING,obj,MISSING,leftover_source,
40,one-to-many,dn_41,isk_48 isk_49 isk_50,"Il carrettiere si sollevò, tenendo in cima della canna qualche cosa che quei di sopra non vedevano.",馬丁は起ち上つた。 鞭の尖に何か附着けて引張つた。 壁上からは分らない。,MISSING,附着けて,MISSING,cart-driver,MISSING,NULL,MISSING,nsubj,leftover_target,
40,one-to-many,dn_41,isk_48 isk_49 isk_50,"Il carrettiere si sollevò, tenendo in cima della canna qualche cosa che quei di sopra non vedevano.",馬丁は起ち上つた。 鞭の尖に何か附着けて引張つた。 壁上からは分らない。,MISSING,引張つた,MISSING,cart-driver,MISSING,NULL,MISSING,nsubj,leftover_target,
40,one-to-many,dn_41,isk_48 isk_49 isk_50,"Il carrettiere si sollevò, tenendo in cima della canna qualche cosa che quei di sopra non vedevano.",馬丁は起ち上つた。 鞭の尖に何か附着けて引張つた。 壁上からは分らない。,quei di sopra,分らない,crowd-of-men,crowd-of-men,PRON,NULL,nsubj,nsubj,zero_to_src_anchor,
45,one-to-one,dn_46,isk_55,"Giorgio, andiamo!",もう行きませうよ、ねえ。,Giorgio,MISSING,Giorgio,MISSING,PROPN,MISSING,vocative,MISSING,leftover_source,
45,one-to-one,dn_46,isk_55,"Giorgio, andiamo!",もう行きませうよ、ねえ。,andiamo,行きませう,Giorgio Ippolita,Giorgio Ippolita,NULL,NULL,nsubj,nsubj,zero_zero_single,
46,one-to-many,dn_47,isk_56 isk_57 isk_58,"supplicò Ippolita, turbata, un poco pallida, scotendo l'amante che si sporgeva dal parapetto, in vicinanza del gruppo, attratto dall'atrocità della scena.",イッポリイタが男に强請んだ。 おどおどと顔まで蒼くして戀人の腕を振つた。 男は羣集に混つて胸壁に身を凭せ、可怕しい光景に魂を奪はせてゐた。,l'amante,男,Giorgio,Giorgio,NOUN,NOUN,obj,obj,explicit_full,
46,one-to-many,dn_47,isk_56 isk_57 isk_58,"supplicò Ippolita, turbata, un poco pallida, scotendo l'amante che si sporgeva dal parapetto, in vicinanza del gruppo, attratto dall'atrocità della scena.",イッポリイタが男に强請んだ。 おどおどと顔まで蒼くして戀人の腕を振つた。 男は羣集に混つて胸壁に身を凭せ、可怕しい光景に魂を奪はせてゐた。,si,MISSING,Giorgio,MISSING,PRON-REFLEX,MISSING,obj,MISSING,leftover_source,
46,one-to-many,dn_47,isk_56 isk_57 isk_58,"supplicò Ippolita, turbata, un poco pallida, scotendo l'amante che si sporgeva dal parapetto, in vicinanza del gruppo, attratto dall'atrocità della scena.",イッポリイタが男に强請んだ。 おどおどと顔まで蒼くして戀人の腕を振つた。 男は羣集に混つて胸壁に身を凭せ、可怕しい光景に魂を奪はせてゐた。,MISSING,戀人,MISSING,Giorgio,MISSING,NOUN,MISSING,nmod,leftover_target,
46,one-to-many,dn_47,isk_56 isk_57 isk_58,"supplicò Ippolita, turbata, un poco pallida, scotendo l'amante che si sporgeva dal parapetto, in vicinanza del gruppo, attratto dall'atrocità della scena.",イッポリイタが男に强請んだ。 おどおどと顔まで蒼くして戀人の腕を振つた。 男は羣集に混つて胸壁に身を凭せ、可怕しい光景に魂を奪はせてゐた。,MISSING,男,MISSING,Giorgio,MISSING,NOUN,MISSING,nsubj,leftover_target,
46,one-to-many,dn_47,isk_56 isk_57 isk_58,"supplicò Ippolita, turbata, un poco pallida, scotendo l'amante che si sporgeva dal parapetto, in vicinanza del gruppo, attratto dall'atrocità della scena.",イッポリイタが男に强請んだ。 おどおどと顔まで蒼くして戀人の腕を振つた。 男は羣集に混つて胸壁に身を凭せ、可怕しい光景に魂を奪はせてゐた。,MISSING,混つて,MISSING,Giorgio,MISSING,NULL,MISSING,nsubj,leftover_target,
46,one-to-many,dn_47,isk_56 isk_57 isk_58,"supplicò Ippolita, turbata, un poco pallida, scotendo l'amante che si sporgeva dal parapetto, in vicinanza del gruppo, attratto dall'atrocità della scena.",イッポリイタが男に强請んだ。 おどおどと顔まで蒼くして戀人の腕を振つた。 男は羣集に混つて胸壁に身を凭せ、可怕しい光景に魂を奪はせてゐた。,MISSING,奪はせてゐた,MISSING,Giorgio,MISSING,NULL,MISSING,nsubj,leftover_target,
46,one-to-many,dn_47,isk_56 isk_57 isk_58,"supplicò Ippolita, turbata, un poco pallida, scotendo l'amante che si sporgeva dal parapetto, in vicinanza del gruppo, attratto dall'atrocità della scena.",イッポリイタが男に强請んだ。 おどおどと顔まで蒼くして戀人の腕を振つた。 男は羣集に混つて胸壁に身を凭せ、可怕しい光景に魂を奪はせてゐた。,Ippolita,イッポリイタ,Ippolita,Ippolita,PROPN,PROPN,nsubj,nsubj,explicit_full,
46,one-to-many,dn_47,isk_56 isk_57 isk_58,"supplicò Ippolita, turbata, un poco pallida, scotendo l'amante che si sporgeva dal parapetto, in vicinanza del gruppo, attratto dall'atrocità della scena.",イッポリイタが男に强請んだ。 おどおどと顔まで蒼くして戀人の腕を振つた。 男は羣集に混つて胸壁に身を凭せ、可怕しい光景に魂を奪はせてゐた。,MISSING,振つた,MISSING,Ippolita,MISSING,NULL,MISSING,nsubj,leftover_target,
46,one-to-many,dn_47,isk_56 isk_57 isk_58,"supplicò Ippolita, turbata, un poco pallida, scotendo l'amante che si sporgeva dal parapetto, in vicinanza del gruppo, attratto dall'atrocità della scena.",イッポリイタが男に强請んだ。 おどおどと顔まで蒼くして戀人の腕を振つた。 男は羣集に混つて胸壁に身を凭せ、可怕しい光景に魂を奪はせてゐた。,gruppo,羣集,crowd-of-men,crowd-of-men,NOUN,NOUN,nmod,obj,explicit_ref_pos,
47,one-to-one,dn_48,isk_59,"Oltrepassarono il luogo tragico, in silenzio.",二人は竊とこの物凄い場を外した。,Oltrepassarono,二人,Giorgio Ippolita,Giorgio Ippolita,NULL,NOUN,nsubj,nsubj,zero_to_tgt_anchor,
48,one-to-many,dn_49,isk_60 isk_61,"In ambedue persisteva il pensiero di quella morte, dolorosamente; e la loro tristezza era visibile.",互の胸には可傷しい死の思想があつた。 悲愁は外貌にも讀まれた。,loro,互,Giorgio Ippolita,Giorgio Ippolita,DET,NOUN,nmod,nmod,explicit_ref_case,
48,one-to-many,dn_49,isk_60 isk_61,"In ambedue persisteva il pensiero di quella morte, dolorosamente; e la loro tristezza era visibile.",互の胸には可傷しい死の思想があつた。 悲愁は外貌にも讀まれた。,ambedue,MISSING,Giorgio Ippolita,MISSING,DET,MISSING,obj,MISSING,leftover_source,
49,one-to-one,dn_50,isk_63,Egli disse:,偶とジォルジオが口走つた。,Egli,ジォルジオ,Giorgio,Giorgio,PRON,PROPN,nsubj,nsubj,explicit_ref_case,
52,one-to-one,dn_54,isk_66,Uno scoramento infinito rendeva stanche le loro parole.,疲れた調子の物言ひに、無限の落膽を想はせた。,loro,MISSING,Giorgio Ippolita,MISSING,DET,MISSING,nmod,MISSING,leftover_source,
53,one-to-many,dn_55,isk_67 isk_68,"Ella soggiunse, abbassando il capo, con un misto di amarezza e di compianto:",女は頭を傾げた。 悲痛に哀惜の混じたやうな心持で、,Ella,女,Ippolita,Ippolita,PRON,NOUN,nsubj,nsubj,explicit_ref_case,
56,one-to-many,dn_58,isk_71 isk_72,"le chiese Giorgio, assorto.",ジォルジオが訊いた。 心は外に行つてゐる。,Giorgio,ジォルジオ,Giorgio,Giorgio,PROPN,PROPN,nsubj,nsubj,explicit_full,
56,one-to-many,dn_58,isk_71 isk_72,"le chiese Giorgio, assorto.",ジォルジオが訊いた。 心は外に行つてゐる。,le,MISSING,Ippolita,MISSING,PRON,MISSING,obj,MISSING,leftover_source,
57,one-to-one,dn_59,isk_73,Il nostro.,お互ひの…。,MISSING,お互ひ,MISSING,Giorgio Ippolita,MISSING,NOUN,MISSING,nmod,leftover_target,
58,one-to-one,dn_60,isk_74,Tu lo senti dunque finire?,だんだん醒めて來たといふのか。,Tu,醒めて來た,Ippolita,Ippolita,PRON,NULL,nsubj,nsubj,zero_to_src_anchor,
58,one-to-one,dn_60,isk_74,Tu lo senti dunque finire?,だんだん醒めて來たといふのか。,MISSING,いふ,MISSING,Ippolita,MISSING,NULL,MISSING,nsubj,leftover_target,
59,one-to-one,dn_61,isk_75,Non in me.,私は那樣ことありませんけど。,me,私,Ippolita,Ippolita,PRON,PRON,obj,nsubj,explicit_ref_pos,
60,one-to-many,dn_62,isk_76 isk_77,In me forse?,俺の方が冷くなつたと言ふんだらう。 と突込んだ。,me,俺,Giorgio,Giorgio,PRON,PRON,obj,nsubj,explicit_ref_pos,
60,one-to-many,dn_62,isk_76 isk_77,In me forse?,俺の方が冷くなつたと言ふんだらう。 と突込んだ。,MISSING,突込んだ,MISSING,Giorgio,MISSING,NULL,MISSING,nsubj,leftover_target,
60,one-to-many,dn_62,isk_76 isk_77,In me forse?,俺の方が冷くなつたと言ふんだらう。 と突込んだ。,MISSING,言ふ,MISSING,Ippolita,MISSING,NULL,MISSING,nsubj,leftover_target,
61,one-to-one,dn_63,isk_78,Una irritazione mal repressa inaspriva la voce di lui.,隱し切れない、苛立たしい心持は、銳い言葉になつて出た。,lui,MISSING,Giorgio,MISSING,PRON,MISSING,nmod,MISSING,leftover_source,
62,one-to-one,dn_64,isk_79,"Egli ripetè, guardandola:",凝と女を見据ゑて復た斯う、,Egli,見据ゑて,Giorgio,Giorgio,PRON,NULL,nsubj,nsubj,zero_to_src_anchor,
62,one-to-one,dn_64,isk_79,"Egli ripetè, guardandola:",凝と女を見据ゑて復た斯う、,la,女,Ippolita,Ippolita,PRON,NOUN,obj,obj,explicit_ref_case,
63,one-to-one,dn_65,isk_80,In me?,俺の方が冷くなつたと言ふんだらう。,me,俺,Giorgio,Giorgio,PRON,PRON,obj,nsubj,explicit_ref_pos,
63,one-to-one,dn_65,isk_80,In me?,俺の方が冷くなつたと言ふんだらう。,MISSING,言ふ,MISSING,Ippolita,MISSING,NULL,MISSING,nsubj,leftover_target,
64,one-to-many,dn_66,isk_81 isk_82,Rispondi.,ええ？ 然うぢやないか。,Rispondi,MISSING,Ippolita,MISSING,NULL,MISSING,nsubj,MISSING,leftover_source,
65,one-to-many,dn_67,isk_83 isk_84,"Ella tacque, riabbassando il capo.",返辭がない。 女の頭は次第に垂れ下る。,Ella,女,Ippolita,Ippolita,PRON,NOUN,nsubj,nmod,explicit_ref_only,
66,one-to-one,dn_68,isk_85,Non rispondi?,返辭をしない？,rispondi,しない,Ippolita,Ippolita,NULL,NULL,nsubj,nsubj,zero_zero_single,
67,one-to-one,dn_69,isk_86,"Ah, tu sai bene che non diresti il vero.",眞箇の事を言はなかつた證據だ。,tu,MISSING,Ippolita,MISSING,PRON,MISSING,nsubj,MISSING,leftover_source,
67,one-to-one,dn_69,isk_86,"Ah, tu sai bene che non diresti il vero.",眞箇の事を言はなかつた證據だ。,diresti,MISSING,Ippolita,MISSING,NULL,MISSING,nsubj,MISSING,leftover_source,
68,one-to-many,dn_70,isk_87 isk_88,"Poi, dopo un intervallo in cui ambedue provarono un'ansietà inesprimibile di leggersi nell'anima, egli seguitò:",沈默が續いた。 相互ひに對者の心が讀みたいと無言の中に焦つた。,egli,MISSING,Giorgio,MISSING,PRON,MISSING,nsubj,MISSING,leftover_source,
68,one-to-many,dn_70,isk_87 isk_88,"Poi, dopo un intervallo in cui ambedue provarono un'ansietà inesprimibile di leggersi nell'anima, egli seguitò:",沈默が續いた。 相互ひに對者の心が讀みたいと無言の中に焦つた。,ambedue,相互ひ,Giorgio Ippolita,Giorgio Ippolita,PRON,NOUN,nsubj,nsubj,explicit_ref_case,
68,one-to-many,dn_70,isk_87 isk_88,"Poi, dopo un intervallo in cui ambedue provarono un'ansietà inesprimibile di leggersi nell'anima, egli seguitò:",沈默が續いた。 相互ひに對者の心が讀みたいと無言の中に焦つた。,si,MISSING,Giorgio Ippolita,MISSING,PRON-REFLEX,MISSING,obj,MISSING,leftover_source,
68,one-to-many,dn_70,isk_87 isk_88,"Poi, dopo un intervallo in cui ambedue provarono un'ansietà inesprimibile di leggersi nell'anima, egli seguitò:",沈默が續いた。 相互ひに對者の心が讀みたいと無言の中に焦つた。,MISSING,焦つた,MISSING,Giorgio Ippolita,MISSING,NULL,MISSING,nsubj,leftover_target,
70,one-to-one,dn_72,isk_90,"Tu non te ne accorgi ancóra; ma io, da che tu sei tornata, ti guardo continuamente ed ogni giorno sorprendo in te un segno nuovo....",未だお前は氣が附くまいが、歸つて來るとから、熟くお前の素振を見て居ると、一種の徵候が每日俺の眼に這入る。,io,俺,Giorgio,Giorgio,PRON,PRON,nsubj,nmod,explicit_ref_pos,
70,one-to-one,dn_72,isk_90,"Tu non te ne accorgi ancóra; ma io, da che tu sei tornata, ti guardo continuamente ed ogni giorno sorprendo in te un segno nuovo....",未だお前は氣が附くまいが、歸つて來るとから、熟くお前の素振を見て居ると、一種の徵候が每日俺の眼に這入る。,sorprendo,見て居る,Giorgio,Giorgio,NULL,NULL,nsubj,nsubj,zero_zero_semantic,0.3609852999587715
70,one-to-one,dn_72,isk_90,"Tu non te ne accorgi ancóra; ma io, da che tu sei tornata, ti guardo continuamente ed ogni giorno sorprendo in te un segno nuovo....",未だお前は氣が附くまいが、歸つて來るとから、熟くお前の素振を見て居ると、一種の徵候が每日俺の眼に這入る。,guardo,MISSING,Giorgio,MISSING,NULL,MISSING,nsubj,MISSING,leftover_source,
70,one-to-one,dn_72,isk_90,"Tu non te ne accorgi ancóra; ma io, da che tu sei tornata, ti guardo continuamente ed ogni giorno sorprendo in te un segno nuovo....",未だお前は氣が附くまいが、歸つて來るとから、熟くお前の素振を見て居ると、一種の徵候が每日俺の眼に這入る。,Tu,お前,Ippolita,Ippolita,PRON,PRON,nsubj,nsubj,explicit_full,
70,one-to-one,dn_72,isk_90,"Tu non te ne accorgi ancóra; ma io, da che tu sei tornata, ti guardo continuamente ed ogni giorno sorprendo in te un segno nuovo....",未だお前は氣が附くまいが、歸つて來るとから、熟くお前の素振を見て居ると、一種の徵候が每日俺の眼に這入る。,te,お前,Ippolita,Ippolita,PRON,PRON,obj,nmod,explicit_ref_pos,
70,one-to-one,dn_72,isk_90,"Tu non te ne accorgi ancóra; ma io, da che tu sei tornata, ti guardo continuamente ed ogni giorno sorprendo in te un segno nuovo....",未だお前は氣が附くまいが、歸つて來るとから、熟くお前の素振を見て居ると、一種の徵候が每日俺の眼に這入る。,tu,歸つて來るとから,Ippolita,Ippolita,PRON,NULL,nsubj,nsubj,zero_to_src_anchor,
70,one-to-one,dn_72,isk_90,"Tu non te ne accorgi ancóra; ma io, da che tu sei tornata, ti guardo continuamente ed ogni giorno sorprendo in te un segno nuovo....",未だお前は氣が附くまいが、歸つて來るとから、熟くお前の素振を見て居ると、一種の徵候が每日俺の眼に這入る。,ti,MISSING,Ippolita,MISSING,PRON,MISSING,obj,MISSING,leftover_source,
70,one-to-one,dn_72,isk_90,"Tu non te ne accorgi ancóra; ma io, da che tu sei tornata, ti guardo continuamente ed ogni giorno sorprendo in te un segno nuovo....",未だお前は氣が附くまいが、歸つて來るとから、熟くお前の素振を見て居ると、一種の徵候が每日俺の眼に這入る。,te,MISSING,Ippolita,MISSING,PRON,MISSING,obj,MISSING,leftover_source,
72,one-to-one,dn_74,isk_92,"Un cattivo segno, Ippolita....",不良な徵候だ。,Ippolita,MISSING,Ippolita,MISSING,PROPN,MISSING,vocative,MISSING,leftover_source,
74,one-to-many,dn_76,isk_94 isk_95 isk_96,"La donna scosse il capo, con un atto quasi violento; e si oscurò.",思ひ出しても竦とする。 憤怒の表情に變つて首を振つた。 顏が曇つた。,MISSING,思ひ出して,MISSING,Giorgio,MISSING,NULL,MISSING,nsubj,leftover_target,
74,one-to-many,dn_76,isk_94 isk_95 isk_96,"La donna scosse il capo, con un atto quasi violento; e si oscurò.",思ひ出しても竦とする。 憤怒の表情に變つて首を振つた。 顏が曇つた。,MISSING,竦とする,MISSING,Giorgio,MISSING,NULL,MISSING,nsubj,leftover_target,
74,one-to-many,dn_76,isk_94 isk_95 isk_96,"La donna scosse il capo, con un atto quasi violento; e si oscurò.",思ひ出しても竦とする。 憤怒の表情に變つて首を振つた。 顏が曇つた。,oscurò,振つた,Ippolita,Ippolita,NULL,NULL,nsubj,nsubj,zero_zero_semantic,0.30416244188180336
74,one-to-many,dn_76,isk_94 isk_95 isk_96,"La donna scosse il capo, con un atto quasi violento; e si oscurò.",思ひ出しても竦とする。 憤怒の表情に變つて首を振つた。 顏が曇つた。,La donna,變つて,Ippolita,Ippolita,NOUN,NULL,nsubj,nsubj,zero_to_src_anchor,
74,one-to-many,dn_76,isk_94 isk_95 isk_96,"La donna scosse il capo, con un atto quasi violento; e si oscurò.",思ひ出しても竦とする。 憤怒の表情に變つて首を振つた。 顏が曇つた。,si,MISSING,Ippolita,MISSING,PRON-REFLEX,MISSING,obj,MISSING,leftover_source,
75,one-to-many,dn_77,isk_97 isk_98,"Ancóra una volta, come tante altre volte, i due amanti divennero l'uno contro l'altra ostili.",又しても二人の懸人の間に讎敵の念が萌した。 ―それは是迄とても度度あつた例だ。,l'uno,MISSING,Giorgio,MISSING,PRON,MISSING,obj,MISSING,leftover_source,
75,one-to-many,dn_77,isk_97 isk_98,"Ancóra una volta, come tante altre volte, i due amanti divennero l'uno contro l'altra ostili.",又しても二人の懸人の間に讎敵の念が萌した。 ―それは是迄とても度度あつた例だ。,i due amanti,二人の懸人,Giorgio Ippolita,Giorgio Ippolita,NOUN,NOUN,nsubj,nmod,explicit_ref_pos,
75,one-to-many,dn_77,isk_97 isk_98,"Ancóra una volta, come tante altre volte, i due amanti divennero l'uno contro l'altra ostili.",又しても二人の懸人の間に讎敵の念が萌した。 ―それは是迄とても度度あつた例だ。,l'altra,MISSING,Ippolita,MISSING,PRON,MISSING,obj,MISSING,leftover_source,
76,one-to-many,dn_78,isk_99 isk_100 isk_101 isk_102 isk_103,"Ciascuno dei due si sentiva ferire dall'ingiustizia del sospetto e si ribellava, interiormente, con una collera sorda; ch'erompeva talora in parole crude e irreparabili, in accuse gravi, in recriminazioni enormi.",見當違ひの邪擴、それで心が傷つけられることを互ひに感じた。 人知れぬ反逆的な憤怒は、互の胸にあつた。 時時それが破裂すると、殘忍な、挽回しの附かない言葉となつて出る。 執念深い大當りにもなる。 罪の擦り合ひにもなる。,Ciascuno dei due,互ひ,Giorgio Ippolita,Giorgio Ippolita,PRON,NOUN,nsubj,nsubj,explicit_ref_case,
76,one-to-many,dn_78,isk_99 isk_100 isk_101 isk_102 isk_103,"Ciascuno dei due si sentiva ferire dall'ingiustizia del sospetto e si ribellava, interiormente, con una collera sorda; ch'erompeva talora in parole crude e irreparabili, in accuse gravi, in recriminazioni enormi.",見當違ひの邪擴、それで心が傷つけられることを互ひに感じた。 人知れぬ反逆的な憤怒は、互の胸にあつた。 時時それが破裂すると、殘忍な、挽回しの附かない言葉となつて出る。 執念深い大當りにもなる。 罪の擦り合ひにもなる。,ribellava,感じた,Giorgio Ippolita,Giorgio Ippolita,NULL,NULL,nsubj,nsubj,zero_zero_single,
76,one-to-many,dn_78,isk_99 isk_100 isk_101 isk_102 isk_103,"Ciascuno dei due si sentiva ferire dall'ingiustizia del sospetto e si ribellava, interiormente, con una collera sorda; ch'erompeva talora in parole crude e irreparabili, in accuse gravi, in recriminazioni enormi.",見當違ひの邪擴、それで心が傷つけられることを互ひに感じた。 人知れぬ反逆的な憤怒は、互の胸にあつた。 時時それが破裂すると、殘忍な、挽回しの附かない言葉となつて出る。 執念深い大當りにもなる。 罪の擦り合ひにもなる。,si,MISSING,Giorgio Ippolita,MISSING,PRON-REFLEX,MISSING,obj,MISSING,leftover_source,
76,one-to-many,dn_78,isk_99 isk_100 isk_101 isk_102 isk_103,"Ciascuno dei due si sentiva ferire dall'ingiustizia del sospetto e si ribellava, interiormente, con una collera sorda; ch'erompeva talora in parole crude e irreparabili, in accuse gravi, in recriminazioni enormi.",見當違ひの邪擴、それで心が傷つけられることを互ひに感じた。 人知れぬ反逆的な憤怒は、互の胸にあつた。 時時それが破裂すると、殘忍な、挽回しの附かない言葉となつて出る。 執念深い大當りにもなる。 罪の擦り合ひにもなる。,si,MISSING,Giorgio Ippolita,MISSING,PRON-REFLEX,MISSING,obj,MISSING,leftover_source,
76,one-to-many,dn_78,isk_99 isk_100 isk_101 isk_102 isk_103,"Ciascuno dei due si sentiva ferire dall'ingiustizia del sospetto e si ribellava, interiormente, con una collera sorda; ch'erompeva talora in parole crude e irreparabili, in accuse gravi, in recriminazioni enormi.",見當違ひの邪擴、それで心が傷つけられることを互ひに感じた。 人知れぬ反逆的な憤怒は、互の胸にあつた。 時時それが破裂すると、殘忍な、挽回しの附かない言葉となつて出る。 執念深い大當りにもなる。 罪の擦り合ひにもなる。,MISSING,互,MISSING,Giorgio Ippolita,MISSING,NOUN,MISSING,nmod,leftover_target,
77,one-to-many,dn_79,isk_104 isk_105,"Una invincibile smania li assaliva, di torturarsi a vicenda, di pungersi, di martoriarsi il cuore.",譬へがたい激情に擒はれた二人は、各各自身を苛むのみであつた。 心を引裂いて贄にする外はなかつた。,li,各各自身,Giorgio Ippolita,Giorgio Ippolita,PRON,PRON,obj,obj,explicit_full,
77,one-to-many,dn_79,isk_104 isk_105,"Una invincibile smania li assaliva, di torturarsi a vicenda, di pungersi, di martoriarsi il cuore.",譬へがたい激情に擒はれた二人は、各各自身を苛むのみであつた。 心を引裂いて贄にする外はなかつた。,si,MISSING,Giorgio Ippolita,MISSING,PRON-REFLEX,MISSING,obj,MISSING,leftover_source,
77,one-to-many,dn_79,isk_104 isk_105,"Una invincibile smania li assaliva, di torturarsi a vicenda, di pungersi, di martoriarsi il cuore.",譬へがたい激情に擒はれた二人は、各各自身を苛むのみであつた。 心を引裂いて贄にする外はなかつた。,si,MISSING,Giorgio Ippolita,MISSING,PRON-REFLEX,MISSING,obj,MISSING,leftover_source,
77,one-to-many,dn_79,isk_104 isk_105,"Una invincibile smania li assaliva, di torturarsi a vicenda, di pungersi, di martoriarsi il cuore.",譬へがたい激情に擒はれた二人は、各各自身を苛むのみであつた。 心を引裂いて贄にする外はなかつた。,si,MISSING,Giorgio Ippolita,MISSING,PRON-REFLEX,MISSING,obj,MISSING,leftover_source,
77,one-to-many,dn_79,isk_104 isk_105,"Una invincibile smania li assaliva, di torturarsi a vicenda, di pungersi, di martoriarsi il cuore.",譬へがたい激情に擒はれた二人は、各各自身を苛むのみであつた。 心を引裂いて贄にする外はなかつた。,MISSING,譬へがたい激情に擒はれた二人,MISSING,Giorgio Ippolita,MISSING,NOUN,MISSING,nsubj,leftover_target,
77,one-to-many,dn_79,isk_104 isk_105,"Una invincibile smania li assaliva, di torturarsi a vicenda, di pungersi, di martoriarsi il cuore.",譬へがたい激情に擒はれた二人は、各各自身を苛むのみであつた。 心を引裂いて贄にする外はなかつた。,MISSING,引裂いて,MISSING,Giorgio Ippolita,MISSING,NULL,MISSING,nsubj,leftover_target,
78,one-to-many,dn_80,isk_106 isk_107 isk_108 isk_109,"Ippolita si oscurò e si chiuse, corrugando i sopraccigli, serrando la bocca, mentre Giorgio la guardava con un sorriso irritante.",イッポリイタは悄げて沈默した。 額に小皺の紋が寄つた。 脣は緊く結び合つた。 ジォルジオはそれと見て熬れるやうに微笑んだ。,Giorgio,ジォルジオ,Giorgio,Giorgio,PROPN,PROPN,nsubj,nsubj,explicit_full,
78,one-to-many,dn_80,isk_106 isk_107 isk_108 isk_109,"Ippolita si oscurò e si chiuse, corrugando i sopraccigli, serrando la bocca, mentre Giorgio la guardava con un sorriso irritante.",イッポリイタは悄げて沈默した。 額に小皺の紋が寄つた。 脣は緊く結び合つた。 ジォルジオはそれと見て熬れるやうに微笑んだ。,MISSING,見て,MISSING,Giorgio,MISSING,NULL,MISSING,nsubj,leftover_target,
78,one-to-many,dn_80,isk_106 isk_107 isk_108 isk_109,"Ippolita si oscurò e si chiuse, corrugando i sopraccigli, serrando la bocca, mentre Giorgio la guardava con un sorriso irritante.",イッポリイタは悄げて沈默した。 額に小皺の紋が寄つた。 脣は緊く結び合つた。 ジォルジオはそれと見て熬れるやうに微笑んだ。,MISSING,微笑んだ,MISSING,Giorgio,MISSING,NULL,MISSING,nsubj,leftover_target,
78,one-to-many,dn_80,isk_106 isk_107 isk_108 isk_109,"Ippolita si oscurò e si chiuse, corrugando i sopraccigli, serrando la bocca, mentre Giorgio la guardava con un sorriso irritante.",イッポリイタは悄げて沈默した。 額に小皺の紋が寄つた。 脣は緊く結び合つた。 ジォルジオはそれと見て熬れるやうに微笑んだ。,Ippolita,イッポリイタ,Ippolita,Ippolita,PROPN,PROPN,nsubj,nsubj,explicit_full,
78,one-to-many,dn_80,isk_106 isk_107 isk_108 isk_109,"Ippolita si oscurò e si chiuse, corrugando i sopraccigli, serrando la bocca, mentre Giorgio la guardava con un sorriso irritante.",イッポリイタは悄げて沈默した。 額に小皺の紋が寄つた。 脣は緊く結び合つた。 ジォルジオはそれと見て熬れるやうに微笑んだ。,la,それ,Ippolita,Ippolita,PRON,PRON,obj,obj,explicit_full,
78,one-to-many,dn_80,isk_106 isk_107 isk_108 isk_109,"Ippolita si oscurò e si chiuse, corrugando i sopraccigli, serrando la bocca, mentre Giorgio la guardava con un sorriso irritante.",イッポリイタは悄げて沈默した。 額に小皺の紋が寄つた。 脣は緊く結び合つた。 ジォルジオはそれと見て熬れるやうに微笑んだ。,chiuse,悄げて,Ippolita,Ippolita,NULL,NULL,nsubj,nsubj,zero_zero_single,
78,one-to-many,dn_80,isk_106 isk_107 isk_108 isk_109,"Ippolita si oscurò e si chiuse, corrugando i sopraccigli, serrando la bocca, mentre Giorgio la guardava con un sorriso irritante.",イッポリイタは悄げて沈默した。 額に小皺の紋が寄つた。 脣は緊く結び合つた。 ジォルジオはそれと見て熬れるやうに微笑んだ。,si,MISSING,Ippolita,MISSING,PRON-REFLEX,MISSING,obj,MISSING,leftover_source,
78,one-to-many,dn_80,isk_106 isk_107 isk_108 isk_109,"Ippolita si oscurò e si chiuse, corrugando i sopraccigli, serrando la bocca, mentre Giorgio la guardava con un sorriso irritante.",イッポリイタは悄げて沈默した。 額に小皺の紋が寄つた。 脣は緊く結び合つた。 ジォルジオはそれと見て熬れるやうに微笑んだ。,si,MISSING,Ippolita,MISSING,PRON-REFLEX,MISSING,obj,MISSING,leftover_source,
80,one-to-one,dn_82,isk_111,"egli riprese persistendo in quel sorriso acerbo, in quello sguardo acuto.",眼は女から放さずに不氣を微笑を洩らしつつ、,egli,放さず,Giorgio,Giorgio,PRON,NULL,nsubj,nsubj,zero_to_src_anchor,
80,one-to-one,dn_82,isk_111,"egli riprese persistendo in quel sorriso acerbo, in quello sguardo acuto.",眼は女から放さずに不氣を微笑を洩らしつつ、,MISSING,洩らしつつ,MISSING,Giorgio,MISSING,NULL,MISSING,nsubj,leftover_target,
80,one-to-one,dn_82,isk_111,"egli riprese persistendo in quel sorriso acerbo, in quello sguardo acuto.",眼は女から放さずに不氣を微笑を洩らしつつ、,MISSING,女,MISSING,Ippolita,MISSING,NOUN,MISSING,obj,leftover_target,
81,one-to-one,dn_83 dn_84,isk_112 isk_113 isk_114,"Tu provi in fondo all'anima una inquietudine, una specie d'impazienza vaga, che tu non sai soffocare. Standomi vicina, tu senti che qualche cosa in fondo all'anima ti si leva contro di me, quasi una ripugnanza istintiva, che tu non sai soffocare.",胸の底に不安が蟠つてゐるのだらう。 何となくじれつたいやうな壓へても壓へ切れない、一緒になれば俺を可厭がる氣が自然に涌くのだ。 それもお前には奈何することも出來ない。,mi,俺,Giorgio,Giorgio,PRON,PRON,obj,obj,explicit_full,
81,one-to-one,dn_83 dn_84,isk_112 isk_113 isk_114,"Tu provi in fondo all'anima una inquietudine, una specie d'impazienza vaga, che tu non sai soffocare. Standomi vicina, tu senti che qualche cosa in fondo all'anima ti si leva contro di me, quasi una ripugnanza istintiva, che tu non sai soffocare.",胸の底に不安が蟠つてゐるのだらう。 何となくじれつたいやうな壓へても壓へ切れない、一緒になれば俺を可厭がる氣が自然に涌くのだ。 それもお前には奈何することも出來ない。,me,MISSING,Giorgio,MISSING,PRON,MISSING,obj,MISSING,leftover_source,
81,one-to-one,dn_83 dn_84,isk_112 isk_113 isk_114,"Tu provi in fondo all'anima una inquietudine, una specie d'impazienza vaga, che tu non sai soffocare. Standomi vicina, tu senti che qualche cosa in fondo all'anima ti si leva contro di me, quasi una ripugnanza istintiva, che tu non sai soffocare.",胸の底に不安が蟠つてゐるのだらう。 何となくじれつたいやうな壓へても壓へ切れない、一緒になれば俺を可厭がる氣が自然に涌くのだ。 それもお前には奈何することも出來ない。,Tu,お前,Ippolita,Ippolita,PRON,PRON,nsubj,nsubj,explicit_full,
81,one-to-one,dn_83 dn_84,isk_112 isk_113 isk_114,"Tu provi in fondo all'anima una inquietudine, una specie d'impazienza vaga, che tu non sai soffocare. Standomi vicina, tu senti che qualche cosa in fondo all'anima ti si leva contro di me, quasi una ripugnanza istintiva, che tu non sai soffocare.",胸の底に不安が蟠つてゐるのだらう。 何となくじれつたいやうな壓へても壓へ切れない、一緒になれば俺を可厭がる氣が自然に涌くのだ。 それもお前には奈何することも出來ない。,tu,壓へ切れない,Ippolita,Ippolita,PRON,NULL,nsubj,nsubj,zero_to_src_anchor,
81,one-to-one,dn_83 dn_84,isk_112 isk_113 isk_114,"Tu provi in fondo all'anima una inquietudine, una specie d'impazienza vaga, che tu non sai soffocare. Standomi vicina, tu senti che qualche cosa in fondo all'anima ti si leva contro di me, quasi una ripugnanza istintiva, che tu non sai soffocare.",胸の底に不安が蟠つてゐるのだらう。 何となくじれつたいやうな壓へても壓へ切れない、一緒になれば俺を可厭がる氣が自然に涌くのだ。 それもお前には奈何することも出來ない。,tu,なれば,Ippolita,Ippolita,PRON,NULL,nsubj,nsubj,zero_to_src_anchor,
81,one-to-one,dn_83 dn_84,isk_112 isk_113 isk_114,"Tu provi in fondo all'anima una inquietudine, una specie d'impazienza vaga, che tu non sai soffocare. Standomi vicina, tu senti che qualche cosa in fondo all'anima ti si leva contro di me, quasi una ripugnanza istintiva, che tu non sai soffocare.",胸の底に不安が蟠つてゐるのだらう。 何となくじれつたいやうな壓へても壓へ切れない、一緒になれば俺を可厭がる氣が自然に涌くのだ。 それもお前には奈何することも出來ない。,tu,出來ない,Ippolita,Ippolita,PRON,NULL,nsubj,nsubj,zero_to_src_anchor,
81,one-to-one,dn_83 dn_84,isk_112 isk_113 isk_114,"Tu provi in fondo all'anima una inquietudine, una specie d'impazienza vaga, che tu non sai soffocare. Standomi vicina, tu senti che qualche cosa in fondo all'anima ti si leva contro di me, quasi una ripugnanza istintiva, che tu non sai soffocare.",胸の底に不安が蟠つてゐるのだらう。 何となくじれつたいやうな壓へても壓へ切れない、一緒になれば俺を可厭がる氣が自然に涌くのだ。 それもお前には奈何することも出來ない。,ti,MISSING,Ippolita,MISSING,PRON,MISSING,obj,MISSING,leftover_source,
82,one-to-many,dn_85,isk_115 isk_116 isk_117 isk_118,"E divieni taciturna; e devi fare uno sforzo immane per dirmi una parola; e intendi male quel ch'io ti dico; e involontariamente, anche in una risposta insignificante, la tua voce è dura.",そこで沈默と來る。 ―露骨に言つちまふには非常な努力が要るからだ。 俺の言ふことは一一取り違へる。 奈何でもいいやうな事でも、無意識にだらうが、必とお前は拗れて來る。,mi,俺,Giorgio,Giorgio,PRON,PRON,obj,nmod,explicit_ref_pos,
82,one-to-many,dn_85,isk_115 isk_116 isk_117 isk_118,"E divieni taciturna; e devi fare uno sforzo immane per dirmi una parola; e intendi male quel ch'io ti dico; e involontariamente, anche in una risposta insignificante, la tua voce è dura.",そこで沈默と來る。 ―露骨に言つちまふには非常な努力が要るからだ。 俺の言ふことは一一取り違へる。 奈何でもいいやうな事でも、無意識にだらうが、必とお前は拗れて來る。,io,MISSING,Giorgio,MISSING,PRON,MISSING,nsubj,MISSING,leftover_source,
82,one-to-many,dn_85,isk_115 isk_116 isk_117 isk_118,"E divieni taciturna; e devi fare uno sforzo immane per dirmi una parola; e intendi male quel ch'io ti dico; e involontariamente, anche in una risposta insignificante, la tua voce è dura.",そこで沈默と來る。 ―露骨に言つちまふには非常な努力が要るからだ。 俺の言ふことは一一取り違へる。 奈何でもいいやうな事でも、無意識にだらうが、必とお前は拗れて來る。,ti,お前,Ippolita,Ippolita,PRON,PRON,obj,nsubj,explicit_ref_pos,
82,one-to-many,dn_85,isk_115 isk_116 isk_117 isk_118,"E divieni taciturna; e devi fare uno sforzo immane per dirmi una parola; e intendi male quel ch'io ti dico; e involontariamente, anche in una risposta insignificante, la tua voce è dura.",そこで沈默と來る。 ―露骨に言つちまふには非常な努力が要るからだ。 俺の言ふことは一一取り違へる。 奈何でもいいやうな事でも、無意識にだらうが、必とお前は拗れて來る。,divieni taciturna,言つちまふ,Ippolita,Ippolita,NULL,NULL,nsubj,nsubj,zero_zero_semantic,0.32890468409625434
82,one-to-many,dn_85,isk_115 isk_116 isk_117 isk_118,"E divieni taciturna; e devi fare uno sforzo immane per dirmi una parola; e intendi male quel ch'io ti dico; e involontariamente, anche in una risposta insignificante, la tua voce è dura.",そこで沈默と來る。 ―露骨に言つちまふには非常な努力が要るからだ。 俺の言ふことは一一取り違へる。 奈何でもいいやうな事でも、無意識にだらうが、必とお前は拗れて來る。,devi fare,取り違へる,Ippolita,Ippolita,NULL,NULL,nsubj,nsubj,zero_zero_semantic,0.3293343575410945
82,one-to-many,dn_85,isk_115 isk_116 isk_117 isk_118,"E divieni taciturna; e devi fare uno sforzo immane per dirmi una parola; e intendi male quel ch'io ti dico; e involontariamente, anche in una risposta insignificante, la tua voce è dura.",そこで沈默と來る。 ―露骨に言つちまふには非常な努力が要るからだ。 俺の言ふことは一一取り違へる。 奈何でもいいやうな事でも、無意識にだらうが、必とお前は拗れて來る。,intendi male,MISSING,Ippolita,MISSING,NULL,MISSING,nsubj,MISSING,leftover_source,
82,one-to-many,dn_85,isk_115 isk_116 isk_117 isk_118,"E divieni taciturna; e devi fare uno sforzo immane per dirmi una parola; e intendi male quel ch'io ti dico; e involontariamente, anche in una risposta insignificante, la tua voce è dura.",そこで沈默と來る。 ―露骨に言つちまふには非常な努力が要るからだ。 俺の言ふことは一一取り違へる。 奈何でもいいやうな事でも、無意識にだらうが、必とお前は拗れて來る。,tua,MISSING,Ippolita,MISSING,DET,MISSING,nmod,MISSING,leftover_source,
83,one-to-one,dn_86,isk_119,Ella non l'interruppe neppur con un gesto.,女は遮らうとするやうな身振すら見せなかつた。,l,MISSING,Giorgio,MISSING,PRON,MISSING,obj,MISSING,leftover_source,
83,one-to-one,dn_86,isk_119,Ella non l'interruppe neppur con un gesto.,女は遮らうとするやうな身振すら見せなかつた。,Ella,女,Ippolita,Ippolita,PRON,NOUN,nsubj,nsubj,explicit_ref_case,
83,one-to-one,dn_86,isk_119,Ella non l'interruppe neppur con un gesto.,女は遮らうとするやうな身振すら見せなかつた。,MISSING,見せなかつた,MISSING,Ippolita,MISSING,NULL,MISSING,nsubj,leftover_target,
84,one-to-many,dn_87,isk_120 isk_121 isk_122,"Ferito da quel silenzio egli seguitò; e lo spingeva non soltanto la smania acre di tormentare la sua compagna, ma anche un certo gusto disinteressato delle investigazioni reso più acuto e più letterario dalla cultura.",それを冷澹と釋つて飽くまで窘る氣でますます言ひ募る。 彼の氣質に然うした發作がある爲ばかりでない。 冷靜な批評的の眼、それが修練の結果で、一層銳利に、一層藝術的に出來てゐたのであつた。,egli,彼,Giorgio,Giorgio,PRON,PRON,nsubj,nmod,explicit_ref_pos,
84,one-to-many,dn_87,isk_120 isk_121 isk_122,"Ferito da quel silenzio egli seguitò; e lo spingeva non soltanto la smania acre di tormentare la sua compagna, ma anche un certo gusto disinteressato delle investigazioni reso più acuto e più letterario dalla cultura.",それを冷澹と釋つて飽くまで窘る氣でますます言ひ募る。 彼の氣質に然うした發作がある爲ばかりでない。 冷靜な批評的の眼、それが修練の結果で、一層銳利に、一層藝術的に出來てゐたのであつた。,lo,MISSING,Giorgio,MISSING,PRON,MISSING,obj,MISSING,leftover_source,
84,one-to-many,dn_87,isk_120 isk_121 isk_122,"Ferito da quel silenzio egli seguitò; e lo spingeva non soltanto la smania acre di tormentare la sua compagna, ma anche un certo gusto disinteressato delle investigazioni reso più acuto e più letterario dalla cultura.",それを冷澹と釋つて飽くまで窘る氣でますます言ひ募る。 彼の氣質に然うした發作がある爲ばかりでない。 冷靜な批評的の眼、それが修練の結果で、一層銳利に、一層藝術的に出來てゐたのであつた。,MISSING,釋つて,MISSING,Giorgio,MISSING,NULL,MISSING,nsubj,leftover_target,
84,one-to-many,dn_87,isk_120 isk_121 isk_122,"Ferito da quel silenzio egli seguitò; e lo spingeva non soltanto la smania acre di tormentare la sua compagna, ma anche un certo gusto disinteressato delle investigazioni reso più acuto e più letterario dalla cultura.",それを冷澹と釋つて飽くまで窘る氣でますます言ひ募る。 彼の氣質に然うした發作がある爲ばかりでない。 冷靜な批評的の眼、それが修練の結果で、一層銳利に、一層藝術的に出來てゐたのであつた。,MISSING,言ひ募る,MISSING,Giorgio,MISSING,NULL,MISSING,nsubj,leftover_target,
84,one-to-many,dn_87,isk_120 isk_121 isk_122,"Ferito da quel silenzio egli seguitò; e lo spingeva non soltanto la smania acre di tormentare la sua compagna, ma anche un certo gusto disinteressato delle investigazioni reso più acuto e più letterario dalla cultura.",それを冷澹と釋つて飽くまで窘る氣でますます言ひ募る。 彼の氣質に然うした發作がある爲ばかりでない。 冷靜な批評的の眼、それが修練の結果で、一層銳利に、一層藝術的に出來てゐたのであつた。,sua,MISSING,Ippolita,MISSING,DET,MISSING,nmod,MISSING,leftover_source,
85,one-to-many,dn_88,isk_123 isk_124 isk_125 isk_126,"Egli, infatti, cercava di mettere nelle sue parole la sicurezza e l'esattezza dimostrativa apprese nelle pagine degli analisti; ma come nei soliloquii la sua considerazione mentale formulata esagerava ed alterava lo stato interno a cui si riferiva, così nei colloquii spesso la preoccupazione della perspicacia oscurava la sincerità del suo sentimento e lo traeva in errore su i moti intimi altrui ch'egli voleva scoprire.",解剖をするといふ習慣から來た精密と正く確、それで自己を描く癖が姑終彼にあつた。 が、獨りで喋る時には、自分の心を標準にするから、觀察に照らした心の狀態は誇張された。 そして對話の場合には、聰明から來る先入見で、情緒の誠實は失はれた。 隨つて、他人の心に發見する筈の隱微な動機を見損ふことがあつた。,lo,彼,Giorgio,Giorgio,PRON,PRON,obj,obj,explicit_full,
85,one-to-many,dn_88,isk_123 isk_124 isk_125 isk_126,"Egli, infatti, cercava di mettere nelle sue parole la sicurezza e l'esattezza dimostrativa apprese nelle pagine degli analisti; ma come nei soliloquii la sua considerazione mentale formulata esagerava ed alterava lo stato interno a cui si riferiva, così nei colloquii spesso la preoccupazione della perspicacia oscurava la sincerità del suo sentimento e lo traeva in errore su i moti intimi altrui ch'egli voleva scoprire.",解剖をするといふ習慣から來た精密と正く確、それで自己を描く癖が姑終彼にあつた。 が、獨りで喋る時には、自分の心を標準にするから、觀察に照らした心の狀態は誇張された。 そして對話の場合には、聰明から來る先入見で、情緒の誠實は失はれた。 隨つて、他人の心に發見する筈の隱微な動機を見損ふことがあつた。,sue,自分,Giorgio,Giorgio,DET,PRON,nmod,nmod,explicit_ref_case,
85,one-to-many,dn_88,isk_123 isk_124 isk_125 isk_126,"Egli, infatti, cercava di mettere nelle sue parole la sicurezza e l'esattezza dimostrativa apprese nelle pagine degli analisti; ma come nei soliloquii la sua considerazione mentale formulata esagerava ed alterava lo stato interno a cui si riferiva, così nei colloquii spesso la preoccupazione della perspicacia oscurava la sincerità del suo sentimento e lo traeva in errore su i moti intimi altrui ch'egli voleva scoprire.",解剖をするといふ習慣から來た精密と正く確、それで自己を描く癖が姑終彼にあつた。 が、獨りで喋る時には、自分の心を標準にするから、觀察に照らした心の狀態は誇張された。 そして對話の場合には、聰明から來る先入見で、情緒の誠實は失はれた。 隨つて、他人の心に發見する筈の隱微な動機を見損ふことがあつた。,Egli,喋る,Giorgio,Giorgio,PRON,NULL,nsubj,nsubj,zero_to_src_anchor,
85,one-to-many,dn_88,isk_123 isk_124 isk_125 isk_126,"Egli, infatti, cercava di mettere nelle sue parole la sicurezza e l'esattezza dimostrativa apprese nelle pagine degli analisti; ma come nei soliloquii la sua considerazione mentale formulata esagerava ed alterava lo stato interno a cui si riferiva, così nei colloquii spesso la preoccupazione della perspicacia oscurava la sincerità del suo sentimento e lo traeva in errore su i moti intimi altrui ch'egli voleva scoprire.",解剖をするといふ習慣から來た精密と正く確、それで自己を描く癖が姑終彼にあつた。 が、獨りで喋る時には、自分の心を標準にするから、觀察に照らした心の狀態は誇張された。 そして對話の場合には、聰明から來る先入見で、情緒の誠實は失はれた。 隨つて、他人の心に發見する筈の隱微な動機を見損ふことがあつた。,egli,標準にする,Giorgio,Giorgio,PRON,NULL,nsubj,nsubj,zero_to_src_anchor,
85,one-to-many,dn_88,isk_123 isk_124 isk_125 isk_126,"Egli, infatti, cercava di mettere nelle sue parole la sicurezza e l'esattezza dimostrativa apprese nelle pagine degli analisti; ma come nei soliloquii la sua considerazione mentale formulata esagerava ed alterava lo stato interno a cui si riferiva, così nei colloquii spesso la preoccupazione della perspicacia oscurava la sincerità del suo sentimento e lo traeva in errore su i moti intimi altrui ch'egli voleva scoprire.",解剖をするといふ習慣から來た精密と正く確、それで自己を描く癖が姑終彼にあつた。 が、獨りで喋る時には、自分の心を標準にするから、觀察に照らした心の狀態は誇張された。 そして對話の場合には、聰明から來る先入見で、情緒の誠實は失はれた。 隨つて、他人の心に發見する筈の隱微な動機を見損ふことがあつた。,sua,MISSING,Giorgio,MISSING,DET,MISSING,nmod,MISSING,leftover_source,
85,one-to-many,dn_88,isk_123 isk_124 isk_125 isk_126,"Egli, infatti, cercava di mettere nelle sue parole la sicurezza e l'esattezza dimostrativa apprese nelle pagine degli analisti; ma come nei soliloquii la sua considerazione mentale formulata esagerava ed alterava lo stato interno a cui si riferiva, così nei colloquii spesso la preoccupazione della perspicacia oscurava la sincerità del suo sentimento e lo traeva in errore su i moti intimi altrui ch'egli voleva scoprire.",解剖をするといふ習慣から來た精密と正く確、それで自己を描く癖が姑終彼にあつた。 が、獨りで喋る時には、自分の心を標準にするから、觀察に照らした心の狀態は誇張された。 そして對話の場合には、聰明から來る先入見で、情緒の誠實は失はれた。 隨つて、他人の心に發見する筈の隱微な動機を見損ふことがあつた。,suo,MISSING,Giorgio,MISSING,DET,MISSING,nmod,MISSING,leftover_source,
85,one-to-many,dn_88,isk_123 isk_124 isk_125 isk_126,"Egli, infatti, cercava di mettere nelle sue parole la sicurezza e l'esattezza dimostrativa apprese nelle pagine degli analisti; ma come nei soliloquii la sua considerazione mentale formulata esagerava ed alterava lo stato interno a cui si riferiva, così nei colloquii spesso la preoccupazione della perspicacia oscurava la sincerità del suo sentimento e lo traeva in errore su i moti intimi altrui ch'egli voleva scoprire.",解剖をするといふ習慣から來た精密と正く確、それで自己を描く癖が姑終彼にあつた。 が、獨りで喋る時には、自分の心を標準にするから、觀察に照らした心の狀態は誇張された。 そして對話の場合には、聰明から來る先入見で、情緒の誠實は失はれた。 隨つて、他人の心に發見する筈の隱微な動機を見損ふことがあつた。,MISSING,隨つて,MISSING,Giorgio,MISSING,NULL,MISSING,nsubj,leftover_target,
85,one-to-many,dn_88,isk_123 isk_124 isk_125 isk_126,"Egli, infatti, cercava di mettere nelle sue parole la sicurezza e l'esattezza dimostrativa apprese nelle pagine degli analisti; ma come nei soliloquii la sua considerazione mentale formulata esagerava ed alterava lo stato interno a cui si riferiva, così nei colloquii spesso la preoccupazione della perspicacia oscurava la sincerità del suo sentimento e lo traeva in errore su i moti intimi altrui ch'egli voleva scoprire.",解剖をするといふ習慣から來た精密と正く確、それで自己を描く癖が姑終彼にあつた。 が、獨りで喋る時には、自分の心を標準にするから、觀察に照らした心の狀態は誇張された。 そして對話の場合には、聰明から來る先入見で、情緒の誠實は失はれた。 隨つて、他人の心に發見する筈の隱微な動機を見損ふことがあつた。,MISSING,見損ふ,MISSING,Giorgio,MISSING,NULL,MISSING,nsubj,leftover_target,
86,one-to-one,dn_89,isk_127,"il suo cervello, ingombrato da un ammasso di osservazioni psicologiche personali e apprese da altri analisti, spesso confondeva e scomponeva tutto, fuori e dentro.",研究や書物から得た心理觀察の結果がごたごたと頭腦の中に一ぱい這入つて居た。,suo,MISSING,Giorgio,MISSING,DET,MISSING,nmod,MISSING,leftover_source,
86,one-to-one,dn_89,isk_127,"il suo cervello, ingombrato da un ammasso di osservazioni psicologiche personali e apprese da altri analisti, spesso confondeva e scomponeva tutto, fuori e dentro.",研究や書物から得た心理觀察の結果がごたごたと頭腦の中に一ぱい這入つて居た。,MISSING,得た,MISSING,Giorgio,MISSING,NULL,MISSING,nsubj,leftover_target,
87,one-to-one,dn_90,isk_128,Egli dava al suo spirito attitudini arteficiose e irreparabili.,それに累はされて、自他の觀察は大抵正鵠を外れて行つた。,Egli,累はされて,Giorgio,Giorgio,PRON,NULL,nsubj,nsubj,zero_to_src_anchor,
87,one-to-one,dn_90,isk_128,Egli dava al suo spirito attitudini arteficiose e irreparabili.,それに累はされて、自他の觀察は大抵正鵠を外れて行つた。,suo,MISSING,Giorgio,MISSING,DET,MISSING,nmod,MISSING,leftover_source,
88,one-to-many,dn_92,isk_129 isk_130,Bada; io non ti rimprovero.,いいか。 決して怒りはしない。,io,怒りはしない,Giorgio,Giorgio,PRON,NULL,nsubj,nsubj,zero_to_src_anchor,
88,one-to-many,dn_92,isk_129 isk_130,Bada; io non ti rimprovero.,いいか。 決して怒りはしない。,ti,MISSING,Ippolita,MISSING,PRON,MISSING,obj,MISSING,leftover_source,
89,one-to-one,dn_93,isk_131,Tu non hai colpa.,お前の罪でない事は解つてゐる。,MISSING,解つてゐる,MISSING,Giorgio,MISSING,NULL,MISSING,nsubj,leftover_target,
89,one-to-one,dn_93,isk_131,Tu non hai colpa.,お前の罪でない事は解つてゐる。,Tu,お前,Ippolita,Ippolita,PRON,PRON,nsubj,nmod,explicit_ref_pos,
93,one-to-many,dn_97,isk_136 isk_137,E tu mi ami già da molto tempo; da quasi due anni!,思つて見れば俺を愛して呉れてから隨分長かつた。 二年にもなる。,mi,MISSING,Giorgio,MISSING,PRON,MISSING,obj,MISSING,leftover_source,
93,one-to-many,dn_97,isk_136 isk_137,E tu mi ami già da molto tempo; da quasi due anni!,思つて見れば俺を愛して呉れてから隨分長かつた。 二年にもなる。,tu,俺,Ippolita,Ippolita,PRON,PRON,nsubj,nsubj,explicit_full,
93,one-to-many,dn_97,isk_136 isk_137,E tu mi ami già da molto tempo; da quasi due anni!,思つて見れば俺を愛して呉れてから隨分長かつた。 二年にもなる。,MISSING,愛して呉れて,MISSING,Ippolita,MISSING,NULL,MISSING,nsubj,leftover_target,
95,one-to-one,dn_99,isk_139,Ci hai pensato?,那樣事を思つて見たことがあるか。,hai pensato,思つて見たことがある,Ippolita,Ippolita,NULL,NULL,nsubj,nsubj,zero_zero_single,
96,one-to-one,dn_100,isk_140,Ella scosse la testa.,默つて女は頷いた。,Ella,女,Ippolita,Ippolita,PRON,NOUN,nsubj,nsubj,explicit_ref_case,
96,one-to-one,dn_100,isk_140,Ella scosse la testa.,默つて女は頷いた。,MISSING,默つて,MISSING,Ippolita,MISSING,NULL,MISSING,nsubj,leftover_target,
97,one-to-one,dn_101,isk_141,"Egli ripetè, come a sé medesimo:",ジォルジオは又獨り言のやうに、,Egli,ジォルジオ,Giorgio,Giorgio,PRON,PROPN,nsubj,nsubj,explicit_ref_case,
99,one-to-one,dn_103,isk_143,"Camminarono verso un sedile, e sedettero.",ベンチを見附けて腰を卸した。,sedettero,腰を卸した,Giorgio Ippolita,Giorgio Ippolita,NULL,NULL,nsubj,nsubj,zero_zero_semantic,0.4627895319918722
99,one-to-one,dn_103,isk_143,"Camminarono verso un sedile, e sedettero.",ベンチを見附けて腰を卸した。,Camminarono,MISSING,Giorgio Ippolita,MISSING,NULL,MISSING,nsubj,MISSING,leftover_source,
100,one-to-many,dn_104,isk_144 isk_145,"Nel piegarsi, Ippolita aveva un'aria di grave stanchezza, quasi di abbattimento.",女は疲れた溜息とともに沈み込んだ。 神經を斷切られたやうな衰弱が見えた。,Ippolita,女,Ippolita,Ippolita,PROPN,NOUN,nsubj,nsubj,explicit_ref_case,
100,one-to-many,dn_104,isk_144 isk_145,"Nel piegarsi, Ippolita aveva un'aria di grave stanchezza, quasi di abbattimento.",女は疲れた溜息とともに沈み込んだ。 神經を斷切られたやうな衰弱が見えた。,si,MISSING,Ippolita,MISSING,PRON-REFLEX,MISSING,obj,MISSING,leftover_source,
100,one-to-many,dn_104,isk_144 isk_145,"Nel piegarsi, Ippolita aveva un'aria di grave stanchezza, quasi di abbattimento.",女は疲れた溜息とともに沈み込んだ。 神經を斷切られたやうな衰弱が見えた。,MISSING,沈み込んだ,MISSING,Ippolita,MISSING,NULL,MISSING,nsubj,leftover_target,
101,one-to-many,dn_105,isk_146 isk_147 isk_148 isk_149,"Una pesante carrozza nera passò nel viale, facendo stridere la ghiaia; dalla via Flaminia giunse fioco lo squillo d'una cornetta; il silenzio rioccupò i dintorni arborati; gocce di pioggia, rare, cadevano.",司教の乘つた重い黑塗の馬車が、下の街道の磊石を斷立てて通つた。 喇叭の音が幽かにフラミニア通の方から聞える。 その後は復た舊の沈默が周圍の木立を包んだ。 ばらばらと雨が來た。,MISSING,司教,MISSING,prelate,MISSING,NOUN,MISSING,nmod,leftover_target,
103,one-to-one,dn_107,isk_151,"riprese a dire Giorgio, implacabile contro la taciturna.",可惱しい伴侶を前にして、然も無慈悲に續けた。,Giorgio,續けた,Giorgio,Giorgio,PROPN,NULL,nsubj,nsubj,zero_to_src_anchor,
103,one-to-one,dn_107,isk_151,"riprese a dire Giorgio, implacabile contro la taciturna.",可惱しい伴侶を前にして、然も無慈悲に續けた。,la taciturna,可惱しい伴侶,Ippolita,Ippolita,NOUN,NOUN,obj,obj,explicit_full,
104,one-to-one,dn_108,isk_152,"Eppure, bisognerà che noi lo celebriamo.",けれども依然相當な祝賀はしなければなるまい。,noi,祝賀はしなければなるまい,Giorgio Ippolita,Giorgio Ippolita,PRON,NULL,nsubj,nsubj,zero_to_src_anchor,
105,one-to-one,dn_109,isk_153,Io ho il gusto delle cose amare.,俺は苦い物が好きさ。,Io,俺,Giorgio,Giorgio,PRON,PRON,nsubj,nsubj,explicit_full,
106,one-to-one,dn_110,isk_154,Ippolita mostrò il suo dolore in un sorriso impreveduto.,痛痛しい微笑に、女の悲哀は仄見られた。,suo,女,Ippolita,Ippolita,DET,NOUN,nmod,nmod,explicit_ref_case,
106,one-to-one,dn_110,isk_154,Ippolita mostrò il suo dolore in un sorriso impreveduto.,痛痛しい微笑に、女の悲哀は仄見られた。,Ippolita,MISSING,Ippolita,MISSING,PROPN,MISSING,nsubj,MISSING,leftover_source,
107,one-to-one,dn_111,isk_155,"Poi disse, con impreveduta dolcezza:",意ひ掛けない優しい聲で、,disse,MISSING,Ippolita,MISSING,NULL,MISSING,nsubj,MISSING,leftover_source,
108,one-to-one,dn_112,isk_156,Perché tutte queste cattive parole?,何爲那樣暗詆ばかり言ふの。,MISSING,言ふ,MISSING,Giorgio,MISSING,NULL,MISSING,nsubj,leftover_target,
109,one-to-one,dn_113,isk_157,"E guardò Giorgio negli occhi, a lungo e a dentro.",男の眼の中を探るやうな眼附で凝と眺め込んだ。,Giorgio,男,Giorgio,Giorgio,PROPN,NOUN,obj,nmod,explicit_ref_only,
109,one-to-one,dn_113,isk_157,"E guardò Giorgio negli occhi, a lungo e a dentro.",男の眼の中を探るやうな眼附で凝と眺め込んだ。,guardò,眺め込んだ,Ippolita,Ippolita,NULL,NULL,nsubj,nsubj,zero_zero_single,
110,one-to-one,dn_114,isk_158,"Ambedue, di nuovo, provarono un'ansietà inesprimibile di leggersi nell'anima.",軈て互ひの心を讀まうとする念が二人に起つた。,Ambedue,互ひ,Giorgio Ippolita,Giorgio Ippolita,PRON,NOUN,nsubj,nmod,explicit_ref_only,
110,one-to-one,dn_114,isk_158,"Ambedue, di nuovo, provarono un'ansietà inesprimibile di leggersi nell'anima.",軈て互ひの心を讀まうとする念が二人に起つた。,si,二人,Giorgio Ippolita,Giorgio Ippolita,PRON-REFLEX,NOUN,obj,obj,reflex_obj,
111,one-to-many,dn_115,isk_159 isk_160,Ella sapeva bene da quale orribile male fosse compreso il suo amante; ella sapeva bene l'oscura causa di quell'acredine.,男に持前の可怕しい癇癖のあることは克く知つてゐる。 毒毒しい惡態の出所も、大抵は想像される。,il suo amante,男,Giorgio,Giorgio,NOUN,NOUN,nsubj,obj,explicit_ref_pos,
111,one-to-many,dn_115,isk_159 isk_160,Ella sapeva bene da quale orribile male fosse compreso il suo amante; ella sapeva bene l'oscura causa di quell'acredine.,男に持前の可怕しい癇癖のあることは克く知つてゐる。 毒毒しい惡態の出所も、大抵は想像される。,Ella,知つてゐる,Ippolita,Ippolita,PRON,NULL,nsubj,nsubj,zero_to_src_anchor,
111,one-to-many,dn_115,isk_159 isk_160,Ella sapeva bene da quale orribile male fosse compreso il suo amante; ella sapeva bene l'oscura causa di quell'acredine.,男に持前の可怕しい癇癖のあることは克く知つてゐる。 毒毒しい惡態の出所も、大抵は想像される。,ella,MISSING,Ippolita,MISSING,PRON,MISSING,nsubj,MISSING,leftover_source,
112,one-to-one,dn_116,isk_161,"Soggiunse, perché egli parlasse, perché egli esalasse la sua pena:",言ふだけ言はせて了ふのは、胸を霽らさせる途であつた。,egli,MISSING,Giorgio,MISSING,PRON,MISSING,nsubj,MISSING,leftover_source,
112,one-to-one,dn_116,isk_161,"Soggiunse, perché egli parlasse, perché egli esalasse la sua pena:",言ふだけ言はせて了ふのは、胸を霽らさせる途であつた。,egli,MISSING,Giorgio,MISSING,PRON,MISSING,nsubj,MISSING,leftover_source,
112,one-to-one,dn_116,isk_161,"Soggiunse, perché egli parlasse, perché egli esalasse la sua pena:",言ふだけ言はせて了ふのは、胸を霽らさせる途であつた。,sua,MISSING,Giorgio,MISSING,DET,MISSING,nmod,MISSING,leftover_source,
112,one-to-one,dn_116,isk_161,"Soggiunse, perché egli parlasse, perché egli esalasse la sua pena:",言ふだけ言はせて了ふのは、胸を霽らさせる途であつた。,Soggiunse,MISSING,Ippolita,MISSING,NULL,MISSING,nsubj,MISSING,leftover_source,
113,one-to-one,dn_117,isk_162,Che hai?,奈何なすつたの。,hai,なすつた,Giorgio,Giorgio,NULL,NULL,nsubj,nsubj,zero_zero_single,
114,one-to-many,dn_118,isk_163 isk_164,"Egli era rimasto come confuso da quell'accento di bontà, che non aspettava.",斯う言つた調子には、男の待ち設けなかつた優しみがあつた。 彼は幾らか狼狽へた。,Egli,彼,Giorgio,Giorgio,PRON,PRON,nsubj,nsubj,explicit_full,
114,one-to-many,dn_118,isk_163 isk_164,"Egli era rimasto come confuso da quell'accento di bontà, che non aspettava.",斯う言つた調子には、男の待ち設けなかつた優しみがあつた。 彼は幾らか狼狽へた。,MISSING,男,MISSING,Giorgio,MISSING,NOUN,MISSING,nsubj,leftover_target,
115,one-to-many,dn_119,isk_165 isk_166 isk_167,"Sentendosi da quell'accento indovinare e commiserare, egli sentì in sé crescere la pietà di sé medesimo; e una profonda commozione gli alterò tutto l'essere.",對者に自分が理解されたと同時に、愍まみれのだと氣附いた。 自己を愍む心が其處から出て、胸に擴がつた。 深い情緒が全身を搖つた。,egli,自分,Giorgio,Giorgio,PRON,PRON,nsubj,nsubj,explicit_full,
115,one-to-many,dn_119,isk_165 isk_166 isk_167,"Sentendosi da quell'accento indovinare e commiserare, egli sentì in sé crescere la pietà di sé medesimo; e una profonda commozione gli alterò tutto l'essere.",對者に自分が理解されたと同時に、愍まみれのだと氣附いた。 自己を愍む心が其處から出て、胸に擴がつた。 深い情緒が全身を搖つた。,si,MISSING,Giorgio,MISSING,PRON-REFLEX,MISSING,obj,MISSING,leftover_source,
115,one-to-many,dn_119,isk_165 isk_166 isk_167,"Sentendosi da quell'accento indovinare e commiserare, egli sentì in sé crescere la pietà di sé medesimo; e una profonda commozione gli alterò tutto l'essere.",對者に自分が理解されたと同時に、愍まみれのだと氣附いた。 自己を愍む心が其處から出て、胸に擴がつた。 深い情緒が全身を搖つた。,sé,MISSING,Giorgio,MISSING,PRON,MISSING,obj,MISSING,leftover_source,
115,one-to-many,dn_119,isk_165 isk_166 isk_167,"Sentendosi da quell'accento indovinare e commiserare, egli sentì in sé crescere la pietà di sé medesimo; e una profonda commozione gli alterò tutto l'essere.",對者に自分が理解されたと同時に、愍まみれのだと氣附いた。 自己を愍む心が其處から出て、胸に擴がつた。 深い情緒が全身を搖つた。,sé medesimo,MISSING,Giorgio,MISSING,PRON,MISSING,nmod,MISSING,leftover_source,
115,one-to-many,dn_119,isk_165 isk_166 isk_167,"Sentendosi da quell'accento indovinare e commiserare, egli sentì in sé crescere la pietà di sé medesimo; e una profonda commozione gli alterò tutto l'essere.",對者に自分が理解されたと同時に、愍まみれのだと氣附いた。 自己を愍む心が其處から出て、胸に擴がつた。 深い情緒が全身を搖つた。,gli,MISSING,Giorgio,MISSING,PRON,MISSING,obj,MISSING,leftover_source,
115,one-to-many,dn_119,isk_165 isk_166 isk_167,"Sentendosi da quell'accento indovinare e commiserare, egli sentì in sé crescere la pietà di sé medesimo; e una profonda commozione gli alterò tutto l'essere.",對者に自分が理解されたと同時に、愍まみれのだと氣附いた。 自己を愍む心が其處から出て、胸に擴がつた。 深い情緒が全身を搖つた。,MISSING,氣附いた,MISSING,Giorgio,MISSING,NULL,MISSING,nsubj,leftover_target,
115,one-to-many,dn_119,isk_165 isk_166 isk_167,"Sentendosi da quell'accento indovinare e commiserare, egli sentì in sé crescere la pietà di sé medesimo; e una profonda commozione gli alterò tutto l'essere.",對者に自分が理解されたと同時に、愍まみれのだと氣附いた。 自己を愍む心が其處から出て、胸に擴がつた。 深い情緒が全身を搖つた。,MISSING,對者,MISSING,Ippolita,MISSING,NOUN,MISSING,obj,leftover_target,
116,one-to-one,dn_120,isk_168,Che hai?,奈何なすつたの。,hai,なすつた,Giorgio,Giorgio,NULL,NULL,nsubj,nsubj,zero_zero_single,
117,one-to-many,dn_121,isk_169 isk_170,"ripeté Ippolita toccandogli una mano, quasi per aumentare sensualmente il potere della sua dolcezza.",復た斯う言つて男の手に縋つた。 優しい心を更に感覺の力で强く感じさせた。,gli,男,Giorgio,Giorgio,PRON,NOUN,obj,nmod,explicit_ref_only,
117,one-to-many,dn_121,isk_169 isk_170,"ripeté Ippolita toccandogli una mano, quasi per aumentare sensualmente il potere della sua dolcezza.",復た斯う言つて男の手に縋つた。 優しい心を更に感覺の力で强く感じさせた。,Ippolita,言つて,Ippolita,Ippolita,PROPN,NULL,nsubj,nsubj,zero_to_src_anchor,
117,one-to-many,dn_121,isk_169 isk_170,"ripeté Ippolita toccandogli una mano, quasi per aumentare sensualmente il potere della sua dolcezza.",復た斯う言つて男の手に縋つた。 優しい心を更に感覺の力で强く感じさせた。,sua,MISSING,Ippolita,MISSING,DET,MISSING,nmod,MISSING,leftover_source,
117,one-to-many,dn_121,isk_169 isk_170,"ripeté Ippolita toccandogli una mano, quasi per aumentare sensualmente il potere della sua dolcezza.",復た斯う言つて男の手に縋つた。 優しい心を更に感覺の力で强く感じさせた。,MISSING,縋つた,MISSING,Ippolita,MISSING,NULL,MISSING,nsubj,leftover_target,
117,one-to-many,dn_121,isk_169 isk_170,"ripeté Ippolita toccandogli una mano, quasi per aumentare sensualmente il potere della sua dolcezza.",復た斯う言つて男の手に縋つた。 優しい心を更に感覺の力で强く感じさせた。,MISSING,感じさせた,MISSING,Ippolita,MISSING,NULL,MISSING,nsubj,leftover_target,
118,one-to-one,dn_122,isk_171,Che ho?,奈何したつて？,ho,した,Giorgio,Giorgio,NULL,NULL,nsubj,nsubj,zero_zero_single,
119,one-to-one,dn_123,isk_172,egli rispose.,反響的に斯う受けて、,egli,受けて,Giorgio,Giorgio,PRON,NULL,nsubj,nsubj,zero_to_src_anchor,
120,one-to-one,dn_124,isk_173,Amo.,俺は愛して居る。,Amo,俺,Giorgio,Giorgio,NULL,PRON,nsubj,nsubj,zero_to_tgt_anchor,
121,one-to-one,dn_125,isk_174,Le sue parole avevano perduto ogni punta.,諍ひを欲する心は凪ぎた。,sue,MISSING,Giorgio,MISSING,DET,MISSING,nmod,MISSING,leftover_source,
122,one-to-one,dn_126,isk_175,"Mostrando la sua piaga immedicabile, egli s'impietosiva su sé medesimo.",持病の弱點が斯うして發散した後は、我と自分の病を悲んだ。,egli,我と自分,Giorgio,Giorgio,PRON,PRON,nsubj,nmod,explicit_ref_pos,
122,one-to-one,dn_126,isk_175,"Mostrando la sua piaga immedicabile, egli s'impietosiva su sé medesimo.",持病の弱點が斯うして發散した後は、我と自分の病を悲んだ。,s,MISSING,Giorgio,MISSING,PRON-REFLEX,MISSING,obj,MISSING,leftover_source,
122,one-to-one,dn_126,isk_175,"Mostrando la sua piaga immedicabile, egli s'impietosiva su sé medesimo.",持病の弱點が斯うして發散した後は、我と自分の病を悲んだ。,sé medesimo,MISSING,Giorgio,MISSING,PRON,MISSING,obj,MISSING,leftover_source,
122,one-to-one,dn_126,isk_175,"Mostrando la sua piaga immedicabile, egli s'impietosiva su sé medesimo.",持病の弱點が斯うして發散した後は、我と自分の病を悲んだ。,MISSING,悲んだ,MISSING,Giorgio,MISSING,NULL,MISSING,nsubj,leftover_target,
123,one-to-one,dn_127,isk_176,"I vaghi rancori, che serpeggiavano in fondo al suo spirito contro la donna, parvero dileguarsi.",的もない怨恨に、一時精神が荒んでも、跡なくをさまつた。,suo,MISSING,Giorgio,MISSING,DET,MISSING,nmod,MISSING,leftover_source,
123,one-to-one,dn_127,isk_176,"I vaghi rancori, che serpeggiavano in fondo al suo spirito contro la donna, parvero dileguarsi.",的もない怨恨に、一時精神が荒んでも、跡なくをさまつた。,MISSING,をさまつた,MISSING,Giorgio,MISSING,NULL,MISSING,nsubj,leftover_target,
123,one-to-one,dn_127,isk_176,"I vaghi rancori, che serpeggiavano in fondo al suo spirito contro la donna, parvero dileguarsi.",的もない怨恨に、一時精神が荒んでも、跡なくをさまつた。,la donna,MISSING,Ippolita,MISSING,NOUN,MISSING,obj,MISSING,leftover_source,
124,one-to-one,dn_128,isk_177,"Egli riconosceva ingiusto ogni risentimento contro di lei, riconoscendo un ordine superiore di necessità fatali.",なくてならぬ女といふ强い命令の聲を聽くとともに、此の女を怨むことの非理を認めた。,Egli,聽く,Giorgio,Giorgio,PRON,NULL,nsubj,nsubj,zero_to_src_anchor,
124,one-to-one,dn_128,isk_177,"Egli riconosceva ingiusto ogni risentimento contro di lei, riconoscendo un ordine superiore di necessità fatali.",なくてならぬ女といふ强い命令の聲を聽くとともに、此の女を怨むことの非理を認めた。,MISSING,認めた,MISSING,Giorgio,MISSING,NULL,MISSING,nsubj,leftover_target,
124,one-to-one,dn_128,isk_177,"Egli riconosceva ingiusto ogni risentimento contro di lei, riconoscendo un ordine superiore di necessità fatali.",なくてならぬ女といふ强い命令の聲を聽くとともに、此の女を怨むことの非理を認めた。,lei,女,Ippolita,Ippolita,PRON,NOUN,obj,obj,explicit_ref_case,
124,one-to-one,dn_128,isk_177,"Egli riconosceva ingiusto ogni risentimento contro di lei, riconoscendo un ordine superiore di necessità fatali.",なくてならぬ女といふ强い命令の聲を聽くとともに、此の女を怨むことの非理を認めた。,MISSING,此の女,MISSING,Ippolita,MISSING,NOUN,MISSING,obj,leftover_target,
125,one-to-many,dn_129,isk_178 isk_179,"La sua miseria non proveniva da alcuna creatura umana, ma dall'essenza stessa della vita.",此の點で彼ほど强く苦む人はなかつた。 それは彼のライフの奥底から涌いて來る苦みであつた。,sua,彼,Giorgio,Giorgio,DET,PRON,nmod,nmod,explicit_ref_case,
125,one-to-many,dn_129,isk_178 isk_179,"La sua miseria non proveniva da alcuna creatura umana, ma dall'essenza stessa della vita.",此の點で彼ほど强く苦む人はなかつた。 それは彼のライフの奥底から涌いて來る苦みであつた。,MISSING,彼,MISSING,Giorgio,MISSING,PRON,MISSING,nsubj,leftover_target,
126,one-to-one,dn_130,isk_180,Egli non doveva dolersi dell'amata ma dell'amore.,彼は我が愛する女でなく、戀その物を悲まなければならない人であつた。,Egli,彼,Giorgio,Giorgio,PRON,PRON,nsubj,nsubj,explicit_full,
126,one-to-one,dn_130,isk_180,Egli non doveva dolersi dell'amata ma dell'amore.,彼は我が愛する女でなく、戀その物を悲まなければならない人であつた。,si,MISSING,Giorgio,MISSING,PRON-REFLEX,MISSING,obj,MISSING,leftover_source,
126,one-to-one,dn_130,isk_180,Egli non doveva dolersi dell'amata ma dell'amore.,彼は我が愛する女でなく、戀その物を悲まなければならない人であつた。,MISSING,悲まなければならない,MISSING,Giorgio,MISSING,NULL,MISSING,nsubj,leftover_target,
126,one-to-one,dn_130,isk_180,Egli non doveva dolersi dell'amata ma dell'amore.,彼は我が愛する女でなく、戀その物を悲まなければならない人であつた。,MISSING,人,MISSING,Giorgio,MISSING,NOUN,MISSING,pred,leftover_target,
126,one-to-one,dn_130,isk_180,Egli non doveva dolersi dell'amata ma dell'amore.,彼は我が愛する女でなく、戀その物を悲まなければならない人であつた。,amata,我が愛する女,Ippolita,Ippolita,NOUN,NOUN,obj,obj,explicit_full,
127,one-to-one,dn_131,isk_181,"L'amore, a cui per natura tutto il suo essere tendeva con invincibile veemenza, l'amore era la più grande fra le tristezze terrene.",彼の全身は不可抗な力に牽かれて驀然に戀の方へ盲進して行つたが、その戀程悲痛なものは世の中になかつた。,suo,彼,Giorgio,Giorgio,DET,PRON,nmod,nmod,explicit_ref_case,
127,one-to-one,dn_131,isk_181,"L'amore, a cui per natura tutto il suo essere tendeva con invincibile veemenza, l'amore era la più grande fra le tristezze terrene.",彼の全身は不可抗な力に牽かれて驀然に戀の方へ盲進して行つたが、その戀程悲痛なものは世の中になかつた。,MISSING,盲進して行つたが,MISSING,Giorgio,MISSING,NULL,MISSING,nsubj,leftover_target,
128,one-to-one,dn_132,isk_182,"Ed egli era legato a quella suprema tristezza, forse fino alla morte.",此の最大の不幸は、死ぬまで攘ひ得られないものになつて居た。,egli,MISSING,Giorgio,MISSING,PRON,MISSING,nsubj,MISSING,leftover_source,
129,one-to-one,dn_133,isk_183,"Come egli taceva sopra pensiero, Ippolita gli domandò:",少時は沈吟するらしかつた。,egli,沈吟するらしかつた,Giorgio,Giorgio,PRON,NULL,nsubj,nsubj,zero_to_src_anchor,
129,one-to-one,dn_133,isk_183,"Come egli taceva sopra pensiero, Ippolita gli domandò:",少時は沈吟するらしかつた。,gli,MISSING,Giorgio,MISSING,PRON,MISSING,obj,MISSING,leftover_source,
129,one-to-one,dn_133,isk_183,"Come egli taceva sopra pensiero, Ippolita gli domandò:",少時は沈吟するらしかつた。,Ippolita,MISSING,Ippolita,MISSING,PROPN,MISSING,nsubj,MISSING,leftover_source,
130,one-to-one,dn_134,isk_184,"Tu credi dunque, Giorgio, che io non ti ami?",ぢや私貴郎を愛さないと思つて？,ti,貴郎,Giorgio,Giorgio,PRON,PRON,obj,obj,explicit_full,
130,one-to-one,dn_134,isk_184,"Tu credi dunque, Giorgio, che io non ti ami?",ぢや私貴郎を愛さないと思つて？,Tu,思つて,Giorgio,Giorgio,PRON,NULL,nsubj,nsubj,zero_to_src_anchor,
130,one-to-one,dn_134,isk_184,"Tu credi dunque, Giorgio, che io non ti ami?",ぢや私貴郎を愛さないと思つて？,Giorgio,MISSING,Giorgio,MISSING,PROPN,MISSING,vocative,MISSING,leftover_source,
130,one-to-one,dn_134,isk_184,"Tu credi dunque, Giorgio, che io non ti ami?",ぢや私貴郎を愛さないと思つて？,io,私,Ippolita,Ippolita,PRON,PRON,nsubj,nsubj,explicit_full,
131,many-to-one,dn_135 dn_136,isk_185,"Ebbene, sì, guarda: io credo che tu mi ami",今はそれや愛してるだらうさ。,io,MISSING,Giorgio,MISSING,PRON,MISSING,nsubj,MISSING,leftover_source,
131,many-to-one,dn_135 dn_136,isk_185,"Ebbene, sì, guarda: io credo che tu mi ami",今はそれや愛してるだらうさ。,mi,MISSING,Giorgio,MISSING,PRON,MISSING,obj,MISSING,leftover_source,
131,many-to-one,dn_135 dn_136,isk_185,"Ebbene, sì, guarda: io credo che tu mi ami",今はそれや愛してるだらうさ。,guarda,愛してる,Ippolita,Ippolita,NULL,NULL,nsubj,nsubj,zero_zero_single,
131,many-to-one,dn_135 dn_136,isk_185,"Ebbene, sì, guarda: io credo che tu mi ami",今はそれや愛してるだらうさ。,tu,MISSING,Ippolita,MISSING,PRON,MISSING,nsubj,MISSING,leftover_source,
132,one-to-one,dn_138,isk_186,"Ma puoi tu provarmi che domani, che fra un mese, che fra un anno, che sempre sarai egualmente felice d'esser mia?",だけども、明日となり、一月經ち、一年する内に、心から愛情が渝らずに居られるか奈何か解つたものてない。,mi,MISSING,Giorgio,MISSING,PRON,MISSING,obj,MISSING,leftover_source,
132,one-to-one,dn_138,isk_186,"Ma puoi tu provarmi che domani, che fra un mese, che fra un anno, che sempre sarai egualmente felice d'esser mia?",だけども、明日となり、一月經ち、一年する内に、心から愛情が渝らずに居られるか奈何か解つたものてない。,mia,MISSING,Giorgio,MISSING,DET,MISSING,nmod,MISSING,leftover_source,
132,one-to-one,dn_138,isk_186,"Ma puoi tu provarmi che domani, che fra un mese, che fra un anno, che sempre sarai egualmente felice d'esser mia?",だけども、明日となり、一月經ち、一年する内に、心から愛情が渝らずに居られるか奈何か解つたものてない。,sarai,居られる,Ippolita,Ippolita,NULL,NULL,nsubj,nsubj,zero_zero_single,
132,one-to-one,dn_138,isk_186,"Ma puoi tu provarmi che domani, che fra un mese, che fra un anno, che sempre sarai egualmente felice d'esser mia?",だけども、明日となり、一月經ち、一年する内に、心から愛情が渝らずに居られるか奈何か解つたものてない。,tu,MISSING,Ippolita,MISSING,PRON,MISSING,nsubj,MISSING,leftover_source,
133,one-to-one,dn_139,isk_187,"Puoi tu provarmiche ora, in questo attimo, sei tutta mia?",今日だつてだ、斯うしてる此の時間にだつてだ、お前といふ者が悉皆俺の所有いふ證據が奈何して立てられる？,mia,俺,Giorgio,Giorgio,DET,PRON,nmod,nmod,explicit_ref_case,
133,one-to-one,dn_139,isk_187,"Puoi tu provarmiche ora, in questo attimo, sei tutta mia?",今日だつてだ、斯うしてる此の時間にだつてだ、お前といふ者が悉皆俺の所有いふ證據が奈何して立てられる？,mi,MISSING,Giorgio,MISSING,PRON,MISSING,obj,MISSING,leftover_source,
133,one-to-one,dn_139,isk_187,"Puoi tu provarmiche ora, in questo attimo, sei tutta mia?",今日だつてだ、斯うしてる此の時間にだつてだ、お前といふ者が悉皆俺の所有いふ證據が奈何して立てられる？,tu,お前といふ者,Ippolita,Ippolita,PRON,NOUN,nsubj,nsubj,explicit_ref_case,
133,one-to-one,dn_139,isk_187,"Puoi tu provarmiche ora, in questo attimo, sei tutta mia?",今日だつてだ、斯うしてる此の時間にだつてだ、お前といふ者が悉皆俺の所有いふ證據が奈何して立てられる？,sei,MISSING,Ippolita,MISSING,NULL,MISSING,nsubj,MISSING,leftover_source,
134,one-to-one,dn_140,isk_188,Che cosa posseggo io di te?,「お前」の何分だけが俺の所有だといふのだ。,io,俺,Giorgio,Giorgio,PRON,PRON,nsubj,nmod,explicit_ref_pos,
134,one-to-one,dn_140,isk_188,Che cosa posseggo io di te?,「お前」の何分だけが俺の所有だといふのだ。,te,お前,Ippolita,Ippolita,PRON,PRON,obj,nmod,explicit_ref_pos,
137,one-to-one,dn_143,isk_193,Io non posseggo quel ch'io vorrei possedere.,殊にだ、俺の欲しいと思ふ部分に限つて得られない。,Io,俺,Giorgio,Giorgio,PRON,PRON,nsubj,nmod,explicit_ref_pos,
137,one-to-one,dn_143,isk_193,Io non posseggo quel ch'io vorrei possedere.,殊にだ、俺の欲しいと思ふ部分に限つて得られない。,io,MISSING,Giorgio,MISSING,PRON,MISSING,nsubj,MISSING,leftover_source,
138,one-to-one,dn_144,isk_194,Tu mi sei ignota.,お前は赤の他人としか思へない。,mi,MISSING,Giorgio,MISSING,PRON,MISSING,obj,MISSING,leftover_source,
138,one-to-one,dn_144,isk_194,Tu mi sei ignota.,お前は赤の他人としか思へない。,MISSING,思へない,MISSING,Giorgio,MISSING,NULL,MISSING,nsubj,leftover_target,
138,one-to-one,dn_144,isk_194,Tu mi sei ignota.,お前は赤の他人としか思へない。,Tu,お前,Ippolita,Ippolita,PRON,PRON,nsubj,nsubj,explicit_full,
139,one-to-many,dn_145,isk_195 isk_196 isk_197,"Come qualunque altra creatura umana, tu chiudi dentro di te un mondo per me impenetrabile; e la più ardente passione non mi aiuterà a penetrarlo.",世間の人達同樣、お前にはお前の世界が在る。 俺には闖入の出來ない世界だ。 深い情の力で向つて見ても近づけない。,me,俺,Giorgio,Giorgio,PRON,PRON,obj,obj,explicit_full,
139,one-to-many,dn_145,isk_195 isk_196 isk_197,"Come qualunque altra creatura umana, tu chiudi dentro di te un mondo per me impenetrabile; e la più ardente passione non mi aiuterà a penetrarlo.",世間の人達同樣、お前にはお前の世界が在る。 俺には闖入の出來ない世界だ。 深い情の力で向つて見ても近づけない。,mi,MISSING,Giorgio,MISSING,PRON,MISSING,obj,MISSING,leftover_source,
139,one-to-many,dn_145,isk_195 isk_196 isk_197,"Come qualunque altra creatura umana, tu chiudi dentro di te un mondo per me impenetrabile; e la più ardente passione non mi aiuterà a penetrarlo.",世間の人達同樣、お前にはお前の世界が在る。 俺には闖入の出來ない世界だ。 深い情の力で向つて見ても近づけない。,MISSING,向つて見て,MISSING,Giorgio,MISSING,NULL,MISSING,nsubj,leftover_target,
139,one-to-many,dn_145,isk_195 isk_196 isk_197,"Come qualunque altra creatura umana, tu chiudi dentro di te un mondo per me impenetrabile; e la più ardente passione non mi aiuterà a penetrarlo.",世間の人達同樣、お前にはお前の世界が在る。 俺には闖入の出來ない世界だ。 深い情の力で向つて見ても近づけない。,MISSING,近づけない,MISSING,Giorgio,MISSING,NULL,MISSING,nsubj,leftover_target,
139,one-to-many,dn_145,isk_195 isk_196 isk_197,"Come qualunque altra creatura umana, tu chiudi dentro di te un mondo per me impenetrabile; e la più ardente passione non mi aiuterà a penetrarlo.",世間の人達同樣、お前にはお前の世界が在る。 俺には闖入の出來ない世界だ。 深い情の力で向つて見ても近づけない。,tu,お前,Ippolita,Ippolita,PRON,PRON,nsubj,nmod,explicit_ref_pos,
139,one-to-many,dn_145,isk_195 isk_196 isk_197,"Come qualunque altra creatura umana, tu chiudi dentro di te un mondo per me impenetrabile; e la più ardente passione non mi aiuterà a penetrarlo.",世間の人達同樣、お前にはお前の世界が在る。 俺には闖入の出來ない世界だ。 深い情の力で向つて見ても近づけない。,te,お前,Ippolita,Ippolita,PRON,PRON,obj,nmod,explicit_ref_pos,
140,one-to-one,dn_146,isk_198,"Delle tue sensazioni, dei tuoi sentimenti, dei tuoi pensieri io non conosco se non una minima parte.",感覺にしろ、情操にしろ、思想にしろ、お前に就いて知る處といへば極く厪かなものさ。,io,知る,Giorgio,Giorgio,PRON,NULL,nsubj,nsubj,zero_to_src_anchor,
140,one-to-one,dn_146,isk_198,"Delle tue sensazioni, dei tuoi sentimenti, dei tuoi pensieri io non conosco se non una minima parte.",感覺にしろ、情操にしろ、思想にしろ、お前に就いて知る處といへば極く厪かなものさ。,tue,お前,Ippolita,Ippolita,DET,PRON,nmod,obj,explicit_ref_only,
140,one-to-one,dn_146,isk_198,"Delle tue sensazioni, dei tuoi sentimenti, dei tuoi pensieri io non conosco se non una minima parte.",感覺にしろ、情操にしろ、思想にしろ、お前に就いて知る處といへば極く厪かなものさ。,tuoi,MISSING,Ippolita,MISSING,DET,MISSING,nmod,MISSING,leftover_source,
140,one-to-one,dn_146,isk_198,"Delle tue sensazioni, dei tuoi sentimenti, dei tuoi pensieri io non conosco se non una minima parte.",感覺にしろ、情操にしろ、思想にしろ、お前に就いて知る處といへば極く厪かなものさ。,tuoi,MISSING,Ippolita,MISSING,DET,MISSING,nmod,MISSING,leftover_source,
143,one-to-one,dn_149,isk_201,Tu non puoi darmi l'anima.,靈を展げて見せることは出來まい。,mi,MISSING,Giorgio,MISSING,PRON,MISSING,obj,MISSING,leftover_source,
143,one-to-one,dn_149,isk_201,Tu non puoi darmi l'anima.,靈を展げて見せることは出來まい。,Tu,展げて,Ippolita,Ippolita,PRON,NULL,nsubj,nsubj,zero_to_src_anchor,
143,one-to-one,dn_149,isk_201,Tu non puoi darmi l'anima.,靈を展げて見せることは出來まい。,MISSING,見せることは出來まい,MISSING,Ippolita,MISSING,NULL,MISSING,nsubj,leftover_target,
144,one-to-many,dn_150,isk_202 isk_203,"Anche nella più alta ebrezza, noi siamo due, sempre due, separati, estranei, interiormente solitarii.",情に堪へない恍惚の刹那でも、二人は依然二人だ。 毎も離れ離れな、餘所餘所しい、寂しい心の二人だ。,noi,二人,Giorgio Ippolita,Giorgio Ippolita,PRON,NOUN,nsubj,nsubj,explicit_ref_case,
144,one-to-many,dn_150,isk_202 isk_203,"Anche nella più alta ebrezza, noi siamo due, sempre due, separati, estranei, interiormente solitarii.",情に堪へない恍惚の刹那でも、二人は依然二人だ。 毎も離れ離れな、餘所餘所しい、寂しい心の二人だ。,MISSING,二人,MISSING,Giorgio Ippolita,MISSING,NOUN,MISSING,pred,leftover_target,
144,one-to-many,dn_150,isk_202 isk_203,"Anche nella più alta ebrezza, noi siamo due, sempre due, separati, estranei, interiormente solitarii.",情に堪へない恍惚の刹那でも、二人は依然二人だ。 毎も離れ離れな、餘所餘所しい、寂しい心の二人だ。,MISSING,二人,MISSING,Giorgio Ippolita,MISSING,NOUN,MISSING,pred,leftover_target,
144,one-to-many,dn_150,isk_202 isk_203,"Anche nella più alta ebrezza, noi siamo due, sempre due, separati, estranei, interiormente solitarii.",情に堪へない恍惚の刹那でも、二人は依然二人だ。 毎も離れ離れな、餘所餘所しい、寂しい心の二人だ。,MISSING,だ,MISSING,Giorgio Ippolita,MISSING,NULL,MISSING,nsubj,leftover_target,
145,one-to-many,dn_151,isk_204 isk_205,Io bacio la tua fronte; e sotto la fronte si muove forse un pensiero che non è mio.,その額に俺が接吻する。 が、一皮下には俺に關係のない、別を考慮が巣を造つてゐるのではないか。,Io,俺,Giorgio,Giorgio,PRON,PRON,nsubj,nsubj,explicit_full,
145,one-to-many,dn_151,isk_204 isk_205,Io bacio la tua fronte; e sotto la fronte si muove forse un pensiero che non è mio.,その額に俺が接吻する。 が、一皮下には俺に關係のない、別を考慮が巣を造つてゐるのではないか。,mio,俺,Giorgio,Giorgio,DET,PRON,nmod,obj,explicit_ref_only,
145,one-to-many,dn_151,isk_204 isk_205,Io bacio la tua fronte; e sotto la fronte si muove forse un pensiero che non è mio.,その額に俺が接吻する。 が、一皮下には俺に關係のない、別を考慮が巣を造つてゐるのではないか。,tua,その,Ippolita,Ippolita,DET,DET,nmod,nmod,explicit_full,
146,one-to-one,dn_152,isk_206,"Ti parlo; e forse una mia frase ti risveglia nello spirito un ricordo d'altri tempi, non del mio amore.",這箇が何か言へば過去を憶ひ出させる手懸りにはなるだらうが俺の變は憶ひ出すまい。,mia,俺,Giorgio,Giorgio,DET,PRON,nmod,nmod,explicit_ref_case,
146,one-to-one,dn_152,isk_206,"Ti parlo; e forse una mia frase ti risveglia nello spirito un ricordo d'altri tempi, non del mio amore.",這箇が何か言へば過去を憶ひ出させる手懸りにはなるだらうが俺の變は憶ひ出すまい。,mio,這箇,Giorgio,Giorgio,DET,PRON,nmod,nsubj,explicit_ref_only,
146,one-to-one,dn_152,isk_206,"Ti parlo; e forse una mia frase ti risveglia nello spirito un ricordo d'altri tempi, non del mio amore.",這箇が何か言へば過去を憶ひ出させる手懸りにはなるだらうが俺の變は憶ひ出すまい。,parlo,憶ひ出すまい,Giorgio,Giorgio,NULL,NULL,nsubj,nsubj,zero_zero_single,
146,one-to-one,dn_152,isk_206,"Ti parlo; e forse una mia frase ti risveglia nello spirito un ricordo d'altri tempi, non del mio amore.",這箇が何か言へば過去を憶ひ出させる手懸りにはなるだらうが俺の變は憶ひ出すまい。,Ti,MISSING,Ippolita,MISSING,PRON,MISSING,obj,MISSING,leftover_source,
146,one-to-one,dn_152,isk_206,"Ti parlo; e forse una mia frase ti risveglia nello spirito un ricordo d'altri tempi, non del mio amore.",這箇が何か言へば過去を憶ひ出させる手懸りにはなるだらうが俺の變は憶ひ出すまい。,ti,MISSING,Ippolita,MISSING,PRON,MISSING,obj,MISSING,leftover_source,
147,one-to-many,dn_153,isk_207 isk_208 isk_209,"Un uomo passa, un uomo ti guarda; e nel tuo spirito si produce un qualunque moto ch'io non posso sorprendere.",通りすがりの人が、お前を眺めて通る。 と、もう心に一種の情が動くだらう。 それも俺には看露せない。,io,俺,Giorgio,Giorgio,PRON,PRON,nsubj,obj,explicit_ref_pos,
147,one-to-many,dn_153,isk_207 isk_208 isk_209,"Un uomo passa, un uomo ti guarda; e nel tuo spirito si produce un qualunque moto ch'io non posso sorprendere.",通りすがりの人が、お前を眺めて通る。 と、もう心に一種の情が動くだらう。 それも俺には看露せない。,ti,お前,Ippolita,Ippolita,PRON,PRON,obj,obj,explicit_full,
147,one-to-many,dn_153,isk_207 isk_208 isk_209,"Un uomo passa, un uomo ti guarda; e nel tuo spirito si produce un qualunque moto ch'io non posso sorprendere.",通りすがりの人が、お前を眺めて通る。 と、もう心に一種の情が動くだらう。 それも俺には看露せない。,tuo,MISSING,Ippolita,MISSING,DET,MISSING,nmod,MISSING,leftover_source,
148,one-to-one,dn_154,isk_210,E io non so quante volte un riflesso della tua vita anteriore illumini il momento presente....,面と向つた時ですら、前牛生の思ひ出がさまざまに因めくだらうけれど、一つも這箇には分らない。,io,這箇,Giorgio,Giorgio,PRON,PRON,nsubj,obj,explicit_ref_pos,
148,one-to-one,dn_154,isk_210,E io non so quante volte un riflesso della tua vita anteriore illumini il momento presente....,面と向つた時ですら、前牛生の思ひ出がさまざまに因めくだらうけれど、一つも這箇には分らない。,tua,MISSING,Ippolita,MISSING,DET,MISSING,nmod,MISSING,leftover_source,
149,one-to-one,dn_155,isk_211,"Oh, di quella vita, io ne ho una paura folle!",前半生―俺の不安は其處に在る。,io,俺,Giorgio,Giorgio,PRON,PRON,nsubj,nmod,explicit_ref_pos,
150,one-to-many,dn_156,isk_212 isk_213 isk_214 isk_215,"Sono accanto a te; mi sento tutto invaso dalla delizia che mi viene in certe ore dalla tua sola presenza; ti accarezzo, ti parlo, ti ascolto; mi abbandono.",―斯うしてお前と一緒に居る。 甘い幸福が身體中に溢れる。 單にお前が居て呉れるといふ爲ばかりに幸福なことも時時はある。 媟えたり、喋つたり、全でわが身を忘れてゐる。,mi,わが,Giorgio,Giorgio,PRON,PRON,obj,nmod,explicit_ref_pos,
150,one-to-many,dn_156,isk_212 isk_213 isk_214 isk_215,"Sono accanto a te; mi sento tutto invaso dalla delizia che mi viene in certe ore dalla tua sola presenza; ti accarezzo, ti parlo, ti ascolto; mi abbandono.",―斯うしてお前と一緒に居る。 甘い幸福が身體中に溢れる。 單にお前が居て呉れるといふ爲ばかりに幸福なことも時時はある。 媟えたり、喋つたり、全でわが身を忘れてゐる。,Sono,居る,Giorgio,Giorgio,NULL,NULL,nsubj,nsubj,zero_zero_semantic,0.19561096318537677
150,one-to-many,dn_156,isk_212 isk_213 isk_214 isk_215,"Sono accanto a te; mi sento tutto invaso dalla delizia che mi viene in certe ore dalla tua sola presenza; ti accarezzo, ti parlo, ti ascolto; mi abbandono.",―斯うしてお前と一緒に居る。 甘い幸福が身體中に溢れる。 單にお前が居て呉れるといふ爲ばかりに幸福なことも時時はある。 媟えたり、喋つたり、全でわが身を忘れてゐる。,accarezzo,媟えたり,Giorgio,Giorgio,NULL,NULL,nsubj,nsubj,zero_zero_semantic,0.20261682307065482
150,one-to-many,dn_156,isk_212 isk_213 isk_214 isk_215,"Sono accanto a te; mi sento tutto invaso dalla delizia che mi viene in certe ore dalla tua sola presenza; ti accarezzo, ti parlo, ti ascolto; mi abbandono.",―斯うしてお前と一緒に居る。 甘い幸福が身體中に溢れる。 單にお前が居て呉れるといふ爲ばかりに幸福なことも時時はある。 媟えたり、喋つたり、全でわが身を忘れてゐる。,parlo,喋つたり,Giorgio,Giorgio,NULL,NULL,nsubj,nsubj,zero_zero_semantic,0.22189402344909287
150,one-to-many,dn_156,isk_212 isk_213 isk_214 isk_215,"Sono accanto a te; mi sento tutto invaso dalla delizia che mi viene in certe ore dalla tua sola presenza; ti accarezzo, ti parlo, ti ascolto; mi abbandono.",―斯うしてお前と一緒に居る。 甘い幸福が身體中に溢れる。 單にお前が居て呉れるといふ爲ばかりに幸福なことも時時はある。 媟えたり、喋つたり、全でわが身を忘れてゐる。,abbandono,忘れてゐる,Giorgio,Giorgio,NULL,NULL,nsubj,nsubj,zero_zero_semantic,0.4058541424904078
150,one-to-many,dn_156,isk_212 isk_213 isk_214 isk_215,"Sono accanto a te; mi sento tutto invaso dalla delizia che mi viene in certe ore dalla tua sola presenza; ti accarezzo, ti parlo, ti ascolto; mi abbandono.",―斯うしてお前と一緒に居る。 甘い幸福が身體中に溢れる。 單にお前が居て呉れるといふ爲ばかりに幸福なことも時時はある。 媟えたり、喋つたり、全でわが身を忘れてゐる。,mi,MISSING,Giorgio,MISSING,PRON-REFLEX,MISSING,obj,MISSING,leftover_source,
150,one-to-many,dn_156,isk_212 isk_213 isk_214 isk_215,"Sono accanto a te; mi sento tutto invaso dalla delizia che mi viene in certe ore dalla tua sola presenza; ti accarezzo, ti parlo, ti ascolto; mi abbandono.",―斯うしてお前と一緒に居る。 甘い幸福が身體中に溢れる。 單にお前が居て呉れるといふ爲ばかりに幸福なことも時時はある。 媟えたり、喋つたり、全でわが身を忘れてゐる。,sento,MISSING,Giorgio,MISSING,NULL,MISSING,nsubj,MISSING,leftover_source,
150,one-to-many,dn_156,isk_212 isk_213 isk_214 isk_215,"Sono accanto a te; mi sento tutto invaso dalla delizia che mi viene in certe ore dalla tua sola presenza; ti accarezzo, ti parlo, ti ascolto; mi abbandono.",―斯うしてお前と一緒に居る。 甘い幸福が身體中に溢れる。 單にお前が居て呉れるといふ爲ばかりに幸福なことも時時はある。 媟えたり、喋つたり、全でわが身を忘れてゐる。,ascolto,MISSING,Giorgio,MISSING,NULL,MISSING,nsubj,MISSING,leftover_source,
150,one-to-many,dn_156,isk_212 isk_213 isk_214 isk_215,"Sono accanto a te; mi sento tutto invaso dalla delizia che mi viene in certe ore dalla tua sola presenza; ti accarezzo, ti parlo, ti ascolto; mi abbandono.",―斯うしてお前と一緒に居る。 甘い幸福が身體中に溢れる。 單にお前が居て呉れるといふ爲ばかりに幸福なことも時時はある。 媟えたり、喋つたり、全でわが身を忘れてゐる。,mi,MISSING,Giorgio,MISSING,PRON-REFLEX,MISSING,obj,MISSING,leftover_source,
150,one-to-many,dn_156,isk_212 isk_213 isk_214 isk_215,"Sono accanto a te; mi sento tutto invaso dalla delizia che mi viene in certe ore dalla tua sola presenza; ti accarezzo, ti parlo, ti ascolto; mi abbandono.",―斯うしてお前と一緒に居る。 甘い幸福が身體中に溢れる。 單にお前が居て呉れるといふ爲ばかりに幸福なことも時時はある。 媟えたり、喋つたり、全でわが身を忘れてゐる。,te,お前,Ippolita,Ippolita,PRON,PRON,obj,obj,explicit_full,
150,one-to-many,dn_156,isk_212 isk_213 isk_214 isk_215,"Sono accanto a te; mi sento tutto invaso dalla delizia che mi viene in certe ore dalla tua sola presenza; ti accarezzo, ti parlo, ti ascolto; mi abbandono.",―斯うしてお前と一緒に居る。 甘い幸福が身體中に溢れる。 單にお前が居て呉れるといふ爲ばかりに幸福なことも時時はある。 媟えたり、喋つたり、全でわが身を忘れてゐる。,ti,お前,Ippolita,Ippolita,PRON,PRON,obj,nsubj,explicit_ref_pos,
150,one-to-many,dn_156,isk_212 isk_213 isk_214 isk_215,"Sono accanto a te; mi sento tutto invaso dalla delizia che mi viene in certe ore dalla tua sola presenza; ti accarezzo, ti parlo, ti ascolto; mi abbandono.",―斯うしてお前と一緒に居る。 甘い幸福が身體中に溢れる。 單にお前が居て呉れるといふ爲ばかりに幸福なことも時時はある。 媟えたり、喋つたり、全でわが身を忘れてゐる。,tua,MISSING,Ippolita,MISSING,DET,MISSING,nmod,MISSING,leftover_source,
150,one-to-many,dn_156,isk_212 isk_213 isk_214 isk_215,"Sono accanto a te; mi sento tutto invaso dalla delizia che mi viene in certe ore dalla tua sola presenza; ti accarezzo, ti parlo, ti ascolto; mi abbandono.",―斯うしてお前と一緒に居る。 甘い幸福が身體中に溢れる。 單にお前が居て呉れるといふ爲ばかりに幸福なことも時時はある。 媟えたり、喋つたり、全でわが身を忘れてゐる。,ti,MISSING,Ippolita,MISSING,PRON,MISSING,obj,MISSING,leftover_source,
150,one-to-many,dn_156,isk_212 isk_213 isk_214 isk_215,"Sono accanto a te; mi sento tutto invaso dalla delizia che mi viene in certe ore dalla tua sola presenza; ti accarezzo, ti parlo, ti ascolto; mi abbandono.",―斯うしてお前と一緒に居る。 甘い幸福が身體中に溢れる。 單にお前が居て呉れるといふ爲ばかりに幸福なことも時時はある。 媟えたり、喋つたり、全でわが身を忘れてゐる。,ti,MISSING,Ippolita,MISSING,PRON,MISSING,obj,MISSING,leftover_source,
151,one-to-one,dn_157,isk_216,"D'un tratto, un pensiero mi agghiaccia.",と、それが皆一時に、一種の考想で忽ち冷く化つて了ふ。,mi,MISSING,Giorgio,MISSING,PRON,MISSING,obj,MISSING,leftover_source,
151,one-to-one,dn_157,isk_216,"D'un tratto, un pensiero mi agghiaccia.",と、それが皆一時に、一種の考想で忽ち冷く化つて了ふ。,MISSING,冷く化つて了ふ,MISSING,Giorgio,MISSING,NULL,MISSING,nsubj,leftover_target,
152,one-to-one,dn_158,isk_217,"Se io, inconsapevolmente, suscitassi in te una memoria, il fantasma d'una sensazione già provata, una malinconia dei più lontani giorni?",其處へ氣が附かずに、昔の感覺の哀れな精骨―過去つた遠い日の哀愁―をお前につけて憶ひ出すやうにしたら奈何だ。,io,憶ひ出すやうにしたら,Giorgio,Giorgio,PRON,NULL,nsubj,nsubj,zero_to_src_anchor,
152,one-to-one,dn_158,isk_217,"Se io, inconsapevolmente, suscitassi in te una memoria, il fantasma d'una sensazione già provata, una malinconia dei più lontani giorni?",其處へ氣が附かずに、昔の感覺の哀れな精骨―過去つた遠い日の哀愁―をお前につけて憶ひ出すやうにしたら奈何だ。,te,お前,Ippolita,Ippolita,PRON,PRON,obj,obj,explicit_full,
153,one-to-one,dn_159,isk_218,Io non ti saprò mai dire la mia sofferenza.,その苦みと言つたら實にない。,Io,MISSING,Giorgio,MISSING,PRON,MISSING,nsubj,MISSING,leftover_source,
153,one-to-one,dn_159,isk_218,Io non ti saprò mai dire la mia sofferenza.,その苦みと言つたら實にない。,mia,MISSING,Giorgio,MISSING,DET,MISSING,nmod,MISSING,leftover_source,
153,one-to-one,dn_159,isk_218,Io non ti saprò mai dire la mia sofferenza.,その苦みと言つたら實にない。,ti,MISSING,Ippolita,MISSING,PRON,MISSING,obj,MISSING,leftover_source,
154,one-to-one,dn_160,isk_219,"Quel calore, che mi dava il sentimento illusorio di non so qual comunione fra me e te, cade d'un tratto.",お前との間に、甚麼結び附があるか知らないが、それを幻影にして見せる此の熱情も忽ち消󠄁えても了ふ。,so,知らないが,Giorgio,Giorgio,NULL,NULL,nsubj,nsubj,zero_zero_single,
154,one-to-one,dn_160,isk_219,"Quel calore, che mi dava il sentimento illusorio di non so qual comunione fra me e te, cade d'un tratto.",お前との間に、甚麼結び附があるか知らないが、それを幻影にして見せる此の熱情も忽ち消󠄁えても了ふ。,mi,MISSING,Giorgio,MISSING,PRON,MISSING,obj,MISSING,leftover_source,
154,one-to-one,dn_160,isk_219,"Quel calore, che mi dava il sentimento illusorio di non so qual comunione fra me e te, cade d'un tratto.",お前との間に、甚麼結び附があるか知らないが、それを幻影にして見せる此の熱情も忽ち消󠄁えても了ふ。,me,MISSING,Giorgio,MISSING,PRON,MISSING,obj,MISSING,leftover_source,
154,one-to-one,dn_160,isk_219,"Quel calore, che mi dava il sentimento illusorio di non so qual comunione fra me e te, cade d'un tratto.",お前との間に、甚麼結び附があるか知らないが、それを幻影にして見せる此の熱情も忽ち消󠄁えても了ふ。,te,お前,Ippolita,Ippolita,PRON,PRON,obj,obj,explicit_full,
155,one-to-one,dn_161,isk_220,"Tu mi sfuggi, ti allontani, diventi inaccessibile.",お前は竊然遁げて了つて、近づかうとしても近づけない。,mi,MISSING,Giorgio,MISSING,PRON,MISSING,obj,MISSING,leftover_source,
155,one-to-one,dn_161,isk_220,"Tu mi sfuggi, ti allontani, diventi inaccessibile.",お前は竊然遁げて了つて、近づかうとしても近づけない。,Tu,お前,Ippolita,Ippolita,PRON,PRON,nsubj,nsubj,explicit_full,
155,one-to-one,dn_161,isk_220,"Tu mi sfuggi, ti allontani, diventi inaccessibile.",お前は竊然遁げて了つて、近づかうとしても近づけない。,diventi,近づけない,Ippolita,Ippolita,NULL,NULL,nsubj,nsubj,zero_zero_semantic,0.42856897271596467
155,one-to-one,dn_161,isk_220,"Tu mi sfuggi, ti allontani, diventi inaccessibile.",お前は竊然遁げて了つて、近づかうとしても近づけない。,ti,MISSING,Ippolita,MISSING,PRON,MISSING,obj,MISSING,leftover_source,
155,one-to-one,dn_161,isk_220,"Tu mi sfuggi, ti allontani, diventi inaccessibile.",お前は竊然遁げて了つて、近づかうとしても近づけない。,allontani,MISSING,Ippolita,MISSING,NULL,MISSING,nsubj,MISSING,leftover_source,
156,one-to-one,dn_162,isk_221,"Io rimango solo, in una solitudine spaventevole.",迹には俺一人情乎と凄慘じい曠野に取殘される。,Io,俺,Giorgio,Giorgio,PRON,PRON,nsubj,nsubj,explicit_full,
156,one-to-one,dn_162,isk_221,"Io rimango solo, in una solitudine spaventevole.",迹には俺一人情乎と凄慘じい曠野に取殘される。,MISSING,取殘される,MISSING,Giorgio,MISSING,NULL,MISSING,nsubj,leftover_target,
158,one-to-one,dn_164,isk_223,Tu mi sembri estranea come quando non mi amavi.,俺への戀が始まる前と今日とで、赤の他人に何の異りもない。,mi,俺,Giorgio,Giorgio,PRON,PRON,obj,obj,explicit_full,
158,one-to-one,dn_164,isk_223,Tu mi sembri estranea come quando non mi amavi.,俺への戀が始まる前と今日とで、赤の他人に何の異りもない。,mi,MISSING,Giorgio,MISSING,PRON,MISSING,obj,MISSING,leftover_source,
158,one-to-one,dn_164,isk_223,Tu mi sembri estranea come quando non mi amavi.,俺への戀が始まる前と今日とで、赤の他人に何の異りもない。,Tu,MISSING,Ippolita,MISSING,PRON,MISSING,nsubj,MISSING,leftover_source,
158,one-to-one,dn_164,isk_223,Tu mi sembri estranea come quando non mi amavi.,俺への戀が始まる前と今日とで、赤の他人に何の異りもない。,amavi,MISSING,Ippolita,MISSING,NULL,MISSING,nsubj,MISSING,leftover_source,
159,one-to-many,dn_165,isk_224 isk_225 isk_226 isk_227,"Ed io non ti accarezzo più, non parlo più; mi chiudo; evito qualunque manifestazione esteriore; ho paura che ogni minimo urto possa sollevare nel fondo del tuo spirito quei sedimenti oscuri che vi ha accumulati la vita irrevocabile.",そして俺はもう媟えもしず口も利かないで、自分の立ち場に閉籠る。 外面的な矯飾は一切見たせまいとする。 お前の心の底には挽回の附かない前半生の間に溜つた殘滓が澱んでゐる。 それがごく厪かな波動にも播られて浮き上つて來はしないかと戰戰する。,io,俺,Giorgio,Giorgio,PRON,PRON,nsubj,nsubj,explicit_full,
159,one-to-many,dn_165,isk_224 isk_225 isk_226 isk_227,"Ed io non ti accarezzo più, non parlo più; mi chiudo; evito qualunque manifestazione esteriore; ho paura che ogni minimo urto possa sollevare nel fondo del tuo spirito quei sedimenti oscuri che vi ha accumulati la vita irrevocabile.",そして俺はもう媟えもしず口も利かないで、自分の立ち場に閉籠る。 外面的な矯飾は一切見たせまいとする。 お前の心の底には挽回の附かない前半生の間に溜つた殘滓が澱んでゐる。 それがごく厪かな波動にも播られて浮き上つて來はしないかと戰戰する。,parlo,浮き上つて來,Giorgio,Giorgio,NULL,NULL,nsubj,nsubj,zero_zero_semantic,0.4660190496599299
159,one-to-many,dn_165,isk_224 isk_225 isk_226 isk_227,"Ed io non ti accarezzo più, non parlo più; mi chiudo; evito qualunque manifestazione esteriore; ho paura che ogni minimo urto possa sollevare nel fondo del tuo spirito quei sedimenti oscuri che vi ha accumulati la vita irrevocabile.",そして俺はもう媟えもしず口も利かないで、自分の立ち場に閉籠る。 外面的な矯飾は一切見たせまいとする。 お前の心の底には挽回の附かない前半生の間に溜つた殘滓が澱んでゐる。 それがごく厪かな波動にも播られて浮き上つて來はしないかと戰戰する。,chiudo,自分,Giorgio,Giorgio,NULL,NULL,nsubj,nsubj,zero_zero_semantic,0.2101806422312935
159,one-to-many,dn_165,isk_224 isk_225 isk_226 isk_227,"Ed io non ti accarezzo più, non parlo più; mi chiudo; evito qualunque manifestazione esteriore; ho paura che ogni minimo urto possa sollevare nel fondo del tuo spirito quei sedimenti oscuri che vi ha accumulati la vita irrevocabile.",そして俺はもう媟えもしず口も利かないで、自分の立ち場に閉籠る。 外面的な矯飾は一切見たせまいとする。 お前の心の底には挽回の附かない前半生の間に溜つた殘滓が澱んでゐる。 それがごく厪かな波動にも播られて浮き上つて來はしないかと戰戰する。,evito,利かないで,Giorgio,Giorgio,NULL,NULL,nsubj,nsubj,zero_zero_semantic,0.42978116846245445
159,one-to-many,dn_165,isk_224 isk_225 isk_226 isk_227,"Ed io non ti accarezzo più, non parlo più; mi chiudo; evito qualunque manifestazione esteriore; ho paura che ogni minimo urto possa sollevare nel fondo del tuo spirito quei sedimenti oscuri che vi ha accumulati la vita irrevocabile.",そして俺はもう媟えもしず口も利かないで、自分の立ち場に閉籠る。 外面的な矯飾は一切見たせまいとする。 お前の心の底には挽回の附かない前半生の間に溜つた殘滓が澱んでゐる。 それがごく厪かな波動にも播られて浮き上つて來はしないかと戰戰する。,ho,閉籠る,Giorgio,Giorgio,NULL,NULL,nsubj,nsubj,zero_zero_semantic,0.5580311994011077
159,one-to-many,dn_165,isk_224 isk_225 isk_226 isk_227,"Ed io non ti accarezzo più, non parlo più; mi chiudo; evito qualunque manifestazione esteriore; ho paura che ogni minimo urto possa sollevare nel fondo del tuo spirito quei sedimenti oscuri che vi ha accumulati la vita irrevocabile.",そして俺はもう媟えもしず口も利かないで、自分の立ち場に閉籠る。 外面的な矯飾は一切見たせまいとする。 お前の心の底には挽回の附かない前半生の間に溜つた殘滓が澱んでゐる。 それがごく厪かな波動にも播られて浮き上つて來はしないかと戰戰する。,mi,MISSING,Giorgio,MISSING,PRON-REFLEX,MISSING,obj,MISSING,leftover_source,
159,one-to-many,dn_165,isk_224 isk_225 isk_226 isk_227,"Ed io non ti accarezzo più, non parlo più; mi chiudo; evito qualunque manifestazione esteriore; ho paura che ogni minimo urto possa sollevare nel fondo del tuo spirito quei sedimenti oscuri che vi ha accumulati la vita irrevocabile.",そして俺はもう媟えもしず口も利かないで、自分の立ち場に閉籠る。 外面的な矯飾は一切見たせまいとする。 お前の心の底には挽回の附かない前半生の間に溜つた殘滓が澱んでゐる。 それがごく厪かな波動にも播られて浮き上つて來はしないかと戰戰する。,MISSING,見たせまいとする,MISSING,Giorgio,MISSING,NULL,MISSING,nsubj,leftover_target,
159,one-to-many,dn_165,isk_224 isk_225 isk_226 isk_227,"Ed io non ti accarezzo più, non parlo più; mi chiudo; evito qualunque manifestazione esteriore; ho paura che ogni minimo urto possa sollevare nel fondo del tuo spirito quei sedimenti oscuri che vi ha accumulati la vita irrevocabile.",そして俺はもう媟えもしず口も利かないで、自分の立ち場に閉籠る。 外面的な矯飾は一切見たせまいとする。 お前の心の底には挽回の附かない前半生の間に溜つた殘滓が澱んでゐる。 それがごく厪かな波動にも播られて浮き上つて來はしないかと戰戰する。,MISSING,播られて,MISSING,Giorgio,MISSING,NULL,MISSING,nsubj,leftover_target,
159,one-to-many,dn_165,isk_224 isk_225 isk_226 isk_227,"Ed io non ti accarezzo più, non parlo più; mi chiudo; evito qualunque manifestazione esteriore; ho paura che ogni minimo urto possa sollevare nel fondo del tuo spirito quei sedimenti oscuri che vi ha accumulati la vita irrevocabile.",そして俺はもう媟えもしず口も利かないで、自分の立ち場に閉籠る。 外面的な矯飾は一切見たせまいとする。 お前の心の底には挽回の附かない前半生の間に溜つた殘滓が澱んでゐる。 それがごく厪かな波動にも播られて浮き上つて來はしないかと戰戰する。,MISSING,戰戰する,MISSING,Giorgio,MISSING,NULL,MISSING,nsubj,leftover_target,
159,one-to-many,dn_165,isk_224 isk_225 isk_226 isk_227,"Ed io non ti accarezzo più, non parlo più; mi chiudo; evito qualunque manifestazione esteriore; ho paura che ogni minimo urto possa sollevare nel fondo del tuo spirito quei sedimenti oscuri che vi ha accumulati la vita irrevocabile.",そして俺はもう媟えもしず口も利かないで、自分の立ち場に閉籠る。 外面的な矯飾は一切見たせまいとする。 お前の心の底には挽回の附かない前半生の間に溜つた殘滓が澱んでゐる。 それがごく厪かな波動にも播られて浮き上つて來はしないかと戰戰する。,tuo,お前,Ippolita,Ippolita,DET,PRON,nmod,nmod,explicit_ref_case,
159,one-to-many,dn_165,isk_224 isk_225 isk_226 isk_227,"Ed io non ti accarezzo più, non parlo più; mi chiudo; evito qualunque manifestazione esteriore; ho paura che ogni minimo urto possa sollevare nel fondo del tuo spirito quei sedimenti oscuri che vi ha accumulati la vita irrevocabile.",そして俺はもう媟えもしず口も利かないで、自分の立ち場に閉籠る。 外面的な矯飾は一切見たせまいとする。 お前の心の底には挽回の附かない前半生の間に溜つた殘滓が澱んでゐる。 それがごく厪かな波動にも播られて浮き上つて來はしないかと戰戰する。,ti,MISSING,Ippolita,MISSING,PRON,MISSING,obj,MISSING,leftover_source,
160,one-to-many,dn_166,isk_228 isk_229 isk_230,"E allora cadono su noi quei lunghi silenzi angosciosi, in cui le forze del cuore si consumano inutilmente, miseramente.",すると其處に長い長い沈默が續く。 沈默の裏は煩悶むだ。 だから心のエネルギイは徒爾に、悲慘に費されて了ふ。,noi,MISSING,Giorgio Ippolita,MISSING,PRON,MISSING,obj,MISSING,leftover_source,
161,one-to-one,dn_167,isk_232,Io ti domando:,斯う俺が訊く。,Io,俺,Giorgio,Giorgio,PRON,PRON,nsubj,nsubj,explicit_full,
161,one-to-one,dn_167,isk_232,Io ti domando:,斯う俺が訊く。,ti,MISSING,Ippolita,MISSING,PRON,MISSING,obj,MISSING,leftover_source,
162,one-to-one,dn_168,isk_231,A che pensi?,何を考へてるんだ。,pensi,考へてる,Ippolita,Ippolita,NULL,NULL,nsubj,nsubj,zero_zero_single,
163,one-to-many,dn_169,isk_233 isk_235,Tu mi rispondi:,お前も と問ひ返す。,mi,MISSING,Giorgio,MISSING,PRON,MISSING,obj,MISSING,leftover_source,
163,one-to-many,dn_169,isk_233 isk_235,Tu mi rispondi:,お前も と問ひ返す。,Tu,お前,Ippolita,Ippolita,PRON,PRON,nsubj,nsubj,explicit_full,
164,one-to-one,dn_170,isk_234,A che pensi?,貴郞何考へて？,pensi,貴郞,Giorgio,Giorgio,NULL,PRON,nsubj,nsubj,zero_to_tgt_anchor,
165,one-to-one,dn_171,isk_236,Io non so il tuo pensiero; tu non sai il mio.,俺にはお前の量見が解らず、お前には俺の量見が解らない。,mio,俺,Giorgio,Giorgio,DET,PRON,nmod,nmod,explicit_ref_case,
165,one-to-one,dn_171,isk_236,Io non so il tuo pensiero; tu non sai il mio.,俺にはお前の量見が解らず、お前には俺の量見が解らない。,Io,俺,Giorgio,Giorgio,PRON,PRON,nsubj,obj,explicit_ref_pos,
165,one-to-one,dn_171,isk_236,Io non so il tuo pensiero; tu non sai il mio.,俺にはお前の量見が解らず、お前には俺の量見が解らない。,tuo,お前,Ippolita,Ippolita,DET,PRON,nmod,nmod,explicit_ref_case,
165,one-to-one,dn_171,isk_236,Io non so il tuo pensiero; tu non sai il mio.,俺にはお前の量見が解らず、お前には俺の量見が解らない。,tu,お前,Ippolita,Ippolita,PRON,PRON,nsubj,obj,explicit_ref_pos,
166,one-to-one,dn_172,isk_237,Il distacco si fa sempre più profondo; diventa un abisso.,一刻一刻に互の隔たりは擴がつて行つて終には淵が出來る。,MISSING,互,MISSING,Giorgio Ippolita,MISSING,NULL,MISSING,nsubj,leftover_target,
167,one-to-one,dn_176,isk_239,Ippolita disse:,イッポリイタは留めた。,Ippolita,イッポリイタ,Ippolita,Ippolita,PROPN,PROPN,nsubj,nsubj,explicit_full,
168,one-to-one,dn_177,isk_240,Io non provo questo.,私には那樣經驗無いわ。,Io,私,Ippolita,Ippolita,PRON,PRON,nsubj,nsubj,explicit_full,
169,one-to-one,dn_178,isk_241,Io ho più abbandono.,今までよりも、もつとずつと深く貴郞に獻げてるのですもの。,MISSING,貴郞,MISSING,Giorgio,MISSING,PRON,MISSING,obj,leftover_target,
169,one-to-one,dn_178,isk_241,Io ho più abbandono.,今までよりも、もつとずつと深く貴郞に獻げてるのですもの。,Io,獻げてる,Ippolita,Ippolita,PRON,NULL,nsubj,nsubj,zero_to_src_anchor,
170,one-to-one,dn_179,isk_242,"Forse, amo di più.",私の方が戀が强いと思ふわ。,amo,私,Ippolita,Ippolita,NULL,PRON,nsubj,nsubj,zero_to_tgt_anchor,
171,one-to-many,dn_180,isk_243 isk_244,"Di nuovo, questa affermazione di superiorità punse l'infermo.",女の方が戀が强い。 それを聽かされた半病人は、復た傷を受けた。,l'infermo,それを聽かされた半病人,Giorgio,Giorgio,NOUN,NOUN,obj,nsubj,explicit_ref_pos,
171,one-to-many,dn_180,isk_243 isk_244,"Di nuovo, questa affermazione di superiorità punse l'infermo.",女の方が戀が强い。 それを聽かされた半病人は、復た傷を受けた。,MISSING,女,MISSING,Ippolita,MISSING,NOUN,MISSING,nsubj,leftover_target,
172,one-to-one,dn_182,isk_245,Tu pensi troppo.,貴郞は考へ過ぎるんだわ。,Tu,貴郞,Giorgio,Giorgio,PRON,PRON,nsubj,nsubj,explicit_full,
173,one-to-one,dn_183,isk_246,Tu segui troppo il tuo pensiero.,御自分の思ふ事を庇ひ過ぎるわ。,tuo,御自分,Giorgio,Giorgio,DET,PRON,nmod,nmod,explicit_ref_case,
173,one-to-one,dn_183,isk_246,Tu segui troppo il tuo pensiero.,御自分の思ふ事を庇ひ過ぎるわ。,Tu,庇ひ過ぎる,Giorgio,Giorgio,PRON,NULL,nsubj,nsubj,zero_to_src_anchor,
174,one-to-many,dn_184,isk_247 isk_248,"Il tuo pensiero ti attrae forse più che io non ti attragga, perché è sempre nuovo e sempre diverso; mentre io ho già perduta ogni novità.",貴郞の「思想」と私とを比べたらそれは「思想」の方へ牽かされても御無理とは思はないの。 「思想」は始終變化して新らしくなつて行くけれど、私からは別に新らしい物と言つてお目に掛ける譯に行かないんだもの。,tuo,貴郞,Giorgio,Giorgio,DET,PRON,nmod,nmod,explicit_ref_case,
174,one-to-many,dn_184,isk_247 isk_248,"Il tuo pensiero ti attrae forse più che io non ti attragga, perché è sempre nuovo e sempre diverso; mentre io ho già perduta ogni novità.",貴郞の「思想」と私とを比べたらそれは「思想」の方へ牽かされても御無理とは思はないの。 「思想」は始終變化して新らしくなつて行くけれど、私からは別に新らしい物と言つてお目に掛ける譯に行かないんだもの。,ti,MISSING,Giorgio,MISSING,PRON,MISSING,obj,MISSING,leftover_source,
174,one-to-many,dn_184,isk_247 isk_248,"Il tuo pensiero ti attrae forse più che io non ti attragga, perché è sempre nuovo e sempre diverso; mentre io ho già perduta ogni novità.",貴郞の「思想」と私とを比べたらそれは「思想」の方へ牽かされても御無理とは思はないの。 「思想」は始終變化して新らしくなつて行くけれど、私からは別に新らしい物と言つてお目に掛ける譯に行かないんだもの。,ti,MISSING,Giorgio,MISSING,PRON,MISSING,obj,MISSING,leftover_source,
174,one-to-many,dn_184,isk_247 isk_248,"Il tuo pensiero ti attrae forse più che io non ti attragga, perché è sempre nuovo e sempre diverso; mentre io ho già perduta ogni novità.",貴郞の「思想」と私とを比べたらそれは「思想」の方へ牽かされても御無理とは思はないの。 「思想」は始終變化して新らしくなつて行くけれど、私からは別に新らしい物と言つてお目に掛ける譯に行かないんだもの。,MISSING,お目に掛ける譯に行かない,MISSING,Giorgio,MISSING,NULL,MISSING,nsubj,leftover_target,
174,one-to-many,dn_184,isk_247 isk_248,"Il tuo pensiero ti attrae forse più che io non ti attragga, perché è sempre nuovo e sempre diverso; mentre io ho già perduta ogni novità.",貴郞の「思想」と私とを比べたらそれは「思想」の方へ牽かされても御無理とは思はないの。 「思想」は始終變化して新らしくなつて行くけれど、私からは別に新らしい物と言つてお目に掛ける譯に行かないんだもの。,io,私,Ippolita,Ippolita,PRON,PRON,nsubj,obj,explicit_ref_pos,
174,one-to-many,dn_184,isk_247 isk_248,"Il tuo pensiero ti attrae forse più che io non ti attragga, perché è sempre nuovo e sempre diverso; mentre io ho già perduta ogni novità.",貴郞の「思想」と私とを比べたらそれは「思想」の方へ牽かされても御無理とは思はないの。 「思想」は始終變化して新らしくなつて行くけれど、私からは別に新らしい物と言つてお目に掛ける譯に行かないんだもの。,io,私,Ippolita,Ippolita,PRON,PRON,nsubj,obj,explicit_ref_pos,
174,one-to-many,dn_184,isk_247 isk_248,"Il tuo pensiero ti attrae forse più che io non ti attragga, perché è sempre nuovo e sempre diverso; mentre io ho già perduta ogni novità.",貴郞の「思想」と私とを比べたらそれは「思想」の方へ牽かされても御無理とは思はないの。 「思想」は始終變化して新らしくなつて行くけれど、私からは別に新らしい物と言つてお目に掛ける譯に行かないんだもの。,MISSING,思はない,MISSING,Ippolita,MISSING,NULL,MISSING,nsubj,leftover_target,
175,one-to-many,dn_185,isk_249 isk_250,"Nei primi tempi del tuo amore, tu eri meno pensoso e più spontaneo.",でも最初の頃は貴郞も那樣でなかつたわね。 もつと自然だつたわ。,tu,貴郞,Giorgio,Giorgio,PRON,PRON,nsubj,nsubj,explicit_full,
175,one-to-many,dn_185,isk_249 isk_250,"Nei primi tempi del tuo amore, tu eri meno pensoso e più spontaneo.",でも最初の頃は貴郞も那樣でなかつたわね。 もつと自然だつたわ。,tuo,MISSING,Giorgio,MISSING,DET,MISSING,nmod,MISSING,leftover_source,
175,one-to-many,dn_185,isk_249 isk_250,"Nei primi tempi del tuo amore, tu eri meno pensoso e più spontaneo.",でも最初の頃は貴郞も那樣でなかつたわね。 もつと自然だつたわ。,MISSING,だつた,MISSING,Giorgio,MISSING,NULL,MISSING,nsubj,leftover_target,
176,one-to-one,dn_186,isk_251,"Non avevi ancóra preso il gusto delle cose amare, perché eri più largo di baci che di parole.",餘り生の苦みに注意を向ける風でもなく、く、く議論をを滅多になさりはしないで、接吻の方が盛んだつたわ。,Non avevi,MISSING,Giorgio,MISSING,NULL,MISSING,nsubj,MISSING,leftover_source,
176,one-to-one,dn_186,isk_251,"Non avevi ancóra preso il gusto delle cose amare, perché eri più largo di baci che di parole.",餘り生の苦みに注意を向ける風でもなく、く、く議論をを滅多になさりはしないで、接吻の方が盛んだつたわ。,eri,MISSING,Giorgio,MISSING,NULL,MISSING,nsubj,MISSING,leftover_source,
177,one-to-many,dn_187,isk_252 isk_253 isk_254 isk_255,"Già che, come tu dici, la parola è un segno imperfetto, non bisogna abusarne.",貴郞被仰つたでせう 言語なんて不完全な符牒だけのものだ つて。 それならそのお積りで居らつしやいな。,tu,貴郞,Giorgio,Giorgio,PRON,PRON,nsubj,nsubj,explicit_full,
177,one-to-many,dn_187,isk_252 isk_253 isk_254 isk_255,"Già che, come tu dici, la parola è un segno imperfetto, non bisogna abusarne.",貴郞被仰つたでせう 言語なんて不完全な符牒だけのものだ つて。 それならそのお積りで居らつしやいな。,MISSING,被仰つたでせう,MISSING,Giorgio,MISSING,NULL,MISSING,nsubj,leftover_target,
177,one-to-many,dn_187,isk_252 isk_253 isk_254 isk_255,"Già che, come tu dici, la parola è un segno imperfetto, non bisogna abusarne.",貴郞被仰つたでせう 言語なんて不完全な符牒だけのものだ つて。 それならそのお積りで居らつしやいな。,MISSING,居らつしやい,MISSING,Giorgio,MISSING,NULL,MISSING,nsubj,leftover_target,
178,one-to-one,dn_188,isk_256,"Tu ne abusi, quasi sempre con crudeltà.",貴郞のは餘り亂暴だと思ふわ。,Tu,貴郞,Giorgio,Giorgio,PRON,PRON,nsubj,nmod,explicit_ref_pos,
178,one-to-one,dn_188,isk_256,"Tu ne abusi, quasi sempre con crudeltà.",貴郞のは餘り亂暴だと思ふわ。,MISSING,思ふ,MISSING,Ippolita,MISSING,NULL,MISSING,nsubj,leftover_target,
179,one-to-many,dn_189,isk_257 isk_258,"Poi, dopo un intervallo di silenzio, allettata ella stessa da una frase, non potendo resistere al desiderio di proferirla, soggiunse:",暫時無言で居た。 男の言葉に慫られて、心の中を見せなければならぬ氣につい成つて、,MISSING,男,MISSING,Giorgio,MISSING,NOUN,MISSING,nmod,leftover_target,
179,one-to-many,dn_189,isk_257 isk_258,"Poi, dopo un intervallo di silenzio, allettata ella stessa da una frase, non potendo resistere al desiderio di proferirla, soggiunse:",暫時無言で居た。 男の言葉に慫られて、心の中を見せなければならぬ氣につい成つて、,soggiunse,成つて,Ippolita,Ippolita,NULL,NULL,nsubj,nsubj,zero_zero_semantic,0.4903488404343577
179,one-to-many,dn_189,isk_257 isk_258,"Poi, dopo un intervallo di silenzio, allettata ella stessa da una frase, non potendo resistere al desiderio di proferirla, soggiunse:",暫時無言で居た。 男の言葉に慫られて、心の中を見せなければならぬ氣につい成つて、,ella,居た,Ippolita,Ippolita,PRON,NULL,nsubj,nsubj,zero_to_src_anchor,
179,one-to-many,dn_189,isk_257 isk_258,"Poi, dopo un intervallo di silenzio, allettata ella stessa da una frase, non potendo resistere al desiderio di proferirla, soggiunse:",暫時無言で居た。 男の言葉に慫られて、心の中を見せなければならぬ氣につい成つて、,MISSING,慫られて,MISSING,Ippolita,MISSING,NULL,MISSING,nsubj,leftover_target,
181,one-to-one,dn_191,isk_260,"Come l'ebbe proferita, si pentì.",斯う言ひは言つたがすぐ迹ではつと思つた。,ebbe proferita,言つた,Ippolita,Ippolita,NULL,NULL,nsubj,nsubj,zero_zero_semantic,0.09834015369415283
181,one-to-one,dn_191,isk_260,"Come l'ebbe proferita, si pentì.",斯う言ひは言つたがすぐ迹ではつと思つた。,pentì,思つた,Ippolita,Ippolita,NULL,NULL,nsubj,nsubj,zero_zero_semantic,0.41874640583992007
181,one-to-one,dn_191,isk_260,"Come l'ebbe proferita, si pentì.",斯う言ひは言つたがすぐ迹ではつと思つた。,si,MISSING,Ippolita,MISSING,PRON-REFLEX,MISSING,obj,MISSING,leftover_source,
182,one-to-many,dn_192,isk_261 isk_262,"La frase le parve volgarissima, poco feminina, acerba.",粗暴を悔いた。 女らしくない、暗詆めいた語だと顧みられた。,le,MISSING,Ippolita,MISSING,PRON,MISSING,obj,MISSING,leftover_source,
182,one-to-many,dn_192,isk_261 isk_262,"La frase le parve volgarissima, poco feminina, acerba.",粗暴を悔いた。 女らしくない、暗詆めいた語だと顧みられた。,MISSING,悔いた,MISSING,Ippolita,MISSING,NULL,MISSING,nsubj,leftover_target,
182,one-to-many,dn_192,isk_261 isk_262,"La frase le parve volgarissima, poco feminina, acerba.",粗暴を悔いた。 女らしくない、暗詆めいた語だと顧みられた。,MISSING,顧みられた,MISSING,Ippolita,MISSING,NULL,MISSING,nsubj,leftover_target,
183,one-to-one,dn_193,isk_263,"Ella si rammaricò di non aver conservato quel tono di dolcezza e d'indulgenza, da cui dianzi Giorgio era rimasto confuso.",先刻物優しい調子で男を動かしたのが、形無しになつたと思つた。,Giorgio,男,Giorgio,Giorgio,PROPN,NOUN,nsubj,obj,explicit_ref_only,
183,one-to-one,dn_193,isk_263,"Ella si rammaricò di non aver conservato quel tono di dolcezza e d'indulgenza, da cui dianzi Giorgio era rimasto confuso.",先刻物優しい調子で男を動かしたのが、形無しになつたと思つた。,Ella,動かした,Ippolita,Ippolita,PRON,NULL,nsubj,nsubj,zero_to_src_anchor,
183,one-to-one,dn_193,isk_263,"Ella si rammaricò di non aver conservato quel tono di dolcezza e d'indulgenza, da cui dianzi Giorgio era rimasto confuso.",先刻物優しい調子で男を動かしたのが、形無しになつたと思つた。,si,MISSING,Ippolita,MISSING,PRON-REFLEX,MISSING,obj,MISSING,leftover_source,
183,one-to-one,dn_193,isk_263,"Ella si rammaricò di non aver conservato quel tono di dolcezza e d'indulgenza, da cui dianzi Giorgio era rimasto confuso.",先刻物優しい調子で男を動かしたのが、形無しになつたと思つた。,MISSING,思つた,MISSING,Ippolita,MISSING,NULL,MISSING,nsubj,leftover_target,
184,one-to-one,dn_194,isk_264,Ancóra una volta ella mancava al proposito d'essere per l'amico una paziente e delicata medicatrice.,堪へ性の强い、情深い看護婦で居ようといふ覺悟を、又しても取り外した。,l'amico,MISSING,Giorgio,MISSING,NOUN,MISSING,obj,MISSING,leftover_source,
184,one-to-one,dn_194,isk_264,Ancóra una volta ella mancava al proposito d'essere per l'amico una paziente e delicata medicatrice.,堪へ性の强い、情深い看護婦で居ようといふ覺悟を、又しても取り外した。,ella,取り外した,Ippolita,Ippolita,PRON,NULL,nsubj,nsubj,zero_to_src_anchor,
185,one-to-one,dn_195,isk_265,"Vedi,",然うでせう。,Vedi,MISSING,Giorgio,MISSING,NULL,MISSING,nsubj,MISSING,leftover_source,
186,one-to-one,dn_196,isk_267,"ella disse, mostrando nella voce quel rammarico",悔恨の心持で言つた。,ella,言つた,Ippolita,Ippolita,PRON,NULL,nsubj,nsubj,zero_to_src_anchor,
187,one-to-one,dn_197,isk_266,tu mi guasti.,私を壊すのは貴郞ぢやなくつて。,tu,貴郞,Giorgio,Giorgio,PRON,PRON,nsubj,nsubj,explicit_full,
187,one-to-one,dn_197,isk_266,tu mi guasti.,私を壊すのは貴郞ぢやなくつて。,mi,私,Ippolita,Ippolita,PRON,PRON,obj,obj,explicit_full,
188,one-to-one,dn_198,isk_268,Egli appena sorrise.,幽かな微笑が男に浮んだ。,Egli,男,Giorgio,Giorgio,PRON,NOUN,nsubj,obj,explicit_ref_only,
189,one-to-one,dn_199,isk_269,Ambedue sentivano che in quella disputa non avevano ferito se non l'amore.,斯うした物爭ひは、唯戀に傷つけるばかりのものといふことは、二人に解つて居た。,Ambedue,二人,Giorgio Ippolita,Giorgio Ippolita,PRON,NOUN,nsubj,nsubj,explicit_ref_case,
189,one-to-one,dn_199,isk_269,Ambedue sentivano che in quella disputa non avevano ferito se non l'amore.,斯うした物爭ひは、唯戀に傷つけるばかりのものといふことは、二人に解つて居た。,avevano,MISSING,Giorgio Ippolita,MISSING,NULL,MISSING,nsubj,MISSING,leftover_source,
190,one-to-one,dn_200,isk_270,"La carrozza prelatizia ripassò, al piccolo trotto di due cavalli neri dalle code intonse.",司教の馬車が、復た尾の長い二頭の驔の速步に牽かれて通つた。,MISSING,司教,MISSING,prelate,MISSING,NOUN,MISSING,nmod,leftover_target,
194,one-to-one,dn_204,isk_276,Giorgio pensava:,ジォルジオは自分て自分に間うた。,Giorgio,ジォルジオ,Giorgio,Giorgio,PROPN,PROPN,nsubj,nsubj,explicit_full,
194,one-to-one,dn_204,isk_276,Giorgio pensava:,ジォルジオは自分て自分に間うた。,MISSING,自分,MISSING,Giorgio,MISSING,NOUN,MISSING,obj,leftover_target,
194,one-to-one,dn_204,isk_276,Giorgio pensava:,ジォルジオは自分て自分に間うた。,MISSING,自分,MISSING,Giorgio,MISSING,NOUN,MISSING,obj,leftover_target,
195,one-to-one,dn_205,isk_275,Mi ama ella ancóra?,依然俺に戀してゐるのか知ら。,Mi,俺,Giorgio,Giorgio,PRON,PRON,obj,nsubj,explicit_ref_pos,
195,one-to-one,dn_205,isk_275,Mi ama ella ancóra?,依然俺に戀してゐるのか知ら。,ella,戀してゐる,Ippolita,Ippolita,PRON,NULL,nsubj,nsubj,zero_to_src_anchor,
196,one-to-one,dn_206,isk_277,E perché è così irritabile?,女がすぐ急き込んで來るのは何爲だらう。,è,女,Ippolita,Ippolita,NULL,NOUN,nsubj,nsubj,zero_to_tgt_anchor,
197,one-to-many,dn_207,isk_278 isk_279,Sente ella forse che io dico la verità o ciò che sta per essere la verità?,俺の言ふ事が眞實だと感ずるからだらう。 少くも眞實に近寄つて行くからだらう。,io,俺,Giorgio,Giorgio,PRON,PRON,nsubj,nmod,explicit_ref_pos,
197,one-to-many,dn_207,isk_278 isk_279,Sente ella forse che io dico la verità o ciò che sta per essere la verità?,俺の言ふ事が眞實だと感ずるからだらう。 少くも眞實に近寄つて行くからだらう。,ella,感ずる,Ippolita,Ippolita,PRON,NULL,nsubj,nsubj,zero_to_src_anchor,
199,one-to-one,dn_209,isk_281,Ma questa irritazione sorda e continua non è anche in fondo a me?,だが然ういふ自分も初中終節く苛々してゐるではないか。,me,自分,Giorgio,Giorgio,PRON,NOUN,obj,nsubj,explicit_ref_only,
200,one-to-one,dn_210,isk_282,Io so in me la causa vera.,が此の原因は明瞭だ。,Io,MISSING,Giorgio,MISSING,PRON,MISSING,nsubj,MISSING,leftover_source,
200,one-to-one,dn_210,isk_282,Io so in me la causa vera.,が此の原因は明瞭だ。,me,MISSING,Giorgio,MISSING,PRON,MISSING,obj,MISSING,leftover_source,
201,one-to-one,dn_211,isk_283,Sono geloso.,自分は嫉妬深いんだ。,Sono,自分,Giorgio,Giorgio,NULL,NOUN,nsubj,nsubj,zero_to_tgt_anchor,
202,one-to-one,dn_212,isk_284,Di che?,何を嫉妬する？,MISSING,嫉妬する,MISSING,Giorgio,MISSING,NULL,MISSING,nsubj,leftover_target,
203,many-to-one,dn_213 dn_214,isk_285,Di tutto: —delle cose che si riflettono ne' suoi occhi....,凡てが可妬しい―女の眼に映る物は何が何でも…。,suoi,女,Ippolita,Ippolita,DET,NOUN,nmod,nmod,explicit_ref_case,
204,one-to-one,dn_215,isk_286,Egli la guardò.,眼を女の方に呉れた。,Egli,呉れた,Giorgio,Giorgio,PRON,NULL,nsubj,nsubj,zero_to_src_anchor,
204,one-to-one,dn_215,isk_286,Egli la guardò.,眼を女の方に呉れた。,la,女,Ippolita,Ippolita,PRON,NOUN,obj,obj,explicit_ref_case,
205,one-to-one,dn_216,isk_287,"È bellissima, oggi.",今日は莫迦に美しい顏をしてる。,È,してる,Ippolita,Ippolita,NULL,NULL,nsubj,nsubj,zero_zero_single,
206,one-to-one,dn_217,isk_288,È pallida.,色も蒼い。,È,MISSING,Ippolita,MISSING,NULL,MISSING,nsubj,MISSING,leftover_source,
207,one-to-one,dn_218,isk_289,Mi piacerebbe sempre afflitta e sempre malata.,沈んだ病痛しい棒子を見せて居て呉れれば俺は嬉しいんだ。,Mi,俺,Giorgio,Giorgio,PRON,PRON,obj,nsubj,explicit_ref_pos,
207,one-to-one,dn_218,isk_289,Mi piacerebbe sempre afflitta e sempre malata.,沈んだ病痛しい棒子を見せて居て呉れれば俺は嬉しいんだ。,piacerebbe,見せて居て呉れれば,Ippolita,Ippolita,NULL,NULL,nsubj,nsubj,zero_zero_single,
208,one-to-one,dn_219,isk_290,"Quando ella si colorisce, mi pare un'altra.",顏が晴晴しくなり出すと、旣う別な女のやうな氣がする。,mi,MISSING,Giorgio,MISSING,PRON,MISSING,obj,MISSING,leftover_source,
208,one-to-one,dn_219,isk_290,"Quando ella si colorisce, mi pare un'altra.",顏が晴晴しくなり出すと、旣う別な女のやうな氣がする。,MISSING,出すと,MISSING,Giorgio,MISSING,NULL,MISSING,nsubj,leftover_target,
208,one-to-one,dn_219,isk_290,"Quando ella si colorisce, mi pare un'altra.",顏が晴晴しくなり出すと、旣う別な女のやうな氣がする。,ella,MISSING,Ippolita,MISSING,PRON,MISSING,nsubj,MISSING,leftover_source,
208,one-to-one,dn_219,isk_290,"Quando ella si colorisce, mi pare un'altra.",顏が晴晴しくなり出すと、旣う別な女のやうな氣がする。,si,MISSING,Ippolita,MISSING,PRON-REFLEX,MISSING,obj,MISSING,leftover_source,
208,one-to-one,dn_219,isk_290,"Quando ella si colorisce, mi pare un'altra.",顏が晴晴しくなり出すと、旣う別な女のやうな氣がする。,pare,MISSING,Ippolita,MISSING,NULL,MISSING,nsubj,MISSING,leftover_source,
209,many-to-one,dn_220 dn_221,isk_291,"Quando ella ride non posso difendermi da un vago sentimento ostile, quasi d'ira contro il suo riso. Non però sempre.",笑ひさざめく聲を聽くと、言ふに言はれない敵意が萌す、忿怒が涌く、極まって然うとき言ふでもないが。,non posso difender,極まって,Giorgio,Giorgio,NULL,NULL,nsubj,nsubj,zero_zero_semantic,0.4345500951659852
209,many-to-one,dn_220 dn_221,isk_291,"Quando ella ride non posso difendermi da un vago sentimento ostile, quasi d'ira contro il suo riso. Non però sempre.",笑ひさざめく聲を聽くと、言ふに言はれない敵意が萌す、忿怒が涌く、極まって然うとき言ふでもないが。,mi,MISSING,Giorgio,MISSING,PRON-REFLEX,MISSING,obj,MISSING,leftover_source,
209,many-to-one,dn_220 dn_221,isk_291,"Quando ella ride non posso difendermi da un vago sentimento ostile, quasi d'ira contro il suo riso. Non però sempre.",笑ひさざめく聲を聽くと、言ふに言はれない敵意が萌す、忿怒が涌く、極まって然うとき言ふでもないが。,MISSING,聽く,MISSING,Giorgio,MISSING,NULL,MISSING,nsubj,leftover_target,
209,many-to-one,dn_220 dn_221,isk_291,"Quando ella ride non posso difendermi da un vago sentimento ostile, quasi d'ira contro il suo riso. Non però sempre.",笑ひさざめく聲を聽くと、言ふに言はれない敵意が萌す、忿怒が涌く、極まって然うとき言ふでもないが。,MISSING,言ふで,MISSING,Giorgio,MISSING,NULL,MISSING,nsubj,leftover_target,
209,many-to-one,dn_220 dn_221,isk_291,"Quando ella ride non posso difendermi da un vago sentimento ostile, quasi d'ira contro il suo riso. Non però sempre.",笑ひさざめく聲を聽くと、言ふに言はれない敵意が萌す、忿怒が涌く、極まって然うとき言ふでもないが。,ella,MISSING,Ippolita,MISSING,PRON,MISSING,nsubj,MISSING,leftover_source,
209,many-to-one,dn_220 dn_221,isk_291,"Quando ella ride non posso difendermi da un vago sentimento ostile, quasi d'ira contro il suo riso. Non però sempre.",笑ひさざめく聲を聽くと、言ふに言はれない敵意が萌す、忿怒が涌く、極まって然うとき言ふでもないが。,suo,MISSING,Ippolita,MISSING,DET,MISSING,nmod,MISSING,leftover_source,
210,one-to-one,dn_222,isk_292,Il suo pensiero si perse nel pomeriggio.,種々の思想は黃昏の蔭に消えて行つた。,suo,MISSING,Giorgio,MISSING,DET,MISSING,nmod,MISSING,leftover_source,
211,one-to-one,dn_223,isk_293,"Notò fuggevolmente una segreta rispondenza tra l'aspetto della sera e l'aspetto dell'amata, godendone.",偶と氣が附くと、夕暮の姿は、戀女に就いてさまざまな事を思ひ出させた。,Notò,MISSING,Giorgio,MISSING,NULL,MISSING,nsubj,MISSING,leftover_source,
211,one-to-one,dn_223,isk_293,"Notò fuggevolmente una segreta rispondenza tra l'aspetto della sera e l'aspetto dell'amata, godendone.",偶と氣が附くと、夕暮の姿は、戀女に就いてさまざまな事を思ひ出させた。,amata,戀女,Ippolita,Ippolita,NOUN,NOUN,nmod,obj,explicit_ref_pos,
212,one-to-many,dn_224,isk_294 isk_295,"Dal pallore di quel volto bruno traspariva come una leggera soffusione di viola sotto la pelle; ed ella aveva intorno al collo un piccolo nastro giallo, delicatissimo, che lasciava scoperti i due nèi bruni.",蒼味を帶びた暗い女の顏の下から、ほんのりと并オレットがかつた色が透けて閃めいた。 頸に捲いた細い鷄卵色のリボンの隙から、鳶色の愛縮惡子が二つ覗いてゐる。,ella,蒼味を帶びた暗い女,Ippolita,Ippolita,PRON,NOUN,nsubj,nmod,explicit_ref_only,
213,one-to-one,dn_225,isk_296,È molto bella.,どうも美しい。,È,美しい,Ippolita,Ippolita,NULL,NULL,nsubj,nsubj,zero_zero_single,
214,one-to-many,dn_226,isk_297 isk_298,"Il suo viso ha quasi sempre un'espressione profonda, significativa, appassionata.",顏の表情が每も深い。 情熱的だ。,suo,MISSING,Ippolita,MISSING,DET,MISSING,nmod,MISSING,leftover_source,
215,one-to-one,dn_227,isk_299,Qui sta il segreto del suo fascino.,彼處にチァアムの祕密がある。,suo,MISSING,Ippolita,MISSING,PRON,MISSING,nmod,MISSING,leftover_source,
216,one-to-many,dn_228,isk_300 isk_301,La sua bellezza non mi stanca mai; mi suggerisce sempre un sogno.,此の女の美に飽きるといふことを知らない。 何時見ても新しい夢を誘はれる。,mi,MISSING,Giorgio,MISSING,PRON,MISSING,obj,MISSING,leftover_source,
216,one-to-many,dn_228,isk_300 isk_301,La sua bellezza non mi stanca mai; mi suggerisce sempre un sogno.,此の女の美に飽きるといふことを知らない。 何時見ても新しい夢を誘はれる。,mi,MISSING,Giorgio,MISSING,PRON,MISSING,obj,MISSING,leftover_source,
216,one-to-many,dn_228,isk_300 isk_301,La sua bellezza non mi stanca mai; mi suggerisce sempre un sogno.,此の女の美に飽きるといふことを知らない。 何時見ても新しい夢を誘はれる。,MISSING,知らない,MISSING,Giorgio,MISSING,NULL,MISSING,nsubj,leftover_target,
216,one-to-many,dn_228,isk_300 isk_301,La sua bellezza non mi stanca mai; mi suggerisce sempre un sogno.,此の女の美に飽きるといふことを知らない。 何時見ても新しい夢を誘はれる。,MISSING,見て,MISSING,Giorgio,MISSING,NULL,MISSING,nsubj,leftover_target,
216,one-to-many,dn_228,isk_300 isk_301,La sua bellezza non mi stanca mai; mi suggerisce sempre un sogno.,此の女の美に飽きるといふことを知らない。 何時見ても新しい夢を誘はれる。,MISSING,誘はれる,MISSING,Giorgio,MISSING,NULL,MISSING,nsubj,leftover_target,
216,one-to-many,dn_228,isk_300 isk_301,La sua bellezza non mi stanca mai; mi suggerisce sempre un sogno.,此の女の美に飽きるといふことを知らない。 何時見ても新しい夢を誘はれる。,sua,此の女,Ippolita,Ippolita,DET,NOUN,nmod,nmod,explicit_ref_case,
217,one-to-one,dn_229,isk_302,Di che si compone la sua bellezza?,此の「美」は何と何から成立つてゐるだらう。,sua,此の,Ippolita,Ippolita,DET,DET,nmod,nmod,explicit_full,
218,one-to-one,dn_230,isk_303,Non saprei dire.,言說に絕する譯だ。,Non saprei,MISSING,Giorgio,MISSING,NULL,MISSING,nsubj,MISSING,leftover_source,
219,one-to-one,dn_231,isk_304,"Materialmente, non è bella.",物質的には大した美人でもなし査何かすると眺めてる中にイルウジォンが消えて行く事すらある。,MISSING,眺めてる,MISSING,Giorgio,MISSING,NULL,MISSING,nsubj,leftover_target,
219,one-to-one,dn_231,isk_304,"Materialmente, non è bella.",物質的には大した美人でもなし査何かすると眺めてる中にイルウジォンが消えて行く事すらある。,non è,でもなし,Ippolita,Ippolita,NULL,NULL,nsubj,nsubj,zero_zero_single,
220,one-to-one,dn_232,isk_305,"Qualche volta, guardandola, io ho provata la sorpresa penosa di una disillusione.",はつと驚くことがある。,io,驚く,Giorgio,Giorgio,PRON,NULL,nsubj,nsubj,zero_to_src_anchor,
220,one-to-one,dn_232,isk_305,"Qualche volta, guardandola, io ho provata la sorpresa penosa di una disillusione.",はつと驚くことがある。,la,MISSING,Ippolita,MISSING,PRON,MISSING,obj,MISSING,leftover_source,
221,one-to-many,dn_233,isk_306 isk_307,"I suoi lineamenti mi sono apparsi nella loro materiale verità, non modificati, non illuminati dalla forza di un'espressione spirituale.",それは形態的に觀るから然うなんだ。 靈の發現で淨化されないからだ。,mi,MISSING,Giorgio,MISSING,PRON,MISSING,obj,MISSING,leftover_source,
221,one-to-many,dn_233,isk_306 isk_307,"I suoi lineamenti mi sono apparsi nella loro materiale verità, non modificati, non illuminati dalla forza di un'espressione spirituale.",それは形態的に觀るから然うなんだ。 靈の發現で淨化されないからだ。,MISSING,觀る,MISSING,Giorgio,MISSING,NULL,MISSING,nsubj,leftover_target,
221,one-to-many,dn_233,isk_306 isk_307,"I suoi lineamenti mi sono apparsi nella loro materiale verità, non modificati, non illuminati dalla forza di un'espressione spirituale.",それは形態的に觀るから然うなんだ。 靈の發現で淨化されないからだ。,suoi,MISSING,Ippolita,MISSING,DET,MISSING,nmod,MISSING,leftover_source,
221,one-to-many,dn_233,isk_306 isk_307,"I suoi lineamenti mi sono apparsi nella loro materiale verità, non modificati, non illuminati dalla forza di un'espressione spirituale.",それは形態的に觀るから然うなんだ。 靈の發現で淨化されないからだ。,MISSING,淨化されない,MISSING,Ippolita,MISSING,NULL,MISSING,nsubj,leftover_target,
222,one-to-one,dn_234,isk_308,Ella ha però tre divini elementi di bellezza:,だけども氣高い美人の三要件が見ん事具はつてゐる。,Ella,MISSING,Ippolita,MISSING,PRON,MISSING,nsubj,MISSING,leftover_source,
225,one-to-one,dn_237,isk_311,Gli si ripresentò al pensiero il riso.,女の笑ひさざめいた事が偶と浮んだ。,Gli,MISSING,Giorgio,MISSING,PRON,MISSING,obj,MISSING,leftover_source,
225,one-to-one,dn_237,isk_311,Gli si ripresentò al pensiero il riso.,女の笑ひさざめいた事が偶と浮んだ。,MISSING,女,MISSING,Ippolita,MISSING,NOUN,MISSING,nmod,leftover_target,
226,one-to-one,dn_238,isk_312,"Che mi raccontava ella, ieri?",昨日何とか言つたつけ。,mi,MISSING,Giorgio,MISSING,PRON,MISSING,obj,MISSING,leftover_source,
226,one-to-one,dn_238,isk_312,"Che mi raccontava ella, ieri?",昨日何とか言つたつけ。,ella,言つた,Ippolita,Ippolita,PRON,NULL,nsubj,nsubj,zero_to_src_anchor,
227,many-to-one,dn_239 dn_240,isk_313,"Mi raccontava non so più che cosa, di sua sorella: un piccolo fatto comico avvenuto in casa di sua sorella, a Milano, quando ella era là...",何でも彼女が姉に遇ひにミラノへ行つた時の滑稽談だつた。,Mi,MISSING,Giorgio,MISSING,PRON,MISSING,obj,MISSING,leftover_source,
227,many-to-one,dn_239 dn_240,isk_313,"Mi raccontava non so più che cosa, di sua sorella: un piccolo fatto comico avvenuto in casa di sua sorella, a Milano, quando ella era là...",何でも彼女が姉に遇ひにミラノへ行つた時の滑稽談だつた。,non so,MISSING,Giorgio,MISSING,NULL,MISSING,nsubj,MISSING,leftover_source,
227,many-to-one,dn_239 dn_240,isk_313,"Mi raccontava non so più che cosa, di sua sorella: un piccolo fatto comico avvenuto in casa di sua sorella, a Milano, quando ella era là...",何でも彼女が姉に遇ひにミラノへ行つた時の滑稽談だつた。,ella,彼女,Ippolita,Ippolita,PRON,PRON,nsubj,nsubj,explicit_full,
227,many-to-one,dn_239 dn_240,isk_313,"Mi raccontava non so più che cosa, di sua sorella: un piccolo fatto comico avvenuto in casa di sua sorella, a Milano, quando ella era là...",何でも彼女が姉に遇ひにミラノへ行つた時の滑稽談だつた。,raccontava,MISSING,Ippolita,MISSING,NULL,MISSING,nsubj,MISSING,leftover_source,
227,many-to-one,dn_239 dn_240,isk_313,"Mi raccontava non so più che cosa, di sua sorella: un piccolo fatto comico avvenuto in casa di sua sorella, a Milano, quando ella era là...",何でも彼女が姉に遇ひにミラノへ行つた時の滑稽談だつた。,sua,MISSING,Ippolita,MISSING,DET,MISSING,nmod,MISSING,leftover_source,
227,many-to-one,dn_239 dn_240,isk_313,"Mi raccontava non so più che cosa, di sua sorella: un piccolo fatto comico avvenuto in casa di sua sorella, a Milano, quando ella era là...",何でも彼女が姉に遇ひにミラノへ行つた時の滑稽談だつた。,sua,MISSING,Ippolita,MISSING,DET,MISSING,nmod,MISSING,leftover_source,
227,many-to-one,dn_239 dn_240,isk_313,"Mi raccontava non so più che cosa, di sua sorella: un piccolo fatto comico avvenuto in casa di sua sorella, a Milano, quando ella era là...",何でも彼女が姉に遇ひにミラノへ行つた時の滑稽談だつた。,sorella,姉,Ippolitas-sister,Ippolitas-sister,NOUN,NOUN,nmod,obj,explicit_ref_pos,
227,many-to-one,dn_239 dn_240,isk_313,"Mi raccontava non so più che cosa, di sua sorella: un piccolo fatto comico avvenuto in casa di sua sorella, a Milano, quando ella era là...",何でも彼女が姉に遇ひにミラノへ行つた時の滑稽談だつた。,sorella,MISSING,Ippolitas-sister,MISSING,NOUN,MISSING,nmod,MISSING,leftover_source,
228,one-to-many,dn_241,isk_314 isk_315,Che ridere!...,轉げ廻つて笑つた つて言つた。,MISSING,轉げ廻つて,MISSING,Ippolita,MISSING,NULL,MISSING,nsubj,leftover_target,
228,one-to-many,dn_241,isk_314 isk_315,Che ridere!...,轉げ廻つて笑つた つて言つた。,MISSING,笑つた,MISSING,Ippolita,MISSING,NULL,MISSING,nsubj,leftover_target,
228,one-to-many,dn_241,isk_314 isk_315,Che ridere!...,轉げ廻つて笑つた つて言つた。,MISSING,言つた,MISSING,Ippolita,MISSING,NULL,MISSING,nsubj,leftover_target,
229,one-to-many,dn_242,isk_316 isk_317,"Ella dunque poteva ridere, lontana da me; poteva essere gaia.",すると俺と別れて居ても笑つて居られるのだ。 上機嫌で居られると見える。,me,俺,Giorgio,Giorgio,PRON,PRON,obj,obj,explicit_full,
229,one-to-many,dn_242,isk_316 isk_317,"Ella dunque poteva ridere, lontana da me; poteva essere gaia.",すると俺と別れて居ても笑つて居られるのだ。 上機嫌で居られると見える。,poteva essere,笑つて居られる,Ippolita,Ippolita,NULL,NULL,nsubj,nsubj,zero_zero_semantic,0.5642690803629338
229,one-to-many,dn_242,isk_316 isk_317,"Ella dunque poteva ridere, lontana da me; poteva essere gaia.",すると俺と別れて居ても笑つて居られるのだ。 上機嫌で居られると見える。,Ella,別れて居ても,Ippolita,Ippolita,PRON,NULL,nsubj,nsubj,zero_to_src_anchor,
229,one-to-many,dn_242,isk_316 isk_317,"Ella dunque poteva ridere, lontana da me; poteva essere gaia.",すると俺と別れて居ても笑つて居られるのだ。 上機嫌で居られると見える。,MISSING,居られる,MISSING,Ippolita,MISSING,NULL,MISSING,nsubj,leftover_target,
230,many-to-one,dn_243 dn_244,isk_318,"Ed ho le sue lettere. Tutte le sue lettere sono piene di tristezza, di pianto, di desiderio disperato.",その癖來る手紙も來る手紙も、必と悲哀と涙と絕望で滿たされてゐる。,ho,MISSING,Giorgio,MISSING,NULL,MISSING,nsubj,MISSING,leftover_source,
230,many-to-one,dn_243 dn_244,isk_318,"Ed ho le sue lettere. Tutte le sue lettere sono piene di tristezza, di pianto, di desiderio disperato.",その癖來る手紙も來る手紙も、必と悲哀と涙と絕望で滿たされてゐる。,sue,MISSING,Ippolita,MISSING,DET,MISSING,nmod,MISSING,leftover_source,
230,many-to-one,dn_243 dn_244,isk_318,"Ed ho le sue lettere. Tutte le sue lettere sono piene di tristezza, di pianto, di desiderio disperato.",その癖來る手紙も來る手紙も、必と悲哀と涙と絕望で滿たされてゐる。,sue,MISSING,Ippolita,MISSING,DET,MISSING,nmod,MISSING,leftover_source,
231,one-to-many,dn_245,isk_319 isk_320,"Egli provò un'acuta puntura, e poi una inquietudine tumultuosa come se fosse d'innanzi a un fatto grave ed irreparabile ma non bene chiarito.",傷を負はされたやうな感じがした。 續いて何か知らず、重大な償ひがたい事件を認めたといふ風に、躁急しい心が熬れ立つた。,fosse,認めた,Giorgio,Giorgio,NULL,NULL,nsubj,nsubj,zero_zero_semantic,0.32133465071986445
231,one-to-many,dn_245,isk_319 isk_320,"Egli provò un'acuta puntura, e poi una inquietudine tumultuosa come se fosse d'innanzi a un fatto grave ed irreparabile ma non bene chiarito.",傷を負はされたやうな感じがした。 續いて何か知らず、重大な償ひがたい事件を認めたといふ風に、躁急しい心が熬れ立つた。,Egli,感じがした,Giorgio,Giorgio,PRON,NULL,nsubj,nsubj,zero_to_src_anchor,
232,one-to-one,dn_246,isk_321,"Avveniva in lui il consueto fenomeno della esagerazione sentimentale, per via d'imagini associate.",感情的に誇大した尋常の現象が、いろいろの聯想と結び附いて現はれて來た。,lui,MISSING,Giorgio,MISSING,PRON,MISSING,obj,MISSING,leftover_source,
233,one-to-many,dn_247,isk_322 isk_323,"Quell'innocente scoppio di risa si mutava in una ilarità continua, di tutti i giorni, di tutte l'ore, per tutto il periodo dell'assenza.",單に笑つたといふことが、妄想で膨らまされた。 ミラノに居た間は、每日每刻歡樂に浸り切つて居たものと思へて來た。,MISSING,笑つた,MISSING,Ippolita,MISSING,NULL,MISSING,nsubj,leftover_target,
233,one-to-many,dn_247,isk_322 isk_323,"Quell'innocente scoppio di risa si mutava in una ilarità continua, di tutti i giorni, di tutte l'ore, per tutto il periodo dell'assenza.",單に笑つたといふことが、妄想で膨らまされた。 ミラノに居た間は、每日每刻歡樂に浸り切つて居たものと思へて來た。,MISSING,居た,MISSING,Ippolita,MISSING,NULL,MISSING,nsubj,leftover_target,
233,one-to-many,dn_247,isk_322 isk_323,"Quell'innocente scoppio di risa si mutava in una ilarità continua, di tutti i giorni, di tutte l'ore, per tutto il periodo dell'assenza.",單に笑つたといふことが、妄想で膨らまされた。 ミラノに居た間は、每日每刻歡樂に浸り切つて居たものと思へて來た。,MISSING,思へて來た,MISSING,Ippolita,MISSING,NULL,MISSING,nsubj,leftover_target,
234,one-to-many,dn_248,isk_324 isk_325,"Ippolita aveva vissuto lietamente, d'una vita volgare, tra gente ch'egli non conosceva, tra gli amici del cognato, tra ammiratori, tra gente stupida.",自分の知らない人達、義兄の夥伴等と俗つぼい、はしやいだ生活をしてゐたのだ。 その周圍には、間拔けた顏の嘆美者が取圍んでゐたのだ。,egli,自分,Giorgio,Giorgio,PRON,NULL,nsubj,nsubj,zero_to_src_anchor,
234,one-to-many,dn_248,isk_324 isk_325,"Ippolita aveva vissuto lietamente, d'una vita volgare, tra gente ch'egli non conosceva, tra gli amici del cognato, tra ammiratori, tra gente stupida.",自分の知らない人達、義兄の夥伴等と俗つぼい、はしやいだ生活をしてゐたのだ。 その周圍には、間拔けた顏の嘆美者が取圍んでゐたのだ。,Ippolita,生活をしてゐた,Ippolita,Ippolita,PROPN,NULL,nsubj,nsubj,zero_to_src_anchor,
234,one-to-many,dn_248,isk_324 isk_325,"Ippolita aveva vissuto lietamente, d'una vita volgare, tra gente ch'egli non conosceva, tra gli amici del cognato, tra ammiratori, tra gente stupida.",自分の知らない人達、義兄の夥伴等と俗つぼい、はしやいだ生活をしてゐたのだ。 その周圍には、間拔けた顏の嘆美者が取圍んでゐたのだ。,cognato,義兄,Ippolitas-brother-in-law,Ippolitas-brother-in-law,NOUN,NOUN,nmod,nmod,explicit_full,
234,one-to-many,dn_248,isk_324 isk_325,"Ippolita aveva vissuto lietamente, d'una vita volgare, tra gente ch'egli non conosceva, tra gli amici del cognato, tra ammiratori, tra gente stupida.",自分の知らない人達、義兄の夥伴等と俗つぼい、はしやいだ生活をしてゐたのだ。 その周圍には、間拔けた顏の嘆美者が取圍んでゐたのだ。,gli amici,知らない人達,Ippolitas-brother-in-laws-friends,Ippolitas-brother-in-laws-friends,NOUN,NOUN,obj,obj,explicit_full,
234,one-to-many,dn_248,isk_324 isk_325,"Ippolita aveva vissuto lietamente, d'una vita volgare, tra gente ch'egli non conosceva, tra gli amici del cognato, tra ammiratori, tra gente stupida.",自分の知らない人達、義兄の夥伴等と俗つぼい、はしやいだ生活をしてゐたのだ。 その周圍には、間拔けた顏の嘆美者が取圍んでゐたのだ。,ammiratori,夥伴等,Ippolitas-brother-in-laws-friends,Ippolitas-brother-in-laws-friends,NOUN,NOUN,obj,obj,explicit_full,
234,one-to-many,dn_248,isk_324 isk_325,"Ippolita aveva vissuto lietamente, d'una vita volgare, tra gente ch'egli non conosceva, tra gli amici del cognato, tra ammiratori, tra gente stupida.",自分の知らない人達、義兄の夥伴等と俗つぼい、はしやいだ生活をしてゐたのだ。 その周圍には、間拔けた顏の嘆美者が取圍んでゐたのだ。,gente stupida,MISSING,Ippolitas-brother-in-laws-friends,MISSING,NOUN,MISSING,obj,MISSING,leftover_source,
235,one-to-one,dn_249,isk_326,Le sue lettere dolorose mentivano.,情ないやうな手紙は皆嘘だ。,sue,MISSING,Ippolita,MISSING,DET,MISSING,nmod,MISSING,leftover_source,
236,one-to-one,dn_250,isk_331,"Un brano d'una lettera gli tornò nella memoria, preciso.",這麼手紙の文句まで憶ひ出された。,gli,MISSING,Giorgio,MISSING,PRON,MISSING,obj,MISSING,leftover_source,
236,one-to-one,dn_250,isk_331,"Un brano d'una lettera gli tornò nella memoria, preciso.",這麼手紙の文句まで憶ひ出された。,MISSING,憶ひ出された,MISSING,Giorgio,MISSING,NULL,MISSING,nsubj,leftover_target,
238,one-to-many,dn_252,isk_328 isk_329,Amici ed amiche ci assediano; non ci lasciano in pace un'ora.,お友達は掛つて私を疲らせに來るやうなものです。 安靜な時間てまるつきりないの。,MISSING,掛つて,MISSING,Ippolita,MISSING,NULL,MISSING,nsubj,leftover_target,
238,one-to-many,dn_252,isk_328 isk_329,Amici ed amiche ci assediano; non ci lasciano in pace un'ora.,お友達は掛つて私を疲らせに來るやうなものです。 安靜な時間てまるつきりないの。,MISSING,私,MISSING,Ippolita,MISSING,PRON,MISSING,obj,leftover_target,
238,one-to-many,dn_252,isk_328 isk_329,Amici ed amiche ci assediano; non ci lasciano in pace un'ora.,お友達は掛つて私を疲らせに來るやうなものです。 安靜な時間てまるつきりないの。,ci,MISSING,Ippolita Ippolitas-sister Ippolitas-brother-in-law,MISSING,PRON,MISSING,obj,MISSING,leftover_source,
238,one-to-many,dn_252,isk_328 isk_329,Amici ed amiche ci assediano; non ci lasciano in pace un'ora.,お友達は掛つて私を疲らせに來るやうなものです。 安靜な時間てまるつきりないの。,ci,MISSING,Ippolita Ippolitas-sister Ippolitas-brother-in-law,MISSING,PRON,MISSING,obj,MISSING,leftover_source,
238,one-to-many,dn_252,isk_328 isk_329,Amici ed amiche ci assediano; non ci lasciano in pace un'ora.,お友達は掛つて私を疲らせに來るやうなものです。 安靜な時間てまるつきりないの。,Amici ed amiche,お友達,Ippolitas-brother-in-laws-friends,Ippolitas-brother-in-laws-friends,NOUN,NOUN,nsubj,nsubj,explicit_full,
238,one-to-many,dn_252,isk_328 isk_329,Amici ed amiche ci assediano; non ci lasciano in pace un'ora.,お友達は掛つて私を疲らせに來るやうなものです。 安靜な時間てまるつきりないの。,lasciano,MISSING,Ippolitas-brother-in-laws-friends,MISSING,NULL,MISSING,nsubj,MISSING,leftover_source,
239,one-to-one,dn_253,isk_330,Tu sai la cordialità milanese....,ミラノ人の情の深いことは貴郞も御存知ね…。,Tu,貴郞,Giorgio,Giorgio,PRON,NOUN,nsubj,nsubj,explicit_ref_case,
240,many-to-one,dn_254 dn_255,isk_332,"Una chiara visione gli sorse nello spirito: Ippolita in mezzo a una folla borghese d'impiegati, d'avvocati, di mercanti.",書記、辯護士、商人、那様人々のイッポリイタを取卷いた圖が、想像に浮き出して來た。,gli,MISSING,Giorgio,MISSING,PRON,MISSING,obj,MISSING,leftover_source,
240,many-to-one,dn_254 dn_255,isk_332,"Una chiara visione gli sorse nello spirito: Ippolita in mezzo a una folla borghese d'impiegati, d'avvocati, di mercanti.",書記、辯護士、商人、那様人々のイッポリイタを取卷いた圖が、想像に浮き出して來た。,Ippolita,イッポリイタ,Ippolita,Ippolita,PROPN,PROPN,nsubj,obj,explicit_ref_pos,
240,many-to-one,dn_254 dn_255,isk_332,"Una chiara visione gli sorse nello spirito: Ippolita in mezzo a una folla borghese d'impiegati, d'avvocati, di mercanti.",書記、辯護士、商人、那様人々のイッポリイタを取卷いた圖が、想像に浮き出して來た。,"una folla borghese d'impiegati, d'avvocati, di mercanti",書記、辯護士、商人、那様人々,Ippolitas-brother-in-laws-friends,Ippolitas-brother-in-laws-friends,PRON,NOUN,obj,nsubj,explicit_ref_only,
241,one-to-many,dn_256,isk_333 isk_334 isk_335,"Ella sorrideva a tutti, stendeva a tutti la mano, ascoltava i discorsi melensi, rispondeva una frase sciocca, si mescolava a quella volgarità.",彼女は誰彼なしに笑を與れてやる。 誰彼なしに手を握らせる。 持前の水準を降げて、氣の利かない談話を取り交してゐる。,Ella,彼女,Ippolita,Ippolita,PRON,PRON,nsubj,nsubj,explicit_full,
241,one-to-many,dn_256,isk_333 isk_334 isk_335,"Ella sorrideva a tutti, stendeva a tutti la mano, ascoltava i discorsi melensi, rispondeva una frase sciocca, si mescolava a quella volgarità.",彼女は誰彼なしに笑を與れてやる。 誰彼なしに手を握らせる。 持前の水準を降げて、氣の利かない談話を取り交してゐる。,stendeva,握らせる,Ippolita,Ippolita,NULL,NULL,nsubj,nsubj,zero_zero_semantic,0.3880994386083796
241,one-to-many,dn_256,isk_333 isk_334 isk_335,"Ella sorrideva a tutti, stendeva a tutti la mano, ascoltava i discorsi melensi, rispondeva una frase sciocca, si mescolava a quella volgarità.",彼女は誰彼なしに笑を與れてやる。 誰彼なしに手を握らせる。 持前の水準を降げて、氣の利かない談話を取り交してゐる。,ascoltava,取り交してゐる,Ippolita,Ippolita,NULL,NULL,nsubj,nsubj,zero_zero_semantic,0.3947716001435523
241,one-to-many,dn_256,isk_333 isk_334 isk_335,"Ella sorrideva a tutti, stendeva a tutti la mano, ascoltava i discorsi melensi, rispondeva una frase sciocca, si mescolava a quella volgarità.",彼女は誰彼なしに笑を與れてやる。 誰彼なしに手を握らせる。 持前の水準を降げて、氣の利かない談話を取り交してゐる。,rispondeva,降げて,Ippolita,Ippolita,NULL,NULL,nsubj,nsubj,zero_zero_semantic,0.40310467194656097
241,one-to-many,dn_256,isk_333 isk_334 isk_335,"Ella sorrideva a tutti, stendeva a tutti la mano, ascoltava i discorsi melensi, rispondeva una frase sciocca, si mescolava a quella volgarità.",彼女は誰彼なしに笑を與れてやる。 誰彼なしに手を握らせる。 持前の水準を降げて、氣の利かない談話を取り交してゐる。,si,MISSING,Ippolita,MISSING,PRON-REFLEX,MISSING,obj,MISSING,leftover_source,
241,one-to-many,dn_256,isk_333 isk_334 isk_335,"Ella sorrideva a tutti, stendeva a tutti la mano, ascoltava i discorsi melensi, rispondeva una frase sciocca, si mescolava a quella volgarità.",彼女は誰彼なしに笑を與れてやる。 誰彼なしに手を握らせる。 持前の水準を降げて、氣の利かない談話を取り交してゐる。,mescolava,MISSING,Ippolita,MISSING,NULL,MISSING,nsubj,MISSING,leftover_source,
241,one-to-many,dn_256,isk_333 isk_334 isk_335,"Ella sorrideva a tutti, stendeva a tutti la mano, ascoltava i discorsi melensi, rispondeva una frase sciocca, si mescolava a quella volgarità.",彼女は誰彼なしに笑を與れてやる。 誰彼なしに手を握らせる。 持前の水準を降げて、氣の利かない談話を取り交してゐる。,tutti,誰彼,Ippolitas-brother-in-laws-friends,Ippolitas-brother-in-laws-friends,PRON,PRON,obj,obj,explicit_full,
241,one-to-many,dn_256,isk_333 isk_334 isk_335,"Ella sorrideva a tutti, stendeva a tutti la mano, ascoltava i discorsi melensi, rispondeva una frase sciocca, si mescolava a quella volgarità.",彼女は誰彼なしに笑を與れてやる。 誰彼なしに手を握らせる。 持前の水準を降げて、氣の利かない談話を取り交してゐる。,tutti,誰彼,Ippolitas-brother-in-laws-friends,Ippolitas-brother-in-laws-friends,PRON,PRON,obj,obj,explicit_full,
242,one-to-one,dn_257,isk_336,"In quel momento gli pesò sul cuore tutta la sofferenza provata in due anni al pensiero della vita che la sua amante conduceva, tra gente sconosciuta, nelle ore in cui ella non poteva restare con lui.",男と離れて居る時の生活、自分の眼の及ばない世界、それを思ふにつけて、二年間も堪へ堪へした不幸の重量が、づしんと一時に胸の上へ來た。,gli,男,Giorgio,Giorgio,PRON,NOUN,obj,obj,explicit_ref_case,
242,one-to-one,dn_257,isk_336,"In quel momento gli pesò sul cuore tutta la sofferenza provata in due anni al pensiero della vita che la sua amante conduceva, tra gente sconosciuta, nelle ore in cui ella non poteva restare con lui.",男と離れて居る時の生活、自分の眼の及ばない世界、それを思ふにつけて、二年間も堪へ堪へした不幸の重量が、づしんと一時に胸の上へ來た。,sua,自分,Giorgio,Giorgio,DET,PRON,nmod,nmod,explicit_ref_case,
242,one-to-one,dn_257,isk_336,"In quel momento gli pesò sul cuore tutta la sofferenza provata in due anni al pensiero della vita che la sua amante conduceva, tra gente sconosciuta, nelle ore in cui ella non poteva restare con lui.",男と離れて居る時の生活、自分の眼の及ばない世界、それを思ふにつけて、二年間も堪へ堪へした不幸の重量が、づしんと一時に胸の上へ來た。,lui,MISSING,Giorgio,MISSING,PRON,MISSING,obj,MISSING,leftover_source,
242,one-to-one,dn_257,isk_336,"In quel momento gli pesò sul cuore tutta la sofferenza provata in due anni al pensiero della vita che la sua amante conduceva, tra gente sconosciuta, nelle ore in cui ella non poteva restare con lui.",男と離れて居る時の生活、自分の眼の及ばない世界、それを思ふにつけて、二年間も堪へ堪へした不幸の重量が、づしんと一時に胸の上へ來た。,MISSING,思ふ,MISSING,Giorgio,MISSING,NULL,MISSING,nsubj,leftover_target,
242,one-to-one,dn_257,isk_336,"In quel momento gli pesò sul cuore tutta la sofferenza provata in due anni al pensiero della vita che la sua amante conduceva, tra gente sconosciuta, nelle ore in cui ella non poteva restare con lui.",男と離れて居る時の生活、自分の眼の及ばない世界、それを思ふにつけて、二年間も堪へ堪へした不幸の重量が、づしんと一時に胸の上へ來た。,amante,離れて居る,Ippolita,Ippolita,NOUN,NULL,nsubj,nsubj,zero_to_src_anchor,
242,one-to-one,dn_257,isk_336,"In quel momento gli pesò sul cuore tutta la sofferenza provata in due anni al pensiero della vita che la sua amante conduceva, tra gente sconosciuta, nelle ore in cui ella non poteva restare con lui.",男と離れて居る時の生活、自分の眼の及ばない世界、それを思ふにつけて、二年間も堪へ堪へした不幸の重量が、づしんと一時に胸の上へ來た。,ella,MISSING,Ippolita,MISSING,PRON,MISSING,nsubj,MISSING,leftover_source,
242,one-to-one,dn_257,isk_336,"In quel momento gli pesò sul cuore tutta la sofferenza provata in due anni al pensiero della vita che la sua amante conduceva, tra gente sconosciuta, nelle ore in cui ella non poteva restare con lui.",男と離れて居る時の生活、自分の眼の及ばない世界、それを思ふにつけて、二年間も堪へ堪へした不幸の重量が、づしんと一時に胸の上へ來た。,gente sconosciuta,MISSING,Ippolitas-brother-in-laws-friends,MISSING,NOUN,MISSING,obj,MISSING,leftover_source,
243,one-to-one,dn_258,isk_337,Che fa ella?,何を爲てゐるだらう。,ella,爲てゐる,Ippolita,Ippolita,PRON,NULL,nsubj,nsubj,zero_to_src_anchor,
244,one-to-one,dn_259,isk_338,Chi vede?,誰を見てゐるだらう。,vede,見てゐる,Ippolita,Ippolita,NULL,NULL,nsubj,nsubj,zero_zero_single,
245,one-to-one,dn_260,isk_339,Con chi parla?,誰と話してゐるだらう。,parla,話してゐる,Ippolita,Ippolita,NULL,NULL,nsubj,nsubj,zero_zero_single,
246,one-to-one,dn_261,isk_340,"Quale atteggiamento ha verso quelle persone che ella conosce, con cui ella convive?",那の女が或る男のライフの一部分に成つてゐるとすれば、其の男に訪ねて來られた時には黃慶所作作をして見せるだらう,ella,那の女,Ippolita,Ippolita,PRON,NOUN,nsubj,nsubj,explicit_ref_case,
246,one-to-one,dn_261,isk_340,"Quale atteggiamento ha verso quelle persone che ella conosce, con cui ella convive?",那の女が或る男のライフの一部分に成つてゐるとすれば、其の男に訪ねて來られた時には黃慶所作作をして見せるだらう,ella,男に訪ねて來ら,Ippolita,Ippolita,PRON,NULL,nsubj,nsubj,zero_to_src_anchor,
246,one-to-one,dn_261,isk_340,"Quale atteggiamento ha verso quelle persone che ella conosce, con cui ella convive?",那の女が或る男のライフの一部分に成つてゐるとすれば、其の男に訪ねて來られた時には黃慶所作作をして見せるだらう,quelle persone,MISSING,Ippolitas-brother-in-laws-friends,MISSING,NOUN,MISSING,obj,MISSING,leftover_source,
248,one-to-one,dn_263,isk_342,Il tormentato pensò:,彼は又考へ惱んだ。,Il tormentato,彼,Giorgio,Giorgio,NOUN,PRON,nsubj,nsubj,explicit_ref_case,
249,one-to-many,dn_264,isk_343 isk_344,Ognuna di quelle persone le toglie qualche cosa; toglie qualche cosa a me.,然うした男等は手ん手に女から或る物を奪つて行く。 取りも直さず俺から奪つて行くやうなものだ。,me,俺,Giorgio,Giorgio,PRON,PRON,obj,obj,explicit_full,
249,one-to-many,dn_264,isk_343 isk_344,Ognuna di quelle persone le toglie qualche cosa; toglie qualche cosa a me.,然うした男等は手ん手に女から或る物を奪つて行く。 取りも直さず俺から奪つて行くやうなものだ。,le,女,Ippolita,Ippolita,PRON,NOUN,obj,nsubj,explicit_ref_only,
249,one-to-many,dn_264,isk_343 isk_344,Ognuna di quelle persone le toglie qualche cosa; toglie qualche cosa a me.,然うした男等は手ん手に女から或る物を奪つて行く。 取りも直さず俺から奪つて行くやうなものだ。,toglie,奪つて行くやうな,Ippolitas-brother-in-laws-friends,Ippolitas-brother-in-laws-friends,NULL,NULL,nsubj,nsubj,zero_zero_single,
249,one-to-many,dn_264,isk_343 isk_344,Ognuna di quelle persone le toglie qualche cosa; toglie qualche cosa a me.,然うした男等は手ん手に女から或る物を奪つて行く。 取りも直さず俺から奪つて行くやうなものだ。,MISSING,然うした男等,MISSING,Ippolitas-brother-in-laws-friends,MISSING,NOUN,MISSING,nsubj,leftover_target,
250,one-to-many,dn_265,isk_345 isk_346,"Io non saprò mai quali influenze quelle persone abbiano esercitato su di lei; quali sentimenti, quali pensieri abbiano suscitato in lei.",那樣男が甚麼影響を與へてゐるか。 どんな甚麼感情思想を嘘き込むか。,Io,MISSING,Giorgio,MISSING,PRON,MISSING,nsubj,MISSING,leftover_source,
250,one-to-many,dn_265,isk_345 isk_346,"Io non saprò mai quali influenze quelle persone abbiano esercitato su di lei; quali sentimenti, quali pensieri abbiano suscitato in lei.",那樣男が甚麼影響を與へてゐるか。 どんな甚麼感情思想を嘘き込むか。,lei,MISSING,Ippolita,MISSING,PRON,MISSING,obj,MISSING,leftover_source,
250,one-to-many,dn_265,isk_345 isk_346,"Io non saprò mai quali influenze quelle persone abbiano esercitato su di lei; quali sentimenti, quali pensieri abbiano suscitato in lei.",那樣男が甚麼影響を與へてゐるか。 どんな甚麼感情思想を嘘き込むか。,lei,MISSING,Ippolita,MISSING,PRON,MISSING,obj,MISSING,leftover_source,
250,one-to-many,dn_265,isk_345 isk_346,"Io non saprò mai quali influenze quelle persone abbiano esercitato su di lei; quali sentimenti, quali pensieri abbiano suscitato in lei.",那樣男が甚麼影響を與へてゐるか。 どんな甚麼感情思想を嘘き込むか。,quelle persone,那樣男,Ippolitas-brother-in-laws-friends,Ippolitas-brother-in-laws-friends,NOUN,NOUN,nsubj,nsubj,explicit_full,
250,one-to-many,dn_265,isk_345 isk_346,"Io non saprò mai quali influenze quelle persone abbiano esercitato su di lei; quali sentimenti, quali pensieri abbiano suscitato in lei.",那樣男が甚麼影響を與へてゐるか。 どんな甚麼感情思想を嘘き込むか。,MISSING,嘘き込む,MISSING,Ippolitas-brother-in-laws-friends,MISSING,NULL,MISSING,nsubj,leftover_target,
251,one-to-many,dn_266,isk_347 isk_348,"Ella è bella, piena di seduzioni; ha quel genere di bellezza che flagella gli uomini e li fa desiderosi.",イッポリイタの姿は誘惑的に出來てゐる。 男を惱殺した結果は、情の興奮を喚び起さずには居ない性だ。,Ella,イッポリイタ,Ippolita,Ippolita,PRON,PROPN,nsubj,nmod,explicit_ref_only,
251,one-to-many,dn_266,isk_347 isk_348,"Ella è bella, piena di seduzioni; ha quel genere di bellezza che flagella gli uomini e li fa desiderosi.",イッポリイタの姿は誘惑的に出來てゐる。 男を惱殺した結果は、情の興奮を喚び起さずには居ない性だ。,ha,MISSING,Ippolita,MISSING,NULL,MISSING,nsubj,MISSING,leftover_source,
252,one-to-one,dn_267,isk_349,"In mezzo a quella orribile folla, ella è stata desiderata.",可厭な奴等に必と迫られたに違ひない。,ella,迫られた,Ippolita,Ippolita,PRON,NULL,nsubj,nsubj,zero_to_src_anchor,
252,one-to-one,dn_267,isk_349,"In mezzo a quella orribile folla, ella è stata desiderata.",可厭な奴等に必と迫られたに違ひない。,quella orribile folla,可厭な奴等,Ippolitas-brother-in-laws-friends,Ippolitas-brother-in-laws-friends,NOUN,NOUN,obj,obj,explicit_full,
255,one-to-one,dn_270,isk_354,"Non rimane, certo, impassibile.",イッポリイタだつて依樣關せずでは濟まされまい。,MISSING,イッポリイタ,MISSING,Ippolita,MISSING,PROPN,MISSING,nsubj,leftover_target,
255,one-to-one,dn_270,isk_354,"Non rimane, certo, impassibile.",イッポリイタだつて依樣關せずでは濟まされまい。,MISSING,關せず,MISSING,Ippolita,MISSING,NULL,MISSING,nsubj,leftover_target,
255,one-to-one,dn_270,isk_354,"Non rimane, certo, impassibile.",イッポリイタだつて依樣關せずでは濟まされまい。,MISSING,濟まされまい,MISSING,Ippolita,MISSING,NULL,MISSING,nsubj,leftover_target,
256,one-to-many,dn_271,isk_355 isk_356 isk_357,"Deve avvenire in lei un turbamento, un qualsiasi moto; e sia pure di ripugnanza, e sia pure di ribrezzo.",不安の情が起るに極まつてゐる。 一種の情緖だ。 縱し可厭と思つても情は情だ。,MISSING,思つて,MISSING,Ippolita,MISSING,NULL,MISSING,nsubj,leftover_target,
257,one-to-one,dn_272,isk_358,"Ora, ecco che un qualunque uomo può turbare la donna che mi ama.",だから誰でも女ゝ顏を合せれば、旣う俺を愛する女を惱亂させてゐるのだ。,mi,俺,Giorgio,Giorgio,PRON,PRON,obj,nmod,explicit_ref_pos,
257,one-to-one,dn_272,isk_358,"Ora, ecco che un qualunque uomo può turbare la donna che mi ama.",だから誰でも女ゝ顏を合せれば、旣う俺を愛する女を惱亂させてゐるのだ。,la donna,女,Ippolita,Ippolita,PRON,NOUN,obj,nmod,explicit_ref_only,
257,one-to-one,dn_272,isk_358,"Ora, ecco che un qualunque uomo può turbare la donna che mi ama.",だから誰でも女ゝ顏を合せれば、旣う俺を愛する女を惱亂させてゐるのだ。,MISSING,愛する女,MISSING,Ippolita,MISSING,NOUN,MISSING,nsubj,leftover_target,
258,one-to-one,dn_273,isk_359,Qual sorta di possesso è dunque il mio?,して見ると、俺がわが所有にしてゐるといふ實が何處に在る。,mio,わが,Giorgio,Giorgio,DET,PRON,nmod,nmod,explicit_ref_case,
258,one-to-one,dn_273,isk_359,Qual sorta di possesso è dunque il mio?,して見ると、俺がわが所有にしてゐるといふ實が何處に在る。,MISSING,俺,MISSING,Giorgio,MISSING,PRON,MISSING,nsubj,leftover_target,
259,one-to-many,dn_274,isk_360 isk_361,"Egli soffriva forte, poiché le imagini fisiche illustravano il suo ragionamento interiore.",遣る瀨ない苦惱であつた。 心の作用は殘りなく容貌の上に描き出された。,Egli,MISSING,Giorgio,MISSING,PRON,MISSING,nsubj,MISSING,leftover_source,
259,one-to-many,dn_274,isk_360 isk_361,"Egli soffriva forte, poiché le imagini fisiche illustravano il suo ragionamento interiore.",遣る瀨ない苦惱であつた。 心の作用は殘りなく容貌の上に描き出された。,suo,MISSING,Giorgio,MISSING,DET,MISSING,nmod,MISSING,leftover_source,
260,one-to-many,dn_275,isk_362 isk_363 isk_364,"Io amo Ippolita; con una passione che io crederei inestinguibile, se non sapessi che ogni amore umano deve avere una fine.",俺はイッポリイタが戀しい。 戀しいと思ふ心はパッションだ。 人間の愛情が何時か消えるものと知らなかつたら、自分のパッシォンは不滅な物といふ氣で居たらうと思ふ。,Io,俺,Giorgio,Giorgio,PRON,PRON,nsubj,nsubj,explicit_full,
260,one-to-many,dn_275,isk_362 isk_363 isk_364,"Io amo Ippolita; con una passione che io crederei inestinguibile, se non sapessi che ogni amore umano deve avere una fine.",俺はイッポリイタが戀しい。 戀しいと思ふ心はパッションだ。 人間の愛情が何時か消えるものと知らなかつたら、自分のパッシォンは不滅な物といふ氣で居たらうと思ふ。,io,自分,Giorgio,Giorgio,PRON,NOUN,nsubj,nmod,explicit_ref_only,
260,one-to-many,dn_275,isk_362 isk_363 isk_364,"Io amo Ippolita; con una passione che io crederei inestinguibile, se non sapessi che ogni amore umano deve avere una fine.",俺はイッポリイタが戀しい。 戀しいと思ふ心はパッションだ。 人間の愛情が何時か消えるものと知らなかつたら、自分のパッシォンは不滅な物といふ氣で居たらうと思ふ。,sapessi,知らなかつたら,Giorgio,Giorgio,NULL,NULL,nsubj,nsubj,zero_zero_semantic,0.37877806512908985
260,one-to-many,dn_275,isk_362 isk_363 isk_364,"Io amo Ippolita; con una passione che io crederei inestinguibile, se non sapessi che ogni amore umano deve avere una fine.",俺はイッポリイタが戀しい。 戀しいと思ふ心はパッションだ。 人間の愛情が何時か消えるものと知らなかつたら、自分のパッシォンは不滅な物といふ氣で居たらうと思ふ。,MISSING,思ふ,MISSING,Giorgio,MISSING,NULL,MISSING,nsubj,leftover_target,
260,one-to-many,dn_275,isk_362 isk_363 isk_364,"Io amo Ippolita; con una passione che io crederei inestinguibile, se non sapessi che ogni amore umano deve avere una fine.",俺はイッポリイタが戀しい。 戀しいと思ふ心はパッションだ。 人間の愛情が何時か消えるものと知らなかつたら、自分のパッシォンは不滅な物といふ氣で居たらうと思ふ。,Ippolita,イッポリイタ,Ippolita,Ippolita,PROPN,PROPN,obj,obj,explicit_full,
261,one-to-many,dn_276,isk_365 isk_366,Io l'amo e non imagino voluttà più alte di quelle che ho da lei.,イッポリイタが戀しい。 此の女が與へてくれるやうな、充足した歡樂が外て得られようとも思へない。,Io,思へない,Giorgio,Giorgio,PRON,NOUN,nsubj,nsubj,explicit_ref_case,
261,one-to-many,dn_276,isk_365 isk_366,Io l'amo e non imagino voluttà più alte di quelle che ho da lei.,イッポリイタが戀しい。 此の女が與へてくれるやうな、充足した歡樂が外て得られようとも思へない。,ho,戀しい,Giorgio,Giorgio,NULL,NULL,nsubj,nsubj,zero_zero_semantic,0.5880873828478481
261,one-to-many,dn_276,isk_365 isk_366,Io l'amo e non imagino voluttà più alte di quelle che ho da lei.,イッポリイタが戀しい。 此の女が與へてくれるやうな、充足した歡樂が外て得られようとも思へない。,imagino,MISSING,Giorgio,MISSING,NULL,MISSING,nsubj,MISSING,leftover_source,
261,one-to-many,dn_276,isk_365 isk_366,Io l'amo e non imagino voluttà più alte di quelle che ho da lei.,イッポリイタが戀しい。 此の女が與へてくれるやうな、充足した歡樂が外て得られようとも思へない。,l,イッポリイタ,Ippolita,Ippolita,PRON,PROPN,obj,obj,explicit_ref_case,
261,one-to-many,dn_276,isk_365 isk_366,Io l'amo e non imagino voluttà più alte di quelle che ho da lei.,イッポリイタが戀しい。 此の女が與へてくれるやうな、充足した歡樂が外て得られようとも思へない。,lei,此の女,Ippolita,Ippolita,PRON,NOUN,obj,nsubj,explicit_ref_only,
262,one-to-many,dn_277,isk_367 isk_368,"Pure, più d'una volta, vedendo passare una donna, io sono stato assalito da un desiderio repentino; più d'una volta, due occhi di donna, veduti in qualche luogo, fuggevolmente, mi hanno lasciato nell'anima non so che vago solco di malinconia.",とは言へ、一度ならず自分も瞥と通りすがりの女を見て情の發作を經驗した。 人知れず輝かしい女の眼に擊たれて、悒鬱な氣分に沈んだ覺えもある。,io,自分,Giorgio,Giorgio,PRON,PRON,nsubj,nsubj,explicit_full,
262,one-to-many,dn_277,isk_367 isk_368,"Pure, più d'una volta, vedendo passare una donna, io sono stato assalito da un desiderio repentino; più d'una volta, due occhi di donna, veduti in qualche luogo, fuggevolmente, mi hanno lasciato nell'anima non so che vago solco di malinconia.",とは言へ、一度ならず自分も瞥と通りすがりの女を見て情の發作を經驗した。 人知れず輝かしい女の眼に擊たれて、悒鬱な氣分に沈んだ覺えもある。,so,沈んだ,Giorgio,Giorgio,NULL,NULL,nsubj,nsubj,zero_zero_semantic,0.5656299072326855
262,one-to-many,dn_277,isk_367 isk_368,"Pure, più d'una volta, vedendo passare una donna, io sono stato assalito da un desiderio repentino; più d'una volta, due occhi di donna, veduti in qualche luogo, fuggevolmente, mi hanno lasciato nell'anima non so che vago solco di malinconia.",とは言へ、一度ならず自分も瞥と通りすがりの女を見て情の發作を經驗した。 人知れず輝かしい女の眼に擊たれて、悒鬱な氣分に沈んだ覺えもある。,mi,MISSING,Giorgio,MISSING,PRON,MISSING,obj,MISSING,leftover_source,
262,one-to-many,dn_277,isk_367 isk_368,"Pure, più d'una volta, vedendo passare una donna, io sono stato assalito da un desiderio repentino; più d'una volta, due occhi di donna, veduti in qualche luogo, fuggevolmente, mi hanno lasciato nell'anima non so che vago solco di malinconia.",とは言へ、一度ならず自分も瞥と通りすがりの女を見て情の發作を經驗した。 人知れず輝かしい女の眼に擊たれて、悒鬱な氣分に沈んだ覺えもある。,MISSING,言へ,MISSING,Giorgio,MISSING,NULL,MISSING,nsubj,leftover_target,
262,one-to-many,dn_277,isk_367 isk_368,"Pure, più d'una volta, vedendo passare una donna, io sono stato assalito da un desiderio repentino; più d'una volta, due occhi di donna, veduti in qualche luogo, fuggevolmente, mi hanno lasciato nell'anima non so che vago solco di malinconia.",とは言へ、一度ならず自分も瞥と通りすがりの女を見て情の發作を經驗した。 人知れず輝かしい女の眼に擊たれて、悒鬱な氣分に沈んだ覺えもある。,MISSING,見て,MISSING,Giorgio,MISSING,NULL,MISSING,nsubj,leftover_target,
262,one-to-many,dn_277,isk_367 isk_368,"Pure, più d'una volta, vedendo passare una donna, io sono stato assalito da un desiderio repentino; più d'una volta, due occhi di donna, veduti in qualche luogo, fuggevolmente, mi hanno lasciato nell'anima non so che vago solco di malinconia.",とは言へ、一度ならず自分も瞥と通りすがりの女を見て情の發作を經驗した。 人知れず輝かしい女の眼に擊たれて、悒鬱な氣分に沈んだ覺えもある。,MISSING,擊たれて,MISSING,Giorgio,MISSING,NULL,MISSING,nsubj,leftover_target,
263,one-to-one,dn_278,isk_369,"Più d'una volta, io ho pensato d'una donna che passava, d'una donna incontrata in un salotto, dell'amante d'un mio amico:",客間で見知つた女、友人のどんな戀女、それらの女に就いて空想して見たこともある―甚麼戀をして居るのだらう。,io,就いて,Giorgio,Giorgio,PRON,NULL,nsubj,nsubj,zero_to_src_anchor,
263,one-to-one,dn_278,isk_369,"Più d'una volta, io ho pensato d'una donna che passava, d'una donna incontrata in un salotto, dell'amante d'un mio amico:",客間で見知つた女、友人のどんな戀女、それらの女に就いて空想して見たこともある―甚麼戀をして居るのだらう。,mio,MISSING,Giorgio,MISSING,DET,MISSING,nmod,MISSING,leftover_source,
263,one-to-one,dn_278,isk_369,"Più d'una volta, io ho pensato d'una donna che passava, d'una donna incontrata in un salotto, dell'amante d'un mio amico:",客間で見知つた女、友人のどんな戀女、それらの女に就いて空想して見たこともある―甚麼戀をして居るのだらう。,MISSING,空想して見た,MISSING,Giorgio,MISSING,NULL,MISSING,nsubj,leftover_target,
266,one-to-one,dn_281,isk_372,"E per qualche tempo quella donna ha incitata la mia imaginazione, senza troppa vivezza, ma con una insistenza lenta, a intervalli.",他の考想を逐ひ出すでもなく、偶に出て來ては執念く附纒はる。,mia,MISSING,Giorgio,MISSING,DET,MISSING,nmod,MISSING,leftover_source,
266,one-to-one,dn_281,isk_372,"E per qualche tempo quella donna ha incitata la mia imaginazione, senza troppa vivezza, ma con una insistenza lenta, a intervalli.",他の考想を逐ひ出すでもなく、偶に出て來ては執念く附纒はる。,MISSING,逐ひ出す,MISSING,Giorgio,MISSING,NULL,MISSING,nsubj,leftover_target,
266,one-to-one,dn_281,isk_372,"E per qualche tempo quella donna ha incitata la mia imaginazione, senza troppa vivezza, ma con una insistenza lenta, a intervalli.",他の考想を逐ひ出すでもなく、偶に出て來ては執念く附纒はる。,MISSING,出て來て,MISSING,Giorgio,MISSING,NULL,MISSING,nsubj,leftover_target,
266,one-to-one,dn_281,isk_372,"E per qualche tempo quella donna ha incitata la mia imaginazione, senza troppa vivezza, ma con una insistenza lenta, a intervalli.",他の考想を逐ひ出すでもなく、偶に出て來ては執念く附纒はる。,MISSING,附纒はる,MISSING,Giorgio,MISSING,NULL,MISSING,nsubj,leftover_target,
267,one-to-one,dn_282,isk_373,"Taluna di quelle imagini s'è anche presentata d'improvviso nel mio spirito, mentre io tenevo sotto le mie carezze Ippolita.",然うした妄想はイッポリイタを抱いてゐる最中にすら浮んて來る。,io,抱いてゐる,Giorgio,Giorgio,PRON,NULL,nsubj,nsubj,zero_to_src_anchor,
267,one-to-one,dn_282,isk_373,"Taluna di quelle imagini s'è anche presentata d'improvviso nel mio spirito, mentre io tenevo sotto le mie carezze Ippolita.",然うした妄想はイッポリイタを抱いてゐる最中にすら浮んて來る。,mio,MISSING,Giorgio,MISSING,DET,MISSING,nmod,MISSING,leftover_source,
267,one-to-one,dn_282,isk_373,"Taluna di quelle imagini s'è anche presentata d'improvviso nel mio spirito, mentre io tenevo sotto le mie carezze Ippolita.",然うした妄想はイッポリイタを抱いてゐる最中にすら浮んて來る。,mie,MISSING,Giorgio,MISSING,DET,MISSING,nmod,MISSING,leftover_source,
267,one-to-one,dn_282,isk_373,"Taluna di quelle imagini s'è anche presentata d'improvviso nel mio spirito, mentre io tenevo sotto le mie carezze Ippolita.",然うした妄想はイッポリイタを抱いてゐる最中にすら浮んて來る。,Ippolita,イッポリイタ,Ippolita,Ippolita,PROPN,PROPN,obj,obj,explicit_full,
268,one-to-one,dn_283 dn_284,isk_374 isk_375 isk_376,"Or bene, perché ella stessa non potrebbe essere sorpresa da un desiderio vedendo passare un uomo? Se io avessi il dono di guardarla nell'anima e la vedessi attraversata da uno di quei desiderii, sia pure come da un lampo, certo io crederei macchiata la mia amante d'una macchia indelebile e crederei morire di dolore.",それだもの、彼女だつて道行く男を見て情に撥はれないといへば嘘だ。 女の心が俺に讀めて、那樣欲情の蔓延つてゐることが、ほんのちらつとでも分つたら、汚點だらけな女といふことが、確かに認められるに違ひない。 して自分は物狂はしさに死ぬことと思ふ。,io,自分,Giorgio,Giorgio,PRON,PRON,nsubj,nsubj,explicit_full,
268,one-to-one,dn_283 dn_284,isk_374 isk_375 isk_376,"Or bene, perché ella stessa non potrebbe essere sorpresa da un desiderio vedendo passare un uomo? Se io avessi il dono di guardarla nell'anima e la vedessi attraversata da uno di quei desiderii, sia pure come da un lampo, certo io crederei macchiata la mia amante d'una macchia indelebile e crederei morire di dolore.",それだもの、彼女だつて道行く男を見て情に撥はれないといへば嘘だ。 女の心が俺に讀めて、那樣欲情の蔓延つてゐることが、ほんのちらつとでも分つたら、汚點だらけな女といふことが、確かに認められるに違ひない。 して自分は物狂はしさに死ぬことと思ふ。,la,俺,Giorgio,Giorgio,PRON,PRON,nsubj,obj,explicit_ref_pos,
268,one-to-one,dn_283 dn_284,isk_374 isk_375 isk_376,"Or bene, perché ella stessa non potrebbe essere sorpresa da un desiderio vedendo passare un uomo? Se io avessi il dono di guardarla nell'anima e la vedessi attraversata da uno di quei desiderii, sia pure come da un lampo, certo io crederei macchiata la mia amante d'una macchia indelebile e crederei morire di dolore.",それだもの、彼女だつて道行く男を見て情に撥はれないといへば嘘だ。 女の心が俺に讀めて、那樣欲情の蔓延つてゐることが、ほんのちらつとでも分つたら、汚點だらけな女といふことが、確かに認められるに違ひない。 して自分は物狂はしさに死ぬことと思ふ。,crederei,思ふ,Giorgio,Giorgio,NULL,NULL,nsubj,nsubj,zero_zero_semantic,0.25823752923511534
268,one-to-one,dn_283 dn_284,isk_374 isk_375 isk_376,"Or bene, perché ella stessa non potrebbe essere sorpresa da un desiderio vedendo passare un uomo? Se io avessi il dono di guardarla nell'anima e la vedessi attraversata da uno di quei desiderii, sia pure come da un lampo, certo io crederei macchiata la mia amante d'una macchia indelebile e crederei morire di dolore.",それだもの、彼女だつて道行く男を見て情に撥はれないといへば嘘だ。 女の心が俺に讀めて、那樣欲情の蔓延つてゐることが、ほんのちらつとでも分つたら、汚點だらけな女といふことが、確かに認められるに違ひない。 して自分は物狂はしさに死ぬことと思ふ。,crederei,認められる,Giorgio,Giorgio,PRON,NULL,nsubj,nsubj,zero_to_src_anchor,
268,one-to-one,dn_283 dn_284,isk_374 isk_375 isk_376,"Or bene, perché ella stessa non potrebbe essere sorpresa da un desiderio vedendo passare un uomo? Se io avessi il dono di guardarla nell'anima e la vedessi attraversata da uno di quei desiderii, sia pure come da un lampo, certo io crederei macchiata la mia amante d'una macchia indelebile e crederei morire di dolore.",それだもの、彼女だつて道行く男を見て情に撥はれないといへば嘘だ。 女の心が俺に讀めて、那樣欲情の蔓延つてゐることが、ほんのちらつとでも分つたら、汚點だらけな女といふことが、確かに認められるに違ひない。 して自分は物狂はしさに死ぬことと思ふ。,mia,MISSING,Giorgio,MISSING,DET,MISSING,nmod,MISSING,leftover_source,
268,one-to-one,dn_283 dn_284,isk_374 isk_375 isk_376,"Or bene, perché ella stessa non potrebbe essere sorpresa da un desiderio vedendo passare un uomo? Se io avessi il dono di guardarla nell'anima e la vedessi attraversata da uno di quei desiderii, sia pure come da un lampo, certo io crederei macchiata la mia amante d'una macchia indelebile e crederei morire di dolore.",それだもの、彼女だつて道行く男を見て情に撥はれないといへば嘘だ。 女の心が俺に讀めて、那樣欲情の蔓延つてゐることが、ほんのちらつとでも分つたら、汚點だらけな女といふことが、確かに認められるに違ひない。 して自分は物狂はしさに死ぬことと思ふ。,ella stessa,彼女,Ippolita,Ippolita,PRON,PRON,nsubj,nsubj,explicit_full,
268,one-to-one,dn_283 dn_284,isk_374 isk_375 isk_376,"Or bene, perché ella stessa non potrebbe essere sorpresa da un desiderio vedendo passare un uomo? Se io avessi il dono di guardarla nell'anima e la vedessi attraversata da uno di quei desiderii, sia pure come da un lampo, certo io crederei macchiata la mia amante d'una macchia indelebile e crederei morire di dolore.",それだもの、彼女だつて道行く男を見て情に撥はれないといへば嘘だ。 女の心が俺に讀めて、那樣欲情の蔓延つてゐることが、ほんのちらつとでも分つたら、汚點だらけな女といふことが、確かに認められるに違ひない。 して自分は物狂はしさに死ぬことと思ふ。,amante,女,Ippolita,Ippolita,NOUN,NOUN,obj,nmod,explicit_ref_pos,
268,one-to-one,dn_283 dn_284,isk_374 isk_375 isk_376,"Or bene, perché ella stessa non potrebbe essere sorpresa da un desiderio vedendo passare un uomo? Se io avessi il dono di guardarla nell'anima e la vedessi attraversata da uno di quei desiderii, sia pure come da un lampo, certo io crederei macchiata la mia amante d'una macchia indelebile e crederei morire di dolore.",それだもの、彼女だつて道行く男を見て情に撥はれないといへば嘘だ。 女の心が俺に讀めて、那樣欲情の蔓延つてゐることが、ほんのちらつとでも分つたら、汚點だらけな女といふことが、確かに認められるに違ひない。 して自分は物狂はしさに死ぬことと思ふ。,la,MISSING,Ippolita,MISSING,PRON,MISSING,obj,MISSING,leftover_source,
268,one-to-one,dn_283 dn_284,isk_374 isk_375 isk_376,"Or bene, perché ella stessa non potrebbe essere sorpresa da un desiderio vedendo passare un uomo? Se io avessi il dono di guardarla nell'anima e la vedessi attraversata da uno di quei desiderii, sia pure come da un lampo, certo io crederei macchiata la mia amante d'una macchia indelebile e crederei morire di dolore.",それだもの、彼女だつて道行く男を見て情に撥はれないといへば嘘だ。 女の心が俺に讀めて、那樣欲情の蔓延つてゐることが、ほんのちらつとでも分つたら、汚點だらけな女といふことが、確かに認められるに違ひない。 して自分は物狂はしさに死ぬことと思ふ。,ve,MISSING,Ippolita,MISSING,PRON,MISSING,obj,MISSING,leftover_source,
268,one-to-one,dn_283 dn_284,isk_374 isk_375 isk_376,"Or bene, perché ella stessa non potrebbe essere sorpresa da un desiderio vedendo passare un uomo? Se io avessi il dono di guardarla nell'anima e la vedessi attraversata da uno di quei desiderii, sia pure come da un lampo, certo io crederei macchiata la mia amante d'una macchia indelebile e crederei morire di dolore.",それだもの、彼女だつて道行く男を見て情に撥はれないといへば嘘だ。 女の心が俺に讀めて、那樣欲情の蔓延つてゐることが、ほんのちらつとでも分つたら、汚點だらけな女といふことが、確かに認められるに違ひない。 して自分は物狂はしさに死ぬことと思ふ。,MISSING,撥はれない,MISSING,Ippolita,MISSING,NULL,MISSING,nsubj,leftover_target,
269,one-to-many,dn_285,isk_377 isk_378 isk_379 isk_380 isk_381,"Io non potrò mai avere questa prova materiale, perché natura vuole che l'anima della mia amante sia invisibile e impalpabile, pur essendo assai più del corpo esposta alle violazioni.",ところが此の生きた證據は摑めこない。 女の心は眼で見られない。 觸つて見ることも出來ない。 と言つて瀆れて行く心は、依然潰れずに居ない。 肉體よりは餘計にその傾きが强い。,Io,摑めこない,Giorgio,Giorgio,PRON,NULL,nsubj,nsubj,zero_to_src_anchor,
269,one-to-many,dn_285,isk_377 isk_378 isk_379 isk_380 isk_381,"Io non potrò mai avere questa prova materiale, perché natura vuole che l'anima della mia amante sia invisibile e impalpabile, pur essendo assai più del corpo esposta alle violazioni.",ところが此の生きた證據は摑めこない。 女の心は眼で見られない。 觸つて見ることも出來ない。 と言つて瀆れて行く心は、依然潰れずに居ない。 肉體よりは餘計にその傾きが强い。,mia,MISSING,Giorgio,MISSING,DET,MISSING,nmod,MISSING,leftover_source,
269,one-to-many,dn_285,isk_377 isk_378 isk_379 isk_380 isk_381,"Io non potrò mai avere questa prova materiale, perché natura vuole che l'anima della mia amante sia invisibile e impalpabile, pur essendo assai più del corpo esposta alle violazioni.",ところが此の生きた證據は摑めこない。 女の心は眼で見られない。 觸つて見ることも出來ない。 と言つて瀆れて行く心は、依然潰れずに居ない。 肉體よりは餘計にその傾きが强い。,MISSING,見られない,MISSING,Giorgio,MISSING,NULL,MISSING,nsubj,leftover_target,
269,one-to-many,dn_285,isk_377 isk_378 isk_379 isk_380 isk_381,"Io non potrò mai avere questa prova materiale, perché natura vuole che l'anima della mia amante sia invisibile e impalpabile, pur essendo assai più del corpo esposta alle violazioni.",ところが此の生きた證據は摑めこない。 女の心は眼で見られない。 觸つて見ることも出來ない。 と言つて瀆れて行く心は、依然潰れずに居ない。 肉體よりは餘計にその傾きが强い。,MISSING,觸つて,MISSING,Giorgio,MISSING,NULL,MISSING,nsubj,leftover_target,
269,one-to-many,dn_285,isk_377 isk_378 isk_379 isk_380 isk_381,"Io non potrò mai avere questa prova materiale, perché natura vuole che l'anima della mia amante sia invisibile e impalpabile, pur essendo assai più del corpo esposta alle violazioni.",ところが此の生きた證據は摑めこない。 女の心は眼で見られない。 觸つて見ることも出來ない。 と言つて瀆れて行く心は、依然潰れずに居ない。 肉體よりは餘計にその傾きが强い。,MISSING,見ることも出來ない,MISSING,Giorgio,MISSING,NULL,MISSING,nsubj,leftover_target,
269,one-to-many,dn_285,isk_377 isk_378 isk_379 isk_380 isk_381,"Io non potrò mai avere questa prova materiale, perché natura vuole che l'anima della mia amante sia invisibile e impalpabile, pur essendo assai più del corpo esposta alle violazioni.",ところが此の生きた證據は摑めこない。 女の心は眼で見られない。 觸つて見ることも出來ない。 と言つて瀆れて行く心は、依然潰れずに居ない。 肉體よりは餘計にその傾きが强い。,amante,MISSING,Ippolita,MISSING,NOUN,MISSING,nmod,MISSING,leftover_source,
269,one-to-many,dn_285,isk_377 isk_378 isk_379 isk_380 isk_381,"Io non potrò mai avere questa prova materiale, perché natura vuole che l'anima della mia amante sia invisibile e impalpabile, pur essendo assai più del corpo esposta alle violazioni.",ところが此の生きた證據は摑めこない。 女の心は眼で見られない。 觸つて見ることも出來ない。 と言つて瀆れて行く心は、依然潰れずに居ない。 肉體よりは餘計にその傾きが强い。,MISSING,女,MISSING,Ippolita,MISSING,NULL,MISSING,nsubj,leftover_target,
270,one-to-one,dn_286,isk_382,Ma le analogie m'illuminano.,併し推理は當にならないこともない。,m,MISSING,Giorgio,MISSING,PRON,MISSING,obj,MISSING,leftover_source,
272,one-to-one,dn_288,isk_384,"Forse, in questo istante medesimo, ella guarda dentro di sé una macchia recente e la vede, sotto il suo sguardo, dilatarsi.",必と今輓近に受けた汚點に氣が附いて居るだらう。,vede,受けた,Ippolita,Ippolita,NULL,NULL,nsubj,nsubj,zero_zero_single,
272,one-to-one,dn_288,isk_384,"Forse, in questo istante medesimo, ella guarda dentro di sé una macchia recente e la vede, sotto il suo sguardo, dilatarsi.",必と今輓近に受けた汚點に氣が附いて居るだらう。,ella,MISSING,Ippolita,MISSING,PRON,MISSING,nsubj,MISSING,leftover_source,
272,one-to-one,dn_288,isk_384,"Forse, in questo istante medesimo, ella guarda dentro di sé una macchia recente e la vede, sotto il suo sguardo, dilatarsi.",必と今輓近に受けた汚點に氣が附いて居るだらう。,sé,MISSING,Ippolita,MISSING,PRON,MISSING,nmod,MISSING,leftover_source,
272,one-to-one,dn_288,isk_384,"Forse, in questo istante medesimo, ella guarda dentro di sé una macchia recente e la vede, sotto il suo sguardo, dilatarsi.",必と今輓近に受けた汚點に氣が附いて居るだらう。,suo,MISSING,Ippolita,MISSING,DET,MISSING,nmod,MISSING,leftover_source,
273,one-to-many,dn_289,isk_385 isk_386,"Egli ebbe un gran sussulto, all'urto del dolore.",物思ひの裏に、その汚點が擴がつて來るのを注意してるのだらう。 苦痛が昂じて猛然と飛び立つた。,Egli,飛び立つた,Giorgio,Giorgio,PRON,NULL,nsubj,nsubj,zero_to_src_anchor,
273,one-to-many,dn_289,isk_385 isk_386,"Egli ebbe un gran sussulto, all'urto del dolore.",物思ひの裏に、その汚點が擴がつて來るのを注意してるのだらう。 苦痛が昂じて猛然と飛び立つた。,MISSING,注意してる,MISSING,Ippolita,MISSING,NULL,MISSING,nsubj,leftover_target,
274,one-to-one,dn_290,isk_389,"Ippolita gli chiese, con voce dolce:",イッポリイタが柔かに訊く。,gli,MISSING,Giorgio,MISSING,PRON,MISSING,obj,MISSING,leftover_source,
274,one-to-one,dn_290,isk_389,"Ippolita gli chiese, con voce dolce:",イッポリイタが柔かに訊く。,Ippolita,イッポリイタ,Ippolita,Ippolita,PROPN,PROPN,nsubj,nsubj,explicit_full,
275,one-to-one,dn_291,isk_387,Che hai?,奈何なすつたの。,hai,なすつた,Giorgio,Giorgio,NULL,NULL,nsubj,nsubj,zero_zero_single,
276,one-to-one,dn_292,isk_388,A che pensavi?,何考へて？,pensavi,考へて,Giorgio,Giorgio,NULL,NULL,nsubj,nsubj,zero_zero_single,
277,one-to-one,dn_294,isk_390,A te.,お前のことさ。,te,お前,Ippolita,Ippolita,PRON,PRON,obj,nmod,explicit_ref_pos,
280,one-to-one,dn_297,isk_394,Ippolita sospirò.,女は吐息を洩らした。,Ippolita,女,Ippolita,Ippolita,PROPN,NOUN,nsubj,nsubj,explicit_ref_case,
281,one-to-one,dn_298,isk_395,Poi chiese:,一寸間を置いて、,chiese,置いて,Ippolita,Ippolita,NULL,NULL,nsubj,nsubj,zero_zero_single,
282,one-to-one,dn_299,isk_396,Vuoi che andiamo?,未だ行らつしやらない？,Vuoi,MISSING,Giorgio,MISSING,NULL,MISSING,nsubj,MISSING,leftover_source,
282,one-to-one,dn_299,isk_396,Vuoi che andiamo?,未だ行らつしやらない？,andiamo,行らつしやらない,Giorgio Ippolita,Giorgio Ippolita,NULL,NULL,nsubj,nsubj,zero_zero_single,
283,one-to-many,dn_301,isk_397 isk_398,Andiamo.,うむ。 行かう。,Andiamo,行かう,Giorgio Ippolita,Giorgio Ippolita,NULL,NULL,nsubj,nsubj,zero_zero_single,
284,one-to-one,dn_302,isk_399,Si levarono.,起ち上つた。,levarono,起ち上つた,Giorgio Ippolita,Giorgio Ippolita,NULL,NULL,nsubj,nsubj,zero_zero_single,
284,one-to-one,dn_302,isk_399,Si levarono.,起ち上つた。,Si,MISSING,Giorgio Ippolita,MISSING,PRON-REFLEX,MISSING,obj,MISSING,leftover_source,
285,one-to-one,dn_303,isk_400,Si rimisero per la via che avevano dianzi percorsa.,二人は舊來た道へと引返して行つた。,rimisero,二人,Giorgio Ippolita,Giorgio Ippolita,NULL,NOUN,nsubj,nsubj,zero_to_tgt_anchor,
285,one-to-one,dn_303,isk_400,Si rimisero per la via che avevano dianzi percorsa.,二人は舊來た道へと引返して行つた。,Si,MISSING,Giorgio Ippolita,MISSING,PRON-REFLEX,MISSING,obj,MISSING,leftover_source,
285,one-to-one,dn_303,isk_400,Si rimisero per la via che avevano dianzi percorsa.,二人は舊來た道へと引返して行つた。,avevano,MISSING,Giorgio Ippolita,MISSING,NULL,MISSING,nsubj,MISSING,leftover_source,
286,one-to-one,dn_304,isk_401,"Ippolita disse, piano, con le lacrime nella voce:",緩く涙含んだ調子でイッポリイタが、,Ippolita,イッポリイタ,Ippolita,Ippolita,PROPN,PROPN,nsubj,nsubj,explicit_full,
287,one-to-one,dn_305,isk_402,"Che sera triste, amor mio!",何てなさけ無い晩でせうねえ。,amor,MISSING,Giorgio,MISSING,NOUN,MISSING,vocative,MISSING,leftover_source,
287,one-to-one,dn_305,isk_402,"Che sera triste, amor mio!",何てなさけ無い晩でせうねえ。,mio,MISSING,Ippolita,MISSING,DET,MISSING,nmod,MISSING,leftover_source,
288,one-to-many,dn_306,isk_403 isk_404,"Si soffermò, come per raccogliere e per assaporare la tristezza sparsa nel giorno morente.",此の一日中に散り翻れた、種々な悲哀を喚び返して、もう一度味ひ直す言ふ風に女は立ち停つた。 日の暮れ果てるまでにはもう間もない。,soffermò,喚び返して,Ippolita,Ippolita,NULL,NULL,nsubj,nsubj,zero_zero_semantic,0.28651047581306066
288,one-to-many,dn_306,isk_403 isk_404,"Si soffermò, come per raccogliere e per assaporare la tristezza sparsa nel giorno morente.",此の一日中に散り翻れた、種々な悲哀を喚び返して、もう一度味ひ直す言ふ風に女は立ち停つた。 日の暮れ果てるまでにはもう間もない。,Si,MISSING,Ippolita,MISSING,PRON-REFLEX,MISSING,obj,MISSING,leftover_source,
288,one-to-many,dn_306,isk_403 isk_404,"Si soffermò, come per raccogliere e per assaporare la tristezza sparsa nel giorno morente.",此の一日中に散り翻れた、種々な悲哀を喚び返して、もう一度味ひ直す言ふ風に女は立ち停つた。 日の暮れ果てるまでにはもう間もない。,MISSING,翻れた,MISSING,Ippolita,MISSING,NULL,MISSING,nsubj,leftover_target,
288,one-to-many,dn_306,isk_403 isk_404,"Si soffermò, come per raccogliere e per assaporare la tristezza sparsa nel giorno morente.",此の一日中に散り翻れた、種々な悲哀を喚び返して、もう一度味ひ直す言ふ風に女は立ち停つた。 日の暮れ果てるまでにはもう間もない。,MISSING,味ひ直す,MISSING,Ippolita,MISSING,NULL,MISSING,nsubj,leftover_target,
288,one-to-many,dn_306,isk_403 isk_404,"Si soffermò, come per raccogliere e per assaporare la tristezza sparsa nel giorno morente.",此の一日中に散り翻れた、種々な悲哀を喚び返して、もう一度味ひ直す言ふ風に女は立ち停つた。 日の暮れ果てるまでにはもう間もない。,MISSING,女,MISSING,Ippolita,MISSING,NOUN,MISSING,nsubj,leftover_target,
292,one-to-one,dn_310,isk_410,Dove andrai stasera?,今夜何處へ行きませう。,andrai,行きませう,Giorgio,Giorgio,NULL,NULL,nsubj,nsubj,zero_zero_single,
293,one-to-one,dn_312,isk_411,Che farai?,是から奈何するの。,farai,する,Giorgio,Giorgio,NULL,NULL,nsubj,nsubj,zero_zero_single,
294,one-to-one,dn_313,isk_412,"Egli rispose, desolato:",氣落ちのしたやうに、,Egli,MISSING,Giorgio,MISSING,PRON,MISSING,nsubj,MISSING,leftover_source,
295,one-to-many,dn_314,isk_413 isk_414,Io non so che farò.,奈何しよう。 俺にも分らない。,Io,俺,Giorgio,Giorgio,PRON,PRON,nsubj,obj,explicit_ref_pos,
295,one-to-many,dn_314,isk_413 isk_414,Io non so che farò.,奈何しよう。 俺にも分らない。,farò,しよう,Giorgio,Giorgio,NULL,NULL,nsubj,nsubj,zero_zero_single,
296,one-to-many,dn_315,isk_415 isk_416 isk_417,"Mentre soffrivano stando l'uno presso l'altra, pensavano con terrore a una nota e ben più dura sofferenza che li aspettava.",男女は途方に暮れながら、緊と寄り添つて立ち盡した。 殘念な慄はれるやうな苦悶が、彼等を待つてゐる。 それと思つて怕れない譯に行かなかつた。,l'uno,MISSING,Giorgio,MISSING,PRON,MISSING,obj,MISSING,leftover_source,
296,one-to-many,dn_315,isk_415 isk_416 isk_417,"Mentre soffrivano stando l'uno presso l'altra, pensavano con terrore a una nota e ben più dura sofferenza che li aspettava.",男女は途方に暮れながら、緊と寄り添つて立ち盡した。 殘念な慄はれるやうな苦悶が、彼等を待つてゐる。 それと思つて怕れない譯に行かなかつた。,li,彼等,Giorgio Ippolita,Giorgio Ippolita,PRON,NOUN,obj,obj,explicit_ref_case,
296,one-to-many,dn_315,isk_415 isk_416 isk_417,"Mentre soffrivano stando l'uno presso l'altra, pensavano con terrore a una nota e ben più dura sofferenza che li aspettava.",男女は途方に暮れながら、緊と寄り添つて立ち盡した。 殘念な慄はれるやうな苦悶が、彼等を待つてゐる。 それと思つて怕れない譯に行かなかつた。,soffrivano,寄り添つて,Giorgio Ippolita,Giorgio Ippolita,NULL,NULL,nsubj,nsubj,zero_zero_semantic,0.41380298148694655
296,one-to-many,dn_315,isk_415 isk_416 isk_417,"Mentre soffrivano stando l'uno presso l'altra, pensavano con terrore a una nota e ben più dura sofferenza che li aspettava.",男女は途方に暮れながら、緊と寄り添つて立ち盡した。 殘念な慄はれるやうな苦悶が、彼等を待つてゐる。 それと思つて怕れない譯に行かなかつた。,pensavano,怕れない譯に行かなかつた,Giorgio Ippolita,Giorgio Ippolita,NULL,NULL,nsubj,nsubj,zero_zero_semantic,0.5447553855907988
296,one-to-many,dn_315,isk_415 isk_416 isk_417,"Mentre soffrivano stando l'uno presso l'altra, pensavano con terrore a una nota e ben più dura sofferenza che li aspettava.",男女は途方に暮れながら、緊と寄り添つて立ち盡した。 殘念な慄はれるやうな苦悶が、彼等を待つてゐる。 それと思つて怕れない譯に行かなかつた。,MISSING,男女,MISSING,Giorgio Ippolita,MISSING,NOUN,MISSING,nsubj,leftover_target,
296,one-to-many,dn_315,isk_415 isk_416 isk_417,"Mentre soffrivano stando l'uno presso l'altra, pensavano con terrore a una nota e ben più dura sofferenza che li aspettava.",男女は途方に暮れながら、緊と寄り添つて立ち盡した。 殘念な慄はれるやうな苦悶が、彼等を待つてゐる。 それと思つて怕れない譯に行かなかつた。,MISSING,立ち盡した,MISSING,Giorgio Ippolita,MISSING,NULL,MISSING,nsubj,leftover_target,
296,one-to-many,dn_315,isk_415 isk_416 isk_417,"Mentre soffrivano stando l'uno presso l'altra, pensavano con terrore a una nota e ben più dura sofferenza che li aspettava.",男女は途方に暮れながら、緊と寄り添つて立ち盡した。 殘念な慄はれるやうな苦悶が、彼等を待つてゐる。 それと思つて怕れない譯に行かなかつた。,MISSING,思つて,MISSING,Giorgio Ippolita,MISSING,NULL,MISSING,nsubj,leftover_target,
296,one-to-many,dn_315,isk_415 isk_416 isk_417,"Mentre soffrivano stando l'uno presso l'altra, pensavano con terrore a una nota e ben più dura sofferenza che li aspettava.",男女は途方に暮れながら、緊と寄り添つて立ち盡した。 殘念な慄はれるやうな苦悶が、彼等を待つてゐる。 それと思つて怕れない譯に行かなかつた。,l'altra,MISSING,Ippolita,MISSING,PRON,MISSING,obj,MISSING,leftover_source,
297,one-to-one,dn_316,isk_418,Essi sapevano quale orribile strazio le imaginazioni notturne avrebbero fatto delle loro anime senza difesa.,夜の物題ひ、その間に守護無き二人の霊は、きざきざに引裂かれねばならなかつた。,loro,守護無き二人,Giorgio Ippolita,Giorgio Ippolita,DET,NOUN,nmod,nmod,explicit_ref_case,
297,one-to-one,dn_316,isk_418,Essi sapevano quale orribile strazio le imaginazioni notturne avrebbero fatto delle loro anime senza difesa.,夜の物題ひ、その間に守護無き二人の霊は、きざきざに引裂かれねばならなかつた。,Essi,MISSING,Giorgio Ippolita,MISSING,PRON,MISSING,nsubj,MISSING,leftover_source,
298,one-to-one,dn_317,isk_419,"Se tu vuoi, vengo da te, questa notte",貴郎さへお厭でなければ、今晩私一緒でも可いの。,tu,貴郎,Giorgio,Giorgio,PRON,NOUN,nsubj,nsubj,explicit_ref_case,
298,one-to-one,dn_317,isk_419,"Se tu vuoi, vengo da te, questa notte",貴郎さへお厭でなければ、今晩私一緒でも可いの。,te,MISSING,Giorgio,MISSING,PRON,MISSING,obj,MISSING,leftover_source,
298,one-to-one,dn_317,isk_419,"Se tu vuoi, vengo da te, questa notte",貴郎さへお厭でなければ、今晩私一緒でも可いの。,vengo,MISSING,Ippolita,MISSING,NULL,MISSING,nsubj,MISSING,leftover_source,
298,one-to-one,dn_317,isk_419,"Se tu vuoi, vengo da te, questa notte",貴郎さへお厭でなければ、今晩私一緒でも可いの。,MISSING,私,MISSING,Ippolita,MISSING,PRON,MISSING,obj,leftover_target,
299,one-to-one,dn_318,isk_420,"disse Ippolita, timidamente.",臆病らしく女が言ひ出た。,Ippolita,女,Ippolita,Ippolita,PROPN,NOUN,nsubj,nsubj,explicit_ref_case,
300,one-to-many,dn_319,isk_421 isk_422,"L'amante, che si sentiva dentro divorare da un sordo rancore ed incitare come da una smania d'esser cattivo, di vendicarsi, rispose:",男は何爲とも知らぬ、可憤しい心に滿たされてゐる。 邪慳に刺々しく當らう當らうとする氣が衝上げて來てゐる。,L'amante,男,Giorgio,Giorgio,NOUN,NOUN,nsubj,nsubj,explicit_full,
300,one-to-many,dn_319,isk_421 isk_422,"L'amante, che si sentiva dentro divorare da un sordo rancore ed incitare come da una smania d'esser cattivo, di vendicarsi, rispose:",男は何爲とも知らぬ、可憤しい心に滿たされてゐる。 邪慳に刺々しく當らう當らうとする氣が衝上げて來てゐる。,si,MISSING,Giorgio,MISSING,PRON-REFLEX,MISSING,obj,MISSING,leftover_source,
300,one-to-many,dn_319,isk_421 isk_422,"L'amante, che si sentiva dentro divorare da un sordo rancore ed incitare come da una smania d'esser cattivo, di vendicarsi, rispose:",男は何爲とも知らぬ、可憤しい心に滿たされてゐる。 邪慳に刺々しく當らう當らうとする氣が衝上げて來てゐる。,si,MISSING,Giorgio,MISSING,PRON-REFLEX,MISSING,obj,MISSING,leftover_source,
300,one-to-many,dn_319,isk_421 isk_422,"L'amante, che si sentiva dentro divorare da un sordo rancore ed incitare come da una smania d'esser cattivo, di vendicarsi, rispose:",男は何爲とも知らぬ、可憤しい心に滿たされてゐる。 邪慳に刺々しく當らう當らうとする氣が衝上げて來てゐる。,MISSING,滿たされてゐる,MISSING,Giorgio,MISSING,NULL,MISSING,nsubj,leftover_target,
302,one-to-one,dn_321,isk_424,Ma il cuore gli oppose:,と言ひ放つたが、心の中は然うでなかつた。,gli,MISSING,Giorgio,MISSING,PRON,MISSING,obj,MISSING,leftover_source,
302,one-to-one,dn_321,isk_424,Ma il cuore gli oppose:,と言ひ放つたが、心の中は然うでなかつた。,MISSING,言ひ放つた,MISSING,Giorgio,MISSING,NULL,MISSING,nsubj,leftover_target,
303,one-to-many,dn_322,isk_425 isk_426 isk_427,"Tu non potrai rimaner lontano da lei, questa notte; non potrai, non potrai.",今夜別になる？ 駄目だ。 那樣事は出來やしない。,potrai,出來やしない,Giorgio,Giorgio,NULL,NULL,nsubj,nsubj,zero_zero_semantic,0.32397965369802534
303,one-to-many,dn_322,isk_425 isk_426 isk_427,"Tu non potrai rimaner lontano da lei, questa notte; non potrai, non potrai.",今夜別になる？ 駄目だ。 那樣事は出來やしない。,Tu,MISSING,Giorgio,MISSING,PRON,MISSING,nsubj,MISSING,leftover_source,
303,one-to-many,dn_322,isk_425 isk_426 isk_427,"Tu non potrai rimaner lontano da lei, questa notte; non potrai, non potrai.",今夜別になる？ 駄目だ。 那樣事は出來やしない。,potrai,MISSING,Giorgio,MISSING,NULL,MISSING,nsubj,MISSING,leftover_source,
303,one-to-many,dn_322,isk_425 isk_426 isk_427,"Tu non potrai rimaner lontano da lei, questa notte; non potrai, non potrai.",今夜別になる？ 駄目だ。 那樣事は出來やしない。,lei,MISSING,Ippolita,MISSING,PRON,MISSING,obj,MISSING,leftover_source,
304,one-to-many,dn_323,isk_428 isk_429,"E, in mezzo alle cieche incitazioni ostili, sentendo questa impossibilità, avendo chiara conscienza di questa assoluta impossibilità, egli provò una specie di brivido interno, uno strano brivido come di esaltante fierezza, in conspetto della grande passione da cui era posseduto.",盲目な、殘酷な反抗はあつても、絕待に不可能といふことが解つて見ると、內の方からぴりぴりと身震ひが出て來た。 斯うした力强いパッシォンに支配されると思ふ矜誇から來る一種の身震ひであつた。,era posseduto,支配される,Giorgio,Giorgio,NULL,NULL,nsubj,nsubj,zero_zero_semantic,0.4915154263763966
304,one-to-many,dn_323,isk_428 isk_429,"E, in mezzo alle cieche incitazioni ostili, sentendo questa impossibilità, avendo chiara conscienza di questa assoluta impossibilità, egli provò una specie di brivido interno, uno strano brivido come di esaltante fierezza, in conspetto della grande passione da cui era posseduto.",盲目な、殘酷な反抗はあつても、絕待に不可能といふことが解つて見ると、內の方からぴりぴりと身震ひが出て來た。 斯うした力强いパッシォンに支配されると思ふ矜誇から來る一種の身震ひであつた。,egli,解つて見る,Giorgio,Giorgio,PRON,NULL,nsubj,nsubj,zero_to_src_anchor,
305,one-to-one,dn_324,isk_430,Ripeté a sé medesimo:,自分で繰返して言つた。,Ripeté,繰返して言つた,Giorgio,Giorgio,NULL,NULL,nsubj,nsubj,zero_zero_semantic,0.3089580562981692
305,one-to-one,dn_324,isk_430,Ripeté a sé medesimo:,自分で繰返して言つた。,sé medesimo,MISSING,Giorgio,MISSING,PRON,MISSING,obj,MISSING,leftover_source,
305,one-to-one,dn_324,isk_430,Ripeté a sé medesimo:,自分で繰返して言つた。,MISSING,自分,MISSING,Giorgio,MISSING,NULL,MISSING,nsubj,leftover_target,
306,one-to-many,dn_325,isk_431 isk_432,"Io non potrò rimanere lontano da lei, questa notte; non potrò.",今夜此女と離れて居るといふことは出來る筈ぢやなかつた。 迚も迚も。,potrò,離れて居るといふことは出來る,Giorgio,Giorgio,NULL,NULL,nsubj,nsubj,zero_zero_single,
306,one-to-many,dn_325,isk_431 isk_432,"Io non potrò rimanere lontano da lei, questa notte; non potrò.",今夜此女と離れて居るといふことは出來る筈ぢやなかつた。 迚も迚も。,Io,MISSING,Giorgio,MISSING,PRON,MISSING,nsubj,MISSING,leftover_source,
306,one-to-many,dn_325,isk_431 isk_432,"Io non potrò rimanere lontano da lei, questa notte; non potrò.",今夜此女と離れて居るといふことは出來る筈ぢやなかつた。 迚も迚も。,lei,此女,Ippolita,Ippolita,PRON,NOUN,obj,obj,explicit_ref_case,
307,one-to-one,dn_326,isk_433,Ebbe il sentimento oscuro d'una forza estranea che lo dominava.,不可知な一種の力に取壓へられて居ると思ふ感じは、何とも形容の出來ないやうなものであつた。,Ebbe,取壓へられて居る,Giorgio,Giorgio,NULL,NULL,nsubj,nsubj,zero_zero_semantic,0.40171445364301855
307,one-to-one,dn_326,isk_433,Ebbe il sentimento oscuro d'una forza estranea che lo dominava.,不可知な一種の力に取壓へられて居ると思ふ感じは、何とも形容の出來ないやうなものであつた。,lo,MISSING,Giorgio,MISSING,PRON,MISSING,obj,MISSING,leftover_source,
307,one-to-one,dn_326,isk_433,Ebbe il sentimento oscuro d'una forza estranea che lo dominava.,不可知な一種の力に取壓へられて居ると思ふ感じは、何とも形容の出來ないやうなものであつた。,MISSING,思ふ,MISSING,Giorgio,MISSING,NULL,MISSING,nsubj,leftover_target,
308,one-to-one,dn_327,isk_434,Un soffio tragico gli passò su lo spirito.,彼の心の周圍を悲壯な呼吸が吹いて通つた。,gli,彼,Giorgio,Giorgio,PRON,PRON,obj,nmod,explicit_ref_pos,
309,one-to-one,dn_328,isk_435,Giorgio!,貴郞！,Giorgio,貴郞,Giorgio,Giorgio,PROPN,PRON,vocative,vocative,explicit_ref_case,
310,one-to-one,dn_329,isk_436,"esclamò Ippolita stringendogli il braccio, un poco sbigottita.",慴えたやうにイッポリイタが叫んて、男の腕に緊搦いた。,gli,男,Giorgio,Giorgio,PRON,NOUN,obj,nmod,explicit_ref_only,
310,one-to-one,dn_329,isk_436,"esclamò Ippolita stringendogli il braccio, un poco sbigottita.",慴えたやうにイッポリイタが叫んて、男の腕に緊搦いた。,Ippolita,イッポリイタ,Ippolita,Ippolita,PROPN,PROPN,nsubj,nsubj,explicit_full,
310,one-to-one,dn_329,isk_436,"esclamò Ippolita stringendogli il braccio, un poco sbigottita.",慴えたやうにイッポリイタが叫んて、男の腕に緊搦いた。,MISSING,搦いた,MISSING,Ippolita,MISSING,NULL,MISSING,nsubj,leftover_target,
311,one-to-one,dn_330,isk_437,Egli trasalì.,彼は駭とした。,Egli,彼,Giorgio,Giorgio,PRON,PRON,nsubj,nsubj,explicit_full,
312,one-to-one,dn_331,isk_438,Riconobbe il luogo dove prima s'erano fermati a guardare nel lastrico sottoposto la macchia di sangue lasciata dal suicida; domandò:,自殺者の殘した血痕を見るために、先刻二人の佇立つた場所が眼に這入つた。,Riconobbe,MISSING,Giorgio,MISSING,NULL,MISSING,nsubj,MISSING,leftover_source,
312,one-to-one,dn_331,isk_438,Riconobbe il luogo dove prima s'erano fermati a guardare nel lastrico sottoposto la macchia di sangue lasciata dal suicida; domandò:,自殺者の殘した血痕を見るために、先刻二人の佇立つた場所が眼に這入つた。,domandò,MISSING,Giorgio,MISSING,NULL,MISSING,nsubj,MISSING,leftover_source,
312,one-to-one,dn_331,isk_438,Riconobbe il luogo dove prima s'erano fermati a guardare nel lastrico sottoposto la macchia di sangue lasciata dal suicida; domandò:,自殺者の殘した血痕を見るために、先刻二人の佇立つた場所が眼に這入つた。,s,MISSING,Giorgio Ippolita,MISSING,PRON-REFLEX,MISSING,obj,MISSING,leftover_source,
312,one-to-one,dn_331,isk_438,Riconobbe il luogo dove prima s'erano fermati a guardare nel lastrico sottoposto la macchia di sangue lasciata dal suicida; domandò:,自殺者の殘した血痕を見るために、先刻二人の佇立つた場所が眼に這入つた。,erano fermati,MISSING,Giorgio Ippolita,MISSING,NULL,MISSING,nsubj,MISSING,leftover_source,
312,one-to-one,dn_331,isk_438,Riconobbe il luogo dove prima s'erano fermati a guardare nel lastrico sottoposto la macchia di sangue lasciata dal suicida; domandò:,自殺者の殘した血痕を見るために、先刻二人の佇立つた場所が眼に這入つた。,MISSING,二人,MISSING,Giorgio Ippolita,MISSING,NOUN,MISSING,nmod,leftover_target,
312,one-to-one,dn_331,isk_438,Riconobbe il luogo dove prima s'erano fermati a guardare nel lastrico sottoposto la macchia di sangue lasciata dal suicida; domandò:,自殺者の殘した血痕を見るために、先刻二人の佇立つた場所が眼に這入つた。,suicida,MISSING,suicidal-man,MISSING,NOUN,MISSING,nmod,MISSING,leftover_source,
313,one-to-one,dn_332,isk_439,Hai paura?,可怕いか。,Hai,可怕い,Ippolita,Ippolita,NULL,NULL,nsubj,nsubj,zero_zero_single,
314,one-to-one,dn_333,isk_441,Ella rispose tenendogli ancóra il braccio:,未だ腕を放さない。,gli,MISSING,Giorgio,MISSING,PRON,MISSING,obj,MISSING,leftover_source,
314,one-to-one,dn_333,isk_441,Ella rispose tenendogli ancóra il braccio:,未だ腕を放さない。,Ella,放さない,Ippolita,Ippolita,PRON,NULL,nsubj,nsubj,zero_to_src_anchor,
316,one-to-many,dn_335,isk_442 isk_443,"Egli si staccò da lei, si avvicinò al parapetto e si sporse.",それを彼は振り解いた。 又胸壁の處へ行つて凭掛つた。,Egli,彼,Giorgio,Giorgio,PRON,PRON,nsubj,nsubj,explicit_full,
316,one-to-many,dn_335,isk_442 isk_443,"Egli si staccò da lei, si avvicinò al parapetto e si sporse.",それを彼は振り解いた。 又胸壁の處へ行つて凭掛つた。,avvicinò,行つて,Giorgio,Giorgio,NULL,NULL,nsubj,nsubj,zero_zero_semantic,0.27497558255990345
316,one-to-many,dn_335,isk_442 isk_443,"Egli si staccò da lei, si avvicinò al parapetto e si sporse.",それを彼は振り解いた。 又胸壁の處へ行つて凭掛つた。,sporse,凭掛つた,Giorgio,Giorgio,NULL,NULL,nsubj,nsubj,zero_zero_semantic,0.2453561226526896
316,one-to-many,dn_335,isk_442 isk_443,"Egli si staccò da lei, si avvicinò al parapetto e si sporse.",それを彼は振り解いた。 又胸壁の處へ行つて凭掛つた。,si,MISSING,Giorgio,MISSING,PRON-REFLEX,MISSING,obj,MISSING,leftover_source,
316,one-to-many,dn_335,isk_442 isk_443,"Egli si staccò da lei, si avvicinò al parapetto e si sporse.",それを彼は振り解いた。 又胸壁の處へ行つて凭掛つた。,si,MISSING,Giorgio,MISSING,PRON-REFLEX,MISSING,obj,MISSING,leftover_source,
316,one-to-many,dn_335,isk_442 isk_443,"Egli si staccò da lei, si avvicinò al parapetto e si sporse.",それを彼は振り解いた。 又胸壁の處へ行つて凭掛つた。,si,MISSING,Giorgio,MISSING,PRON-REFLEX,MISSING,obj,MISSING,leftover_source,
316,one-to-many,dn_335,isk_442 isk_443,"Egli si staccò da lei, si avvicinò al parapetto e si sporse.",それを彼は振り解いた。 又胸壁の處へ行つて凭掛つた。,lei,MISSING,Ippolita,MISSING,PRON,MISSING,obj,MISSING,leftover_source,
317,one-to-many,dn_336,isk_444 isk_445,"L'ombra già occupava il fondo della strada; dove egli credette scorgere la macchia nerastra, perché ne aveva ancora fresca l'imagine nella memoria.",既う闇は街の上に落ちた。 けれど今の先の映像が眼に殘つてゐるから、磊石の上の黑い班點は今でも自分には克く鹽別が附く積りで居た。,egli,自分,Giorgio,Giorgio,PRON,PRON,nsubj,obj,explicit_ref_pos,
317,one-to-many,dn_336,isk_444 isk_445,"L'ombra già occupava il fondo della strada; dove egli credette scorgere la macchia nerastra, perché ne aveva ancora fresca l'imagine nella memoria.",既う闇は街の上に落ちた。 けれど今の先の映像が眼に殘つてゐるから、磊石の上の黑い班點は今でも自分には克く鹽別が附く積りで居た。,aveva,MISSING,Giorgio,MISSING,NULL,MISSING,nsubj,MISSING,leftover_source,
318,one-to-one,dn_337,isk_446,Le suggestioni della sera crearono vagamente un fantasma del corpo morto:,深くなり行く黄昏は、死骸に成つた幻の人影を思はせた。,corpo morto,死骸に成つた幻の人影,suicidal-man,suicidal-man,NOUN,NOUN,nmod,obj,explicit_ref_pos,
319,one-to-one,dn_338,isk_447,"una forma indecisa di giovane, con un capo biondo, sanguinoso.",血を浴びた若いブロンドの男の取り留められない姿が其處へ出た。,"una forma indecisa di giovane, con un capo biondo, sanguinoso",血を浴びた若いブロンドの男の取り留められない姿,suicidal-man,suicidal-man,NOUN,NOUN,obj,nsubj,explicit_ref_pos,
320,one-to-one,dn_339,isk_448,Chi era colui?,誰だらう此の男は。,colui,此の男,suicidal-man,suicidal-man,PRON,NOUN,nsubj,nsubj,explicit_ref_case,
321,one-to-one,dn_340,isk_449,Perché si è ucciso?,何爲自殺したらう。,è ucciso,自殺した,suicidal-man,suicidal-man,NULL,NULL,nsubj,nsubj,zero_zero_single,
321,one-to-one,dn_340,isk_449,Perché si è ucciso?,何爲自殺したらう。,si,MISSING,suicidal-man,MISSING,PRON-REFLEX,MISSING,obj,MISSING,leftover_source,
322,one-to-one,dn_341,isk_450,"Vide sé stesso in quella forma, spento.",ジォルジオは此の幻影に自分の姿を見出した。,sé stesso,自分,Giorgio,Giorgio,PRON,PRON,obj,nmod,explicit_ref_pos,
322,one-to-one,dn_341,isk_450,"Vide sé stesso in quella forma, spento.",ジォルジオは此の幻影に自分の姿を見出した。,Vide,ジォルジオ,Giorgio,Giorgio,NULL,PROPN,nsubj,nsubj,zero_to_tgt_anchor,
322,one-to-one,dn_341,isk_450,"Vide sé stesso in quella forma, spento.",ジォルジオは此の幻影に自分の姿を見出した。,MISSING,此の幻影,MISSING,suicidal-man,MISSING,NOUN,MISSING,obj,leftover_target,
323,one-to-one,dn_342,isk_451,"Alcuni pensieri, rapidissimi, senza legame, gli attraversarono il cervello.",聯絡のない種々な考想が、目眩しく頭腦の中を通つた。,gli,MISSING,Giorgio,MISSING,PRON,MISSING,obj,MISSING,leftover_source,
324,one-to-one,dn_343,isk_452,"Rivide come nella luce d'un baleno suo povero zio Demetrio, il minor fratello di suo padre, il consanguineo suicida:",父の弟で、尙且自殺して果てたデメトリオの哀れな死顔が、電光に照らし出されたやうに眼に這入つた―白色のに黑布を掛けた顏。,zio Demetrio,デメトリオ,Demetrio,Demetrio,PROPN,PROPN,obj,nmod,explicit_ref_pos,
324,one-to-one,dn_343,isk_452,"Rivide come nella luce d'un baleno suo povero zio Demetrio, il minor fratello di suo padre, il consanguineo suicida:",父の弟で、尙且自殺して果てたデメトリオの哀れな死顔が、電光に照らし出されたやうに眼に這入つた―白色のに黑布を掛けた顏。,Rivide,MISSING,Giorgio,MISSING,NULL,MISSING,nsubj,MISSING,leftover_source,
324,one-to-one,dn_343,isk_452,"Rivide come nella luce d'un baleno suo povero zio Demetrio, il minor fratello di suo padre, il consanguineo suicida:",父の弟で、尙且自殺して果てたデメトリオの哀れな死顔が、電光に照らし出されたやうに眼に這入つた―白色のに黑布を掛けた顏。,suo,MISSING,Giorgio,MISSING,DET,MISSING,nmod,MISSING,leftover_source,
324,one-to-one,dn_343,isk_452,"Rivide come nella luce d'un baleno suo povero zio Demetrio, il minor fratello di suo padre, il consanguineo suicida:",父の弟で、尙且自殺して果てたデメトリオの哀れな死顔が、電光に照らし出されたやうに眼に這入つた―白色のに黑布を掛けた顏。,suo,MISSING,Giorgio,MISSING,DET,MISSING,nmod,MISSING,leftover_source,
324,one-to-one,dn_343,isk_452,"Rivide come nella luce d'un baleno suo povero zio Demetrio, il minor fratello di suo padre, il consanguineo suicida:",父の弟で、尙且自殺して果てたデメトリオの哀れな死顔が、電光に照らし出されたやうに眼に這入つた―白色のに黑布を掛けた顏。,padre,父,Giorgios-father,Giorgios-father,NOUN,NOUN,nmod,nmod,explicit_full,
326,one-to-one,dn_345,isk_456,Se io mi gettassi?,この儘俺が此處から身を投げたら奈何だ。,io,俺,Giorgio,Giorgio,PRON,PRON,nsubj,nsubj,explicit_full,
326,one-to-one,dn_345,isk_456,Se io mi gettassi?,この儘俺が此處から身を投げたら奈何だ。,mi,MISSING,Giorgio,MISSING,PRON-REFLEX,MISSING,obj,MISSING,leftover_source,
327,one-to-one,dn_346,isk_457,"Un semplice salto in avanti; e la caduta, celere.",一足外せば眞逆様ほど…。,MISSING,外せば,MISSING,Giorgio,MISSING,NULL,MISSING,nsubj,leftover_target,
328,one-to-one,dn_347,isk_458,"Si smarrisce la conoscenza, a traverso lo spazio?",堕ちて行く間は意識は無いものか知ら,MISSING,堕ちて行く,MISSING,Giorgio,MISSING,NULL,MISSING,nsubj,leftover_target,
329,one-to-many,dn_348,isk_459 isk_460,Imaginò fisicamente l'urto del corpo contro la pietra; e rabbrividì.,石に撞突つた時の震動を想つて見た。 ぞうつと顫へた。,Imaginò,想つて見た,Giorgio,Giorgio,NULL,NULL,nsubj,nsubj,zero_zero_semantic,0.3214877623319626
329,one-to-many,dn_348,isk_459 isk_460,Imaginò fisicamente l'urto del corpo contro la pietra; e rabbrividì.,石に撞突つた時の震動を想つて見た。 ぞうつと顫へた。,rabbrividì,顫へた,Giorgio,Giorgio,NULL,NULL,nsubj,nsubj,zero_zero_semantic,0.12463223078671623
330,one-to-many,dn_349,isk_461 isk_462,"Poi provò per tutto il corpo come una ripulsione forte, angosciosa e mista d'una strana dolcezza.",手足の尖まで烈しい苦しい反撥の感じが擴がつた。 異樣な懈怠いやうな情も混じた。,provò,MISSING,Giorgio,MISSING,NULL,MISSING,nsubj,MISSING,leftover_source,
331,one-to-one,dn_350,isk_463,L'imaginazione gli rappresentò la delizia della prossima notte:,想像の中に、近づく夜享楽の築築も出て來た―次第次第に酣醉の狀態に落ちて行つて…,gli,MISSING,Giorgio,MISSING,PRON,MISSING,obj,MISSING,leftover_source,
332,one-to-one,dn_351,isk_464,—l'addormentarsi a poco a poco nel languore; il risvegliarsi con una piena di tenerezza misteriosamente accumulata nel sonno.,眼が覺めた時には、睡眠中何故とも知らず蓄へられた、柔かい心持に堪能する程になつて、…,MISSING,なつて,MISSING,Giorgio,MISSING,NULL,MISSING,nsubj,leftover_target,
333,one-to-one,dn_352,isk_465,Imagini e pensieri si succedevano in lui con una straordinaria rapidità.,と妄想や物思ひが、それからそれへと非常な速さで續き續きした。,lui,MISSING,Giorgio,MISSING,PRON,MISSING,obj,MISSING,leftover_source,
334,one-to-many,dn_353,isk_466 isk_467 isk_468,"Come si rivolse, incontrò gli occhi di Ippolita fissi su di lui, grandi, smisurati; e gli parve di leggere quel che esprimevano.",背後を顧眄ると、イッポリイタの視線と憂然と撞突つた。 盰然と膯いた眼凝と這箇へ向いて居る。 その眼の底に、自分の苦痛を增すものが潜れて居ることが分るやうな氣がした。,lui,這箇,Giorgio,Giorgio,PRON,PRON,obj,obj,explicit_full,
334,one-to-many,dn_353,isk_466 isk_467 isk_468,"Come si rivolse, incontrò gli occhi di Ippolita fissi su di lui, grandi, smisurati; e gli parve di leggere quel che esprimevano.",背後を顧眄ると、イッポリイタの視線と憂然と撞突つた。 盰然と膯いた眼凝と這箇へ向いて居る。 その眼の底に、自分の苦痛を增すものが潜れて居ることが分るやうな氣がした。,rivolse,顧眄る,Giorgio,Giorgio,NULL,NULL,nsubj,nsubj,zero_zero_semantic,0.32329400181770324
334,one-to-many,dn_353,isk_466 isk_467 isk_468,"Come si rivolse, incontrò gli occhi di Ippolita fissi su di lui, grandi, smisurati; e gli parve di leggere quel che esprimevano.",背後を顧眄ると、イッポリイタの視線と憂然と撞突つた。 盰然と膯いた眼凝と這箇へ向いて居る。 その眼の底に、自分の苦痛を增すものが潜れて居ることが分るやうな氣がした。,incontrò,撞突つた,Giorgio,Giorgio,NULL,NULL,nsubj,nsubj,zero_zero_semantic,0.4108783692121506
334,one-to-many,dn_353,isk_466 isk_467 isk_468,"Come si rivolse, incontrò gli occhi di Ippolita fissi su di lui, grandi, smisurati; e gli parve di leggere quel che esprimevano.",背後を顧眄ると、イッポリイタの視線と憂然と撞突つた。 盰然と膯いた眼凝と這箇へ向いて居る。 その眼の底に、自分の苦痛を增すものが潜れて居ることが分るやうな氣がした。,si,MISSING,Giorgio,MISSING,PRON-REFLEX,MISSING,obj,MISSING,leftover_source,
334,one-to-many,dn_353,isk_466 isk_467 isk_468,"Come si rivolse, incontrò gli occhi di Ippolita fissi su di lui, grandi, smisurati; e gli parve di leggere quel che esprimevano.",背後を顧眄ると、イッポリイタの視線と憂然と撞突つた。 盰然と膯いた眼凝と這箇へ向いて居る。 その眼の底に、自分の苦痛を增すものが潜れて居ることが分るやうな氣がした。,gli,MISSING,Giorgio,MISSING,PRON,MISSING,obj,MISSING,leftover_source,
334,one-to-many,dn_353,isk_466 isk_467 isk_468,"Come si rivolse, incontrò gli occhi di Ippolita fissi su di lui, grandi, smisurati; e gli parve di leggere quel che esprimevano.",背後を顧眄ると、イッポリイタの視線と憂然と撞突つた。 盰然と膯いた眼凝と這箇へ向いて居る。 その眼の底に、自分の苦痛を增すものが潜れて居ることが分るやうな氣がした。,Ippolita,イッポリイタ,Ippolita,Ippolita,PROPN,PROPN,nmod,nmod,explicit_full,
334,one-to-many,dn_353,isk_466 isk_467 isk_468,"Come si rivolse, incontrò gli occhi di Ippolita fissi su di lui, grandi, smisurati; e gli parve di leggere quel che esprimevano.",背後を顧眄ると、イッポリイタの視線と憂然と撞突つた。 盰然と膯いた眼凝と這箇へ向いて居る。 その眼の底に、自分の苦痛を增すものが潜れて居ることが分るやうな氣がした。,MISSING,向いて居る,MISSING,Ippolita,MISSING,NULL,MISSING,nsubj,leftover_target,
334,one-to-many,dn_353,isk_466 isk_467 isk_468,"Come si rivolse, incontrò gli occhi di Ippolita fissi su di lui, grandi, smisurati; e gli parve di leggere quel che esprimevano.",背後を顧眄ると、イッポリイタの視線と憂然と撞突つた。 盰然と膯いた眼凝と這箇へ向いて居る。 その眼の底に、自分の苦痛を增すものが潜れて居ることが分るやうな氣がした。,MISSING,自分,MISSING,Ippolita,MISSING,PRON,MISSING,nmod,leftover_target,
335,one-to-one,dn_354,isk_469,"Le si avvicinò; mise il suo braccio sotto il braccio di lei, con un gesto affettuoso ch'eragli familiare.",毎もの癖の惚々とした身振で、イッポリイタの腕に自分の腕を通した。,suo,自分,Giorgio,Giorgio,DET,PRON,nmod,nmod,explicit_ref_case,
335,one-to-one,dn_354,isk_469,"Le si avvicinò; mise il suo braccio sotto il braccio di lei, con un gesto affettuoso ch'eragli familiare.",毎もの癖の惚々とした身振で、イッポリイタの腕に自分の腕を通した。,mise,通した,Giorgio,Giorgio,NULL,NULL,nsubj,nsubj,zero_zero_semantic,0.5402183260591257
335,one-to-one,dn_354,isk_469,"Le si avvicinò; mise il suo braccio sotto il braccio di lei, con un gesto affettuoso ch'eragli familiare.",毎もの癖の惚々とした身振で、イッポリイタの腕に自分の腕を通した。,si,MISSING,Giorgio,MISSING,PRON-REFLEX,MISSING,obj,MISSING,leftover_source,
335,one-to-one,dn_354,isk_469,"Le si avvicinò; mise il suo braccio sotto il braccio di lei, con un gesto affettuoso ch'eragli familiare.",毎もの癖の惚々とした身振で、イッポリイタの腕に自分の腕を通した。,avvicinò,MISSING,Giorgio,MISSING,NULL,MISSING,nsubj,MISSING,leftover_source,
335,one-to-one,dn_354,isk_469,"Le si avvicinò; mise il suo braccio sotto il braccio di lei, con un gesto affettuoso ch'eragli familiare.",毎もの癖の惚々とした身振で、イッポリイタの腕に自分の腕を通した。,gli,MISSING,Giorgio,MISSING,PRON,MISSING,obj,MISSING,leftover_source,
335,one-to-one,dn_354,isk_469,"Le si avvicinò; mise il suo braccio sotto il braccio di lei, con un gesto affettuoso ch'eragli familiare.",毎もの癖の惚々とした身振で、イッポリイタの腕に自分の腕を通した。,lei,イッポリイタ,Ippolita,Ippolita,PRON,PROPN,nmod,nmod,explicit_ref_case,
335,one-to-one,dn_354,isk_469,"Le si avvicinò; mise il suo braccio sotto il braccio di lei, con un gesto affettuoso ch'eragli familiare.",毎もの癖の惚々とした身振で、イッポリイタの腕に自分の腕を通した。,Le,MISSING,Ippolita,MISSING,PRON,MISSING,obj,MISSING,leftover_source,
336,one-to-one,dn_355,isk_470,Ed ella se lo strinse forte contro il fianco.,それを女は我が胸の處へ持つて行つて、緊乎壓附けた。,lo,MISSING,Giorgio,MISSING,PRON,MISSING,obj,MISSING,leftover_source,
336,one-to-one,dn_355,isk_470,Ed ella se lo strinse forte contro il fianco.,それを女は我が胸の處へ持つて行つて、緊乎壓附けた。,ella,女,Ippolita,Ippolita,PRON,NOUN,nsubj,nsubj,explicit_ref_case,
336,one-to-one,dn_355,isk_470,Ed ella se lo strinse forte contro il fianco.,それを女は我が胸の處へ持つて行つて、緊乎壓附けた。,se,MISSING,Ippolita,MISSING,PRON-REFLEX,MISSING,obj,MISSING,leftover_source,
336,one-to-one,dn_355,isk_470,Ed ella se lo strinse forte contro il fianco.,それを女は我が胸の處へ持つて行つて、緊乎壓附けた。,MISSING,附けた,MISSING,Ippolita,MISSING,NULL,MISSING,nsubj,leftover_target,
337,one-to-many,dn_356,isk_471 isk_472,"Ambedue provavano un bisogno improvviso di stringersi, di mescolarsi, perdutamente.",抱締めて一つに溶合つて了ひたい。 然うした望みが不意に我を忘れた二人の間に起つた。,Ambedue,我,Giorgio Ippolita,Giorgio Ippolita,PRON,PRON,nsubj,obj,explicit_ref_pos,
337,one-to-many,dn_356,isk_471 isk_472,"Ambedue provavano un bisogno improvviso di stringersi, di mescolarsi, perdutamente.",抱締めて一つに溶合つて了ひたい。 然うした望みが不意に我を忘れた二人の間に起つた。,si,MISSING,Giorgio Ippolita,MISSING,PRON-REFLEX,MISSING,obj,MISSING,leftover_source,
337,one-to-many,dn_356,isk_471 isk_472,"Ambedue provavano un bisogno improvviso di stringersi, di mescolarsi, perdutamente.",抱締めて一つに溶合つて了ひたい。 然うした望みが不意に我を忘れた二人の間に起つた。,si,MISSING,Giorgio Ippolita,MISSING,PRON-REFLEX,MISSING,obj,MISSING,leftover_source,
337,one-to-many,dn_356,isk_471 isk_472,"Ambedue provavano un bisogno improvviso di stringersi, di mescolarsi, perdutamente.",抱締めて一つに溶合つて了ひたい。 然うした望みが不意に我を忘れた二人の間に起つた。,MISSING,抱締めて,MISSING,Giorgio Ippolita,MISSING,NULL,MISSING,nsubj,leftover_target,
337,one-to-many,dn_356,isk_471 isk_472,"Ambedue provavano un bisogno improvviso di stringersi, di mescolarsi, perdutamente.",抱締めて一つに溶合つて了ひたい。 然うした望みが不意に我を忘れた二人の間に起つた。,MISSING,一つに溶合つて了ひたい,MISSING,Giorgio Ippolita,MISSING,NULL,MISSING,nsubj,leftover_target,
337,one-to-many,dn_356,isk_471 isk_472,"Ambedue provavano un bisogno improvviso di stringersi, di mescolarsi, perdutamente.",抱締めて一つに溶合つて了ひたい。 然うした望みが不意に我を忘れた二人の間に起つた。,MISSING,二人,MISSING,Giorgio Ippolita,MISSING,NOUN,MISSING,nmod,leftover_target,
338,one-to-one,dn_357,isk_473,Si chiude!,門が鎖ります。,chiude,MISSING,guardians,MISSING,NULL,MISSING,nsubj,MISSING,leftover_source,
339,one-to-one,dn_358,isk_474,Si chiude!,門が鎖りますよう！,chiude!,MISSING,guardians,MISSING,NULL,MISSING,nsubj,MISSING,leftover_source,
340,one-to-one,dn_359,isk_475,"Il grido dei guardiani risonò nel silenzio, sotto gli alberi.",番人の怒鳴る聲が、沈默を破つて木立の奧で衙響した。,guardiani,番人,guardians,guardians,NOUN,NOUN,nmod,nmod,explicit_full,
341,one-to-one,dn_360,isk_476,Si chiude!,門が鎖りますよ。,chiude,MISSING,guardians,MISSING,NULL,MISSING,nsubj,MISSING,leftover_source,
342,one-to-many,dn_361,isk_477 isk_478,"Dopo il grido, il silenzio pareva più lugubre; e quelle due parole, urlate a squarciagola da uomini invisibili, davano ai due amanti un urto fastidioso.",呶鳴つた後は沈默が餘計重く、陰氣になつた。 形を見せない人達の口から、斯う晩かれたので、二人は堪らぬ程身に應へた。,due amanti,二人,Giorgio Ippolita,Giorgio Ippolita,NOUN,NOUN,obj,nsubj,explicit_ref_pos,
342,one-to-many,dn_361,isk_477 isk_478,"Dopo il grido, il silenzio pareva più lugubre; e quelle due parole, urlate a squarciagola da uomini invisibili, davano ai due amanti un urto fastidioso.",呶鳴つた後は沈默が餘計重く、陰氣になつた。 形を見せない人達の口から、斯う晩かれたので、二人は堪らぬ程身に應へた。,MISSING,應へた,MISSING,Giorgio Ippolita,MISSING,NULL,MISSING,nsubj,leftover_target,
342,one-to-many,dn_361,isk_477 isk_478,"Dopo il grido, il silenzio pareva più lugubre; e quelle due parole, urlate a squarciagola da uomini invisibili, davano ai due amanti un urto fastidioso.",呶鳴つた後は沈默が餘計重く、陰氣になつた。 形を見せない人達の口から、斯う晩かれたので、二人は堪らぬ程身に應へた。,uomini invisibili,形を見せない人達,guardians,guardians,NOUN,NOUN,obj,nmod,explicit_ref_pos,
343,one-to-one,dn_362,isk_479,"Per mostrare che avevano udito e che si disponevano ad uscire, essi affrettarono il passo.",聞えてゐる、今出る所だ、お然う言つた風に足を張つて歩いた。,disponevano,張つて歩いた,Giorgio Ippolita,Giorgio Ippolita,NULL,NULL,nsubj,nsubj,zero_zero_semantic,0.4161754751799207
343,one-to-one,dn_362,isk_479,"Per mostrare che avevano udito e che si disponevano ad uscire, essi affrettarono il passo.",聞えてゐる、今出る所だ、お然う言つた風に足を張つて歩いた。,avevano udito,MISSING,Giorgio Ippolita,MISSING,NULL,MISSING,nsubj,MISSING,leftover_source,
343,one-to-one,dn_362,isk_479,"Per mostrare che avevano udito e che si disponevano ad uscire, essi affrettarono il passo.",聞えてゐる、今出る所だ、お然う言つた風に足を張つて歩いた。,si,MISSING,Giorgio Ippolita,MISSING,PRON-REFLEX,MISSING,obj,MISSING,leftover_source,
343,one-to-one,dn_362,isk_479,"Per mostrare che avevano udito e che si disponevano ad uscire, essi affrettarono il passo.",聞えてゐる、今出る所だ、お然う言つた風に足を張つて歩いた。,essi,MISSING,Giorgio Ippolita,MISSING,NOUN,MISSING,nsubj,MISSING,leftover_source,
345,one-to-one,dn_364,isk_481,Si chiude!,門が鎖りますよ。,chiude,MISSING,guardians,MISSING,NULL,MISSING,nsubj,MISSING,leftover_source,
347,one-to-one,dn_366,isk_483,"esclamò Ippolita con un gesto d'impazienza, esasperata, affrettando ancóra il passo.",イッポリイタが焦躁さうに、癪に觸るといふ風に、斯う竹箆返をしてすたすたと急いだ。,Ippolita,イッポリイタ,Ippolita,Ippolita,PROPN,PROPN,nsubj,nsubj,explicit_full,
347,one-to-one,dn_366,isk_483,"esclamò Ippolita con un gesto d'impazienza, esasperata, affrettando ancóra il passo.",イッポリイタが焦躁さうに、癪に觸るといふ風に、斯う竹箆返をしてすたすたと急いだ。,MISSING,急いだ,MISSING,Ippolita,MISSING,NULL,MISSING,nsubj,leftover_target,
352,one-to-many,dn_371,isk_490 isk_491,"Tu verrai da me, questa notte; è vero?",今夜來て呉れるか。 ええ？,me,MISSING,Giorgio,MISSING,PRON,MISSING,obj,MISSING,leftover_source,
352,one-to-many,dn_371,isk_490 isk_491,"Tu verrai da me, questa notte; è vero?",今夜來て呉れるか。 ええ？,Tu,來て呉れる,Ippolita,Ippolita,PRON,NULL,nsubj,nsubj,zero_to_src_anchor,
353,one-to-one,dn_372,isk_492,chiese Giorgio.,ジォルジオが訊いた。,Giorgio,ジォルジオ,Giorgio,Giorgio,PROPN,PROPN,nsubj,nsubj,explicit_full,
354,one-to-many,dn_373,isk_493 isk_494,"Sì, sì; verrò.",えゝえゝ。 行つてよ。,verrò,行つて,Ippolita,Ippolita,NULL,NULL,nsubj,nsubj,zero_zero_single,
355,one-to-one,dn_374,isk_495,Verrai presto?,早く？,Verrai,MISSING,Ippolita,MISSING,NULL,MISSING,nsubj,MISSING,leftover_source,
356,one-to-one,dn_375,isk_496,Verrò alle undici.,十一時頃。,Verrò,MISSING,Ippolita,MISSING,NULL,MISSING,nsubj,MISSING,leftover_source,
357,one-to-one,dn_376,isk_497,"Se tu non venissi, io morirei.",來なかつたら死んぢまふよ。,io,死んぢまふ,Giorgio,Giorgio,PRON,NULL,nsubj,nsubj,zero_to_src_anchor,
357,one-to-one,dn_376,isk_497,"Se tu non venissi, io morirei.",來なかつたら死んぢまふよ。,tu,來なかつたら,Ippolita,Ippolita,PRON,NULL,nsubj,nsubj,zero_to_src_anchor,
358,one-to-one,dn_377,isk_498,Verrò.,必と行くわ。,Verrò,行く,Ippolita,Ippolita,NULL,NULL,nsubj,nsubj,zero_zero_single,
359,one-to-many,dn_378,isk_499 isk_500,Si guardarono negli occhi; si scambiarono una promessa inebriante.,眼と眼が出遇つた。 蕩けるやうな約束が交された。,Si,MISSING,Giorgio Ippolita,MISSING,PRON-REFLEX,MISSING,obj,MISSING,leftover_source,
359,one-to-many,dn_378,isk_499 isk_500,Si guardarono negli occhi; si scambiarono una promessa inebriante.,眼と眼が出遇つた。 蕩けるやうな約束が交された。,guardarono,MISSING,Giorgio Ippolita,MISSING,NULL,MISSING,nsubj,MISSING,leftover_source,
359,one-to-many,dn_378,isk_499 isk_500,Si guardarono negli occhi; si scambiarono una promessa inebriante.,眼と眼が出遇つた。 蕩けるやうな約束が交された。,si,MISSING,Giorgio Ippolita,MISSING,PRON-REFLEX,MISSING,obj,MISSING,leftover_source,
359,one-to-many,dn_378,isk_499 isk_500,Si guardarono negli occhi; si scambiarono una promessa inebriante.,眼と眼が出遇つた。 蕩けるやうな約束が交された。,scambiarono,MISSING,Giorgio Ippolita,MISSING,NULL,MISSING,nsubj,MISSING,leftover_source,
360,one-to-one,dn_379,isk_501,"Egli chiese, vinto dalla tenerezza:",情に打負けたジォルジオは、,Egli,情に打負けたジォルジオ,Giorgio,Giorgio,PRON,PROPN,nsubj,nsubj,explicit_ref_case,
361,one-to-many,dn_380,isk_502 isk_503,Mi perdonerai?,勘辨してくれ。 よ。,Mi,MISSING,Giorgio,MISSING,PRON,MISSING,obj,MISSING,leftover_source,
361,one-to-many,dn_380,isk_502 isk_503,Mi perdonerai?,勘辨してくれ。 よ。,perdonerai,勘辨してくれ,Ippolita,Ippolita,NULL,NULL,nsubj,nsubj,zero_zero_single,
362,one-to-many,dn_381,isk_504 isk_505,"Di nuovo si guardarono, con uno sguardo infinitamente lusinghevole.",もう一度眼を見交した。 それは媟るやうな眼附であつた。,guardarono,見交した,Giorgio Ippolita,Giorgio Ippolita,NULL,NULL,nsubj,nsubj,zero_zero_single,
362,one-to-many,dn_381,isk_504 isk_505,"Di nuovo si guardarono, con uno sguardo infinitamente lusinghevole.",もう一度眼を見交した。 それは媟るやうな眼附であつた。,si,MISSING,Giorgio Ippolita,MISSING,PRON,MISSING,obj,MISSING,leftover_source,
363,one-to-one,dn_382,isk_506,"Egli disse, piano:",ごく低い聲で、,Egli,MISSING,Giorgio,MISSING,PRON,MISSING,nsubj,MISSING,leftover_source,
364,one-to-one,dn_383,isk_507,Adorata!,待つてるぜ。,MISSING,待つてる,MISSING,Giorgio,MISSING,NULL,MISSING,nsubj,leftover_target,
366,one-to-many,dn_386,isk_509 isk_510 isk_511,"Fino alle undici, pensami.",溫柔しく冠せて、 十一時まで。 必とね。,pensa,MISSING,Giorgio,MISSING,NULL,MISSING,nsubj,MISSING,leftover_source,
366,one-to-many,dn_386,isk_509 isk_510 isk_511,"Fino alle undici, pensami.",溫柔しく冠せて、 十一時まで。 必とね。,mi,MISSING,Ippolita,MISSING,PRON,MISSING,obj,MISSING,leftover_source,
366,one-to-many,dn_386,isk_509 isk_510 isk_511,"Fino alle undici, pensami.",溫柔しく冠せて、 十一時まで。 必とね。,MISSING,冠せて,MISSING,Ippolita,MISSING,NULL,MISSING,nsubj,leftover_target,
368,many-to-one,dn_388 dn_389,isk_513,Erano in fondo alla via Gregoriana. Si separarono.,グレゴリアナ街の終端で二人は別れた。,Erano,二人,Giorgio Ippolita,Giorgio Ippolita,NULL,NOUN,nsubj,nsubj,zero_to_tgt_anchor,
368,many-to-one,dn_388 dn_389,isk_513,Erano in fondo alla via Gregoriana. Si separarono.,グレゴリアナ街の終端で二人は別れた。,Si,MISSING,Giorgio Ippolita,MISSING,PRON-REFLEX,MISSING,obj,MISSING,leftover_source,
368,many-to-one,dn_388 dn_389,isk_513,Erano in fondo alla via Gregoriana. Si separarono.,グレゴリアナ街の終端で二人は別れた。,separarono,MISSING,Giorgio Ippolita,MISSING,NULL,MISSING,nsubj,MISSING,leftover_source,
369,one-to-one,dn_390,isk_514,Ella discese per la via di Capo Le Case.,女は、カポ·レ·カアセ街を降りて行つた。,Ella,女,Ippolita,Ippolita,PRON,NOUN,nsubj,nsubj,explicit_ref_case,
370,one-to-many,dn_391,isk_515 isk_516,Egli la guardò allontanarsi giù pel marciapiede bagnato che riluceva al riflesso delle vetrine.,混つぽい甃石をとぼとぼ踏んで行く後影は、補の窓光で判然見られた。 それが隱れて了ふまで、ジォルジオの視線は跡を追つた。,Egli,ジォルジオ,Giorgio,Giorgio,PRON,PROPN,nsubj,nmod,explicit_ref_only,
370,one-to-many,dn_391,isk_515 isk_516,Egli la guardò allontanarsi giù pel marciapiede bagnato che riluceva al riflesso delle vetrine.,混つぽい甃石をとぼとぼ踏んで行く後影は、補の窓光で判然見られた。 それが隱れて了ふまで、ジォルジオの視線は跡を追つた。,la,それ,Ippolita,Ippolita,PRON,PRON,obj,nsubj,explicit_ref_pos,
370,one-to-many,dn_391,isk_515 isk_516,Egli la guardò allontanarsi giù pel marciapiede bagnato che riluceva al riflesso delle vetrine.,混つぽい甃石をとぼとぼ踏んで行く後影は、補の窓光で判然見られた。 それが隱れて了ふまで、ジォルジオの視線は跡を追つた。,si,MISSING,Ippolita,MISSING,PRON-REFLEX,MISSING,obj,MISSING,leftover_source,
371,one-to-many,dn_392,isk_517 isk_518,"Ecco, ella mi lascia.",さあこれだ。 到頭行つて了つた。,mi,MISSING,Giorgio,MISSING,PRON,MISSING,obj,MISSING,leftover_source,
371,one-to-many,dn_392,isk_517 isk_518,"Ecco, ella mi lascia.",さあこれだ。 到頭行つて了つた。,ella,行つて了つた,Ippolita,Ippolita,PRON,NULL,nsubj,nsubj,zero_to_src_anchor,
372,one-to-many,dn_393,isk_519 isk_520 isk_521 isk_522 isk_523,"Rientra in una casa a me ignota, rientra nella sua vita volgare, si spoglia dell'idealità di cui la vesto; diventa un'altra donna, una donna comune.",甚麼家へ行くか解らない。 其家に何事があつても解らない。 折角被せて遣つた心靈の衣を脫いで、俗つぼい世は界に首を突込む。 其の時は旣う別の女だ。 通り一遍の女だ。,me,MISSING,Giorgio,MISSING,PRON,MISSING,obj,MISSING,leftover_source,
372,one-to-many,dn_393,isk_519 isk_520 isk_521 isk_522 isk_523,"Rientra in una casa a me ignota, rientra nella sua vita volgare, si spoglia dell'idealità di cui la vesto; diventa un'altra donna, una donna comune.",甚麼家へ行くか解らない。 其家に何事があつても解らない。 折角被せて遣つた心靈の衣を脫いで、俗つぼい世は界に首を突込む。 其の時は旣う別の女だ。 通り一遍の女だ。,vesto,MISSING,Giorgio,MISSING,NULL,MISSING,nsubj,MISSING,leftover_source,
372,one-to-many,dn_393,isk_519 isk_520 isk_521 isk_522 isk_523,"Rientra in una casa a me ignota, rientra nella sua vita volgare, si spoglia dell'idealità di cui la vesto; diventa un'altra donna, una donna comune.",甚麼家へ行くか解らない。 其家に何事があつても解らない。 折角被せて遣つた心靈の衣を脫いで、俗つぼい世は界に首を突込む。 其の時は旣う別の女だ。 通り一遍の女だ。,un'altra donna,別の女,Ippolita,Ippolita,NOUN,NOUN,pred,pred,explicit_full,
372,one-to-many,dn_393,isk_519 isk_520 isk_521 isk_522 isk_523,"Rientra in una casa a me ignota, rientra nella sua vita volgare, si spoglia dell'idealità di cui la vesto; diventa un'altra donna, una donna comune.",甚麼家へ行くか解らない。 其家に何事があつても解らない。 折角被せて遣つた心靈の衣を脫いで、俗つぼい世は界に首を突込む。 其の時は旣う別の女だ。 通り一遍の女だ。,una donna comune,通り一遍の女,Ippolita,Ippolita,NOUN,NOUN,pred,pred,explicit_full,
372,one-to-many,dn_393,isk_519 isk_520 isk_521 isk_522 isk_523,"Rientra in una casa a me ignota, rientra nella sua vita volgare, si spoglia dell'idealità di cui la vesto; diventa un'altra donna, una donna comune.",甚麼家へ行くか解らない。 其家に何事があつても解らない。 折角被せて遣つた心靈の衣を脫いで、俗つぼい世は界に首を突込む。 其の時は旣う別の女だ。 通り一遍の女だ。,Rientra,行く,Ippolita,Ippolita,NULL,NULL,nsubj,nsubj,zero_zero_semantic,0.3859456158303595
372,one-to-many,dn_393,isk_519 isk_520 isk_521 isk_522 isk_523,"Rientra in una casa a me ignota, rientra nella sua vita volgare, si spoglia dell'idealità di cui la vesto; diventa un'altra donna, una donna comune.",甚麼家へ行くか解らない。 其家に何事があつても解らない。 折角被せて遣つた心靈の衣を脫いで、俗つぼい世は界に首を突込む。 其の時は旣う別の女だ。 通り一遍の女だ。,rientra,脫いで,Ippolita,Ippolita,NULL,NULL,nsubj,nsubj,zero_zero_semantic,0.3164709668858882
372,one-to-many,dn_393,isk_519 isk_520 isk_521 isk_522 isk_523,"Rientra in una casa a me ignota, rientra nella sua vita volgare, si spoglia dell'idealità di cui la vesto; diventa un'altra donna, una donna comune.",甚麼家へ行くか解らない。 其家に何事があつても解らない。 折角被せて遣つた心靈の衣を脫いで、俗つぼい世は界に首を突込む。 其の時は旣う別の女だ。 通り一遍の女だ。,spoglia,突込む,Ippolita,Ippolita,NULL,NULL,nsubj,nsubj,zero_zero_semantic,0.4091414898456126
372,one-to-many,dn_393,isk_519 isk_520 isk_521 isk_522 isk_523,"Rientra in una casa a me ignota, rientra nella sua vita volgare, si spoglia dell'idealità di cui la vesto; diventa un'altra donna, una donna comune.",甚麼家へ行くか解らない。 其家に何事があつても解らない。 折角被せて遣つた心靈の衣を脫いで、俗つぼい世は界に首を突込む。 其の時は旣う別の女だ。 通り一遍の女だ。,diventa,だ,Ippolita,Ippolita,NULL,NULL,nsubj,nsubj,zero_zero_semantic,0.2866878438703049
372,one-to-many,dn_393,isk_519 isk_520 isk_521 isk_522 isk_523,"Rientra in una casa a me ignota, rientra nella sua vita volgare, si spoglia dell'idealità di cui la vesto; diventa un'altra donna, una donna comune.",甚麼家へ行くか解らない。 其家に何事があつても解らない。 折角被せて遣つた心靈の衣を脫いで、俗つぼい世は界に首を突込む。 其の時は旣う別の女だ。 通り一遍の女だ。,si,MISSING,Ippolita,MISSING,PRON-REFLEX,MISSING,obj,MISSING,leftover_source,
372,one-to-many,dn_393,isk_519 isk_520 isk_521 isk_522 isk_523,"Rientra in una casa a me ignota, rientra nella sua vita volgare, si spoglia dell'idealità di cui la vesto; diventa un'altra donna, una donna comune.",甚麼家へ行くか解らない。 其家に何事があつても解らない。 折角被せて遣つた心靈の衣を脫いで、俗つぼい世は界に首を突込む。 其の時は旣う別の女だ。 通り一遍の女だ。,la,MISSING,Ippolita,MISSING,PRON,MISSING,obj,MISSING,leftover_source,
372,one-to-many,dn_393,isk_519 isk_520 isk_521 isk_522 isk_523,"Rientra in una casa a me ignota, rientra nella sua vita volgare, si spoglia dell'idealità di cui la vesto; diventa un'altra donna, una donna comune.",甚麼家へ行くか解らない。 其家に何事があつても解らない。 折角被せて遣つた心靈の衣を脫いで、俗つぼい世は界に首を突込む。 其の時は旣う別の女だ。 通り一遍の女だ。,MISSING,被せて遣つた,MISSING,Ippolita,MISSING,NULL,MISSING,nsubj,leftover_target,
372,one-to-many,dn_393,isk_519 isk_520 isk_521 isk_522 isk_523,"Rientra in una casa a me ignota, rientra nella sua vita volgare, si spoglia dell'idealità di cui la vesto; diventa un'altra donna, una donna comune.",甚麼家へ行くか解らない。 其家に何事があつても解らない。 折角被せて遣つた心靈の衣を脫いで、俗つぼい世は界に首を突込む。 其の時は旣う別の女だ。 通り一遍の女だ。,MISSING,だ,MISSING,Ippolita,MISSING,NULL,MISSING,nsubj,leftover_target,
373,one-to-one,dn_394,isk_524,Io non so più nulla di lei.,俺には何も解らない。,Io,俺,Giorgio,Giorgio,PRON,PRON,nsubj,obj,explicit_ref_pos,
373,one-to-one,dn_394,isk_524,Io non so più nulla di lei.,俺には何も解らない。,lei,MISSING,Ippolita,MISSING,PRON,MISSING,obj,MISSING,leftover_source,
374,one-to-one,dn_395,isk_525,"Le brutte necessità della vita la prendono, la occupano, la umiliano....",ごたごたした生活に逐はれて、縛られて污されて…。,la,MISSING,Ippolita,MISSING,PRON,MISSING,obj,MISSING,leftover_source,
374,one-to-one,dn_395,isk_525,"Le brutte necessità della vita la prendono, la occupano, la umiliano....",ごたごたした生活に逐はれて、縛られて污されて…。,la,MISSING,Ippolita,MISSING,PRON,MISSING,obj,MISSING,leftover_source,
374,one-to-one,dn_395,isk_525,"Le brutte necessità della vita la prendono, la occupano, la umiliano....",ごたごたした生活に逐はれて、縛られて污されて…。,la,MISSING,Ippolita,MISSING,PRON,MISSING,obj,MISSING,leftover_source,
374,one-to-one,dn_395,isk_525,"Le brutte necessità della vita la prendono, la occupano, la umiliano....",ごたごたした生活に逐はれて、縛られて污されて…。,MISSING,逐はれて,MISSING,Ippolita,MISSING,NULL,MISSING,nsubj,leftover_target,
374,one-to-one,dn_395,isk_525,"Le brutte necessità della vita la prendono, la occupano, la umiliano....",ごたごたした生活に逐はれて、縛られて污されて…。,MISSING,縛られて,MISSING,Ippolita,MISSING,NULL,MISSING,nsubj,leftover_target,
374,one-to-one,dn_395,isk_525,"Le brutte necessità della vita la prendono, la occupano, la umiliano....",ごたごたした生活に逐はれて、縛られて污されて…。,MISSING,污されて,MISSING,Ippolita,MISSING,NULL,MISSING,nsubj,leftover_target,
375,one-to-one,dn_396,isk_526,Dalla bottega di un fioraio gli venne sul viso un profumo di violette.,ヸオレットの匂が、ぢき傍の植木屋の舗から傳はつて來た。,gli,MISSING,Giorgio,MISSING,PRON,MISSING,obj,MISSING,leftover_source,
376,one-to-one,dn_397,isk_527,Il cuore gli si gonfiò di aspirazioni confuse.,彼の胸は亂れむた妄想で脹んだ。,gli,彼,Giorgio,Giorgio,PRON,PRON,obj,nmod,explicit_ref_pos,
377,one-to-many,dn_398,isk_528 isk_529,"Ah, perché dunque non potremmo noi rendere la nostra esistenza conforme al nostro sogno e vivere per sempre in noi soli?",現實と夢は、何爲一致するやうに出來てゐないのだらう。 吾儕は永久に自分自分の生活だけ迫つて行つて可ささうなものだが。,noi,吾儕,Giorgio Ippolita,Giorgio Ippolita,PRON,PRON,nsubj,nsubj,explicit_full,
377,one-to-many,dn_398,isk_528 isk_529,"Ah, perché dunque non potremmo noi rendere la nostra esistenza conforme al nostro sogno e vivere per sempre in noi soli?",現實と夢は、何爲一致するやうに出來てゐないのだらう。 吾儕は永久に自分自分の生活だけ迫つて行つて可ささうなものだが。,nostra,自分自分,Giorgio Ippolita,Giorgio Ippolita,DET,PRON,nmod,nmod,explicit_ref_case,
377,one-to-many,dn_398,isk_528 isk_529,"Ah, perché dunque non potremmo noi rendere la nostra esistenza conforme al nostro sogno e vivere per sempre in noi soli?",現實と夢は、何爲一致するやうに出來てゐないのだらう。 吾儕は永久に自分自分の生活だけ迫つて行つて可ささうなものだが。,nostro,MISSING,Giorgio Ippolita,MISSING,DET,MISSING,nmod,MISSING,leftover_source,
377,one-to-many,dn_398,isk_528 isk_529,"Ah, perché dunque non potremmo noi rendere la nostra esistenza conforme al nostro sogno e vivere per sempre in noi soli?",現實と夢は、何爲一致するやうに出來てゐないのだらう。 吾儕は永久に自分自分の生活だけ迫つて行つて可ささうなものだが。,noi,MISSING,Giorgio Ippolita,MISSING,PRON,MISSING,obj,MISSING,leftover_source,
378,one-to-many,dn_399,isk_530 isk_531 isk_532,"Giorgio dormiva, verso le dieci della mattina, uno di quei profondi sonni ristoratori che nella giovinezza seguono una notte di voluttà; quando il domestico venne a svegliarlo.",朝の十時に、尙だのジォルジオはいぎたなくすうすうと寝込んて居た。 歡樂の夜の後で、年若な人達の貪る睡眠がそれだ。 そこへ召使が起しに這入つて來た。,Giorgio,ジォルジオ,Giorgio,Giorgio,PROPN,PROPN,nsubj,nsubj,explicit_full,
378,one-to-many,dn_399,isk_530 isk_531 isk_532,"Giorgio dormiva, verso le dieci della mattina, uno di quei profondi sonni ristoratori che nella giovinezza seguono una notte di voluttà; quando il domestico venne a svegliarlo.",朝の十時に、尙だのジォルジオはいぎたなくすうすうと寝込んて居た。 歡樂の夜の後で、年若な人達の貪る睡眠がそれだ。 そこへ召使が起しに這入つて來た。,lo,MISSING,Giorgio,MISSING,PRON,MISSING,obj,MISSING,leftover_source,
378,one-to-many,dn_399,isk_530 isk_531 isk_532,"Giorgio dormiva, verso le dieci della mattina, uno di quei profondi sonni ristoratori che nella giovinezza seguono una notte di voluttà; quando il domestico venne a svegliarlo.",朝の十時に、尙だのジォルジオはいぎたなくすうすうと寝込んて居た。 歡樂の夜の後で、年若な人達の貪る睡眠がそれだ。 そこへ召使が起しに這入つて來た。,il domestico,召使,butler,butler,NOUN,NOUN,nsubj,nsubj,explicit_full,
379,one-to-one,dn_400,isk_533,"Egli gridò, di pessimo umore, rivoltandosi nel letto:",牀の上てくるりと向返つて、不機嫌さうに呶鳴り附けた。,Egli,向返つて,Giorgio,Giorgio,PRON,NULL,nsubj,nsubj,zero_to_src_anchor,
379,one-to-one,dn_400,isk_533,"Egli gridò, di pessimo umore, rivoltandosi nel letto:",牀の上てくるりと向返つて、不機嫌さうに呶鳴り附けた。,si,MISSING,Giorgio,MISSING,PRON-REFLEX,MISSING,obj,MISSING,leftover_source,
379,one-to-one,dn_400,isk_533,"Egli gridò, di pessimo umore, rivoltandosi nel letto:",牀の上てくるりと向返つて、不機嫌さうに呶鳴り附けた。,MISSING,呶鳴り附けた,MISSING,Giorgio,MISSING,NULL,MISSING,nsubj,leftover_target,
380,one-to-one,dn_401,isk_534,Non sono in casa per nessuno.,誰が來ても不在で可い。,Non sono,MISSING,Giorgio,MISSING,NULL,MISSING,nsubj,MISSING,leftover_source,
381,one-to-one,dn_402,isk_535,Lasciatemi.,起しに來るな！,mi,MISSING,Giorgio,MISSING,PRON,MISSING,obj,MISSING,leftover_source,
381,one-to-one,dn_402,isk_535,Lasciatemi.,起しに來るな！,Lasciate,來るな,butler,butler,NULL,NULL,nsubj,nsubj,zero_zero_single,
382,one-to-many,dn_403,isk_536 isk_537,"Ma udì la voce dell'importuno, che dalla camera attigua pregava:",と、鄰の室で煩い客の聲がする。 物を賴むといふ調子で自分を呼んでゐる。,importuno,煩い客,AlfonsoExili,AlfonsoExili,NOUN,NOUN,nmod,nmod,explicit_full,
382,one-to-many,dn_403,isk_536 isk_537,"Ma udì la voce dell'importuno, che dalla camera attigua pregava:",と、鄰の室で煩い客の聲がする。 物を賴むといふ調子で自分を呼んでゐる。,MISSING,呼んでゐる,MISSING,AlfonsoExili,MISSING,NULL,MISSING,nsubj,leftover_target,
382,one-to-many,dn_403,isk_536 isk_537,"Ma udì la voce dell'importuno, che dalla camera attigua pregava:",と、鄰の室で煩い客の聲がする。 物を賴むといふ調子で自分を呼んでゐる。,udì,MISSING,Giorgio,MISSING,NULL,MISSING,nsubj,MISSING,leftover_source,
382,one-to-many,dn_403,isk_536 isk_537,"Ma udì la voce dell'importuno, che dalla camera attigua pregava:",と、鄰の室で煩い客の聲がする。 物を賴むといふ調子で自分を呼んでゐる。,MISSING,自分,MISSING,Giorgio,MISSING,PRON,MISSING,obj,leftover_target,
383,one-to-one,dn_404,isk_538,"Perdona, Giorgio, se ho insistito.",ジォルジオ君、失敬。,ho insistito,MISSING,AlfonsoExili,MISSING,NULL,MISSING,nsubj,MISSING,leftover_source,
383,one-to-one,dn_404,isk_538,"Perdona, Giorgio, se ho insistito.",ジォルジオ君、失敬。,Giorgio,ジォルジオ君,Giorgio,Giorgio,PROPN,PROPN,vocative,vocative,explicit_full,
383,one-to-one,dn_404,isk_538,"Perdona, Giorgio, se ho insistito.",ジォルジオ君、失敬。,Perdona,MISSING,Giorgio,MISSING,NULL,MISSING,nsubj,MISSING,leftover_source,
384,one-to-one,dn_405,isk_539,Ho bisogno urgente di parlarti.,君に談話があつて來たんだが。,Ho,談話があつて,AlfonsoExili,AlfonsoExili,NULL,NULL,nsubj,nsubj,zero_zero_semantic,0.3342186893735613
384,one-to-one,dn_405,isk_539,Ho bisogno urgente di parlarti.,君に談話があつて來たんだが。,MISSING,來た,MISSING,AlfonsoExili,MISSING,NULL,MISSING,nsubj,leftover_target,
384,one-to-one,dn_405,isk_539,Ho bisogno urgente di parlarti.,君に談話があつて來たんだが。,ti,君,Giorgio,Giorgio,PRON,PRON,obj,obj,explicit_full,
385,one-to-many,dn_406,isk_540 isk_541,"Riconobbe la voce di Alfonso Exili, e il suo fastidio crebbe.",それはアルフォンソオ·エキジリの聲であつた。 それが一倍面倒臭かつた。,Alfonso Exili,アルフォンソオ·エキジリ,AlfonsoExili,AlfonsoExili,PROPN,PROPN,nmod,nmod,explicit_full,
385,one-to-many,dn_406,isk_540 isk_541,"Riconobbe la voce di Alfonso Exili, e il suo fastidio crebbe.",それはアルフォンソオ·エキジリの聲であつた。 それが一倍面倒臭かつた。,Riconobbe,MISSING,Giorgio,MISSING,NULL,MISSING,nsubj,MISSING,leftover_source,
385,one-to-many,dn_406,isk_540 isk_541,"Riconobbe la voce di Alfonso Exili, e il suo fastidio crebbe.",それはアルフォンソオ·エキジリの聲であつた。 それが一倍面倒臭かつた。,suo,MISSING,Giorgio,MISSING,DET,MISSING,nmod,MISSING,leftover_source,
386,one-to-many,dn_407,isk_542 isk_543,"Questo Exili era un antico suo compagno di collegio, un giovine di mediocre intelligenza, rovinatosi al giuoco e alla crapula, diventato una specie di avventuriere alla caccia del soldo.",エキジリといふ男は、同窓の友人であつた。 餘り物の出來ない方で、賭博と遊蕩に持ちした揚句、居候的山師のやうな事をやつてゐた。,compagno di collegio,同窓の友人,AlfonsoExili,AlfonsoExili,NOUN,NOUN,pred,pred,explicit_full,
386,one-to-many,dn_407,isk_542 isk_543,"Questo Exili era un antico suo compagno di collegio, un giovine di mediocre intelligenza, rovinatosi al giuoco e alla crapula, diventato una specie di avventuriere alla caccia del soldo.",エキジリといふ男は、同窓の友人であつた。 餘り物の出來ない方で、賭博と遊蕩に持ちした揚句、居候的山師のやうな事をやつてゐた。,Exili,エキジリといふ男,AlfonsoExili,AlfonsoExili,PROPN,NOUN,nsubj,nsubj,explicit_ref_case,
386,one-to-many,dn_407,isk_542 isk_543,"Questo Exili era un antico suo compagno di collegio, un giovine di mediocre intelligenza, rovinatosi al giuoco e alla crapula, diventato una specie di avventuriere alla caccia del soldo.",エキジリといふ男は、同窓の友人であつた。 餘り物の出來ない方で、賭博と遊蕩に持ちした揚句、居候的山師のやうな事をやつてゐた。,un giovine di mediocre intelligenza,MISSING,AlfonsoExili,MISSING,NOUN,MISSING,pred,MISSING,leftover_source,
386,one-to-many,dn_407,isk_542 isk_543,"Questo Exili era un antico suo compagno di collegio, un giovine di mediocre intelligenza, rovinatosi al giuoco e alla crapula, diventato una specie di avventuriere alla caccia del soldo.",エキジリといふ男は、同窓の友人であつた。 餘り物の出來ない方で、賭博と遊蕩に持ちした揚句、居候的山師のやうな事をやつてゐた。,si,MISSING,AlfonsoExili,MISSING,PRON-REFLEX,MISSING,obj,MISSING,leftover_source,
386,one-to-many,dn_407,isk_542 isk_543,"Questo Exili era un antico suo compagno di collegio, un giovine di mediocre intelligenza, rovinatosi al giuoco e alla crapula, diventato una specie di avventuriere alla caccia del soldo.",エキジリといふ男は、同窓の友人であつた。 餘り物の出來ない方で、賭博と遊蕩に持ちした揚句、居候的山師のやうな事をやつてゐた。,una specie di avventuriere alla caccia del soldo,MISSING,AlfonsoExili,MISSING,NOUN,MISSING,pred,MISSING,leftover_source,
386,one-to-many,dn_407,isk_542 isk_543,"Questo Exili era un antico suo compagno di collegio, un giovine di mediocre intelligenza, rovinatosi al giuoco e alla crapula, diventato una specie di avventuriere alla caccia del soldo.",エキジリといふ男は、同窓の友人であつた。 餘り物の出來ない方で、賭博と遊蕩に持ちした揚句、居候的山師のやうな事をやつてゐた。,MISSING,やつてゐた,MISSING,AlfonsoExili,MISSING,NULL,MISSING,nsubj,leftover_target,
386,one-to-many,dn_407,isk_542 isk_543,"Questo Exili era un antico suo compagno di collegio, un giovine di mediocre intelligenza, rovinatosi al giuoco e alla crapula, diventato una specie di avventuriere alla caccia del soldo.",エキジリといふ男は、同窓の友人であつた。 餘り物の出來ない方で、賭博と遊蕩に持ちした揚句、居候的山師のやうな事をやつてゐた。,suo,MISSING,Giorgio,MISSING,DET,MISSING,nmod,MISSING,leftover_source,
387,one-to-many,dn_408,isk_544 isk_545,"Costui poteva sembrare ancóra un bel giovine, sebbene la sua faccia fosse devastata dal vizio; ma aveva nella sua persona e ne' suoi modi quel non so che di furbesco e d'ignobile che acquistano gli uomini costretti a vivere di espedienti e di umiliazioni.",不身持が顏に出て荒んで見えるけれど、尙且滿酒な靑年とは解れる。 でも容貌や擧止には、有繋に小才一つで世を渡るまでに落魄れた人間に見るやうな、奸猾い下卑た風があつた。,un bel giovine,尙且滿酒な靑年,AlfonsoExili,AlfonsoExili,NOUN,NOUN,pred,pred,explicit_full,
387,one-to-many,dn_408,isk_544 isk_545,"Costui poteva sembrare ancóra un bel giovine, sebbene la sua faccia fosse devastata dal vizio; ma aveva nella sua persona e ne' suoi modi quel non so che di furbesco e d'ignobile che acquistano gli uomini costretti a vivere di espedienti e di umiliazioni.",不身持が顏に出て荒んで見えるけれど、尙且滿酒な靑年とは解れる。 でも容貌や擧止には、有繋に小才一つで世を渡るまでに落魄れた人間に見るやうな、奸猾い下卑た風があつた。,Costui,MISSING,AlfonsoExili,MISSING,PRON,MISSING,nsubj,MISSING,leftover_source,
387,one-to-many,dn_408,isk_544 isk_545,"Costui poteva sembrare ancóra un bel giovine, sebbene la sua faccia fosse devastata dal vizio; ma aveva nella sua persona e ne' suoi modi quel non so che di furbesco e d'ignobile che acquistano gli uomini costretti a vivere di espedienti e di umiliazioni.",不身持が顏に出て荒んで見えるけれど、尙且滿酒な靑年とは解れる。 でも容貌や擧止には、有繋に小才一つで世を渡るまでに落魄れた人間に見るやうな、奸猾い下卑た風があつた。,sua,MISSING,AlfonsoExili,MISSING,DET,MISSING,nmod,MISSING,leftover_source,
387,one-to-many,dn_408,isk_544 isk_545,"Costui poteva sembrare ancóra un bel giovine, sebbene la sua faccia fosse devastata dal vizio; ma aveva nella sua persona e ne' suoi modi quel non so che di furbesco e d'ignobile che acquistano gli uomini costretti a vivere di espedienti e di umiliazioni.",不身持が顏に出て荒んで見えるけれど、尙且滿酒な靑年とは解れる。 でも容貌や擧止には、有繋に小才一つで世を渡るまでに落魄れた人間に見るやうな、奸猾い下卑た風があつた。,aveva,MISSING,AlfonsoExili,MISSING,NULL,MISSING,nsubj,MISSING,leftover_source,
387,one-to-many,dn_408,isk_544 isk_545,"Costui poteva sembrare ancóra un bel giovine, sebbene la sua faccia fosse devastata dal vizio; ma aveva nella sua persona e ne' suoi modi quel non so che di furbesco e d'ignobile che acquistano gli uomini costretti a vivere di espedienti e di umiliazioni.",不身持が顏に出て荒んで見えるけれど、尙且滿酒な靑年とは解れる。 でも容貌や擧止には、有繋に小才一つで世を渡るまでに落魄れた人間に見るやうな、奸猾い下卑た風があつた。,sua,MISSING,AlfonsoExili,MISSING,DET,MISSING,nmod,MISSING,leftover_source,
387,one-to-many,dn_408,isk_544 isk_545,"Costui poteva sembrare ancóra un bel giovine, sebbene la sua faccia fosse devastata dal vizio; ma aveva nella sua persona e ne' suoi modi quel non so che di furbesco e d'ignobile che acquistano gli uomini costretti a vivere di espedienti e di umiliazioni.",不身持が顏に出て荒んで見えるけれど、尙且滿酒な靑年とは解れる。 でも容貌や擧止には、有繋に小才一つで世を渡るまでに落魄れた人間に見るやうな、奸猾い下卑た風があつた。,suoi,MISSING,AlfonsoExili,MISSING,DET,MISSING,nmod,MISSING,leftover_source,
388,one-to-many,dn_409,isk_546 isk_547 isk_548,"Entrò, aspettò che il domestico fosse uscito, assunse un'aria un po' sconvolta; e disse, mangiandosi a mezzo le parole:",其の男が這入つて來た。 召使が引退るのを待つて始めて困つたといふの樣子をして見せた。 半分言葉を嚥込むやうにして言ひ出した。,Entrò,待つて,AlfonsoExili,AlfonsoExili,NULL,NULL,nsubj,nsubj,zero_zero_semantic,0.3558668052156766
388,one-to-many,dn_409,isk_546 isk_547 isk_548,"Entrò, aspettò che il domestico fosse uscito, assunse un'aria un po' sconvolta; e disse, mangiandosi a mezzo le parole:",其の男が這入つて來た。 召使が引退るのを待つて始めて困つたといふの樣子をして見せた。 半分言葉を嚥込むやうにして言ひ出した。,assunse,して見せた,AlfonsoExili,AlfonsoExili,NULL,NULL,nsubj,nsubj,zero_zero_semantic,0.31592545618697043
388,one-to-many,dn_409,isk_546 isk_547 isk_548,"Entrò, aspettò che il domestico fosse uscito, assunse un'aria un po' sconvolta; e disse, mangiandosi a mezzo le parole:",其の男が這入つて來た。 召使が引退るのを待つて始めて困つたといふの樣子をして見せた。 半分言葉を嚥込むやうにして言ひ出した。,disse,して言ひ出した,AlfonsoExili,AlfonsoExili,NULL,NULL,nsubj,nsubj,zero_zero_semantic,0.3220134018182087
388,one-to-many,dn_409,isk_546 isk_547 isk_548,"Entrò, aspettò che il domestico fosse uscito, assunse un'aria un po' sconvolta; e disse, mangiandosi a mezzo le parole:",其の男が這入つて來た。 召使が引退るのを待つて始めて困つたといふの樣子をして見せた。 半分言葉を嚥込むやうにして言ひ出した。,aspettò,其の男,AlfonsoExili,AlfonsoExili,NULL,NOUN,nsubj,nsubj,zero_to_tgt_anchor,
388,one-to-many,dn_409,isk_546 isk_547 isk_548,"Entrò, aspettò che il domestico fosse uscito, assunse un'aria un po' sconvolta; e disse, mangiandosi a mezzo le parole:",其の男が這入つて來た。 召使が引退るのを待つて始めて困つたといふの樣子をして見せた。 半分言葉を嚥込むやうにして言ひ出した。,si,MISSING,AlfonsoExili,MISSING,PRON-REFLEX,MISSING,obj,MISSING,leftover_source,
388,one-to-many,dn_409,isk_546 isk_547 isk_548,"Entrò, aspettò che il domestico fosse uscito, assunse un'aria un po' sconvolta; e disse, mangiandosi a mezzo le parole:",其の男が這入つて來た。 召使が引退るのを待つて始めて困つたといふの樣子をして見せた。 半分言葉を嚥込むやうにして言ひ出した。,il domestico,召使,butler,butler,NOUN,NOUN,nsubj,nsubj,explicit_full,
389,one-to-many,dn_410,isk_549 isk_550,"Scusa, Giorgio, se ricorro a te anche questa volta.",ねえ君。 又かと思はれるか知らないが、實は君の好意に浴したくて來たんだ。,ricorro,浴したくて來た,AlfonsoExili,AlfonsoExili,NULL,NULL,nsubj,nsubj,zero_zero_single,
389,one-to-many,dn_410,isk_549 isk_550,"Scusa, Giorgio, se ricorro a te anche questa volta.",ねえ君。 又かと思はれるか知らないが、實は君の好意に浴したくて來たんだ。,te,君,Giorgio,Giorgio,PRON,PRON,obj,nmod,explicit_ref_pos,
389,one-to-many,dn_410,isk_549 isk_550,"Scusa, Giorgio, se ricorro a te anche questa volta.",ねえ君。 又かと思はれるか知らないが、實は君の好意に浴したくて來たんだ。,Giorgio,MISSING,Giorgio,MISSING,PROPN,MISSING,vocative,MISSING,leftover_source,
389,one-to-many,dn_410,isk_549 isk_550,"Scusa, Giorgio, se ricorro a te anche questa volta.",ねえ君。 又かと思はれるか知らないが、實は君の好意に浴したくて來たんだ。,MISSING,君,MISSING,Giorgio,MISSING,NULL,MISSING,nsubj,leftover_target,
390,one-to-one,dn_411,isk_551,Ho da pagare un debito di giuoco.,少々賭博の方の借金が出來てね。,Ho,借金が出來て,AlfonsoExili,AlfonsoExili,NULL,NULL,nsubj,nsubj,zero_zero_single,
391,one-to-one,dn_412,isk_552,Aiutami.,お助けが願ひたいてな譯で。,mi,MISSING,AlfonsoExili,MISSING,PRON,MISSING,obj,MISSING,leftover_source,
391,one-to-one,dn_412,isk_552,Aiutami.,お助けが願ひたいてな譯で。,MISSING,願ひたい,MISSING,AlfonsoExili,MISSING,NULL,MISSING,nsubj,leftover_target,
391,one-to-one,dn_412,isk_552,Aiutami.,お助けが願ひたいてな譯で。,Aiuta,MISSING,Giorgio,MISSING,NULL,MISSING,nsubj,MISSING,leftover_source,
393,one-to-one,dn_415,isk_554,"Scusa, Giorgio.",是非何卒ね。,Giorgio,MISSING,Giorgio,MISSING,PROPN,MISSING,vocative,MISSING,leftover_source,
394,one-to-one,dn_416,isk_555,"Ah, tu dunque paghi i tuoi debiti di giuoco?",何だ賭博の借金だ？,tu,MISSING,AlfonsoExili,MISSING,PRON,MISSING,nsubj,MISSING,leftover_source,
394,one-to-one,dn_416,isk_555,"Ah, tu dunque paghi i tuoi debiti di giuoco?",何だ賭博の借金だ？,tuoi,MISSING,AlfonsoExili,MISSING,DET,MISSING,nmod,MISSING,leftover_source,
395,one-to-many,dn_417,isk_556 isk_557,"gli chiese Giorgio infliggendogli con perfetta incuranza l'ingiuria; perché, non avendo egli saputo rompere ogni rapporto con quel glutinoso scroccatore, adoperava contro di lui il disprezzo come altri adopera un bastone per preservarsi dal contatto di un animale immondo.",斯うして言ひたい儘な侮辱を浴せ掛けた。 喰入られた蠕との關係を斷切つても得了はない彼は、一時凌ぎに、棒の尖て刎除けるやうに唾大口を利いてゐるより爲方はなかつた。,glutinoso scroccatore,喰入られた蠕,AlfonsoExili,AlfonsoExili,NOUN,NOUN,obj,obj,explicit_full,
395,one-to-many,dn_417,isk_556 isk_557,"gli chiese Giorgio infliggendogli con perfetta incuranza l'ingiuria; perché, non avendo egli saputo rompere ogni rapporto con quel glutinoso scroccatore, adoperava contro di lui il disprezzo come altri adopera un bastone per preservarsi dal contatto di un animale immondo.",斯うして言ひたい儘な侮辱を浴せ掛けた。 喰入られた蠕との關係を斷切つても得了はない彼は、一時凌ぎに、棒の尖て刎除けるやうに唾大口を利いてゐるより爲方はなかつた。,gli,MISSING,AlfonsoExili,MISSING,PRON,MISSING,obj,MISSING,leftover_source,
395,one-to-many,dn_417,isk_556 isk_557,"gli chiese Giorgio infliggendogli con perfetta incuranza l'ingiuria; perché, non avendo egli saputo rompere ogni rapporto con quel glutinoso scroccatore, adoperava contro di lui il disprezzo come altri adopera un bastone per preservarsi dal contatto di un animale immondo.",斯うして言ひたい儘な侮辱を浴せ掛けた。 喰入られた蠕との關係を斷切つても得了はない彼は、一時凌ぎに、棒の尖て刎除けるやうに唾大口を利いてゐるより爲方はなかつた。,gli,MISSING,AlfonsoExili,MISSING,PRON,MISSING,obj,MISSING,leftover_source,
395,one-to-many,dn_417,isk_556 isk_557,"gli chiese Giorgio infliggendogli con perfetta incuranza l'ingiuria; perché, non avendo egli saputo rompere ogni rapporto con quel glutinoso scroccatore, adoperava contro di lui il disprezzo come altri adopera un bastone per preservarsi dal contatto di un animale immondo.",斯うして言ひたい儘な侮辱を浴せ掛けた。 喰入られた蠕との關係を斷切つても得了はない彼は、一時凌ぎに、棒の尖て刎除けるやうに唾大口を利いてゐるより爲方はなかつた。,lui,MISSING,AlfonsoExili,MISSING,PRON,MISSING,obj,MISSING,leftover_source,
395,one-to-many,dn_417,isk_556 isk_557,"gli chiese Giorgio infliggendogli con perfetta incuranza l'ingiuria; perché, non avendo egli saputo rompere ogni rapporto con quel glutinoso scroccatore, adoperava contro di lui il disprezzo come altri adopera un bastone per preservarsi dal contatto di un animale immondo.",斯うして言ひたい儘な侮辱を浴せ掛けた。 喰入られた蠕との關係を斷切つても得了はない彼は、一時凌ぎに、棒の尖て刎除けるやうに唾大口を利いてゐるより爲方はなかつた。,egli,彼,Giorgio,Giorgio,PRON,PRON,nsubj,nsubj,explicit_full,
395,one-to-many,dn_417,isk_556 isk_557,"gli chiese Giorgio infliggendogli con perfetta incuranza l'ingiuria; perché, non avendo egli saputo rompere ogni rapporto con quel glutinoso scroccatore, adoperava contro di lui il disprezzo come altri adopera un bastone per preservarsi dal contatto di un animale immondo.",斯うして言ひたい儘な侮辱を浴せ掛けた。 喰入られた蠕との關係を斷切つても得了はない彼は、一時凌ぎに、棒の尖て刎除けるやうに唾大口を利いてゐるより爲方はなかつた。,adoperava,斷切つて,Giorgio,Giorgio,NULL,NULL,nsubj,nsubj,zero_zero_semantic,0.5073495638194097
395,one-to-many,dn_417,isk_556 isk_557,"gli chiese Giorgio infliggendogli con perfetta incuranza l'ingiuria; perché, non avendo egli saputo rompere ogni rapporto con quel glutinoso scroccatore, adoperava contro di lui il disprezzo come altri adopera un bastone per preservarsi dal contatto di un animale immondo.",斯うして言ひたい儘な侮辱を浴せ掛けた。 喰入られた蠕との關係を斷切つても得了はない彼は、一時凌ぎに、棒の尖て刎除けるやうに唾大口を利いてゐるより爲方はなかつた。,Giorgio,浴せ掛けた,Giorgio,Giorgio,PROPN,NULL,nsubj,nsubj,zero_to_src_anchor,
395,one-to-many,dn_417,isk_556 isk_557,"gli chiese Giorgio infliggendogli con perfetta incuranza l'ingiuria; perché, non avendo egli saputo rompere ogni rapporto con quel glutinoso scroccatore, adoperava contro di lui il disprezzo come altri adopera un bastone per preservarsi dal contatto di un animale immondo.",斯うして言ひたい儘な侮辱を浴せ掛けた。 喰入られた蠕との關係を斷切つても得了はない彼は、一時凌ぎに、棒の尖て刎除けるやうに唾大口を利いてゐるより爲方はなかつた。,si,MISSING,Giorgio,MISSING,PRON-REFLEX,MISSING,obj,MISSING,leftover_source,
396,one-to-one,dn_418,isk_558,Mi fai stupire.,驚くぢやないか。,fai stupire,MISSING,AlfonsoExili,MISSING,NULL,MISSING,nsubj,MISSING,leftover_source,
396,one-to-one,dn_418,isk_558,Mi fai stupire.,驚くぢやないか。,Mi,MISSING,Giorgio,MISSING,PRON,MISSING,obj,MISSING,leftover_source,
396,one-to-one,dn_418,isk_558,Mi fai stupire.,驚くぢやないか。,MISSING,驚く,MISSING,Giorgio,MISSING,NULL,MISSING,nsubj,leftover_target,
397,one-to-one,dn_419,isk_559,L'Exili sorrise.,エキジリはにやりと笑つた。,L'Exili,エキジリ,AlfonsoExili,AlfonsoExili,PROPN,PROPN,nsubj,nsubj,explicit_full,
398,one-to-one,dn_420,isk_560,"Via, non essere cattivo!",まあさ然う言はないで。,non essere,言はないで,Giorgio,Giorgio,NULL,NULL,nsubj,nsubj,zero_zero_single,
399,one-to-one,dn_421,isk_561,"pregò, con una voce supplichevole, come una femmina.",猫撫聲を作つて泣附いた。,pregò,泣附いた,AlfonsoExili,AlfonsoExili,NULL,NULL,nsubj,nsubj,zero_zero_semantic,0.5568029868106047
399,one-to-one,dn_421,isk_561,"pregò, con una voce supplichevole, come una femmina.",猫撫聲を作つて泣附いた。,MISSING,作つて,MISSING,AlfonsoExili,MISSING,NULL,MISSING,nsubj,leftover_target,
400,one-to-many,dn_422,isk_562 isk_563,"Me le dai, queste trecento lire?",三百だけ貸して呉れ給へな。 ねえ。,Me,MISSING,AlfonsoExili,MISSING,PRON,MISSING,obj,MISSING,leftover_source,
400,one-to-many,dn_422,isk_562 isk_563,"Me le dai, queste trecento lire?",三百だけ貸して呉れ給へな。 ねえ。,dai,貸して呉れ給へ,Giorgio,Giorgio,NULL,NULL,nsubj,nsubj,zero_zero_single,
401,one-to-one,dn_423,isk_564,"Su la mia parola d'onore, domani te le rendo.",明日必と返濟するから、名譽に掛けても。,rendo,返濟する,AlfonsoExili,AlfonsoExili,NULL,NULL,nsubj,nsubj,zero_zero_single,
401,one-to-one,dn_423,isk_564,"Su la mia parola d'onore, domani te le rendo.",明日必と返濟するから、名譽に掛けても。,mia,MISSING,AlfonsoExili,MISSING,DET,MISSING,nmod,MISSING,leftover_source,
401,one-to-one,dn_423,isk_564,"Su la mia parola d'onore, domani te le rendo.",明日必と返濟するから、名譽に掛けても。,te,MISSING,Giorgio,MISSING,PRON,MISSING,obj,MISSING,leftover_source,
402,one-to-one,dn_424,isk_565,Giorgio scoppiò a ridere.,はゝゝゝゝとジォルジオは高笑ひした。,Giorgio,ジォルジオ,Giorgio,Giorgio,PROPN,PROPN,nsubj,nsubj,explicit_full,
403,one-to-one,dn_425,isk_566,"Sonò il campanello, per chiamare il domestico.",ベルを引いて召使を呼んだ。,Sonò,引いて,Giorgio,Giorgio,NULL,NULL,nsubj,nsubj,zero_zero_semantic,0.3325215893296095
403,one-to-one,dn_425,isk_566,"Sonò il campanello, per chiamare il domestico.",ベルを引いて召使を呼んだ。,MISSING,呼んだ,MISSING,Giorgio,MISSING,NULL,MISSING,nsubj,leftover_target,
403,one-to-one,dn_425,isk_566,"Sonò il campanello, per chiamare il domestico.",ベルを引いて召使を呼んだ。,il domestico,召使,butler,butler,NOUN,NOUN,obj,obj,explicit_full,
404,one-to-one,dn_426,isk_567,Venne il domestico.,男が這入つて來た。,il domestico,男,butler,butler,NOUN,NOUN,nsubj,nsubj,explicit_full,
405,one-to-one,dn_427,isk_568,"Cercate il mazzo delle piccole chiavi, là, in quegli abiti che sono sul divano.",その倚子の上の著物に鍵が這入つてるから出して奥れ。,Cercate,出して奥れ,butler,butler,NULL,NULL,nsubj,nsubj,zero_zero_single,
406,one-to-one,dn_428,isk_569,Il domestico trovò le chiavi.,鍵が見附かつた。,Il domestico,MISSING,butler,MISSING,NOUN,MISSING,nsubj,MISSING,leftover_source,
407,many-to-one,dn_429 dn_430,isk_570,"Aprite, là, il secondo tiretto. Datemi il portafoglio grande.",二番目の抽斗を開けて大きな紙入を寄越しな。,mi,MISSING,Giorgio,MISSING,PRON,MISSING,obj,MISSING,leftover_source,
407,many-to-one,dn_429 dn_430,isk_570,"Aprite, là, il secondo tiretto. Datemi il portafoglio grande.",二番目の抽斗を開けて大きな紙入を寄越しな。,Aprite,開けて,butler,butler,NULL,NULL,nsubj,nsubj,zero_zero_semantic,0.10552358130613962
407,many-to-one,dn_429 dn_430,isk_570,"Aprite, là, il secondo tiretto. Datemi il portafoglio grande.",二番目の抽斗を開けて大きな紙入を寄越しな。,Date,寄越しな,butler,butler,NULL,NULL,nsubj,nsubj,zero_zero_semantic,0.4736173785868145
408,one-to-one,dn_431,isk_571,Il domestico gli diede il portafoglio.,召使は吩咐つた通りにした。,Il domestico,召使,butler,butler,NOUN,NOUN,nsubj,nsubj,explicit_full,
409,one-to-many,dn_432,isk_572 isk_573,Andate.,可し可し。 もう去つて可い。,Andate,去つて可い,butler,butler,NULL,NULL,nsubj,nsubj,zero_zero_single,
410,one-to-one,dn_433,isk_575,"Come il domestico uscì, l'Exili disse, con un sorriso fra timido e convulso:",召使が退つて了ふと、エキジリが極り惡々、痙攣的な微笑を見せて斯う云つた。,l'Exili,エキジリ,AlfonsoExili,AlfonsoExili,PROPN,PROPN,nsubj,nsubj,explicit_full,
410,one-to-one,dn_433,isk_575,"Come il domestico uscì, l'Exili disse, con un sorriso fra timido e convulso:",召使が退つて了ふと、エキジリが極り惡々、痙攣的な微笑を見せて斯う云つた。,MISSING,見せて,MISSING,AlfonsoExili,MISSING,NULL,MISSING,nsubj,leftover_target,
410,one-to-one,dn_433,isk_575,"Come il domestico uscì, l'Exili disse, con un sorriso fra timido e convulso:",召使が退つて了ふと、エキジリが極り惡々、痙攣的な微笑を見せて斯う云つた。,MISSING,云つた,MISSING,AlfonsoExili,MISSING,NULL,MISSING,nsubj,leftover_target,
410,one-to-one,dn_433,isk_575,"Come il domestico uscì, l'Exili disse, con un sorriso fra timido e convulso:",召使が退つて了ふと、エキジリが極り惡々、痙攣的な微笑を見せて斯う云つた。,il domestico,召使,butler,butler,NOUN,NOUN,nsubj,nsubj,explicit_full,
411,one-to-one,dn_434,isk_574,Non potresti darmene quattrocento?,四百といふ譯には行くまいかね。,me,MISSING,AlfonsoExili,MISSING,PRON,MISSING,obj,MISSING,leftover_source,
411,one-to-one,dn_434,isk_574,Non potresti darmene quattrocento?,四百といふ譯には行くまいかね。,Non potresti dar,MISSING,Giorgio,MISSING,NULL,MISSING,nsubj,MISSING,leftover_source,
413,one-to-one,dn_436,isk_577,Tieni.,―ほら、三百リラ。,Tieni,MISSING,AlfonsoExili,MISSING,NULL,MISSING,nsubj,MISSING,leftover_source,
415,one-to-one,dn_438,isk_579,Vattene.,匆匆と歸り給へ。,Vattene,歸り給へ,AlfonsoExili,AlfonsoExili,NULL,NULL,nsubj,nsubj,zero_zero_single,
416,one-to-one,dn_439,isk_580,"Giorgio non gli porse il denaro, ma lo posò su la sponda del letto.",直に手へ渡さずに、寢牀の端へ置いた。,gli,MISSING,AlfonsoExili,MISSING,PRON,MISSING,obj,MISSING,leftover_source,
416,one-to-one,dn_439,isk_580,"Giorgio non gli porse il denaro, ma lo posò su la sponda del letto.",直に手へ渡さずに、寢牀の端へ置いた。,posò,置いた,Giorgio,Giorgio,NULL,NULL,nsubj,nsubj,zero_zero_semantic,0.29556280842813887
416,one-to-one,dn_439,isk_580,"Giorgio non gli porse il denaro, ma lo posò su la sponda del letto.",直に手へ渡さずに、寢牀の端へ置いた。,Giorgio,渡さず,Giorgio,Giorgio,PROPN,NULL,nsubj,nsubj,zero_to_src_anchor,
417,one-to-one,dn_440,isk_581,"L'Exili sorrise, prendendolo, mettendoselo in tasca.",片方は莞爾手に取つて衣兜へ捻込んだ。,L'Exili,片方,AlfonsoExili,AlfonsoExili,PROPN,NOUN,nsubj,nsubj,explicit_ref_case,
417,one-to-one,dn_440,isk_581,"L'Exili sorrise, prendendolo, mettendoselo in tasca.",片方は莞爾手に取つて衣兜へ捻込んだ。,MISSING,捻込んだ,MISSING,AlfonsoExili,MISSING,NULL,MISSING,nsubj,leftover_target,
418,one-to-one,dn_441,isk_582,"Poi, con un tono ambiguo tra di adulazione e d'ironia, disse:",曖昧な、當てこすりと追從を交ぜたやうな調子で、,disse,MISSING,AlfonsoExili,MISSING,NULL,MISSING,nsubj,MISSING,leftover_source,
419,one-to-one,dn_442,isk_583,Tu hai un cuore nobile.,何てつても豪いもんだ。,Tu,MISSING,Giorgio,MISSING,PRON,MISSING,nsubj,MISSING,leftover_source,
420,one-to-one,dn_443,isk_584,Si guardò intorno.,部屋の隅隅をじろじろ麥つて、,guardò,麥つて,AlfonsoExili,AlfonsoExili,NULL,NULL,nsubj,nsubj,zero_zero_single,
420,one-to-one,dn_443,isk_584,Si guardò intorno.,部屋の隅隅をじろじろ麥つて、,Si,MISSING,AlfonsoExili,MISSING,PRON-REFLEX,MISSING,obj,MISSING,leftover_source,
421,one-to-one,dn_444,isk_585,Tu hai anche una deliziosa camera da letto.,氣持のいい寢室だねぇ。,Tu,MISSING,Giorgio,MISSING,PRON,MISSING,nsubj,MISSING,leftover_source,
422,one-to-many,dn_445,isk_586 isk_587,Si sedé sopra un divano; si versò un bicchierino di liquore; si riempì di sigari un astuccio.,無圖と倚子に臀を落して酒を注いだ。 莨入も詰替へた。,sedé,落して,AlfonsoExili,AlfonsoExili,NULL,NULL,nsubj,nsubj,zero_zero_semantic,0.6324541390230579
422,one-to-many,dn_445,isk_586 isk_587,Si sedé sopra un divano; si versò un bicchierino di liquore; si riempì di sigari un astuccio.,無圖と倚子に臀を落して酒を注いだ。 莨入も詰替へた。,versò,注いだ,AlfonsoExili,AlfonsoExili,NULL,NULL,nsubj,nsubj,zero_zero_semantic,0.2071770541578211
422,one-to-many,dn_445,isk_586 isk_587,Si sedé sopra un divano; si versò un bicchierino di liquore; si riempì di sigari un astuccio.,無圖と倚子に臀を落して酒を注いだ。 莨入も詰替へた。,riempì,詰替へた,AlfonsoExili,AlfonsoExili,NULL,NULL,nsubj,nsubj,zero_zero_semantic,0.4070086016449877
422,one-to-many,dn_445,isk_586 isk_587,Si sedé sopra un divano; si versò un bicchierino di liquore; si riempì di sigari un astuccio.,無圖と倚子に臀を落して酒を注いだ。 莨入も詰替へた。,Si,MISSING,AlfonsoExili,MISSING,PRON-REFLEX,MISSING,obj,MISSING,leftover_source,
422,one-to-many,dn_445,isk_586 isk_587,Si sedé sopra un divano; si versò un bicchierino di liquore; si riempì di sigari un astuccio.,無圖と倚子に臀を落して酒を注いだ。 莨入も詰替へた。,si,MISSING,AlfonsoExili,MISSING,PRON-REFLEX,MISSING,obj,MISSING,leftover_source,
422,one-to-many,dn_445,isk_586 isk_587,Si sedé sopra un divano; si versò un bicchierino di liquore; si riempì di sigari un astuccio.,無圖と倚子に臀を落して酒を注いだ。 莨入も詰替へた。,si,MISSING,AlfonsoExili,MISSING,PRON-REFLEX,MISSING,obj,MISSING,leftover_source,
423,one-to-many,dn_446,isk_588 isk_589,Chi è ora la tua amante?,此の節は誰が情婦だい。 何て名だ。,tua,MISSING,Giorgio,MISSING,DET,MISSING,nmod,MISSING,leftover_source,
424,one-to-one,dn_447,isk_590,Non è più quella dell'anno scorso; è vero?,去年のとは物は別だらうね。,quella dell'anno scorso,去年のとは物,Ippolita,Ippolita,PRON,NOUN,nsubj,nsubj,explicit_ref_case,
424,one-to-one,dn_447,isk_590,Non è più quella dell'anno scorso; è vero?,去年のとは物は別だらうね。,è,MISSING,Ippolita,MISSING,NULL,MISSING,nsubj,MISSING,leftover_source,
425,one-to-one,dn_448,isk_591,"Vattene, Exili.",おい歸らないか。,Vattene,歸らない,AlfonsoExili,AlfonsoExili,NULL,NULL,nsubj,nsubj,zero_zero_single,
425,one-to-one,dn_448,isk_591,"Vattene, Exili.",おい歸らないか。,Exili,MISSING,AlfonsoExili,MISSING,PROPN,MISSING,vocative,MISSING,leftover_source,
426,one-to-one,dn_449,isk_592,Voglio dormire.,眠るんだよ。,Voglio,眠る,Giorgio,Giorgio,NULL,NULL,nsubj,nsubj,zero_zero_single,
427,one-to-one,dn_450,isk_593,"Che splendida creatura, quella!",素敵な女ぢやないか。,quella,MISSING,Ippolita,MISSING,PRON,MISSING,vocative,MISSING,leftover_source,
429,one-to-one,dn_452,isk_595,È ancóra qui?,何處かへ行つたね。,È,行つた,Ippolita,Ippolita,NULL,NULL,nsubj,nsubj,zero_zero_single,
430,one-to-one,dn_453,isk_596,Da qualche tempo non l'incontro.,四五日遇はないや。,incontro,遇はない,AlfonsoExili,AlfonsoExili,NULL,NULL,nsubj,nsubj,zero_zero_single,
430,one-to-one,dn_453,isk_596,Da qualche tempo non l'incontro.,四五日遇はないや。,l,MISSING,Ippolita,MISSING,PRON,MISSING,obj,MISSING,leftover_source,
431,one-to-one,dn_454,isk_597,Dev'essere andata fuori.,羅馬ぢやあるまい。,Dev'essere andata,MISSING,Ippolita,MISSING,NULL,MISSING,nsubj,MISSING,leftover_source,
432,one-to-one,dn_455,isk_598,"Ha una sorella a Milano, mi pare.",姉が確かミラノに居た筈だ。,mi,MISSING,AlfonsoExili,MISSING,PRON,MISSING,obj,MISSING,leftover_source,
432,one-to-one,dn_455,isk_598,"Ha una sorella a Milano, mi pare.",姉が確かミラノに居た筈だ。,Ha,MISSING,Ippolita,MISSING,NULL,MISSING,nsubj,MISSING,leftover_source,
432,one-to-one,dn_455,isk_598,"Ha una sorella a Milano, mi pare.",姉が確かミラノに居た筈だ。,una sorella,姉,Ippolitas-sister,Ippolitas-sister,NOUN,NOUN,obj,nsubj,explicit_ref_pos,
433,one-to-one,dn_456,isk_599,Egli si versò un altro bicchierino e lo bevve d'un fiato.,又注いで喁と一息に呷つた。,bevve,呷つた,AlfonsoExili,AlfonsoExili,NULL,NULL,nsubj,nsubj,zero_zero_semantic,0.34683544352630535
433,one-to-one,dn_456,isk_599,Egli si versò un altro bicchierino e lo bevve d'un fiato.,又注いで喁と一息に呷つた。,Egli,注いで,AlfonsoExili,AlfonsoExili,PRON,NULL,nsubj,nsubj,zero_to_src_anchor,
433,one-to-one,dn_456,isk_599,Egli si versò un altro bicchierino e lo bevve d'un fiato.,又注いで喁と一息に呷つた。,si,MISSING,AlfonsoExili,MISSING,PRON-REFLEX,MISSING,obj,MISSING,leftover_source,
434,one-to-one,dn_457,isk_600,Ciarlava forse appunto per avere il tempo di vuotare la boccia.,酒の空くなるまで、時間を引張る氣で、斯うして出たらめな口を動かして居るらしかつた。,Ciarlava,動かして居る,AlfonsoExili,AlfonsoExili,NULL,NULL,nsubj,nsubj,zero_zero_single,
435,one-to-one,dn_458,isk_601,È divisa dal marito; è vero?,亭主とは離れたつて言ふぢやないか。,È divisa,離れた,Ippolita,Ippolita,NULL,NULL,nsubj,nsubj,zero_zero_single,
435,one-to-one,dn_458,isk_601,È divisa dal marito; è vero?,亭主とは離れたつて言ふぢやないか。,marito,亭主,Ippolitas-husband,Ippolitas-husband,NOUN,NOUN,obj,obj,explicit_full,
436,many-to-one,dn_459 dn_460,isk_602,"Credo che si debba trovar male, in finanze. Ma veste sempre bene.",工面が良くなささうなものだのに、奈何して如彼美服が著てゐられるだらう。,Credo,MISSING,AlfonsoExili,MISSING,NULL,MISSING,nsubj,MISSING,leftover_source,
436,many-to-one,dn_459 dn_460,isk_602,"Credo che si debba trovar male, in finanze. Ma veste sempre bene.",工面が良くなささうなものだのに、奈何して如彼美服が著てゐられるだらう。,veste,著てゐられる,Ippolita,Ippolita,NULL,NULL,nsubj,nsubj,zero_zero_semantic,0.4897644876369408
436,many-to-one,dn_459 dn_460,isk_602,"Credo che si debba trovar male, in finanze. Ma veste sempre bene.",工面が良くなささうなものだのに、奈何して如彼美服が著てゐられるだらう。,debba trovar,MISSING,Ippolita,MISSING,NULL,MISSING,nsubj,MISSING,leftover_source,
437,one-to-one,dn_461,isk_603,"L'incontrai, circa due mesi fa, pel Babuino.",曩日バブヰノの通で過つたが、旣う二月にもなるかな。,incontrai,過つた,AlfonsoExili,AlfonsoExili,NULL,NULL,nsubj,nsubj,zero_zero_semantic,0.5234429764205759
437,one-to-one,dn_461,isk_603,"L'incontrai, circa due mesi fa, pel Babuino.",曩日バブヰノの通で過つたが、旣う二月にもなるかな。,MISSING,なる,MISSING,AlfonsoExili,MISSING,NULL,MISSING,nsubj,leftover_target,
437,one-to-one,dn_461,isk_603,"L'incontrai, circa due mesi fa, pel Babuino.",曩日バブヰノの通で過つたが、旣う二月にもなるかな。,L,MISSING,Ippolita,MISSING,PRON,MISSING,obj,MISSING,leftover_source,
438,one-to-one,dn_462,isk_604,Sai chi sarà forse il tuo successore?,君の後釜は誰だか見當が附いてるかい。,tuo,君,Giorgio,Giorgio,DET,PRON,nmod,nmod,explicit_ref_case,
438,one-to-one,dn_462,isk_604,Sai chi sarà forse il tuo successore?,君の後釜は誰だか見當が附いてるかい。,Sai,MISSING,Giorgio,MISSING,NULL,MISSING,nsubj,MISSING,leftover_source,
439,one-to-one,dn_463,isk_605,Quel Monti....,モンチと言つて…,Monti,モンチ,Monti,Monti,PROPN,PROPN,vocative,nsubj,explicit_ref_pos,
439,one-to-one,dn_463,isk_605,Quel Monti....,モンチと言つて…,MISSING,言つて,MISSING,Monti,MISSING,NULL,MISSING,nsubj,leftover_target,
440,one-to-one,dn_464,isk_606,Tu non lo devi conoscere:,いや君は知らない筈だ。,Tu,君,Giorgio,Giorgio,PRON,PRON,nsubj,nsubj,explicit_full,
440,one-to-one,dn_464,isk_606,Tu non lo devi conoscere:,いや君は知らない筈だ。,lo,MISSING,Monti,MISSING,PRON,MISSING,obj,MISSING,leftover_source,
441,one-to-one,dn_465,isk_607,"un mercante di campagna, un giovine alto, grosso, biondiccio.",その男はカムパニアの牙商でね、それは汚隠い頭髮のだぶだぶと胴體の大きな野郎だよ。,un mercante di campagna,カムパニアの牙商,Monti,Monti,NOUN,NOUN,pred,pred,explicit_full,
441,one-to-one,dn_465,isk_607,"un mercante di campagna, un giovine alto, grosso, biondiccio.",その男はカムパニアの牙商でね、それは汚隠い頭髮のだぶだぶと胴體の大きな野郎だよ。,"un giovine alto, grosso, biondiccio",汚隠い頭髮のだぶだぶと胴體の大きな野郎,Monti,Monti,NOUN,NOUN,pred,pred,explicit_full,
441,one-to-one,dn_465,isk_607,"un mercante di campagna, un giovine alto, grosso, biondiccio.",その男はカムパニアの牙商でね、それは汚隠い頭髮のだぶだぶと胴體の大きな野郎だよ。,MISSING,その男,MISSING,Monti,MISSING,NOUN,MISSING,nsubj,leftover_target,
441,one-to-one,dn_465,isk_607,"un mercante di campagna, un giovine alto, grosso, biondiccio.",その男はカムパニアの牙商でね、それは汚隠い頭髮のだぶだぶと胴體の大きな野郎だよ。,MISSING,それ,MISSING,Monti,MISSING,DET,MISSING,nsubj,leftover_target,
442,one-to-one,dn_466,isk_608,"Quel giorno appunto la seguiva, pel Babuino.",僕がバブヰノで遇つた時なぞも、其の野郎が君、てくてくと女の臂つぺた膠り著いて行くぢやないか。,MISSING,僕,MISSING,AlfonsoExili,MISSING,PRON,MISSING,nsubj,leftover_target,
442,one-to-one,dn_466,isk_608,"Quel giorno appunto la seguiva, pel Babuino.",僕がバブヰノで遇つた時なぞも、其の野郎が君、てくてくと女の臂つぺた膠り著いて行くぢやないか。,MISSING,君,MISSING,Giorgio,MISSING,PRON,MISSING,vocative,leftover_target,
442,one-to-one,dn_466,isk_608,"Quel giorno appunto la seguiva, pel Babuino.",僕がバブヰノで遇つた時なぞも、其の野郎が君、てくてくと女の臂つぺた膠り著いて行くぢやないか。,la,女,Ippolita,Ippolita,PRON,NOUN,obj,nsubj,explicit_ref_only,
442,one-to-one,dn_466,isk_608,"Quel giorno appunto la seguiva, pel Babuino.",僕がバブヰノで遇つた時なぞも、其の野郎が君、てくてくと女の臂つぺた膠り著いて行くぢやないか。,seguiva,著いて行くぢやない,Monti,Monti,NULL,NULL,nsubj,nsubj,zero_zero_single,
442,one-to-one,dn_466,isk_608,"Quel giorno appunto la seguiva, pel Babuino.",僕がバブヰノで遇つた時なぞも、其の野郎が君、てくてくと女の臂つぺた膠り著いて行くぢやないか。,MISSING,其の野郎,MISSING,Monti,MISSING,NOUN,MISSING,nsubj,leftover_target,
443,many-to-one,dn_467 dn_468,isk_609,"Tu sai: si vede sùbito, quando un uomo corre dietro a una donna....",男が女に附著いて行けや一目見て知れらね。…,Tu,MISSING,Giorgio,MISSING,PRON,MISSING,nsubj,MISSING,leftover_source,
444,one-to-one,dn_469,isk_610,Quel Monti ha molti quattrini.,那で金は有る。,Monti,MISSING,Monti,MISSING,PROPN,MISSING,nsubj,MISSING,leftover_source,
445,one-to-one,dn_470,isk_611,"Pronunciò l'ultima parola con un indefinibile accento, misto d'invidia e d'ingordigia, odioso.",後の方は可嫌しい物欲し氣な、可厭な可異な調子であつた。,Pronunciò,MISSING,AlfonsoExili,MISSING,NULL,MISSING,nsubj,MISSING,leftover_source,
446,one-to-one,dn_471,isk_612,"Poi bevve per la terza volta, senza far rumore.",又そうつと三杯目を仰飮けた。,bevve,仰飮けた,AlfonsoExili,AlfonsoExili,NULL,NULL,nsubj,nsubj,zero_zero_single,
447,one-to-many,dn_472,isk_613 isk_614,"Giorgio, dormi?",寢たかい。 ジォルジオ君。,Giorgio,ジォルジオ君,Giorgio,Giorgio,PROPN,PROPN,vocative,vocative,explicit_full,
447,one-to-many,dn_472,isk_613 isk_614,"Giorgio, dormi?",寢たかい。 ジォルジオ君。,dormi,寢た,Giorgio,Giorgio,NULL,NULL,nsubj,nsubj,zero_zero_single,
448,one-to-one,dn_473,isk_615,"Giorgio non rispose, fingendo di dormire, sebbene avesse tutto ascoltato.",寢入つた體を伴つて返辭しなかつた。,avesse,伴つて,Giorgio,Giorgio,NULL,NULL,nsubj,nsubj,zero_zero_semantic,0.6388816645940785
448,one-to-one,dn_473,isk_615,"Giorgio non rispose, fingendo di dormire, sebbene avesse tutto ascoltato.",寢入つた體を伴つて返辭しなかつた。,Giorgio,返辭しなかつた,Giorgio,Giorgio,PROPN,NULL,nsubj,nsubj,zero_to_src_anchor,
449,one-to-many,dn_474,isk_616 isk_617,Ma egli temeva che l'Exili udisse i battiti del cuore a traverso la coltre.,エキジリの言ふ事は殘らず聽いた。 若しか裘服の上から、動悸を見逃かされはせぬか、それだけ氣遺はれた。,l'Exili,エキジリ,AlfonsoExili,AlfonsoExili,PROPN,NOUN,nsubj,nmod,explicit_ref_only,
449,one-to-many,dn_474,isk_616 isk_617,Ma egli temeva che l'Exili udisse i battiti del cuore a traverso la coltre.,エキジリの言ふ事は殘らず聽いた。 若しか裘服の上から、動悸を見逃かされはせぬか、それだけ氣遺はれた。,MISSING,見逃かされはせぬ,MISSING,AlfonsoExili,MISSING,NULL,MISSING,nsubj,leftover_target,
449,one-to-many,dn_474,isk_616 isk_617,Ma egli temeva che l'Exili udisse i battiti del cuore a traverso la coltre.,エキジリの言ふ事は殘らず聽いた。 若しか裘服の上から、動悸を見逃かされはせぬか、それだけ氣遺はれた。,egli,聽いた,Giorgio,Giorgio,PRON,NULL,nsubj,nsubj,zero_to_src_anchor,
449,one-to-many,dn_474,isk_616 isk_617,Ma egli temeva che l'Exili udisse i battiti del cuore a traverso la coltre.,エキジリの言ふ事は殘らず聽いた。 若しか裘服の上から、動悸を見逃かされはせぬか、それだけ氣遺はれた。,MISSING,氣遺はれた,MISSING,Giorgio,MISSING,NULL,MISSING,nsubj,leftover_target,
450,one-to-one,dn_475,isk_618,Giorgio!,ジォルジオ君。,Giorgio,ジォルジオ君,Giorgio,Giorgio,PROPN,PROPN,vocative,vocative,explicit_full,
451,one-to-one,dn_476,isk_619,Egli finse di scuotersi da un dormiveglia.,故と驚かされたといふ風に跳起きて、,Egli,驚かされた,Giorgio,Giorgio,PRON,NULL,nsubj,nsubj,zero_to_src_anchor,
451,one-to-one,dn_476,isk_619,Egli finse di scuotersi da un dormiveglia.,故と驚かされたといふ風に跳起きて、,si,MISSING,Giorgio,MISSING,PRON-REFLEX,MISSING,obj,MISSING,leftover_source,
451,one-to-one,dn_476,isk_619,Egli finse di scuotersi da un dormiveglia.,故と驚かされたといふ風に跳起きて、,MISSING,跳起きて,MISSING,Giorgio,MISSING,NULL,MISSING,nsubj,leftover_target,
453,one-to-one,dn_478,isk_621,Sei ancóra qui?,尙だ居たのか。,Sei,居た,AlfonsoExili,AlfonsoExili,NULL,NULL,nsubj,nsubj,zero_zero_single,
454,one-to-one,dn_479,isk_622,Non te ne vai?,何をぐづぐづしてゐるんだ。,vai,ぐづぐづしてゐる,AlfonsoExili,AlfonsoExili,NULL,NULL,nsubj,nsubj,zero_zero_single,
454,one-to-one,dn_479,isk_622,Non te ne vai?,何をぐづぐづしてゐるんだ。,te,MISSING,AlfonsoExili,MISSING,PRON,MISSING,obj,MISSING,leftover_source,
455,one-to-one,dn_480,isk_623,Me ne vado,いいよ、今行くから…。,vado,行く,AlfonsoExili,AlfonsoExili,NULL,NULL,nsubj,nsubj,zero_zero_single,
455,one-to-one,dn_480,isk_623,Me ne vado,いいよ、今行くから…。,Me,MISSING,AlfonsoExili,MISSING,PRON,MISSING,obj,MISSING,leftover_source,
456,one-to-one,dn_481,isk_624,"fece l'Exili, avvicinandosi al letto.",寢臺へ近寄つたと思つたら、,l'Exili,近寄つた,AlfonsoExili,AlfonsoExili,PROPN,NULL,nsubj,nsubj,zero_to_src_anchor,
456,one-to-one,dn_481,isk_624,"fece l'Exili, avvicinandosi al letto.",寢臺へ近寄つたと思つたら、,si,MISSING,AlfonsoExili,MISSING,PRON-REFLEX,MISSING,obj,MISSING,leftover_source,
456,one-to-one,dn_481,isk_624,"fece l'Exili, avvicinandosi al letto.",寢臺へ近寄つたと思つたら、,MISSING,思つたら,MISSING,AlfonsoExili,MISSING,NULL,MISSING,nsubj,leftover_target,
457,one-to-one,dn_482,isk_625,Guarda qua:,おや、鼈甲の簪が…,Guarda,MISSING,Giorgio,MISSING,NULL,MISSING,nsubj,MISSING,leftover_source,
458,one-to-one,dn_483,isk_626,una forcina di tartaruga!,彼は絨毯の上に落ちてゐた簪を拾つた。,MISSING,彼,MISSING,AlfonsoExili,MISSING,PRON,MISSING,nsubj,leftover_target,
458,one-to-one,dn_483,isk_626,una forcina di tartaruga!,彼は絨毯の上に落ちてゐた簪を拾つた。,MISSING,拾つた,MISSING,AlfonsoExili,MISSING,NULL,MISSING,nsubj,leftover_target,
459,one-to-one,dn_484,isk_627,"Si chinò per raccoglierla, sul tappeto; la esaminò curiosamente; la posò su la coperta.",稀しさうに捻つて見て、敷布の上に載せた。,esaminò,捻つて見て,AlfonsoExili,AlfonsoExili,NULL,NULL,nsubj,nsubj,zero_zero_semantic,0.39865324808948344
459,one-to-one,dn_484,isk_627,"Si chinò per raccoglierla, sul tappeto; la esaminò curiosamente; la posò su la coperta.",稀しさうに捻つて見て、敷布の上に載せた。,posò,載せた,AlfonsoExili,AlfonsoExili,NULL,NULL,nsubj,nsubj,zero_zero_semantic,0.23481095210574138
459,one-to-one,dn_484,isk_627,"Si chinò per raccoglierla, sul tappeto; la esaminò curiosamente; la posò su la coperta.",稀しさうに捻つて見て、敷布の上に載せた。,Si,MISSING,AlfonsoExili,MISSING,PRON-REFLEX,MISSING,obj,MISSING,leftover_source,
459,one-to-one,dn_484,isk_627,"Si chinò per raccoglierla, sul tappeto; la esaminò curiosamente; la posò su la coperta.",稀しさうに捻つて見て、敷布の上に載せた。,chinò,MISSING,AlfonsoExili,MISSING,NULL,MISSING,nsubj,MISSING,leftover_source,
461,one-to-one,dn_486,isk_629,fece con quel suo tono ambiguo d'ironia e di adulazione.,此の聲も皮肉であつた。,suo,此の,AlfonsoExili,AlfonsoExili,DET,DET,nmod,nmod,explicit_full,
461,one-to-one,dn_486,isk_629,fece con quel suo tono ambiguo d'ironia e di adulazione.,此の聲も皮肉であつた。,fece,MISSING,AlfonsoExili,MISSING,NULL,MISSING,nsubj,MISSING,leftover_source,
463,one-to-one,dn_488,isk_632,Tese la mano; ma Giorgio non mosse la sua di sotto la coltre.,斯う言つて手を出したが、ジォルジオは庄被の下に引込めたまま出さなかつた。,Tese,手を出した,AlfonsoExili,AlfonsoExili,NULL,NULL,nsubj,nsubj,zero_zero_semantic,0.7389666727847524
463,one-to-one,dn_488,isk_632,Tese la mano; ma Giorgio non mosse la sua di sotto la coltre.,斯う言つて手を出したが、ジォルジオは庄被の下に引込めたまま出さなかつた。,MISSING,言つて,MISSING,AlfonsoExili,MISSING,NULL,MISSING,nsubj,leftover_target,
463,one-to-one,dn_488,isk_632,Tese la mano; ma Giorgio non mosse la sua di sotto la coltre.,斯う言つて手を出したが、ジォルジオは庄被の下に引込めたまま出さなかつた。,Giorgio,ジォルジオ,Giorgio,Giorgio,PROPN,PROPN,nsubj,nsubj,explicit_full,
463,one-to-one,dn_488,isk_632,Tese la mano; ma Giorgio non mosse la sua di sotto la coltre.,斯う言つて手を出したが、ジォルジオは庄被の下に引込めたまま出さなかつた。,sua,MISSING,Giorgio,MISSING,DET,MISSING,nmod,MISSING,leftover_source,
464,one-to-one,dn_489,isk_633,Il ciarlatore si rivolse alla porta.,饒舌家は扉の方へ向いた。,Il ciarlatore,饒舌家,AlfonsoExili,AlfonsoExili,NOUN,NOUN,nsubj,nsubj,explicit_full,
464,one-to-one,dn_489,isk_633,Il ciarlatore si rivolse alla porta.,饒舌家は扉の方へ向いた。,si,MISSING,AlfonsoExili,MISSING,PRON-REFLEX,MISSING,obj,MISSING,leftover_source,
465,one-to-one,dn_490,isk_634,Tu hai un cognac squisito.,コニァツクは飛切りだね。,Tu,MISSING,Giorgio,MISSING,PRON,MISSING,nsubj,MISSING,leftover_source,
466,one-to-one,dn_491,isk_635,Ne prendo un altro bicchierino.,もう一杯御馳走に成らう。,prendo,馳走に成らう,AlfonsoExili,AlfonsoExili,NULL,NULL,nsubj,nsubj,zero_zero_single,
467,one-to-many,dn_492,isk_636 isk_637,"Ribevve ed uscì, lasciando Giorgio nel letto ad assaporare il tossico.",又呷つてそれから出掛けた。 ジォルジオは牀の中て、身にしめて毒汁を味ひ味ひした。,Ribevve,呷つて,AlfonsoExili,AlfonsoExili,NULL,NULL,nsubj,nsubj,zero_zero_semantic,0.5373406374874787
467,one-to-many,dn_492,isk_636 isk_637,"Ribevve ed uscì, lasciando Giorgio nel letto ad assaporare il tossico.",又呷つてそれから出掛けた。 ジォルジオは牀の中て、身にしめて毒汁を味ひ味ひした。,uscì,出掛けた,AlfonsoExili,AlfonsoExili,NULL,NULL,nsubj,nsubj,zero_zero_semantic,0.4165433835088115
467,one-to-many,dn_492,isk_636 isk_637,"Ribevve ed uscì, lasciando Giorgio nel letto ad assaporare il tossico.",又呷つてそれから出掛けた。 ジォルジオは牀の中て、身にしめて毒汁を味ひ味ひした。,Giorgio,ジォルジオ,Giorgio,Giorgio,PROPN,PROPN,obj,nsubj,explicit_ref_pos,
467,one-to-many,dn_492,isk_636 isk_637,"Ribevve ed uscì, lasciando Giorgio nel letto ad assaporare il tossico.",又呷つてそれから出掛けた。 ジォルジオは牀の中て、身にしめて毒汁を味ひ味ひした。,MISSING,しめて,MISSING,Giorgio,MISSING,NULL,MISSING,nsubj,leftover_target,
469,one-to-one,dn_494,isk_639,Bisogna questa volta celebrarlo fuori di Roma,今度の祝賀は羅馬の外でしませうね。,MISSING,しませう,MISSING,Giorgio Ippolita,MISSING,NULL,MISSING,nsubj,leftover_target,
470,one-to-one,dn_495,isk_640,disse Ippolita.,イッポリイタが斯う言つた。,Ippolita,イッポリイタ,Ippolita,Ippolita,PROPN,PROPN,nsubj,nsubj,explicit_full,
471,one-to-many,dn_496,isk_641 isk_642,"Bisogna che noi passiamo una gran settimana d'amore, soli, dovunque, ma fuori di qui.",戀の大祭日なんだから、何處でもいいから二人限で祝はなくつちや… 併し羅馬でない處で、ね。,noi,二人,Giorgio Ippolita,Giorgio Ippolita,PRON,NOUN,nsubj,obj,explicit_ref_only,
471,one-to-many,dn_496,isk_641 isk_642,"Bisogna che noi passiamo una gran settimana d'amore, soli, dovunque, ma fuori di qui.",戀の大祭日なんだから、何處でもいいから二人限で祝はなくつちや… 併し羅馬でない處で、ね。,MISSING,祝はなくつち,MISSING,Giorgio Ippolita,MISSING,NULL,MISSING,nsubj,leftover_target,
472,one-to-one,dn_497,isk_643,Giorgio disse:,ジォルジオが訊く。,Giorgio,ジォルジオ,Giorgio,Giorgio,PROPN,PROPN,nsubj,nsubj,explicit_full,
473,one-to-one,dn_498,isk_644,"Ti ricordi, l'anno scorso, il primo anniversario?",去年第一回の記念祭のことを記えて居るか。,ricordi,記えて居る,Ippolita,Ippolita,NULL,NULL,nsubj,nsubj,zero_zero_single,
473,one-to-one,dn_498,isk_644,"Ti ricordi, l'anno scorso, il primo anniversario?",去年第一回の記念祭のことを記えて居るか。,Ti,MISSING,Ippolita,MISSING,PRON-REFLEX,MISSING,obj,MISSING,leftover_source,
474,one-to-one,dn_499,isk_645,Mi ricordo.,記えてますわ…。,ricordo,記えてます,Ippolita,Ippolita,NULL,NULL,nsubj,nsubj,zero_zero_single,
474,one-to-one,dn_499,isk_645,Mi ricordo.,記えてますわ…。,Mi,MISSING,Ippolita,MISSING,PRON-REFLEX,MISSING,obj,MISSING,leftover_source,
476,one-to-one,dn_501,isk_647,"Io venni da te, la mattina, alle dieci....",私朝の十時頃に貴郞のところへ來たでせう…。,te,貴郞,Giorgio,Giorgio,PRON,PRON,obj,nmod,explicit_ref_pos,
476,one-to-one,dn_501,isk_647,"Io venni da te, la mattina, alle dieci....",私朝の十時頃に貴郞のところへ來たでせう…。,Io,私,Ippolita,Ippolita,PRON,PRON,nsubj,nsubj,explicit_full,
477,one-to-many,dn_502,isk_648 isk_649,Tu avevi la piccola giacca inglese che mi piaceva tanto; avevi teco il libro delle preghiere....,その時お前小さな英古利風のジァケットを着て居たね、佳かつたぜ。 祈禱文の書を提げて…。,mi,MISSING,Giorgio,MISSING,PRON,MISSING,obj,MISSING,leftover_source,
477,one-to-many,dn_502,isk_648 isk_649,Tu avevi la piccola giacca inglese che mi piaceva tanto; avevi teco il libro delle preghiere....,その時お前小さな英古利風のジァケットを着て居たね、佳かつたぜ。 祈禱文の書を提げて…。,Tu,お前,Ippolita,Ippolita,PRON,PRON,nsubj,nsubj,explicit_full,
477,one-to-many,dn_502,isk_648 isk_649,Tu avevi la piccola giacca inglese che mi piaceva tanto; avevi teco il libro delle preghiere....,その時お前小さな英古利風のジァケットを着て居たね、佳かつたぜ。 祈禱文の書を提げて…。,avevi,提げて,Ippolita,Ippolita,NULL,NULL,nsubj,nsubj,zero_zero_semantic,0.16290707424992606
477,one-to-many,dn_502,isk_648 isk_649,Tu avevi la piccola giacca inglese che mi piaceva tanto; avevi teco il libro delle preghiere....,その時お前小さな英古利風のジァケットを着て居たね、佳かつたぜ。 祈禱文の書を提げて…。,teco,MISSING,Ippolita,MISSING,PRON,MISSING,obj,MISSING,leftover_source,
477,one-to-many,dn_502,isk_648 isk_649,Tu avevi la piccola giacca inglese che mi piaceva tanto; avevi teco il libro delle preghiere....,その時お前小さな英古利風のジァケットを着て居たね、佳かつたぜ。 祈禱文の書を提げて…。,MISSING,着て居た,MISSING,Ippolita,MISSING,NULL,MISSING,nsubj,leftover_target,
478,one-to-one,dn_503,isk_650,"Non andai alla messa, quella mattina!...",その朝彌撒に出るのも忘れて…。,Non andai,忘れて,Ippolita,Ippolita,NULL,NULL,nsubj,nsubj,zero_zero_single,
479,one-to-one,dn_504,isk_651,Avevi però tanta fretta....,莫迦に急いでたぢやないか。,Avevi,急いでた,Ippolita,Ippolita,NULL,NULL,nsubj,nsubj,zero_zero_single,
480,one-to-one,dn_505,isk_652,Ero quasi fuggita di casa.,私飛ぶやうにして那家を出ましたわ。,Ero,出ました,Ippolita,Ippolita,NULL,NULL,nsubj,nsubj,zero_zero_single,
480,one-to-one,dn_505,isk_652,Ero quasi fuggita di casa.,私飛ぶやうにして那家を出ましたわ。,MISSING,私,MISSING,Ippolita,MISSING,PRON,MISSING,nsubj,leftover_target,
481,many-to-one,dn_506 dn_507,isk_653,"Tu sai: di festa, non mi lasciavano mai sola.",お祭の日は一分でも自分の時間のなかつたこと貴郞知つてらしつてね。,Tu,貴郞,Giorgio,Giorgio,PRON,NOUN,nsubj,nsubj,explicit_ref_case,
481,many-to-one,dn_506 dn_507,isk_653,"Tu sai: di festa, non mi lasciavano mai sola.",お祭の日は一分でも自分の時間のなかつたこと貴郞知つてらしつてね。,mi,自分,Ippolita,Ippolita,PRON,NOUN,obj,nmod,explicit_ref_only,
481,many-to-one,dn_506 dn_507,isk_653,"Tu sai: di festa, non mi lasciavano mai sola.",お祭の日は一分でも自分の時間のなかつたこと貴郞知つてらしつてね。,lasciavano,MISSING,Ippolitas-family,MISSING,NULL,MISSING,nsubj,MISSING,leftover_source,
482,one-to-one,dn_508,isk_654,"Eppure, rimasi con te fino a mezzogiorno.",でも奈何にか斯うにかお晝まで御一緒にに居られたわね。,te,MISSING,Giorgio,MISSING,PRON,MISSING,obj,MISSING,leftover_source,
482,one-to-one,dn_508,isk_654,"Eppure, rimasi con te fino a mezzogiorno.",でも奈何にか斯うにかお晝まで御一緒にに居られたわね。,rimasi,居られた,Ippolita,Ippolita,NULL,NULL,nsubj,nsubj,zero_zero_single,
483,one-to-one,dn_509,isk_655,"E avevamo gente a colazione, quella mattina!...",その朝は御飯の時からお客だつたのよ。,avevamo,MISSING,Ippolita Ippolitas-family,MISSING,NULL,MISSING,nsubj,MISSING,leftover_source,
484,one-to-one,dn_510,isk_656,"Dopo, in tutto il giorno, non ci vedemmo più!",午後は到頭顏も合さず終ひだつた。,ci,MISSING,Giorgio Ippolita,MISSING,PRON-REFLEX,MISSING,obj,MISSING,leftover_source,
484,one-to-one,dn_510,isk_656,"Dopo, in tutto il giorno, non ci vedemmo più!",午後は到頭顏も合さず終ひだつた。,vedemmo,MISSING,Giorgio Ippolita,MISSING,NULL,MISSING,nsubj,MISSING,leftover_source,
488,one-to-one,dn_514,isk_660,"E tutti quei tuoi fiori, nella stanza....",貴郞の室は花の林のやうにね…。,tuoi,貴郞,Giorgio,Giorgio,DET,NOUN,nmod,nmod,explicit_ref_case,
489,one-to-one,dn_515,isk_661,"Ero uscito di casa io stesso, per tempo; avevo comprata l'intera piazza di Spagna....",俺も那の朝ちよつと出掛けて、ビァッツァ・ヂ・スハニを買切つて了つた。,io stesso,俺,Giorgio,Giorgio,PRON,PRON,nsubj,nsubj,explicit_full,
489,one-to-one,dn_515,isk_661,"Ero uscito di casa io stesso, per tempo; avevo comprata l'intera piazza di Spagna....",俺も那の朝ちよつと出掛けて、ビァッツァ・ヂ・スハニを買切つて了つた。,Ero,出掛けて,Giorgio,Giorgio,NULL,NULL,nsubj,nsubj,zero_zero_semantic,0.40156765106846304
489,one-to-one,dn_515,isk_661,"Ero uscito di casa io stesso, per tempo; avevo comprata l'intera piazza di Spagna....",俺も那の朝ちよつと出掛けて、ビァッツァ・ヂ・スハニを買切つて了つた。,avevo,買切つて了つた,Giorgio,Giorgio,NULL,NULL,nsubj,nsubj,zero_zero_semantic,0.4762689604040454
490,one-to-one,dn_516 dn_517,isk_662 isk_663,"Mi gettasti addosso una quantità di rose sfogliate, mi mettesti tante foglie nel collo, dentro le maniche.... Ti ricordi?",貴郎は蓄薇の葉を幾掴みも私にお撒きなすつたわね。 頸筋から袖の下まで幾片となく投り込んでさ。,mettesti,投り込んで,Giorgio,Giorgio,NULL,NULL,nsubj,nsubj,zero_zero_semantic,0.3435385563307338
490,one-to-one,dn_516 dn_517,isk_662 isk_663,"Mi gettasti addosso una quantità di rose sfogliate, mi mettesti tante foglie nel collo, dentro le maniche.... Ti ricordi?",貴郎は蓄薇の葉を幾掴みも私にお撒きなすつたわね。 頸筋から袖の下まで幾片となく投り込んでさ。,gettasti,貴郎,Giorgio,Giorgio,NULL,NOUN,nsubj,nsubj,zero_to_tgt_anchor,
490,one-to-one,dn_516 dn_517,isk_662 isk_663,"Mi gettasti addosso una quantità di rose sfogliate, mi mettesti tante foglie nel collo, dentro le maniche.... Ti ricordi?",貴郎は蓄薇の葉を幾掴みも私にお撒きなすつたわね。 頸筋から袖の下まで幾片となく投り込んでさ。,Ti,MISSING,Giorgio,MISSING,PRON-REFLEX,MISSING,obj,MISSING,leftover_source,
490,one-to-one,dn_516 dn_517,isk_662 isk_663,"Mi gettasti addosso una quantità di rose sfogliate, mi mettesti tante foglie nel collo, dentro le maniche.... Ti ricordi?",貴郎は蓄薇の葉を幾掴みも私にお撒きなすつたわね。 頸筋から袖の下まで幾片となく投り込んでさ。,ricordi,MISSING,Giorgio,MISSING,NULL,MISSING,nsubj,MISSING,leftover_source,
490,one-to-one,dn_516 dn_517,isk_662 isk_663,"Mi gettasti addosso una quantità di rose sfogliate, mi mettesti tante foglie nel collo, dentro le maniche.... Ti ricordi?",貴郎は蓄薇の葉を幾掴みも私にお撒きなすつたわね。 頸筋から袖の下まで幾片となく投り込んでさ。,Mi,私,Ippolita,Ippolita,PRON,PRON,obj,obj,explicit_full,
490,one-to-one,dn_516 dn_517,isk_662 isk_663,"Mi gettasti addosso una quantità di rose sfogliate, mi mettesti tante foglie nel collo, dentro le maniche.... Ti ricordi?",貴郎は蓄薇の葉を幾掴みも私にお撒きなすつたわね。 頸筋から袖の下まで幾片となく投り込んでさ。,mi,MISSING,Ippolita,MISSING,PRON,MISSING,obj,MISSING,leftover_source,
491,one-to-one,dn_518,isk_664,Mi ricordo.,然うだ然うだ。,Mi,MISSING,Giorgio,MISSING,PRON-REFLEX,MISSING,obj,MISSING,leftover_source,
491,one-to-one,dn_518,isk_664,Mi ricordo.,然うだ然うだ。,ricordo,MISSING,Giorgio,MISSING,NULL,MISSING,nsubj,MISSING,leftover_source,
492,one-to-one,dn_519,isk_665,"Poi a casa, quando mi spogliai, le ritrovai tutte....",宿へ歸つて着物を脫ぐと、皆紛々と翻れ出すぢやありませんか…。,spogliai,脫ぐ,Ippolita,Ippolita,NULL,NULL,nsubj,nsubj,zero_zero_semantic,0.2926072115418296
492,one-to-one,dn_519,isk_665,"Poi a casa, quando mi spogliai, le ritrovai tutte....",宿へ歸つて着物を脫ぐと、皆紛々と翻れ出すぢやありませんか…。,ritrovai,歸つて,Ippolita,Ippolita,NULL,NULL,nsubj,nsubj,zero_zero_semantic,0.4759237357842847
492,one-to-one,dn_519,isk_665,"Poi a casa, quando mi spogliai, le ritrovai tutte....",宿へ歸つて着物を脫ぐと、皆紛々と翻れ出すぢやありませんか…。,mi,MISSING,Ippolita,MISSING,PRON-REFLEX,MISSING,obj,MISSING,leftover_source,
492,one-to-one,dn_519,isk_665,"Poi a casa, quando mi spogliai, le ritrovai tutte....",宿へ歸つて着物を脫ぐと、皆紛々と翻れ出すぢやありませんか…。,MISSING,翻れ出すぢやありません,MISSING,Ippolita,MISSING,NULL,MISSING,nsubj,leftover_target,
493,one-to-one,dn_520,isk_666,Ella sorrise.,嫣と女は笑つた。,Ella,女,Ippolita,Ippolita,PRON,NOUN,nsubj,nsubj,explicit_ref_case,
494,one-to-one,dn_521,isk_667,"E mio marito, quando rientrai, scoperse una foglia sul mio cappellino, in una piega del merletto!",歸るとあなた、帽子や著物の襞に附着いてたのが見附かつちやつたんですもの。,rientrai,見附かつちやつた,Ippolita,Ippolita,NULL,NULL,nsubj,nsubj,zero_zero_semantic,0.3973448449939933
494,one-to-one,dn_521,isk_667,"E mio marito, quando rientrai, scoperse una foglia sul mio cappellino, in una piega del merletto!",歸るとあなた、帽子や著物の襞に附着いてたのが見附かつちやつたんですもの。,mio,MISSING,Ippolita,MISSING,DET,MISSING,nmod,MISSING,leftover_source,
494,one-to-one,dn_521,isk_667,"E mio marito, quando rientrai, scoperse una foglia sul mio cappellino, in una piega del merletto!",歸るとあなた、帽子や著物の襞に附着いてたのが見附かつちやつたんですもの。,MISSING,歸る,MISSING,Ippolita,MISSING,NULL,MISSING,nsubj,leftover_target,
494,one-to-one,dn_521,isk_667,"E mio marito, quando rientrai, scoperse una foglia sul mio cappellino, in una piega del merletto!",歸るとあなた、帽子や著物の襞に附着いてたのが見附かつちやつたんですもの。,mio marito,あなた,Ippolitas-husband,Ippolitas-husband,NOUN,PRON,nsubj,nsubj,explicit_ref_case,
495,one-to-many,dn_522,isk_668 isk_669,Me lo dicesti.,ふむ。 その話は聽いた。,Me,MISSING,Giorgio,MISSING,PRON,MISSING,obj,MISSING,leftover_source,
495,one-to-many,dn_522,isk_668 isk_669,Me lo dicesti.,ふむ。 その話は聽いた。,MISSING,聽いた,MISSING,Giorgio,MISSING,NULL,MISSING,nsubj,leftover_target,
495,one-to-many,dn_522,isk_668 isk_669,Me lo dicesti.,ふむ。 その話は聽いた。,dicesti,MISSING,Ippolita,MISSING,NULL,MISSING,nsubj,MISSING,leftover_source,
496,one-to-many,dn_523,isk_670 isk_671,"Non uscii più di casa, quel giorno; non volli più uscire.",その日は其限外へ出なかつたの。 出掛ける氣になれなかつたのですもの。,uscii,出なかつた,Ippolita,Ippolita,NULL,NULL,nsubj,nsubj,zero_zero_semantic,0.20797447403937436
496,one-to-many,dn_523,isk_670 isk_671,"Non uscii più di casa, quel giorno; non volli più uscire.",その日は其限外へ出なかつたの。 出掛ける氣になれなかつたのですもの。,volli,出掛ける氣になれなかつた,Ippolita,Ippolita,NULL,NULL,nsubj,nsubj,zero_zero_semantic,0.3699182319607841
497,one-to-one,dn_524,isk_672,"Ripensai, ripensai....",考へて考へ拔いたの。…,Ripensai,考へて,Ippolita,Ippolita,NULL,NULL,nsubj,nsubj,zero_zero_semantic,0.09958343952894211
497,one-to-one,dn_524,isk_672,"Ripensai, ripensai....",考へて考へ拔いたの。…,ripensai,考へ拔いた,Ippolita,Ippolita,NULL,NULL,nsubj,nsubj,zero_zero_semantic,0.2595630504868247
499,one-to-one,dn_526,isk_675,"Poi, dopo un intervallo di silenzio pensoso:",一寸沈んでまた女は、,MISSING,沈んで,MISSING,Ippolita,MISSING,NULL,MISSING,nsubj,leftover_target,
499,one-to-one,dn_526,isk_675,"Poi, dopo un intervallo di silenzio pensoso:",一寸沈んでまた女は、,MISSING,女,MISSING,Ippolita,MISSING,NOUN,MISSING,nsubj,leftover_target,
500,one-to-one,dn_527,isk_676,"Credevi tu, in cuor tuo, che saremmo giunti al secondo?",二回目の記念日が來ようといふととは、貴郞には初めから分つて？,tu,貴郞,Giorgio,Giorgio,PRON,PRON,nsubj,obj,explicit_ref_pos,
500,one-to-one,dn_527,isk_676,"Credevi tu, in cuor tuo, che saremmo giunti al secondo?",二回目の記念日が來ようといふととは、貴郞には初めから分つて？,tuo,MISSING,Giorgio,MISSING,DET,MISSING,nmod,MISSING,leftover_source,
500,one-to-one,dn_527,isk_676,"Credevi tu, in cuor tuo, che saremmo giunti al secondo?",二回目の記念日が來ようといふととは、貴郞には初めから分つて？,saremmo giunti,MISSING,Giorgio Ippolita,MISSING,NULL,MISSING,nsubj,MISSING,leftover_source,
501,one-to-many,dn_528,isk_677 isk_678,"Io, no.",俺？ いんにや。,Io,俺,Giorgio,Giorgio,PRON,PRON,nsubj,nsubj,explicit_full,
502,one-to-one,dn_529,isk_679,"Io, neppure.",私だつて。,Io,私,Ippolita,Ippolita,PRON,PRON,nsubj,nsubj,explicit_full,
503,one-to-one,dn_530,isk_681,Giorgio pensò:,とジォルジオは心に思つた。,Giorgio,ジォルジオ,Giorgio,Giorgio,PROPN,PROPN,nsubj,nsubj,explicit_full,
505,one-to-many,dn_532,isk_682 isk_683,"Pensò anche al ricordato marito, senza odio; anzi con una specie di benevolenza compassionevole.",それからイッポリイタの先夫のことを考へて見だが、それには嫉妬は起らなかつた。 寧ろ闊い心で同情するといふ心持であつた。,Pensò,同情する,Giorgio,Giorgio,NULL,NULL,nsubj,nsubj,zero_zero_semantic,0.4807979104847744
505,one-to-many,dn_532,isk_682 isk_683,"Pensò anche al ricordato marito, senza odio; anzi con una specie di benevolenza compassionevole.",それからイッポリイタの先夫のことを考へて見だが、それには嫉妬は起らなかつた。 寧ろ闊い心で同情するといふ心持であつた。,MISSING,考へて見だ,MISSING,Giorgio,MISSING,NULL,MISSING,nsubj,leftover_target,
505,one-to-many,dn_532,isk_682 isk_683,"Pensò anche al ricordato marito, senza odio; anzi con una specie di benevolenza compassionevole.",それからイッポリイタの先夫のことを考へて見だが、それには嫉妬は起らなかつた。 寧ろ闊い心で同情するといふ心持であつた。,MISSING,であつた,MISSING,Giorgio,MISSING,NULL,MISSING,nsubj,leftover_target,
505,one-to-many,dn_532,isk_682 isk_683,"Pensò anche al ricordato marito, senza odio; anzi con una specie di benevolenza compassionevole.",それからイッポリイタの先夫のことを考へて見だが、それには嫉妬は起らなかつた。 寧ろ闊い心で同情するといふ心持であつた。,MISSING,イッポリイタ,MISSING,Ippolita,MISSING,PROPN,MISSING,nmod,leftover_target,
505,one-to-many,dn_532,isk_682 isk_683,"Pensò anche al ricordato marito, senza odio; anzi con una specie di benevolenza compassionevole.",それからイッポリイタの先夫のことを考へて見だが、それには嫉妬は起らなかつた。 寧ろ闊い心で同情するといふ心持であつた。,marito,先夫,Ippolitas-husband,Ippolitas-husband,NOUN,NOUN,obj,nmod,explicit_ref_pos,
506,one-to-one,dn_533,isk_684,Ella ora è libera.,今は立派に離緣された女だ。,è,だ,Ippolita,Ippolita,NULL,NULL,nsubj,nsubj,zero_zero_single,
506,one-to-one,dn_533,isk_684,Ella ora è libera.,今は立派に離緣された女だ。,Ella,MISSING,Ippolita,MISSING,PRON,MISSING,nsubj,MISSING,leftover_source,
507,one-to-one,dn_534,isk_685,Ma perché io sono ora più inquieto che allora?,それに奈何して斯う不安が募るだらう。,io,MISSING,Giorgio,MISSING,PRON,MISSING,nsubj,MISSING,leftover_source,
508,one-to-one,dn_535,isk_686,Quel marito era per me come un'assicurazione.,反つて亭主が在つて呉れた方が、保障に成つて可いに。,me,MISSING,Giorgio,MISSING,PRON,MISSING,obj,MISSING,leftover_source,
508,one-to-one,dn_535,isk_686,Quel marito era per me come un'assicurazione.,反つて亭主が在つて呉れた方が、保障に成つて可いに。,Quel marito,亭主,Ippolitas-husband,Ippolitas-husband,NOUN,NOUN,nsubj,nsubj,explicit_full,
508,one-to-one,dn_535,isk_686,Quel marito era per me come un'assicurazione.,反つて亭主が在つて呉れた方が、保障に成つて可いに。,MISSING,成つて,MISSING,Ippolitas-husband,MISSING,NULL,MISSING,nsubj,leftover_target,
509,one-to-one,dn_536,isk_687,Mi pareva ch'egli custodisse la mia amante contro ogni pericolo.,夫が在れば、番人の格で、凡ての危險から女を警衞して貰へる譯だのに…,Mi,MISSING,Giorgio,MISSING,PRON,MISSING,obj,MISSING,leftover_source,
509,one-to-one,dn_536,isk_687,Mi pareva ch'egli custodisse la mia amante contro ogni pericolo.,夫が在れば、番人の格で、凡ての危險から女を警衞して貰へる譯だのに…,mia,MISSING,Giorgio,MISSING,DET,MISSING,nmod,MISSING,leftover_source,
509,one-to-one,dn_536,isk_687,Mi pareva ch'egli custodisse la mia amante contro ogni pericolo.,夫が在れば、番人の格で、凡ての危險から女を警衞して貰へる譯だのに…,MISSING,女,MISSING,Ippolita,MISSING,NOUN,MISSING,obj,leftover_target,
509,one-to-one,dn_536,isk_687,Mi pareva ch'egli custodisse la mia amante contro ogni pericolo.,夫が在れば、番人の格で、凡ての危險から女を警衞して貰へる譯だのに…,egli,夫,Ippolitas-husband,Ippolitas-husband,PRON,NOUN,nsubj,nsubj,explicit_ref_case,
509,one-to-one,dn_536,isk_687,Mi pareva ch'egli custodisse la mia amante contro ogni pericolo.,夫が在れば、番人の格で、凡ての危險から女を警衞して貰へる譯だのに…,MISSING,警衞して貰へる,MISSING,Ippolitas-husband,MISSING,NULL,MISSING,nsubj,leftover_target,
510,one-to-one,dn_537,isk_688,Forse m'illudo.,と言つた處で、それも幻影かも知れない。,m,MISSING,Giorgio,MISSING,PRON-REFLEX,MISSING,obj,MISSING,leftover_source,
510,one-to-one,dn_537,isk_688,Forse m'illudo.,と言つた處で、それも幻影かも知れない。,illudo,MISSING,Giorgio,MISSING,NULL,MISSING,nsubj,MISSING,leftover_source,
511,one-to-one,dn_538,isk_689,"Io soffrivo molto, anche allora.",夫が有れば有るで又氣が揉める。,Io,MISSING,Giorgio,MISSING,PRON,MISSING,nsubj,MISSING,leftover_source,
511,one-to-one,dn_538,isk_689,"Io soffrivo molto, anche allora.",夫が有れば有るで又氣が揉める。,MISSING,夫,MISSING,Ippolitas-husband,MISSING,NOUN,MISSING,nsubj,leftover_target,
513,one-to-one,dn_540,isk_691,"Seguendo il suo pensiero, egli non ascoltava le parole d'Ippolita.",自分の考想ばなりを追掛けて、イッポリイタに耳は貸して居なかつた。,suo,自分,Giorgio,Giorgio,DET,PRON,nmod,nmod,explicit_ref_case,
513,one-to-one,dn_540,isk_691,"Seguendo il suo pensiero, egli non ascoltava le parole d'Ippolita.",自分の考想ばなりを追掛けて、イッポリイタに耳は貸して居なかつた。,egli,追掛けて,Giorgio,Giorgio,PRON,NULL,nsubj,nsubj,zero_to_src_anchor,
513,one-to-one,dn_540,isk_691,"Seguendo il suo pensiero, egli non ascoltava le parole d'Ippolita.",自分の考想ばなりを追掛けて、イッポリイタに耳は貸して居なかつた。,MISSING,貸して居なかつた,MISSING,Giorgio,MISSING,NULL,MISSING,nsubj,leftover_target,
513,one-to-one,dn_540,isk_691,"Seguendo il suo pensiero, egli non ascoltava le parole d'Ippolita.",自分の考想ばなりを追掛けて、イッポリイタに耳は貸して居なかつた。,Ippolita,イッポリイタ,Ippolita,Ippolita,PROPN,PROPN,nmod,obj,explicit_ref_pos,
514,one-to-one,dn_541,isk_692,Ella diceva:,ねえ貴郞。,MISSING,貴郞,MISSING,Giorgio,MISSING,PRON,MISSING,vocative,leftover_target,
514,one-to-one,dn_541,isk_692,Ella diceva:,ねえ貴郞。,Ella,MISSING,Ippolita,MISSING,PRON,MISSING,nsubj,MISSING,leftover_source,
515,one-to-one,dn_542,isk_693,"Dunque, dove andremo?",ぢや何處へ行きませう。,andremo,行きませう,Giorgio Ippolita,Giorgio Ippolita,NULL,NULL,nsubj,nsubj,zero_zero_single,
516,one-to-one,dn_543,isk_694,Bisogna decidere.,何處か見立てなくちやならないわ。,MISSING,見立てなくちやならない,MISSING,Giorgio Ippolita,MISSING,NULL,MISSING,nsubj,leftover_target,
518,one-to-one,dn_545,isk_696,Io ho già detto a mia madre:,私お母さんに旣う然言つて遣つたわ。,Io,私,Ippolita,Ippolita,PRON,PRON,nsubj,nsubj,explicit_full,
518,one-to-one,dn_545,isk_696,Io ho già detto a mia madre:,私お母さんに旣う然言つて遣つたわ。,mia,MISSING,Ippolita,MISSING,NOUN,MISSING,nmod,MISSING,leftover_source,
518,one-to-one,dn_545,isk_696,Io ho già detto a mia madre:,私お母さんに旣う然言つて遣つたわ。,madre,お母さん,Ippolitas-mother,Ippolitas-mother,NOUN,NOUN,obj,obj,explicit_full,
519,one-to-many,dn_546,isk_697 isk_698,"Sai, mamma; uno di questi giorni vado via.",―此のいつ頃に、每もの通りちよつと旅行をして來ますから つて。,vado via,旅行をして來ます,Ippolita,Ippolita,NULL,NULL,nsubj,nsubj,zero_zero_single,
519,one-to-many,dn_546,isk_697 isk_698,"Sai, mamma; uno di questi giorni vado via.",―此のいつ頃に、每もの通りちよつと旅行をして來ますから つて。,Sai,MISSING,Ippolitas-mother,MISSING,NULL,MISSING,nsubj,MISSING,leftover_source,
519,one-to-many,dn_546,isk_697 isk_698,"Sai, mamma; uno di questi giorni vado via.",―此のいつ頃に、每もの通りちよつと旅行をして來ますから つて。,mamma,MISSING,Ippolitas-mother,MISSING,NOUN,MISSING,vocative,MISSING,leftover_source,
520,one-to-one,dn_547,isk_699,La sto preparando.,出掛けるなら出掛けるで、お母さんへ其の積りにしなければならない。,sto preparando,出掛けるで,Ippolita,Ippolita,NULL,NULL,nsubj,nsubj,zero_zero_semantic,0.4793245444695155
520,one-to-one,dn_547,isk_699,La sto preparando.,出掛けるなら出掛けるで、お母さんへ其の積りにしなければならない。,MISSING,出掛けるなら,MISSING,Ippolita,MISSING,NULL,MISSING,nsubj,leftover_target,
520,one-to-one,dn_547,isk_699,La sto preparando.,出掛けるなら出掛けるで、お母さんへ其の積りにしなければならない。,MISSING,しなければならない,MISSING,Ippolita,MISSING,NULL,MISSING,nsubj,leftover_target,
520,one-to-one,dn_547,isk_699,La sto preparando.,出掛けるなら出掛けるで、お母さんへ其の積りにしなければならない。,La,お母さん,Ippolitas-mother,Ippolitas-mother,PRON,NOUN,obj,obj,explicit_ref_case,
521,one-to-one,dn_548,isk_701,Le inventerò qualche favola credibile.,立派に託辭があるから。,inventerò,託辭がある,Ippolita,Ippolita,NULL,NULL,nsubj,nsubj,zero_zero_single,
521,one-to-one,dn_548,isk_701,Le inventerò qualche favola credibile.,立派に託辭があるから。,Le,MISSING,Ippolitas-mother,MISSING,PRON,MISSING,obj,MISSING,leftover_source,
522,one-to-one,dn_549,isk_702,Lascia fare.,まあ私に任しといて頂戴な。,Lascia fare,任しといて,Giorgio,Giorgio,NULL,NULL,nsubj,nsubj,zero_zero_single,
522,one-to-one,dn_549,isk_702,Lascia fare.,まあ私に任しといて頂戴な。,MISSING,私,MISSING,Ippolita,MISSING,PRON,MISSING,obj,leftover_target,
523,one-to-one,dn_550,isk_703,Ella parlava lieta; sorrideva.,快活に話して笑み傾けた。,sorrideva,笑み傾けた,Ippolita,Ippolita,NULL,NULL,nsubj,nsubj,zero_zero_semantic,0.2065733050306638
523,one-to-one,dn_550,isk_703,Ella parlava lieta; sorrideva.,快活に話して笑み傾けた。,Ella,話して,Ippolita,Ippolita,PRON,NULL,nsubj,nsubj,zero_to_src_anchor,
524,one-to-many,dn_551,isk_704 isk_705 isk_706,"Ed egli credè scoprire in quel sorriso, onde s'illustravano le ultime parole, la spontanea compiacenza che la donna prova nell'ordire un qualunque inganno.",其の輝かしい微笑は、自分に任して置けと言ふと同時に閃いた。 其處に一種の滿足が見られた。 ―或る虛構を企む時に、孰の女も感ずる本能的の滿足がそれだ。,egli,MISSING,Giorgio,MISSING,PRON,MISSING,nsubj,MISSING,leftover_source,
524,one-to-many,dn_551,isk_704 isk_705 isk_706,"Ed egli credè scoprire in quel sorriso, onde s'illustravano le ultime parole, la spontanea compiacenza che la donna prova nell'ordire un qualunque inganno.",其の輝かしい微笑は、自分に任して置けと言ふと同時に閃いた。 其處に一種の滿足が見られた。 ―或る虛構を企む時に、孰の女も感ずる本能的の滿足がそれだ。,quel,自分,Ippolita,Ippolita,PRON,PRON,obj,obj,explicit_full,
524,one-to-many,dn_551,isk_704 isk_705 isk_706,"Ed egli credè scoprire in quel sorriso, onde s'illustravano le ultime parole, la spontanea compiacenza che la donna prova nell'ordire un qualunque inganno.",其の輝かしい微笑は、自分に任して置けと言ふと同時に閃いた。 其處に一種の滿足が見られた。 ―或る虛構を企む時に、孰の女も感ずる本能的の滿足がそれだ。,MISSING,言ふ,MISSING,Ippolita,MISSING,NULL,MISSING,nsubj,leftover_target,
524,one-to-many,dn_551,isk_704 isk_705 isk_706,"Ed egli credè scoprire in quel sorriso, onde s'illustravano le ultime parole, la spontanea compiacenza che la donna prova nell'ordire un qualunque inganno.",其の輝かしい微笑は、自分に任して置けと言ふと同時に閃いた。 其處に一種の滿足が見られた。 ―或る虛構を企む時に、孰の女も感ずる本能的の滿足がそれだ。,MISSING,閃いた,MISSING,Ippolita,MISSING,NULL,MISSING,nsubj,leftover_target,
525,one-to-one,dn_552,isk_707,Gli spiacque la facilità con cui ella poteva ingannare la madre.,無造作に母を騙し果せるといふことが、ジォルジオを可忌な氣にさせた。,Gli,ジォルジオ,Giorgio,Giorgio,PRON,PROPN,obj,obj,explicit_ref_case,
525,one-to-one,dn_552,isk_707,Gli spiacque la facilità con cui ella poteva ingannare la madre.,無造作に母を騙し果せるといふことが、ジォルジオを可忌な氣にさせた。,ella,騙し果せる,Ippolita,Ippolita,PRON,NULL,nsubj,nsubj,zero_to_src_anchor,
525,one-to-one,dn_552,isk_707,Gli spiacque la facilità con cui ella poteva ingannare la madre.,無造作に母を騙し果せるといふことが、ジォルジオを可忌な氣にさせた。,MISSING,氣にさせた,MISSING,Ippolita,MISSING,NULL,MISSING,nsubj,leftover_target,
525,one-to-one,dn_552,isk_707,Gli spiacque la facilità con cui ella poteva ingannare la madre.,無造作に母を騙し果せるといふことが、ジォルジオを可忌な氣にさせた。,la madre,母,Ippolitas-mother,Ippolitas-mother,NOUN,NOUN,obj,obj,explicit_full,
526,one-to-one,dn_553,isk_708,"Ripensò ancóra, con un senso di rimpianto, la vigilanza del marito.",又しても「夫の警護」といふことが思ひ出される。,Ripensò,MISSING,Giorgio,MISSING,NULL,MISSING,nsubj,MISSING,leftover_source,
526,one-to-one,dn_553,isk_708,"Ripensò ancóra, con un senso di rimpianto, la vigilanza del marito.",又しても「夫の警護」といふことが思ひ出される。,marito,夫,Ippolitas-husband,Ippolitas-husband,NOUN,NOUN,nmod,nmod,explicit_full,
527,one-to-many,dn_554,isk_709 isk_710 isk_711,"Perché io soffro tanto, di questa sua libertà che pure è al servigio del mio piacere?",―幾らか惜しいやうな氣もせぬではない。 此の自由のために、反つて這麼苦悶をする譯が解らない。 自由は歡樂の條件だ、と思つたのは誤りだ。,io,氣もせぬではない,Giorgio,Giorgio,PRON,NULL,nsubj,nsubj,zero_to_src_anchor,
527,one-to-many,dn_554,isk_709 isk_710 isk_711,"Perché io soffro tanto, di questa sua libertà che pure è al servigio del mio piacere?",―幾らか惜しいやうな氣もせぬではない。 此の自由のために、反つて這麼苦悶をする譯が解らない。 自由は歡樂の條件だ、と思つたのは誤りだ。,mio,MISSING,Giorgio,MISSING,DET,MISSING,nmod,MISSING,leftover_source,
527,one-to-many,dn_554,isk_709 isk_710 isk_711,"Perché io soffro tanto, di questa sua libertà che pure è al servigio del mio piacere?",―幾らか惜しいやうな氣もせぬではない。 此の自由のために、反つて這麼苦悶をする譯が解らない。 自由は歡樂の條件だ、と思つたのは誤りだ。,MISSING,思つた,MISSING,Giorgio,MISSING,NULL,MISSING,nsubj,leftover_target,
527,one-to-many,dn_554,isk_709 isk_710 isk_711,"Perché io soffro tanto, di questa sua libertà che pure è al servigio del mio piacere?",―幾らか惜しいやうな氣もせぬではない。 此の自由のために、反つて這麼苦悶をする譯が解らない。 自由は歡樂の條件だ、と思つたのは誤りだ。,sua,MISSING,Ippolita,MISSING,DET,MISSING,nmod,MISSING,leftover_source,
528,one-to-one,dn_555,isk_712,"Non so che darei per sottrarmi al mio pensiero fisso, al mio timore che la offende.",偏見と疑惑これがために正しく女を觀ることが出來ないが、この二つを除くには奈何すれば可いといふのだらう。,darei,觀ることが出來ない,Giorgio,Giorgio,NULL,NULL,nsubj,nsubj,zero_zero_semantic,0.6156412613085968
528,one-to-one,dn_555,isk_712,"Non so che darei per sottrarmi al mio pensiero fisso, al mio timore che la offende.",偏見と疑惑これがために正しく女を觀ることが出來ないが、この二つを除くには奈何すれば可いといふのだらう。,so,MISSING,Giorgio,MISSING,NULL,MISSING,nsubj,MISSING,leftover_source,
528,one-to-one,dn_555,isk_712,"Non so che darei per sottrarmi al mio pensiero fisso, al mio timore che la offende.",偏見と疑惑これがために正しく女を觀ることが出來ないが、この二つを除くには奈何すれば可いといふのだらう。,mi,MISSING,Giorgio,MISSING,PRON-REFLEX,MISSING,obj,MISSING,leftover_source,
528,one-to-one,dn_555,isk_712,"Non so che darei per sottrarmi al mio pensiero fisso, al mio timore che la offende.",偏見と疑惑これがために正しく女を觀ることが出來ないが、この二つを除くには奈何すれば可いといふのだらう。,mio,MISSING,Giorgio,MISSING,DET,MISSING,nmod,MISSING,leftover_source,
528,one-to-one,dn_555,isk_712,"Non so che darei per sottrarmi al mio pensiero fisso, al mio timore che la offende.",偏見と疑惑これがために正しく女を觀ることが出來ないが、この二つを除くには奈何すれば可いといふのだらう。,mio,MISSING,Giorgio,MISSING,DET,MISSING,nmod,MISSING,leftover_source,
528,one-to-one,dn_555,isk_712,"Non so che darei per sottrarmi al mio pensiero fisso, al mio timore che la offende.",偏見と疑惑これがために正しく女を觀ることが出來ないが、この二つを除くには奈何すれば可いといふのだらう。,la,女,Ippolita,Ippolita,PRON,PRON,obj,nsubj,explicit_ref_pos,
528,one-to-one,dn_555,isk_712,"Non so che darei per sottrarmi al mio pensiero fisso, al mio timore che la offende.",偏見と疑惑これがために正しく女を觀ることが出來ないが、この二つを除くには奈何すれば可いといふのだらう。,offende,MISSING,Ippolita,MISSING,NULL,MISSING,nsubj,MISSING,leftover_source,
529,one-to-many,dn_556,isk_713 isk_714,Io l'amo e la offendo; l'amo e la credo capace di un'azione bassa!,イッポリイタを愛するといふことが、反つて侮辱する譯になつて居る。 自分が愛してゐるために不貞腐れな女に見える。,Io,自分,Giorgio,Giorgio,PRON,PRON,nsubj,nsubj,explicit_full,
529,one-to-many,dn_556,isk_713 isk_714,Io l'amo e la offendo; l'amo e la credo capace di un'azione bassa!,イッポリイタを愛するといふことが、反つて侮辱する譯になつて居る。 自分が愛してゐるために不貞腐れな女に見える。,amo,愛する,Giorgio,Giorgio,NULL,NULL,nsubj,nsubj,zero_zero_semantic,0.4070129153453541
529,one-to-many,dn_556,isk_713 isk_714,Io l'amo e la offendo; l'amo e la credo capace di un'azione bassa!,イッポリイタを愛するといふことが、反つて侮辱する譯になつて居る。 自分が愛してゐるために不貞腐れな女に見える。,credo,MISSING,Giorgio,MISSING,NULL,MISSING,nsubj,MISSING,leftover_source,
529,one-to-many,dn_556,isk_713 isk_714,Io l'amo e la offendo; l'amo e la credo capace di un'azione bassa!,イッポリイタを愛するといふことが、反つて侮辱する譯になつて居る。 自分が愛してゐるために不貞腐れな女に見える。,l,イッポリイタ,Ippolita,Ippolita,PRON,PROPN,obj,obj,explicit_ref_case,
529,one-to-many,dn_556,isk_713 isk_714,Io l'amo e la offendo; l'amo e la credo capace di un'azione bassa!,イッポリイタを愛するといふことが、反つて侮辱する譯になつて居る。 自分が愛してゐるために不貞腐れな女に見える。,la,不貞腐れな女,Ippolita,Ippolita,PRON,NOUN,obj,obj,explicit_ref_case,
529,one-to-many,dn_556,isk_713 isk_714,Io l'amo e la offendo; l'amo e la credo capace di un'azione bassa!,イッポリイタを愛するといふことが、反つて侮辱する譯になつて居る。 自分が愛してゐるために不貞腐れな女に見える。,l,MISSING,Ippolita,MISSING,PRON,MISSING,obj,MISSING,leftover_source,
529,one-to-many,dn_556,isk_713 isk_714,Io l'amo e la offendo; l'amo e la credo capace di un'azione bassa!,イッポリイタを愛するといふことが、反つて侮辱する譯になつて居る。 自分が愛してゐるために不貞腐れな女に見える。,la,MISSING,Ippolita,MISSING,PRON,MISSING,obj,MISSING,leftover_source,
531,one-to-one,dn_558,isk_716,ella diceva,女が言ふ。,ella,女,Ippolita,Ippolita,PRON,NOUN,nsubj,nsubj,explicit_ref_case,
532,one-to-one,dn_559,isk_717,bisogna che non andiamo troppo lontano.,何處か関靜な佳い處貴郞知つてるでせう。,MISSING,貴郞,MISSING,Giorgio,MISSING,PRON,MISSING,nsubj,leftover_target,
532,one-to-one,dn_559,isk_717,bisogna che non andiamo troppo lontano.,何處か関靜な佳い處貴郞知つてるでせう。,non andiamo,MISSING,Giorgio Ippolita,MISSING,NULL,MISSING,nsubj,MISSING,leftover_source,
533,one-to-one,dn_560,isk_718,"Non conosci tu un luogo tranquillo, solitario, pieno di alberi, un poco strano?",斯う奧の方へ引込んだ、樹木でも茂つたやうな、…,conosci,MISSING,Giorgio,MISSING,NULL,MISSING,nsubj,MISSING,leftover_source,
533,one-to-one,dn_560,isk_718,"Non conosci tu un luogo tranquillo, solitario, pieno di alberi, un poco strano?",斯う奧の方へ引込んだ、樹木でも茂つたやうな、…,tu,MISSING,Giorgio,MISSING,PRON,MISSING,nsubj,MISSING,leftover_source,
535,one-to-many,dn_562,isk_720 isk_721,"Prendi il Baedeker, là sul tavolo; e cerca.",「ベデカア」を閱るがいい。 ―其處のテイブルに載つてる。,Prendi,MISSING,Giorgio,MISSING,NULL,MISSING,nsubj,MISSING,leftover_source,
535,one-to-many,dn_562,isk_720 isk_721,"Prendi il Baedeker, là sul tavolo; e cerca.",「ベデカア」を閱るがいい。 ―其處のテイブルに載つてる。,cerca,MISSING,Giorgio,MISSING,NULL,MISSING,nsubj,MISSING,leftover_source,
536,one-to-one,dn_563,isk_722,Cerchiamo insieme.,貴郞も一緒に閱て頂戴な。,MISSING,貴郞,MISSING,Giorgio,MISSING,PRON,MISSING,nsubj,leftover_target,
536,one-to-one,dn_563,isk_722,Cerchiamo insieme.,貴郞も一緒に閱て頂戴な。,Cerchiamo,MISSING,Giorgio Ippolita,MISSING,NULL,MISSING,nsubj,MISSING,leftover_source,
537,one-to-many,dn_564,isk_723 isk_724,"Ella prese il libro rosso; si mise in ginocchio accanto alla poltrona dov'egli era seduto; e incominciò a sfogliare, con gesti graziati, d'una grazia infantile.",女は亦表紙を持つて來て、男の掛けて居る長筒子の傍へ附着いて蹲踞んだ。 可愛らしい仇氣ないやうな嬌態をしいしいベイジを翻つた。,egli,男,Giorgio,Giorgio,PRON,NOUN,nsubj,nmod,explicit_ref_only,
537,one-to-many,dn_564,isk_723 isk_724,"Ella prese il libro rosso; si mise in ginocchio accanto alla poltrona dov'egli era seduto; e incominciò a sfogliare, con gesti graziati, d'una grazia infantile.",女は亦表紙を持つて來て、男の掛けて居る長筒子の傍へ附着いて蹲踞んだ。 可愛らしい仇氣ないやうな嬌態をしいしいベイジを翻つた。,Ella,女,Ippolita,Ippolita,PRON,NOUN,nsubj,nsubj,explicit_ref_case,
537,one-to-many,dn_564,isk_723 isk_724,"Ella prese il libro rosso; si mise in ginocchio accanto alla poltrona dov'egli era seduto; e incominciò a sfogliare, con gesti graziati, d'una grazia infantile.",女は亦表紙を持つて來て、男の掛けて居る長筒子の傍へ附着いて蹲踞んだ。 可愛らしい仇氣ないやうな嬌態をしいしいベイジを翻つた。,mise,翻つた,Ippolita,Ippolita,NULL,NULL,nsubj,nsubj,zero_zero_semantic,0.44424481457862697
537,one-to-many,dn_564,isk_723 isk_724,"Ella prese il libro rosso; si mise in ginocchio accanto alla poltrona dov'egli era seduto; e incominciò a sfogliare, con gesti graziati, d'una grazia infantile.",女は亦表紙を持つて來て、男の掛けて居る長筒子の傍へ附着いて蹲踞んだ。 可愛らしい仇氣ないやうな嬌態をしいしいベイジを翻つた。,incominciò,嬌態をし,Ippolita,Ippolita,NULL,NULL,nsubj,nsubj,zero_zero_semantic,0.4220842740086258
537,one-to-many,dn_564,isk_723 isk_724,"Ella prese il libro rosso; si mise in ginocchio accanto alla poltrona dov'egli era seduto; e incominciò a sfogliare, con gesti graziati, d'una grazia infantile.",女は亦表紙を持つて來て、男の掛けて居る長筒子の傍へ附着いて蹲踞んだ。 可愛らしい仇氣ないやうな嬌態をしいしいベイジを翻つた。,si,MISSING,Ippolita,MISSING,PRON-REFLEX,MISSING,obj,MISSING,leftover_source,
537,one-to-many,dn_564,isk_723 isk_724,"Ella prese il libro rosso; si mise in ginocchio accanto alla poltrona dov'egli era seduto; e incominciò a sfogliare, con gesti graziati, d'una grazia infantile.",女は亦表紙を持つて來て、男の掛けて居る長筒子の傍へ附着いて蹲踞んだ。 可愛らしい仇氣ないやうな嬌態をしいしいベイジを翻つた。,MISSING,附着いて,MISSING,Ippolita,MISSING,NULL,MISSING,nsubj,leftover_target,
537,one-to-many,dn_564,isk_723 isk_724,"Ella prese il libro rosso; si mise in ginocchio accanto alla poltrona dov'egli era seduto; e incominciò a sfogliare, con gesti graziati, d'una grazia infantile.",女は亦表紙を持つて來て、男の掛けて居る長筒子の傍へ附着いて蹲踞んだ。 可愛らしい仇氣ないやうな嬌態をしいしいベイジを翻つた。,MISSING,蹲踞んだ,MISSING,Ippolita,MISSING,NULL,MISSING,nsubj,leftover_target,
538,one-to-one,dn_565,isk_725,Leggeva a quando a quando un brano a voce bassa.,間を置いては二三行づつ低聲で讀んだ。,Leggeva,讀んだ,Ippolita,Ippolita,NULL,NULL,nsubj,nsubj,zero_zero_semantic,0.29005759788884056
538,one-to-one,dn_565,isk_725,Leggeva a quando a quando un brano a voce bassa.,間を置いては二三行づつ低聲で讀んだ。,MISSING,置いて,MISSING,Ippolita,MISSING,NULL,MISSING,nsubj,leftover_target,
539,one-to-many,dn_566,isk_726 isk_727 isk_728,"Egli la guardava, attratto dalla finezza della nuca; d'onde si rialzavano verso la sommità della testa i capelli attorti come in una voluta, neri e lucidi.",男は女から眼を離さない。 惚惚するやうな襟足の美しさ。 其處から艶艶と黑い捲毛が、渦のやうに纏附いて頭の頂邊へ撫で上げられてゐる。,Egli,男,Giorgio,Giorgio,PRON,NOUN,nsubj,nsubj,explicit_ref_case,
539,one-to-many,dn_566,isk_726 isk_727 isk_728,"Egli la guardava, attratto dalla finezza della nuca; d'onde si rialzavano verso la sommità della testa i capelli attorti come in una voluta, neri e lucidi.",男は女から眼を離さない。 惚惚するやうな襟足の美しさ。 其處から艶艶と黑い捲毛が、渦のやうに纏附いて頭の頂邊へ撫で上げられてゐる。,la,女,Ippolita,Ippolita,PRON,NOUN,obj,obj,explicit_ref_case,
540,one-to-many,dn_567,isk_729 isk_730,"Guardava i due piccoli nei bruni, i gemelli, che stavano l'uno accanto all'altro sul collo pallido, vellutato, a cui davano una attrattiva di più.",二つの小い褐色の愛嬌黑子も見えた。 純白の天鵞絨のやうな領首へ、雙女宮での形に二つ駢んで、言ひ知らぬ魅力を添へた。,Guardava,MISSING,Giorgio,MISSING,NULL,MISSING,nsubj,MISSING,leftover_source,
541,one-to-one,dn_568,isk_731,Notò ch'ella non portava orecchini.,偶と氣が附くと耳環が無い。,Notò,MISSING,Giorgio,MISSING,NULL,MISSING,nsubj,MISSING,leftover_source,
541,one-to-one,dn_568,isk_731,Notò ch'ella non portava orecchini.,偶と氣が附くと耳環が無い。,ella,MISSING,Ippolita,MISSING,PRON,MISSING,nsubj,MISSING,leftover_source,
542,one-to-one,dn_569,isk_732,Da tre o quattro giorni non portava i soliti orecchini di zaffiro.,成る程此の二三日毎ものサファヤの耳環が見えなかつた。,non portava,MISSING,Ippolita,MISSING,NULL,MISSING,nsubj,MISSING,leftover_source,
543,one-to-one,dn_570,isk_733,Li ha sacrificati forse a un'angustia familiare?,金に困つて奈何かして了つたのだらう。,ha sacrificati,して了つた,Ippolita,Ippolita,NULL,NULL,nsubj,nsubj,zero_zero_semantic,0.5694359350535605
543,one-to-one,dn_570,isk_733,Li ha sacrificati forse a un'angustia familiare?,金に困つて奈何かして了つたのだらう。,MISSING,困つて,MISSING,Ippolita,MISSING,NULL,MISSING,nsubj,leftover_target,
544,one-to-one,dn_571,isk_734,"Nella sua casa, ella è forse angustiata da dure necessità quotidiane.",他は知らないけれど、苦しい日々の生活に、種々な心遺ひを嚙締めて居ることだらう。,MISSING,知らない,MISSING,Giorgio,MISSING,NULL,MISSING,nsubj,leftover_target,
544,one-to-one,dn_571,isk_734,"Nella sua casa, ella è forse angustiata da dure necessità quotidiane.",他は知らないけれど、苦しい日々の生活に、種々な心遺ひを嚙締めて居ることだらう。,MISSING,嚙締めて居る,MISSING,Giorgio,MISSING,NULL,MISSING,nsubj,leftover_target,
544,one-to-one,dn_571,isk_734,"Nella sua casa, ella è forse angustiata da dure necessità quotidiane.",他は知らないけれど、苦しい日々の生活に、種々な心遺ひを嚙締めて居ることだらう。,sua,MISSING,Ippolita,MISSING,DET,MISSING,nmod,MISSING,leftover_source,
544,one-to-one,dn_571,isk_734,"Nella sua casa, ella è forse angustiata da dure necessità quotidiane.",他は知らないけれど、苦しい日々の生活に、種々な心遺ひを嚙締めて居ることだらう。,ella,MISSING,Ippolita,MISSING,PRON,MISSING,nsubj,MISSING,leftover_source,
545,one-to-one,dn_572,isk_735,"Egli guardò in faccia il suo pensiero fisso, con una specie di violenza interiore.",氣約れに往來する例の考愈を捉えて、荒んだ心に思ひ返して見ない譯に行かなかつた。,Egli,約れ,Giorgio,Giorgio,PRON,NULL,nsubj,nsubj,zero_to_src_anchor,
545,one-to-one,dn_572,isk_735,"Egli guardò in faccia il suo pensiero fisso, con una specie di violenza interiore.",氣約れに往來する例の考愈を捉えて、荒んだ心に思ひ返して見ない譯に行かなかつた。,suo,MISSING,Giorgio,MISSING,DET,MISSING,nmod,MISSING,leftover_source,
545,one-to-one,dn_572,isk_735,"Egli guardò in faccia il suo pensiero fisso, con una specie di violenza interiore.",氣約れに往來する例の考愈を捉えて、荒んだ心に思ひ返して見ない譯に行かなかつた。,MISSING,捉えて,MISSING,Giorgio,MISSING,NULL,MISSING,nsubj,leftover_target,
545,one-to-one,dn_572,isk_735,"Egli guardò in faccia il suo pensiero fisso, con una specie di violenza interiore.",氣約れに往來する例の考愈を捉えて、荒んだ心に思ひ返して見ない譯に行かなかつた。,MISSING,思ひ返して,MISSING,Giorgio,MISSING,NULL,MISSING,nsubj,leftover_target,
545,one-to-one,dn_572,isk_735,"Egli guardò in faccia il suo pensiero fisso, con una specie di violenza interiore.",氣約れに往來する例の考愈を捉えて、荒んだ心に思ひ返して見ない譯に行かなかつた。,MISSING,見ない譯に行かなかつた,MISSING,Giorgio,MISSING,NULL,MISSING,nsubj,leftover_target,
547,one-to-many,dn_574,isk_737 isk_738,"Quando sarà stanca di me (e sarà tra breve), ella cadrà nelle mani di qualcuno che le offrirà una esistenza facile, che la toglierà dalle strettezze domestiche, in cambio di piacere.",若し女が俺に飽きたら(それも然う長くはあるまいが)、樂な生活を餌にして近づいて來る男の所有に成つて了ふだらう。 してその男は肉の代償に女を不自由から救ふに違ひない。,me,俺,Giorgio,Giorgio,PRON,PRON,obj,obj,explicit_full,
547,one-to-many,dn_574,isk_737 isk_738,"Quando sarà stanca di me (e sarà tra breve), ella cadrà nelle mani di qualcuno che le offrirà una esistenza facile, che la toglierà dalle strettezze domestiche, in cambio di piacere.",若し女が俺に飽きたら(それも然う長くはあるまいが)、樂な生活を餌にして近づいて來る男の所有に成つて了ふだらう。 してその男は肉の代償に女を不自由から救ふに違ひない。,ella,女,Ippolita,Ippolita,PRON,NOUN,nsubj,nsubj,explicit_ref_case,
547,one-to-many,dn_574,isk_737 isk_738,"Quando sarà stanca di me (e sarà tra breve), ella cadrà nelle mani di qualcuno che le offrirà una esistenza facile, che la toglierà dalle strettezze domestiche, in cambio di piacere.",若し女が俺に飽きたら(それも然う長くはあるまいが)、樂な生活を餌にして近づいて來る男の所有に成つて了ふだらう。 してその男は肉の代償に女を不自由から救ふに違ひない。,le,女,Ippolita,Ippolita,PRON,NOUN,obj,obj,explicit_ref_case,
547,one-to-many,dn_574,isk_737 isk_738,"Quando sarà stanca di me (e sarà tra breve), ella cadrà nelle mani di qualcuno che le offrirà una esistenza facile, che la toglierà dalle strettezze domestiche, in cambio di piacere.",若し女が俺に飽きたら(それも然う長くはあるまいが)、樂な生活を餌にして近づいて來る男の所有に成つて了ふだらう。 してその男は肉の代償に女を不自由から救ふに違ひない。,stanca,成つて了ふだらう,Ippolita,Ippolita,NULL,NULL,nsubj,nsubj,zero_zero_semantic,0.2604417176028958
547,one-to-many,dn_574,isk_737 isk_738,"Quando sarà stanca di me (e sarà tra breve), ella cadrà nelle mani di qualcuno che le offrirà una esistenza facile, che la toglierà dalle strettezze domestiche, in cambio di piacere.",若し女が俺に飽きたら(それも然う長くはあるまいが)、樂な生活を餌にして近づいて來る男の所有に成つて了ふだらう。 してその男は肉の代償に女を不自由から救ふに違ひない。,sarà,MISSING,Ippolita,MISSING,NULL,MISSING,nsubj,MISSING,leftover_source,
547,one-to-many,dn_574,isk_737 isk_738,"Quando sarà stanca di me (e sarà tra breve), ella cadrà nelle mani di qualcuno che le offrirà una esistenza facile, che la toglierà dalle strettezze domestiche, in cambio di piacere.",若し女が俺に飽きたら(それも然う長くはあるまいが)、樂な生活を餌にして近づいて來る男の所有に成つて了ふだらう。 してその男は肉の代償に女を不自由から救ふに違ひない。,la,MISSING,Ippolita,MISSING,PRON,MISSING,obj,MISSING,leftover_source,
548,one-to-one,dn_575,isk_739,Costui potrà anche essere il mercante di cui parlava l'Exili.,その男はエキジリの言つたやうな、牙商でも何でも構はない。,l'Exili,エキジリ,AlfonsoExili,AlfonsoExili,PROPN,NOUN,nsubj,nmod,explicit_ref_only,
548,one-to-one,dn_575,isk_739,Costui potrà anche essere il mercante di cui parlava l'Exili.,その男はエキジリの言つたやうな、牙商でも何でも構はない。,il mercante,牙商,Monti,Monti,NOUN,NOUN,nsubj,nsubj,explicit_full,
548,one-to-one,dn_575,isk_739,Costui potrà anche essere il mercante di cui parlava l'Exili.,その男はエキジリの言つたやうな、牙商でも何でも構はない。,cui,MISSING,Monti,MISSING,PRON,MISSING,obj,MISSING,leftover_source,
549,one-to-one,dn_576,isk_740,"Pel disgusto delle piccole miserie, ella vincerà il nuovo disgusto.",些々たる不幸を厭ふと同時に、別な嫌氣に打克つことが出來るだらう。,ella,厭ふ,Ippolita,Ippolita,PRON,NULL,nsubj,nsubj,zero_to_src_anchor,
549,one-to-one,dn_576,isk_740,"Pel disgusto delle piccole miserie, ella vincerà il nuovo disgusto.",些々たる不幸を厭ふと同時に、別な嫌氣に打克つことが出來るだらう。,MISSING,打克つことが出來る,MISSING,Ippolita,MISSING,NULL,MISSING,nsubj,leftover_target,
550,one-to-one,dn_577,isk_741,Si adatterà.,ちやんと跋を合はして行くだらう。,adatterà,合はして行く,Ippolita,Ippolita,NULL,NULL,nsubj,nsubj,zero_zero_single,
550,one-to-one,dn_577,isk_741,Si adatterà.,ちやんと跋を合はして行くだらう。,Si,MISSING,Ippolita,MISSING,PRON-REFLEX,MISSING,obj,MISSING,leftover_source,
551,one-to-one,dn_578,isk_742,"Forse anche non dovrà vincere alcuna ripugnanza, perché l'offerente le sarà gradito.",ひよつとすると嫌氣と闘ふ必要すら無くて濟むかも知れない。,non dovrà vincere,濟む,Ippolita,Ippolita,NULL,NULL,nsubj,nsubj,zero_zero_semantic,0.4635556808539799
551,one-to-one,dn_578,isk_742,"Forse anche non dovrà vincere alcuna ripugnanza, perché l'offerente le sarà gradito.",ひよつとすると嫌氣と闘ふ必要すら無くて濟むかも知れない。,le,MISSING,Ippolita,MISSING,PRON,MISSING,obj,MISSING,leftover_source,
551,one-to-one,dn_578,isk_742,"Forse anche non dovrà vincere alcuna ripugnanza, perché l'offerente le sarà gradito.",ひよつとすると嫌氣と闘ふ必要すら無くて濟むかも知れない。,MISSING,闘ふ,MISSING,Ippolita,MISSING,NULL,MISSING,nsubj,leftover_target,
552,one-to-one,dn_579,isk_743,"Gli venne alla memoria l'amante di un amico, la contessa Albertini.",友達の情婦にアルベルチニ伯夫人といふのがある。,la contessa Albertini,アルベルチニ伯夫人,CountessAlbertini,CountessAlbertini,NOUN,PROPN,nsubj,nsubj,explicit_ref_case,
552,one-to-one,dn_579,isk_743,"Gli venne alla memoria l'amante di un amico, la contessa Albertini.",友達の情婦にアルベルチニ伯夫人といふのがある。,Gli,MISSING,Giorgio,MISSING,PRON,MISSING,obj,MISSING,leftover_source,
553,one-to-many,dn_580,isk_744 isk_745 isk_746,"Costei, divisa dal marito, rimasta libera in condizioni disgraziate, era discesa a poco a poco negli amori remunerativi salvando con garbo le apparenze.",夫に離緣されて自由になつたは可かつたが、手と足て出されて了つた。 それから一步一步にだらけて行つて、到頭高等淫賣にまで墮ちた。 それでも世間體は巧く糊塗して行けた。,era,墮ちた,CountessAlbertini,CountessAlbertini,NULL,NULL,nsubj,nsubj,zero_zero_semantic,0.359548394382
553,one-to-many,dn_580,isk_744 isk_745 isk_746,"Costei, divisa dal marito, rimasta libera in condizioni disgraziate, era discesa a poco a poco negli amori remunerativi salvando con garbo le apparenze.",夫に離緣されて自由になつたは可かつたが、手と足て出されて了つた。 それから一步一步にだらけて行つて、到頭高等淫賣にまで墮ちた。 それでも世間體は巧く糊塗して行けた。,Costei,離緣されて,CountessAlbertini,CountessAlbertini,PRON,NULL,nsubj,nsubj,zero_to_src_anchor,
553,one-to-many,dn_580,isk_744 isk_745 isk_746,"Costei, divisa dal marito, rimasta libera in condizioni disgraziate, era discesa a poco a poco negli amori remunerativi salvando con garbo le apparenze.",夫に離緣されて自由になつたは可かつたが、手と足て出されて了つた。 それから一步一步にだらけて行つて、到頭高等淫賣にまで墮ちた。 それでも世間體は巧く糊塗して行けた。,MISSING,自由になつた,MISSING,CountessAlbertini,MISSING,NULL,MISSING,nsubj,leftover_target,
553,one-to-many,dn_580,isk_744 isk_745 isk_746,"Costei, divisa dal marito, rimasta libera in condizioni disgraziate, era discesa a poco a poco negli amori remunerativi salvando con garbo le apparenze.",夫に離緣されて自由になつたは可かつたが、手と足て出されて了つた。 それから一步一步にだらけて行つて、到頭高等淫賣にまで墮ちた。 それでも世間體は巧く糊塗して行けた。,MISSING,出されて了つた,MISSING,CountessAlbertini,MISSING,NULL,MISSING,nsubj,leftover_target,
553,one-to-many,dn_580,isk_744 isk_745 isk_746,"Costei, divisa dal marito, rimasta libera in condizioni disgraziate, era discesa a poco a poco negli amori remunerativi salvando con garbo le apparenze.",夫に離緣されて自由になつたは可かつたが、手と足て出されて了つた。 それから一步一步にだらけて行つて、到頭高等淫賣にまで墮ちた。 それでも世間體は巧く糊塗して行けた。,MISSING,だらけて行つて,MISSING,CountessAlbertini,MISSING,NULL,MISSING,nsubj,leftover_target,
553,one-to-many,dn_580,isk_744 isk_745 isk_746,"Costei, divisa dal marito, rimasta libera in condizioni disgraziate, era discesa a poco a poco negli amori remunerativi salvando con garbo le apparenze.",夫に離緣されて自由になつたは可かつたが、手と足て出されて了つた。 それから一步一步にだらけて行つて、到頭高等淫賣にまで墮ちた。 それでも世間體は巧く糊塗して行けた。,MISSING,糊塗して行けた,MISSING,CountessAlbertini,MISSING,NULL,MISSING,nsubj,leftover_target,
553,one-to-many,dn_580,isk_744 isk_745 isk_746,"Costei, divisa dal marito, rimasta libera in condizioni disgraziate, era discesa a poco a poco negli amori remunerativi salvando con garbo le apparenze.",夫に離緣されて自由になつたは可かつたが、手と足て出されて了つた。 それから一步一步にだらけて行つて、到頭高等淫賣にまで墮ちた。 それでも世間體は巧く糊塗して行けた。,marito,夫,CountessAlbertinis-husband,CountessAlbertinis-husband,NOUN,NOUN,obj,obj,explicit_full,
554,one-to-one,dn_581,isk_747,"Un altro esempio gli venne alla memoria, avvalorando la possibilità temuta.",尙だ外にも、彼の懸念するやうな道を行つた女の著しい例があつた。,gli,彼,Giorgio,Giorgio,PRON,PRON,obj,nmod,explicit_ref_pos,
555,one-to-one,dn_582,isk_748,"E, d'innanzi alla chiara possibilità che emergeva dall'avvenire oscuro, egli provò un dolore ineffabile.",奥底の知れない未來から來たやうなこの不安に礑と撞突つた彼は、言ひ知らぬ痛みを感じた。,egli,奥底の知れない未來から來たやうなこの不安に礑と撞突つた彼,Giorgio,Giorgio,PRON,PRON,nsubj,nsubj,explicit_full,
556,one-to-one,dn_583,isk_749,—I suoi timori non dovevano aver tregua.,此の不安と永久の闘ひを續けることを想つた。,suoi,MISSING,Giorgio,MISSING,DET,MISSING,nmod,MISSING,leftover_source,
556,one-to-one,dn_583,isk_749,—I suoi timori non dovevano aver tregua.,此の不安と永久の闘ひを續けることを想つた。,MISSING,想つた,MISSING,Giorgio,MISSING,NULL,MISSING,nsubj,leftover_target,
557,one-to-one,dn_584,isk_750,"Egli doveva, o prima o poi, veder cadere la creatura che aveva innalzato.",彼は、高い處から落ちて行く女を、早晩目の當りに観せられる運命になつてゐた。,Egli,彼,Giorgio,Giorgio,PRON,PRON,nsubj,nsubj,explicit_full,
557,one-to-one,dn_584,isk_750,"Egli doveva, o prima o poi, veder cadere la creatura che aveva innalzato.",彼は、高い處から落ちて行く女を、早晩目の當りに観せられる運命になつてゐた。,MISSING,、高い處から落ちて行く女,MISSING,Ippolita,MISSING,PRON,MISSING,obj,leftover_target,
559,one-to-one,dn_587,isk_752,Io qui non trovo nulla.,何處も佳い處つくないわ。,Io,MISSING,Ippolita,MISSING,PRON,MISSING,nsubj,MISSING,leftover_source,
560,one-to-many,dn_588,isk_753 isk_754,"Gubbio, Narni, Viterbo, Orvieto....",萎頓した聲で女が言ふ。 グッビオ、ナルニ、ヸテルボオ、オルヸエトオ…,MISSING,女,MISSING,Ippolita,MISSING,NOUN,MISSING,nsubj,leftover_target,
562,one-to-one,dn_591,isk_756,"Ella leggeva con una specie di cantilena, come se recitasse una litania.",彼女は斯う節を附けて讀み立てた。,Ella,彼女,Ippolita,Ippolita,PRON,PRON,nsubj,nsubj,explicit_full,
563,one-to-many,dn_592,isk_757 isk_758,"D'un tratto, si mise a ridere, rovesciando il capo, offrendo la bella fronte alle labbra dell'amante.",丁度連禱を誦へるかのやうに聞えてた。 と、順狂な笑ひ聲をして首を反らし、美しい額を戀人の唇の處へ持つて行つた。,amante,戀人,Giorgio,Giorgio,NOUN,NOUN,nmod,nmod,explicit_full,
563,one-to-many,dn_592,isk_757 isk_758,"D'un tratto, si mise a ridere, rovesciando il capo, offrendo la bella fronte alle labbra dell'amante.",丁度連禱を誦へるかのやうに聞えてた。 と、順狂な笑ひ聲をして首を反らし、美しい額を戀人の唇の處へ持つて行つた。,mise a ridere,笑ひ聲をして,Ippolita,Ippolita,NULL,NULL,nsubj,nsubj,zero_zero_semantic,0.23097707679256835
563,one-to-many,dn_592,isk_757 isk_758,"D'un tratto, si mise a ridere, rovesciando il capo, offrendo la bella fronte alle labbra dell'amante.",丁度連禱を誦へるかのやうに聞えてた。 と、順狂な笑ひ聲をして首を反らし、美しい額を戀人の唇の處へ持つて行つた。,si,MISSING,Ippolita,MISSING,PRON-REFLEX,MISSING,obj,MISSING,leftover_source,
563,one-to-many,dn_592,isk_757 isk_758,"D'un tratto, si mise a ridere, rovesciando il capo, offrendo la bella fronte alle labbra dell'amante.",丁度連禱を誦へるかのやうに聞えてた。 と、順狂な笑ひ聲をして首を反らし、美しい額を戀人の唇の處へ持つて行つた。,MISSING,誦へる,MISSING,Ippolita,MISSING,NULL,MISSING,nsubj,leftover_target,
563,one-to-many,dn_592,isk_757 isk_758,"D'un tratto, si mise a ridere, rovesciando il capo, offrendo la bella fronte alle labbra dell'amante.",丁度連禱を誦へるかのやうに聞えてた。 と、順狂な笑ひ聲をして首を反らし、美しい額を戀人の唇の處へ持つて行つた。,MISSING,反らし,MISSING,Ippolita,MISSING,NULL,MISSING,nsubj,leftover_target,
563,one-to-many,dn_592,isk_757 isk_758,"D'un tratto, si mise a ridere, rovesciando il capo, offrendo la bella fronte alle labbra dell'amante.",丁度連禱を誦へるかのやうに聞えてた。 と、順狂な笑ひ聲をして首を反らし、美しい額を戀人の唇の處へ持つて行つた。,MISSING,持つて行つた,MISSING,Ippolita,MISSING,NULL,MISSING,nsubj,leftover_target,
564,one-to-one,dn_593,isk_759,"Era ella in uno di que' suoi momenti di bontà espansiva, che la facevano sembrare una fanciulla.",處女を想はせるやうな、不斷の實關な心持になつて居たのであつた。,Era,想はせるやうな,Ippolita,Ippolita,NULL,NULL,nsubj,nsubj,zero_zero_semantic,0.5206381197898619
564,one-to-one,dn_593,isk_759,"Era ella in uno di que' suoi momenti di bontà espansiva, che la facevano sembrare una fanciulla.",處女を想はせるやうな、不斷の實關な心持になつて居たのであつた。,ella,心持になつて居た,Ippolita,Ippolita,PRON,NULL,nsubj,nsubj,zero_to_src_anchor,
567,one-to-one,dn_597,isk_762,Vuoi che andiamo a Orvieto?,貴郞オルヸエトオにして？,MISSING,貴郞,MISSING,Giorgio,MISSING,PRON,MISSING,nsubj,leftover_target,
567,one-to-one,dn_597,isk_762,Vuoi che andiamo a Orvieto?,貴郞オルヸエトオにして？,andiamo,MISSING,Giorgio Ippolita,MISSING,PRON,MISSING,nsubj,MISSING,leftover_source,
567,one-to-one,dn_597,isk_762,Vuoi che andiamo a Orvieto?,貴郞オルヸエトオにして？,Vuoi,MISSING,Ippolita,MISSING,NULL,MISSING,nsubj,MISSING,leftover_source,
568,one-to-one,dn_598,isk_763,Parve a Giorgio di ricevere sul cuore un'ondata improvvisa di freschezza.,ジォルジオは不意に爽々した音水を魂の上に濺ぎ掛けられたやうな感がした。,Giorgio,ジォルジオ,Giorgio,Giorgio,PROPN,PROPN,obj,nsubj,explicit_ref_pos,
569,one-to-one,dn_599,isk_764,"Egli si abbandonò, con riconoscenza, a quella consolazione.",然うした言ひ知らぬ心持を、感謝とともに味ひ味ひした。,Egli,味ひ味ひした,Giorgio,Giorgio,PRON,NULL,nsubj,nsubj,zero_to_src_anchor,
569,one-to-one,dn_599,isk_764,"Egli si abbandonò, con riconoscenza, a quella consolazione.",然うした言ひ知らぬ心持を、感謝とともに味ひ味ひした。,si,MISSING,Giorgio,MISSING,PRON-REFLEX,MISSING,obj,MISSING,leftover_source,
570,one-to-many,dn_600,isk_765 isk_766,"Come premeva le labbra su la fronte d'Ippolita, ivi colse il ricordo della deserta città guelfa che tace adorando il suo bel Duomo.",そしてイッポリイタの額に物を授けた時に、其のグェルフォの市の追憶を辿つた。 それは、驚くやうな大會堂を無言で禮讃してゐるやうな廢都であつた。,premeva,授けた,Giorgio,Giorgio,NULL,NULL,nsubj,nsubj,zero_zero_semantic,0.36637131166360537
570,one-to-many,dn_600,isk_765 isk_766,"Come premeva le labbra su la fronte d'Ippolita, ivi colse il ricordo della deserta città guelfa che tace adorando il suo bel Duomo.",そしてイッポリイタの額に物を授けた時に、其のグェルフォの市の追憶を辿つた。 それは、驚くやうな大會堂を無言で禮讃してゐるやうな廢都であつた。,colse,辿つた,Giorgio,Giorgio,NULL,NULL,nsubj,nsubj,zero_zero_semantic,0.32326349357889217
570,one-to-many,dn_600,isk_765 isk_766,"Come premeva le labbra su la fronte d'Ippolita, ivi colse il ricordo della deserta città guelfa che tace adorando il suo bel Duomo.",そしてイッポリイタの額に物を授けた時に、其のグェルフォの市の追憶を辿つた。 それは、驚くやうな大會堂を無言で禮讃してゐるやうな廢都であつた。,Ippolita,イッポリイタ,Ippolita,Ippolita,PROPN,PROPN,nmod,nmod,explicit_full,
572,one-to-one,dn_602,isk_768,Non ci sei mai stata?,お前行つたことがない？,sei mai stata,お前,Ippolita,Ippolita,NULL,PRON,nsubj,nsubj,zero_to_tgt_anchor,
573,one-to-many,dn_603,isk_769 isk_770 isk_771,"Figùrati, in cima a una roccia di tufo, sopra una valle malinconica, una città silenziosa tanto che pare disabitata:",まあ―其處の凝灰岩の頂邊に立つて見たとするかね。 ―慵いやうな渓が眼の下に廣がる。 寂とした、人子一人居ないやうな市さ。,MISSING,立つて見た,MISSING,Ippolita,MISSING,NULL,MISSING,nsubj,leftover_target,
575,one-to-one,dn_606,isk_779,"Ippolita disse, un po' sognando, quasi avesse dentro gli occhi la visione della città silenziosa:",イッポリイタは寂しい都の像を夢に見るという風で、斯う呟いた。,Ippolita,イッポリイタ,Ippolita,Ippolita,PROPN,PROPN,nsubj,nsubj,explicit_full,
575,one-to-one,dn_606,isk_779,"Ippolita disse, un po' sognando, quasi avesse dentro gli occhi la visione della città silenziosa:",イッポリイタは寂しい都の像を夢に見るという風で、斯う呟いた。,avesse,呟いた,Ippolita,Ippolita,NULL,NULL,nsubj,nsubj,zero_zero_single,
577,many-to-one,dn_608 dn_609,isk_780,"Io la vidi di febbraio, con un tempo come questo d'oggi, incerto: un po' di pioggia, un po' di sole.",俺の行つたのは二月―丁度今日のやうな天氣の日でね、ぱらぱらと來るかと思ふと、弱い日光が透けて見えたり。,Io,俺,Giorgio,Giorgio,PRON,PRON,nsubj,nsubj,explicit_full,
577,many-to-one,dn_608 dn_609,isk_780,"Io la vidi di febbraio, con un tempo come questo d'oggi, incerto: un po' di pioggia, un po' di sole.",俺の行つたのは二月―丁度今日のやうな天氣の日でね、ぱらぱらと來るかと思ふと、弱い日光が透けて見えたり。,MISSING,來る,MISSING,Giorgio,MISSING,NULL,MISSING,nsubj,leftover_target,
577,many-to-one,dn_608 dn_609,isk_780,"Io la vidi di febbraio, con un tempo come questo d'oggi, incerto: un po' di pioggia, un po' di sole.",俺の行つたのは二月―丁度今日のやうな天氣の日でね、ぱらぱらと來るかと思ふと、弱い日光が透けて見えたり。,MISSING,思ふと,MISSING,Giorgio,MISSING,NULL,MISSING,nsubj,leftover_target,
577,many-to-one,dn_608 dn_609,isk_780,"Io la vidi di febbraio, con un tempo come questo d'oggi, incerto: un po' di pioggia, un po' di sole.",俺の行つたのは二月―丁度今日のやうな天氣の日でね、ぱらぱらと來るかと思ふと、弱い日光が透けて見えたり。,MISSING,透けて,MISSING,Giorgio,MISSING,NULL,MISSING,nsubj,leftover_target,
578,one-to-many,dn_610,isk_781 isk_782 isk_783,Io ci rimasi un giorno; partii con tristezza; portai meco la nostalgia di quella pace....,居たのはたつた一日限。 惜しかつたさ。 それから何だか思郷病に魅かれたやうな氣になつた。,partii,居た,Giorgio,Giorgio,NULL,NULL,nsubj,nsubj,zero_zero_semantic,0.5017108997602141
578,one-to-many,dn_610,isk_781 isk_782 isk_783,Io ci rimasi un giorno; partii con tristezza; portai meco la nostalgia di quella pace....,居たのはたつた一日限。 惜しかつたさ。 それから何だか思郷病に魅かれたやうな氣になつた。,portai,氣になつた,Giorgio,Giorgio,NULL,NULL,nsubj,nsubj,zero_zero_semantic,0.4211635648438865
578,one-to-many,dn_610,isk_781 isk_782 isk_783,Io ci rimasi un giorno; partii con tristezza; portai meco la nostalgia di quella pace....,居たのはたつた一日限。 惜しかつたさ。 それから何だか思郷病に魅かれたやうな氣になつた。,Io,MISSING,Giorgio,MISSING,PRON,MISSING,nsubj,MISSING,leftover_source,
578,one-to-many,dn_610,isk_781 isk_782 isk_783,Io ci rimasi un giorno; partii con tristezza; portai meco la nostalgia di quella pace....,居たのはたつた一日限。 惜しかつたさ。 それから何だか思郷病に魅かれたやうな氣になつた。,meco,MISSING,Giorgio,MISSING,PRON,MISSING,obj,MISSING,leftover_source,
580,one-to-one,dn_612,isk_785,Ero in compagnia di me stesso; pensavo:,其の時は無論獨法師だ。,Ero,MISSING,Giorgio,MISSING,PRON,MISSING,nsubj,MISSING,leftover_source,
580,one-to-one,dn_612,isk_785,Ero in compagnia di me stesso; pensavo:,其の時は無論獨法師だ。,pensavo,MISSING,Giorgio,MISSING,NULL,MISSING,nsubj,MISSING,leftover_source,
581,one-to-one,dn_613,isk_786,"«Avere un'amante, o più tosto una sorella amante, che fosse piena di divozione; e venire qui, restare qui un lungo mese, il mese di aprile:",信仰の深い、妹のやうな戀人と、永い四月の月一ぱい這麼處に住んで見たい。,MISSING,住んで見たい,MISSING,Giorgio,MISSING,NULL,MISSING,nsubj,leftover_target,
582,one-to-one,dn_614 dn_615,isk_787 isk_788 isk_789 isk_790,"un aprile un po'piovigginoso, cinerino, ma tiepido, con qualche sprazzo di sole. E passare molte ore dentro la cattedrale, d'innanzi, d'intorno; andare a cogliere le rose negli orti dei conventi; andare a prendere dalle monache le confetture; bere l'Est Est Est in una tazzetta etrusca; amare e dormire molto, in un letto soffice, tutto velato di bianco, verginale....»",灰のやうな小雨の降る中にも、折々光線を濺ぎ掛けられては柔らかい氣分になつて、會堂に出入りしたり、その外構を廻つて歩いたり、修道院の庭へ薔薇を摘みに行つたり、妹の家へ行つてコンフェットオを貰つて來る。 エトルリアの盞でエステステストを飮む。 戀に溺れ、睡眠を貪つて―處女のやうに眞白い、ふうわりとした寝牀の上で― 這麼夢をその時は見て居たものだ。,MISSING,濺ぎ掛けられて,MISSING,Giorgio,MISSING,NULL,MISSING,nsubj,leftover_target,
582,one-to-one,dn_614 dn_615,isk_787 isk_788 isk_789 isk_790,"un aprile un po'piovigginoso, cinerino, ma tiepido, con qualche sprazzo di sole. E passare molte ore dentro la cattedrale, d'innanzi, d'intorno; andare a cogliere le rose negli orti dei conventi; andare a prendere dalle monache le confetture; bere l'Est Est Est in una tazzetta etrusca; amare e dormire molto, in un letto soffice, tutto velato di bianco, verginale....»",灰のやうな小雨の降る中にも、折々光線を濺ぎ掛けられては柔らかい氣分になつて、會堂に出入りしたり、その外構を廻つて歩いたり、修道院の庭へ薔薇を摘みに行つたり、妹の家へ行つてコンフェットオを貰つて來る。 エトルリアの盞でエステステストを飮む。 戀に溺れ、睡眠を貪つて―處女のやうに眞白い、ふうわりとした寝牀の上で― 這麼夢をその時は見て居たものだ。,MISSING,なつて,MISSING,Giorgio,MISSING,NULL,MISSING,nsubj,leftover_target,
582,one-to-one,dn_614 dn_615,isk_787 isk_788 isk_789 isk_790,"un aprile un po'piovigginoso, cinerino, ma tiepido, con qualche sprazzo di sole. E passare molte ore dentro la cattedrale, d'innanzi, d'intorno; andare a cogliere le rose negli orti dei conventi; andare a prendere dalle monache le confetture; bere l'Est Est Est in una tazzetta etrusca; amare e dormire molto, in un letto soffice, tutto velato di bianco, verginale....»",灰のやうな小雨の降る中にも、折々光線を濺ぎ掛けられては柔らかい氣分になつて、會堂に出入りしたり、その外構を廻つて歩いたり、修道院の庭へ薔薇を摘みに行つたり、妹の家へ行つてコンフェットオを貰つて來る。 エトルリアの盞でエステステストを飮む。 戀に溺れ、睡眠を貪つて―處女のやうに眞白い、ふうわりとした寝牀の上で― 這麼夢をその時は見て居たものだ。,MISSING,出入りし,MISSING,Giorgio,MISSING,NULL,MISSING,nsubj,leftover_target,
582,one-to-one,dn_614 dn_615,isk_787 isk_788 isk_789 isk_790,"un aprile un po'piovigginoso, cinerino, ma tiepido, con qualche sprazzo di sole. E passare molte ore dentro la cattedrale, d'innanzi, d'intorno; andare a cogliere le rose negli orti dei conventi; andare a prendere dalle monache le confetture; bere l'Est Est Est in una tazzetta etrusca; amare e dormire molto, in un letto soffice, tutto velato di bianco, verginale....»",灰のやうな小雨の降る中にも、折々光線を濺ぎ掛けられては柔らかい氣分になつて、會堂に出入りしたり、その外構を廻つて歩いたり、修道院の庭へ薔薇を摘みに行つたり、妹の家へ行つてコンフェットオを貰つて來る。 エトルリアの盞でエステステストを飮む。 戀に溺れ、睡眠を貪つて―處女のやうに眞白い、ふうわりとした寝牀の上で― 這麼夢をその時は見て居たものだ。,MISSING,廻つて,MISSING,Giorgio,MISSING,NULL,MISSING,nsubj,leftover_target,
582,one-to-one,dn_614 dn_615,isk_787 isk_788 isk_789 isk_790,"un aprile un po'piovigginoso, cinerino, ma tiepido, con qualche sprazzo di sole. E passare molte ore dentro la cattedrale, d'innanzi, d'intorno; andare a cogliere le rose negli orti dei conventi; andare a prendere dalle monache le confetture; bere l'Est Est Est in una tazzetta etrusca; amare e dormire molto, in un letto soffice, tutto velato di bianco, verginale....»",灰のやうな小雨の降る中にも、折々光線を濺ぎ掛けられては柔らかい氣分になつて、會堂に出入りしたり、その外構を廻つて歩いたり、修道院の庭へ薔薇を摘みに行つたり、妹の家へ行つてコンフェットオを貰つて來る。 エトルリアの盞でエステステストを飮む。 戀に溺れ、睡眠を貪つて―處女のやうに眞白い、ふうわりとした寝牀の上で― 這麼夢をその時は見て居たものだ。,MISSING,行つて,MISSING,Giorgio,MISSING,NULL,MISSING,nsubj,leftover_target,
582,one-to-one,dn_614 dn_615,isk_787 isk_788 isk_789 isk_790,"un aprile un po'piovigginoso, cinerino, ma tiepido, con qualche sprazzo di sole. E passare molte ore dentro la cattedrale, d'innanzi, d'intorno; andare a cogliere le rose negli orti dei conventi; andare a prendere dalle monache le confetture; bere l'Est Est Est in una tazzetta etrusca; amare e dormire molto, in un letto soffice, tutto velato di bianco, verginale....»",灰のやうな小雨の降る中にも、折々光線を濺ぎ掛けられては柔らかい氣分になつて、會堂に出入りしたり、その外構を廻つて歩いたり、修道院の庭へ薔薇を摘みに行つたり、妹の家へ行つてコンフェットオを貰つて來る。 エトルリアの盞でエステステストを飮む。 戀に溺れ、睡眠を貪つて―處女のやうに眞白い、ふうわりとした寝牀の上で― 這麼夢をその時は見て居たものだ。,MISSING,貰つて來る,MISSING,Giorgio,MISSING,NULL,MISSING,nsubj,leftover_target,
582,one-to-one,dn_614 dn_615,isk_787 isk_788 isk_789 isk_790,"un aprile un po'piovigginoso, cinerino, ma tiepido, con qualche sprazzo di sole. E passare molte ore dentro la cattedrale, d'innanzi, d'intorno; andare a cogliere le rose negli orti dei conventi; andare a prendere dalle monache le confetture; bere l'Est Est Est in una tazzetta etrusca; amare e dormire molto, in un letto soffice, tutto velato di bianco, verginale....»",灰のやうな小雨の降る中にも、折々光線を濺ぎ掛けられては柔らかい氣分になつて、會堂に出入りしたり、その外構を廻つて歩いたり、修道院の庭へ薔薇を摘みに行つたり、妹の家へ行つてコンフェットオを貰つて來る。 エトルリアの盞でエステステストを飮む。 戀に溺れ、睡眠を貪つて―處女のやうに眞白い、ふうわりとした寝牀の上で― 這麼夢をその時は見て居たものだ。,MISSING,飮む,MISSING,Giorgio,MISSING,NULL,MISSING,nsubj,leftover_target,
582,one-to-one,dn_614 dn_615,isk_787 isk_788 isk_789 isk_790,"un aprile un po'piovigginoso, cinerino, ma tiepido, con qualche sprazzo di sole. E passare molte ore dentro la cattedrale, d'innanzi, d'intorno; andare a cogliere le rose negli orti dei conventi; andare a prendere dalle monache le confetture; bere l'Est Est Est in una tazzetta etrusca; amare e dormire molto, in un letto soffice, tutto velato di bianco, verginale....»",灰のやうな小雨の降る中にも、折々光線を濺ぎ掛けられては柔らかい氣分になつて、會堂に出入りしたり、その外構を廻つて歩いたり、修道院の庭へ薔薇を摘みに行つたり、妹の家へ行つてコンフェットオを貰つて來る。 エトルリアの盞でエステステストを飮む。 戀に溺れ、睡眠を貪つて―處女のやうに眞白い、ふうわりとした寝牀の上で― 這麼夢をその時は見て居たものだ。,MISSING,溺れ,MISSING,Giorgio,MISSING,NULL,MISSING,nsubj,leftover_target,
582,one-to-one,dn_614 dn_615,isk_787 isk_788 isk_789 isk_790,"un aprile un po'piovigginoso, cinerino, ma tiepido, con qualche sprazzo di sole. E passare molte ore dentro la cattedrale, d'innanzi, d'intorno; andare a cogliere le rose negli orti dei conventi; andare a prendere dalle monache le confetture; bere l'Est Est Est in una tazzetta etrusca; amare e dormire molto, in un letto soffice, tutto velato di bianco, verginale....»",灰のやうな小雨の降る中にも、折々光線を濺ぎ掛けられては柔らかい氣分になつて、會堂に出入りしたり、その外構を廻つて歩いたり、修道院の庭へ薔薇を摘みに行つたり、妹の家へ行つてコンフェットオを貰つて來る。 エトルリアの盞でエステステストを飮む。 戀に溺れ、睡眠を貪つて―處女のやうに眞白い、ふうわりとした寝牀の上で― 這麼夢をその時は見て居たものだ。,MISSING,貪つて,MISSING,Giorgio,MISSING,NULL,MISSING,nsubj,leftover_target,
582,one-to-one,dn_614 dn_615,isk_787 isk_788 isk_789 isk_790,"un aprile un po'piovigginoso, cinerino, ma tiepido, con qualche sprazzo di sole. E passare molte ore dentro la cattedrale, d'innanzi, d'intorno; andare a cogliere le rose negli orti dei conventi; andare a prendere dalle monache le confetture; bere l'Est Est Est in una tazzetta etrusca; amare e dormire molto, in un letto soffice, tutto velato di bianco, verginale....»",灰のやうな小雨の降る中にも、折々光線を濺ぎ掛けられては柔らかい氣分になつて、會堂に出入りしたり、その外構を廻つて歩いたり、修道院の庭へ薔薇を摘みに行つたり、妹の家へ行つてコンフェットオを貰つて來る。 エトルリアの盞でエステステストを飮む。 戀に溺れ、睡眠を貪つて―處女のやうに眞白い、ふうわりとした寝牀の上で― 這麼夢をその時は見て居たものだ。,MISSING,見て居た,MISSING,Giorgio,MISSING,NULL,MISSING,nsubj,leftover_target,
583,one-to-one,dn_616,isk_791,"Ippolita sorrise a quel sogno, felice.",此の夢はイッポリイタに幸福を思はせた。,Ippolita,イッポリイタ,Ippolita,Ippolita,PROPN,PROPN,nsubj,obj,explicit_ref_pos,
584,one-to-one,dn_617,isk_792,"Ella disse, con un'aria di candore:",嫣と笑つて仇氣ない表情を見せて、,Ella,笑つて,Ippolita,Ippolita,PRON,NULL,nsubj,nsubj,zero_to_src_anchor,
584,one-to-one,dn_617,isk_792,"Ella disse, con un'aria di candore:",嫣と笑つて仇氣ない表情を見せて、,MISSING,見せて,MISSING,Ippolita,MISSING,NULL,MISSING,nsubj,leftover_target,
585,one-to-one,dn_618,isk_793,Io sono divota.,私これで信仰家よ。,Io,私,Ippolita,Ippolita,PRON,PRON,nsubj,nsubj,explicit_full,
586,one-to-many,dn_619,isk_794 isk_795,Conducimi a Orvieto!,ね。 オルヸエトオヘ連れてつて下さいな。,Conduci,連れてつて下さい,Giorgio,Giorgio,NULL,NULL,nsubj,nsubj,zero_zero_single,
586,one-to-many,dn_619,isk_794 isk_795,Conducimi a Orvieto!,ね。 オルヸエトオヘ連れてつて下さいな。,mi,MISSING,Ippolita,MISSING,PRON,MISSING,obj,MISSING,leftover_source,
587,one-to-many,dn_620,isk_796 isk_797 isk_798,"Ella si raccolse tutta ai piedi dell'amato; gli prese le mani, invasa da una immensa dolcezza, pregustando già quella quiete, quell'ozio, quella malinconia.",ぐんぐん男の足に纏はり付いて、自分の手で其の兩手を捉へた。 歡喜は其の總身に衝上げた。 近づきつつある安息、遊情淡い哀愁―その豫味を彼女は旣う舐めて居た。,amato,男,Giorgio,Giorgio,NOUN,NOUN,nmod,nmod,explicit_full,
587,one-to-many,dn_620,isk_796 isk_797 isk_798,"Ella si raccolse tutta ai piedi dell'amato; gli prese le mani, invasa da una immensa dolcezza, pregustando già quella quiete, quell'ozio, quella malinconia.",ぐんぐん男の足に纏はり付いて、自分の手で其の兩手を捉へた。 歡喜は其の總身に衝上げた。 近づきつつある安息、遊情淡い哀愁―その豫味を彼女は旣う舐めて居た。,gli,其の,Giorgio,Giorgio,PRON,DET,obj,nmod,explicit_ref_only,
587,one-to-many,dn_620,isk_796 isk_797 isk_798,"Ella si raccolse tutta ai piedi dell'amato; gli prese le mani, invasa da una immensa dolcezza, pregustando già quella quiete, quell'ozio, quella malinconia.",ぐんぐん男の足に纏はり付いて、自分の手で其の兩手を捉へた。 歡喜は其の總身に衝上げた。 近づきつつある安息、遊情淡い哀愁―その豫味を彼女は旣う舐めて居た。,Ella,彼女,Ippolita,Ippolita,PRON,PRON,nsubj,nsubj,explicit_full,
587,one-to-many,dn_620,isk_796 isk_797 isk_798,"Ella si raccolse tutta ai piedi dell'amato; gli prese le mani, invasa da una immensa dolcezza, pregustando già quella quiete, quell'ozio, quella malinconia.",ぐんぐん男の足に纏はり付いて、自分の手で其の兩手を捉へた。 歡喜は其の總身に衝上げた。 近づきつつある安息、遊情淡い哀愁―その豫味を彼女は旣う舐めて居た。,prese,捉へた,Ippolita,Ippolita,NULL,NULL,nsubj,nsubj,zero_zero_semantic,0.34899992514879274
587,one-to-many,dn_620,isk_796 isk_797 isk_798,"Ella si raccolse tutta ai piedi dell'amato; gli prese le mani, invasa da una immensa dolcezza, pregustando già quella quiete, quell'ozio, quella malinconia.",ぐんぐん男の足に纏はり付いて、自分の手で其の兩手を捉へた。 歡喜は其の總身に衝上げた。 近づきつつある安息、遊情淡い哀愁―その豫味を彼女は旣う舐めて居た。,si,MISSING,Ippolita,MISSING,PRON-REFLEX,MISSING,obj,MISSING,leftover_source,
587,one-to-many,dn_620,isk_796 isk_797 isk_798,"Ella si raccolse tutta ai piedi dell'amato; gli prese le mani, invasa da una immensa dolcezza, pregustando già quella quiete, quell'ozio, quella malinconia.",ぐんぐん男の足に纏はり付いて、自分の手で其の兩手を捉へた。 歡喜は其の總身に衝上げた。 近づきつつある安息、遊情淡い哀愁―その豫味を彼女は旣う舐めて居た。,MISSING,纏はり付いて,MISSING,Ippolita,MISSING,NULL,MISSING,nsubj,leftover_target,
587,one-to-many,dn_620,isk_796 isk_797 isk_798,"Ella si raccolse tutta ai piedi dell'amato; gli prese le mani, invasa da una immensa dolcezza, pregustando già quella quiete, quell'ozio, quella malinconia.",ぐんぐん男の足に纏はり付いて、自分の手で其の兩手を捉へた。 歡喜は其の總身に衝上げた。 近づきつつある安息、遊情淡い哀愁―その豫味を彼女は旣う舐めて居た。,MISSING,自分,MISSING,Ippolita,MISSING,PRON,MISSING,nmod,leftover_target,
587,one-to-many,dn_620,isk_796 isk_797 isk_798,"Ella si raccolse tutta ai piedi dell'amato; gli prese le mani, invasa da una immensa dolcezza, pregustando già quella quiete, quell'ozio, quella malinconia.",ぐんぐん男の足に纏はり付いて、自分の手で其の兩手を捉へた。 歡喜は其の總身に衝上げた。 近づきつつある安息、遊情淡い哀愁―その豫味を彼女は旣う舐めて居た。,MISSING,其の,MISSING,Ippolita,MISSING,DET,MISSING,nmod,leftover_target,
587,one-to-many,dn_620,isk_796 isk_797 isk_798,"Ella si raccolse tutta ai piedi dell'amato; gli prese le mani, invasa da una immensa dolcezza, pregustando già quella quiete, quell'ozio, quella malinconia.",ぐんぐん男の足に纏はり付いて、自分の手で其の兩手を捉へた。 歡喜は其の總身に衝上げた。 近づきつつある安息、遊情淡い哀愁―その豫味を彼女は旣う舐めて居た。,MISSING,近づきつつある,MISSING,Ippolita,MISSING,NULL,MISSING,nsubj,leftover_target,
588,one-to-one,dn_621,isk_799,Parlamene ancóra.,もつと聽きたいこと。,Parla,MISSING,Giorgio,MISSING,NULL,MISSING,nsubj,MISSING,leftover_source,
588,one-to-one,dn_621,isk_799,Parlamene ancóra.,もつと聽きたいこと。,me,MISSING,Ippolita,MISSING,PRON,MISSING,obj,MISSING,leftover_source,
588,one-to-one,dn_621,isk_799,Parlamene ancóra.,もつと聽きたいこと。,MISSING,聽きたい,MISSING,Ippolita,MISSING,NULL,MISSING,nsubj,leftover_target,
589,one-to-many,dn_622,isk_800 isk_801,"Egli la baciò su la fronte, a lungo, con una commozione pura.",男は良久その額に唇を接けた。 汚すに忍びないと言つた風の心持であつた。,Egli,男,Giorgio,Giorgio,PRON,NOUN,nsubj,nsubj,explicit_ref_case,
589,one-to-many,dn_622,isk_800 isk_801,"Egli la baciò su la fronte, a lungo, con una commozione pura.",男は良久その額に唇を接けた。 汚すに忍びないと言つた風の心持であつた。,MISSING,忍びない,MISSING,Giorgio,MISSING,NULL,MISSING,nsubj,leftover_target,
589,one-to-many,dn_622,isk_800 isk_801,"Egli la baciò su la fronte, a lungo, con una commozione pura.",男は良久その額に唇を接けた。 汚すに忍びないと言つた風の心持であつた。,MISSING,であつた,MISSING,Giorgio,MISSING,NULL,MISSING,nsubj,leftover_target,
589,one-to-many,dn_622,isk_800 isk_801,"Egli la baciò su la fronte, a lungo, con una commozione pura.",男は良久その額に唇を接けた。 汚すに忍びないと言つた風の心持であつた。,la,その,Ippolita,Ippolita,PRON,DET,obj,nmod,explicit_ref_only,
590,one-to-one,dn_623,isk_802,"Poi la guardò, a lungo.",その後は長いこと嫖えるやうな眼で女を凝視めた。,guardò,凝視めた,Giorgio,Giorgio,NULL,NULL,nsubj,nsubj,zero_zero_single,
590,one-to-one,dn_623,isk_802,"Poi la guardò, a lungo.",その後は長いこと嫖えるやうな眼で女を凝視めた。,la,女,Ippolita,Ippolita,PRON,NOUN,obj,obj,explicit_ref_case,
591,one-to-one,dn_624,isk_803,Hai la fronte tanto bella,あんまり額が美しいから…。,Hai,MISSING,Ippolita,MISSING,NULL,MISSING,nsubj,MISSING,leftover_source,
592,one-to-one,dn_625,isk_804,"disse, con un tremito leggero.",輕く顫へ氣味に男が言つた。,disse,輕,Giorgio,Giorgio,NULL,NOUN,nsubj,nsubj,zero_to_tgt_anchor,
593,one-to-one,dn_626,isk_805,"Vedeva ora Ippolita vivente corrispondere all'ideal figura di lei, ch'egli nutriva nel cuore.",此の時のイッポリイタは、彼の胸に宿る理想のイッポリイタと一致した。,egli,彼,Giorgio,Giorgio,PRON,PRON,nsubj,nmod,explicit_ref_pos,
593,one-to-one,dn_626,isk_805,"Vedeva ora Ippolita vivente corrispondere all'ideal figura di lei, ch'egli nutriva nel cuore.",此の時のイッポリイタは、彼の胸に宿る理想のイッポリイタと一致した。,Vedeva,MISSING,Giorgio,MISSING,NULL,MISSING,nsubj,MISSING,leftover_source,
593,one-to-one,dn_626,isk_805,"Vedeva ora Ippolita vivente corrispondere all'ideal figura di lei, ch'egli nutriva nel cuore.",此の時のイッポリイタは、彼の胸に宿る理想のイッポリイタと一致した。,Ippolita,此の時のイッポリイタ,Ippolita,Ippolita,PROPN,PROPN,obj,nsubj,explicit_ref_pos,
593,one-to-one,dn_626,isk_805,"Vedeva ora Ippolita vivente corrispondere all'ideal figura di lei, ch'egli nutriva nel cuore.",此の時のイッポリイタは、彼の胸に宿る理想のイッポリイタと一致した。,lei,MISSING,Ippolita,MISSING,PRON,MISSING,nmod,MISSING,leftover_source,
594,one-to-one,dn_627,isk_806,"La vedeva buona, tenera, sommessa, respirante in una nobile e dolce poesia.",彼の眼には美しい、優しい、素直な、そして高い気品の詩味を呼吸するイッポリイタが見えた。,vedeva,MISSING,Giorgio,MISSING,NULL,MISSING,nsubj,MISSING,leftover_source,
594,one-to-one,dn_627,isk_806,"La vedeva buona, tenera, sommessa, respirante in una nobile e dolce poesia.",彼の眼には美しい、優しい、素直な、そして高い気品の詩味を呼吸するイッポリイタが見えた。,MISSING,彼,MISSING,Giorgio,MISSING,PRON,MISSING,nmod,leftover_target,
594,one-to-one,dn_627,isk_806,"La vedeva buona, tenera, sommessa, respirante in una nobile e dolce poesia.",彼の眼には美しい、優しい、素直な、そして高い気品の詩味を呼吸するイッポリイタが見えた。,La,イッポリイタ,Ippolita,Ippolita,PRON,PROPN,obj,nsubj,explicit_ref_only,
595,one-to-one,dn_628,isk_807,"Come nel motto ch'egli le aveva dato, ella era grave e soave:—gravis dum suavis.",平生彼女に被せた讚辭の通り、「端孍微妙(gravis dum suavis)」であつた。,egli,MISSING,Giorgio,MISSING,PRON,MISSING,nsubj,MISSING,leftover_source,
595,one-to-one,dn_628,isk_807,"Come nel motto ch'egli le aveva dato, ella era grave e soave:—gravis dum suavis.",平生彼女に被せた讚辭の通り、「端孍微妙(gravis dum suavis)」であつた。,le,彼女,Ippolita,Ippolita,PRON,PRON,obj,obj,explicit_full,
595,one-to-one,dn_628,isk_807,"Come nel motto ch'egli le aveva dato, ella era grave e soave:—gravis dum suavis.",平生彼女に被せた讚辭の通り、「端孍微妙(gravis dum suavis)」であつた。,ella,であつた,Ippolita,Ippolita,PRON,NULL,nsubj,nsubj,zero_to_src_anchor,
596,one-to-one,dn_629,isk_808,Parlami!,もつと聽きたいこと。,Parla,MISSING,Giorgio,MISSING,NULL,MISSING,nsubj,MISSING,leftover_source,
596,one-to-one,dn_629,isk_808,Parlami!,もつと聽きたいこと。,mi,MISSING,Ippolita,MISSING,PRON,MISSING,obj,MISSING,leftover_source,
596,one-to-one,dn_629,isk_808,Parlami!,もつと聽きたいこと。,MISSING,聽きたい,MISSING,Ippolita,MISSING,NULL,MISSING,nsubj,leftover_target,
597,one-to-one,dn_630,isk_809,ella mormorò.,復た女が呟いた。,ella,女,Ippolita,Ippolita,PRON,NOUN,nsubj,nsubj,explicit_ref_case,
600,one-to-one,dn_633,isk_813,"Poiché nel sogno abbiamo già assaporata la miglior parte del piacere, provando sensazioni e sentimenti della più rara delicatezza, io penso che noi dobbiamo rinunziare all'esperimento della realtà.",爲るだけの享樂は、旣う想像で爲盡して了つたし、感覺なり感情の經驗し、得る範圍で、異常なごくデリケエトな物の味を味ひ盡したのだから、もう一度實際に繰返して見ようといふのは愚なこつた。,io,MISSING,Giorgio,MISSING,PRON,MISSING,nsubj,MISSING,leftover_source,
600,one-to-one,dn_633,isk_813,"Poiché nel sogno abbiamo già assaporata la miglior parte del piacere, provando sensazioni e sentimenti della più rara delicatezza, io penso che noi dobbiamo rinunziare all'esperimento della realtà.",爲るだけの享樂は、旣う想像で爲盡して了つたし、感覺なり感情の經驗し、得る範圍で、異常なごくデリケエトな物の味を味ひ盡したのだから、もう一度實際に繰返して見ようといふのは愚なこつた。,abbiamo,味ひ盡した,Giorgio Ippolita,Giorgio Ippolita,NULL,NULL,nsubj,nsubj,zero_zero_semantic,0.33244267143456196
600,one-to-one,dn_633,isk_813,"Poiché nel sogno abbiamo già assaporata la miglior parte del piacere, provando sensazioni e sentimenti della più rara delicatezza, io penso che noi dobbiamo rinunziare all'esperimento della realtà.",爲るだけの享樂は、旣う想像で爲盡して了つたし、感覺なり感情の經驗し、得る範圍で、異常なごくデリケエトな物の味を味ひ盡したのだから、もう一度實際に繰返して見ようといふのは愚なこつた。,noi,繰返して見よう,Giorgio Ippolita,Giorgio Ippolita,PRON,NULL,nsubj,nsubj,zero_to_src_anchor,
601,one-to-one,dn_634,isk_814,Non andremo ad Orvieto.,オルヸエトオ行きは廢さう。,Non andremo,廢さう,Giorgio Ippolita,Giorgio Ippolita,NULL,NULL,nsubj,nsubj,zero_zero_single,
602,one-to-one,dn_635,isk_815,E Giorgio scelse un altro luogo:,斯う言つて行く先を取替へることにした。,Giorgio,言つて,Giorgio,Giorgio,PROPN,NULL,nsubj,nsubj,zero_to_src_anchor,
602,one-to-one,dn_635,isk_815,E Giorgio scelse un altro luogo:,斯う言つて行く先を取替へることにした。,MISSING,取替へることにした,MISSING,Giorgio,MISSING,NULL,MISSING,nsubj,leftover_target,
604,one-to-one,dn_637,isk_817,"Egli non conosceva Albano, non l'Ariccia, non il lago di Nemi.",ジォルジオは、アルバノは勿論、アリッチアもネミ湖も未だ知らなかつた。,Egli,ジォルジオ,Giorgio,Giorgio,PRON,PROPN,nsubj,nsubj,explicit_ref_case,
604,one-to-one,dn_637,isk_817,"Egli non conosceva Albano, non l'Ariccia, non il lago di Nemi.",ジォルジオは、アルバノは勿論、アリッチアもネミ湖も未だ知らなかつた。,MISSING,知らなかつた,MISSING,Giorgio,MISSING,NULL,MISSING,nsubj,leftover_target,
605,one-to-one,dn_638,isk_818,"Ippolita era stata ad Albano nella sua infanzia, in casa di una zia che ora non viveva più.",イッポリイタは子供の時分、死んだ伯母の家がアルバノに在つたので、連られて行つたことがあつた。,Ippolita,イッポリイタ,Ippolita,Ippolita,PROPN,PROPN,nsubj,nsubj,explicit_full,
605,one-to-one,dn_638,isk_818,"Ippolita era stata ad Albano nella sua infanzia, in casa di una zia che ora non viveva più.",イッポリイタは子供の時分、死んだ伯母の家がアルバノに在つたので、連られて行つたことがあつた。,sua,MISSING,Ippolita,MISSING,DET,MISSING,nmod,MISSING,leftover_source,
605,one-to-one,dn_638,isk_818,"Ippolita era stata ad Albano nella sua infanzia, in casa di una zia che ora non viveva più.",イッポリイタは子供の時分、死んだ伯母の家がアルバノに在つたので、連られて行つたことがあつた。,MISSING,連られて行つた,MISSING,Ippolita,MISSING,NULL,MISSING,nsubj,leftover_target,
605,one-to-one,dn_638,isk_818,"Ippolita era stata ad Albano nella sua infanzia, in casa di una zia che ora non viveva più.",イッポリイタは子供の時分、死んだ伯母の家がアルバノに在つたので、連られて行つたことがあつた。,una zia,死んだ伯母,aunt-Giovianna,aunt-Giovianna,NOUN,NOUN,nmod,nmod,explicit_full,
606,one-to-one,dn_639,isk_819,"Egli dunque avrebbe trovato in quei luoghi il fascino dell'ignoto; Ippolita, un riflesso delle lontane memorie.",男には知らぬ土地といふ興味があり、女に取つては遠い昔の追憶であつた。,Egli,男,Giorgio,Giorgio,PRON,NOUN,nsubj,obj,explicit_ref_only,
606,one-to-one,dn_639,isk_819,"Egli dunque avrebbe trovato in quei luoghi il fascino dell'ignoto; Ippolita, un riflesso delle lontane memorie.",男には知らぬ土地といふ興味があり、女に取つては遠い昔の追憶であつた。,Ippolita,女,Ippolita,Ippolita,PROPN,NOUN,nsubj,obj,explicit_ref_only,
609,one-to-one,dn_642,isk_822,"Stabilirono di partire il due di aprile, col treno del tocco.",いよいよ四月二日の正午の汽車で發つことにした。,Stabilirono,發つことにした,Giorgio Ippolita,Giorgio Ippolita,NULL,NULL,nsubj,nsubj,zero_zero_single,
610,one-to-many,dn_643,isk_823 isk_824,"Si trovarono alla stazione, per l'ora stabilita, tra la folla, provando entrambi in fondo al cuore una gioia ansiosa.",停車場へは時間通りに來て出會つた。 羣集の眞中に彼等自身を見出した時は、ぞくぞくする程嬉しい氣持がした。,entrambi,彼等自身,Giorgio Ippolita,Giorgio Ippolita,PRON,PRON,obj,obj,explicit_full,
610,one-to-many,dn_643,isk_823 isk_824,"Si trovarono alla stazione, per l'ora stabilita, tra la folla, provando entrambi in fondo al cuore una gioia ansiosa.",停車場へは時間通りに來て出會つた。 羣集の眞中に彼等自身を見出した時は、ぞくぞくする程嬉しい氣持がした。,trovarono,氣持がした,Giorgio Ippolita,Giorgio Ippolita,NULL,NULL,nsubj,nsubj,zero_zero_semantic,0.45773666990333733
610,one-to-many,dn_643,isk_823 isk_824,"Si trovarono alla stazione, per l'ora stabilita, tra la folla, provando entrambi in fondo al cuore una gioia ansiosa.",停車場へは時間通りに來て出會つた。 羣集の眞中に彼等自身を見出した時は、ぞくぞくする程嬉しい氣持がした。,Si,MISSING,Giorgio Ippolita,MISSING,PRON-REFLEX,MISSING,obj,MISSING,leftover_source,
610,one-to-many,dn_643,isk_823 isk_824,"Si trovarono alla stazione, per l'ora stabilita, tra la folla, provando entrambi in fondo al cuore una gioia ansiosa.",停車場へは時間通りに來て出會つた。 羣集の眞中に彼等自身を見出した時は、ぞくぞくする程嬉しい氣持がした。,MISSING,來て,MISSING,Giorgio Ippolita,MISSING,NULL,MISSING,nsubj,leftover_target,
610,one-to-many,dn_643,isk_823 isk_824,"Si trovarono alla stazione, per l'ora stabilita, tra la folla, provando entrambi in fondo al cuore una gioia ansiosa.",停車場へは時間通りに來て出會つた。 羣集の眞中に彼等自身を見出した時は、ぞくぞくする程嬉しい氣持がした。,MISSING,出會つた,MISSING,Giorgio Ippolita,MISSING,NULL,MISSING,nsubj,leftover_target,
610,one-to-many,dn_643,isk_823 isk_824,"Si trovarono alla stazione, per l'ora stabilita, tra la folla, provando entrambi in fondo al cuore una gioia ansiosa.",停車場へは時間通りに來て出會つた。 羣集の眞中に彼等自身を見出した時は、ぞくぞくする程嬉しい氣持がした。,la folla,羣集,stations-crowd,stations-crowd,NOUN,NOUN,obj,nmod,explicit_ref_pos,
611,one-to-one,dn_644,isk_825,Ci vedranno?,見附かりはしなくつて。,Ci,MISSING,Giorgio Ippolita,MISSING,PRON,MISSING,obj,MISSING,leftover_source,
611,one-to-one,dn_644,isk_825,Ci vedranno?,見附かりはしなくつて。,MISSING,見附かりはしなくつて,MISSING,Giorgio Ippolita,MISSING,NULL,MISSING,nsubj,leftover_target,
611,one-to-one,dn_644,isk_825,Ci vedranno?,見附かりはしなくつて。,vedranno,MISSING,stations-crowd,MISSING,NULL,MISSING,nsubj,MISSING,leftover_source,
612,one-to-one,dn_645,isk_826,Di':,ねえてば。,Di',MISSING,Giorgio,MISSING,NULL,MISSING,nsubj,MISSING,leftover_source,
613,one-to-one,dn_646,isk_827,ci vedranno?,見附からない？,ci,MISSING,Giorgio Ippolita,MISSING,PRON,MISSING,obj,MISSING,leftover_source,
613,one-to-one,dn_646,isk_827,ci vedranno?,見附からない？,MISSING,見附からない,MISSING,Giorgio Ippolita,MISSING,NULL,MISSING,nsubj,leftover_target,
613,one-to-one,dn_646,isk_827,ci vedranno?,見附からない？,vedranno,MISSING,stations-crowd,MISSING,NULL,MISSING,nsubj,MISSING,leftover_source,
614,one-to-many,dn_647,isk_828 isk_829,"domandava Ippolita, un po' ridente, un po' trepidante, poiché le pareva di sentire sopra di sé tutti gli sguardi.",笑ひ掛けた顔の何處かにびくびくするやうな様子も見せて女が言つた。 多くの人の視線が皆自分に集まつて來るやうに思へた。,le,自分,Ippolita,Ippolita,PRON,PRON,obj,obj,explicit_full,
614,one-to-many,dn_647,isk_828 isk_829,"domandava Ippolita, un po' ridente, un po' trepidante, poiché le pareva di sentire sopra di sé tutti gli sguardi.",笑ひ掛けた顔の何處かにびくびくするやうな様子も見せて女が言つた。 多くの人の視線が皆自分に集まつて來るやうに思へた。,Ippolita,女,Ippolita,Ippolita,PROPN,NOUN,nsubj,nsubj,explicit_ref_case,
614,one-to-many,dn_647,isk_828 isk_829,"domandava Ippolita, un po' ridente, un po' trepidante, poiché le pareva di sentire sopra di sé tutti gli sguardi.",笑ひ掛けた顔の何處かにびくびくするやうな様子も見せて女が言つた。 多くの人の視線が皆自分に集まつて來るやうに思へた。,pareva,見せて,Ippolita,Ippolita,NULL,NULL,nsubj,nsubj,zero_zero_semantic,0.3497030671603227
614,one-to-many,dn_647,isk_828 isk_829,"domandava Ippolita, un po' ridente, un po' trepidante, poiché le pareva di sentire sopra di sé tutti gli sguardi.",笑ひ掛けた顔の何處かにびくびくするやうな様子も見せて女が言つた。 多くの人の視線が皆自分に集まつて來るやうに思へた。,sé,MISSING,Ippolita,MISSING,PRON,MISSING,nmod,MISSING,leftover_source,
614,one-to-many,dn_647,isk_828 isk_829,"domandava Ippolita, un po' ridente, un po' trepidante, poiché le pareva di sentire sopra di sé tutti gli sguardi.",笑ひ掛けた顔の何處かにびくびくするやうな様子も見せて女が言つた。 多くの人の視線が皆自分に集まつて來るやうに思へた。,MISSING,思へた,MISSING,Ippolita,MISSING,NULL,MISSING,nsubj,leftover_target,
614,one-to-many,dn_647,isk_828 isk_829,"domandava Ippolita, un po' ridente, un po' trepidante, poiché le pareva di sentire sopra di sé tutti gli sguardi.",笑ひ掛けた顔の何處かにびくびくするやうな様子も見せて女が言つた。 多くの人の視線が皆自分に集まつて來るやうに思へた。,MISSING,多くの人,MISSING,stations-crowd,MISSING,NOUN,MISSING,nmod,leftover_target,
616,one-to-one,dn_649,isk_831,"Dio mio, come tremo!",奈何しよう。,tremo,しよう,Ippolita,Ippolita,NULL,NULL,nsubj,nsubj,zero_zero_single,
617,one-to-many,dn_650,isk_832 isk_833,Speravano di occupare nel treno uno scompartimento vuoto; ma con molto dispiacere dovettero rassegnarsi ad aver tre compagni di viaggio.,戰々するわ。 二人限で占領するやうな車室をと望んでゐたに、生憎三人の客と乘合はして萎頓して了つた。,Speravano,望んでゐた,Giorgio Ippolita,Giorgio Ippolita,NULL,NULL,nsubj,nsubj,zero_zero_semantic,0.5632791481912136
617,one-to-many,dn_650,isk_832 isk_833,Speravano di occupare nel treno uno scompartimento vuoto; ma con molto dispiacere dovettero rassegnarsi ad aver tre compagni di viaggio.,戰々するわ。 二人限で占領するやうな車室をと望んでゐたに、生憎三人の客と乘合はして萎頓して了つた。,dovettero,乘合はして萎頓して了つた,Giorgio Ippolita,Giorgio Ippolita,NULL,NULL,nsubj,nsubj,zero_zero_semantic,0.25750027830694233
617,one-to-many,dn_650,isk_832 isk_833,Speravano di occupare nel treno uno scompartimento vuoto; ma con molto dispiacere dovettero rassegnarsi ad aver tre compagni di viaggio.,戰々するわ。 二人限で占領するやうな車室をと望んでゐたに、生憎三人の客と乘合はして萎頓して了つた。,si,二人,Giorgio Ippolita,Giorgio Ippolita,PRON-REFLEX,NOUN,obj,obj,reflex_obj,
617,one-to-many,dn_650,isk_832 isk_833,Speravano di occupare nel treno uno scompartimento vuoto; ma con molto dispiacere dovettero rassegnarsi ad aver tre compagni di viaggio.,戰々するわ。 二人限で占領するやうな車室をと望んでゐたに、生憎三人の客と乘合はして萎頓して了つた。,MISSING,戰々する,MISSING,Ippolita,MISSING,NULL,MISSING,nsubj,leftover_target,
617,one-to-many,dn_650,isk_832 isk_833,Speravano di occupare nel treno uno scompartimento vuoto; ma con molto dispiacere dovettero rassegnarsi ad aver tre compagni di viaggio.,戰々するわ。 二人限で占領するやうな車室をと望んでゐたに、生憎三人の客と乘合はして萎頓して了つた。,tre compagni di viaggio,MISSING,MrMartlet MrsMartlet another-traveller,MISSING,NOUN,MISSING,obj,MISSING,leftover_source,
617,one-to-many,dn_650,isk_832 isk_833,Speravano di occupare nel treno uno scompartimento vuoto; ma con molto dispiacere dovettero rassegnarsi ad aver tre compagni di viaggio.,戰々するわ。 二人限で占領するやうな車室をと望んでゐたに、生憎三人の客と乘合はして萎頓して了つた。,MISSING,三人の客,MISSING,MrMartlet another-traveller,MISSING,NOUN,MISSING,obj,leftover_target,
618,one-to-one,dn_651,isk_834,Giorgio salutò un signore e una signora.,ジォルジオは其の內の男一人と女一人に會釋した。,Giorgio,ジォルジオ,Giorgio,Giorgio,PROPN,PROPN,nsubj,nsubj,explicit_full,
618,one-to-one,dn_651,isk_834,Giorgio salutò un signore e una signora.,ジォルジオは其の內の男一人と女一人に會釋した。,un signore,男一人,MrMartlet,MrMartlet,NOUN,NOUN,obj,obj,explicit_full,
618,one-to-one,dn_651,isk_834,Giorgio salutò un signore e una signora.,ジォルジオは其の內の男一人と女一人に會釋した。,una signora,女一人,MrsMartlet,MrsMartlet,NOUN,NOUN,obj,obj,explicit_full,
619,one-to-one,dn_652,isk_835,Chi sono?,誰？,sono,MISSING,MrMartlet MrsMartlet,MISSING,NULL,MISSING,nsubj,MISSING,leftover_source,
620,one-to-one,dn_653,isk_836,chiese Ippolita chinandosi all'orecchio dell'amico.,イッポリイタはジォルジオの耳の處へ伸懸つて行つて斯う訊いた。,amico,ジォルジオ,Giorgio,Giorgio,NOUN,PROPN,nmod,nmod,explicit_ref_case,
620,one-to-one,dn_653,isk_836,chiese Ippolita chinandosi all'orecchio dell'amico.,イッポリイタはジォルジオの耳の處へ伸懸つて行つて斯う訊いた。,Ippolita,イッポリイタ,Ippolita,Ippolita,PROPN,PROPN,nsubj,nsubj,explicit_full,
620,one-to-one,dn_653,isk_836,chiese Ippolita chinandosi all'orecchio dell'amico.,イッポリイタはジォルジオの耳の處へ伸懸つて行つて斯う訊いた。,si,MISSING,Ippolita,MISSING,PRON-REFLEX,MISSING,obj,MISSING,leftover_source,
620,one-to-one,dn_653,isk_836,chiese Ippolita chinandosi all'orecchio dell'amico.,イッポリイタはジォルジオの耳の處へ伸懸つて行つて斯う訊いた。,MISSING,訊いた,MISSING,Ippolita,MISSING,NULL,MISSING,nsubj,leftover_target,
621,one-to-one,dn_654,isk_837,"Poi, ti dirò.",今に解る。,dirò,MISSING,Giorgio,MISSING,NULL,MISSING,nsubj,MISSING,leftover_source,
621,one-to-one,dn_654,isk_837,"Poi, ti dirò.",今に解る。,ti,MISSING,Ippolita,MISSING,PRON,MISSING,obj,MISSING,leftover_source,
622,one-to-one,dn_655,isk_838,Ella esaminò la coppia curiosamente.,その男女連の客をイッポリイタは不思議さうに視入つた。,Ella,イッポリイタ,Ippolita,Ippolita,PRON,PROPN,nsubj,nsubj,explicit_ref_case,
622,one-to-one,dn_655,isk_838,Ella esaminò la coppia curiosamente.,その男女連の客をイッポリイタは不思議さうに視入つた。,la coppia,その男女連の客,MrMartlet MrsMartlet,MrMartlet MrsMartlet,NOUN,NOUN,obj,obj,explicit_full,
623,one-to-many,dn_656,isk_839 isk_840 isk_841,"Il signore era un vecchio, con una lunga barba venerabile e con un vasto cranio calvo, giallastro, su cui vedevasi una cavità profonda, una specie di ombelico enorme e difforme, simile al segno che può lasciare un grosso dito premuto in una materia molle.",男は長い嚴めしい髯のある、闊い額の禿け上がつた、色つぽい頭附の老人であった。 禿の眞中に、大きい歪な臍の形をした深い凹處が出來てゐた。 太い指で、軟かい物を押し凹ましたやうに見える。,Il signore,男,MrMartlet,MrMartlet,NOUN,NOUN,nsubj,nsubj,explicit_full,
623,one-to-many,dn_656,isk_839 isk_840 isk_841,"Il signore era un vecchio, con una lunga barba venerabile e con un vasto cranio calvo, giallastro, su cui vedevasi una cavità profonda, una specie di ombelico enorme e difforme, simile al segno che può lasciare un grosso dito premuto in una materia molle.",男は長い嚴めしい髯のある、闊い額の禿け上がつた、色つぽい頭附の老人であった。 禿の眞中に、大きい歪な臍の形をした深い凹處が出來てゐた。 太い指で、軟かい物を押し凹ましたやうに見える。,un vecchio,老人,MrMartlet,MrMartlet,NOUN,NOUN,pred,pred,explicit_full,
623,one-to-many,dn_656,isk_839 isk_840 isk_841,"Il signore era un vecchio, con una lunga barba venerabile e con un vasto cranio calvo, giallastro, su cui vedevasi una cavità profonda, una specie di ombelico enorme e difforme, simile al segno che può lasciare un grosso dito premuto in una materia molle.",男は長い嚴めしい髯のある、闊い額の禿け上がつた、色つぽい頭附の老人であった。 禿の眞中に、大きい歪な臍の形をした深い凹處が出來てゐた。 太い指で、軟かい物を押し凹ましたやうに見える。,MISSING,凹ましたやうに,MISSING,MrMartlet,MISSING,NULL,MISSING,nsubj,leftover_target,
624,one-to-many,dn_657,isk_842 isk_843,"La signora, avvolta in uno scialle persiano, mostrava all'ombra d'una specie di tegola un viso emaciato, meditabondo; e nel suo abbigliamento e nella sua espressione ricordava la caricatura inglese d'una blue-stocking.",女は波斯肩掛に裏まれて、帽子の下から、瘠せ悴れた神經質な顏を見せて居た。 容貌にも服裝にも、何處となく英國式のプルウ·ストッキングに見るやうな特色的な處が見出された。,La signora,女,MrsMartlet,MrsMartlet,NOUN,NOUN,nsubj,nsubj,explicit_full,
624,one-to-many,dn_657,isk_842 isk_843,"La signora, avvolta in uno scialle persiano, mostrava all'ombra d'una specie di tegola un viso emaciato, meditabondo; e nel suo abbigliamento e nella sua espressione ricordava la caricatura inglese d'una blue-stocking.",女は波斯肩掛に裏まれて、帽子の下から、瘠せ悴れた神經質な顏を見せて居た。 容貌にも服裝にも、何處となく英國式のプルウ·ストッキングに見るやうな特色的な處が見出された。,ricordava,見せて居た,MrsMartlet,MrsMartlet,NULL,NULL,nsubj,nsubj,zero_zero_single,
624,one-to-many,dn_657,isk_842 isk_843,"La signora, avvolta in uno scialle persiano, mostrava all'ombra d'una specie di tegola un viso emaciato, meditabondo; e nel suo abbigliamento e nella sua espressione ricordava la caricatura inglese d'una blue-stocking.",女は波斯肩掛に裏まれて、帽子の下から、瘠せ悴れた神經質な顏を見せて居た。 容貌にも服裝にも、何處となく英國式のプルウ·ストッキングに見るやうな特色的な處が見出された。,suo,MISSING,MrsMartlet,MISSING,DET,MISSING,nmod,MISSING,leftover_source,
624,one-to-many,dn_657,isk_842 isk_843,"La signora, avvolta in uno scialle persiano, mostrava all'ombra d'una specie di tegola un viso emaciato, meditabondo; e nel suo abbigliamento e nella sua espressione ricordava la caricatura inglese d'una blue-stocking.",女は波斯肩掛に裏まれて、帽子の下から、瘠せ悴れた神經質な顏を見せて居た。 容貌にも服裝にも、何處となく英國式のプルウ·ストッキングに見るやうな特色的な處が見出された。,sua,MISSING,MrsMartlet,MISSING,DET,MISSING,nmod,MISSING,leftover_source,
625,one-to-many,dn_658,isk_844 isk_845,"Gli occhi del vecchio, cerulei, avevano però una vivacità singolare; parevano illuminati da una fiamma interiore, come gli occhi di un entusiasta.",けれども老年の男の濡んだ眼附には、不思議に生き生きした色があつた。 憧憬家に似た、心の火に輝くと言つたやうな、那樣眼に見えた。,vecchio,老年の男,MrMartlet,MrMartlet,NOUN,NOUN,nmod,nmod,explicit_full,
626,one-to-one,dn_659,isk_846,"Inoltre, egli aveva risposto al saluto di Giorgio Aurispa con un sorriso dolcissimo.",その男が可愛い微笑を浮べてジォルジオの會釋に應へた。,Giorgio Aurispa,ジォルジオ,Giorgio,Giorgio,PROPN,PROPN,nmod,nmod,explicit_full,
626,one-to-one,dn_659,isk_846,"Inoltre, egli aveva risposto al saluto di Giorgio Aurispa con un sorriso dolcissimo.",その男が可愛い微笑を浮べてジォルジオの會釋に應へた。,egli,その男,MrMartlet,MrMartlet,PRON,NOUN,nsubj,nsubj,explicit_ref_case,
626,one-to-one,dn_659,isk_846,"Inoltre, egli aveva risposto al saluto di Giorgio Aurispa con un sorriso dolcissimo.",その男が可愛い微笑を浮べてジォルジオの會釋に應へた。,MISSING,應へた,MISSING,MrMartlet,MISSING,NULL,MISSING,nsubj,leftover_target,
627,one-to-one,dn_660,isk_847,Ippolita cercava nella sua memoria.,イッポリイタは記憶を搾つて見た。,Ippolita,イッポリイタ,Ippolita,Ippolita,PROPN,PROPN,nsubj,nsubj,explicit_full,
627,one-to-one,dn_660,isk_847,Ippolita cercava nella sua memoria.,イッポリイタは記憶を搾つて見た。,sua,MISSING,Ippolita,MISSING,DET,MISSING,nmod,MISSING,leftover_source,
628,one-to-one,dn_661,isk_848,In qual luogo aveva ella incontrata quella coppia?,何處でか遇つた事があつたか知ら。,aveva,遇つた事があつた,Ippolita,Ippolita,NULL,NULL,nsubj,nsubj,zero_zero_single,
628,one-to-one,dn_661,isk_848,In qual luogo aveva ella incontrata quella coppia?,何處でか遇つた事があつたか知ら。,ella,MISSING,Ippolita,MISSING,PRON,MISSING,nsubj,MISSING,leftover_source,
628,one-to-one,dn_661,isk_848,In qual luogo aveva ella incontrata quella coppia?,何處でか遇つた事があつたか知ら。,quella coppia,MISSING,MrMartlet MrsMartlet,MISSING,NOUN,MISSING,obj,MISSING,leftover_source,
629,one-to-one,dn_662,isk_849,Non riusciva ad afferrare il ricordo; ma sentiva oscuramente che le due strane figure senili entravano in un ricordo del suo amore.,判然と記憶に浮べることは出來なかつたが、唯、那の異樣な男女が、自分の戀の夢語りの何處かに黏り附いて居るといふ漠然した考だけはあつた。,suo,自分,Ippolita,Ippolita,DET,PRON,nmod,nmod,explicit_ref_case,
629,one-to-one,dn_662,isk_849,Non riusciva ad afferrare il ricordo; ma sentiva oscuramente che le due strane figure senili entravano in un ricordo del suo amore.,判然と記憶に浮べることは出來なかつたが、唯、那の異樣な男女が、自分の戀の夢語りの何處かに黏り附いて居るといふ漠然した考だけはあつた。,Non riusciva,浮べることは出來なかつた,Ippolita,Ippolita,NULL,NULL,nsubj,nsubj,zero_zero_semantic,0.3924515057693828
629,one-to-one,dn_662,isk_849,Non riusciva ad afferrare il ricordo; ma sentiva oscuramente che le due strane figure senili entravano in un ricordo del suo amore.,判然と記憶に浮べることは出來なかつたが、唯、那の異樣な男女が、自分の戀の夢語りの何處かに黏り附いて居るといふ漠然した考だけはあつた。,sentiva,MISSING,Ippolita,MISSING,NULL,MISSING,nsubj,MISSING,leftover_source,
629,one-to-one,dn_662,isk_849,Non riusciva ad afferrare il ricordo; ma sentiva oscuramente che le due strane figure senili entravano in un ricordo del suo amore.,判然と記憶に浮べることは出來なかつたが、唯、那の異樣な男女が、自分の戀の夢語りの何處かに黏り附いて居るといふ漠然した考だけはあつた。,le due strane figure senili,那の異樣な男女,MrMartlet MrsMartlet,MrMartlet MrsMartlet,NOUN,NOUN,nsubj,nsubj,explicit_full,
630,one-to-one,dn_663,isk_851,Dimmi:,ええ？,Dim,MISSING,Giorgio,MISSING,NULL,MISSING,nsubj,MISSING,leftover_source,
630,one-to-one,dn_663,isk_851,Dimmi:,ええ？,mi,MISSING,Ippolita,MISSING,PRON,MISSING,obj,MISSING,leftover_source,
631,one-to-one,dn_664,isk_850,chi sono?,誰？,sono,MISSING,MrMartlet MrsMartlet,MISSING,NULL,MISSING,nsubj,MISSING,leftover_source,
632,one-to-one,dn_665,isk_852,ripeté all'orecchio dell'amico.,又囁いた。,amico,MISSING,Giorgio,MISSING,NOUN,MISSING,nsubj,MISSING,leftover_source,
632,one-to-one,dn_665,isk_852,ripeté all'orecchio dell'amico.,又囁いた。,ripeté,囁いた,Ippolita,Ippolita,NULL,NULL,nsubj,nsubj,zero_zero_single,
633,many-to-one,dn_666 dn_667,isk_853,I Martlet: mister Martlet con la moglie.,マアトレットさんと細君さ。,mister Martlet,マアトレットさん,MrMartlet,MrMartlet,PROPN,PROPN,nsubj,nsubj,explicit_full,
633,many-to-one,dn_666 dn_667,isk_853,I Martlet: mister Martlet con la moglie.,マアトレットさんと細君さ。,I Martlet,MISSING,MrMartlet MrsMartlet,MISSING,PROPN,MISSING,nsubj,MISSING,leftover_source,
633,many-to-one,dn_666 dn_667,isk_853,I Martlet: mister Martlet con la moglie.,マアトレットさんと細君さ。,la moglie,細君,MrsMartlet,MrsMartlet,NOUN,NOUN,obj,nsubj,explicit_ref_pos,
634,one-to-one,dn_668,isk_854,Ci portano fortuna.,辻占が吉いぜ。,Ci,MISSING,Giorgio Ippolita,MISSING,PRON,MISSING,obj,MISSING,leftover_source,
634,one-to-one,dn_668,isk_854,Ci portano fortuna.,辻占が吉いぜ。,portano,MISSING,MrMartlet MrsMartlet,MISSING,NULL,MISSING,nsubj,MISSING,leftover_source,
635,one-to-one,dn_669,isk_855,Sai dove erano?,何處で遇つたか記えてるか。,MISSING,遇つた,MISSING,Ippolita,MISSING,NULL,MISSING,nsubj,leftover_target,
635,one-to-one,dn_669,isk_855,Sai dove erano?,何處で遇つたか記えてるか。,MISSING,記えてる,MISSING,Ippolita,MISSING,NULL,MISSING,nsubj,leftover_target,
635,one-to-one,dn_669,isk_855,Sai dove erano?,何處で遇つたか記えてるか。,Sai,MISSING,MrMartlet MrsMartlet,MISSING,NULL,MISSING,nsubj,MISSING,leftover_source,
635,one-to-one,dn_669,isk_855,Sai dove erano?,何處で遇つたか記えてるか。,erano,MISSING,MrMartlet MrsMartlet,MISSING,NULL,MISSING,nsubj,MISSING,leftover_source,
636,one-to-many,dn_670,isk_856 isk_857,Non so; ma io li devo aver veduti in qualche posto.,奈何も思ひ出せないの。 遇つたにや遇つたんですけどね。,so,遇つたにや遇つた,Ippolita,Ippolita,NULL,NULL,nsubj,nsubj,zero_zero_semantic,0.4540731299269613
636,one-to-many,dn_670,isk_856 isk_857,Non so; ma io li devo aver veduti in qualche posto.,奈何も思ひ出せないの。 遇つたにや遇つたんですけどね。,io,思ひ出せない,Ippolita,Ippolita,PRON,NULL,nsubj,nsubj,zero_to_src_anchor,
636,one-to-many,dn_670,isk_856 isk_857,Non so; ma io li devo aver veduti in qualche posto.,奈何も思ひ出せないの。 遇つたにや遇つたんですけどね。,li,MISSING,MrMartlet MrsMartlet,MISSING,PRON,MISSING,obj,MISSING,leftover_source,
637,one-to-many,dn_671,isk_858 isk_859,"Erano nella cappella di via Belsiana, il due di aprile, quando io ti conobbi....",四月の二日にベルシアナ街の會堂で過つたぢやないか。 初めてお前とし相識になつた那の時さ。,io,相識になつた,Giorgio,Giorgio,PRON,NULL,nsubj,nsubj,zero_to_src_anchor,
637,one-to-many,dn_671,isk_858 isk_859,"Erano nella cappella di via Belsiana, il due di aprile, quando io ti conobbi....",四月の二日にベルシアナ街の會堂で過つたぢやないか。 初めてお前とし相識になつた那の時さ。,ti,お前,Ippolita,Ippolita,PRON,PRON,obj,obj,explicit_full,
637,one-to-many,dn_671,isk_858 isk_859,"Erano nella cappella di via Belsiana, il due di aprile, quando io ti conobbi....",四月の二日にベルシアナ街の會堂で過つたぢやないか。 初めてお前とし相識になつた那の時さ。,MISSING,過つた,MISSING,Ippolita,MISSING,NULL,MISSING,nsubj,leftover_target,
637,one-to-many,dn_671,isk_858 isk_859,"Erano nella cappella di via Belsiana, il due di aprile, quando io ti conobbi....",四月の二日にベルシアナ街の會堂で過つたぢやないか。 初めてお前とし相識になつた那の時さ。,Erano,MISSING,MrMartlet MrsMartlet,MISSING,PRON,MISSING,nsubj,MISSING,leftover_source,
638,one-to-many,dn_672,isk_860 isk_861,"Ah, sì, sì; ricordo!",然うよ然うよ！ ええ、記えててよ。,ricordo,記えてて,Ippolita,Ippolita,NULL,NULL,nsubj,nsubj,zero_zero_single,
639,one-to-one,dn_673,isk_862,Le raggiarono gli occhi.,彼女の眼は輝いた。,Le,彼女,Ippolita,Ippolita,PRON,NOUN,obj,nmod,explicit_ref_only,
640,one-to-one,dn_674,isk_863,Il caso le parve mirabile.,不思議な偶會と思はれた。,le,MISSING,Ippolita,MISSING,PRON,MISSING,obj,MISSING,leftover_source,
640,one-to-one,dn_674,isk_863,Il caso le parve mirabile.,不思議な偶會と思はれた。,MISSING,思はれた,MISSING,Ippolita,MISSING,NULL,MISSING,nsubj,leftover_target,
641,one-to-one,dn_675,isk_864,"Ella guardò di nuovo i due vecchi, quasi intenerita.",更めて復た男女を眺めて一種の懷愛しい情に撃たれた。,Ella,眺めて,Ippolita,Ippolita,PRON,NULL,nsubj,nsubj,zero_to_src_anchor,
641,one-to-one,dn_675,isk_864,"Ella guardò di nuovo i due vecchi, quasi intenerita.",更めて復た男女を眺めて一種の懷愛しい情に撃たれた。,MISSING,撃たれた,MISSING,Ippolita,MISSING,NULL,MISSING,nsubj,leftover_target,
641,one-to-one,dn_675,isk_864,"Ella guardò di nuovo i due vecchi, quasi intenerita.",更めて復た男女を眺めて一種の懷愛しい情に撃たれた。,MISSING,男女,MISSING,MrMartlet,MISSING,NOUN,MISSING,obj,leftover_target,
641,one-to-one,dn_675,isk_864,"Ella guardò di nuovo i due vecchi, quasi intenerita.",更めて復た男女を眺めて一種の懷愛しい情に撃たれた。,i due vecchi,MISSING,MrMartlet MrsMartlet,MISSING,NOUN,MISSING,obj,MISSING,leftover_source,
643,one-to-many,dn_677,isk_866 isk_867,"Appoggiò il capo e si mise a ripensare, invasa da una malinconia deliziosa.",甘い悲哀は彼女を包んだ。 頭を背後に靠せて、もう一度過ぎた日の事を想つて見た。,Appoggiò,靠せて,Ippolita,Ippolita,NULL,NULL,nsubj,nsubj,zero_zero_semantic,0.43841645592137385
643,one-to-many,dn_677,isk_866 isk_867,"Appoggiò il capo e si mise a ripensare, invasa da una malinconia deliziosa.",甘い悲哀は彼女を包んだ。 頭を背後に靠せて、もう一度過ぎた日の事を想つて見た。,mise,想つて見た,Ippolita,Ippolita,NULL,NULL,nsubj,nsubj,zero_zero_semantic,0.4231561958894395
643,one-to-many,dn_677,isk_866 isk_867,"Appoggiò il capo e si mise a ripensare, invasa da una malinconia deliziosa.",甘い悲哀は彼女を包んだ。 頭を背後に靠せて、もう一度過ぎた日の事を想つて見た。,si,彼女,Ippolita,Ippolita,PRON-REFLEX,PRON,obj,obj,reflex_obj,
644,one-to-one,dn_678,isk_868,"Rivide la piccola chiesa nella via Belsiana, segreta, immersa in una penombra turchiniccia:",靑い淡影に覆はれた、神祕めいたベルシアナの小さな教會堂が、眼の前に出た。,Rivide,MISSING,Ippolita,MISSING,NULL,MISSING,nsubj,MISSING,leftover_source,
645,one-to-many,dn_679,isk_869 isk_870 isk_871 isk_872 isk_873 isk_874,"- un coro di fanciulle coronava la tribuna ch'era simile a un verone ricurvo; sotto, alcuni sonatori di strumenti ad arco stavano in piedi davanti ai leggii d'abete bianco; intorno intorno, su gli stalli di quercia stavano seduti i pochi uditori, quasi tutti canuti o calvi; il maestro batteva il tempo; un pio profumo d'incenso svanito e di violette si mescolava alla musica di Sebastiano Bach.",―露臺のやうな彎曲の附いた高座。 合唱の少女達の花把。 階下には自い樅の説教壇、その前に弦楽器を持つて立つた演奏者の列。 檞の木の座席に就いた厪かな聴衆は、大抵胡麻鹽か禿頭の人達であつた。 主任の拍子が始まつた。 香とヸオレッとドの敬虔な句とに混つて、セバスチアン・バハの樂の音が聞えて來た。,il maestro,主任,AlessandroMemmi,AlessandroMemmi,NOUN,NOUN,nsubj,nmod,explicit_ref_pos,
645,one-to-many,dn_679,isk_869 isk_870 isk_871 isk_872 isk_873 isk_874,"- un coro di fanciulle coronava la tribuna ch'era simile a un verone ricurvo; sotto, alcuni sonatori di strumenti ad arco stavano in piedi davanti ai leggii d'abete bianco; intorno intorno, su gli stalli di quercia stavano seduti i pochi uditori, quasi tutti canuti o calvi; il maestro batteva il tempo; un pio profumo d'incenso svanito e di violette si mescolava alla musica di Sebastiano Bach.",―露臺のやうな彎曲の附いた高座。 合唱の少女達の花把。 階下には自い樅の説教壇、その前に弦楽器を持つて立つた演奏者の列。 檞の木の座席に就いた厪かな聴衆は、大抵胡麻鹽か禿頭の人達であつた。 主任の拍子が始まつた。 香とヸオレッとドの敬虔な句とに混つて、セバスチアン・バハの樂の音が聞えて來た。,Sebastiano Bach,セバスチアン・バハ,SebastianBach,SebastianBach,PROPN,PROPN,nmod,nmod,explicit_full,
645,one-to-many,dn_679,isk_869 isk_870 isk_871 isk_872 isk_873 isk_874,"- un coro di fanciulle coronava la tribuna ch'era simile a un verone ricurvo; sotto, alcuni sonatori di strumenti ad arco stavano in piedi davanti ai leggii d'abete bianco; intorno intorno, su gli stalli di quercia stavano seduti i pochi uditori, quasi tutti canuti o calvi; il maestro batteva il tempo; un pio profumo d'incenso svanito e di violette si mescolava alla musica di Sebastiano Bach.",―露臺のやうな彎曲の附いた高座。 合唱の少女達の花把。 階下には自い樅の説教壇、その前に弦楽器を持つて立つた演奏者の列。 檞の木の座席に就いた厪かな聴衆は、大抵胡麻鹽か禿頭の人達であつた。 主任の拍子が始まつた。 香とヸオレッとドの敬虔な句とに混つて、セバスチアン・バハの樂の音が聞えて來た。,i pochi uditori,檞の木の座席に就いた厪かな聴衆,audience,audience,NOUN,NOUN,nsubj,nsubj,explicit_full,
645,one-to-many,dn_679,isk_869 isk_870 isk_871 isk_872 isk_873 isk_874,"- un coro di fanciulle coronava la tribuna ch'era simile a un verone ricurvo; sotto, alcuni sonatori di strumenti ad arco stavano in piedi davanti ai leggii d'abete bianco; intorno intorno, su gli stalli di quercia stavano seduti i pochi uditori, quasi tutti canuti o calvi; il maestro batteva il tempo; un pio profumo d'incenso svanito e di violette si mescolava alla musica di Sebastiano Bach.",―露臺のやうな彎曲の附いた高座。 合唱の少女達の花把。 階下には自い樅の説教壇、その前に弦楽器を持つて立つた演奏者の列。 檞の木の座席に就いた厪かな聴衆は、大抵胡麻鹽か禿頭の人達であつた。 主任の拍子が始まつた。 香とヸオレッとドの敬虔な句とに混つて、セバスチアン・バハの樂の音が聞えて來た。,un coro di fanciulle,合唱の少女達,maidens,maidens,NOUN,NOUN,nsubj,nmod,explicit_ref_pos,
645,one-to-many,dn_679,isk_869 isk_870 isk_871 isk_872 isk_873 isk_874,"- un coro di fanciulle coronava la tribuna ch'era simile a un verone ricurvo; sotto, alcuni sonatori di strumenti ad arco stavano in piedi davanti ai leggii d'abete bianco; intorno intorno, su gli stalli di quercia stavano seduti i pochi uditori, quasi tutti canuti o calvi; il maestro batteva il tempo; un pio profumo d'incenso svanito e di violette si mescolava alla musica di Sebastiano Bach.",―露臺のやうな彎曲の附いた高座。 合唱の少女達の花把。 階下には自い樅の説教壇、その前に弦楽器を持つて立つた演奏者の列。 檞の木の座席に就いた厪かな聴衆は、大抵胡麻鹽か禿頭の人達であつた。 主任の拍子が始まつた。 香とヸオレッとドの敬虔な句とに混つて、セバスチアン・バハの樂の音が聞えて來た。,alcuni sonatori di strumenti ad arco,弦楽器を持つて立つた演奏者の列,violinists,violinists,NOUN,NOUN,nsubj,nsubj,explicit_full,
646,one-to-one,dn_680,isk_875,"Ma, vinta dalla soavità del ricordo, ella si piegò di nuovo verso l'amico, mormorando:",追憶の快さに、ひたひたと男の方へ摺寄つて、忍び聲で、,l'amico,男,Giorgio,Giorgio,NOUN,NOUN,obj,obj,explicit_full,
646,one-to-one,dn_680,isk_875,"Ma, vinta dalla soavità del ricordo, ella si piegò di nuovo verso l'amico, mormorando:",追憶の快さに、ひたひたと男の方へ摺寄つて、忍び聲で、,ella,摺寄つて,Ippolita,Ippolita,PRON,NULL,nsubj,nsubj,zero_to_src_anchor,
646,one-to-one,dn_680,isk_875,"Ma, vinta dalla soavità del ricordo, ella si piegò di nuovo verso l'amico, mormorando:",追憶の快さに、ひたひたと男の方へ摺寄つて、忍び聲で、,si,MISSING,Ippolita,MISSING,PRON,MISSING,obj,MISSING,leftover_source,
647,one-to-one,dn_681,isk_876,Ripensi anche tu?,貴郞も昔の事考へて？,tu,貴郞,Giorgio,Giorgio,PRON,PRON,nsubj,nsubj,explicit_full,
647,one-to-one,dn_681,isk_876,Ripensi anche tu?,貴郞も昔の事考へて？,Ripensi,考へて,Giorgio,Giorgio,NULL,NULL,nsubj,nsubj,zero_zero_single,
648,one-to-many,dn_682,isk_877 isk_878,"Ella avrebbe voluto comunicargli la sua commozione, dimostrargli di non aver dimenticato neppure le più minute particolarità di quell'avvenimento solenne.",一々忘れて居ない。 那の崇嚴な當時の光景を一部分でも忘れて居ないことを知らせる爲に、奈何かして自分の感情が男に通じたかつた。,gli,男,Giorgio,Giorgio,PRON,NOUN,obj,obj,explicit_ref_case,
648,one-to-many,dn_682,isk_877 isk_878,"Ella avrebbe voluto comunicargli la sua commozione, dimostrargli di non aver dimenticato neppure le più minute particolarità di quell'avvenimento solenne.",一々忘れて居ない。 那の崇嚴な當時の光景を一部分でも忘れて居ないことを知らせる爲に、奈何かして自分の感情が男に通じたかつた。,gli,自分,Giorgio,Giorgio,PRON,NOUN,obj,nmod,explicit_ref_only,
648,one-to-many,dn_682,isk_877 isk_878,"Ella avrebbe voluto comunicargli la sua commozione, dimostrargli di non aver dimenticato neppure le più minute particolarità di quell'avvenimento solenne.",一々忘れて居ない。 那の崇嚴な當時の光景を一部分でも忘れて居ないことを知らせる爲に、奈何かして自分の感情が男に通じたかつた。,MISSING,忘れて居ない,MISSING,Giorgio,MISSING,NULL,MISSING,nsubj,leftover_target,
648,one-to-many,dn_682,isk_877 isk_878,"Ella avrebbe voluto comunicargli la sua commozione, dimostrargli di non aver dimenticato neppure le più minute particolarità di quell'avvenimento solenne.",一々忘れて居ない。 那の崇嚴な當時の光景を一部分でも忘れて居ないことを知らせる爲に、奈何かして自分の感情が男に通じたかつた。,Ella,忘れて居ない,Ippolita,Ippolita,PRON,NULL,nsubj,nsubj,zero_to_src_anchor,
649,one-to-many,dn_683,isk_879 isk_880,"Egli, con un atto furtivo, le prese una mano tra le pieghe ampie del mantello da viaggio e la tenne stretta.",ジォルジオは人目を竊むやうな眼附をして、外套の襞の下から女の手を探した。 そして輕く握つた。,Egli,ジォルジオ,Giorgio,Giorgio,PRON,PROPN,nsubj,nsubj,explicit_ref_case,
649,one-to-many,dn_683,isk_879 isk_880,"Egli, con un atto furtivo, le prese una mano tra le pieghe ampie del mantello da viaggio e la tenne stretta.",ジォルジオは人目を竊むやうな眼附をして、外套の襞の下から女の手を探した。 そして輕く握つた。,tenne,握つた,Giorgio,Giorgio,NULL,NULL,nsubj,nsubj,zero_zero_semantic,0.24391773497616803
649,one-to-many,dn_683,isk_879 isk_880,"Egli, con un atto furtivo, le prese una mano tra le pieghe ampie del mantello da viaggio e la tenne stretta.",ジォルジオは人目を竊むやうな眼附をして、外套の襞の下から女の手を探した。 そして輕く握つた。,MISSING,探した,MISSING,Giorgio,MISSING,NULL,MISSING,nsubj,leftover_target,
649,one-to-many,dn_683,isk_879 isk_880,"Egli, con un atto furtivo, le prese una mano tra le pieghe ampie del mantello da viaggio e la tenne stretta.",ジォルジオは人目を竊むやうな眼附をして、外套の襞の下から女の手を探した。 そして輕く握つた。,le,女,Ippolita,Ippolita,PRON,NOUN,obj,nmod,explicit_ref_only,
649,one-to-many,dn_683,isk_879 isk_880,"Egli, con un atto furtivo, le prese una mano tra le pieghe ampie del mantello da viaggio e la tenne stretta.",ジォルジオは人目を竊むやうな眼附をして、外套の襞の下から女の手を探した。 そして輕く握つた。,la,MISSING,Ippolita,MISSING,PRON,MISSING,obj,MISSING,leftover_source,
650,one-to-many,dn_684,isk_881 isk_882 isk_883,Ambedue provarono dentro di loro un brividìo che somigliava a certe delicate sensazioni dei primissimi tempi.,二人の心は同時に身顫ひを感じた。 ―戀の初めに知つた或る微細な感覺を思はせるやうな身顫ひであつた。 斯うした態度が靜と續いた。,Ambedue,二人,Giorgio Ippolita,Giorgio Ippolita,PRON,NOUN,nsubj,nsubj,explicit_ref_case,
650,one-to-many,dn_684,isk_881 isk_882 isk_883,Ambedue provarono dentro di loro un brividìo che somigliava a certe delicate sensazioni dei primissimi tempi.,二人の心は同時に身顫ひを感じた。 ―戀の初めに知つた或る微細な感覺を思はせるやうな身顫ひであつた。 斯うした態度が靜と續いた。,loro,MISSING,Giorgio Ippolita,MISSING,DET,MISSING,nmod,MISSING,leftover_source,
651,one-to-many,dn_685,isk_884 isk_885 isk_886 isk_887,"E rimasero così, pensosi, un poco estatici, un poco intorpiditi nel tepore, cullati dal moto eguale e continuo del treno, intravedendo talvolta per i vetri un paesaggio verdastro nella nebbia.",種々な事が考へられた。 煖かさに、ぼつと上氣したやうな、昏睡しさうな心持になつた。 平坦な汽車の震動に、何處までも慰されるやうな気分になった。 窓からは靄に浮き出した、綠がかつた景色が折々眼に這入る。,rimasero,気分になった,Giorgio Ippolita,Giorgio Ippolita,NULL,NULL,nsubj,nsubj,zero_zero_semantic,0.3762648231845951
651,one-to-many,dn_685,isk_884 isk_885 isk_886 isk_887,"E rimasero così, pensosi, un poco estatici, un poco intorpiditi nel tepore, cullati dal moto eguale e continuo del treno, intravedendo talvolta per i vetri un paesaggio verdastro nella nebbia.",種々な事が考へられた。 煖かさに、ぼつと上氣したやうな、昏睡しさうな心持になつた。 平坦な汽車の震動に、何處までも慰されるやうな気分になった。 窓からは靄に浮き出した、綠がかつた景色が折々眼に這入る。,MISSING,心持になつた,MISSING,Giorgio Ippolita,MISSING,NULL,MISSING,nsubj,leftover_target,
653,one-to-many,dn_687,isk_890 isk_891,"Mister Martlet sonnecchiava in un angolo; mistress Martlet leggeva una rivista, il Lyceum.",マアトレット君は隅の方で昏昏やつてゐる。 細君は雜誌―『ライシアム』を讀んでゐる。,Mister Martlet,マアトレット君,MrMartlet,MrMartlet,PROPN,PROPN,nsubj,nsubj,explicit_full,
653,one-to-many,dn_687,isk_890 isk_891,"Mister Martlet sonnecchiava in un angolo; mistress Martlet leggeva una rivista, il Lyceum.",マアトレット君は隅の方で昏昏やつてゐる。 細君は雜誌―『ライシアム』を讀んでゐる。,mistress Martlet,細君,MrsMartlet,MrsMartlet,PROPN,NOUN,nsubj,nsubj,explicit_ref_case,
654,one-to-one,dn_688,isk_892,"L'altro viaggiatore, con un berretto sugli occhi, dormiva profondo.",もう一人の客は目の上へ帽子を引冠つたまま高鼾で居た。,L'altro viaggiatore,もう一人の客,another-traveller,another-traveller,NOUN,NOUN,nsubj,nsubj,explicit_full,
655,one-to-one,dn_689,isk_893,"Mister Martlet portava la battuta con veemenza, insieme al maestro, se il coro perdeva la misura.",合唱組が拍子を外しても、マアトレット君の指揮は主任ほど確乎したものだつた。,Mister Martlet,マアトレット君,MrMartlet,MrMartlet,PROPN,PROPN,nsubj,nmod,explicit_ref_pos,
655,one-to-one,dn_689,isk_893,"Mister Martlet portava la battuta con veemenza, insieme al maestro, se il coro perdeva la misura.",合唱組が拍子を外しても、マアトレット君の指揮は主任ほど確乎したものだつた。,maestro,MISSING,another-traveller,MISSING,NOUN,MISSING,obj,MISSING,leftover_source,
656,one-to-one,dn_690,isk_894,"Tutti quei vecchi, a un certo punto, portavano la battuta, come invasi dalla follia della musica.",奈何かすると音樂に浮かされて、老人といふ老人は皆拍子を取り出した。,quei vecchi,老人といふ老人,MrMartlet another-traveller,MrMartlet another-traveller,NOUN,NOUN,nsubj,nsubj,explicit_full,
656,one-to-one,dn_690,isk_894,"Tutti quei vecchi, a un certo punto, portavano la battuta, come invasi dalla follia della musica.",奈何かすると音樂に浮かされて、老人といふ老人は皆拍子を取り出した。,MISSING,浮かされて,MISSING,MrMartlet another-traveller,MISSING,NULL,MISSING,nsubj,leftover_target,
658,one-to-one,dn_692,isk_896,Giorgio s'abbandonava intieramente al gorgo ritroso delle memorie.,ジォルジオは快い心持になつて、記憶の動くままに、的も無く我を忘れさせて居る。,Giorgio,ジォルジオ,Giorgio,Giorgio,PROPN,PROPN,nsubj,nsubj,explicit_full,
658,one-to-one,dn_692,isk_896,Giorgio s'abbandonava intieramente al gorgo ritroso delle memorie.,ジォルジオは快い心持になつて、記憶の動くままに、的も無く我を忘れさせて居る。,s,MISSING,Giorgio,MISSING,PRON-REFLEX,MISSING,obj,MISSING,leftover_source,
658,one-to-one,dn_692,isk_896,Giorgio s'abbandonava intieramente al gorgo ritroso delle memorie.,ジォルジオは快い心持になつて、記憶の動くままに、的も無く我を忘れさせて居る。,MISSING,忘れさせて居る,MISSING,Giorgio,MISSING,NULL,MISSING,nsubj,leftover_target,
659,one-to-one,dn_693,isk_897,Avrei potuto io imaginare pel mio amore un preludio più strano e più poetico?,俺の戀のロ序曲としちや、是以上に異常な詩的なものは有りやうは無い。,mio,俺,Giorgio,Giorgio,DET,PRON,nmod,nmod,explicit_ref_case,
659,one-to-one,dn_693,isk_897,Avrei potuto io imaginare pel mio amore un preludio più strano e più poetico?,俺の戀のロ序曲としちや、是以上に異常な詩的なものは有りやうは無い。,io,MISSING,Giorgio,MISSING,PRON,MISSING,nsubj,MISSING,leftover_source,
660,one-to-many,dn_694,isk_898 isk_899,Pare il ricordo d'una qualche lettura fantastica; ed è invece un ricordo della mia vita reale.,何か斯う浪漫的な物語をでも思ひ出して居るやうだ。 ―が、實際これは俺の身に在つた事だ。,mia,俺,Giorgio,Giorgio,DET,PRON,nmod,nmod,explicit_ref_case,
660,one-to-many,dn_694,isk_898 isk_899,Pare il ricordo d'una qualche lettura fantastica; ed è invece un ricordo della mia vita reale.,何か斯う浪漫的な物語をでも思ひ出して居るやうだ。 ―が、實際これは俺の身に在つた事だ。,MISSING,思ひ出して居るやうだ,MISSING,Giorgio,MISSING,NULL,MISSING,nsubj,leftover_target,
661,one-to-one,dn_695,isk_900,Ho d'innanzi agli occhi dell'anima le più minute particolarità.,此の追憶は、斷片も殘さず、每もちやんと心の眼に留めてある。,Ho,MISSING,Giorgio,MISSING,NULL,MISSING,nsubj,MISSING,leftover_source,
662,one-to-one,dn_696,isk_901,La poesia di quel cominciamento ha poi sparso su tutto il mio amore un'ombra di sogno.,詩的に始まつた戀だから、後になつても戀の全體は一種の夢の色を帶びるやうになつた。,mio,MISSING,Giorgio,MISSING,DET,MISSING,nmod,MISSING,leftover_source,
663,one-to-many,dn_697,isk_902 isk_903 isk_904,"Tenuto dalla lieve torpidezza, egli indugiava su certe imagini vaghe che prendevano nel suo spirito quasi un fascino musicale.",微かに痺れたやうな睡氣が差した。 その中で、或る取留めもない幻影が搖めいた。 それは彼の心の全面に、音樂的の魅惑を起させる因であつた。,suo,彼,Giorgio,Giorgio,DET,PRON,nmod,nmod,explicit_ref_case,
663,one-to-many,dn_697,isk_902 isk_903 isk_904,"Tenuto dalla lieve torpidezza, egli indugiava su certe imagini vaghe che prendevano nel suo spirito quasi un fascino musicale.",微かに痺れたやうな睡氣が差した。 その中で、或る取留めもない幻影が搖めいた。 それは彼の心の全面に、音樂的の魅惑を起させる因であつた。,egli,MISSING,Giorgio,MISSING,PRON,MISSING,nsubj,MISSING,leftover_source,
666,one-to-many,dn_700,isk_907 isk_908,Guarda come dorme mister Martlet,まあ。 マアトレットさんの熟く睡入つて居らつしやること。,Guarda,MISSING,Giorgio,MISSING,NULL,MISSING,nsubj,MISSING,leftover_source,
666,one-to-many,dn_700,isk_907 isk_908,Guarda come dorme mister Martlet,まあ。 マアトレットさんの熟く睡入つて居らつしやること。,mister Martlet,マアトレットさん,MrMartlet,MrMartlet,PROPN,PROPN,nsubj,nsubj,explicit_full,
667,one-to-one,dn_701,isk_909,gli disse piano Ippolita.,イッポリイタが低聲で、,gli,MISSING,Giorgio,MISSING,PRON,MISSING,obj,MISSING,leftover_source,
667,one-to-one,dn_701,isk_909,gli disse piano Ippolita.,イッポリイタが低聲で、,Ippolita,イッポリイタ,Ippolita,Ippolita,PROPN,PROPN,nsubj,nsubj,explicit_full,
669,one-to-one,dn_703,isk_911,"Poi soggiunse, sorridendo:",微笑みながら斯う附足した。,soggiunse,微笑みながら,Ippolita,Ippolita,NULL,NULL,nsubj,nsubj,zero_zero_semantic,0.11762686933462436
669,one-to-one,dn_703,isk_911,"Poi soggiunse, sorridendo:",微笑みながら斯う附足した。,MISSING,附足した,MISSING,Ippolita,MISSING,NULL,MISSING,nsubj,leftover_target,
670,one-to-one,dn_704,isk_912,Anche tu hai un po' di sonno; è vero?,貴郞もお睡い？,tu,貴郞,Giorgio,Giorgio,PRON,PRON,nsubj,nsubj,explicit_full,
671,many-to-one,dn_705 dn_706 dn_707,isk_913,Piove sempre. Che sarà questo languore? Mi pesano le palpebre.,雨は霽らないし―變に斯う慵くて、目眶の重つたるいこと。,Mi,MISSING,Giorgio,MISSING,PRON,MISSING,obj,MISSING,leftover_source,
672,one-to-one,dn_708,isk_914,"Ed ella lo guardò con gli occhi socchiusi, di tra i cigli lunghissimi.",然う言つた眼は半眼に瞑ぢて居て長い睫の間から男を視た。,lo,男,Giorgio,Giorgio,PRON,NOUN,obj,obj,explicit_ref_case,
672,one-to-one,dn_708,isk_914,"Ed ella lo guardò con gli occhi socchiusi, di tra i cigli lunghissimi.",然う言つた眼は半眼に瞑ぢて居て長い睫の間から男を視た。,ella,然う言つた眼,Ippolita,Ippolita,PRON,PRON,nsubj,nmod,explicit_ref_pos,
672,one-to-one,dn_708,isk_914,"Ed ella lo guardò con gli occhi socchiusi, di tra i cigli lunghissimi.",然う言つた眼は半眼に瞑ぢて居て長い睫の間から男を視た。,MISSING,視た,MISSING,Ippolita,MISSING,NULL,MISSING,nsubj,leftover_target,
673,one-to-one,dn_709,isk_916,Come sùbito mi piacquero i suoi cigli!,那の睫に俺はすぐ届つた。,mi,俺,Giorgio,Giorgio,PRON,PRON,obj,nsubj,explicit_ref_pos,
673,one-to-one,dn_709,isk_916,Come sùbito mi piacquero i suoi cigli!,那の睫に俺はすぐ届つた。,suoi,那の,Ippolita,Ippolita,DET,DET,nmod,nmod,explicit_full,
674,one-to-one,dn_710,isk_915,pensava Giorgio.,ジォルジオは斯う思つた。,pensava,ジォルジオ,Giorgio,Giorgio,PROPN,PROPN,nsubj,nsubj,explicit_full,
675,many-to-one,dn_711 dn_712,isk_917,Ella stava nel mezzo della cappella seduta su una sedia con una spalliera alta. Il suo profilo si disegnava sul chiarore piovente dalla finestra.,彼女が會堂の眞中で、倚㠑の高い腰掛に掛けて居ると、窓から流れ込む光線で、横顔が分明と隈取られた。,Ella,彼女,Ippolita,Ippolita,PRON,PRON,nsubj,nsubj,explicit_full,
675,many-to-one,dn_711 dn_712,isk_917,Ella stava nel mezzo della cappella seduta su una sedia con una spalliera alta. Il suo profilo si disegnava sul chiarore piovente dalla finestra.,彼女が會堂の眞中で、倚㠑の高い腰掛に掛けて居ると、窓から流れ込む光線で、横顔が分明と隈取られた。,suo,MISSING,Ippolita,MISSING,DET,MISSING,nmod,MISSING,leftover_source,
675,many-to-one,dn_711 dn_712,isk_917,Ella stava nel mezzo della cappella seduta su una sedia con una spalliera alta. Il suo profilo si disegnava sul chiarore piovente dalla finestra.,彼女が會堂の眞中で、倚㠑の高い腰掛に掛けて居ると、窓から流れ込む光線で、横顔が分明と隈取られた。,MISSING,掛けて居ると,MISSING,Ippolita,MISSING,NULL,MISSING,nsubj,leftover_target,
677,one-to-one,dn_714 dn_715,isk_919 isk_920,Ella si mosse un poco; e m'apparve nella luce tutta la lunghezza dei suoi cigli: una lunghezza portentosa!,心もち體を搖ぶつたやうだつた。 その機みに長い長い睫が判然俺の眼に映つた。,m,俺,Giorgio,Giorgio,PRON,PRON,obj,nmod,explicit_ref_pos,
677,one-to-one,dn_714 dn_715,isk_919 isk_920,Ella si mosse un poco; e m'apparve nella luce tutta la lunghezza dei suoi cigli: una lunghezza portentosa!,心もち體を搖ぶつたやうだつた。 その機みに長い長い睫が判然俺の眼に映つた。,Ella,MISSING,Ippolita,MISSING,PRON,MISSING,nsubj,MISSING,leftover_source,
677,one-to-one,dn_714 dn_715,isk_919 isk_920,Ella si mosse un poco; e m'apparve nella luce tutta la lunghezza dei suoi cigli: una lunghezza portentosa!,心もち體を搖ぶつたやうだつた。 その機みに長い長い睫が判然俺の眼に映つた。,si,MISSING,Ippolita,MISSING,PRON-REFLEX,MISSING,obj,MISSING,leftover_source,
677,one-to-one,dn_714 dn_715,isk_919 isk_920,Ella si mosse un poco; e m'apparve nella luce tutta la lunghezza dei suoi cigli: una lunghezza portentosa!,心もち體を搖ぶつたやうだつた。 その機みに長い長い睫が判然俺の眼に映つた。,suoi,MISSING,Ippolita,MISSING,NOUN,MISSING,nmod,MISSING,leftover_source,
678,many-to-one,dn_716 dn_717,isk_921,Di': ci vorrà ancóra molto tempo per arrivare?,尙だ大分なの？,Di',MISSING,Giorgio,MISSING,NULL,MISSING,nsubj,MISSING,leftover_source,
680,one-to-one,dn_720,isk_924,Vuoi scommettere,賭しませう。,Vuoi,MISSING,Giorgio,MISSING,NULL,MISSING,nsubj,MISSING,leftover_source,
680,one-to-one,dn_720,isk_924,Vuoi scommettere,賭しませう。,MISSING,賭しませう,MISSING,Giorgio Ippolita,MISSING,NULL,MISSING,nsubj,leftover_target,
681,one-to-one,dn_722,isk_923,che siamo passati oltre?,アルバノを通過しちやつたやうよ。,siamo passati,通過しちやつた,Giorgio Ippolita,Giorgio Ippolita,NULL,NULL,nsubj,nsubj,zero_zero_single,
684,one-to-one,dn_725,isk_927,infórmati.,訊いて御覽なさい。,infórmati,訊いて御覽なさい,Giorgio,Giorgio,NULL,NULL,nsubj,nsubj,zero_zero_single,
686,one-to-one,dn_727,isk_929,"gridava una voce rauca, lungo gli sportelli.",斯うプラットフォオムで嗄れた聲が叫んだ。,MISSING,嗄れた聲,MISSING,man-on-the-train,MISSING,NOUN,MISSING,nsubj,leftover_target,
687,one-to-one,dn_728,isk_930,"Giorgio s'affacciò, un po'trasognato.",ジォルジオは愕いた形で首を突出して訊いた。,Giorgio,ジォルジオ,Giorgio,Giorgio,PROPN,PROPN,nsubj,nsubj,explicit_full,
687,one-to-one,dn_728,isk_930,"Giorgio s'affacciò, un po'trasognato.",ジォルジオは愕いた形で首を突出して訊いた。,s,MISSING,Giorgio,MISSING,PRON-REFLEX,MISSING,obj,MISSING,leftover_source,
687,one-to-one,dn_728,isk_930,"Giorgio s'affacciò, un po'trasognato.",ジォルジオは愕いた形で首を突出して訊いた。,MISSING,訊いた,MISSING,Giorgio,MISSING,NULL,MISSING,nsubj,leftover_target,
689,one-to-one,dn_731,isk_932,"No, signore:",否え。,signore,MISSING,Giorgio,MISSING,NOUN,MISSING,vocative,MISSING,leftover_source,
691,one-to-one,dn_733,isk_934,rispose l'uomo sorridendo.,驛夫がにたにたと答へた。,l'uomo,驛夫,man-on-the-train,man-on-the-train,NOUN,NOUN,nsubj,nsubj,explicit_full,
692,one-to-one,dn_734,isk_935,Va ad Albano?,アルバノへ被行つしやるんですか。,Va,被行つしやる,Giorgio,Giorgio,NULL,NULL,nsubj,nsubj,zero_zero_single,
693,one-to-one,dn_735,isk_936,"Doveva scendere alla Cecchina, signore.",それぢやチュッキイナでお降りになるのでした。,Doveva scendere,お降りになる,Giorgio,Giorgio,NULL,NULL,nsubj,nsubj,zero_zero_single,
693,one-to-one,dn_735,isk_936,"Doveva scendere alla Cecchina, signore.",それぢやチュッキイナでお降りになるのでした。,signore,MISSING,Giorgio,MISSING,NOUN,MISSING,vocative,MISSING,leftover_source,
694,one-to-many,dn_736,isk_937 isk_938,Ippolita si mise a ridere così forte che mister e mistress Martlet la guardarono stupefatti.,イッポリイタはきやつきやつ笑ひ崩れた。 マアトレット夫婦は吃驚した顏をして彼女を眺めた。,Ippolita,イッポリイタ,Ippolita,Ippolita,PROPN,PROPN,nsubj,nsubj,explicit_full,
694,one-to-many,dn_736,isk_937 isk_938,Ippolita si mise a ridere così forte che mister e mistress Martlet la guardarono stupefatti.,イッポリイタはきやつきやつ笑ひ崩れた。 マアトレット夫婦は吃驚した顏をして彼女を眺めた。,si,彼女,Ippolita,Ippolita,PRON-REFLEX,PRON,obj,obj,reflex_obj,
694,one-to-many,dn_736,isk_937 isk_938,Ippolita si mise a ridere così forte che mister e mistress Martlet la guardarono stupefatti.,イッポリイタはきやつきやつ笑ひ崩れた。 マアトレット夫婦は吃驚した顏をして彼女を眺めた。,mister e mistress Martlet,マアトレット夫婦,MrMartlet MrsMartlet,MrMartlet MrsMartlet,NOUN,NOUN,nsubj,nsubj,explicit_full,
694,one-to-many,dn_736,isk_937 isk_938,Ippolita si mise a ridere così forte che mister e mistress Martlet la guardarono stupefatti.,イッポリイタはきやつきやつ笑ひ崩れた。 マアトレット夫婦は吃驚した顏をして彼女を眺めた。,guardarono,MISSING,MrMartlet MrsMartlet,MISSING,NULL,MISSING,nsubj,MISSING,leftover_source,
695,one-to-one,dn_737,isk_939,L'ilarità di lei si propagò sùbito all'amante.,軈てジォルジオも引入れられて笑ひ出した。,amante,ジォルジオ,Giorgio,Giorgio,NOUN,PROPN,obj,nsubj,explicit_ref_only,
695,one-to-one,dn_737,isk_939,L'ilarità di lei si propagò sùbito all'amante.,軈てジォルジオも引入れられて笑ひ出した。,MISSING,引入れられて,MISSING,Giorgio,MISSING,NULL,MISSING,nsubj,leftover_target,
695,one-to-one,dn_737,isk_939,L'ilarità di lei si propagò sùbito all'amante.,軈てジォルジオも引入れられて笑ひ出した。,MISSING,笑ひ出した,MISSING,Giorgio,MISSING,NULL,MISSING,nsubj,leftover_target,
695,one-to-one,dn_737,isk_939,L'ilarità di lei si propagò sùbito all'amante.,軈てジォルジオも引入れられて笑ひ出した。,lei,MISSING,Ippolita,MISSING,PRON,MISSING,nmod,MISSING,leftover_source,
696,one-to-one,dn_738,isk_940,Che fare?,奈何しませう。,MISSING,しませう,MISSING,Giorgio Ippolita,MISSING,NULL,MISSING,nsubj,leftover_target,
697,one-to-one,dn_739,isk_941,"Prima di tutto, bisogna scendere.",とも斯く降りなくつちや。,MISSING,降りなくつちや,MISSING,Giorgio Ippolita,MISSING,NULL,MISSING,nsubj,leftover_target,
698,one-to-many,dn_740,isk_942 isk_943 isk_944,"Giorgio porse all'uomo le valige; mentre Ippolita rideva ancóra, d'un suo fresco e vivace riso, affrontando gaiamente l'avventura imprevista.",男は鞄を搬荷者に渡した。 イッポリイタは尙だ笑つてゐる。 ―心から清しく笑つた。,Giorgio,男,Giorgio,Giorgio,PROPN,NOUN,nsubj,nsubj,explicit_ref_case,
698,one-to-many,dn_740,isk_942 isk_943 isk_944,"Giorgio porse all'uomo le valige; mentre Ippolita rideva ancóra, d'un suo fresco e vivace riso, affrontando gaiamente l'avventura imprevista.",男は鞄を搬荷者に渡した。 イッポリイタは尙だ笑つてゐる。 ―心から清しく笑つた。,Ippolita,イッポリイタ,Ippolita,Ippolita,PROPN,PROPN,nsubj,nsubj,explicit_full,
698,one-to-many,dn_740,isk_942 isk_943 isk_944,"Giorgio porse all'uomo le valige; mentre Ippolita rideva ancóra, d'un suo fresco e vivace riso, affrontando gaiamente l'avventura imprevista.",男は鞄を搬荷者に渡した。 イッポリイタは尙だ笑つてゐる。 ―心から清しく笑つた。,MISSING,笑つた,MISSING,Ippolita,MISSING,NULL,MISSING,nsubj,leftover_target,
698,one-to-many,dn_740,isk_942 isk_943 isk_944,"Giorgio porse all'uomo le valige; mentre Ippolita rideva ancóra, d'un suo fresco e vivace riso, affrontando gaiamente l'avventura imprevista.",男は鞄を搬荷者に渡した。 イッポリイタは尙だ笑つてゐる。 ―心から清しく笑つた。,uomo,搬荷者,man-on-the-train,man-on-the-train,NOUN,NOUN,obj,obj,explicit_full,
699,one-to-many,dn_741,isk_945 isk_946 isk_947,"Mister Martlet pareva ricevere in mezzo al petto con lieta benignità quell'ondata di giovinezza, come un'ondata di sole.",此の失錯を笑談に茶化す心持であつた。 マアトレットは此の靑春の閃めきを驚くといふ風に見えた。 老人にはそれが日光の波と思へた。,MISSING,であつた,MISSING,Ippolita,MISSING,NULL,MISSING,nsubj,leftover_target,
699,one-to-many,dn_741,isk_945 isk_946 isk_947,"Mister Martlet pareva ricevere in mezzo al petto con lieta benignità quell'ondata di giovinezza, come un'ondata di sole.",此の失錯を笑談に茶化す心持であつた。 マアトレットは此の靑春の閃めきを驚くといふ風に見えた。 老人にはそれが日光の波と思へた。,Mister Martlet,マアトレット,MrMartlet,MrMartlet,PROPN,PROPN,nsubj,nsubj,explicit_full,
699,one-to-many,dn_741,isk_945 isk_946 isk_947,"Mister Martlet pareva ricevere in mezzo al petto con lieta benignità quell'ondata di giovinezza, come un'ondata di sole.",此の失錯を笑談に茶化す心持であつた。 マアトレットは此の靑春の閃めきを驚くといふ風に見えた。 老人にはそれが日光の波と思へた。,MISSING,老人,MISSING,MrMartlet,MISSING,NOUN,MISSING,obj,leftover_target,
699,one-to-many,dn_741,isk_945 isk_946 isk_947,"Mister Martlet pareva ricevere in mezzo al petto con lieta benignità quell'ondata di giovinezza, come un'ondata di sole.",此の失錯を笑談に茶化す心持であつた。 マアトレットは此の靑春の閃めきを驚くといふ風に見えた。 老人にはそれが日光の波と思へた。,MISSING,思へた,MISSING,MrMartlet,MISSING,NULL,MISSING,nsubj,leftover_target,
700,one-to-one,dn_742,isk_948,"Egli s'inchinò ad Ippolita, che nel discendere provava in fondo al cuore un vago rammarico.",そして彼はイッポリイタが、淡い旅情を車室に殘して降りて行く時に、卑く頭を低げた。,Ippolita,イッポリイタ,Ippolita,Ippolita,PROPN,PROPN,obj,nsubj,explicit_ref_pos,
700,one-to-one,dn_742,isk_948,"Egli s'inchinò ad Ippolita, che nel discendere provava in fondo al cuore un vago rammarico.",そして彼はイッポリイタが、淡い旅情を車室に殘して降りて行く時に、卑く頭を低げた。,MISSING,殘して,MISSING,Ippolita,MISSING,NULL,MISSING,nsubj,leftover_target,
700,one-to-one,dn_742,isk_948,"Egli s'inchinò ad Ippolita, che nel discendere provava in fondo al cuore un vago rammarico.",そして彼はイッポリイタが、淡い旅情を車室に殘して降りて行く時に、卑く頭を低げた。,Egli,彼,MrMartlet,MrMartlet,PRON,PRON,nsubj,nsubj,explicit_full,
700,one-to-one,dn_742,isk_948,"Egli s'inchinò ad Ippolita, che nel discendere provava in fondo al cuore un vago rammarico.",そして彼はイッポリイタが、淡い旅情を車室に殘して降りて行く時に、卑く頭を低げた。,s,MISSING,MrMartlet,MISSING,PRON-REFLEX,MISSING,obj,MISSING,leftover_source,
701,one-to-one,dn_743,isk_951,Povero mister Martlet!,マアトレットさんにも別れて了つた。,MISSING,別れて了つた,MISSING,Ippolita,MISSING,NULL,MISSING,nsubj,leftover_target,
701,one-to-one,dn_743,isk_951,Povero mister Martlet!,マアトレットさんにも別れて了つた。,mister Martlet,マアトレットさん,MrMartlet,MrMartlet,PROPN,PROPN,vocative,obj,explicit_ref_pos,
702,one-to-many,dn_744,isk_949 isk_950,"ella disse con un tono tra di gioco e di gravità, guardando il treno allontanarsi per la campagna deserta e squallida.",汽車は荒涼な田舍道を復た滑り出した。 それを見送つてイッポリイタが、半ば心から、半ばは浮氣らしく、,ella,イッポリイタ,Ippolita,Ippolita,PRON,PROPN,nsubj,nsubj,explicit_ref_case,
702,one-to-many,dn_744,isk_949 isk_950,"ella disse con un tono tra di gioco e di gravità, guardando il treno allontanarsi per la campagna deserta e squallida.",汽車は荒涼な田舍道を復た滑り出した。 それを見送つてイッポリイタが、半ば心から、半ばは浮氣らしく、,MISSING,見送つて,MISSING,Ippolita,MISSING,NULL,MISSING,nsubj,leftover_target,
703,one-to-one,dn_745,isk_952,Mi dispiace di lasciarlo.,殘惜しいわね。,Mi,MISSING,Ippolita,MISSING,PRON,MISSING,obj,MISSING,leftover_source,
703,one-to-one,dn_745,isk_952,Mi dispiace di lasciarlo.,殘惜しいわね。,lo,MISSING,MrMartlet,MISSING,PRON,MISSING,obj,MISSING,leftover_source,
704,one-to-one,dn_746,isk_953,Chi sa se lo rivedrò!,何時復たお目に掛かれるかと思ふと。,rivedrò,お目に掛かれる,Ippolita,Ippolita,NULL,NULL,nsubj,nsubj,zero_zero_semantic,0.25958795386369155
704,one-to-one,dn_746,isk_953,Chi sa se lo rivedrò!,何時復たお目に掛かれるかと思ふと。,MISSING,思ふと,MISSING,Ippolita,MISSING,NULL,MISSING,nsubj,leftover_target,
704,one-to-one,dn_746,isk_953,Chi sa se lo rivedrò!,何時復たお目に掛かれるかと思ふと。,lo,MISSING,MrMartlet,MISSING,PRON,MISSING,obj,MISSING,leftover_source,
705,one-to-one,dn_747,isk_954,Poi volgendosi a Giorgio:,斯う言つてジォルジオの方へ向返つて、,Giorgio,ジォルジオ,Giorgio,Giorgio,PROPN,PROPN,obj,nmod,explicit_ref_pos,
705,one-to-one,dn_747,isk_954,Poi volgendosi a Giorgio:,斯う言つてジォルジオの方へ向返つて、,si,MISSING,Ippolita,MISSING,PRON-REFLEX,MISSING,obj,MISSING,leftover_source,
705,one-to-one,dn_747,isk_954,Poi volgendosi a Giorgio:,斯う言つてジォルジオの方へ向返つて、,MISSING,言つて,MISSING,Ippolita,MISSING,NULL,MISSING,nsubj,leftover_target,
705,one-to-one,dn_747,isk_954,Poi volgendosi a Giorgio:,斯う言つてジォルジオの方へ向返つて、,MISSING,向返つて,MISSING,Ippolita,MISSING,NULL,MISSING,nsubj,leftover_target,
706,one-to-one,dn_748,isk_955,E ora?,奈何するの。,MISSING,する,MISSING,Giorgio Ippolita,MISSING,NULL,MISSING,nsubj,leftover_target,
707,one-to-one,dn_749,isk_956,Un uomo della stazione avvertì:,驛員が案内してくれた。,Un uomo della stazione,驛員,station-worker,station-worker,NOUN,NOUN,nsubj,nsubj,explicit_full,
710,one-to-one,dn_752,isk_959,riprese a dire Ippolita.,イッポリイタが續ける。,Ippolita,イッポリイタ,Ippolita,Ippolita,PROPN,PROPN,nsubj,nsubj,explicit_full,
712,one-to-one,dn_754,isk_961,Dichiaro però che da questo momento assumo io l'alta direzione del viaggio.,是から私が引取つてだ案内して上げるから、貴郞は默つて跟いて被來つしやい。,MISSING,貴郞,MISSING,Giorgio,MISSING,NOUN,MISSING,nsubj,leftover_target,
712,one-to-one,dn_754,isk_961,Dichiaro però che da questo momento assumo io l'alta direzione del viaggio.,是から私が引取つてだ案内して上げるから、貴郞は默つて跟いて被來つしやい。,MISSING,默つて跟いて,MISSING,Giorgio,MISSING,NULL,MISSING,nsubj,leftover_target,
712,one-to-one,dn_754,isk_961,Dichiaro però che da questo momento assumo io l'alta direzione del viaggio.,是から私が引取つてだ案内して上げるから、貴郞は默つて跟いて被來つしやい。,io,私,Ippolita,Ippolita,PRON,PRON,nsubj,nsubj,explicit_full,
712,one-to-one,dn_754,isk_961,Dichiaro però che da questo momento assumo io l'alta direzione del viaggio.,是から私が引取つてだ案内して上げるから、貴郞は默つて跟いて被來つしやい。,Dichiaro,案内して上げるから,Ippolita,Ippolita,NULL,NULL,nsubj,nsubj,zero_zero_single,
713,one-to-one,dn_755,isk_962,Tu ti lascerai condurre.,さ、被來つしやいいな、小僧さん。,Tu,小僧さん,Giorgio,Giorgio,PRON,NOUN,nsubj,vocative,explicit_ref_only,
713,one-to-one,dn_755,isk_962,Tu ti lascerai condurre.,さ、被來つしやいいな、小僧さん。,ti,MISSING,Giorgio,MISSING,PRON,MISSING,obj,MISSING,leftover_source,
713,one-to-one,dn_755,isk_962,Tu ti lascerai condurre.,さ、被來つしやいいな、小僧さん。,MISSING,被來つしやいいな,MISSING,Giorgio,MISSING,NULL,MISSING,nsubj,leftover_target,
714,one-to-one,dn_756,isk_963,"Tieniti bene stretto a me, Giorgino.",私に附着いて來るんですよ。,Tieni,附着いて來る,Giorgio,Giorgio,NULL,NULL,nsubj,nsubj,zero_zero_single,
714,one-to-one,dn_756,isk_963,"Tieniti bene stretto a me, Giorgino.",私に附着いて來るんですよ。,ti,MISSING,Giorgio,MISSING,PRON-REFLEX,MISSING,obj,MISSING,leftover_source,
714,one-to-one,dn_756,isk_963,"Tieniti bene stretto a me, Giorgino.",私に附着いて來るんですよ。,Giorgino,MISSING,Giorgio,MISSING,PROPN,MISSING,vocative,MISSING,leftover_source,
714,one-to-one,dn_756,isk_963,"Tieniti bene stretto a me, Giorgino.",私に附着いて來るんですよ。,me,私,Ippolita,Ippolita,PRON,PRON,obj,obj,explicit_full,
715,one-to-one,dn_757,isk_964,Bada di non ti perdere!,紛らかしちや不可ませんよ。,Bada,紛らかしちや不可ません,Giorgio,Giorgio,NULL,NULL,nsubj,nsubj,zero_zero_semantic,0.28161583095788956
715,one-to-one,dn_757,isk_964,Bada di non ti perdere!,紛らかしちや不可ませんよ。,ti,MISSING,Giorgio,MISSING,PRON-REFLEX,MISSING,obj,MISSING,leftover_source,
715,one-to-one,dn_757,isk_964,Bada di non ti perdere!,紛らかしちや不可ませんよ。,perdere,MISSING,Giorgio,MISSING,NULL,MISSING,nsubj,MISSING,leftover_source,
716,one-to-one,dn_758,isk_965,"Ella gli parlava come a un fanciullo, per gioco.",這麼燥いだ子供に言ふやうなことを言つた。,gli,MISSING,Giorgio,MISSING,PRON,MISSING,obj,MISSING,leftover_source,
716,one-to-one,dn_758,isk_965,"Ella gli parlava come a un fanciullo, per gioco.",這麼燥いだ子供に言ふやうなことを言つた。,Ella,言つた,Ippolita,Ippolita,PRON,NULL,nsubj,nsubj,zero_to_src_anchor,
717,one-to-one,dn_759,isk_966,Ambedue si sentivano allegri.,樂しい心持は二人に溢れた。,Ambedue,二人,Giorgio Ippolita,Giorgio Ippolita,PRON,NOUN,nsubj,obj,explicit_ref_only,
717,one-to-one,dn_759,isk_966,Ambedue si sentivano allegri.,樂しい心持は二人に溢れた。,si,MISSING,Giorgio Ippolita,MISSING,PRON-REFLEX,MISSING,obj,MISSING,leftover_source,
723,one-to-many,dn_765,isk_972 isk_973,"Come piovigginava, i due smarriti si rifugiarono dentro la stazione, in una piccola stanza dov'èra anche un caminetto, ma spento.",雨が翻れてゐるので、二人の漂泊者は停車場の一室で息んだ。 煖爐には火の氣も無い。,i due smarriti,二人の漂泊者,Giorgio Ippolita,Giorgio Ippolita,NOUN,NOUN,nsubj,nsubj,explicit_full,
723,one-to-many,dn_765,isk_972 isk_973,"Come piovigginava, i due smarriti si rifugiarono dentro la stazione, in una piccola stanza dov'èra anche un caminetto, ma spento.",雨が翻れてゐるので、二人の漂泊者は停車場の一室で息んだ。 煖爐には火の氣も無い。,si,MISSING,Giorgio Ippolita,MISSING,PRON-REFLEX,MISSING,obj,MISSING,leftover_source,
726,one-to-one,dn_768,isk_978,"Guarda,",おや。,Guarda,MISSING,Giorgio,MISSING,NULL,MISSING,nsubj,MISSING,leftover_source,
727,one-to-one,dn_769,isk_979,"esclamò Ippolita, leggendo nel Baedeker",『ベデカア』を讀んで居たイッポリイタが、,Ippolita,『ベデカア』を讀んで居たイッポリイタ,Ippolita,Ippolita,PROPN,PROPN,nsubj,nsubj,explicit_full,
729,one-to-one,dn_771,isk_981,Questa denominazione la fece ridere.,此の案內は二人を笑はせた。,MISSING,二人,MISSING,Giorgio Ippolita,MISSING,NOUN,MISSING,obj,leftover_target,
729,one-to-one,dn_771,isk_981,Questa denominazione la fece ridere.,此の案內は二人を笑はせた。,la,MISSING,Ippolita,MISSING,PRON,MISSING,obj,MISSING,leftover_source,
730,one-to-one,dn_772,isk_982,Perché non fumiamo una sigaretta?,煙草でも喫ふかな。,non fumiamo,喫ふ,Giorgio Ippolita,Giorgio Ippolita,NULL,NULL,nsubj,nsubj,zero_zero_single,
731,one-to-one,dn_773,isk_983,disse Giorgio.,ジォルジオが言つた。,Giorgio,ジォルジオ,Giorgio,Giorgio,PROPN,PROPN,nsubj,nsubj,explicit_full,
733,one-to-one,dn_775,isk_985,"A quest'ora, due anni fa, io stavo per entrare nella cappella....",丁度今時分だつたつけな、二年前に那の會堂へ這入つたのは。,io,這入つた,Giorgio,Giorgio,PRON,NULL,nsubj,nsubj,zero_to_src_anchor,
734,one-to-one,dn_776,isk_986,"Di nuovo, il ricordo della gran giornata li occupò.",其の日の記憶が復たの心に出て來た。,li,MISSING,Giorgio Ippolita,MISSING,PRON,MISSING,obj,MISSING,leftover_source,
735,one-to-many,dn_777,isk_987 isk_988,"Fumarono per qualche minuto in silenzio, ascoltando la pioggia che rinforzava.",數分間は二人とも言葉は無しに煙草を喫した。 耳を澄ますと、雨の音はだんだん强い。,Fumarono,澄ますと,Giorgio Ippolita,Giorgio Ippolita,NULL,NULL,nsubj,nsubj,zero_zero_single,
735,one-to-many,dn_777,isk_987 isk_988,"Fumarono per qualche minuto in silenzio, ascoltando la pioggia che rinforzava.",數分間は二人とも言葉は無しに煙草を喫した。 耳を澄ますと、雨の音はだんだん强い。,MISSING,二人,MISSING,Giorgio Ippolita,MISSING,NOUN,MISSING,nsubj,leftover_target,
736,one-to-one,dn_778,isk_989,"A traverso i vetri appannati, vedevano il meschino alberello torcersi sotto la sferza.",曇つた窓玻璃越しに、那の脆弱い立樹が魔風に揉まれてたわたわする態が見えた。,vedevano,MISSING,Giorgio Ippolita,MISSING,NULL,MISSING,nsubj,MISSING,leftover_source,
737,one-to-one,dn_779,isk_990,Il mio amore è più antico del tuo,初を言へば、俺の戀の方が餘程奮い。,mio,俺,Giorgio,Giorgio,DET,NOUN,nmod,nmod,explicit_ref_case,
737,one-to-one,dn_779,isk_990,Il mio amore è più antico del tuo,初を言へば、俺の戀の方が餘程奮い。,tuo,MISSING,Ippolita,MISSING,DET,MISSING,nmod,MISSING,leftover_source,
739,one-to-one,dn_782,isk_992,Ella protestò.,女は遮つた。,Ella,女,Ippolita,Ippolita,PRON,NOUN,nsubj,nsubj,explicit_ref_case,
740,one-to-one,dn_783,isk_994,"Ti vedo ancóra passare, la prima volta",初め、お前が通つた時の姿が眼に見える。,vedo,MISSING,Giorgio,MISSING,NULL,MISSING,nsubj,MISSING,leftover_source,
740,one-to-one,dn_783,isk_994,"Ti vedo ancóra passare, la prima volta",初め、お前が通つた時の姿が眼に見える。,Ti,お前,Ippolita,Ippolita,PRON,NOUN,obj,nsubj,explicit_ref_only,
741,one-to-one,dn_784,isk_993,"egli soggiunse, con un'aria dolce, attratto dal profondo fascino dei giorni irrevocabilmente lontani.",男は其の回し難い日の魅力に深く吸込まれて、優しく言ひ續けた。,egli,男,Giorgio,Giorgio,PRON,NOUN,nsubj,nsubj,explicit_ref_case,
741,one-to-one,dn_784,isk_993,"egli soggiunse, con un'aria dolce, attratto dal profondo fascino dei giorni irrevocabilmente lontani.",男は其の回し難い日の魅力に深く吸込まれて、優しく言ひ續けた。,MISSING,言ひ續けた,MISSING,Giorgio,MISSING,NULL,MISSING,nsubj,leftover_target,
744,one-to-many,dn_787,isk_997 isk_998,"Io stavo, solo, innanzi alle vetrine dell'Alinari; guardavo le figure ma le vedevo appena:",獨りでアリナリイの窓の前に居た。 凝と物影を視て居たけれど、判然鑑別が附かなかつた。,guardavo,視て居た,Giorgio,Giorgio,NULL,NULL,nsubj,nsubj,zero_zero_semantic,0.28757054263014137
744,one-to-many,dn_787,isk_997 isk_998,"Io stavo, solo, innanzi alle vetrine dell'Alinari; guardavo le figure ma le vedevo appena:",獨りでアリナリイの窓の前に居た。 凝と物影を視て居たけれど、判然鑑別が附かなかつた。,vedevo,鑑別が附かなかつた,Giorgio,Giorgio,NULL,NULL,nsubj,nsubj,zero_zero_semantic,0.31342845221522053
744,one-to-many,dn_787,isk_997 isk_998,"Io stavo, solo, innanzi alle vetrine dell'Alinari; guardavo le figure ma le vedevo appena:",獨りでアリナリイの窓の前に居た。 凝と物影を視て居たけれど、判然鑑別が附かなかつた。,Io,居た,Giorgio,Giorgio,PRON,NULL,nsubj,nsubj,zero_to_src_anchor,
745,one-to-one,dn_788,isk_999,"in uno stato indefinibile, un po' stanco, molto triste, con non so qual bisogno vago d'idealità fluttuante sul disgusto....",然うした時の心持つて、何とも言へなかつた―弛んだやうな、無情いやうな、何だか知らないが、斯う物に憧れると言つた…。,so,MISSING,Giorgio,MISSING,NULL,MISSING,nsubj,MISSING,leftover_source,
746,one-to-one,dn_789,isk_1001,Non te l'ho mai detto?,それがやつぱり前知らせだつたのかなあ。,ho mai detto,MISSING,Giorgio,MISSING,NULL,MISSING,nsubj,MISSING,leftover_source,
746,one-to-one,dn_789,isk_1001,Non te l'ho mai detto?,それがやつぱり前知らせだつたのかなあ。,te,MISSING,Ippolita,MISSING,PRON,MISSING,obj,MISSING,leftover_source,
747,one-to-one,dn_793,isk_1000,"Quella sera io avevo una gran sete di poesia, di elevazione, di cose delicate e spirituali.",那の晩俺は、詩か、憧憬か、藝術か、靈か、何でも那様物を無暗に摑みたいやうな氣がして居た。,io,俺,Giorgio,Giorgio,PRON,NOUN,nsubj,nsubj,explicit_ref_case,
748,one-to-many,dn_795,isk_1002 isk_1003 isk_1004 isk_1005 isk_1006,"Egli fece una pausa lunga; ma Ippolita non parlò, aspettando ch'egli seguitasse, provando un piacere squisito ad ascoltarlo, in mezzo al fumo leggero della sigaretta, che quasi pareva mettere un velo di più sul ricordo velato.",長い間を置いた。 イッポリイタは物を言はない。 對者の語り出すのを待受けた。 二人の煙草から立つ淡い煙は、面帕に裏まれた記憶を更に更に面帕で裏むやうに見えた。 その煙の中で男の話を聽くことは、イッポリイタには不思議な愉快であつた。,Egli,對者,Giorgio,Giorgio,PRON,NOUN,nsubj,nmod,explicit_ref_only,
748,one-to-many,dn_795,isk_1002 isk_1003 isk_1004 isk_1005 isk_1006,"Egli fece una pausa lunga; ma Ippolita non parlò, aspettando ch'egli seguitasse, provando un piacere squisito ad ascoltarlo, in mezzo al fumo leggero della sigaretta, che quasi pareva mettere un velo di più sul ricordo velato.",長い間を置いた。 イッポリイタは物を言はない。 對者の語り出すのを待受けた。 二人の煙草から立つ淡い煙は、面帕に裏まれた記憶を更に更に面帕で裏むやうに見えた。 その煙の中で男の話を聽くことは、イッポリイタには不思議な愉快であつた。,egli,男,Giorgio,Giorgio,PRON,NOUN,nsubj,nmod,explicit_ref_only,
748,one-to-many,dn_795,isk_1002 isk_1003 isk_1004 isk_1005 isk_1006,"Egli fece una pausa lunga; ma Ippolita non parlò, aspettando ch'egli seguitasse, provando un piacere squisito ad ascoltarlo, in mezzo al fumo leggero della sigaretta, che quasi pareva mettere un velo di più sul ricordo velato.",長い間を置いた。 イッポリイタは物を言はない。 對者の語り出すのを待受けた。 二人の煙草から立つ淡い煙は、面帕に裏まれた記憶を更に更に面帕で裏むやうに見えた。 その煙の中で男の話を聽くことは、イッポリイタには不思議な愉快であつた。,lo,MISSING,Giorgio,MISSING,PRON,MISSING,obj,MISSING,leftover_source,
748,one-to-many,dn_795,isk_1002 isk_1003 isk_1004 isk_1005 isk_1006,"Egli fece una pausa lunga; ma Ippolita non parlò, aspettando ch'egli seguitasse, provando un piacere squisito ad ascoltarlo, in mezzo al fumo leggero della sigaretta, che quasi pareva mettere un velo di più sul ricordo velato.",長い間を置いた。 イッポリイタは物を言はない。 對者の語り出すのを待受けた。 二人の煙草から立つ淡い煙は、面帕に裏まれた記憶を更に更に面帕で裏むやうに見えた。 その煙の中で男の話を聽くことは、イッポリイタには不思議な愉快であつた。,MISSING,置いた,MISSING,Giorgio,MISSING,NULL,MISSING,nsubj,leftover_target,
748,one-to-many,dn_795,isk_1002 isk_1003 isk_1004 isk_1005 isk_1006,"Egli fece una pausa lunga; ma Ippolita non parlò, aspettando ch'egli seguitasse, provando un piacere squisito ad ascoltarlo, in mezzo al fumo leggero della sigaretta, che quasi pareva mettere un velo di più sul ricordo velato.",長い間を置いた。 イッポリイタは物を言はない。 對者の語り出すのを待受けた。 二人の煙草から立つ淡い煙は、面帕に裏まれた記憶を更に更に面帕で裏むやうに見えた。 その煙の中で男の話を聽くことは、イッポリイタには不思議な愉快であつた。,MISSING,二人,MISSING,Giorgio Ippolita,MISSING,NOUN,MISSING,nmod,leftover_target,
748,one-to-many,dn_795,isk_1002 isk_1003 isk_1004 isk_1005 isk_1006,"Egli fece una pausa lunga; ma Ippolita non parlò, aspettando ch'egli seguitasse, provando un piacere squisito ad ascoltarlo, in mezzo al fumo leggero della sigaretta, che quasi pareva mettere un velo di più sul ricordo velato.",長い間を置いた。 イッポリイタは物を言はない。 對者の語り出すのを待受けた。 二人の煙草から立つ淡い煙は、面帕に裏まれた記憶を更に更に面帕で裏むやうに見えた。 その煙の中で男の話を聽くことは、イッポリイタには不思議な愉快であつた。,Ippolita,イッポリイタ,Ippolita,Ippolita,PROPN,PROPN,nsubj,nsubj,explicit_full,
748,one-to-many,dn_795,isk_1002 isk_1003 isk_1004 isk_1005 isk_1006,"Egli fece una pausa lunga; ma Ippolita non parlò, aspettando ch'egli seguitasse, provando un piacere squisito ad ascoltarlo, in mezzo al fumo leggero della sigaretta, che quasi pareva mettere un velo di più sul ricordo velato.",長い間を置いた。 イッポリイタは物を言はない。 對者の語り出すのを待受けた。 二人の煙草から立つ淡い煙は、面帕に裏まれた記憶を更に更に面帕で裏むやうに見えた。 その煙の中で男の話を聽くことは、イッポリイタには不思議な愉快であつた。,MISSING,待受けた,MISSING,Ippolita,MISSING,NULL,MISSING,nsubj,leftover_target,
748,one-to-many,dn_795,isk_1002 isk_1003 isk_1004 isk_1005 isk_1006,"Egli fece una pausa lunga; ma Ippolita non parlò, aspettando ch'egli seguitasse, provando un piacere squisito ad ascoltarlo, in mezzo al fumo leggero della sigaretta, che quasi pareva mettere un velo di più sul ricordo velato.",長い間を置いた。 イッポリイタは物を言はない。 對者の語り出すのを待受けた。 二人の煙草から立つ淡い煙は、面帕に裏まれた記憶を更に更に面帕で裏むやうに見えた。 その煙の中で男の話を聽くことは、イッポリイタには不思議な愉快であつた。,MISSING,イッポリイタ,MISSING,Ippolita,MISSING,PROPN,MISSING,obj,leftover_target,
750,many-to-one,dn_797 dn_798,isk_1008,Nota: appunto in quei giorni io ero stato ad Orvieto.,丁度同じ時分に、オルヸエトオヘ旅行をした。,io,旅行をした,Giorgio,Giorgio,PRON,NULL,nsubj,nsubj,zero_to_src_anchor,
750,many-to-one,dn_797 dn_798,isk_1008,Nota: appunto in quei giorni io ero stato ad Orvieto.,丁度同じ時分に、オルヸエトオヘ旅行をした。,Nota,MISSING,Ippolita,MISSING,NULL,MISSING,nsubj,MISSING,leftover_source,
751,one-to-one,dn_799,isk_1009,"Credo anzi che in quei momento io stessi là, dall'Alinari, con l'intenzione di chiedere una fotografia del reliquiario.",その時若しアリナリイの家に居たのだつたら、遺物匣の寫眞を其處で貰ふためのだ。,io,居た,Giorgio,Giorgio,PRON,NULL,nsubj,nsubj,zero_to_src_anchor,
751,one-to-one,dn_799,isk_1009,"Credo anzi che in quei momento io stessi là, dall'Alinari, con l'intenzione di chiedere una fotografia del reliquiario.",その時若しアリナリイの家に居たのだつたら、遺物匣の寫眞を其處で貰ふためのだ。,MISSING,貰ふ,MISSING,Giorgio,MISSING,NULL,MISSING,nsubj,leftover_target,
752,one-to-one,dn_800,isk_1010,E tu passasti!,其處へお前が通り掛つた。,tu,お前,Ippolita,Ippolita,PRON,PRON,nsubj,nsubj,explicit_full,
753,one-to-one,dn_801,isk_1011,"Due o tre altre volte, di poi, due o tre altre volte soltanto ti ho veduta così pallida, di quello speciale pallore.",其から二三度―それより多くはない―毎も同樣に、不思議に蒼白い其の顏を見た。,ti,見た,Giorgio,Giorgio,PRON,NULL,nsubj,nsubj,zero_to_src_anchor,
753,one-to-one,dn_801,isk_1011,"Due o tre altre volte, di poi, due o tre altre volte soltanto ti ho veduta così pallida, di quello speciale pallore.",其から二三度―それより多くはない―毎も同樣に、不思議に蒼白い其の顏を見た。,ho,其の,Ippolita,Ippolita,PRON,DET,obj,nmod,explicit_ref_only,
754,one-to-one,dn_802,isk_1012,"Tu non puoi imaginarti, Ippolita, com'eri pallida.",甚麼に蒼白かつたか、お前に想像は出來ない。,Tu,お前,Ippolita,Ippolita,PRON,PRON,nsubj,obj,explicit_ref_pos,
754,one-to-one,dn_802,isk_1012,"Tu non puoi imaginarti, Ippolita, com'eri pallida.",甚麼に蒼白かつたか、お前に想像は出來ない。,ti,MISSING,Ippolita,MISSING,PRON-REFLEX,MISSING,obj,MISSING,leftover_source,
754,one-to-one,dn_802,isk_1012,"Tu non puoi imaginarti, Ippolita, com'eri pallida.",甚麼に蒼白かつたか、お前に想像は出來ない。,Ippolita,MISSING,Ippolita,MISSING,PROPN,MISSING,vocative,MISSING,leftover_source,
754,one-to-one,dn_802,isk_1012,"Tu non puoi imaginarti, Ippolita, com'eri pallida.",甚麼に蒼白かつたか、お前に想像は出來ない。,eri,MISSING,Ippolita,MISSING,NULL,MISSING,nsubj,MISSING,leftover_source,
755,one-to-one,dn_803,isk_1013,Non mi è mai riuscito di trovare una similitudine.,俺だつて二つと見た事がない。,mi,俺,Giorgio,Giorgio,PRON,PRON,obj,nsubj,explicit_ref_pos,
756,one-to-one,dn_804,isk_1014,Pensai:,斯う思つたさ。,Pensai,思つた,Giorgio,Giorgio,NULL,NULL,nsubj,nsubj,zero_zero_single,
757,one-to-one,dn_805,isk_1015,"«Questa donna, come cammina?",那の女奈何して立つて居られるだらう。,Questa donna,那の女,Ippolita,Ippolita,NOUN,NOUN,nsubj,nsubj,explicit_full,
757,one-to-one,dn_805,isk_1015,"«Questa donna, come cammina?",那の女奈何して立つて居られるだらう。,cammina,立つて居られるだらう,Ippolita,Ippolita,NULL,NULL,nsubj,nsubj,zero_zero_single,
758,one-to-one,dn_806,isk_1016,Non deve avere nelle vene neppure una goccia di sangue.»,脈管に血が通つて居ないに極まつてる。,Non deve avere,MISSING,Ippolita,MISSING,NULL,MISSING,nsubj,MISSING,leftover_source,
759,one-to-many,dn_807,isk_1017 isk_1018,"Era un pallore soprannaturale, che ti faceva sembrare una creatura incorporea in mezzo a tutto quell'azzurro che cadeva dal cielo sul lastrico.",まづ人間の色ではなかつた。 空から甃石に降り飛ぐ瑠璃の洪水を透して見ると、お前は正體の無い魔物としか見えなかつたからね。,ti,お前,Ippolita,Ippolita,PRON,PRON,obj,nsubj,explicit_ref_pos,
759,one-to-many,dn_807,isk_1017 isk_1018,"Era un pallore soprannaturale, che ti faceva sembrare una creatura incorporea in mezzo a tutto quell'azzurro che cadeva dal cielo sul lastrico.",まづ人間の色ではなかつた。 空から甃石に降り飛ぐ瑠璃の洪水を透して見ると、お前は正體の無い魔物としか見えなかつたからね。,MISSING,透して見ると,MISSING,Ippolita,MISSING,NULL,MISSING,nsubj,leftover_target,
760,one-to-many,dn_808,isk_1019 isk_1020 isk_1021,Non guardai l'uomo che ti accompagnava; non ti volli seguire; non ebbi da te neppure l'accenno di uno sguardo.,誰だかと一緒に隨いてた男が有つたやうだが、那様事には氣附もしなかつた。 お前の跡を跟けようとも思はなかつた。 お前の方から一目だつて顧眄られはしなかつた。,guardai,跡を跟けようとも思はなかつた,Giorgio,Giorgio,NULL,NULL,nsubj,nsubj,zero_zero_semantic,0.289616551435355
760,one-to-many,dn_808,isk_1019 isk_1020 isk_1021,Non guardai l'uomo che ti accompagnava; non ti volli seguire; non ebbi da te neppure l'accenno di uno sguardo.,誰だかと一緒に隨いてた男が有つたやうだが、那様事には氣附もしなかつた。 お前の跡を跟けようとも思はなかつた。 お前の方から一目だつて顧眄られはしなかつた。,ebbi,顧眄られはしなかつた,Giorgio,Giorgio,NULL,NULL,nsubj,nsubj,zero_zero_semantic,0.2044431198636691
760,one-to-many,dn_808,isk_1019 isk_1020 isk_1021,Non guardai l'uomo che ti accompagnava; non ti volli seguire; non ebbi da te neppure l'accenno di uno sguardo.,誰だかと一緒に隨いてた男が有つたやうだが、那様事には氣附もしなかつた。 お前の跡を跟けようとも思はなかつた。 お前の方から一目だつて顧眄られはしなかつた。,volli seguire,MISSING,Giorgio,MISSING,NULL,MISSING,nsubj,MISSING,leftover_source,
760,one-to-many,dn_808,isk_1019 isk_1020 isk_1021,Non guardai l'uomo che ti accompagnava; non ti volli seguire; non ebbi da te neppure l'accenno di uno sguardo.,誰だかと一緒に隨いてた男が有つたやうだが、那様事には氣附もしなかつた。 お前の跡を跟けようとも思はなかつた。 お前の方から一目だつて顧眄られはしなかつた。,ti,お前,Ippolita,Ippolita,PRON,PRON,obj,nmod,explicit_ref_pos,
760,one-to-many,dn_808,isk_1019 isk_1020 isk_1021,Non guardai l'uomo che ti accompagnava; non ti volli seguire; non ebbi da te neppure l'accenno di uno sguardo.,誰だかと一緒に隨いてた男が有つたやうだが、那様事には氣附もしなかつた。 お前の跡を跟けようとも思はなかつた。 お前の方から一目だつて顧眄られはしなかつた。,ti,お前,Ippolita,Ippolita,PRON,PRON,obj,nmod,explicit_ref_pos,
760,one-to-many,dn_808,isk_1019 isk_1020 isk_1021,Non guardai l'uomo che ti accompagnava; non ti volli seguire; non ebbi da te neppure l'accenno di uno sguardo.,誰だかと一緒に隨いてた男が有つたやうだが、那様事には氣附もしなかつた。 お前の跡を跟けようとも思はなかつた。 お前の方から一目だつて顧眄られはしなかつた。,te,MISSING,Ippolita,MISSING,PRON,MISSING,obj,MISSING,leftover_source,
760,one-to-many,dn_808,isk_1019 isk_1020 isk_1021,Non guardai l'uomo che ti accompagnava; non ti volli seguire; non ebbi da te neppure l'accenno di uno sguardo.,誰だかと一緒に隨いてた男が有つたやうだが、那様事には氣附もしなかつた。 お前の跡を跟けようとも思はなかつた。 お前の方から一目だつて顧眄られはしなかつた。,l'uomo,一緒に隨いてた男,Ippolitas-chaperon,Ippolitas-chaperon,NOUN,NOUN,obj,nsubj,explicit_ref_pos,
761,one-to-one,dn_809,isk_1022,Ricordo anche questa particolarità:,尙だ記えてる事がある。,Ricordo,記えてる事がある,Giorgio,Giorgio,NULL,NULL,nsubj,nsubj,zero_zero_single,
762,one-to-one,dn_810,isk_1023,"a poca distanza, tu ti soffermasti perché un accenditore di fanali ingombrava il marciapiede.",少し行くと點燈夫に道を切られて、お前其處の處へ立縮んだらう。,tu,お前,Ippolita,Ippolita,PRON,PRON,nsubj,nsubj,explicit_full,
762,one-to-one,dn_810,isk_1023,"a poca distanza, tu ti soffermasti perché un accenditore di fanali ingombrava il marciapiede.",少し行くと點燈夫に道を切られて、お前其處の處へ立縮んだらう。,ti,MISSING,Ippolita,MISSING,PRON-REFLEX,MISSING,obj,MISSING,leftover_source,
762,one-to-one,dn_810,isk_1023,"a poca distanza, tu ti soffermasti perché un accenditore di fanali ingombrava il marciapiede.",少し行くと點燈夫に道を切られて、お前其處の處へ立縮んだらう。,MISSING,行くと,MISSING,Ippolita,MISSING,NULL,MISSING,nsubj,leftover_target,
762,one-to-one,dn_810,isk_1023,"a poca distanza, tu ti soffermasti perché un accenditore di fanali ingombrava il marciapiede.",少し行くと點燈夫に道を切られて、お前其處の處へ立縮んだらう。,MISSING,切られて,MISSING,Ippolita,MISSING,NULL,MISSING,nsubj,leftover_target,
762,one-to-one,dn_810,isk_1023,"a poca distanza, tu ti soffermasti perché un accenditore di fanali ingombrava il marciapiede.",少し行くと點燈夫に道を切られて、お前其處の處へ立縮んだらう。,MISSING,縮んだらう,MISSING,Ippolita,MISSING,NULL,MISSING,nsubj,leftover_target,
763,one-to-one,dn_811 dn_812,isk_1024 isk_1025,Guarda: vedo ancóra luccicare nell'aria la fiammella in cima alla pertica e accendersi d'un tratto il fanale illuminandoti.,那の竿の尖に點けた火から、火花の散るのが今でも見える。 瓦斯の火がぱつと點ると、お前は光を浴せられたやうになつた。,vedo,MISSING,Giorgio,MISSING,NULL,MISSING,nsubj,MISSING,leftover_source,
763,one-to-one,dn_811 dn_812,isk_1024 isk_1025,Guarda: vedo ancóra luccicare nell'aria la fiammella in cima alla pertica e accendersi d'un tratto il fanale illuminandoti.,那の竿の尖に點けた火から、火花の散るのが今でも見える。 瓦斯の火がぱつと點ると、お前は光を浴せられたやうになつた。,ti,お前,Ippolita,Ippolita,PRON,PRON,obj,nsubj,explicit_ref_pos,
763,one-to-one,dn_811 dn_812,isk_1024 isk_1025,Guarda: vedo ancóra luccicare nell'aria la fiammella in cima alla pertica e accendersi d'un tratto il fanale illuminandoti.,那の竿の尖に點けた火から、火花の散るのが今でも見える。 瓦斯の火がぱつと點ると、お前は光を浴せられたやうになつた。,Guarda,MISSING,Ippolita,MISSING,NULL,MISSING,nsubj,MISSING,leftover_source,
764,one-to-many,dn_813,isk_1026 isk_1027,"Ippolita sorrise, ma con un poco di malinconia; con quella specie di malinconia che assale una donna quando ella guarda un suo ritratto d'altri tempi.",イッポリイタは薄ら悲しさうな微笑を見せた。 女が舊く撮つた寫眞を眺かなしみめた時に、胸を壓されるやうな悲哀がそれであつた。,Ippolita,イッポリイタ,Ippolita,Ippolita,PROPN,PROPN,nsubj,nsubj,explicit_full,
764,one-to-many,dn_813,isk_1026 isk_1027,"Ippolita sorrise, ma con un poco di malinconia; con quella specie di malinconia che assale una donna quando ella guarda un suo ritratto d'altri tempi.",イッポリイタは薄ら悲しさうな微笑を見せた。 女が舊く撮つた寫眞を眺かなしみめた時に、胸を壓されるやうな悲哀がそれであつた。,MISSING,女,MISSING,Ippolita,MISSING,NOUN,MISSING,nsubj,leftover_target,
765,one-to-many,dn_814,isk_1028 isk_1029,"Già, ero pallida",然うでせう。 蒼かつたわ。,ero,蒼かつた,Ippolita,Ippolita,NULL,NULL,nsubj,nsubj,zero_zero_single,
766,one-to-one,dn_815,isk_1030,ella disse.,女が言つた。,ella,女,Ippolita,Ippolita,PRON,NOUN,nsubj,nsubj,explicit_ref_case,
767,one-to-one,dn_816,isk_1031,"Mi ero levata dal letto poche settimane innanzi, dopo una malattia di tre mesi.",三月も患つて、辛とその少し前とに牀を揚げた處だつたの。,ero levata,患つて,Ippolita,Ippolita,NULL,NULL,nsubj,nsubj,zero_zero_semantic,0.47225585313705115
767,one-to-one,dn_816,isk_1031,"Mi ero levata dal letto poche settimane innanzi, dopo una malattia di tre mesi.",三月も患つて、辛とその少し前とに牀を揚げた處だつたの。,Mi,MISSING,Ippolita,MISSING,PRON-REFLEX,MISSING,obj,MISSING,leftover_source,
767,one-to-one,dn_816,isk_1031,"Mi ero levata dal letto poche settimane innanzi, dopo una malattia di tre mesi.",三月も患つて、辛とその少し前とに牀を揚げた處だつたの。,MISSING,揚げた處だつた,MISSING,Ippolita,MISSING,NULL,MISSING,nsubj,leftover_target,
768,one-to-one,dn_817,isk_1032,Avevo veduta la morte.,もう死ぬつて處まで行つたのですもの。,Avevo,行つた,Ippolita,Ippolita,NULL,NULL,nsubj,nsubj,zero_zero_single,
771,one-to-many,dn_820,isk_1035 isk_1036,"Ambedue rimasero qualche minuto a guardare quella furiosa agitazione che assumeva una strana apparenza di vita consciente, nello squallore, nella nudità, nella supina inerzia della campagna.",暫時二人は雨風の威力を凝視めた。 裸體のやうに寥れた、微塵も生氣の通はない田舎の田圃に、雨と風ばかりが丁度精靈有るもののやま擧動を見せた。,Ambedue,二人,Giorgio Ippolita,Giorgio Ippolita,PRON,NOUN,nsubj,nsubj,explicit_ref_case,
772,one-to-one,dn_821,isk_1037,Ippolita provò quasi un senso di misericordia.,イッポリイタは可傷しい心に堪へられなくなつた。,Ippolita,イッポリイタ,Ippolita,Ippolita,PROPN,PROPN,nsubj,nsubj,explicit_full,
773,one-to-one,dn_822,isk_1038,Quella imaginata sofferenza dell'albero li metteva in conspetto della lor propria pena.,樹木の苦痛―此の想像は、被等にも眼の前に自分達の苦痛を思はせた。,li,被等,Giorgio Ippolita,Giorgio Ippolita,PRON,PRON,obj,obj,explicit_full,
773,one-to-one,dn_822,isk_1038,Quella imaginata sofferenza dell'albero li metteva in conspetto della lor propria pena.,樹木の苦痛―此の想像は、被等にも眼の前に自分達の苦痛を思はせた。,lor propria,自分達,Giorgio Ippolita,Giorgio Ippolita,DET,NOUN,nmod,nmod,explicit_ref_case,
774,one-to-many,dn_823,isk_1039 isk_1040 isk_1041,"Essi considerarono mentalmente la gran solitudine che si stendeva di fuori intorno quel misero edifizio, innanzi a cui passava di tanto in tanto un treno pieno di viaggiatori diversi, de' quali ciascuno portava in cuore una diversa ansietà.",彼等は胸に這麼物を描いた―停車場の周國は一面の曠野で、その中に惨憺な此の建物がある。 その前を種々な旅人を乘せた列車が引切なしに通る。 旅人は各自に、區々な物思ひを懷いて行く―。,Essi,彼等,Giorgio Ippolita,Giorgio Ippolita,PRON,PRON,nsubj,nsubj,explicit_full,
775,one-to-one,dn_824,isk_1042,"Le imagini tristi si succedevano nello spirito dei due amanti, rapide, suggerite da quelle cose medesime ch'essi avevano dianzi guardate con lieti occhi.",先刻二人が樂しい眼で見て居たその同じ事柄から、物悲しい幻影が浮かんで出て、それからそれへ移りした。,essi,二人,Giorgio Ippolita,Giorgio Ippolita,PRON,NOUN,nsubj,nsubj,explicit_ref_case,
775,one-to-one,dn_824,isk_1042,"Le imagini tristi si succedevano nello spirito dei due amanti, rapide, suggerite da quelle cose medesime ch'essi avevano dianzi guardate con lieti occhi.",先刻二人が樂しい眼で見て居たその同じ事柄から、物悲しい幻影が浮かんで出て、それからそれへ移りした。,due amanti,MISSING,Giorgio Ippolita,MISSING,NOUN,MISSING,nmod,MISSING,leftover_source,
775,one-to-one,dn_824,isk_1042,"Le imagini tristi si succedevano nello spirito dei due amanti, rapide, suggerite da quelle cose medesime ch'essi avevano dianzi guardate con lieti occhi.",先刻二人が樂しい眼で見て居たその同じ事柄から、物悲しい幻影が浮かんで出て、それからそれへ移りした。,MISSING,見て居た,MISSING,Giorgio Ippolita,MISSING,NULL,MISSING,nsubj,leftover_target,
775,one-to-one,dn_824,isk_1042,"Le imagini tristi si succedevano nello spirito dei due amanti, rapide, suggerite da quelle cose medesime ch'essi avevano dianzi guardate con lieti occhi.",先刻二人が樂しい眼で見て居たその同じ事柄から、物悲しい幻影が浮かんで出て、それからそれへ移りした。,MISSING,出て,MISSING,Giorgio Ippolita,MISSING,NULL,MISSING,nsubj,leftover_target,
775,one-to-one,dn_824,isk_1042,"Le imagini tristi si succedevano nello spirito dei due amanti, rapide, suggerite da quelle cose medesime ch'essi avevano dianzi guardate con lieti occhi.",先刻二人が樂しい眼で見て居たその同じ事柄から、物悲しい幻影が浮かんで出て、それからそれへ移りした。,MISSING,移りした,MISSING,Giorgio Ippolita,MISSING,NULL,MISSING,nsubj,leftover_target,
776,one-to-one,dn_825,isk_1043,"E, quando le imagini si diradarono e la conscienza senza più seguirle si ripiegò su sé stessa, ambedue trovarono in fondo una sola ineffabile angoscia:",その切影も消え、心の壓迫も除れて我に還つた時には、二人の胸の底に、喩へ難い或る蟠りの隠れて居ることが解つた。,ambedue,二人,Giorgio Ippolita,Giorgio Ippolita,PRON,NOUN,nsubj,nmod,explicit_ref_only,
778,one-to-many,dn_827,isk_1045 isk_1046,"Il loro amore aveva dietro di sé un lungo passato; trascinava dietro di sé, nel tempo, una immensa rete oscura, tutta piena di cose morte.",二人の戀の背後には、長い「過去」があつた。 死骸の一杯這入つた、異體の知れない大きな網が何年かその背後に引摺られて來た。,loro,二人,Giorgio Ippolita,Giorgio Ippolita,DET,NOUN,nmod,nmod,explicit_ref_case,
779,one-to-one,dn_828,isk_1047,Che hai?,奈何したの。,hai,した,Giorgio,Giorgio,NULL,NULL,nsubj,nsubj,zero_zero_single,
780,one-to-one,dn_829,isk_1048,"chiese Ippolita, con la voce un poco alterata.",イッポリイタの斯う訊いた聲は幾らか變つて居た。,Ippolita,イッポリイタ,Ippolita,Ippolita,PROPN,PROPN,nsubj,nmod,explicit_ref_pos,
781,one-to-many,dn_830,isk_1049 isk_1050,"E tu, che hai?",奈何した。 お前は。,MISSING,した,MISSING,Giorgio,MISSING,NULL,MISSING,nsubj,leftover_target,
781,one-to-many,dn_830,isk_1049 isk_1050,"E tu, che hai?",奈何した。 お前は。,MISSING,お前,MISSING,Giorgio,MISSING,NULL,MISSING,nsubj,leftover_target,
781,one-to-many,dn_830,isk_1049 isk_1050,"E tu, che hai?",奈何した。 お前は。,tu,MISSING,Ippolita,MISSING,PRON,MISSING,nsubj,MISSING,leftover_source,
782,one-to-one,dn_831,isk_1051,"chiese Giorgio, fissandola.",疑と視詰めながら男も問返した。,Giorgio,男,Giorgio,Giorgio,PROPN,NOUN,nsubj,nsubj,explicit_ref_case,
782,one-to-one,dn_831,isk_1051,"chiese Giorgio, fissandola.",疑と視詰めながら男も問返した。,MISSING,視詰めながら,MISSING,Giorgio,MISSING,NULL,MISSING,nsubj,leftover_target,
782,one-to-one,dn_831,isk_1051,"chiese Giorgio, fissandola.",疑と視詰めながら男も問返した。,la,MISSING,Ippolita,MISSING,PRON,MISSING,obj,MISSING,leftover_source,
783,one-to-one,dn_832,isk_1052,Nessuno dei due rispose alla domanda.,那箇からも答はなかつた。,Nessuno dei due,那箇,Giorgio Ippolita,Giorgio Ippolita,PRON,NULL,nsubj,nsubj,zero_to_src_anchor,
784,one-to-one,dn_833,isk_1053,"Tacquero, e guardarono di nuovo a traverso i vetri.",無言の儘で、また窓から外を眺め直した。,guardarono,眺め直した,Giorgio Ippolita,Giorgio Ippolita,NULL,NULL,nsubj,nsubj,zero_zero_semantic,0.41566237475111756
784,one-to-one,dn_833,isk_1053,"Tacquero, e guardarono di nuovo a traverso i vetri.",無言の儘で、また窓から外を眺め直した。,Tacquero,MISSING,Giorgio Ippolita,MISSING,NULL,MISSING,nsubj,MISSING,leftover_source,
788,one-to-one,dn_837,isk_1058,Ippolita Sanzio,イッポ―リイ―タ・―サン―チォオ。,Ippolita Sanzio,イッポ―リイ―タ・―サン―チォオ,Ippolita,Ippolita,PROPN,PROPN,vocative,vocative,explicit_full,
789,one-to-many,dn_838,isk_1059 isk_1060,"disse Giorgio, pronunziando quel nome con lentezza, come per assaporarlo.",斯うジォㇽジォは女の性名を緩平言つた。 其の發音のチァアムを味ふといふ風であつた。,Giorgio,ジォㇽジォ,Giorgio,Giorgio,PROPN,PROPN,nsubj,nsubj,explicit_full,
789,one-to-many,dn_838,isk_1059 isk_1060,"disse Giorgio, pronunziando quel nome con lentezza, come per assaporarlo.",斯うジォㇽジォは女の性名を緩平言つた。 其の發音のチァアムを味ふといふ風であつた。,MISSING,味ふといふ風であつた,MISSING,Giorgio,MISSING,NULL,MISSING,nsubj,leftover_target,
789,one-to-many,dn_838,isk_1059 isk_1060,"disse Giorgio, pronunziando quel nome con lentezza, come per assaporarlo.",斯うジォㇽジォは女の性名を緩平言つた。 其の發音のチァアムを味ふといふ風であつた。,MISSING,女,MISSING,Ippolita,MISSING,NOUN,MISSING,nmod,leftover_target,
790,one-to-one,dn_839,isk_1061,Che palpito ebbi quando seppi finalmente che ti chiamavi così!,お前の名前が初めて分つた時は、甚度に胸が鼓動したらう。,ebbi,MISSING,Giorgio,MISSING,NULL,MISSING,nsubj,MISSING,leftover_source,
790,one-to-one,dn_839,isk_1061,Che palpito ebbi quando seppi finalmente che ti chiamavi così!,お前の名前が初めて分つた時は、甚度に胸が鼓動したらう。,seppi,MISSING,Giorgio,MISSING,NULL,MISSING,nsubj,MISSING,leftover_source,
790,one-to-one,dn_839,isk_1061,Che palpito ebbi quando seppi finalmente che ti chiamavi così!,お前の名前が初めて分つた時は、甚度に胸が鼓動したらう。,ti,MISSING,Ippolita,MISSING,PRON-REFLEX,MISSING,obj,MISSING,leftover_source,
790,one-to-one,dn_839,isk_1061,Che palpito ebbi quando seppi finalmente che ti chiamavi così!,お前の名前が初めて分つた時は、甚度に胸が鼓動したらう。,chiamavi,MISSING,Ippolita,MISSING,NULL,MISSING,nsubj,MISSING,leftover_source,
790,one-to-one,dn_839,isk_1061,Che palpito ebbi quando seppi finalmente che ti chiamavi così!,お前の名前が初めて分つた時は、甚度に胸が鼓動したらう。,MISSING,お前,MISSING,Ippolita,MISSING,PRON,MISSING,nmod,leftover_target,
791,one-to-one,dn_840,isk_1062,Quante cose vidi e sentii nel tuo nome!,其の名前の中で、甚度にさまざまな物を見たり感じたと思ふ？,sentii,見たり感じた,Giorgio,Giorgio,NULL,NULL,nsubj,nsubj,zero_zero_semantic,0.5150172200476949
791,one-to-one,dn_840,isk_1062,Quante cose vidi e sentii nel tuo nome!,其の名前の中で、甚度にさまざまな物を見たり感じたと思ふ？,vidi,MISSING,Giorgio,MISSING,NULL,MISSING,nsubj,MISSING,leftover_source,
791,one-to-one,dn_840,isk_1062,Quante cose vidi e sentii nel tuo nome!,其の名前の中で、甚度にさまざまな物を見たり感じたと思ふ？,tuo,MISSING,Ippolita,MISSING,DET,MISSING,nmod,MISSING,leftover_source,
791,one-to-one,dn_840,isk_1062,Quante cose vidi e sentii nel tuo nome!,其の名前の中で、甚度にさまざまな物を見たり感じたと思ふ？,MISSING,思ふ,MISSING,Ippolita,MISSING,NULL,MISSING,nsubj,leftover_target,
792,one-to-one,dn_841,isk_1063,"Si chiamava così una mia sorella, morta.",イッポリイタといふのは死んだ妹と同じ名前だ。,mia,MISSING,Giorgio,MISSING,DET,MISSING,nmod,MISSING,leftover_source,
792,one-to-one,dn_841,isk_1063,"Si chiamava così una mia sorella, morta.",イッポリイタといふのは死んだ妹と同じ名前だ。,sorella,死んだ妹,Giorgios-younger-sister-Ippolita,Giorgios-younger-sister-Ippolita,NOUN,NOUN,nsubj,obj,explicit_ref_pos,
792,one-to-one,dn_841,isk_1063,"Si chiamava così una mia sorella, morta.",イッポリイタといふのは死んだ妹と同じ名前だ。,Si,MISSING,Giorgios-younger-sister-Ippolita,MISSING,PRON-REFLEX,MISSING,obj,MISSING,leftover_source,
793,one-to-one,dn_842,isk_1064,Il bel nome mi era familiare.,その綺麗な名前は俺には舊馴染なんだ。,mi,俺,Giorgio,Giorgio,PRON,PRON,obj,obj,explicit_full,
794,one-to-one,dn_843,isk_1065,"Sùbito pensai, con una commozione profonda:",ああ、萬望して此の自分の屑に、昔日の味が味はして遣りたいもんだ。,pensai,MISSING,Giorgio,MISSING,NULL,MISSING,nsubj,MISSING,leftover_source,
794,one-to-one,dn_843,isk_1065,"Sùbito pensai, con una commozione profonda:",ああ、萬望して此の自分の屑に、昔日の味が味はして遣りたいもんだ。,MISSING,自分,MISSING,Giorgio,MISSING,NOUN,MISSING,nmod,leftover_target,
795,one-to-one,dn_844,isk_1066,«Se le mie labbra dovessero riprendere la cara consuetudine!»,―直ぐその時こんな深い情が涌いた。,mie,MISSING,Giorgio,MISSING,DET,MISSING,nmod,MISSING,leftover_source,
796,one-to-one,dn_845,isk_1067,"Per tutto quel giorno, le memorie della morta si mescolarono delicatamente al mio sogno segreto.",其の日は朝から晩まで、死んだ妹の事と神祕な夢とで、氣が怪しく粉糾つて了つた。,mio,死んだ妹,Giorgio,Giorgio,DET,NOUN,nmod,nmod,explicit_ref_case,
796,one-to-one,dn_845,isk_1067,"Per tutto quel giorno, le memorie della morta si mescolarono delicatamente al mio sogno segreto.",其の日は朝から晩まで、死んだ妹の事と神祕な夢とで、氣が怪しく粉糾つて了つた。,morta,MISSING,Giorgios-younger-sister-Ippolita,MISSING,NOUN,MISSING,nmod,MISSING,leftover_source,
797,one-to-many,dn_846,isk_1068 isk_1069 isk_1070 isk_1071,"Io non ti cercai, non ti perseguitai, non volli essere mai importuno; ma avevo dentro di me una fede inesplicabile, la sicurezza che tu, o prima o poi, mi avresti conosciuto e mi avresti amato.",―お前を探しに行きもしなかつた。 ―迷惑を掛けることは嫌ひだから、那樣事は自分で思ひ止つた。 それだけ心の底では、口に出せない程の信用を置いてゐた。 何時かしら俺を知つて、愛してくれる時が來るだらうと然う極めて居た。,Io,自分,Giorgio,Giorgio,PRON,NOUN,nsubj,nsubj,explicit_ref_case,
797,one-to-many,dn_846,isk_1068 isk_1069 isk_1070 isk_1071,"Io non ti cercai, non ti perseguitai, non volli essere mai importuno; ma avevo dentro di me una fede inesplicabile, la sicurezza che tu, o prima o poi, mi avresti conosciuto e mi avresti amato.",―お前を探しに行きもしなかつた。 ―迷惑を掛けることは嫌ひだから、那樣事は自分で思ひ止つた。 それだけ心の底では、口に出せない程の信用を置いてゐた。 何時かしら俺を知つて、愛してくれる時が來るだらうと然う極めて居た。,perseguitai,探しに行きもしなかつた,Giorgio,Giorgio,NULL,NULL,nsubj,nsubj,zero_zero_semantic,0.487054399920082
797,one-to-many,dn_846,isk_1068 isk_1069 isk_1070 isk_1071,"Io non ti cercai, non ti perseguitai, non volli essere mai importuno; ma avevo dentro di me una fede inesplicabile, la sicurezza che tu, o prima o poi, mi avresti conosciuto e mi avresti amato.",―お前を探しに行きもしなかつた。 ―迷惑を掛けることは嫌ひだから、那樣事は自分で思ひ止つた。 それだけ心の底では、口に出せない程の信用を置いてゐた。 何時かしら俺を知つて、愛してくれる時が來るだらうと然う極めて居た。,volli,思ひ止つた,Giorgio,Giorgio,NULL,NULL,nsubj,nsubj,zero_zero_semantic,0.4871988668916492
797,one-to-many,dn_846,isk_1068 isk_1069 isk_1070 isk_1071,"Io non ti cercai, non ti perseguitai, non volli essere mai importuno; ma avevo dentro di me una fede inesplicabile, la sicurezza che tu, o prima o poi, mi avresti conosciuto e mi avresti amato.",―お前を探しに行きもしなかつた。 ―迷惑を掛けることは嫌ひだから、那樣事は自分で思ひ止つた。 それだけ心の底では、口に出せない程の信用を置いてゐた。 何時かしら俺を知つて、愛してくれる時が來るだらうと然う極めて居た。,avevo,置いてゐた,Giorgio,Giorgio,NULL,NULL,nsubj,nsubj,zero_zero_semantic,0.24635131855217463
797,one-to-many,dn_846,isk_1068 isk_1069 isk_1070 isk_1071,"Io non ti cercai, non ti perseguitai, non volli essere mai importuno; ma avevo dentro di me una fede inesplicabile, la sicurezza che tu, o prima o poi, mi avresti conosciuto e mi avresti amato.",―お前を探しに行きもしなかつた。 ―迷惑を掛けることは嫌ひだから、那樣事は自分で思ひ止つた。 それだけ心の底では、口に出せない程の信用を置いてゐた。 何時かしら俺を知つて、愛してくれる時が來るだらうと然う極めて居た。,me,MISSING,Giorgio,MISSING,PRON,MISSING,obj,MISSING,leftover_source,
797,one-to-many,dn_846,isk_1068 isk_1069 isk_1070 isk_1071,"Io non ti cercai, non ti perseguitai, non volli essere mai importuno; ma avevo dentro di me una fede inesplicabile, la sicurezza che tu, o prima o poi, mi avresti conosciuto e mi avresti amato.",―お前を探しに行きもしなかつた。 ―迷惑を掛けることは嫌ひだから、那樣事は自分で思ひ止つた。 それだけ心の底では、口に出せない程の信用を置いてゐた。 何時かしら俺を知つて、愛してくれる時が來るだらうと然う極めて居た。,mi,MISSING,Giorgio,MISSING,PRON,MISSING,obj,MISSING,leftover_source,
797,one-to-many,dn_846,isk_1068 isk_1069 isk_1070 isk_1071,"Io non ti cercai, non ti perseguitai, non volli essere mai importuno; ma avevo dentro di me una fede inesplicabile, la sicurezza che tu, o prima o poi, mi avresti conosciuto e mi avresti amato.",―お前を探しに行きもしなかつた。 ―迷惑を掛けることは嫌ひだから、那樣事は自分で思ひ止つた。 それだけ心の底では、口に出せない程の信用を置いてゐた。 何時かしら俺を知つて、愛してくれる時が來るだらうと然う極めて居た。,mi,MISSING,Giorgio,MISSING,PRON,MISSING,obj,MISSING,leftover_source,
797,one-to-many,dn_846,isk_1068 isk_1069 isk_1070 isk_1071,"Io non ti cercai, non ti perseguitai, non volli essere mai importuno; ma avevo dentro di me una fede inesplicabile, la sicurezza che tu, o prima o poi, mi avresti conosciuto e mi avresti amato.",―お前を探しに行きもしなかつた。 ―迷惑を掛けることは嫌ひだから、那樣事は自分で思ひ止つた。 それだけ心の底では、口に出せない程の信用を置いてゐた。 何時かしら俺を知つて、愛してくれる時が來るだらうと然う極めて居た。,ti,お前,Ippolita,Ippolita,PRON,PRON,obj,obj,explicit_full,
797,one-to-many,dn_846,isk_1068 isk_1069 isk_1070 isk_1071,"Io non ti cercai, non ti perseguitai, non volli essere mai importuno; ma avevo dentro di me una fede inesplicabile, la sicurezza che tu, o prima o poi, mi avresti conosciuto e mi avresti amato.",―お前を探しに行きもしなかつた。 ―迷惑を掛けることは嫌ひだから、那樣事は自分で思ひ止つた。 それだけ心の底では、口に出せない程の信用を置いてゐた。 何時かしら俺を知つて、愛してくれる時が來るだらうと然う極めて居た。,tu,俺,Ippolita,Ippolita,PRON,PRON,nsubj,nsubj,explicit_full,
797,one-to-many,dn_846,isk_1068 isk_1069 isk_1070 isk_1071,"Io non ti cercai, non ti perseguitai, non volli essere mai importuno; ma avevo dentro di me una fede inesplicabile, la sicurezza che tu, o prima o poi, mi avresti conosciuto e mi avresti amato.",―お前を探しに行きもしなかつた。 ―迷惑を掛けることは嫌ひだから、那樣事は自分で思ひ止つた。 それだけ心の底では、口に出せない程の信用を置いてゐた。 何時かしら俺を知つて、愛してくれる時が來るだらうと然う極めて居た。,avresti,知つて,Ippolita,Ippolita,NULL,NULL,nsubj,nsubj,zero_zero_semantic,0.20001332607720476
797,one-to-many,dn_846,isk_1068 isk_1069 isk_1070 isk_1071,"Io non ti cercai, non ti perseguitai, non volli essere mai importuno; ma avevo dentro di me una fede inesplicabile, la sicurezza che tu, o prima o poi, mi avresti conosciuto e mi avresti amato.",―お前を探しに行きもしなかつた。 ―迷惑を掛けることは嫌ひだから、那樣事は自分で思ひ止つた。 それだけ心の底では、口に出せない程の信用を置いてゐた。 何時かしら俺を知つて、愛してくれる時が來るだらうと然う極めて居た。,avresti,愛してくれる,Ippolita,Ippolita,NULL,NULL,nsubj,nsubj,zero_zero_semantic,0.32222705397882667
797,one-to-many,dn_846,isk_1068 isk_1069 isk_1070 isk_1071,"Io non ti cercai, non ti perseguitai, non volli essere mai importuno; ma avevo dentro di me una fede inesplicabile, la sicurezza che tu, o prima o poi, mi avresti conosciuto e mi avresti amato.",―お前を探しに行きもしなかつた。 ―迷惑を掛けることは嫌ひだから、那樣事は自分で思ひ止つた。 それだけ心の底では、口に出せない程の信用を置いてゐた。 何時かしら俺を知つて、愛してくれる時が來るだらうと然う極めて居た。,ti,MISSING,Ippolita,MISSING,PRON,MISSING,obj,MISSING,leftover_source,
797,one-to-many,dn_846,isk_1068 isk_1069 isk_1070 isk_1071,"Io non ti cercai, non ti perseguitai, non volli essere mai importuno; ma avevo dentro di me una fede inesplicabile, la sicurezza che tu, o prima o poi, mi avresti conosciuto e mi avresti amato.",―お前を探しに行きもしなかつた。 ―迷惑を掛けることは嫌ひだから、那樣事は自分で思ひ止つた。 それだけ心の底では、口に出せない程の信用を置いてゐた。 何時かしら俺を知つて、愛してくれる時が來るだらうと然う極めて居た。,MISSING,極めて居た,MISSING,Ippolita,MISSING,NULL,MISSING,nsubj,leftover_target,
799,one-to-many,dn_848,isk_1073 isk_1074,Vivevo fuori della realtà; nutrivo il mio spirito di musica e di letture esaltanti.,俺は現實を離れて居た。 音樂と書物と、それが精神の糧であつた。,mio,俺,Giorgio,Giorgio,DET,PRON,nmod,nsubj,explicit_ref_only,
799,one-to-many,dn_848,isk_1073 isk_1074,Vivevo fuori della realtà; nutrivo il mio spirito di musica e di letture esaltanti.,俺は現實を離れて居た。 音樂と書物と、それが精神の糧であつた。,Vivevo,MISSING,Giorgio,MISSING,NULL,MISSING,nsubj,MISSING,leftover_source,
799,one-to-many,dn_848,isk_1073 isk_1074,Vivevo fuori della realtà; nutrivo il mio spirito di musica e di letture esaltanti.,俺は現實を離れて居た。 音樂と書物と、それが精神の糧であつた。,nutrivo,MISSING,Giorgio,MISSING,NULL,MISSING,nsubj,MISSING,leftover_source,
800,one-to-many,dn_849,isk_1075 isk_1076,"Ti vidi, in fatti, un giorno a un concerto di Giovanni Sgambati; ma non ti vidi se non quando tu stavi per uscire dalla sala.",偶と或る時お前をジオヷンニ·ズガムバアチの音樂會で見掛けた。 が、お前が樂堂を出ようとする時に一寸見たばかりだ。,vidi,見掛けた,Giorgio,Giorgio,NULL,NULL,nsubj,nsubj,zero_zero_semantic,0.2627439729029482
800,one-to-many,dn_849,isk_1075 isk_1076,"Ti vidi, in fatti, un giorno a un concerto di Giovanni Sgambati; ma non ti vidi se non quando tu stavi per uscire dalla sala.",偶と或る時お前をジオヷンニ·ズガムバアチの音樂會で見掛けた。 が、お前が樂堂を出ようとする時に一寸見たばかりだ。,vidi,見た,Giorgio,Giorgio,NULL,NULL,nsubj,nsubj,zero_zero_semantic,0.2267304462465373
800,one-to-many,dn_849,isk_1075 isk_1076,"Ti vidi, in fatti, un giorno a un concerto di Giovanni Sgambati; ma non ti vidi se non quando tu stavi per uscire dalla sala.",偶と或る時お前をジオヷンニ·ズガムバアチの音樂會で見掛けた。 が、お前が樂堂を出ようとする時に一寸見たばかりだ。,Giovanni Sgambati,ジオヷンニ·ズガムバアチ,GiovanniSgambati,GiovanniSgambati,PROPN,PROPN,nmod,nmod,explicit_full,
800,one-to-many,dn_849,isk_1075 isk_1076,"Ti vidi, in fatti, un giorno a un concerto di Giovanni Sgambati; ma non ti vidi se non quando tu stavi per uscire dalla sala.",偶と或る時お前をジオヷンニ·ズガムバアチの音樂會で見掛けた。 が、お前が樂堂を出ようとする時に一寸見たばかりだ。,Ti,お前,Ippolita,Ippolita,PRON,PRON,obj,obj,explicit_full,
800,one-to-many,dn_849,isk_1075 isk_1076,"Ti vidi, in fatti, un giorno a un concerto di Giovanni Sgambati; ma non ti vidi se non quando tu stavi per uscire dalla sala.",偶と或る時お前をジオヷンニ·ズガムバアチの音樂會で見掛けた。 が、お前が樂堂を出ようとする時に一寸見たばかりだ。,tu,お前,Ippolita,Ippolita,PRON,PRON,nsubj,nsubj,explicit_full,
800,one-to-many,dn_849,isk_1075 isk_1076,"Ti vidi, in fatti, un giorno a un concerto di Giovanni Sgambati; ma non ti vidi se non quando tu stavi per uscire dalla sala.",偶と或る時お前をジオヷンニ·ズガムバアチの音樂會で見掛けた。 が、お前が樂堂を出ようとする時に一寸見たばかりだ。,ti,MISSING,Ippolita,MISSING,PRON,MISSING,obj,MISSING,leftover_source,
801,one-to-one,dn_850,isk_1077,Mi guardasti.,お前は瞥と俺の方を見た…。,Mi,俺,Giorgio,Giorgio,PRON,PRON,obj,nmod,explicit_ref_pos,
801,one-to-one,dn_850,isk_1077,Mi guardasti.,お前は瞥と俺の方を見た…。,guardasti,お前,Ippolita,Ippolita,NULL,PRON,nsubj,nsubj,zero_to_tgt_anchor,
802,one-to-one,dn_851,isk_1078,Un'altra volta anche mi guardasti (forse te ne ricordi):,それから又別の時に俺を視返つたこともあつた―記えて居るだらう。,mi,俺,Giorgio,Giorgio,PRON,PRON,obj,obj,explicit_full,
802,one-to-one,dn_851,isk_1078,Un'altra volta anche mi guardasti (forse te ne ricordi):,それから又別の時に俺を視返つたこともあつた―記えて居るだらう。,guardasti,視返つた,Ippolita,Ippolita,NULL,NULL,nsubj,nsubj,zero_zero_semantic,0.6776051353749042
802,one-to-one,dn_851,isk_1078,Un'altra volta anche mi guardasti (forse te ne ricordi):,それから又別の時に俺を視返つたこともあつた―記えて居るだらう。,ricordi,記えて居る,Ippolita,Ippolita,NULL,NULL,nsubj,nsubj,zero_zero_semantic,0.1899694082099721
802,one-to-one,dn_851,isk_1078,Un'altra volta anche mi guardasti (forse te ne ricordi):,それから又別の時に俺を視返つたこともあつた―記えて居るだらう。,te,MISSING,Ippolita,MISSING,PRON-REFLEX,MISSING,obj,MISSING,leftover_source,
803,one-to-one,dn_852,isk_1079,"quando c'incontrammo sul principio del Babuino, proprio davanti la libreria Piale.",それは、バブヰノの入口で、ビアアレ書店の前だつた。,c,MISSING,Giorgio Ippolita,MISSING,PRON-REFLEX,MISSING,obj,MISSING,leftover_source,
803,one-to-one,dn_852,isk_1079,"quando c'incontrammo sul principio del Babuino, proprio davanti la libreria Piale.",それは、バブヰノの入口で、ビアアレ書店の前だつた。,incontrammo,MISSING,Giorgio Ippolita,MISSING,NULL,MISSING,nsubj,MISSING,leftover_source,
804,one-to-one,dn_853,isk_1080,Me ne ricordo.,記えててよ。,ricordo,記えてて,Ippolita,Ippolita,NULL,NULL,nsubj,nsubj,zero_zero_single,
804,one-to-one,dn_853,isk_1080,Me ne ricordo.,記えててよ。,Me,MISSING,Ippolita,MISSING,PRON,MISSING,obj,MISSING,leftover_source,
805,one-to-one,dn_854,isk_1081,Avevi con te una bambina.,誰だか女の子を連れて居たらう。,una bambina,女の子,Cecilia,Cecilia,NOUN,NOUN,obj,nsubj,explicit_ref_pos,
805,one-to-one,dn_854,isk_1081,Avevi con te una bambina.,誰だか女の子を連れて居たらう。,Avevi,連れて居た,Ippolita,Ippolita,NULL,NULL,nsubj,nsubj,zero_zero_single,
805,one-to-one,dn_854,isk_1081,Avevi con te una bambina.,誰だか女の子を連れて居たらう。,te,MISSING,Ippolita,MISSING,PRON,MISSING,obj,MISSING,leftover_source,
807,one-to-one,dn_856,isk_1083,"la Cecilia, una mia nipote.",チェチリアつて、姪なの。,la Cecilia,チェチリア,Cecilia,Cecilia,PROPN,PROPN,pred,pred,explicit_full,
807,one-to-one,dn_856,isk_1083,"la Cecilia, una mia nipote.",チェチリアつて、姪なの。,nipote,姪,Cecilia,Cecilia,NOUN,NOUN,pred,pred,explicit_full,
807,one-to-one,dn_856,isk_1083,"la Cecilia, una mia nipote.",チェチリアつて、姪なの。,mia,MISSING,Ippolita,MISSING,DET,MISSING,nmod,MISSING,leftover_source,
808,one-to-many,dn_857,isk_1084 isk_1085,"Io mi fermai sul marciapiede, per lasciarti passare.",俺は傍へ避けたさ。 と、お前はすつと通つた。,Io,俺,Giorgio,Giorgio,PRON,PRON,nsubj,nsubj,explicit_full,
808,one-to-many,dn_857,isk_1084 isk_1085,"Io mi fermai sul marciapiede, per lasciarti passare.",俺は傍へ避けたさ。 と、お前はすつと通つた。,mi,MISSING,Giorgio,MISSING,PRON-REFLEX,MISSING,obj,MISSING,leftover_source,
808,one-to-many,dn_857,isk_1084 isk_1085,"Io mi fermai sul marciapiede, per lasciarti passare.",俺は傍へ避けたさ。 と、お前はすつと通つた。,ti,お前,Ippolita,Ippolita,PRON,PRON,obj,nsubj,explicit_ref_pos,
809,one-to-one,dn_858,isk_1086,Notai che avevamo tutt'e due la stessa altezza.,其の時自分と同じ位な背恰好だといふことに氣附いた。,Notai,氣附いた,Giorgio,Giorgio,NULL,NULL,nsubj,nsubj,zero_zero_single,
809,one-to-one,dn_858,isk_1086,Notai che avevamo tutt'e due la stessa altezza.,其の時自分と同じ位な背恰好だといふことに氣附いた。,MISSING,自分,MISSING,Giorgio,MISSING,PRON,MISSING,obj,leftover_target,
809,one-to-one,dn_858,isk_1086,Notai che avevamo tutt'e due la stessa altezza.,其の時自分と同じ位な背恰好だといふことに氣附いた。,tutt'e due,MISSING,Giorgio Ippolita,MISSING,NOUN,MISSING,nsubj,MISSING,leftover_source,
810,one-to-one,dn_859,isk_1087,Eri meno pallida del solito.,曩ほども蒼くはなかつたね。,Eri,蒼くはなかつた,Ippolita,Ippolita,NULL,NULL,nsubj,nsubj,zero_zero_single,
811,one-to-one,dn_860,isk_1088,Mi balenò un pensiero orgoglioso....,瞬間の矜誇が、ぞつと總身を拔け通つた…。,Mi,MISSING,Giorgio,MISSING,PRON,MISSING,obj,MISSING,leftover_source,
812,one-to-one,dn_861,isk_1089,Indovinavi.,克く那樣にも細かく。,Indovinavi,MISSING,Giorgio,MISSING,NULL,MISSING,nsubj,MISSING,leftover_source,
813,one-to-one,dn_862,isk_1090,Ti ricordi?,記えてるか。,ricordi,記えてる,Ippolita,Ippolita,NULL,NULL,nsubj,nsubj,zero_zero_single,
813,one-to-one,dn_862,isk_1090,Ti ricordi?,記えてるか。,Ti,MISSING,Ippolita,MISSING,PRON-REFLEX,MISSING,obj,MISSING,leftover_source,
815,one-to-one,dn_864,isk_1092,La mia aspettazione si faceva sempre più sicura.,だんだん氣が丈夫になつて行く。,mia,MISSING,Giorgio,MISSING,DET,MISSING,nmod,MISSING,leftover_source,
816,one-to-one,dn_865,isk_1093,Vivevo di giorno in giorno pensando al grande amore che doveva venire.,大きなパッシォンの起る日が近づいて來るやうな氣がして、その考の裡に日を送つた。,Vivevo,日を送つた,Giorgio,Giorgio,NULL,NULL,nsubj,nsubj,zero_zero_single,
817,one-to-one,dn_866,isk_1094,"Come ti avevo veduta due volte con un mazzolino di violette, empivo di violette la mia casa.",二度ともお前がヸオレットの花把を持つてるのを見掛けたから、家中ヸオレットで埋めた。,avevo veduta,見掛けたから,Giorgio,Giorgio,NULL,NULL,nsubj,nsubj,zero_zero_semantic,0.33167600063636726
817,one-to-one,dn_866,isk_1094,"Come ti avevo veduta due volte con un mazzolino di violette, empivo di violette la mia casa.",二度ともお前がヸオレットの花把を持つてるのを見掛けたから、家中ヸオレットで埋めた。,empivo,埋めた,Giorgio,Giorgio,NULL,NULL,nsubj,nsubj,zero_zero_semantic,0.5120902008328623
817,one-to-one,dn_866,isk_1094,"Come ti avevo veduta due volte con un mazzolino di violette, empivo di violette la mia casa.",二度ともお前がヸオレットの花把を持つてるのを見掛けたから、家中ヸオレットで埋めた。,mia,MISSING,Giorgio,MISSING,DET,MISSING,obj,MISSING,leftover_source,
817,one-to-one,dn_866,isk_1094,"Come ti avevo veduta due volte con un mazzolino di violette, empivo di violette la mia casa.",二度ともお前がヸオレットの花把を持つてるのを見掛けたから、家中ヸオレットで埋めた。,ti,お前,Ippolita,Ippolita,PRON,PRON,obj,nsubj,explicit_ref_pos,
818,one-to-one,dn_867,isk_1095,"Ah, io non dimenticherò mai quel principio di primavera!",那の初春が忘れられない。,io,忘れられない,Giorgio,Giorgio,PRON,NULL,nsubj,nsubj,zero_to_src_anchor,
819,one-to-one,dn_868,isk_1096,"Certi sonni mattutini, nel mio letto, leggerissimi, trasparenti, pieni di sogni quasi volontarii!",朝毎の輕い、ふわふわとした寢心地。,mio,MISSING,Giorgio,MISSING,DET,MISSING,nmod,MISSING,leftover_source,
820,one-to-many,dn_869,isk_1097 isk_1098,"Certi risvegli lenti, dubbiosi, che mi aprivano gli occhi alla luce, mentre il mio spirito stentava a riacquistare il senso della realtà!",又夢路から、うとうとと醒め返つて來る時の氣分つてない…。 眼だけは光線と親みを作つて居ながら、精神は尚未練深く現實に還ることを躊躇つてゐる。,mi,MISSING,Giorgio,MISSING,PRON,MISSING,obj,MISSING,leftover_source,
820,one-to-many,dn_869,isk_1097 isk_1098,"Certi risvegli lenti, dubbiosi, che mi aprivano gli occhi alla luce, mentre il mio spirito stentava a riacquistare il senso della realtà!",又夢路から、うとうとと醒め返つて來る時の氣分つてない…。 眼だけは光線と親みを作つて居ながら、精神は尚未練深く現實に還ることを躊躇つてゐる。,mio,MISSING,Giorgio,MISSING,DET,MISSING,nmod,MISSING,leftover_source,
821,one-to-one,dn_870,isk_1099,Mi ricordo che alcuni artifizi puerili bastavano a darmi una specie di ebrezza illusoria.,ごく子供らしい事で、イルウジォンを起して憫となつたことなぞもある。,Mi,MISSING,Giorgio,MISSING,PRON-REFLEX,MISSING,obj,MISSING,leftover_source,
821,one-to-one,dn_870,isk_1099,Mi ricordo che alcuni artifizi puerili bastavano a darmi una specie di ebrezza illusoria.,ごく子供らしい事で、イルウジォンを起して憫となつたことなぞもある。,ricordo,MISSING,Giorgio,MISSING,NULL,MISSING,nsubj,MISSING,leftover_source,
821,one-to-one,dn_870,isk_1099,Mi ricordo che alcuni artifizi puerili bastavano a darmi una specie di ebrezza illusoria.,ごく子供らしい事で、イルウジォンを起して憫となつたことなぞもある。,mi,MISSING,Giorgio,MISSING,PRON,MISSING,obj,MISSING,leftover_source,
822,one-to-one,dn_871,isk_1100,"Mi ricordo che un giorno, in un concerto del Quintetto, ascoltando una musica del Beethoven piena di una frase grandiosa e appassionata che tornava a intervalli, mi esaltai sino alla follia col ripetere dentro di me una frase poetica in cui era il tuo nome.",五部合奏の音樂會へ、べエトオヹンのソナアタを聽きに行つたら、祟大な、情熱的の詞章が、間を置いては幾度も繰返されるに伴れて自分は胸の中でお前の名の出る詩の句を繰返し繰返しして居ると、氣が妙にもだもだする程逆上せたことがある。,Beethoven,べエトオヹン,Beethoven,Beethoven,PROPN,PROPN,nmod,nmod,explicit_full,
822,one-to-one,dn_871,isk_1100,"Mi ricordo che un giorno, in un concerto del Quintetto, ascoltando una musica del Beethoven piena di una frase grandiosa e appassionata che tornava a intervalli, mi esaltai sino alla follia col ripetere dentro di me una frase poetica in cui era il tuo nome.",五部合奏の音樂會へ、べエトオヹンのソナアタを聽きに行つたら、祟大な、情熱的の詞章が、間を置いては幾度も繰返されるに伴れて自分は胸の中でお前の名の出る詩の句を繰返し繰返しして居ると、氣が妙にもだもだする程逆上せたことがある。,me,自分,Giorgio,Giorgio,DET,PRON,nmod,nsubj,explicit_ref_only,
822,one-to-one,dn_871,isk_1100,"Mi ricordo che un giorno, in un concerto del Quintetto, ascoltando una musica del Beethoven piena di una frase grandiosa e appassionata che tornava a intervalli, mi esaltai sino alla follia col ripetere dentro di me una frase poetica in cui era il tuo nome.",五部合奏の音樂會へ、べエトオヹンのソナアタを聽きに行つたら、祟大な、情熱的の詞章が、間を置いては幾度も繰返されるに伴れて自分は胸の中でお前の名の出る詩の句を繰返し繰返しして居ると、氣が妙にもだもだする程逆上せたことがある。,ricordo,聽きに行つたら,Giorgio,Giorgio,NULL,NULL,nsubj,nsubj,zero_zero_semantic,0.3871003463391597
822,one-to-one,dn_871,isk_1100,"Mi ricordo che un giorno, in un concerto del Quintetto, ascoltando una musica del Beethoven piena di una frase grandiosa e appassionata che tornava a intervalli, mi esaltai sino alla follia col ripetere dentro di me una frase poetica in cui era il tuo nome.",五部合奏の音樂會へ、べエトオヹンのソナアタを聽きに行つたら、祟大な、情熱的の詞章が、間を置いては幾度も繰返されるに伴れて自分は胸の中でお前の名の出る詩の句を繰返し繰返しして居ると、氣が妙にもだもだする程逆上せたことがある。,Mi,MISSING,Giorgio,MISSING,PRON-REFLEX,MISSING,obj,MISSING,leftover_source,
822,one-to-one,dn_871,isk_1100,"Mi ricordo che un giorno, in un concerto del Quintetto, ascoltando una musica del Beethoven piena di una frase grandiosa e appassionata che tornava a intervalli, mi esaltai sino alla follia col ripetere dentro di me una frase poetica in cui era il tuo nome.",五部合奏の音樂會へ、べエトオヹンのソナアタを聽きに行つたら、祟大な、情熱的の詞章が、間を置いては幾度も繰返されるに伴れて自分は胸の中でお前の名の出る詩の句を繰返し繰返しして居ると、氣が妙にもだもだする程逆上せたことがある。,mi,MISSING,Giorgio,MISSING,PRON-REFLEX,MISSING,obj,MISSING,leftover_source,
822,one-to-one,dn_871,isk_1100,"Mi ricordo che un giorno, in un concerto del Quintetto, ascoltando una musica del Beethoven piena di una frase grandiosa e appassionata che tornava a intervalli, mi esaltai sino alla follia col ripetere dentro di me una frase poetica in cui era il tuo nome.",五部合奏の音樂會へ、べエトオヹンのソナアタを聽きに行つたら、祟大な、情熱的の詞章が、間を置いては幾度も繰返されるに伴れて自分は胸の中でお前の名の出る詩の句を繰返し繰返しして居ると、氣が妙にもだもだする程逆上せたことがある。,esaltai,MISSING,Giorgio,MISSING,NULL,MISSING,nsubj,MISSING,leftover_source,
822,one-to-one,dn_871,isk_1100,"Mi ricordo che un giorno, in un concerto del Quintetto, ascoltando una musica del Beethoven piena di una frase grandiosa e appassionata che tornava a intervalli, mi esaltai sino alla follia col ripetere dentro di me una frase poetica in cui era il tuo nome.",五部合奏の音樂會へ、べエトオヹンのソナアタを聽きに行つたら、祟大な、情熱的の詞章が、間を置いては幾度も繰返されるに伴れて自分は胸の中でお前の名の出る詩の句を繰返し繰返しして居ると、氣が妙にもだもだする程逆上せたことがある。,tuo,お前,Ippolita,Ippolita,NOUN,PRON,nsubj,nmod,explicit_ref_only,
823,one-to-many,dn_872,isk_1101 isk_1102,"Ippolita gli sorrise; ma, udendolo parlare di quella primissima apparizione dell'amore con tanta preferenza, ella provava in fondo all'anima un rincrescimento.",イッポリイタは笑つた。 けれども、男の物語は、戀の初期にあつた聯想の方へ力を入れて話してゐることは言ふまでもないから、餘り快い心地はしなかつた。,gli,男,Giorgio,Giorgio,PRON,NOUN,obj,nmod,explicit_ref_only,
823,one-to-many,dn_872,isk_1101 isk_1102,"Ippolita gli sorrise; ma, udendolo parlare di quella primissima apparizione dell'amore con tanta preferenza, ella provava in fondo all'anima un rincrescimento.",イッポリイタは笑つた。 けれども、男の物語は、戀の初期にあつた聯想の方へ力を入れて話してゐることは言ふまでもないから、餘り快い心地はしなかつた。,lo,MISSING,Giorgio,MISSING,PRON,MISSING,obj,MISSING,leftover_source,
823,one-to-many,dn_872,isk_1101 isk_1102,"Ippolita gli sorrise; ma, udendolo parlare di quella primissima apparizione dell'amore con tanta preferenza, ella provava in fondo all'anima un rincrescimento.",イッポリイタは笑つた。 けれども、男の物語は、戀の初期にあつた聯想の方へ力を入れて話してゐることは言ふまでもないから、餘り快い心地はしなかつた。,MISSING,話してゐる,MISSING,Giorgio,MISSING,NULL,MISSING,nsubj,leftover_target,
823,one-to-many,dn_872,isk_1101 isk_1102,"Ippolita gli sorrise; ma, udendolo parlare di quella primissima apparizione dell'amore con tanta preferenza, ella provava in fondo all'anima un rincrescimento.",イッポリイタは笑つた。 けれども、男の物語は、戀の初期にあつた聯想の方へ力を入れて話してゐることは言ふまでもないから、餘り快い心地はしなかつた。,Ippolita,イッポリイタ,Ippolita,Ippolita,PROPN,PROPN,nsubj,nsubj,explicit_full,
823,one-to-many,dn_872,isk_1101 isk_1102,"Ippolita gli sorrise; ma, udendolo parlare di quella primissima apparizione dell'amore con tanta preferenza, ella provava in fondo all'anima un rincrescimento.",イッポリイタは笑つた。 けれども、男の物語は、戀の初期にあつた聯想の方へ力を入れて話してゐることは言ふまでもないから、餘り快い心地はしなかつた。,ella,しなかつた,Ippolita,Ippolita,PRON,NULL,nsubj,nsubj,zero_to_src_anchor,
824,one-to-one,dn_873,isk_1103,Pareva forse a lui quello il tempo più dolce?,現在よりも其の時分の方が樂しく思はれるのか知ら。,lui,MISSING,Giorgio,MISSING,PRON,MISSING,obj,MISSING,leftover_source,
824,one-to-one,dn_873,isk_1103,Pareva forse a lui quello il tempo più dolce?,現在よりも其の時分の方が樂しく思はれるのか知ら。,MISSING,思はれる,MISSING,Giorgio,MISSING,NULL,MISSING,nsubj,leftover_target,
825,one-to-one,dn_874,isk_1104,Erano quelle forse per lui le memorie più dilette?,遠い以前の追憶に優るものは無いのか知ら。,lui,MISSING,Giorgio,MISSING,PRON,MISSING,obj,MISSING,leftover_source,
826,one-to-one,dn_876,isk_1105,seguitò Giorgio,ジォルジオは尙續けた。,Giorgio,ジォルジオ,Giorgio,Giorgio,PROPN,PROPN,nsubj,nsubj,explicit_full,
826,one-to-one,dn_876,isk_1105,seguitò Giorgio,ジォルジオは尙續けた。,seguitò,MISSING,Giorgio,MISSING,NULL,MISSING,nsubj,MISSING,leftover_source,
827,many-to-one,dn_875 dn_877,isk_1106,Tutto il mio disdegno della vita comune non mi avrebbe però mai fatto sognare un asilo fantastico e misterioso come l'Oratorio abbandonato nella via Belsiana.,俗世間を蔑視む心は、到底世を離れたベルシアナの會堂のやうに、幻想的な、神祕的な隠れ家の夢を誘はれる氣になれなかつた。,mio,MISSING,Giorgio,MISSING,DET,MISSING,nmod,MISSING,leftover_source,
827,many-to-one,dn_875 dn_877,isk_1106,Tutto il mio disdegno della vita comune non mi avrebbe però mai fatto sognare un asilo fantastico e misterioso come l'Oratorio abbandonato nella via Belsiana.,俗世間を蔑視む心は、到底世を離れたベルシアナの會堂のやうに、幻想的な、神祕的な隠れ家の夢を誘はれる氣になれなかつた。,mi,MISSING,Giorgio,MISSING,PRON,MISSING,obj,MISSING,leftover_source,
827,many-to-one,dn_875 dn_877,isk_1106,Tutto il mio disdegno della vita comune non mi avrebbe però mai fatto sognare un asilo fantastico e misterioso come l'Oratorio abbandonato nella via Belsiana.,俗世間を蔑視む心は、到底世を離れたベルシアナの會堂のやうに、幻想的な、神祕的な隠れ家の夢を誘はれる氣になれなかつた。,MISSING,なれなかつた,MISSING,Giorgio,MISSING,NULL,MISSING,nsubj,leftover_target,
828,one-to-one,dn_878,isk_1107,Ti ricordi?,ねえ、然うぢやないか。,Ti,MISSING,Ippolita,MISSING,PRON-REFLEX,MISSING,obj,MISSING,leftover_source,
828,one-to-one,dn_878,isk_1107,Ti ricordi?,ねえ、然うぢやないか。,ricordi,MISSING,Ippolita,MISSING,NULL,MISSING,nsubj,MISSING,leftover_source,
832,one-to-many,dn_883,isk_1112 isk_1113 isk_1114,"S'entrava, di dietro, per una sagrestia, ti ricordi?",記えてゐるだらう。 入口は堂後にあつた。 這入るには寶藏を拔けて行かなければならない。,ricordi,記えてゐる,Ippolita,Ippolita,NULL,NULL,nsubj,nsubj,zero_zero_single,
832,one-to-many,dn_883,isk_1112 isk_1113 isk_1114,"S'entrava, di dietro, per una sagrestia, ti ricordi?",記えてゐるだらう。 入口は堂後にあつた。 這入るには寶藏を拔けて行かなければならない。,ti,MISSING,Ippolita,MISSING,PRON-REFLEX,MISSING,obj,MISSING,leftover_source,
835,one-to-one,dn_886,isk_1117,"Ah, tutti quei vecchi e quelle vecchie intorno intorno, negli stalli tarlati!",蟲喰んだ座席には、爺さん媼さんがずらりと列んでゐる。,tutti quei vecchi e quelle vecchie,爺さん媼さん,audience,audience,NOUN,NOUN,nsubj,nsubj,explicit_full,
836,one-to-one,dn_887,isk_1118,Dov'era andato a cercare il suo uditorio Alessandro Memmi?,アレッサンドロ・メムミイは、何處へ聽衆を招びに行つたのだらう。,Alessandro Memmi,アレッサンドロ・メムミイ,AlessandroMemmi,AlessandroMemmi,PROPN,PROPN,nsubj,nsubj,explicit_full,
836,one-to-one,dn_887,isk_1118,Dov'era andato a cercare il suo uditorio Alessandro Memmi?,アレッサンドロ・メムミイは、何處へ聽衆を招びに行つたのだらう。,era,MISSING,AlessandroMemmi,MISSING,NULL,MISSING,nsubj,MISSING,leftover_source,
836,one-to-one,dn_887,isk_1118,Dov'era andato a cercare il suo uditorio Alessandro Memmi?,アレッサンドロ・メムミイは、何處へ聽衆を招びに行つたのだらう。,suo,MISSING,AlessandroMemmi,MISSING,DET,MISSING,nmod,MISSING,leftover_source,
836,one-to-one,dn_887,isk_1118,Dov'era andato a cercare il suo uditorio Alessandro Memmi?,アレッサンドロ・メムミイは、何處へ聽衆を招びに行つたのだらう。,uditorio,MISSING,audience,MISSING,NOUN,MISSING,obj,MISSING,leftover_source,
837,one-to-one,dn_888,isk_1119,"Tu forse non sapevi di rappresentare la Bellezza in un concilio di filosofi musicomani, amor mio.",此の音樂に熱心な人達の集會で、お前が「美」を人格化して居たとは、眞逆知らなかつたらう。,Tu,お前,Ippolita,Ippolita,PRON,PRON,nsubj,nsubj,explicit_full,
837,one-to-one,dn_888,isk_1119,"Tu forse non sapevi di rappresentare la Bellezza in un concilio di filosofi musicomani, amor mio.",此の音樂に熱心な人達の集會で、お前が「美」を人格化して居たとは、眞逆知らなかつたらう。,amor mio,MISSING,Ippolita,MISSING,NOUN,MISSING,vocative,MISSING,leftover_source,
837,one-to-one,dn_888,isk_1119,"Tu forse non sapevi di rappresentare la Bellezza in un concilio di filosofi musicomani, amor mio.",此の音樂に熱心な人達の集會で、お前が「美」を人格化して居たとは、眞逆知らなかつたらう。,MISSING,知らなかつたらう,MISSING,Ippolita,MISSING,NULL,MISSING,nsubj,leftover_target,
837,one-to-one,dn_888,isk_1119,"Tu forse non sapevi di rappresentare la Bellezza in un concilio di filosofi musicomani, amor mio.",此の音樂に熱心な人達の集會で、お前が「美」を人格化して居たとは、眞逆知らなかつたらう。,un concilio di filosofi musicomani,此の音樂に熱心な人達の集會,audience,audience,NOUN,NOUN,obj,obj,explicit_full,
838,one-to-many,dn_889,isk_1120 isk_1121,"Quel Martlet, vedi, mister Martlet, è uno tra i più convinti buddhisti dei nostri giorni; e la moglie ha scritto un libro su la Filosofia della Musica.",那のマアトレットといふ人は此の節の最も堅い佛教學者だ。 細君には「音樂原理」といふ著書がある。,vedi,MISSING,Ippolita,MISSING,NULL,MISSING,nsubj,MISSING,leftover_source,
838,one-to-many,dn_889,isk_1120 isk_1121,"Quel Martlet, vedi, mister Martlet, è uno tra i più convinti buddhisti dei nostri giorni; e la moglie ha scritto un libro su la Filosofia della Musica.",那のマアトレットといふ人は此の節の最も堅い佛教學者だ。 細君には「音樂原理」といふ著書がある。,Martlet,那のマアトレットといふ人,MrMartlet,MrMartlet,PROPN,NOUN,nsubj,nsubj,explicit_ref_case,
838,one-to-many,dn_889,isk_1120 isk_1121,"Quel Martlet, vedi, mister Martlet, è uno tra i più convinti buddhisti dei nostri giorni; e la moglie ha scritto un libro su la Filosofia della Musica.",那のマアトレットといふ人は此の節の最も堅い佛教學者だ。 細君には「音樂原理」といふ著書がある。,mister Martlet,MISSING,MrMartlet,MISSING,PROPN,MISSING,nsubj,MISSING,leftover_source,
838,one-to-many,dn_889,isk_1120 isk_1121,"Quel Martlet, vedi, mister Martlet, è uno tra i più convinti buddhisti dei nostri giorni; e la moglie ha scritto un libro su la Filosofia della Musica.",那のマアトレットといふ人は此の節の最も堅い佛教學者だ。 細君には「音樂原理」といふ著書がある。,è,MISSING,MrMartlet,MISSING,NULL,MISSING,nsubj,MISSING,leftover_source,
838,one-to-many,dn_889,isk_1120 isk_1121,"Quel Martlet, vedi, mister Martlet, è uno tra i più convinti buddhisti dei nostri giorni; e la moglie ha scritto un libro su la Filosofia della Musica.",那のマアトレットといふ人は此の節の最も堅い佛教學者だ。 細君には「音樂原理」といふ著書がある。,la moglie,細君,MrsMartlet,MrsMartlet,NOUN,NOUN,nsubj,obj,explicit_ref_pos,
839,one-to-one,dn_890,isk_1122,"La signora seduta accanto a te era Margherita Traube Boll, una medichessa celebre, continuatrice degli studi del marito (il defunto Boll) su la funzione della vista.",お前の側に坐つてた婦人は、マルグリイタ·トラウベ·ボオルと言つて、死んだ良人の研究を纏め掛けて居る有名な女醫だ。,il defunto Boll,死んだ良人,Boll,Boll,PROPN,NOUN,nmod,nmod,explicit_ref_case,
839,one-to-one,dn_890,isk_1122,"La signora seduta accanto a te era Margherita Traube Boll, una medichessa celebre, continuatrice degli studi del marito (il defunto Boll) su la funzione della vista.",お前の側に坐つてた婦人は、マルグリイタ·トラウベ·ボオルと言つて、死んだ良人の研究を纏め掛けて居る有名な女醫だ。,marito,MISSING,Boll,MISSING,NOUN,MISSING,nsubj,MISSING,leftover_source,
839,one-to-one,dn_890,isk_1122,"La signora seduta accanto a te era Margherita Traube Boll, una medichessa celebre, continuatrice degli studi del marito (il defunto Boll) su la funzione della vista.",お前の側に坐つてた婦人は、マルグリイタ·トラウベ·ボオルと言つて、死んだ良人の研究を纏め掛けて居る有名な女醫だ。,te,お前,Ippolita,Ippolita,NOUN,PRON,obj,nmod,explicit_ref_only,
839,one-to-one,dn_890,isk_1122,"La signora seduta accanto a te era Margherita Traube Boll, una medichessa celebre, continuatrice degli studi del marito (il defunto Boll) su la funzione della vista.",お前の側に坐つてた婦人は、マルグリイタ·トラウベ·ボオルと言つて、死んだ良人の研究を纏め掛けて居る有名な女醫だ。,La signora seduta accanto,婦人,MargheritaTraubeBoll,MargheritaTraubeBoll,NOUN,NOUN,nsubj,nsubj,explicit_full,
839,one-to-one,dn_890,isk_1122,"La signora seduta accanto a te era Margherita Traube Boll, una medichessa celebre, continuatrice degli studi del marito (il defunto Boll) su la funzione della vista.",お前の側に坐つてた婦人は、マルグリイタ·トラウベ·ボオルと言つて、死んだ良人の研究を纏め掛けて居る有名な女醫だ。,Margherita Traube Boll,マルグリイタ·トラウベ·ボオル,MargheritaTraubeBoll,MargheritaTraubeBoll,PROPN,PROPN,pred,pred,explicit_full,
839,one-to-one,dn_890,isk_1122,"La signora seduta accanto a te era Margherita Traube Boll, una medichessa celebre, continuatrice degli studi del marito (il defunto Boll) su la funzione della vista.",お前の側に坐つてた婦人は、マルグリイタ·トラウベ·ボオルと言つて、死んだ良人の研究を纏め掛けて居る有名な女醫だ。,una medichessa celebre,纏め掛けて居る有名な女醫,MargheritaTraubeBoll,MargheritaTraubeBoll,NOUN,NOUN,pred,pred,explicit_full,
839,one-to-one,dn_890,isk_1122,"La signora seduta accanto a te era Margherita Traube Boll, una medichessa celebre, continuatrice degli studi del marito (il defunto Boll) su la funzione della vista.",お前の側に坐つてた婦人は、マルグリイタ·トラウベ·ボオルと言つて、死んだ良人の研究を纏め掛けて居る有名な女醫だ。,continuatrice degli studi,MISSING,MargheritaTraubeBoll,MISSING,NOUN,MISSING,pred,MISSING,leftover_source,
840,one-to-one,dn_891,isk_1123,"Quel negromante che entrò in punta di piedi, con una gran palandrana verdognola, era il dottor Fleichl, un ebreo, un medico tedesco, pianista eccellente, fanatico del Bach.",長い緑の外套を著て、爪先で這入つて来た魔法使のやうな猶太人は、ドクトル・フライヘルといふ獨逸の醫者で、バハ狂と言はれて、ピアノの名人だ。,Quel negromante,長い緑の外套を著て、爪先で這入つて来た魔法使のやうな猶太人,Fleichl,Fleichl,NOUN,NOUN,nsubj,nsubj,explicit_full,
840,one-to-one,dn_891,isk_1123,"Quel negromante che entrò in punta di piedi, con una gran palandrana verdognola, era il dottor Fleichl, un ebreo, un medico tedesco, pianista eccellente, fanatico del Bach.",長い緑の外套を著て、爪先で這入つて来た魔法使のやうな猶太人は、ドクトル・フライヘルといふ獨逸の醫者で、バハ狂と言はれて、ピアノの名人だ。,un ebreo,ドクトル・フライヘルといふ獨逸の醫者,Fleichl,Fleichl,NOUN,NOUN,pred,pred,explicit_full,
840,one-to-one,dn_891,isk_1123,"Quel negromante che entrò in punta di piedi, con una gran palandrana verdognola, era il dottor Fleichl, un ebreo, un medico tedesco, pianista eccellente, fanatico del Bach.",長い緑の外套を著て、爪先で這入つて来た魔法使のやうな猶太人は、ドクトル・フライヘルといふ獨逸の醫者で、バハ狂と言はれて、ピアノの名人だ。,un medico tedesco,ピアノの名人,Fleichl,Fleichl,NOUN,NOUN,pred,pred,explicit_full,
840,one-to-one,dn_891,isk_1123,"Quel negromante che entrò in punta di piedi, con una gran palandrana verdognola, era il dottor Fleichl, un ebreo, un medico tedesco, pianista eccellente, fanatico del Bach.",長い緑の外套を著て、爪先で這入つて来た魔法使のやうな猶太人は、ドクトル・フライヘルといふ獨逸の醫者で、バハ狂と言はれて、ピアノの名人だ。,il dottor Fleichl,言はれて,Fleichl,Fleichl,PROPN,NULL,nsubj,nsubj,zero_to_src_anchor,
840,one-to-one,dn_891,isk_1123,"Quel negromante che entrò in punta di piedi, con una gran palandrana verdognola, era il dottor Fleichl, un ebreo, un medico tedesco, pianista eccellente, fanatico del Bach.",長い緑の外套を著て、爪先で這入つて来た魔法使のやうな猶太人は、ドクトル・フライヘルといふ獨逸の醫者で、バハ狂と言はれて、ピアノの名人だ。,pianista eccellente,MISSING,Fleichl,MISSING,NOUN,MISSING,pred,MISSING,leftover_source,
840,one-to-one,dn_891,isk_1123,"Quel negromante che entrò in punta di piedi, con una gran palandrana verdognola, era il dottor Fleichl, un ebreo, un medico tedesco, pianista eccellente, fanatico del Bach.",長い緑の外套を著て、爪先で這入つて来た魔法使のやうな猶太人は、ドクトル・フライヘルといふ獨逸の醫者で、バハ狂と言はれて、ピアノの名人だ。,fanatico,MISSING,Fleichl,MISSING,NOUN,MISSING,pred,MISSING,leftover_source,
840,one-to-one,dn_891,isk_1123,"Quel negromante che entrò in punta di piedi, con una gran palandrana verdognola, era il dottor Fleichl, un ebreo, un medico tedesco, pianista eccellente, fanatico del Bach.",長い緑の外套を著て、爪先で這入つて来た魔法使のやうな猶太人は、ドクトル・フライヘルといふ獨逸の醫者で、バハ狂と言はれて、ピアノの名人だ。,Bach,バハ,SebastianBach,SebastianBach,PROPN,PROPN,nmod,nmod,explicit_full,
841,one-to-one,dn_892,isk_1124,"Il prete seduto sotto la croce era il conte Castracane, un botanico immortale.",十字架の下の處に腰掛けてた坊さんは、カストラカアネ伯と言ふ大植物學者。,Il prete seduto sotto la croce,十字架の下の處に腰掛けてた坊さん,Castracane,Castracane,NOUN,NOUN,nsubj,nsubj,explicit_full,
841,one-to-one,dn_892,isk_1124,"Il prete seduto sotto la croce era il conte Castracane, un botanico immortale.",十字架の下の處に腰掛けてた坊さんは、カストラカアネ伯と言ふ大植物學者。,un botanico immortale,カストラカアネ伯と言ふ大植物學者,Castracane,Castracane,NOUN,NOUN,pred,pred,explicit_full,
841,one-to-one,dn_892,isk_1124,"Il prete seduto sotto la croce era il conte Castracane, un botanico immortale.",十字架の下の處に腰掛けてた坊さんは、カストラカアネ伯と言ふ大植物學者。,il conte Castracane,MISSING,Castracane,MISSING,PROPN,MISSING,pred,MISSING,leftover_source,
842,one-to-one,dn_893,isk_1125,"Un altro botanico, un batteriologo, un microscopista insigne, il Cuboni, gli stava di fronte.",もう一人植物學者で、細菌學者を兼ねたクポオニといふ人が伯爵の前に居た。,MISSING,伯爵,MISSING,Castracane,MISSING,NOUN,MISSING,nmod,leftover_target,
842,one-to-one,dn_893,isk_1125,"Un altro botanico, un batteriologo, un microscopista insigne, il Cuboni, gli stava di fronte.",もう一人植物學者で、細菌學者を兼ねたクポオニといふ人が伯爵の前に居た。,Un altro botanico,細菌學者を兼ねたクポオニといふ人,Cuboni,Cuboni,NOUN,NOUN,nsubj,nsubj,explicit_full,
842,one-to-one,dn_893,isk_1125,"Un altro botanico, un batteriologo, un microscopista insigne, il Cuboni, gli stava di fronte.",もう一人植物學者で、細菌學者を兼ねたクポオニといふ人が伯爵の前に居た。,un batteriologo,もう一人植物學者,Cuboni,Cuboni,NOUN,NOUN,nsubj,pred,explicit_ref_pos,
842,one-to-one,dn_893,isk_1125,"Un altro botanico, un batteriologo, un microscopista insigne, il Cuboni, gli stava di fronte.",もう一人植物學者で、細菌學者を兼ねたクポオニといふ人が伯爵の前に居た。,un microscopista insigne,MISSING,Cuboni,MISSING,NOUN,MISSING,nsubj,MISSING,leftover_source,
842,one-to-one,dn_893,isk_1125,"Un altro botanico, un batteriologo, un microscopista insigne, il Cuboni, gli stava di fronte.",もう一人植物學者で、細菌學者を兼ねたクポオニといふ人が伯爵の前に居た。,il Cuboni,MISSING,Cuboni,MISSING,PROPN,MISSING,nsubj,MISSING,leftover_source,
843,many-to-one,dn_894 dn_895,isk_1126,"E c'era Jacopo Moleschott, il sommo fisiologo, quel vecchio indimenticabile: candido, enorme; c'era il Blaserna, il collaboratore dell'Helmholtz nella teoria dei suoni; c'era mister Davis, un filosofo pittore, un prerafaelita sprofondato nel brahmanesimo....",それから那の忘れられない、澹泊な、でくでく肥つたヤコブ・モレォットといふ老人、音響學でヘルムホルツの補助をやつたブラゼルナ、婆羅門に溺れた、ブレラファエリットのディヸスといふ畫家…,il Blaserna,ブラゼルナ,Blaserna,Blaserna,PROPN,PROPN,nsubj,nsubj,explicit_full,
843,many-to-one,dn_894 dn_895,isk_1126,"E c'era Jacopo Moleschott, il sommo fisiologo, quel vecchio indimenticabile: candido, enorme; c'era il Blaserna, il collaboratore dell'Helmholtz nella teoria dei suoni; c'era mister Davis, un filosofo pittore, un prerafaelita sprofondato nel brahmanesimo....",それから那の忘れられない、澹泊な、でくでく肥つたヤコブ・モレォットといふ老人、音響學でヘルムホルツの補助をやつたブラゼルナ、婆羅門に溺れた、ブレラファエリットのディヸスといふ畫家…,il collaboratore,MISSING,Blaserna,MISSING,NOUN,MISSING,nsubj,MISSING,leftover_source,
843,many-to-one,dn_894 dn_895,isk_1126,"E c'era Jacopo Moleschott, il sommo fisiologo, quel vecchio indimenticabile: candido, enorme; c'era il Blaserna, il collaboratore dell'Helmholtz nella teoria dei suoni; c'era mister Davis, un filosofo pittore, un prerafaelita sprofondato nel brahmanesimo....",それから那の忘れられない、澹泊な、でくでく肥つたヤコブ・モレォットといふ老人、音響學でヘルムホルツの補助をやつたブラゼルナ、婆羅門に溺れた、ブレラファエリットのディヸスといふ畫家…,un filosofo pittore,ディヸスといふ畫家,Davis,Davis,NOUN,NOUN,nsubj,nsubj,explicit_full,
843,many-to-one,dn_894 dn_895,isk_1126,"E c'era Jacopo Moleschott, il sommo fisiologo, quel vecchio indimenticabile: candido, enorme; c'era il Blaserna, il collaboratore dell'Helmholtz nella teoria dei suoni; c'era mister Davis, un filosofo pittore, un prerafaelita sprofondato nel brahmanesimo....",それから那の忘れられない、澹泊な、でくでく肥つたヤコブ・モレォットといふ老人、音響學でヘルムホルツの補助をやつたブラゼルナ、婆羅門に溺れた、ブレラファエリットのディヸスといふ畫家…,mister Davis,MISSING,Davis,MISSING,PROPN,MISSING,nsubj,MISSING,leftover_source,
843,many-to-one,dn_894 dn_895,isk_1126,"E c'era Jacopo Moleschott, il sommo fisiologo, quel vecchio indimenticabile: candido, enorme; c'era il Blaserna, il collaboratore dell'Helmholtz nella teoria dei suoni; c'era mister Davis, un filosofo pittore, un prerafaelita sprofondato nel brahmanesimo....",それから那の忘れられない、澹泊な、でくでく肥つたヤコブ・モレォットといふ老人、音響學でヘルムホルツの補助をやつたブラゼルナ、婆羅門に溺れた、ブレラファエリットのディヸスといふ畫家…,un prerafaelita,MISSING,Davis,MISSING,NOUN,MISSING,nsubj,MISSING,leftover_source,
843,many-to-one,dn_894 dn_895,isk_1126,"E c'era Jacopo Moleschott, il sommo fisiologo, quel vecchio indimenticabile: candido, enorme; c'era il Blaserna, il collaboratore dell'Helmholtz nella teoria dei suoni; c'era mister Davis, un filosofo pittore, un prerafaelita sprofondato nel brahmanesimo....",それから那の忘れられない、澹泊な、でくでく肥つたヤコブ・モレォットといふ老人、音響學でヘルムホルツの補助をやつたブラゼルナ、婆羅門に溺れた、ブレラファエリットのディヸスといふ畫家…,Helmholtz,ヘルムホルツ,Helmholtz,Helmholtz,PROPN,PROPN,nmod,nmod,explicit_full,
843,many-to-one,dn_894 dn_895,isk_1126,"E c'era Jacopo Moleschott, il sommo fisiologo, quel vecchio indimenticabile: candido, enorme; c'era il Blaserna, il collaboratore dell'Helmholtz nella teoria dei suoni; c'era mister Davis, un filosofo pittore, un prerafaelita sprofondato nel brahmanesimo....",それから那の忘れられない、澹泊な、でくでく肥つたヤコブ・モレォットといふ老人、音響學でヘルムホルツの補助をやつたブラゼルナ、婆羅門に溺れた、ブレラファエリットのディヸスといふ畫家…,il sommo fisiologo,那の忘れられない、澹泊な、でくでく肥つたヤコブ・モレォットといふ老人,JacopoMoleschott,JacopoMoleschott,NOUN,NOUN,nsubj,pred,explicit_ref_pos,
843,many-to-one,dn_894 dn_895,isk_1126,"E c'era Jacopo Moleschott, il sommo fisiologo, quel vecchio indimenticabile: candido, enorme; c'era il Blaserna, il collaboratore dell'Helmholtz nella teoria dei suoni; c'era mister Davis, un filosofo pittore, un prerafaelita sprofondato nel brahmanesimo....",それから那の忘れられない、澹泊な、でくでく肥つたヤコブ・モレォットといふ老人、音響學でヘルムホルツの補助をやつたブラゼルナ、婆羅門に溺れた、ブレラファエリットのディヸスといふ畫家…,Jacopo Moleschott,MISSING,JacopoMoleschott,MISSING,PROPN,MISSING,nsubj,MISSING,leftover_source,
843,many-to-one,dn_894 dn_895,isk_1126,"E c'era Jacopo Moleschott, il sommo fisiologo, quel vecchio indimenticabile: candido, enorme; c'era il Blaserna, il collaboratore dell'Helmholtz nella teoria dei suoni; c'era mister Davis, un filosofo pittore, un prerafaelita sprofondato nel brahmanesimo....",それから那の忘れられない、澹泊な、でくでく肥つたヤコブ・モレォットといふ老人、音響學でヘルムホルツの補助をやつたブラゼルナ、婆羅門に溺れた、ブレラファエリットのディヸスといふ畫家…,quel vecchio indimenticabile,MISSING,JacopoMoleschott,MISSING,NOUN,MISSING,nsubj,MISSING,leftover_source,
844,many-to-one,dn_896 dn_897,isk_1127,"Altri pochi c'erano: tutti intelletti singolari, spiriti rari, dediti alle più alte speculazioni della scienza moderna, freddi esploratori della vita, che hanno il culto appassionato del sogno.",其の外名は餘り聞えなくても、皆優れた人達の集りで、高い水準に立つ近代の科者や冷かな人生の傍観者や、夢を讃美する情熱家などばかりであった。,tutti,皆,audience,audience,NOUN,NOUN,nsubj,nsubj,explicit_full,
844,many-to-one,dn_896 dn_897,isk_1127,"Altri pochi c'erano: tutti intelletti singolari, spiriti rari, dediti alle più alte speculazioni della scienza moderna, freddi esploratori della vita, che hanno il culto appassionato del sogno.",其の外名は餘り聞えなくても、皆優れた人達の集りで、高い水準に立つ近代の科者や冷かな人生の傍観者や、夢を讃美する情熱家などばかりであった。,intelletti singolari,優れた人達の集り,audience,audience,NOUN,NOUN,pred,pred,explicit_full,
844,many-to-one,dn_896 dn_897,isk_1127,"Altri pochi c'erano: tutti intelletti singolari, spiriti rari, dediti alle più alte speculazioni della scienza moderna, freddi esploratori della vita, che hanno il culto appassionato del sogno.",其の外名は餘り聞えなくても、皆優れた人達の集りで、高い水準に立つ近代の科者や冷かな人生の傍観者や、夢を讃美する情熱家などばかりであった。,spiriti rari,高い水準に立つ近代の科者や冷かな人生の傍観者,audience,audience,NOUN,NOUN,pred,pred,explicit_full,
844,many-to-one,dn_896 dn_897,isk_1127,"Altri pochi c'erano: tutti intelletti singolari, spiriti rari, dediti alle più alte speculazioni della scienza moderna, freddi esploratori della vita, che hanno il culto appassionato del sogno.",其の外名は餘り聞えなくても、皆優れた人達の集りで、高い水準に立つ近代の科者や冷かな人生の傍観者や、夢を讃美する情熱家などばかりであった。,freddi esploratori della vita,夢を讃美する情熱家,audience,audience,NOUN,NOUN,pred,pred,explicit_full,
845,one-to-one,dn_898,isk_1128,"Egli s'interruppe, riproducendo entro di sé lo spettacolo:",ジォルジオは其の光景を描き出すといふ風に一寸口を噤んだ。,Egli,ジォルジオ,Giorgio,Giorgio,PRON,PROPN,nsubj,nsubj,explicit_ref_case,
845,one-to-one,dn_898,isk_1128,"Egli s'interruppe, riproducendo entro di sé lo spettacolo:",ジォルジオは其の光景を描き出すといふ風に一寸口を噤んだ。,s,MISSING,Giorgio,MISSING,PRON-REFLEX,MISSING,obj,MISSING,leftover_source,
845,one-to-one,dn_898,isk_1128,"Egli s'interruppe, riproducendo entro di sé lo spettacolo:",ジォルジオは其の光景を描き出すといふ風に一寸口を噤んだ。,sé,MISSING,Giorgio,MISSING,PRON,MISSING,nmod,MISSING,leftover_source,
846,one-to-many,dn_899,isk_1129 isk_1130,"I sapienti ascoltavano la musica con un entusiasmo religioso; alcuni prendevano un'attitudine ispirata, altri imitavano inconsciamente col gesto il gesto del maestro, altri univano la loro voce sommessa alla voce del coro.",此の學者達は、殆ど宗教に對する敬虔の心で、音樂に聽入つた。 默示を被るといふ風の態度もあれば、無意識に主任の身振を慕似てるのもあり、低音で合唱に随いて唱つてるのもあつた。,maestro,主任,AlessandroMemmi,AlessandroMemmi,PROPN,NOUN,nsubj,nmod,explicit_ref_only,
846,one-to-many,dn_899,isk_1129 isk_1130,"I sapienti ascoltavano la musica con un entusiasmo religioso; alcuni prendevano un'attitudine ispirata, altri imitavano inconsciamente col gesto il gesto del maestro, altri univano la loro voce sommessa alla voce del coro.",此の學者達は、殆ど宗教に對する敬虔の心で、音樂に聽入つた。 默示を被るといふ風の態度もあれば、無意識に主任の身振を慕似てるのもあり、低音で合唱に随いて唱つてるのもあつた。,I sapienti,此の學者達,audience,audience,NOUN,NOUN,nsubj,nsubj,explicit_full,
846,one-to-many,dn_899,isk_1129 isk_1130,"I sapienti ascoltavano la musica con un entusiasmo religioso; alcuni prendevano un'attitudine ispirata, altri imitavano inconsciamente col gesto il gesto del maestro, altri univano la loro voce sommessa alla voce del coro.",此の學者達は、殆ど宗教に對する敬虔の心で、音樂に聽入つた。 默示を被るといふ風の態度もあれば、無意識に主任の身振を慕似てるのもあり、低音で合唱に随いて唱つてるのもあつた。,alcuni,入つた,audience,audience,PRON,NULL,nsubj,nsubj,zero_to_src_anchor,
846,one-to-many,dn_899,isk_1129 isk_1130,"I sapienti ascoltavano la musica con un entusiasmo religioso; alcuni prendevano un'attitudine ispirata, altri imitavano inconsciamente col gesto il gesto del maestro, altri univano la loro voce sommessa alla voce del coro.",此の學者達は、殆ど宗教に對する敬虔の心で、音樂に聽入つた。 默示を被るといふ風の態度もあれば、無意識に主任の身振を慕似てるのもあり、低音で合唱に随いて唱つてるのもあつた。,altri,被る,audience,audience,PRON,NULL,nsubj,nsubj,zero_to_src_anchor,
846,one-to-many,dn_899,isk_1129 isk_1130,"I sapienti ascoltavano la musica con un entusiasmo religioso; alcuni prendevano un'attitudine ispirata, altri imitavano inconsciamente col gesto il gesto del maestro, altri univano la loro voce sommessa alla voce del coro.",此の學者達は、殆ど宗教に對する敬虔の心で、音樂に聽入つた。 默示を被るといふ風の態度もあれば、無意識に主任の身振を慕似てるのもあり、低音で合唱に随いて唱つてるのもあつた。,altri,慕似てる,audience,audience,PRON,NULL,nsubj,nsubj,zero_to_src_anchor,
846,one-to-many,dn_899,isk_1129 isk_1130,"I sapienti ascoltavano la musica con un entusiasmo religioso; alcuni prendevano un'attitudine ispirata, altri imitavano inconsciamente col gesto il gesto del maestro, altri univano la loro voce sommessa alla voce del coro.",此の學者達は、殆ど宗教に對する敬虔の心で、音樂に聽入つた。 默示を被るといふ風の態度もあれば、無意識に主任の身振を慕似てるのもあり、低音で合唱に随いて唱つてるのもあつた。,loro,MISSING,audience,MISSING,DET,MISSING,nmod,MISSING,leftover_source,
846,one-to-many,dn_899,isk_1129 isk_1130,"I sapienti ascoltavano la musica con un entusiasmo religioso; alcuni prendevano un'attitudine ispirata, altri imitavano inconsciamente col gesto il gesto del maestro, altri univano la loro voce sommessa alla voce del coro.",此の學者達は、殆ど宗教に對する敬虔の心で、音樂に聽入つた。 默示を被るといふ風の態度もあれば、無意識に主任の身振を慕似てるのもあり、低音で合唱に随いて唱つてるのもあつた。,MISSING,唱つてる,MISSING,audience,MISSING,NULL,MISSING,nsubj,leftover_target,
846,one-to-many,dn_899,isk_1129 isk_1130,"I sapienti ascoltavano la musica con un entusiasmo religioso; alcuni prendevano un'attitudine ispirata, altri imitavano inconsciamente col gesto il gesto del maestro, altri univano la loro voce sommessa alla voce del coro.",此の學者達は、殆ど宗教に對する敬虔の心で、音樂に聽入つた。 默示を被るといふ風の態度もあれば、無意識に主任の身振を慕似てるのもあり、低音で合唱に随いて唱つてるのもあつた。,coro,合唱,chorus,chorus,NOUN,NOUN,nmod,obj,explicit_ref_pos,
847,one-to-one,dn_900,isk_1131,"Il coro, maschile e feminile, occupava la tribuna di legno dipinto, ove rimaneva appena qualche resto di doratura.",男女の合唱班は金の剥げかかつた演臺に陣取つた。,Il coro,男女の合唱班,chorus,chorus,NOUN,NOUN,nsubj,nsubj,explicit_full,
848,one-to-one,dn_901,isk_1132,"Le fanciulle si aggruppavano sul davanti, tenendo le carte levate all'altezza della faccia.",若い娘たちは眼の高さに譜表を揚げて前列に立つ。,Le fanciulle,若い娘たち,maidens,maidens,NOUN,NOUN,nsubj,nsubj,explicit_full,
848,one-to-one,dn_901,isk_1132,"Le fanciulle si aggruppavano sul davanti, tenendo le carte levate all'altezza della faccia.",若い娘たちは眼の高さに譜表を揚げて前列に立つ。,si,MISSING,maidens,MISSING,PRON-REFLEX,MISSING,obj,MISSING,leftover_source,
848,one-to-one,dn_901,isk_1132,"Le fanciulle si aggruppavano sul davanti, tenendo le carte levate all'altezza della faccia.",若い娘たちは眼の高さに譜表を揚げて前列に立つ。,MISSING,揚げて,MISSING,maidens,MISSING,NULL,MISSING,nsubj,leftover_target,
849,one-to-many,dn_902,isk_1133 isk_1134,"Sotto di loro ardevano le candele sui leggii rozzi dei violinisti, gialle nella mezza ombra azzurrognola.",一段下つてヸオリニスタたちの粗末なスタンドには、蠟燭か燃えてゐる。 鈍黑い背景に黄金の星が輝くやうであつた。,loro,MISSING,maidens,MISSING,DET,MISSING,nmod,MISSING,leftover_source,
849,one-to-many,dn_902,isk_1133 isk_1134,"Sotto di loro ardevano le candele sui leggii rozzi dei violinisti, gialle nella mezza ombra azzurrognola.",一段下つてヸオリニスタたちの粗末なスタンドには、蠟燭か燃えてゐる。 鈍黑い背景に黄金の星が輝くやうであつた。,violinisti,ヸオリニスタたち,violinists,violinists,NOUN,NOUN,nmod,nmod,explicit_full,
851,one-to-one,dn_904,isk_1137,"Alessandro Memmi, un po' rigido, calvo, dalla corta barba nera, dagli occhiali d'oro, diritto innanzi alla sua orchestra, batteva il tempo con un gesto severo e sobrio.",ぎすぎすした、禿頭の短い黑い髭を立てて、金緑眼鏡を懸けたアレッサンドロ・メムミイが、嚴肅な、しかつめらしい身振でオルケストラの前に立つて拍子を取つた。,Alessandro Memmi,アレッサンドロ・メムミイ,AlessandroMemmi,AlessandroMemmi,PROPN,PROPN,nsubj,nsubj,explicit_full,
851,one-to-one,dn_904,isk_1137,"Alessandro Memmi, un po' rigido, calvo, dalla corta barba nera, dagli occhiali d'oro, diritto innanzi alla sua orchestra, batteva il tempo con un gesto severo e sobrio.",ぎすぎすした、禿頭の短い黑い髭を立てて、金緑眼鏡を懸けたアレッサンドロ・メムミイが、嚴肅な、しかつめらしい身振でオルケストラの前に立つて拍子を取つた。,sua,MISSING,AlessandroMemmi,MISSING,DET,MISSING,nmod,MISSING,leftover_source,
851,one-to-one,dn_904,isk_1137,"Alessandro Memmi, un po' rigido, calvo, dalla corta barba nera, dagli occhiali d'oro, diritto innanzi alla sua orchestra, batteva il tempo con un gesto severo e sobrio.",ぎすぎすした、禿頭の短い黑い髭を立てて、金緑眼鏡を懸けたアレッサンドロ・メムミイが、嚴肅な、しかつめらしい身振でオルケストラの前に立つて拍子を取つた。,MISSING,立てて,MISSING,AlessandroMemmi,MISSING,NULL,MISSING,nsubj,leftover_target,
851,one-to-one,dn_904,isk_1137,"Alessandro Memmi, un po' rigido, calvo, dalla corta barba nera, dagli occhiali d'oro, diritto innanzi alla sua orchestra, batteva il tempo con un gesto severo e sobrio.",ぎすぎすした、禿頭の短い黑い髭を立てて、金緑眼鏡を懸けたアレッサンドロ・メムミイが、嚴肅な、しかつめらしい身振でオルケストラの前に立つて拍子を取つた。,MISSING,立つて,MISSING,AlessandroMemmi,MISSING,NULL,MISSING,nsubj,leftover_target,
855,one-to-one,dn_908,isk_1144,La canizie e la calvizie dell'uditorio rilucevano su le spalliere di quercia.,聽衆の白い禿頭が幾つも檞の倚靠の上から輝ついて居た。,uditorio,聽衆,audience,audience,NOUN,NOUN,nmod,nmod,explicit_full,
859,one-to-many,dn_912,isk_1148 isk_1149,"E i due profumi morenti parevano essere come la poesia de' sogni che la musica suscitava dalle anime senili; mentre un ben altro sogno, da ben altre anime, aprivasi tra quelli simile a un'aurora tra nevi che si sciolgano.",此の入れ混つて消えて行く薫香は、老人達の心に、音樂で誘はれた夢の詩のやうなものであつた。 と、それと竝んだ、別な人達の心々には、又別な夢が展がつた―丁度解けかかる雪に照添ふ曙光のやうに。,ben altre anime,別な人達,Giorgio Ippolita,Giorgio Ippolita,NOUN,NOUN,obj,nmod,explicit_ref_pos,
859,one-to-many,dn_912,isk_1148 isk_1149,"E i due profumi morenti parevano essere come la poesia de' sogni che la musica suscitava dalle anime senili; mentre un ben altro sogno, da ben altre anime, aprivasi tra quelli simile a un'aurora tra nevi che si sciolgano.",此の入れ混つて消えて行く薫香は、老人達の心に、音樂で誘はれた夢の詩のやうなものであつた。 と、それと竝んだ、別な人達の心々には、又別な夢が展がつた―丁度解けかかる雪に照添ふ曙光のやうに。,anime senili,老人達,audience,audience,NOUN,NOUN,obj,nmod,explicit_ref_pos,
860,one-to-many,dn_913,isk_1150 isk_1151,"Egli così, curiosamente, ricostruiva la scena; la riscaldava con un soffio lirico.",彼は樂し氣に此の光景を組立てて見た。 詩的な、リリカルな氣息で再び極大先煖めて見た。,Egli,彼,Giorgio,Giorgio,PRON,PRON,nsubj,nsubj,explicit_full,
860,one-to-many,dn_913,isk_1150 isk_1151,"Egli così, curiosamente, ricostruiva la scena; la riscaldava con un soffio lirico.",彼は樂し氣に此の光景を組立てて見た。 詩的な、リリカルな氣息で再び極大先煖めて見た。,riscaldava,煖めて見た,Giorgio,Giorgio,NULL,NULL,nsubj,nsubj,zero_zero_single,
862,one-to-one,dn_915,isk_1153,esclamò.,斯う叫んで、,esclamò,叫んで,Giorgio,Giorgio,NULL,NULL,nsubj,nsubj,zero_zero_single,
863,one-to-many,dn_916,isk_1154 isk_1155,"A Roma, nella città dell'inerzia intellettuale, un maestro di musica, un buddhista, che ha publicato due volumi di saggi su la filosofia dello Schopenhauer, si dà il lusso di far eseguire una messa di Sebastiano Bach, unicamente pel piacer suo, in una cappella misteriosa, d'innanzi a un uditorio di grandi scienziati musicomani che hanno le loro figliuole nel coro.",羅馬といふ、知識で銹びついた都會の眞中で、シォペンハウエルの哲學論の二冊も出した佛教學者の音樂家が、自分の享樂に神祕な聖堂を借りて、セバスチアン・バハの祈禱樂を演奏して喜んで居るといふのだ。 聽衆の學者達も皆音樂狂で、自分の娘達に合唱させて居るといふのだ。,un maestro di musica,佛教學者の音樂家,AlessandroMemmi,AlessandroMemmi,NOUN,NOUN,nsubj,nsubj,explicit_full,
863,one-to-many,dn_916,isk_1154 isk_1155,"A Roma, nella città dell'inerzia intellettuale, un maestro di musica, un buddhista, che ha publicato due volumi di saggi su la filosofia dello Schopenhauer, si dà il lusso di far eseguire una messa di Sebastiano Bach, unicamente pel piacer suo, in una cappella misteriosa, d'innanzi a un uditorio di grandi scienziati musicomani che hanno le loro figliuole nel coro.",羅馬といふ、知識で銹びついた都會の眞中で、シォペンハウエルの哲學論の二冊も出した佛教學者の音樂家が、自分の享樂に神祕な聖堂を借りて、セバスチアン・バハの祈禱樂を演奏して喜んで居るといふのだ。 聽衆の學者達も皆音樂狂で、自分の娘達に合唱させて居るといふのだ。,suo,自分,AlessandroMemmi,AlessandroMemmi,DET,PRON,nmod,nmod,explicit_ref_case,
863,one-to-many,dn_916,isk_1154 isk_1155,"A Roma, nella città dell'inerzia intellettuale, un maestro di musica, un buddhista, che ha publicato due volumi di saggi su la filosofia dello Schopenhauer, si dà il lusso di far eseguire una messa di Sebastiano Bach, unicamente pel piacer suo, in una cappella misteriosa, d'innanzi a un uditorio di grandi scienziati musicomani che hanno le loro figliuole nel coro.",羅馬といふ、知識で銹びついた都會の眞中で、シォペンハウエルの哲學論の二冊も出した佛教學者の音樂家が、自分の享樂に神祕な聖堂を借りて、セバスチアン・バハの祈禱樂を演奏して喜んで居るといふのだ。 聽衆の學者達も皆音樂狂で、自分の娘達に合唱させて居るといふのだ。,dà,借りて,AlessandroMemmi,AlessandroMemmi,NULL,NULL,nsubj,nsubj,zero_zero_semantic,0.45227420947707503
863,one-to-many,dn_916,isk_1154 isk_1155,"A Roma, nella città dell'inerzia intellettuale, un maestro di musica, un buddhista, che ha publicato due volumi di saggi su la filosofia dello Schopenhauer, si dà il lusso di far eseguire una messa di Sebastiano Bach, unicamente pel piacer suo, in una cappella misteriosa, d'innanzi a un uditorio di grandi scienziati musicomani che hanno le loro figliuole nel coro.",羅馬といふ、知識で銹びついた都會の眞中で、シォペンハウエルの哲學論の二冊も出した佛教學者の音樂家が、自分の享樂に神祕な聖堂を借りて、セバスチアン・バハの祈禱樂を演奏して喜んで居るといふのだ。 聽衆の學者達も皆音樂狂で、自分の娘達に合唱させて居るといふのだ。,un buddhista,演奏して,AlessandroMemmi,AlessandroMemmi,NOUN,NULL,nsubj,nsubj,zero_to_src_anchor,
863,one-to-many,dn_916,isk_1154 isk_1155,"A Roma, nella città dell'inerzia intellettuale, un maestro di musica, un buddhista, che ha publicato due volumi di saggi su la filosofia dello Schopenhauer, si dà il lusso di far eseguire una messa di Sebastiano Bach, unicamente pel piacer suo, in una cappella misteriosa, d'innanzi a un uditorio di grandi scienziati musicomani che hanno le loro figliuole nel coro.",羅馬といふ、知識で銹びついた都會の眞中で、シォペンハウエルの哲學論の二冊も出した佛教學者の音樂家が、自分の享樂に神祕な聖堂を借りて、セバスチアン・バハの祈禱樂を演奏して喜んで居るといふのだ。 聽衆の學者達も皆音樂狂で、自分の娘達に合唱させて居るといふのだ。,si,MISSING,AlessandroMemmi,MISSING,PRON-REFLEX,MISSING,obj,MISSING,leftover_source,
863,one-to-many,dn_916,isk_1154 isk_1155,"A Roma, nella città dell'inerzia intellettuale, un maestro di musica, un buddhista, che ha publicato due volumi di saggi su la filosofia dello Schopenhauer, si dà il lusso di far eseguire una messa di Sebastiano Bach, unicamente pel piacer suo, in una cappella misteriosa, d'innanzi a un uditorio di grandi scienziati musicomani che hanno le loro figliuole nel coro.",羅馬といふ、知識で銹びついた都會の眞中で、シォペンハウエルの哲學論の二冊も出した佛教學者の音樂家が、自分の享樂に神祕な聖堂を借りて、セバスチアン・バハの祈禱樂を演奏して喜んで居るといふのだ。 聽衆の學者達も皆音樂狂で、自分の娘達に合唱させて居るといふのだ。,Schopenhauer,シォペンハウエル,Schopenhauer,Schopenhauer,PROPN,PROPN,nmod,nmod,explicit_full,
863,one-to-many,dn_916,isk_1154 isk_1155,"A Roma, nella città dell'inerzia intellettuale, un maestro di musica, un buddhista, che ha publicato due volumi di saggi su la filosofia dello Schopenhauer, si dà il lusso di far eseguire una messa di Sebastiano Bach, unicamente pel piacer suo, in una cappella misteriosa, d'innanzi a un uditorio di grandi scienziati musicomani che hanno le loro figliuole nel coro.",羅馬といふ、知識で銹びついた都會の眞中で、シォペンハウエルの哲學論の二冊も出した佛教學者の音樂家が、自分の享樂に神祕な聖堂を借りて、セバスチアン・バハの祈禱樂を演奏して喜んで居るといふのだ。 聽衆の學者達も皆音樂狂で、自分の娘達に合唱させて居るといふのだ。,Sebastiano Bach,セバスチアン・バハ,SebastianBach,SebastianBach,PROPN,PROPN,nmod,nmod,explicit_full,
863,one-to-many,dn_916,isk_1154 isk_1155,"A Roma, nella città dell'inerzia intellettuale, un maestro di musica, un buddhista, che ha publicato due volumi di saggi su la filosofia dello Schopenhauer, si dà il lusso di far eseguire una messa di Sebastiano Bach, unicamente pel piacer suo, in una cappella misteriosa, d'innanzi a un uditorio di grandi scienziati musicomani che hanno le loro figliuole nel coro.",羅馬といふ、知識で銹びついた都會の眞中で、シォペンハウエルの哲學論の二冊も出した佛教學者の音樂家が、自分の享樂に神祕な聖堂を借りて、セバスチアン・バハの祈禱樂を演奏して喜んで居るといふのだ。 聽衆の學者達も皆音樂狂で、自分の娘達に合唱させて居るといふのだ。,uditorio di grandi scienziati musicomani,聽衆の學者達,audience,audience,NOUN,NOUN,obj,nsubj,explicit_ref_pos,
863,one-to-many,dn_916,isk_1154 isk_1155,"A Roma, nella città dell'inerzia intellettuale, un maestro di musica, un buddhista, che ha publicato due volumi di saggi su la filosofia dello Schopenhauer, si dà il lusso di far eseguire una messa di Sebastiano Bach, unicamente pel piacer suo, in una cappella misteriosa, d'innanzi a un uditorio di grandi scienziati musicomani che hanno le loro figliuole nel coro.",羅馬といふ、知識で銹びついた都會の眞中で、シォペンハウエルの哲學論の二冊も出した佛教學者の音樂家が、自分の享樂に神祕な聖堂を借りて、セバスチアン・バハの祈禱樂を演奏して喜んで居るといふのだ。 聽衆の學者達も皆音樂狂で、自分の娘達に合唱させて居るといふのだ。,loro,MISSING,audience,MISSING,DET,MISSING,nmod,MISSING,leftover_source,
863,one-to-many,dn_916,isk_1154 isk_1155,"A Roma, nella città dell'inerzia intellettuale, un maestro di musica, un buddhista, che ha publicato due volumi di saggi su la filosofia dello Schopenhauer, si dà il lusso di far eseguire una messa di Sebastiano Bach, unicamente pel piacer suo, in una cappella misteriosa, d'innanzi a un uditorio di grandi scienziati musicomani che hanno le loro figliuole nel coro.",羅馬といふ、知識で銹びついた都會の眞中で、シォペンハウエルの哲學論の二冊も出した佛教學者の音樂家が、自分の享樂に神祕な聖堂を借りて、セバスチアン・バハの祈禱樂を演奏して喜んで居るといふのだ。 聽衆の學者達も皆音樂狂で、自分の娘達に合唱させて居るといふのだ。,MISSING,合唱させて居る,MISSING,audience,MISSING,NULL,MISSING,nsubj,leftover_target,
863,one-to-many,dn_916,isk_1154 isk_1155,"A Roma, nella città dell'inerzia intellettuale, un maestro di musica, un buddhista, che ha publicato due volumi di saggi su la filosofia dello Schopenhauer, si dà il lusso di far eseguire una messa di Sebastiano Bach, unicamente pel piacer suo, in una cappella misteriosa, d'innanzi a un uditorio di grandi scienziati musicomani che hanno le loro figliuole nel coro.",羅馬といふ、知識で銹びついた都會の眞中で、シォペンハウエルの哲學論の二冊も出した佛教學者の音樂家が、自分の享樂に神祕な聖堂を借りて、セバスチアン・バハの祈禱樂を演奏して喜んで居るといふのだ。 聽衆の學者達も皆音樂狂で、自分の娘達に合唱させて居るといふのだ。,coro,MISSING,chorus,MISSING,NOUN,MISSING,obj,MISSING,leftover_source,
863,one-to-many,dn_916,isk_1154 isk_1155,"A Roma, nella città dell'inerzia intellettuale, un maestro di musica, un buddhista, che ha publicato due volumi di saggi su la filosofia dello Schopenhauer, si dà il lusso di far eseguire una messa di Sebastiano Bach, unicamente pel piacer suo, in una cappella misteriosa, d'innanzi a un uditorio di grandi scienziati musicomani che hanno le loro figliuole nel coro.",羅馬といふ、知識で銹びついた都會の眞中で、シォペンハウエルの哲學論の二冊も出した佛教學者の音樂家が、自分の享樂に神祕な聖堂を借りて、セバスチアン・バハの祈禱樂を演奏して喜んで居るといふのだ。 聽衆の學者達も皆音樂狂で、自分の娘達に合唱させて居るといふのだ。,figliuole,自分の娘達,maidens,maidens,NOUN,NOUN,obj,obj,explicit_full,
864,one-to-one,dn_917,isk_1156,Non è una pagina dell'Hoffmann?,とんとホフマンの書物に見る圖ぢやないか。,Hoffmann,ホフマン,Hoffmann,Hoffmann,PROPN,PROPN,nmod,nmod,explicit_full,
865,one-to-one,dn_918,isk_1157,"In un pomeriggio di primavera un po' grigio ma tiepido, i vecchi filosofi escono dai loro laboratorii dove hanno lottato a lungo per strappare un segreto alla vita, e si raccolgono in un Oratorio occulto, per inebriarsi d'una passione che accomuna i loro cuori, per sollevarsi fuori della vita, per vivere idealmente in un sogno.",どんより曇つた、ぽかぽかする春の日の午後、斯うした老學者連が皆人生の祕密に堀り當てる氣で、苦しい勞作を續けて居た研究室をすつと抜け出して、這麼人里離れた禮拜堂へ集つて來て、お互同士の心を結び附ける嗜慾を滿足させて、現實の肉體を離れた憧憬の生活に醉癡れようとして居るのだ。,i vecchi filosofi,老學者連,audience,audience,NOUN,NOUN,nsubj,nsubj,explicit_full,
865,one-to-one,dn_918,isk_1157,"In un pomeriggio di primavera un po' grigio ma tiepido, i vecchi filosofi escono dai loro laboratorii dove hanno lottato a lungo per strappare un segreto alla vita, e si raccolgono in un Oratorio occulto, per inebriarsi d'una passione che accomuna i loro cuori, per sollevarsi fuori della vita, per vivere idealmente in un sogno.",どんより曇つた、ぽかぽかする春の日の午後、斯うした老學者連が皆人生の祕密に堀り當てる氣で、苦しい勞作を續けて居た研究室をすつと抜け出して、這麼人里離れた禮拜堂へ集つて來て、お互同士の心を結び附ける嗜慾を滿足させて、現實の肉體を離れた憧憬の生活に醉癡れようとして居るのだ。,loro,お互,audience,audience,DET,NOUN,nmod,nmod,explicit_ref_case,
865,one-to-one,dn_918,isk_1157,"In un pomeriggio di primavera un po' grigio ma tiepido, i vecchi filosofi escono dai loro laboratorii dove hanno lottato a lungo per strappare un segreto alla vita, e si raccolgono in un Oratorio occulto, per inebriarsi d'una passione che accomuna i loro cuori, per sollevarsi fuori della vita, per vivere idealmente in un sogno.",どんより曇つた、ぽかぽかする春の日の午後、斯うした老學者連が皆人生の祕密に堀り當てる氣で、苦しい勞作を續けて居た研究室をすつと抜け出して、這麼人里離れた禮拜堂へ集つて來て、お互同士の心を結び附ける嗜慾を滿足させて、現實の肉體を離れた憧憬の生活に醉癡れようとして居るのだ。,hanno,續けて居た,audience,audience,NULL,NULL,nsubj,nsubj,zero_zero_semantic,0.4164154945646577
865,one-to-one,dn_918,isk_1157,"In un pomeriggio di primavera un po' grigio ma tiepido, i vecchi filosofi escono dai loro laboratorii dove hanno lottato a lungo per strappare un segreto alla vita, e si raccolgono in un Oratorio occulto, per inebriarsi d'una passione che accomuna i loro cuori, per sollevarsi fuori della vita, per vivere idealmente in un sogno.",どんより曇つた、ぽかぽかする春の日の午後、斯うした老學者連が皆人生の祕密に堀り當てる氣で、苦しい勞作を續けて居た研究室をすつと抜け出して、這麼人里離れた禮拜堂へ集つて來て、お互同士の心を結び附ける嗜慾を滿足させて、現實の肉體を離れた憧憬の生活に醉癡れようとして居るのだ。,raccolgono,滿足させて,audience,audience,NULL,NULL,nsubj,nsubj,zero_zero_semantic,0.411433904656691
865,one-to-one,dn_918,isk_1157,"In un pomeriggio di primavera un po' grigio ma tiepido, i vecchi filosofi escono dai loro laboratorii dove hanno lottato a lungo per strappare un segreto alla vita, e si raccolgono in un Oratorio occulto, per inebriarsi d'una passione che accomuna i loro cuori, per sollevarsi fuori della vita, per vivere idealmente in un sogno.",どんより曇つた、ぽかぽかする春の日の午後、斯うした老學者連が皆人生の祕密に堀り當てる氣で、苦しい勞作を續けて居た研究室をすつと抜け出して、這麼人里離れた禮拜堂へ集つて來て、お互同士の心を結び附ける嗜慾を滿足させて、現實の肉體を離れた憧憬の生活に醉癡れようとして居るのだ。,si,MISSING,audience,MISSING,PRON-REFLEX,MISSING,obj,MISSING,leftover_source,
865,one-to-one,dn_918,isk_1157,"In un pomeriggio di primavera un po' grigio ma tiepido, i vecchi filosofi escono dai loro laboratorii dove hanno lottato a lungo per strappare un segreto alla vita, e si raccolgono in un Oratorio occulto, per inebriarsi d'una passione che accomuna i loro cuori, per sollevarsi fuori della vita, per vivere idealmente in un sogno.",どんより曇つた、ぽかぽかする春の日の午後、斯うした老學者連が皆人生の祕密に堀り當てる氣で、苦しい勞作を續けて居た研究室をすつと抜け出して、這麼人里離れた禮拜堂へ集つて來て、お互同士の心を結び附ける嗜慾を滿足させて、現實の肉體を離れた憧憬の生活に醉癡れようとして居るのだ。,si,MISSING,audience,MISSING,PRON-REFLEX,MISSING,obj,MISSING,leftover_source,
865,one-to-one,dn_918,isk_1157,"In un pomeriggio di primavera un po' grigio ma tiepido, i vecchi filosofi escono dai loro laboratorii dove hanno lottato a lungo per strappare un segreto alla vita, e si raccolgono in un Oratorio occulto, per inebriarsi d'una passione che accomuna i loro cuori, per sollevarsi fuori della vita, per vivere idealmente in un sogno.",どんより曇つた、ぽかぽかする春の日の午後、斯うした老學者連が皆人生の祕密に堀り當てる氣で、苦しい勞作を續けて居た研究室をすつと抜け出して、這麼人里離れた禮拜堂へ集つて來て、お互同士の心を結び附ける嗜慾を滿足させて、現實の肉體を離れた憧憬の生活に醉癡れようとして居るのだ。,loro,MISSING,audience,MISSING,DET,MISSING,nmod,MISSING,leftover_source,
865,one-to-one,dn_918,isk_1157,"In un pomeriggio di primavera un po' grigio ma tiepido, i vecchi filosofi escono dai loro laboratorii dove hanno lottato a lungo per strappare un segreto alla vita, e si raccolgono in un Oratorio occulto, per inebriarsi d'una passione che accomuna i loro cuori, per sollevarsi fuori della vita, per vivere idealmente in un sogno.",どんより曇つた、ぽかぽかする春の日の午後、斯うした老學者連が皆人生の祕密に堀り當てる氣で、苦しい勞作を續けて居た研究室をすつと抜け出して、這麼人里離れた禮拜堂へ集つて來て、お互同士の心を結び附ける嗜慾を滿足させて、現實の肉體を離れた憧憬の生活に醉癡れようとして居るのだ。,si,MISSING,audience,MISSING,PRON-REFLEX,MISSING,obj,MISSING,leftover_source,
865,one-to-one,dn_918,isk_1157,"In un pomeriggio di primavera un po' grigio ma tiepido, i vecchi filosofi escono dai loro laboratorii dove hanno lottato a lungo per strappare un segreto alla vita, e si raccolgono in un Oratorio occulto, per inebriarsi d'una passione che accomuna i loro cuori, per sollevarsi fuori della vita, per vivere idealmente in un sogno.",どんより曇つた、ぽかぽかする春の日の午後、斯うした老學者連が皆人生の祕密に堀り當てる氣で、苦しい勞作を續けて居た研究室をすつと抜け出して、這麼人里離れた禮拜堂へ集つて來て、お互同士の心を結び附ける嗜慾を滿足させて、現實の肉體を離れた憧憬の生活に醉癡れようとして居るのだ。,MISSING,抜け出して,MISSING,audience,MISSING,NULL,MISSING,nsubj,leftover_target,
865,one-to-one,dn_918,isk_1157,"In un pomeriggio di primavera un po' grigio ma tiepido, i vecchi filosofi escono dai loro laboratorii dove hanno lottato a lungo per strappare un segreto alla vita, e si raccolgono in un Oratorio occulto, per inebriarsi d'una passione che accomuna i loro cuori, per sollevarsi fuori della vita, per vivere idealmente in un sogno.",どんより曇つた、ぽかぽかする春の日の午後、斯うした老學者連が皆人生の祕密に堀り當てる氣で、苦しい勞作を續けて居た研究室をすつと抜け出して、這麼人里離れた禮拜堂へ集つて來て、お互同士の心を結び附ける嗜慾を滿足させて、現實の肉體を離れた憧憬の生活に醉癡れようとして居るのだ。,MISSING,集つて來て,MISSING,audience,MISSING,NULL,MISSING,nsubj,leftover_target,
866,one-to-one,dn_919,isk_1158,"E in mezzo alla vecchiezza, un delicato idillio musicale si svolge tra la cugina del buddhista e l'amico del buddhista, idealmente.",すると、此の人達の前で、佛學者の從妹と、佛學者の友人との間に、微妙な牧歌が展げられて行く―氣取つて言へばだ。,buddhista,佛學者,AlessandroMemmi,AlessandroMemmi,NOUN,NOUN,nmod,nmod,explicit_full,
866,one-to-one,dn_919,isk_1158,"E in mezzo alla vecchiezza, un delicato idillio musicale si svolge tra la cugina del buddhista e l'amico del buddhista, idealmente.",すると、此の人達の前で、佛學者の從妹と、佛學者の友人との間に、微妙な牧歌が展げられて行く―氣取つて言へばだ。,buddhista,佛學者,AlessandroMemmi,AlessandroMemmi,NOUN,NOUN,nmod,nmod,explicit_full,
866,one-to-one,dn_919,isk_1158,"E in mezzo alla vecchiezza, un delicato idillio musicale si svolge tra la cugina del buddhista e l'amico del buddhista, idealmente.",すると、此の人達の前で、佛學者の從妹と、佛學者の友人との間に、微妙な牧歌が展げられて行く―氣取つて言へばだ。,l'amico,友人,Giorgio,Giorgio,NOUN,NOUN,obj,obj,explicit_full,
866,one-to-one,dn_919,isk_1158,"E in mezzo alla vecchiezza, un delicato idillio musicale si svolge tra la cugina del buddhista e l'amico del buddhista, idealmente.",すると、此の人達の前で、佛學者の從妹と、佛學者の友人との間に、微妙な牧歌が展げられて行く―氣取つて言へばだ。,la cugina,從妹,Ippolita,Ippolita,NOUN,NOUN,obj,obj,explicit_full,
866,one-to-one,dn_919,isk_1158,"E in mezzo alla vecchiezza, un delicato idillio musicale si svolge tra la cugina del buddhista e l'amico del buddhista, idealmente.",すると、此の人達の前で、佛學者の從妹と、佛學者の友人との間に、微妙な牧歌が展げられて行く―氣取つて言へばだ。,MISSING,此の人達,MISSING,audience,MISSING,NOUN,MISSING,nmod,leftover_target,
867,one-to-one,dn_920,isk_1159,E alla fine della messa il buddhista inconsapevole presenta alla divina Ippolita Sanzio l'amante futuro!,それから祈禱樂も濟むと、その佛學者先生、何事も御存じ無して、聖なるイッポリイタ・サンチョオといふ者に、未來の戀人を下渡さうと言ふのだ。,il buddhista,佛學者先生,AlessandroMemmi,AlessandroMemmi,NOUN,NOUN,nsubj,nsubj,explicit_full,
867,one-to-one,dn_920,isk_1159,E alla fine della messa il buddhista inconsapevole presenta alla divina Ippolita Sanzio l'amante futuro!,それから祈禱樂も濟むと、その佛學者先生、何事も御存じ無して、聖なるイッポリイタ・サンチョオといふ者に、未來の戀人を下渡さうと言ふのだ。,MISSING,存じ無して,MISSING,AlessandroMemmi,MISSING,NULL,MISSING,nsubj,leftover_target,
867,one-to-one,dn_920,isk_1159,E alla fine della messa il buddhista inconsapevole presenta alla divina Ippolita Sanzio l'amante futuro!,それから祈禱樂も濟むと、その佛學者先生、何事も御存じ無して、聖なるイッポリイタ・サンチョオといふ者に、未來の戀人を下渡さうと言ふのだ。,l'amante futuro,未來の戀人,Giorgio,Giorgio,NOUN,NOUN,obj,obj,explicit_full,
867,one-to-one,dn_920,isk_1159,E alla fine della messa il buddhista inconsapevole presenta alla divina Ippolita Sanzio l'amante futuro!,それから祈禱樂も濟むと、その佛學者先生、何事も御存じ無して、聖なるイッポリイタ・サンチョオといふ者に、未來の戀人を下渡さうと言ふのだ。,Ippolita Sanzio,聖なるイッポリイタ・サンチョオといふ者,Ippolita,Ippolita,PROPN,NOUN,obj,obj,explicit_ref_case,
868,one-to-one,dn_921,isk_1160,"Egli rise, levandosi.",彼は快く笑ひながら起上つて、,Egli,彼,Giorgio,Giorgio,PRON,PRON,nsubj,nsubj,explicit_full,
868,one-to-one,dn_921,isk_1160,"Egli rise, levandosi.",彼は快く笑ひながら起上つて、,si,MISSING,Giorgio,MISSING,PRON-REFLEX,MISSING,obj,MISSING,leftover_source,
868,one-to-one,dn_921,isk_1160,"Egli rise, levandosi.",彼は快く笑ひながら起上つて、,MISSING,笑ひながら,MISSING,Giorgio,MISSING,NULL,MISSING,nsubj,leftover_target,
869,one-to-one,dn_922,isk_1161,"Ho fatto, mi pare, una commemorazione in tutte le regole.",これで定式の記念演說も濟んだ。,Ho fatto,MISSING,Giorgio,MISSING,NULL,MISSING,nsubj,MISSING,leftover_source,
869,one-to-one,dn_922,isk_1161,"Ho fatto, mi pare, una commemorazione in tutte le regole.",これで定式の記念演說も濟んだ。,mi,MISSING,Giorgio,MISSING,PRON,MISSING,obj,MISSING,leftover_source,
870,many-to-one,dn_923 dn_924,isk_1162,Ippolita rimase ancóra un poco assorta. Poi disse:,暫時はイッポリイタは恍然して居たが、旋て、,Ippolita,イッポリイタ,Ippolita,Ippolita,PROPN,PROPN,nsubj,nsubj,explicit_full,
870,many-to-one,dn_923 dn_924,isk_1162,Ippolita rimase ancóra un poco assorta. Poi disse:,暫時はイッポリイタは恍然して居たが、旋て、,disse,MISSING,Ippolita,MISSING,NULL,MISSING,nsubj,MISSING,leftover_source,
871,many-to-one,dn_925 dn_926 dn_927,isk_1163,Ti ricordi? Era un sabato: la vigilia della Domenica delle Palme.,それは復活前主日の前の土曜日でしたわね。,Ti,MISSING,Giorgio,MISSING,PRON-REFLEX,MISSING,obj,MISSING,leftover_source,
871,many-to-one,dn_925 dn_926 dn_927,isk_1163,Ti ricordi? Era un sabato: la vigilia della Domenica delle Palme.,それは復活前主日の前の土曜日でしたわね。,ricordi,MISSING,Giorgio,MISSING,NULL,MISSING,nsubj,MISSING,leftover_source,
872,one-to-one,dn_928,isk_1164,Anch'ella si levò; e andò a baciare Giorgio su una gota.,女も起上りさま、ジォルジオの傍へ寄つて頬に接吻した。,Giorgio,ジォルジオ,Giorgio,Giorgio,NOUN,PROPN,obj,nmod,explicit_ref_only,
872,one-to-one,dn_928,isk_1164,Anch'ella si levò; e andò a baciare Giorgio su una gota.,女も起上りさま、ジォルジオの傍へ寄つて頬に接吻した。,ella,女,Ippolita,Ippolita,PRON,NOUN,nsubj,nsubj,explicit_ref_case,
872,one-to-one,dn_928,isk_1164,Anch'ella si levò; e andò a baciare Giorgio su una gota.,女も起上りさま、ジォルジオの傍へ寄つて頬に接吻した。,andò,接吻した,Ippolita,Ippolita,NULL,NULL,nsubj,nsubj,zero_zero_semantic,0.2388335489309751
872,one-to-one,dn_928,isk_1164,Anch'ella si levò; e andò a baciare Giorgio su una gota.,女も起上りさま、ジォルジオの傍へ寄つて頬に接吻した。,si,MISSING,Ippolita,MISSING,PRON-REFLEX,MISSING,obj,MISSING,leftover_source,
872,one-to-one,dn_928,isk_1164,Anch'ella si levò; e andò a baciare Giorgio su una gota.,女も起上りさま、ジォルジオの傍へ寄つて頬に接吻した。,MISSING,寄つて,MISSING,Ippolita,MISSING,NULL,MISSING,nsubj,leftover_target,
873,one-to-one,dn_929,isk_1165,Vuoi che usciamo?,出掛けませう。,Vuoi,MISSING,Giorgio,MISSING,NULL,MISSING,nsubj,MISSING,leftover_source,
873,one-to-one,dn_929,isk_1165,Vuoi che usciamo?,出掛けませう。,usciamo,出掛けませう,Giorgio Ippolita,Giorgio Ippolita,NULL,NULL,nsubj,nsubj,zero_zero_single,
875,one-to-many,dn_931,isk_1167 isk_1168,Uscirono e si misero a passeggiare sul selciato umido che riluceva a un sole fioco.,外へ出た。 濕つぽい甃石の上を道遙すると、無理に制へられたやうな薄日が落ちて居た。,Uscirono,出た,Giorgio Ippolita,Giorgio Ippolita,NULL,NULL,nsubj,nsubj,zero_zero_semantic,0.1335591658949852
875,one-to-many,dn_931,isk_1167 isk_1168,Uscirono e si misero a passeggiare sul selciato umido che riluceva a un sole fioco.,外へ出た。 濕つぽい甃石の上を道遙すると、無理に制へられたやうな薄日が落ちて居た。,misero,道遙する,Giorgio Ippolita,Giorgio Ippolita,NULL,NULL,nsubj,nsubj,zero_zero_semantic,0.40918188351823626
875,one-to-many,dn_931,isk_1167 isk_1168,Uscirono e si misero a passeggiare sul selciato umido che riluceva a un sole fioco.,外へ出た。 濕つぽい甃石の上を道遙すると、無理に制へられたやうな薄日が落ちて居た。,si,MISSING,Giorgio Ippolita,MISSING,PRON-REFLEX,MISSING,obj,MISSING,leftover_source,
876,one-to-one,dn_932,isk_1169,L'aria fredda li punse.,冷こい風にぶるつと顫へた。,li,MISSING,Giorgio Ippolita,MISSING,PRON,MISSING,obj,MISSING,leftover_source,
876,one-to-one,dn_932,isk_1169,L'aria fredda li punse.,冷こい風にぶるつと顫へた。,MISSING,顫へた,MISSING,Giorgio Ippolita,MISSING,NULL,MISSING,nsubj,leftover_target,
879,one-to-one,dn_935,isk_1174,L'alberello rimarrà nei nostri ricordi,那の小ぼはな樹が、何時までも追憶に送るわね。,nostri,MISSING,Giorgio Ippolita,MISSING,DET,MISSING,nmod,MISSING,leftover_source,
880,one-to-one,dn_936,isk_1175,"disse Ippolita, fermandosi a guardarlo.",靜と立つて眺め入ったまま、,disse,眺め入った,Ippolita,Ippolita,NULL,NULL,nsubj,nsubj,zero_zero_semantic,0.5964170089707925
880,one-to-one,dn_936,isk_1175,"disse Ippolita, fermandosi a guardarlo.",靜と立つて眺め入ったまま、,Ippolita,立つて,Ippolita,Ippolita,PROPN,NULL,nsubj,nsubj,zero_to_src_anchor,
880,one-to-one,dn_936,isk_1175,"disse Ippolita, fermandosi a guardarlo.",靜と立つて眺め入ったまま、,si,MISSING,Ippolita,MISSING,PRON-REFLEX,MISSING,obj,MISSING,leftover_source,
884,one-to-one,dn_940,isk_1179,Un uomo del servizio si offrì per andare a prendere i biglietti.,驛員が切符をと言つて來た。,Un uomo del servizio,驛員,service-worker,service-worker,NOUN,NOUN,nsubj,nsubj,explicit_full,
884,one-to-one,dn_940,isk_1179,Un uomo del servizio si offrì per andare a prendere i biglietti.,驛員が切符をと言つて來た。,si,MISSING,service-worker,MISSING,PRON-REFLEX,MISSING,obj,MISSING,leftover_source,
885,one-to-one,dn_941,isk_1180,Verso che ora saremo ad Albano?,アルバノへは何時頃着きます。,saremo,着きます,Giorgio Ippolita,Giorgio Ippolita,NULL,NULL,nsubj,nsubj,zero_zero_single,
886,one-to-one,dn_942,isk_1181,domandò Giorgio.,ジォルジオが訊いた。,Giorgio,ジォルジオ,Giorgio,Giorgio,PROPN,PROPN,nsubj,nsubj,explicit_full,
889,one-to-many,dn_945,isk_1184 isk_1185,"disse Ippolita, prendendo il braccio di Giorgio, un po' infreddolita.",イッポリイタが口を入れた。 薄寒くなつて男の腕を捉へた。,Giorgio,男,Giorgio,Giorgio,PROPN,NOUN,nmod,nmod,explicit_ref_case,
889,one-to-many,dn_945,isk_1184 isk_1185,"disse Ippolita, prendendo il braccio di Giorgio, un po' infreddolita.",イッポリイタが口を入れた。 薄寒くなつて男の腕を捉へた。,Ippolita,イッポリイタ,Ippolita,Ippolita,PROPN,PROPN,nsubj,nsubj,explicit_full,
889,one-to-many,dn_945,isk_1184 isk_1185,"disse Ippolita, prendendo il braccio di Giorgio, un po' infreddolita.",イッポリイタが口を入れた。 薄寒くなつて男の腕を捉へた。,disse,捉へた,Ippolita,Ippolita,NULL,NULL,nsubj,nsubj,zero_zero_semantic,0.4541540333518276
889,one-to-many,dn_945,isk_1184 isk_1185,"disse Ippolita, prendendo il braccio di Giorgio, un po' infreddolita.",イッポリイタが口を入れた。 薄寒くなつて男の腕を捉へた。,MISSING,薄寒くなつて,MISSING,Ippolita,MISSING,NULL,MISSING,nsubj,leftover_target,
890,one-to-one,dn_946,isk_1186,"E si compiacque nel pensiero di giungere all'albergo sconosciuto, in una sera fredda, e di pranzare sola con lui davanti a un camino acceso.",斯うした冷冷する晩方に見知らぬ宿屋ヘ這入る―赫赫と燃える煖爐の傍で、差向ひに料理を喰べる―然う思つて女はぞくぞく嬉しがつた。,lui,MISSING,Giorgio,MISSING,PRON,MISSING,obj,MISSING,leftover_source,
890,one-to-one,dn_946,isk_1186,"E si compiacque nel pensiero di giungere all'albergo sconosciuto, in una sera fredda, e di pranzare sola con lui davanti a un camino acceso.",斯うした冷冷する晩方に見知らぬ宿屋ヘ這入る―赫赫と燃える煖爐の傍で、差向ひに料理を喰べる―然う思つて女はぞくぞく嬉しがつた。,compiacque,思つて,Ippolita,Ippolita,NULL,NULL,nsubj,nsubj,zero_zero_single,
890,one-to-one,dn_946,isk_1186,"E si compiacque nel pensiero di giungere all'albergo sconosciuto, in una sera fredda, e di pranzare sola con lui davanti a un camino acceso.",斯うした冷冷する晩方に見知らぬ宿屋ヘ這入る―赫赫と燃える煖爐の傍で、差向ひに料理を喰べる―然う思つて女はぞくぞく嬉しがつた。,si,MISSING,Ippolita,MISSING,PRON-REFLEX,MISSING,obj,MISSING,leftover_source,
890,one-to-one,dn_946,isk_1186,"E si compiacque nel pensiero di giungere all'albergo sconosciuto, in una sera fredda, e di pranzare sola con lui davanti a un camino acceso.",斯うした冷冷する晩方に見知らぬ宿屋ヘ這入る―赫赫と燃える煖爐の傍で、差向ひに料理を喰べる―然う思つて女はぞくぞく嬉しがつた。,MISSING,女,MISSING,Ippolita,MISSING,NOUN,MISSING,nsubj,leftover_target,
891,one-to-one,dn_947,isk_1187,"Sentendola tremare, Giorgio domandò:",細かく顫へるのを見て、ジォルジオが、,Giorgio,ジォルジオ,Giorgio,Giorgio,PROPN,PROPN,nsubj,nsubj,explicit_full,
891,one-to-one,dn_947,isk_1187,"Sentendola tremare, Giorgio domandò:",細かく顫へるのを見て、ジォルジオが、,MISSING,見て,MISSING,Giorgio,MISSING,NULL,MISSING,nsubj,leftover_target,
891,one-to-one,dn_947,isk_1187,"Sentendola tremare, Giorgio domandò:",細かく顫へるのを見て、ジォルジオが、,la,MISSING,Ippolita,MISSING,PRON,MISSING,obj,MISSING,leftover_source,
891,one-to-one,dn_947,isk_1187,"Sentendola tremare, Giorgio domandò:",細かく顫へるのを見て、ジォルジオが、,MISSING,顫へる,MISSING,Ippolita,MISSING,NULL,MISSING,nsubj,leftover_target,
892,one-to-one,dn_948,isk_1188,Vuoi che rientriamo?,室內へ這入らうか。,rientriamo,這入らう,Giorgio Ippolita,Giorgio Ippolita,NULL,NULL,nsubj,nsubj,zero_zero_single,
892,one-to-one,dn_948,isk_1188,Vuoi che rientriamo?,室內へ這入らうか。,Vuoi,MISSING,Ippolita,MISSING,NULL,MISSING,nsubj,MISSING,leftover_source,
894,one-to-one,dn_951,isk_1190,Non vedi che c'è il sole?,ほら、お日樣出て來てよ。,Non vedi,MISSING,Giorgio,MISSING,NULL,MISSING,nsubj,MISSING,leftover_source,
895,one-to-one,dn_953,isk_1191,Mi riscalderò.,今に暖くなるわ。,riscalderò,暖くなる,Ippolita,Ippolita,NULL,NULL,nsubj,nsubj,zero_zero_single,
895,one-to-one,dn_953,isk_1191,Mi riscalderò.,今に暖くなるわ。,Mi,MISSING,Ippolita,MISSING,PRON-REFLEX,MISSING,obj,MISSING,leftover_source,
896,one-to-one,dn_954,isk_1192,"Ella si strinse al braccio di lui, mossa da un inesprimibile bisogno d'intimità.",親しみを深めたいといふ氣が强く彼女に起つて來た。,lui,MISSING,Giorgio,MISSING,PRON,MISSING,nmod,MISSING,leftover_source,
896,one-to-one,dn_954,isk_1192,"Ella si strinse al braccio di lui, mossa da un inesprimibile bisogno d'intimità.",親しみを深めたいといふ氣が强く彼女に起つて來た。,Ella,彼女,Ippolita,Ippolita,PRON,PRON,nsubj,obj,explicit_ref_pos,
896,one-to-one,dn_954,isk_1192,"Ella si strinse al braccio di lui, mossa da un inesprimibile bisogno d'intimità.",親しみを深めたいといふ氣が强く彼女に起つて來た。,si,MISSING,Ippolita,MISSING,PRON-REFLEX,MISSING,obj,MISSING,leftover_source,
897,many-to-one,dn_955 dn_956,isk_1193,"Divenne d'improvviso carezzevole, lusinghevole, in tutto: nella voce, nello sguardo, nel contatto, in ogni suo moto.",男の側へ緊と引添つて急に媟え掛かると、聲音も容貌も身振も―全身の隅隅までが誘惑で滿ちて來た。,MISSING,男,MISSING,Giorgio,MISSING,NOUN,MISSING,nmod,leftover_target,
897,many-to-one,dn_955 dn_956,isk_1193,"Divenne d'improvviso carezzevole, lusinghevole, in tutto: nella voce, nello sguardo, nel contatto, in ogni suo moto.",男の側へ緊と引添つて急に媟え掛かると、聲音も容貌も身振も―全身の隅隅までが誘惑で滿ちて來た。,Divenne,媟え掛かる,Ippolita,Ippolita,NULL,NULL,nsubj,nsubj,zero_zero_semantic,0.4830306473633517
897,many-to-one,dn_955 dn_956,isk_1193,"Divenne d'improvviso carezzevole, lusinghevole, in tutto: nella voce, nello sguardo, nel contatto, in ogni suo moto.",男の側へ緊と引添つて急に媟え掛かると、聲音も容貌も身振も―全身の隅隅までが誘惑で滿ちて來た。,suo,MISSING,Ippolita,MISSING,DET,MISSING,nmod,MISSING,leftover_source,
897,many-to-one,dn_955 dn_956,isk_1193,"Divenne d'improvviso carezzevole, lusinghevole, in tutto: nella voce, nello sguardo, nel contatto, in ogni suo moto.",男の側へ緊と引添つて急に媟え掛かると、聲音も容貌も身振も―全身の隅隅までが誘惑で滿ちて來た。,MISSING,引添つて,MISSING,Ippolita,MISSING,NULL,MISSING,nsubj,leftover_target,
898,one-to-many,dn_957,isk_1194 isk_1195 isk_1196 isk_1197,"Ella voleva espandere il suo più segreto fascino feminino e inebriarne l'amato; voleva far brillare agli occhi di lui una luce di felicità presente che oscurasse il riflesso della felicità lontana; voleva sembrare a lui più amabile, più adorabile, più desiderabile d'una volta.",可愛い男を、强い女性的な魅力で漂はさうとした。 過ぎた日の幸福を曇らせて爲に、眼の前の幸福を見せ附けて、男を醉はせ眩かさうとした。 以前よりも今の方が一層可愛く、氣高く、可懷しいやうに思はせようとした。 偶と疑懼が彼女を襲つた―無慈悲な疑懼であつた。,l'amato,男,Giorgio,Giorgio,NOUN,NOUN,obj,obj,explicit_full,
898,one-to-many,dn_957,isk_1194 isk_1195 isk_1196 isk_1197,"Ella voleva espandere il suo più segreto fascino feminino e inebriarne l'amato; voleva far brillare agli occhi di lui una luce di felicità presente che oscurasse il riflesso della felicità lontana; voleva sembrare a lui più amabile, più adorabile, più desiderabile d'una volta.",可愛い男を、强い女性的な魅力で漂はさうとした。 過ぎた日の幸福を曇らせて爲に、眼の前の幸福を見せ附けて、男を醉はせ眩かさうとした。 以前よりも今の方が一層可愛く、氣高く、可懷しいやうに思はせようとした。 偶と疑懼が彼女を襲つた―無慈悲な疑懼であつた。,lui,男,Giorgio,Giorgio,PRON,NOUN,obj,obj,explicit_ref_case,
898,one-to-many,dn_957,isk_1194 isk_1195 isk_1196 isk_1197,"Ella voleva espandere il suo più segreto fascino feminino e inebriarne l'amato; voleva far brillare agli occhi di lui una luce di felicità presente che oscurasse il riflesso della felicità lontana; voleva sembrare a lui più amabile, più adorabile, più desiderabile d'una volta.",可愛い男を、强い女性的な魅力で漂はさうとした。 過ぎた日の幸福を曇らせて爲に、眼の前の幸福を見せ附けて、男を醉はせ眩かさうとした。 以前よりも今の方が一層可愛く、氣高く、可懷しいやうに思はせようとした。 偶と疑懼が彼女を襲つた―無慈悲な疑懼であつた。,lui,MISSING,Giorgio,MISSING,PRON,MISSING,nmod,MISSING,leftover_source,
898,one-to-many,dn_957,isk_1194 isk_1195 isk_1196 isk_1197,"Ella voleva espandere il suo più segreto fascino feminino e inebriarne l'amato; voleva far brillare agli occhi di lui una luce di felicità presente che oscurasse il riflesso della felicità lontana; voleva sembrare a lui più amabile, più adorabile, più desiderabile d'una volta.",可愛い男を、强い女性的な魅力で漂はさうとした。 過ぎた日の幸福を曇らせて爲に、眼の前の幸福を見せ附けて、男を醉はせ眩かさうとした。 以前よりも今の方が一層可愛く、氣高く、可懷しいやうに思はせようとした。 偶と疑懼が彼女を襲つた―無慈悲な疑懼であつた。,Ella,彼女,Ippolita,Ippolita,PRON,PRON,nsubj,obj,explicit_ref_pos,
898,one-to-many,dn_957,isk_1194 isk_1195 isk_1196 isk_1197,"Ella voleva espandere il suo più segreto fascino feminino e inebriarne l'amato; voleva far brillare agli occhi di lui una luce di felicità presente che oscurasse il riflesso della felicità lontana; voleva sembrare a lui più amabile, più adorabile, più desiderabile d'una volta.",可愛い男を、强い女性的な魅力で漂はさうとした。 過ぎた日の幸福を曇らせて爲に、眼の前の幸福を見せ附けて、男を醉はせ眩かさうとした。 以前よりも今の方が一層可愛く、氣高く、可懷しいやうに思はせようとした。 偶と疑懼が彼女を襲つた―無慈悲な疑懼であつた。,voleva,醉はせ眩かさうとした,Ippolita,Ippolita,NULL,NULL,nsubj,nsubj,zero_zero_semantic,0.2768909435388766
898,one-to-many,dn_957,isk_1194 isk_1195 isk_1196 isk_1197,"Ella voleva espandere il suo più segreto fascino feminino e inebriarne l'amato; voleva far brillare agli occhi di lui una luce di felicità presente che oscurasse il riflesso della felicità lontana; voleva sembrare a lui più amabile, più adorabile, più desiderabile d'una volta.",可愛い男を、强い女性的な魅力で漂はさうとした。 過ぎた日の幸福を曇らせて爲に、眼の前の幸福を見せ附けて、男を醉はせ眩かさうとした。 以前よりも今の方が一層可愛く、氣高く、可懷しいやうに思はせようとした。 偶と疑懼が彼女を襲つた―無慈悲な疑懼であつた。,voleva,思はせようとした,Ippolita,Ippolita,NULL,NULL,nsubj,nsubj,zero_zero_semantic,0.2036370972564194
898,one-to-many,dn_957,isk_1194 isk_1195 isk_1196 isk_1197,"Ella voleva espandere il suo più segreto fascino feminino e inebriarne l'amato; voleva far brillare agli occhi di lui una luce di felicità presente che oscurasse il riflesso della felicità lontana; voleva sembrare a lui più amabile, più adorabile, più desiderabile d'una volta.",可愛い男を、强い女性的な魅力で漂はさうとした。 過ぎた日の幸福を曇らせて爲に、眼の前の幸福を見せ附けて、男を醉はせ眩かさうとした。 以前よりも今の方が一層可愛く、氣高く、可懷しいやうに思はせようとした。 偶と疑懼が彼女を襲つた―無慈悲な疑懼であつた。,suo,MISSING,Ippolita,MISSING,DET,MISSING,nmod,MISSING,leftover_source,
898,one-to-many,dn_957,isk_1194 isk_1195 isk_1196 isk_1197,"Ella voleva espandere il suo più segreto fascino feminino e inebriarne l'amato; voleva far brillare agli occhi di lui una luce di felicità presente che oscurasse il riflesso della felicità lontana; voleva sembrare a lui più amabile, più adorabile, più desiderabile d'una volta.",可愛い男を、强い女性的な魅力で漂はさうとした。 過ぎた日の幸福を曇らせて爲に、眼の前の幸福を見せ附けて、男を醉はせ眩かさうとした。 以前よりも今の方が一層可愛く、氣高く、可懷しいやうに思はせようとした。 偶と疑懼が彼女を襲つた―無慈悲な疑懼であつた。,MISSING,漂はさうとした,MISSING,Ippolita,MISSING,NULL,MISSING,nsubj,leftover_target,
899,one-to-many,dn_958,isk_1198 isk_1199 isk_1200,"Una paura l'assalse, atroce, ch'egli potesse rimpiangere la donna d'una volta, sospirare le dolcezze trascorse, credere di aver raggiunto il sommo dell'ebrezza soltanto allora.",彼には久しい以前の女が惜まれて居るのでないだらうか。 消え去つた享樂を歎いて居るのでなからうか。 那の時分だけが、恍惚の頂上だつたと思ひ込んで居るのでなからうか。,egli,彼,Giorgio,Giorgio,PRON,PRON,nsubj,obj,explicit_ref_pos,
899,one-to-many,dn_958,isk_1198 isk_1199 isk_1200,"Una paura l'assalse, atroce, ch'egli potesse rimpiangere la donna d'una volta, sospirare le dolcezze trascorse, credere di aver raggiunto il sommo dell'ebrezza soltanto allora.",彼には久しい以前の女が惜まれて居るのでないだらうか。 消え去つた享樂を歎いて居るのでなからうか。 那の時分だけが、恍惚の頂上だつたと思ひ込んで居るのでなからうか。,MISSING,歎いて居る,MISSING,Giorgio,MISSING,NULL,MISSING,nsubj,leftover_target,
899,one-to-many,dn_958,isk_1198 isk_1199 isk_1200,"Una paura l'assalse, atroce, ch'egli potesse rimpiangere la donna d'una volta, sospirare le dolcezze trascorse, credere di aver raggiunto il sommo dell'ebrezza soltanto allora.",彼には久しい以前の女が惜まれて居るのでないだらうか。 消え去つた享樂を歎いて居るのでなからうか。 那の時分だけが、恍惚の頂上だつたと思ひ込んで居るのでなからうか。,MISSING,思ひ込んで居る,MISSING,Giorgio,MISSING,NULL,MISSING,nsubj,leftover_target,
899,one-to-many,dn_958,isk_1198 isk_1199 isk_1200,"Una paura l'assalse, atroce, ch'egli potesse rimpiangere la donna d'una volta, sospirare le dolcezze trascorse, credere di aver raggiunto il sommo dell'ebrezza soltanto allora.",彼には久しい以前の女が惜まれて居るのでないだらうか。 消え去つた享樂を歎いて居るのでなからうか。 那の時分だけが、恍惚の頂上だつたと思ひ込んで居るのでなからうか。,l,MISSING,Ippolita,MISSING,PRON,MISSING,obj,MISSING,leftover_source,
900,one-to-one,dn_959,isk_1201,Pensava:,彼女は斯う思つた。,Pensava,彼女,Ippolita,Ippolita,NULL,PRON,nsubj,nsubj,zero_to_tgt_anchor,
901,one-to-one,dn_960,isk_1202,I suoi ricordi mi hanno empita l'anima di malinconia.,那の男の繰言を聽かされて、變に氣が滅入つて了つた。,suoi,那の男,Giorgio,Giorgio,DET,NOUN,nmod,nmod,explicit_ref_case,
901,one-to-one,dn_960,isk_1202,I suoi ricordi mi hanno empita l'anima di malinconia.,那の男の繰言を聽かされて、變に氣が滅入つて了つた。,mi,MISSING,Ippolita,MISSING,PRON,MISSING,obj,MISSING,leftover_source,
901,one-to-one,dn_960,isk_1202,I suoi ricordi mi hanno empita l'anima di malinconia.,那の男の繰言を聽かされて、變に氣が滅入つて了つた。,MISSING,聽かされて,MISSING,Ippolita,MISSING,NULL,MISSING,nsubj,leftover_target,
902,one-to-one,dn_961,isk_1203,A stento ho trattenuto le lacrime.,涙を翻すまいと思つて甚麼にか骨を折つたらう。,ho trattenuto,翻すまい,Ippolita,Ippolita,NULL,NULL,nsubj,nsubj,zero_zero_semantic,0.22377961360037646
902,one-to-one,dn_961,isk_1203,A stento ho trattenuto le lacrime.,涙を翻すまいと思つて甚麼にか骨を折つたらう。,MISSING,思つて,MISSING,Ippolita,MISSING,NULL,MISSING,nsubj,leftover_target,
902,one-to-one,dn_961,isk_1203,A stento ho trattenuto le lacrime.,涙を翻すまいと思つて甚麼にか骨を折つたらう。,MISSING,骨を折つた,MISSING,Ippolita,MISSING,NULL,MISSING,nsubj,leftover_target,
903,one-to-one,dn_962,isk_1204,"Anch'egli, forse, dentro di sé è triste; chi sa com'è triste!",そして自分でも那の男はお腹の中て泣いて居るのだ。,egli,自分,Giorgio,Giorgio,PRON,PRON,nsubj,nsubj,explicit_full,
903,one-to-one,dn_962,isk_1204,"Anch'egli, forse, dentro di sé è triste; chi sa com'è triste!",そして自分でも那の男はお腹の中て泣いて居るのだ。,sé,那の男,Giorgio,Giorgio,PRON,NOUN,nmod,nsubj,explicit_ref_only,
903,one-to-one,dn_962,isk_1204,"Anch'egli, forse, dentro di sé è triste; chi sa com'è triste!",そして自分でも那の男はお腹の中て泣いて居るのだ。,è,MISSING,Giorgio,MISSING,NULL,MISSING,nsubj,MISSING,leftover_source,
905,one-to-one,dn_964,isk_1206,Pensava:,又斯うも思つた。,Pensava,思つた,Ippolita,Ippolita,NULL,NULL,nsubj,nsubj,zero_zero_single,
906,one-to-one,dn_965,isk_1207,Egli forse è stanco di me.,既う私が可忌になつたのか知ら。,Egli,MISSING,Giorgio,MISSING,PRON,MISSING,nsubj,MISSING,leftover_source,
906,one-to-one,dn_965,isk_1207,Egli forse è stanco di me.,既う私が可忌になつたのか知ら。,me,私,Ippolita,Ippolita,PRON,PRON,obj,nsubj,explicit_ref_pos,
907,one-to-many,dn_966,isk_1208 isk_1209,"Egli forse non lo sa, non lo confessa neanche a sé medesimo; s'illude.",いや、然うとまでは未だ思はないだらう。 幻影が見て居たさに、御自分にも隱して居るのだ。,sé medesimo,御自分,Giorgio,Giorgio,PRON,PRON,obj,obj,explicit_full,
907,one-to-many,dn_966,isk_1208 isk_1209,"Egli forse non lo sa, non lo confessa neanche a sé medesimo; s'illude.",いや、然うとまでは未だ思はないだらう。 幻影が見て居たさに、御自分にも隱して居るのだ。,confessa,思はない,Giorgio,Giorgio,NULL,NULL,nsubj,nsubj,zero_zero_semantic,0.5547643091707003
907,one-to-many,dn_966,isk_1208 isk_1209,"Egli forse non lo sa, non lo confessa neanche a sé medesimo; s'illude.",いや、然うとまでは未だ思はないだらう。 幻影が見て居たさに、御自分にも隱して居るのだ。,illude,隱して居る,Giorgio,Giorgio,NULL,NULL,nsubj,nsubj,zero_zero_semantic,0.47533528946694875
907,one-to-many,dn_966,isk_1208 isk_1209,"Egli forse non lo sa, non lo confessa neanche a sé medesimo; s'illude.",いや、然うとまでは未だ思はないだらう。 幻影が見て居たさに、御自分にも隱して居るのだ。,Egli,MISSING,Giorgio,MISSING,PRON,MISSING,nsubj,MISSING,leftover_source,
907,one-to-many,dn_966,isk_1208 isk_1209,"Egli forse non lo sa, non lo confessa neanche a sé medesimo; s'illude.",いや、然うとまでは未だ思はないだらう。 幻影が見て居たさに、御自分にも隱して居るのだ。,s,MISSING,Giorgio,MISSING,PRON,MISSING,obj,MISSING,leftover_source,
908,one-to-many,dn_967,isk_1210 isk_1211 isk_1212,"Ma forse non può più prendere da me nessuna gioia, e forse mi tiene cara soltanto perché trova in me i motivi delle sue care afflizioni.",でも今私から幸福を求めることは那の男には可難しい。 今でも依然可愛くて居らつしやるにしても、唯それは可懷しい悲哀を喚び出す種ぐらゐに上としきや思つて居ないんだ。 ああ！,sue,那の男,Giorgio,Giorgio,DET,NOUN,nmod,obj,explicit_ref_only,
908,one-to-many,dn_967,isk_1210 isk_1211 isk_1212,"Ma forse non può più prendere da me nessuna gioia, e forse mi tiene cara soltanto perché trova in me i motivi delle sue care afflizioni.",でも今私から幸福を求めることは那の男には可難しい。 今でも依然可愛くて居らつしやるにしても、唯それは可懷しい悲哀を喚び出す種ぐらゐに上としきや思つて居ないんだ。 ああ！,tiene,居らつしやる,Giorgio,Giorgio,NULL,NULL,nsubj,nsubj,zero_zero_semantic,0.3376436089853645
908,one-to-many,dn_967,isk_1210 isk_1211 isk_1212,"Ma forse non può più prendere da me nessuna gioia, e forse mi tiene cara soltanto perché trova in me i motivi delle sue care afflizioni.",でも今私から幸福を求めることは那の男には可難しい。 今でも依然可愛くて居らつしやるにしても、唯それは可懷しい悲哀を喚び出す種ぐらゐに上としきや思つて居ないんだ。 ああ！,non può più prendere,MISSING,Giorgio,MISSING,NULL,MISSING,nsubj,MISSING,leftover_source,
908,one-to-many,dn_967,isk_1210 isk_1211 isk_1212,"Ma forse non può più prendere da me nessuna gioia, e forse mi tiene cara soltanto perché trova in me i motivi delle sue care afflizioni.",でも今私から幸福を求めることは那の男には可難しい。 今でも依然可愛くて居らつしやるにしても、唯それは可懷しい悲哀を喚び出す種ぐらゐに上としきや思つて居ないんだ。 ああ！,trova,MISSING,Giorgio,MISSING,NULL,MISSING,nsubj,MISSING,leftover_source,
908,one-to-many,dn_967,isk_1210 isk_1211 isk_1212,"Ma forse non può più prendere da me nessuna gioia, e forse mi tiene cara soltanto perché trova in me i motivi delle sue care afflizioni.",でも今私から幸福を求めることは那の男には可難しい。 今でも依然可愛くて居らつしやるにしても、唯それは可懷しい悲哀を喚び出す種ぐらゐに上としきや思つて居ないんだ。 ああ！,me,私,Ippolita,Ippolita,PRON,PRON,obj,obj,explicit_full,
908,one-to-many,dn_967,isk_1210 isk_1211 isk_1212,"Ma forse non può più prendere da me nessuna gioia, e forse mi tiene cara soltanto perché trova in me i motivi delle sue care afflizioni.",でも今私から幸福を求めることは那の男には可難しい。 今でも依然可愛くて居らつしやるにしても、唯それは可懷しい悲哀を喚び出す種ぐらゐに上としきや思つて居ないんだ。 ああ！,mi,MISSING,Ippolita,MISSING,PRON,MISSING,obj,MISSING,leftover_source,
908,one-to-many,dn_967,isk_1210 isk_1211 isk_1212,"Ma forse non può più prendere da me nessuna gioia, e forse mi tiene cara soltanto perché trova in me i motivi delle sue care afflizioni.",でも今私から幸福を求めることは那の男には可難しい。 今でも依然可愛くて居らつしやるにしても、唯それは可懷しい悲哀を喚び出す種ぐらゐに上としきや思つて居ないんだ。 ああ！,me,MISSING,Ippolita,MISSING,PRON,MISSING,obj,MISSING,leftover_source,
908,one-to-many,dn_967,isk_1210 isk_1211 isk_1212,"Ma forse non può più prendere da me nessuna gioia, e forse mi tiene cara soltanto perché trova in me i motivi delle sue care afflizioni.",でも今私から幸福を求めることは那の男には可難しい。 今でも依然可愛くて居らつしやるにしても、唯それは可懷しい悲哀を喚び出す種ぐらゐに上としきや思つて居ないんだ。 ああ！,MISSING,思つて居ない,MISSING,Ippolita,MISSING,NULL,MISSING,nsubj,leftover_target,
909,one-to-many,dn_968,isk_1213 isk_1214 isk_1215 isk_1216 isk_1217 isk_1218 isk_1219,"Ma anch'io rari momenti ho di vera gioia, accanto a lui; anch'io soffro; eppure l'amo, ed amo la mia sofferenza, e non ho altro desiderio se non di piacergli, e non concepisco la vita senza questo amore.",私だつて然うだ。 一緒に居て心から嬉しいと思つたやうな事は滅多にない。 同じやうに苦しい。 それでも那の男が戀しい。 苦しいのが又戀しい。 奈何かして可喜しい氣にして進げたさが一杯だ。 此の戀がなければ私の生活も無いのだ。,lui,那の男,Giorgio,Giorgio,PRON,NOUN,obj,nsubj,explicit_ref_only,
909,one-to-many,dn_968,isk_1213 isk_1214 isk_1215 isk_1216 isk_1217 isk_1218 isk_1219,"Ma anch'io rari momenti ho di vera gioia, accanto a lui; anch'io soffro; eppure l'amo, ed amo la mia sofferenza, e non ho altro desiderio se non di piacergli, e non concepisco la vita senza questo amore.",私だつて然うだ。 一緒に居て心から嬉しいと思つたやうな事は滅多にない。 同じやうに苦しい。 それでも那の男が戀しい。 苦しいのが又戀しい。 奈何かして可喜しい氣にして進げたさが一杯だ。 此の戀がなければ私の生活も無いのだ。,l,MISSING,Giorgio,MISSING,PRON,MISSING,obj,MISSING,leftover_source,
909,one-to-many,dn_968,isk_1213 isk_1214 isk_1215 isk_1216 isk_1217 isk_1218 isk_1219,"Ma anch'io rari momenti ho di vera gioia, accanto a lui; anch'io soffro; eppure l'amo, ed amo la mia sofferenza, e non ho altro desiderio se non di piacergli, e non concepisco la vita senza questo amore.",私だつて然うだ。 一緒に居て心から嬉しいと思つたやうな事は滅多にない。 同じやうに苦しい。 それでも那の男が戀しい。 苦しいのが又戀しい。 奈何かして可喜しい氣にして進げたさが一杯だ。 此の戀がなければ私の生活も無いのだ。,gli,MISSING,Giorgio,MISSING,PRON,MISSING,obj,MISSING,leftover_source,
909,one-to-many,dn_968,isk_1213 isk_1214 isk_1215 isk_1216 isk_1217 isk_1218 isk_1219,"Ma anch'io rari momenti ho di vera gioia, accanto a lui; anch'io soffro; eppure l'amo, ed amo la mia sofferenza, e non ho altro desiderio se non di piacergli, e non concepisco la vita senza questo amore.",私だつて然うだ。 一緒に居て心から嬉しいと思つたやうな事は滅多にない。 同じやうに苦しい。 それでも那の男が戀しい。 苦しいのが又戀しい。 奈何かして可喜しい氣にして進げたさが一杯だ。 此の戀がなければ私の生活も無いのだ。,io,私,Ippolita,Ippolita,PRON,PRON,nsubj,nsubj,explicit_full,
909,one-to-many,dn_968,isk_1213 isk_1214 isk_1215 isk_1216 isk_1217 isk_1218 isk_1219,"Ma anch'io rari momenti ho di vera gioia, accanto a lui; anch'io soffro; eppure l'amo, ed amo la mia sofferenza, e non ho altro desiderio se non di piacergli, e non concepisco la vita senza questo amore.",私だつて然うだ。 一緒に居て心から嬉しいと思つたやうな事は滅多にない。 同じやうに苦しい。 それでも那の男が戀しい。 苦しいのが又戀しい。 奈何かして可喜しい氣にして進げたさが一杯だ。 此の戀がなければ私の生活も無いのだ。,mia,私,Ippolita,Ippolita,DET,PRON,nmod,nmod,explicit_ref_case,
909,one-to-many,dn_968,isk_1213 isk_1214 isk_1215 isk_1216 isk_1217 isk_1218 isk_1219,"Ma anch'io rari momenti ho di vera gioia, accanto a lui; anch'io soffro; eppure l'amo, ed amo la mia sofferenza, e non ho altro desiderio se non di piacergli, e non concepisco la vita senza questo amore.",私だつて然うだ。 一緒に居て心から嬉しいと思つたやうな事は滅多にない。 同じやうに苦しい。 それでも那の男が戀しい。 苦しいのが又戀しい。 奈何かして可喜しい氣にして進げたさが一杯だ。 此の戀がなければ私の生活も無いのだ。,amo,居て,Ippolita,Ippolita,NULL,NULL,nsubj,nsubj,zero_zero_semantic,0.38732548358013674
909,one-to-many,dn_968,isk_1213 isk_1214 isk_1215 isk_1216 isk_1217 isk_1218 isk_1219,"Ma anch'io rari momenti ho di vera gioia, accanto a lui; anch'io soffro; eppure l'amo, ed amo la mia sofferenza, e non ho altro desiderio se non di piacergli, e non concepisco la vita senza questo amore.",私だつて然うだ。 一緒に居て心から嬉しいと思つたやうな事は滅多にない。 同じやうに苦しい。 それでも那の男が戀しい。 苦しいのが又戀しい。 奈何かして可喜しい氣にして進げたさが一杯だ。 此の戀がなければ私の生活も無いのだ。,amo,苦しい,Ippolita,Ippolita,NULL,NULL,nsubj,nsubj,zero_zero_semantic,0.3610621557373719
909,one-to-many,dn_968,isk_1213 isk_1214 isk_1215 isk_1216 isk_1217 isk_1218 isk_1219,"Ma anch'io rari momenti ho di vera gioia, accanto a lui; anch'io soffro; eppure l'amo, ed amo la mia sofferenza, e non ho altro desiderio se non di piacergli, e non concepisco la vita senza questo amore.",私だつて然うだ。 一緒に居て心から嬉しいと思つたやうな事は滅多にない。 同じやうに苦しい。 それでも那の男が戀しい。 苦しいのが又戀しい。 奈何かして可喜しい氣にして進げたさが一杯だ。 此の戀がなければ私の生活も無いのだ。,ho,思つた,Ippolita,Ippolita,NULL,NULL,nsubj,nsubj,zero_zero_semantic,0.504587840539677
909,one-to-many,dn_968,isk_1213 isk_1214 isk_1215 isk_1216 isk_1217 isk_1218 isk_1219,"Ma anch'io rari momenti ho di vera gioia, accanto a lui; anch'io soffro; eppure l'amo, ed amo la mia sofferenza, e non ho altro desiderio se non di piacergli, e non concepisco la vita senza questo amore.",私だつて然うだ。 一緒に居て心から嬉しいと思つたやうな事は滅多にない。 同じやうに苦しい。 それでも那の男が戀しい。 苦しいのが又戀しい。 奈何かして可喜しい氣にして進げたさが一杯だ。 此の戀がなければ私の生活も無いのだ。,io,MISSING,Ippolita,MISSING,PRON,MISSING,nsubj,MISSING,leftover_source,
909,one-to-many,dn_968,isk_1213 isk_1214 isk_1215 isk_1216 isk_1217 isk_1218 isk_1219,"Ma anch'io rari momenti ho di vera gioia, accanto a lui; anch'io soffro; eppure l'amo, ed amo la mia sofferenza, e non ho altro desiderio se non di piacergli, e non concepisco la vita senza questo amore.",私だつて然うだ。 一緒に居て心から嬉しいと思つたやうな事は滅多にない。 同じやうに苦しい。 それでも那の男が戀しい。 苦しいのが又戀しい。 奈何かして可喜しい氣にして進げたさが一杯だ。 此の戀がなければ私の生活も無いのだ。,concepisco,MISSING,Ippolita,MISSING,NULL,MISSING,nsubj,MISSING,leftover_source,
910,one-to-one,dn_969,isk_1220,"Perché dunque, amandoci, siamo tristi?",二人とも戀し合つてて、それで這麼に毎情いといふ譯が解らない。,siamo,二人,Giorgio Ippolita,Giorgio Ippolita,NULL,NOUN,nsubj,nsubj,zero_to_tgt_anchor,
910,one-to-one,dn_969,isk_1220,"Perché dunque, amandoci, siamo tristi?",二人とも戀し合つてて、それで這麼に毎情いといふ譯が解らない。,ci,MISSING,Giorgio Ippolita,MISSING,PRON-REFLEX,MISSING,obj,MISSING,leftover_source,
911,one-to-many,dn_970,isk_1221 isk_1222,Ella si appoggiava forte al braccio dell'amato e lo guardava con occhi in cui l'ombra dei pensieri dava alla tenerezza un'espressione più profonda.,戀人の腕に重く取縋つて、その顏を凝視めた。 彼女の眼には物思ひの影が差して、深い優しみの表情が動いた。,amato,その,Giorgio,Giorgio,NOUN,DET,nmod,nmod,explicit_ref_case,
911,one-to-many,dn_970,isk_1221 isk_1222,Ella si appoggiava forte al braccio dell'amato e lo guardava con occhi in cui l'ombra dei pensieri dava alla tenerezza un'espressione più profonda.,戀人の腕に重く取縋つて、その顏を凝視めた。 彼女の眼には物思ひの影が差して、深い優しみの表情が動いた。,lo,MISSING,Giorgio,MISSING,PRON,MISSING,obj,MISSING,leftover_source,
911,one-to-many,dn_970,isk_1221 isk_1222,Ella si appoggiava forte al braccio dell'amato e lo guardava con occhi in cui l'ombra dei pensieri dava alla tenerezza un'espressione più profonda.,戀人の腕に重く取縋つて、その顏を凝視めた。 彼女の眼には物思ひの影が差して、深い優しみの表情が動いた。,Ella,戀人,Ippolita,Ippolita,PRON,NOUN,nsubj,nsubj,explicit_ref_case,
911,one-to-many,dn_970,isk_1221 isk_1222,Ella si appoggiava forte al braccio dell'amato e lo guardava con occhi in cui l'ombra dei pensieri dava alla tenerezza un'espressione più profonda.,戀人の腕に重く取縋つて、その顏を凝視めた。 彼女の眼には物思ひの影が差して、深い優しみの表情が動いた。,guardava,凝視めた,Ippolita,Ippolita,NULL,NULL,nsubj,nsubj,zero_zero_semantic,0.30134549272506417
911,one-to-many,dn_970,isk_1221 isk_1222,Ella si appoggiava forte al braccio dell'amato e lo guardava con occhi in cui l'ombra dei pensieri dava alla tenerezza un'espressione più profonda.,戀人の腕に重く取縋つて、その顏を凝視めた。 彼女の眼には物思ひの影が差して、深い優しみの表情が動いた。,si,MISSING,Ippolita,MISSING,PRON-REFLEX,MISSING,obj,MISSING,leftover_source,
911,one-to-many,dn_970,isk_1221 isk_1222,Ella si appoggiava forte al braccio dell'amato e lo guardava con occhi in cui l'ombra dei pensieri dava alla tenerezza un'espressione più profonda.,戀人の腕に重く取縋つて、その顏を凝視めた。 彼女の眼には物思ひの影が差して、深い優しみの表情が動いた。,MISSING,取縋つて,MISSING,Ippolita,MISSING,NULL,MISSING,nsubj,leftover_target,
911,one-to-many,dn_970,isk_1221 isk_1222,Ella si appoggiava forte al braccio dell'amato e lo guardava con occhi in cui l'ombra dei pensieri dava alla tenerezza un'espressione più profonda.,戀人の腕に重く取縋つて、その顏を凝視めた。 彼女の眼には物思ひの影が差して、深い優しみの表情が動いた。,MISSING,彼女,MISSING,Ippolita,MISSING,PRON,MISSING,nmod,leftover_target,
912,one-to-many,dn_971,isk_1223 isk_1224 isk_1225 isk_1226,"Due anni fa, su quest'ora, uscivamo insieme dalla cappella; ed egli mi parlava di cose estranee all'amore, con una voce che mi toccava l'anima, che mi posava su l'anima la carezza delle labbra, una carezza tutta ideale e pure assaporata da me come un lento bacio.",二年前の丁度今頃、那の會堂を二人で一緒に出て來た。 其の時は別に戀に關係のないやうなお話をなすつた。 がそのお聲は、唇で舐められたやうに心に觸れて、どきりとなつた。 其の氣持を長い接吻と思つて嬉しがつて居た。,egli,その,Giorgio,Giorgio,PRON,DET,nsubj,nmod,explicit_ref_only,
912,one-to-many,dn_971,isk_1223 isk_1224 isk_1225 isk_1226,"Due anni fa, su quest'ora, uscivamo insieme dalla cappella; ed egli mi parlava di cose estranee all'amore, con una voce che mi toccava l'anima, che mi posava su l'anima la carezza delle labbra, una carezza tutta ideale e pure assaporata da me come un lento bacio.",二年前の丁度今頃、那の會堂を二人で一緒に出て來た。 其の時は別に戀に關係のないやうなお話をなすつた。 がそのお聲は、唇で舐められたやうに心に觸れて、どきりとなつた。 其の氣持を長い接吻と思つて嬉しがつて居た。,MISSING,なすつた,MISSING,Giorgio,MISSING,NULL,MISSING,nsubj,leftover_target,
912,one-to-many,dn_971,isk_1223 isk_1224 isk_1225 isk_1226,"Due anni fa, su quest'ora, uscivamo insieme dalla cappella; ed egli mi parlava di cose estranee all'amore, con una voce che mi toccava l'anima, che mi posava su l'anima la carezza delle labbra, una carezza tutta ideale e pure assaporata da me come un lento bacio.",二年前の丁度今頃、那の會堂を二人で一緒に出て來た。 其の時は別に戀に關係のないやうなお話をなすつた。 がそのお聲は、唇で舐められたやうに心に觸れて、どきりとなつた。 其の氣持を長い接吻と思つて嬉しがつて居た。,uscivamo,出て來た,Giorgio Ippolita,Giorgio Ippolita,NULL,NULL,nsubj,nsubj,zero_zero_single,
912,one-to-many,dn_971,isk_1223 isk_1224 isk_1225 isk_1226,"Due anni fa, su quest'ora, uscivamo insieme dalla cappella; ed egli mi parlava di cose estranee all'amore, con una voce che mi toccava l'anima, che mi posava su l'anima la carezza delle labbra, una carezza tutta ideale e pure assaporata da me come un lento bacio.",二年前の丁度今頃、那の會堂を二人で一緒に出て來た。 其の時は別に戀に關係のないやうなお話をなすつた。 がそのお聲は、唇で舐められたやうに心に觸れて、どきりとなつた。 其の氣持を長い接吻と思つて嬉しがつて居た。,MISSING,二人,MISSING,Giorgio Ippolita,MISSING,NOUN,MISSING,obj,leftover_target,
912,one-to-many,dn_971,isk_1223 isk_1224 isk_1225 isk_1226,"Due anni fa, su quest'ora, uscivamo insieme dalla cappella; ed egli mi parlava di cose estranee all'amore, con una voce che mi toccava l'anima, che mi posava su l'anima la carezza delle labbra, una carezza tutta ideale e pure assaporata da me come un lento bacio.",二年前の丁度今頃、那の會堂を二人で一緒に出て來た。 其の時は別に戀に關係のないやうなお話をなすつた。 がそのお聲は、唇で舐められたやうに心に觸れて、どきりとなつた。 其の氣持を長い接吻と思つて嬉しがつて居た。,mi,MISSING,Ippolita,MISSING,PRON,MISSING,obj,MISSING,leftover_source,
912,one-to-many,dn_971,isk_1223 isk_1224 isk_1225 isk_1226,"Due anni fa, su quest'ora, uscivamo insieme dalla cappella; ed egli mi parlava di cose estranee all'amore, con una voce che mi toccava l'anima, che mi posava su l'anima la carezza delle labbra, una carezza tutta ideale e pure assaporata da me come un lento bacio.",二年前の丁度今頃、那の會堂を二人で一緒に出て來た。 其の時は別に戀に關係のないやうなお話をなすつた。 がそのお聲は、唇で舐められたやうに心に觸れて、どきりとなつた。 其の氣持を長い接吻と思つて嬉しがつて居た。,mi,MISSING,Ippolita,MISSING,PRON,MISSING,obj,MISSING,leftover_source,
912,one-to-many,dn_971,isk_1223 isk_1224 isk_1225 isk_1226,"Due anni fa, su quest'ora, uscivamo insieme dalla cappella; ed egli mi parlava di cose estranee all'amore, con una voce che mi toccava l'anima, che mi posava su l'anima la carezza delle labbra, una carezza tutta ideale e pure assaporata da me come un lento bacio.",二年前の丁度今頃、那の會堂を二人で一緒に出て來た。 其の時は別に戀に關係のないやうなお話をなすつた。 がそのお聲は、唇で舐められたやうに心に觸れて、どきりとなつた。 其の氣持を長い接吻と思つて嬉しがつて居た。,mi,MISSING,Ippolita,MISSING,PRON,MISSING,obj,MISSING,leftover_source,
912,one-to-many,dn_971,isk_1223 isk_1224 isk_1225 isk_1226,"Due anni fa, su quest'ora, uscivamo insieme dalla cappella; ed egli mi parlava di cose estranee all'amore, con una voce che mi toccava l'anima, che mi posava su l'anima la carezza delle labbra, una carezza tutta ideale e pure assaporata da me come un lento bacio.",二年前の丁度今頃、那の會堂を二人で一緒に出て來た。 其の時は別に戀に關係のないやうなお話をなすつた。 がそのお聲は、唇で舐められたやうに心に觸れて、どきりとなつた。 其の氣持を長い接吻と思つて嬉しがつて居た。,me,MISSING,Ippolita,MISSING,PRON,MISSING,obj,MISSING,leftover_source,
912,one-to-many,dn_971,isk_1223 isk_1224 isk_1225 isk_1226,"Due anni fa, su quest'ora, uscivamo insieme dalla cappella; ed egli mi parlava di cose estranee all'amore, con una voce che mi toccava l'anima, che mi posava su l'anima la carezza delle labbra, una carezza tutta ideale e pure assaporata da me come un lento bacio.",二年前の丁度今頃、那の會堂を二人で一緒に出て來た。 其の時は別に戀に關係のないやうなお話をなすつた。 がそのお聲は、唇で舐められたやうに心に觸れて、どきりとなつた。 其の氣持を長い接吻と思つて嬉しがつて居た。,MISSING,なつた,MISSING,Ippolita,MISSING,NULL,MISSING,nsubj,leftover_target,
912,one-to-many,dn_971,isk_1223 isk_1224 isk_1225 isk_1226,"Due anni fa, su quest'ora, uscivamo insieme dalla cappella; ed egli mi parlava di cose estranee all'amore, con una voce che mi toccava l'anima, che mi posava su l'anima la carezza delle labbra, una carezza tutta ideale e pure assaporata da me come un lento bacio.",二年前の丁度今頃、那の會堂を二人で一緒に出て來た。 其の時は別に戀に關係のないやうなお話をなすつた。 がそのお聲は、唇で舐められたやうに心に觸れて、どきりとなつた。 其の氣持を長い接吻と思つて嬉しがつて居た。,MISSING,思つて,MISSING,Ippolita,MISSING,NULL,MISSING,nsubj,leftover_target,
912,one-to-many,dn_971,isk_1223 isk_1224 isk_1225 isk_1226,"Due anni fa, su quest'ora, uscivamo insieme dalla cappella; ed egli mi parlava di cose estranee all'amore, con una voce che mi toccava l'anima, che mi posava su l'anima la carezza delle labbra, una carezza tutta ideale e pure assaporata da me come un lento bacio.",二年前の丁度今頃、那の會堂を二人で一緒に出て來た。 其の時は別に戀に關係のないやうなお話をなすつた。 がそのお聲は、唇で舐められたやうに心に觸れて、どきりとなつた。 其の氣持を長い接吻と思つて嬉しがつて居た。,MISSING,嬉しがつて居た,MISSING,Ippolita,MISSING,NULL,MISSING,nsubj,leftover_target,
913,one-to-one,dn_972,isk_1227,"Io tremavo, d'un tremito incessante, sentendo nascere dentro di me un sentimento ignorato.",その折の顫へは、何とも言へない或る情が起つて、何時まで經つても底止がなかつた。,Io,MISSING,Ippolita,MISSING,PRON,MISSING,nsubj,MISSING,leftover_source,
913,one-to-one,dn_972,isk_1227,"Io tremavo, d'un tremito incessante, sentendo nascere dentro di me un sentimento ignorato.",その折の顫へは、何とも言へない或る情が起つて、何時まで經つても底止がなかつた。,me,MISSING,Ippolita,MISSING,PRON,MISSING,nmod,MISSING,leftover_source,
915,one-to-one,dn_974,isk_1229,Oggi cade il secondo anniversario; e noi ci amiamo.,今日は二回目の記念日―そして戀は依然續いてる。,noi,MISSING,Giorgio Ippolita,MISSING,PRON,MISSING,nsubj,MISSING,leftover_source,
915,one-to-one,dn_974,isk_1229,Oggi cade il secondo anniversario; e noi ci amiamo.,今日は二回目の記念日―そして戀は依然續いてる。,ci,MISSING,Giorgio Ippolita,MISSING,PRON-REFLEX,MISSING,obj,MISSING,leftover_source,
916,one-to-one,dn_975,isk_1230,"Dianzi egli parlava, e la sua voce mi turbava in una maniera diversa ma pur sempre a dentro.",先刻も那いふ話だつたが、お聲が每も自分を慫る調子と異つて聽かれたにしても、尙且胸の底を抉られるやうに思つた。,egli,MISSING,Giorgio,MISSING,PRON,MISSING,nsubj,MISSING,leftover_source,
916,one-to-one,dn_975,isk_1230,"Dianzi egli parlava, e la sua voce mi turbava in una maniera diversa ma pur sempre a dentro.",先刻も那いふ話だつたが、お聲が每も自分を慫る調子と異つて聽かれたにしても、尙且胸の底を抉られるやうに思つた。,sua,MISSING,Giorgio,MISSING,DET,MISSING,nmod,MISSING,leftover_source,
916,one-to-one,dn_975,isk_1230,"Dianzi egli parlava, e la sua voce mi turbava in una maniera diversa ma pur sempre a dentro.",先刻も那いふ話だつたが、お聲が每も自分を慫る調子と異つて聽かれたにしても、尙且胸の底を抉られるやうに思つた。,mi,自分,Ippolita,Ippolita,PRON,PRON,obj,obj,explicit_full,
916,one-to-one,dn_975,isk_1230,"Dianzi egli parlava, e la sua voce mi turbava in una maniera diversa ma pur sempre a dentro.",先刻も那いふ話だつたが、お聲が每も自分を慫る調子と異つて聽かれたにしても、尙且胸の底を抉られるやうに思つた。,MISSING,異つて,MISSING,Ippolita,MISSING,NULL,MISSING,nsubj,leftover_target,
916,one-to-one,dn_975,isk_1230,"Dianzi egli parlava, e la sua voce mi turbava in una maniera diversa ma pur sempre a dentro.",先刻も那いふ話だつたが、お聲が每も自分を慫る調子と異つて聽かれたにしても、尙且胸の底を抉られるやうに思つた。,MISSING,聽かれた,MISSING,Ippolita,MISSING,NULL,MISSING,nsubj,leftover_target,
916,one-to-one,dn_975,isk_1230,"Dianzi egli parlava, e la sua voce mi turbava in una maniera diversa ma pur sempre a dentro.",先刻も那いふ話だつたが、お聲が每も自分を慫る調子と異つて聽かれたにしても、尙且胸の底を抉られるやうに思つた。,MISSING,抉られるやうに,MISSING,Ippolita,MISSING,NULL,MISSING,nsubj,leftover_target,
916,one-to-one,dn_975,isk_1230,"Dianzi egli parlava, e la sua voce mi turbava in una maniera diversa ma pur sempre a dentro.",先刻も那いふ話だつたが、お聲が每も自分を慫る調子と異つて聽かれたにしても、尙且胸の底を抉られるやうに思つた。,MISSING,思つた,MISSING,Ippolita,MISSING,NULL,MISSING,nsubj,leftover_target,
917,one-to-one,dn_976,isk_1231,Abbiamo d'innanzi a noi una sera deliziosa.,私たちの前には、樂しい夜が待つてゐる。,noi,私たち,Giorgio Ippolita,Giorgio Ippolita,PRON,NOUN,obj,nmod,explicit_ref_only,
917,one-to-one,dn_976,isk_1231,Abbiamo d'innanzi a noi una sera deliziosa.,私たちの前には、樂しい夜が待つてゐる。,Abbiamo,MISSING,Giorgio Ippolita,MISSING,NULL,MISSING,nsubj,MISSING,leftover_source,
919,one-to-one,dn_978,isk_1233,"La nostra libertà, la nostra intimità presente non valgono le incertezze e le esitazioni di quel tempo?",二人の自由と親密が、當時の不安と躊躇ほどの値もないとは！,nostra,二人,Giorgio Ippolita,Giorgio Ippolita,DET,NOUN,nmod,nmod,explicit_ref_case,
919,one-to-one,dn_978,isk_1233,"La nostra libertà, la nostra intimità presente non valgono le incertezze e le esitazioni di quel tempo?",二人の自由と親密が、當時の不安と躊躇ほどの値もないとは！,nostra,MISSING,Giorgio Ippolita,MISSING,DET,MISSING,nmod,MISSING,leftover_source,
920,one-to-one,dn_979,isk_1234,Gli stessi ricordi numerosi non aggiungono un fascino di più alla nostra passione?,那程律山な追憶がありながら、此の變に取つて些もとも新らしいチァアムにはならない！,nostra,此の,Giorgio Ippolita,Giorgio Ippolita,DET,DET,nmod,nmod,explicit_full,
921,one-to-one,dn_980,isk_1235,"Io l'amo; io mi do a lui tutta quanta, non ho d'innanzi al suo desiderio nessun pudore.",それで男が戀しい―全で我が身を來てて掛つてる―男のデジイルの前には、私は禮儀を知らない人だ。,suo,男,Giorgio,Giorgio,DET,NOUN,nmod,nmod,explicit_ref_case,
921,one-to-one,dn_980,isk_1235,"Io l'amo; io mi do a lui tutta quanta, non ho d'innanzi al suo desiderio nessun pudore.",それで男が戀しい―全で我が身を來てて掛つてる―男のデジイルの前には、私は禮儀を知らない人だ。,l,男,Giorgio,Giorgio,PRON,NOUN,obj,nsubj,explicit_ref_only,
921,one-to-one,dn_980,isk_1235,"Io l'amo; io mi do a lui tutta quanta, non ho d'innanzi al suo desiderio nessun pudore.",それで男が戀しい―全で我が身を來てて掛つてる―男のデジイルの前には、私は禮儀を知らない人だ。,lui,MISSING,Giorgio,MISSING,PRON,MISSING,obj,MISSING,leftover_source,
921,one-to-one,dn_980,isk_1235,"Io l'amo; io mi do a lui tutta quanta, non ho d'innanzi al suo desiderio nessun pudore.",それで男が戀しい―全で我が身を來てて掛つてる―男のデジイルの前には、私は禮儀を知らない人だ。,Io,私,Ippolita,Ippolita,PRON,PRON,nsubj,nsubj,explicit_full,
921,one-to-one,dn_980,isk_1235,"Io l'amo; io mi do a lui tutta quanta, non ho d'innanzi al suo desiderio nessun pudore.",それで男が戀しい―全で我が身を來てて掛つてる―男のデジイルの前には、私は禮儀を知らない人だ。,io,我が,Ippolita,Ippolita,PRON,PRON,nsubj,nmod,explicit_ref_pos,
921,one-to-one,dn_980,isk_1235,"Io l'amo; io mi do a lui tutta quanta, non ho d'innanzi al suo desiderio nessun pudore.",それで男が戀しい―全で我が身を來てて掛つてる―男のデジイルの前には、私は禮儀を知らない人だ。,mi,禮儀を知らない人,Ippolita,Ippolita,PRON,NOUN,obj,pred,explicit_ref_only,
921,one-to-one,dn_980,isk_1235,"Io l'amo; io mi do a lui tutta quanta, non ho d'innanzi al suo desiderio nessun pudore.",それで男が戀しい―全で我が身を來てて掛つてる―男のデジイルの前には、私は禮儀を知らない人だ。,ho,來てて掛つてる,Ippolita,Ippolita,NULL,NULL,nsubj,nsubj,zero_zero_single,
922,one-to-many,dn_982,isk_1236 isk_1237 isk_1238,"In due anni egli mi ha trasformata, mi ha fatta un'altra; mi ha dato nuovi sensi, un'anima nuova, un nuovo intelletto.",二年經つ間に大へんな感化を授けた 別な女に成つた。 新らしい知覺と新らしい精靈と新らしい知識を授けた。,egli,MISSING,Giorgio,MISSING,PRON,MISSING,nsubj,MISSING,leftover_source,
922,one-to-many,dn_982,isk_1236 isk_1237 isk_1238,"In due anni egli mi ha trasformata, mi ha fatta un'altra; mi ha dato nuovi sensi, un'anima nuova, un nuovo intelletto.",二年經つ間に大へんな感化を授けた 別な女に成つた。 新らしい知覺と新らしい精靈と新らしい知識を授けた。,ha,MISSING,Giorgio,MISSING,NULL,MISSING,nsubj,MISSING,leftover_source,
922,one-to-many,dn_982,isk_1236 isk_1237 isk_1238,"In due anni egli mi ha trasformata, mi ha fatta un'altra; mi ha dato nuovi sensi, un'anima nuova, un nuovo intelletto.",二年經つ間に大へんな感化を授けた 別な女に成つた。 新らしい知覺と新らしい精靈と新らしい知識を授けた。,ha,MISSING,Giorgio,MISSING,NULL,MISSING,nsubj,MISSING,leftover_source,
922,one-to-many,dn_982,isk_1236 isk_1237 isk_1238,"In due anni egli mi ha trasformata, mi ha fatta un'altra; mi ha dato nuovi sensi, un'anima nuova, un nuovo intelletto.",二年經つ間に大へんな感化を授けた 別な女に成つた。 新らしい知覺と新らしい精靈と新らしい知識を授けた。,mi,MISSING,Ippolita,MISSING,PRON,MISSING,obj,MISSING,leftover_source,
922,one-to-many,dn_982,isk_1236 isk_1237 isk_1238,"In due anni egli mi ha trasformata, mi ha fatta un'altra; mi ha dato nuovi sensi, un'anima nuova, un nuovo intelletto.",二年經つ間に大へんな感化を授けた 別な女に成つた。 新らしい知覺と新らしい精靈と新らしい知識を授けた。,mi,MISSING,Ippolita,MISSING,PRON,MISSING,obj,MISSING,leftover_source,
922,one-to-many,dn_982,isk_1236 isk_1237 isk_1238,"In due anni egli mi ha trasformata, mi ha fatta un'altra; mi ha dato nuovi sensi, un'anima nuova, un nuovo intelletto.",二年經つ間に大へんな感化を授けた 別な女に成つた。 新らしい知覺と新らしい精靈と新らしい知識を授けた。,mi,MISSING,Ippolita,MISSING,PRON,MISSING,obj,MISSING,leftover_source,
922,one-to-many,dn_982,isk_1236 isk_1237 isk_1238,"In due anni egli mi ha trasformata, mi ha fatta un'altra; mi ha dato nuovi sensi, un'anima nuova, un nuovo intelletto.",二年經つ間に大へんな感化を授けた 別な女に成つた。 新らしい知覺と新らしい精靈と新らしい知識を授けた。,MISSING,授けた,MISSING,Ippolita,MISSING,NULL,MISSING,nsubj,leftover_target,
922,one-to-many,dn_982,isk_1236 isk_1237 isk_1238,"In due anni egli mi ha trasformata, mi ha fatta un'altra; mi ha dato nuovi sensi, un'anima nuova, un nuovo intelletto.",二年經つ間に大へんな感化を授けた 別な女に成つた。 新らしい知覺と新らしい精靈と新らしい知識を授けた。,MISSING,成つた,MISSING,Ippolita,MISSING,NULL,MISSING,nsubj,leftover_target,
922,one-to-many,dn_982,isk_1236 isk_1237 isk_1238,"In due anni egli mi ha trasformata, mi ha fatta un'altra; mi ha dato nuovi sensi, un'anima nuova, un nuovo intelletto.",二年經つ間に大へんな感化を授けた 別な女に成つた。 新らしい知覺と新らしい精靈と新らしい知識を授けた。,MISSING,授けた,MISSING,Ippolita,MISSING,NULL,MISSING,nsubj,leftover_target,
923,one-to-one,dn_983,isk_1239,Io sono la sua creatura.,私は那の男に製られたやうなものだ。,sua,那の男,Giorgio,Giorgio,DET,NOUN,nmod,obj,explicit_ref_only,
923,one-to-one,dn_983,isk_1239,Io sono la sua creatura.,私は那の男に製られたやうなものだ。,Io,私,Ippolita,Ippolita,PRON,PRON,nsubj,nsubj,explicit_full,
923,one-to-one,dn_983,isk_1239,Io sono la sua creatura.,私は那の男に製られたやうなものだ。,creatura,製られたやうなもの,Ippolita,Ippolita,NOUN,NOUN,pred,pred,explicit_full,
924,one-to-one,dn_984,isk_1240,"Egli può inebriarsi di me, come d'un suo pensiero.",御自分の思想に醉はされると同じやうに、私にも醉はされて可いんだ。,suo,御自分,Giorgio,Giorgio,DET,NOUN,nmod,nmod,explicit_ref_case,
924,one-to-one,dn_984,isk_1240,"Egli può inebriarsi di me, come d'un suo pensiero.",御自分の思想に醉はされると同じやうに、私にも醉はされて可いんだ。,Egli,醉はされると,Giorgio,Giorgio,PRON,NULL,nsubj,nsubj,zero_to_src_anchor,
924,one-to-one,dn_984,isk_1240,"Egli può inebriarsi di me, come d'un suo pensiero.",御自分の思想に醉はされると同じやうに、私にも醉はされて可いんだ。,si,MISSING,Giorgio,MISSING,PRON-REFLEX,MISSING,obj,MISSING,leftover_source,
924,one-to-one,dn_984,isk_1240,"Egli può inebriarsi di me, come d'un suo pensiero.",御自分の思想に醉はされると同じやうに、私にも醉はされて可いんだ。,MISSING,醉はされて,MISSING,Giorgio,MISSING,NULL,MISSING,nsubj,leftover_target,
924,one-to-one,dn_984,isk_1240,"Egli può inebriarsi di me, come d'un suo pensiero.",御自分の思想に醉はされると同じやうに、私にも醉はされて可いんだ。,me,私,Ippolita,Ippolita,PRON,PRON,obj,obj,explicit_full,
925,one-to-one,dn_985,isk_1241,"Io gli appartengo tutta quanta, ora e sempre.",悉皆私は那の方の所有だ―何時まで經つても。,gli,那の方,Giorgio,Giorgio,PRON,NOUN,obj,nmod,explicit_ref_only,
925,one-to-one,dn_985,isk_1241,"Io gli appartengo tutta quanta, ora e sempre.",悉皆私は那の方の所有だ―何時まで經つても。,Io,私,Ippolita,Ippolita,PRON,PRON,nsubj,nsubj,explicit_full,
926,one-to-one,dn_986,isk_1242,"Ella gli chiese, stringendosi forte a lui, appassionatamente:",情を帶びて强く自分の體を男に押附けた。,gli,男,Giorgio,Giorgio,PRON,NOUN,obj,obj,explicit_ref_case,
926,one-to-one,dn_986,isk_1242,"Ella gli chiese, stringendosi forte a lui, appassionatamente:",情を帶びて强く自分の體を男に押附けた。,lui,MISSING,Giorgio,MISSING,PRON,MISSING,obj,MISSING,leftover_source,
926,one-to-one,dn_986,isk_1242,"Ella gli chiese, stringendosi forte a lui, appassionatamente:",情を帶びて强く自分の體を男に押附けた。,Ella,自分,Ippolita,Ippolita,PRON,PRON,nsubj,nmod,explicit_ref_pos,
926,one-to-one,dn_986,isk_1242,"Ella gli chiese, stringendosi forte a lui, appassionatamente:",情を帶びて强く自分の體を男に押附けた。,si,MISSING,Ippolita,MISSING,PRON-REFLEX,MISSING,obj,MISSING,leftover_source,
926,one-to-one,dn_986,isk_1242,"Ella gli chiese, stringendosi forte a lui, appassionatamente:",情を帶びて强く自分の體を男に押附けた。,MISSING,帶びて,MISSING,Ippolita,MISSING,NULL,MISSING,nsubj,leftover_target,
926,one-to-one,dn_986,isk_1242,"Ella gli chiese, stringendosi forte a lui, appassionatamente:",情を帶びて强く自分の體を男に押附けた。,MISSING,押附けた,MISSING,Ippolita,MISSING,NULL,MISSING,nsubj,leftover_target,
927,one-to-one,dn_987,isk_1243,Non sei felice?,貴郞嬉しくはなくつて？,Non sei,貴郞,Giorgio,Giorgio,NULL,PRON,nsubj,nsubj,zero_to_tgt_anchor,
928,one-to-many,dn_988,isk_1244 isk_1245,"Turbato dal suono di quella domanda, investito come da un soffio caldo improvviso, egli ebbe un brivido vero di felicità.",其の調子は男を動かした。 彼は端なく生暖い氣息で包まれたやうに、眞の幸福の身震ひを覺えた。,egli,彼,Giorgio,Giorgio,PRON,PRON,nsubj,nsubj,explicit_full,
928,one-to-many,dn_988,isk_1244 isk_1245,"Turbato dal suono di quella domanda, investito come da un soffio caldo improvviso, egli ebbe un brivido vero di felicità.",其の調子は男を動かした。 彼は端なく生暖い氣息で包まれたやうに、眞の幸福の身震ひを覺えた。,MISSING,男,MISSING,Giorgio,MISSING,NOUN,MISSING,obj,leftover_target,
928,one-to-many,dn_988,isk_1244 isk_1245,"Turbato dal suono di quella domanda, investito come da un soffio caldo improvviso, egli ebbe un brivido vero di felicità.",其の調子は男を動かした。 彼は端なく生暖い氣息で包まれたやうに、眞の幸福の身震ひを覺えた。,MISSING,包まれたやうに,MISSING,Giorgio,MISSING,NULL,MISSING,nsubj,leftover_target,
929,one-to-one,dn_989,isk_1247,Rispose:,斯う答へた。,Rispose,答へた,Giorgio,Giorgio,NULL,NULL,nsubj,nsubj,zero_zero_single,
930,one-to-one,dn_990,isk_1246,Tanto felice!,嬉しいさ。,MISSING,嬉しい,MISSING,Giorgio,MISSING,NULL,MISSING,nsubj,leftover_target,
931,one-to-one,dn_991,isk_1248,"E udirono, con un palpito concorde, il fischio del vapore.",汽笛が聞えた時は、二つの心臟が同じやうに鼓動した。,udirono,二つの心臟,Giorgio Ippolita,Giorgio Ippolita,NULL,NOUN,nsubj,nsubj,zero_to_tgt_anchor,
932,one-to-many,dn_992,isk_1249 isk_1250 isk_1251 isk_1252 isk_1253,"Nello scompartimento si trovarono soli; chiusero tutti i vetri; aspettarono che il treno si movesse; si abbracciarono, si baciarono, si ripeterono tutti i nomi carezzevoli che la loro tenerezza in due anni aveva usati.",希望通り乘合の一人もない車室に有り附いた。 二人して一つ一つ窓を閉切つて了つた。 車の動き出すのが待兼ねられた。 互ひに腕を交した。 そして二年同の優しい心に言習はした、種々の甘い呼び名を繰返した。,loro,二人,Giorgio Ippolita,Giorgio Ippolita,DET,NOUN,nmod,obj,explicit_ref_only,
932,one-to-many,dn_992,isk_1249 isk_1250 isk_1251 isk_1252 isk_1253,"Nello scompartimento si trovarono soli; chiusero tutti i vetri; aspettarono che il treno si movesse; si abbracciarono, si baciarono, si ripeterono tutti i nomi carezzevoli che la loro tenerezza in due anni aveva usati.",希望通り乘合の一人もない車室に有り附いた。 二人して一つ一つ窓を閉切つて了つた。 車の動き出すのが待兼ねられた。 互ひに腕を交した。 そして二年同の優しい心に言習はした、種々の甘い呼び名を繰返した。,trovarono,有り附いた,Giorgio Ippolita,Giorgio Ippolita,NULL,NULL,nsubj,nsubj,zero_zero_semantic,0.43119257056068416
932,one-to-many,dn_992,isk_1249 isk_1250 isk_1251 isk_1252 isk_1253,"Nello scompartimento si trovarono soli; chiusero tutti i vetri; aspettarono che il treno si movesse; si abbracciarono, si baciarono, si ripeterono tutti i nomi carezzevoli che la loro tenerezza in due anni aveva usati.",希望通り乘合の一人もない車室に有り附いた。 二人して一つ一つ窓を閉切つて了つた。 車の動き出すのが待兼ねられた。 互ひに腕を交した。 そして二年同の優しい心に言習はした、種々の甘い呼び名を繰返した。,chiusero,閉切つて了つた,Giorgio Ippolita,Giorgio Ippolita,NULL,NULL,nsubj,nsubj,zero_zero_semantic,0.4020067097792759
932,one-to-many,dn_992,isk_1249 isk_1250 isk_1251 isk_1252 isk_1253,"Nello scompartimento si trovarono soli; chiusero tutti i vetri; aspettarono che il treno si movesse; si abbracciarono, si baciarono, si ripeterono tutti i nomi carezzevoli che la loro tenerezza in due anni aveva usati.",希望通り乘合の一人もない車室に有り附いた。 二人して一つ一つ窓を閉切つて了つた。 車の動き出すのが待兼ねられた。 互ひに腕を交した。 そして二年同の優しい心に言習はした、種々の甘い呼び名を繰返した。,aspettarono,待兼ねられた,Giorgio Ippolita,Giorgio Ippolita,NULL,NULL,nsubj,nsubj,zero_zero_semantic,0.3883631799530143
932,one-to-many,dn_992,isk_1249 isk_1250 isk_1251 isk_1252 isk_1253,"Nello scompartimento si trovarono soli; chiusero tutti i vetri; aspettarono che il treno si movesse; si abbracciarono, si baciarono, si ripeterono tutti i nomi carezzevoli che la loro tenerezza in due anni aveva usati.",希望通り乘合の一人もない車室に有り附いた。 二人して一つ一つ窓を閉切つて了つた。 車の動き出すのが待兼ねられた。 互ひに腕を交した。 そして二年同の優しい心に言習はした、種々の甘い呼び名を繰返した。,abbracciarono,交した,Giorgio Ippolita,Giorgio Ippolita,NULL,NULL,nsubj,nsubj,zero_zero_semantic,0.379983638819147
932,one-to-many,dn_992,isk_1249 isk_1250 isk_1251 isk_1252 isk_1253,"Nello scompartimento si trovarono soli; chiusero tutti i vetri; aspettarono che il treno si movesse; si abbracciarono, si baciarono, si ripeterono tutti i nomi carezzevoli che la loro tenerezza in due anni aveva usati.",希望通り乘合の一人もない車室に有り附いた。 二人して一つ一つ窓を閉切つて了つた。 車の動き出すのが待兼ねられた。 互ひに腕を交した。 そして二年同の優しい心に言習はした、種々の甘い呼び名を繰返した。,baciarono,言習はした,Giorgio Ippolita,Giorgio Ippolita,NULL,NULL,nsubj,nsubj,zero_zero_semantic,0.5839410226257857
932,one-to-many,dn_992,isk_1249 isk_1250 isk_1251 isk_1252 isk_1253,"Nello scompartimento si trovarono soli; chiusero tutti i vetri; aspettarono che il treno si movesse; si abbracciarono, si baciarono, si ripeterono tutti i nomi carezzevoli che la loro tenerezza in due anni aveva usati.",希望通り乘合の一人もない車室に有り附いた。 二人して一つ一つ窓を閉切つて了つた。 車の動き出すのが待兼ねられた。 互ひに腕を交した。 そして二年同の優しい心に言習はした、種々の甘い呼び名を繰返した。,ripeterono,繰返した,Giorgio Ippolita,Giorgio Ippolita,NULL,NULL,nsubj,nsubj,zero_zero_semantic,0.3562754434211884
932,one-to-many,dn_992,isk_1249 isk_1250 isk_1251 isk_1252 isk_1253,"Nello scompartimento si trovarono soli; chiusero tutti i vetri; aspettarono che il treno si movesse; si abbracciarono, si baciarono, si ripeterono tutti i nomi carezzevoli che la loro tenerezza in due anni aveva usati.",希望通り乘合の一人もない車室に有り附いた。 二人して一つ一つ窓を閉切つて了つた。 車の動き出すのが待兼ねられた。 互ひに腕を交した。 そして二年同の優しい心に言習はした、種々の甘い呼び名を繰返した。,si,互ひ,Giorgio Ippolita,Giorgio Ippolita,PRON-REFLEX,NOUN,obj,obj,reflex_obj,
932,one-to-many,dn_992,isk_1249 isk_1250 isk_1251 isk_1252 isk_1253,"Nello scompartimento si trovarono soli; chiusero tutti i vetri; aspettarono che il treno si movesse; si abbracciarono, si baciarono, si ripeterono tutti i nomi carezzevoli che la loro tenerezza in due anni aveva usati.",希望通り乘合の一人もない車室に有り附いた。 二人して一つ一つ窓を閉切つて了つた。 車の動き出すのが待兼ねられた。 互ひに腕を交した。 そして二年同の優しい心に言習はした、種々の甘い呼び名を繰返した。,si,MISSING,Giorgio Ippolita,MISSING,PRON-REFLEX,MISSING,obj,MISSING,leftover_source,
932,one-to-many,dn_992,isk_1249 isk_1250 isk_1251 isk_1252 isk_1253,"Nello scompartimento si trovarono soli; chiusero tutti i vetri; aspettarono che il treno si movesse; si abbracciarono, si baciarono, si ripeterono tutti i nomi carezzevoli che la loro tenerezza in due anni aveva usati.",希望通り乘合の一人もない車室に有り附いた。 二人して一つ一つ窓を閉切つて了つた。 車の動き出すのが待兼ねられた。 互ひに腕を交した。 そして二年同の優しい心に言習はした、種々の甘い呼び名を繰返した。,si,MISSING,Giorgio Ippolita,MISSING,PRON-REFLEX,MISSING,obj,MISSING,leftover_source,
932,one-to-many,dn_992,isk_1249 isk_1250 isk_1251 isk_1252 isk_1253,"Nello scompartimento si trovarono soli; chiusero tutti i vetri; aspettarono che il treno si movesse; si abbracciarono, si baciarono, si ripeterono tutti i nomi carezzevoli che la loro tenerezza in due anni aveva usati.",希望通り乘合の一人もない車室に有り附いた。 二人して一つ一つ窓を閉切つて了つた。 車の動き出すのが待兼ねられた。 互ひに腕を交した。 そして二年同の優しい心に言習はした、種々の甘い呼び名を繰返した。,si,MISSING,Giorgio Ippolita,MISSING,PRON-REFLEX,MISSING,obj,MISSING,leftover_source,
933,one-to-many,dn_993,isk_1254 isk_1255,"Poi rimasero seduti l'uno accanto all'altra, con un sorriso vago su le labbra e negli occhi, sentendo il moto rapido del loro sangue a poco a poco rallentare.",それから靜かに竝んで坐つて、口と眼に何とない微笑を作つた。 迅い血らの循環が、次第次第に鎭まつて行くやうな感じがした。,l'uno,MISSING,Giorgio,MISSING,PRON,MISSING,obj,MISSING,leftover_source,
933,one-to-many,dn_993,isk_1254 isk_1255,"Poi rimasero seduti l'uno accanto all'altra, con un sorriso vago su le labbra e negli occhi, sentendo il moto rapido del loro sangue a poco a poco rallentare.",それから靜かに竝んで坐つて、口と眼に何とない微笑を作つた。 迅い血らの循環が、次第次第に鎭まつて行くやうな感じがした。,rimasero seduti,作つた,Giorgio Ippolita,Giorgio Ippolita,NULL,NULL,nsubj,nsubj,zero_zero_semantic,0.4783474130564931
933,one-to-many,dn_993,isk_1254 isk_1255,"Poi rimasero seduti l'uno accanto all'altra, con un sorriso vago su le labbra e negli occhi, sentendo il moto rapido del loro sangue a poco a poco rallentare.",それから靜かに竝んで坐つて、口と眼に何とない微笑を作つた。 迅い血らの循環が、次第次第に鎭まつて行くやうな感じがした。,loro,MISSING,Giorgio Ippolita,MISSING,DET,MISSING,nmod,MISSING,leftover_source,
933,one-to-many,dn_993,isk_1254 isk_1255,"Poi rimasero seduti l'uno accanto all'altra, con un sorriso vago su le labbra e negli occhi, sentendo il moto rapido del loro sangue a poco a poco rallentare.",それから靜かに竝んで坐つて、口と眼に何とない微笑を作つた。 迅い血らの循環が、次第次第に鎭まつて行くやうな感じがした。,MISSING,竝んで坐つて,MISSING,Giorgio Ippolita,MISSING,NULL,MISSING,nsubj,leftover_target,
933,one-to-many,dn_993,isk_1254 isk_1255,"Poi rimasero seduti l'uno accanto all'altra, con un sorriso vago su le labbra e negli occhi, sentendo il moto rapido del loro sangue a poco a poco rallentare.",それから靜かに竝んで坐つて、口と眼に何とない微笑を作つた。 迅い血らの循環が、次第次第に鎭まつて行くやうな感じがした。,MISSING,鎭まつて行くやうな,MISSING,Giorgio Ippolita,MISSING,NULL,MISSING,nsubj,leftover_target,
933,one-to-many,dn_993,isk_1254 isk_1255,"Poi rimasero seduti l'uno accanto all'altra, con un sorriso vago su le labbra e negli occhi, sentendo il moto rapido del loro sangue a poco a poco rallentare.",それから靜かに竝んで坐つて、口と眼に何とない微笑を作つた。 迅い血らの循環が、次第次第に鎭まつて行くやうな感じがした。,MISSING,感じがした,MISSING,Giorgio Ippolita,MISSING,NULL,MISSING,nsubj,leftover_target,
933,one-to-many,dn_993,isk_1254 isk_1255,"Poi rimasero seduti l'uno accanto all'altra, con un sorriso vago su le labbra e negli occhi, sentendo il moto rapido del loro sangue a poco a poco rallentare.",それから靜かに竝んで坐つて、口と眼に何とない微笑を作つた。 迅い血らの循環が、次第次第に鎭まつて行くやうな感じがした。,altra,MISSING,Ippolita,MISSING,PRON,MISSING,obj,MISSING,leftover_source,
934,many-to-one,dn_994 dn_995,isk_1256,Guardarono a traverso i vetri fuggire un paesaggio monotono in una nebbietta appena appena colorita di viola. Disse Ippolita:,窓の外には、單調な田舎の光景が衝と眞前に來たと思ふと、旋てヸオレット色の霧の中へ消込んだ。,Guardarono,MISSING,Giorgio Ippolita,MISSING,NULL,MISSING,nsubj,MISSING,leftover_source,
934,many-to-one,dn_994 dn_995,isk_1256,Guardarono a traverso i vetri fuggire un paesaggio monotono in una nebbietta appena appena colorita di viola. Disse Ippolita:,窓の外には、單調な田舎の光景が衝と眞前に來たと思ふと、旋てヸオレット色の霧の中へ消込んだ。,Disse,MISSING,Ippolita,MISSING,NULL,MISSING,nsubj,MISSING,leftover_source,
934,many-to-one,dn_994 dn_995,isk_1256,Guardarono a traverso i vetri fuggire un paesaggio monotono in una nebbietta appena appena colorita di viola. Disse Ippolita:,窓の外には、單調な田舎の光景が衝と眞前に來たと思ふと、旋てヸオレット色の霧の中へ消込んだ。,Ippolita,MISSING,Ippolita,MISSING,PROPN,MISSING,nsubj,MISSING,leftover_source,
935,one-to-one,dn_996,isk_1257,"Metti la testa qui, su le mie ginocchia, e distenditi.",此膝へお頭を載つけて、橫にでもおなんなさいな。,Metti,載つけて,Giorgio,Giorgio,NULL,NULL,nsubj,nsubj,zero_zero_semantic,0.13453468712775604
935,one-to-one,dn_996,isk_1257,"Metti la testa qui, su le mie ginocchia, e distenditi.",此膝へお頭を載つけて、橫にでもおなんなさいな。,distendi,おなんなさい,Giorgio,Giorgio,NULL,NULL,nsubj,nsubj,zero_zero_semantic,0.3451006587912687
935,one-to-one,dn_996,isk_1257,"Metti la testa qui, su le mie ginocchia, e distenditi.",此膝へお頭を載つけて、橫にでもおなんなさいな。,ti,MISSING,Giorgio,MISSING,PRON-REFLEX,MISSING,obj,MISSING,leftover_source,
935,one-to-one,dn_996,isk_1257,"Metti la testa qui, su le mie ginocchia, e distenditi.",此膝へお頭を載つけて、橫にでもおなんなさいな。,mie,此,Ippolita,Ippolita,DET,DET,nmod,nsubj,explicit_ref_pos,
936,one-to-one,dn_997,isk_1258,Giorgio mise la testa su le ginocchia di lei; si distese.,彼は言ふ儘になつた。,Giorgio,彼,Giorgio,Giorgio,PROPN,PRON,nsubj,nsubj,explicit_ref_case,
936,one-to-one,dn_997,isk_1258,Giorgio mise la testa su le ginocchia di lei; si distese.,彼は言ふ儘になつた。,si,MISSING,Giorgio,MISSING,PRON-REFLEX,MISSING,obj,MISSING,leftover_source,
936,one-to-one,dn_997,isk_1258,Giorgio mise la testa su le ginocchia di lei; si distese.,彼は言ふ儘になつた。,distese,MISSING,Giorgio,MISSING,NULL,MISSING,nsubj,MISSING,leftover_source,
936,one-to-one,dn_997,isk_1258,Giorgio mise la testa su le ginocchia di lei; si distese.,彼は言ふ儘になつた。,lei,MISSING,Ippolita,MISSING,PRON,MISSING,obj,MISSING,leftover_source,
937,one-to-one,dn_998,isk_1259,Ella disse:,女は、,Ella,女,Ippolita,Ippolita,PRON,NOUN,nsubj,nsubj,explicit_ref_case,
938,one-to-one,dn_999,isk_1260,Il vento ti ha un po'sciupate le labbra.,風で、こら、這麼にお髭がごしやごしやに。,ti,MISSING,Giorgio,MISSING,PRON,MISSING,obj,MISSING,leftover_source,
939,one-to-one,dn_1000,isk_1261,E con le dita gli tolse di su la bocca alcuni fili dei baffi leggeri.,と言つて、指尖で男の口に掩冠さつた毛を搔分けた。,gli,男,Giorgio,Giorgio,PRON,NOUN,obj,nmod,explicit_ref_only,
939,one-to-one,dn_1000,isk_1261,E con le dita gli tolse di su la bocca alcuni fili dei baffi leggeri.,と言つて、指尖で男の口に掩冠さつた毛を搔分けた。,tolse,搔分けた,Ippolita,Ippolita,NULL,NULL,nsubj,nsubj,zero_zero_semantic,0.3831452103196711
939,one-to-one,dn_1000,isk_1261,E con le dita gli tolse di su la bocca alcuni fili dei baffi leggeri.,と言つて、指尖で男の口に掩冠さつた毛を搔分けた。,MISSING,言つて,MISSING,Ippolita,MISSING,NULL,MISSING,nsubj,leftover_target,
940,one-to-one,dn_1001,isk_1262,Egli le baciò le dita.,その指尖を男は吸つた。,Egli,男,Giorgio,Giorgio,PRON,NOUN,nsubj,nsubj,explicit_ref_case,
940,one-to-one,dn_1001,isk_1262,Egli le baciò le dita.,その指尖を男は吸つた。,le,MISSING,Ippolita,MISSING,PRON,MISSING,obj,MISSING,leftover_source,
941,many-to-one,dn_1002 dn_1003,isk_1263,Ella gli solcò i capelli. Disse:,女は手を男の頭髪に遣って、,gli,男,Giorgio,Giorgio,PRON,NOUN,obj,nmod,explicit_ref_only,
941,many-to-one,dn_1002 dn_1003,isk_1263,Ella gli solcò i capelli. Disse:,女は手を男の頭髪に遣って、,Ella,女,Ippolita,Ippolita,PRON,NOUN,nsubj,nsubj,explicit_ref_case,
941,many-to-one,dn_1002 dn_1003,isk_1263,Ella gli solcò i capelli. Disse:,女は手を男の頭髪に遣って、,Disse,MISSING,Ippolita,MISSING,NULL,MISSING,nsubj,MISSING,leftover_source,
942,one-to-one,dn_1004,isk_1264,Anche tu hai le ciglia molto lunghe.,貴郞も睫が大へん長くつて居らつしやるわ。,tu,貴郞,Giorgio,Giorgio,PRON,NOUN,nsubj,nsubj,explicit_ref_case,
943,one-to-one,dn_1005,isk_1265,"Gli chiuse gli occhi, per ammirarle.",睫を賞味するといふ風に、女は男の兩眼を閉ぢた。,Gli,男,Giorgio,Giorgio,PRON,NOUN,obj,nmod,explicit_ref_only,
943,one-to-one,dn_1005,isk_1265,"Gli chiuse gli occhi, per ammirarle.",睫を賞味するといふ風に、女は男の兩眼を閉ぢた。,chiuse,女,Ippolita,Ippolita,NULL,NOUN,nsubj,nsubj,zero_to_tgt_anchor,
944,one-to-many,dn_1006,isk_1266 isk_1267 isk_1268,"Poi gli accarezzò la fronte, le tempie; si fece baciare di nuovo le dita, a una a una, con la testa china verso di lui.",頬や顳顬も弄つた。 もう一度、指を一本々々脣の端へ持つて行つて吸はせた。 女の頭は、男の顏の眞上に來て居た。,gli,男,Giorgio,Giorgio,PRON,NOUN,obj,nmod,explicit_ref_only,
944,one-to-many,dn_1006,isk_1266 isk_1267 isk_1268,"Poi gli accarezzò la fronte, le tempie; si fece baciare di nuovo le dita, a una a una, con la testa china verso di lui.",頬や顳顬も弄つた。 もう一度、指を一本々々脣の端へ持つて行つて吸はせた。 女の頭は、男の顏の眞上に來て居た。,lui,MISSING,Giorgio,MISSING,PRON,MISSING,obj,MISSING,leftover_source,
944,one-to-many,dn_1006,isk_1266 isk_1267 isk_1268,"Poi gli accarezzò la fronte, le tempie; si fece baciare di nuovo le dita, a una a una, con la testa china verso di lui.",頬や顳顬も弄つた。 もう一度、指を一本々々脣の端へ持つて行つて吸はせた。 女の頭は、男の顏の眞上に來て居た。,accarezzò,弄つた,Ippolita,Ippolita,NULL,NULL,nsubj,nsubj,zero_zero_semantic,0.568892857275359
944,one-to-many,dn_1006,isk_1266 isk_1267 isk_1268,"Poi gli accarezzò la fronte, le tempie; si fece baciare di nuovo le dita, a una a una, con la testa china verso di lui.",頬や顳顬も弄つた。 もう一度、指を一本々々脣の端へ持つて行つて吸はせた。 女の頭は、男の顏の眞上に來て居た。,fece baciare,持つて行つて,Ippolita,Ippolita,NULL,NULL,nsubj,nsubj,zero_zero_semantic,0.3052868030979777
944,one-to-many,dn_1006,isk_1266 isk_1267 isk_1268,"Poi gli accarezzò la fronte, le tempie; si fece baciare di nuovo le dita, a una a una, con la testa china verso di lui.",頬や顳顬も弄つた。 もう一度、指を一本々々脣の端へ持つて行つて吸はせた。 女の頭は、男の顏の眞上に來て居た。,si,MISSING,Ippolita,MISSING,PRON-REFLEX,MISSING,obj,MISSING,leftover_source,
944,one-to-many,dn_1006,isk_1266 isk_1267 isk_1268,"Poi gli accarezzò la fronte, le tempie; si fece baciare di nuovo le dita, a una a una, con la testa china verso di lui.",頬や顳顬も弄つた。 もう一度、指を一本々々脣の端へ持つて行つて吸はせた。 女の頭は、男の顏の眞上に來て居た。,MISSING,吸はせた,MISSING,Ippolita,MISSING,NULL,MISSING,nsubj,leftover_target,
944,one-to-many,dn_1006,isk_1266 isk_1267 isk_1268,"Poi gli accarezzò la fronte, le tempie; si fece baciare di nuovo le dita, a una a una, con la testa china verso di lui.",頬や顳顬も弄つた。 もう一度、指を一本々々脣の端へ持つて行つて吸はせた。 女の頭は、男の顏の眞上に來て居た。,MISSING,女,MISSING,Ippolita,MISSING,NOUN,MISSING,nmod,leftover_target,
945,many-to-one,dn_1007 dn_1008,isk_1269,"Ed egli, dal basso, vedeva la bocca di lei aprirsi con infinita lentezza e dal fondo sorgere il calice niveo dei denti. Ella la richiudeva:",下から瞻上げると、女の脣はごく毫しづつ、じりじりと開いて行つて、そこから雪の樣な齒が露れて來た。,egli,瞻上げると,Giorgio,Giorgio,PRON,NULL,nsubj,nsubj,zero_to_src_anchor,
945,many-to-one,dn_1007 dn_1008,isk_1269,"Ed egli, dal basso, vedeva la bocca di lei aprirsi con infinita lentezza e dal fondo sorgere il calice niveo dei denti. Ella la richiudeva:",下から瞻上げると、女の脣はごく毫しづつ、じりじりと開いて行つて、そこから雪の樣な齒が露れて來た。,lei,女,Ippolita,Ippolita,PRON,NOUN,nmod,nmod,explicit_ref_case,
945,many-to-one,dn_1007 dn_1008,isk_1269,"Ed egli, dal basso, vedeva la bocca di lei aprirsi con infinita lentezza e dal fondo sorgere il calice niveo dei denti. Ella la richiudeva:",下から瞻上げると、女の脣はごく毫しづつ、じりじりと開いて行つて、そこから雪の樣な齒が露れて來た。,Ella,MISSING,Ippolita,MISSING,PRON,MISSING,nsubj,MISSING,leftover_source,
945,many-to-one,dn_1007 dn_1008,isk_1269,"Ed egli, dal basso, vedeva la bocca di lei aprirsi con infinita lentezza e dal fondo sorgere il calice niveo dei denti. Ella la richiudeva:",下から瞻上げると、女の脣はごく毫しづつ、じりじりと開いて行つて、そこから雪の樣な齒が露れて來た。,richiudeva,MISSING,Ippolita,MISSING,NULL,MISSING,nsubj,MISSING,leftover_source,
947,one-to-many,dn_1010,isk_1271 isk_1272,"Ambedue, in quella blandizia, languivano; felici, obliosi.",斯うした笑戯の中に、二人は骨身の解弛れるやうな氣分になつた。 何事も打忘れて幸福を感じた。,Ambedue,二人,Giorgio Ippolita,Giorgio Ippolita,PRON,NOUN,nsubj,nsubj,explicit_ref_case,
947,one-to-many,dn_1010,isk_1271 isk_1272,"Ambedue, in quella blandizia, languivano; felici, obliosi.",斯うした笑戯の中に、二人は骨身の解弛れるやうな氣分になつた。 何事も打忘れて幸福を感じた。,MISSING,打忘れて,MISSING,Giorgio Ippolita,MISSING,NULL,MISSING,nsubj,leftover_target,
947,one-to-many,dn_1010,isk_1271 isk_1272,"Ambedue, in quella blandizia, languivano; felici, obliosi.",斯うした笑戯の中に、二人は骨身の解弛れるやうな氣分になつた。 何事も打忘れて幸福を感じた。,MISSING,感じた,MISSING,Giorgio Ippolita,MISSING,NULL,MISSING,nsubj,leftover_target,
948,one-to-one,dn_1011,isk_1273,Il romore monotono li cullava.,彼等は列車の單調な動搖に慰された。,li,彼等,Giorgio Ippolita,Giorgio Ippolita,PRON,PRON,obj,nsubj,explicit_ref_pos,
949,one-to-one,dn_1012,isk_1274,"Si scambiarono, piano, parole di adorazione.",低い聲音で憧憬の言葉が交はされた。,Si,MISSING,Giorgio Ippolita,MISSING,PRON-REFLEX,MISSING,obj,MISSING,leftover_source,
949,one-to-one,dn_1012,isk_1274,"Si scambiarono, piano, parole di adorazione.",低い聲音で憧憬の言葉が交はされた。,scambiarono,MISSING,Giorgio Ippolita,MISSING,NULL,MISSING,nsubj,MISSING,leftover_source,
950,one-to-one,dn_1013,isk_1275,"Ella disse, sorridendo:",嬉しさうに女が、,Ella,女,Ippolita,Ippolita,PRON,NOUN,nsubj,nsubj,explicit_ref_case,
951,one-to-many,dn_1014,isk_1276 isk_1277,"Questo è il primo viaggio che facciamo insieme; e questa è la prima volta che ci troviamo soli, in treno.",二人連の旅行は初めてね。 二人限の車室といふのもこれが初めね。,facciamo,MISSING,Giorgio Ippolita,MISSING,NULL,MISSING,nsubj,MISSING,leftover_source,
951,one-to-many,dn_1014,isk_1276 isk_1277,"Questo è il primo viaggio che facciamo insieme; e questa è la prima volta che ci troviamo soli, in treno.",二人連の旅行は初めてね。 二人限の車室といふのもこれが初めね。,ci,MISSING,Giorgio Ippolita,MISSING,PRON-REFLEX,MISSING,obj,MISSING,leftover_source,
951,one-to-many,dn_1014,isk_1276 isk_1277,"Questo è il primo viaggio che facciamo insieme; e questa è la prima volta che ci troviamo soli, in treno.",二人連の旅行は初めてね。 二人限の車室といふのもこれが初めね。,troviamo,MISSING,Giorgio Ippolita,MISSING,NULL,MISSING,nsubj,MISSING,leftover_source,
951,one-to-many,dn_1014,isk_1276 isk_1277,"Questo è il primo viaggio che facciamo insieme; e questa è la prima volta che ci troviamo soli, in treno.",二人連の旅行は初めてね。 二人限の車室といふのもこれが初めね。,MISSING,二人連,MISSING,Giorgio Ippolita,MISSING,NOUN,MISSING,nmod,leftover_target,
951,one-to-many,dn_1014,isk_1276 isk_1277,"Questo è il primo viaggio che facciamo insieme; e questa è la prima volta che ci troviamo soli, in treno.",二人連の旅行は初めてね。 二人限の車室といふのもこれが初めね。,MISSING,二人限,MISSING,Giorgio Ippolita,MISSING,NOUN,MISSING,nmod,leftover_target,
952,one-to-one,dn_1015,isk_1278,Ella si compiaceva di confermare che facevano una cosa nuova.,二人には新らしい經驗だといふことを、彼女は繰返して悅んだ。,facevano,MISSING,Giorgio Ippolita,MISSING,NULL,MISSING,nsubj,MISSING,leftover_source,
952,one-to-one,dn_1015,isk_1278,Ella si compiaceva di confermare che facevano una cosa nuova.,二人には新らしい經驗だといふことを、彼女は繰返して悅んだ。,MISSING,二人,MISSING,Giorgio Ippolita,MISSING,NOUN,MISSING,obj,leftover_target,
952,one-to-one,dn_1015,isk_1278,Ella si compiaceva di confermare che facevano una cosa nuova.,二人には新らしい經驗だといふことを、彼女は繰返して悅んだ。,Ella,彼女,Ippolita,Ippolita,PRON,PRON,nsubj,nsubj,explicit_full,
952,one-to-one,dn_1015,isk_1278,Ella si compiaceva di confermare che facevano una cosa nuova.,二人には新らしい經驗だといふことを、彼女は繰返して悅んだ。,si,MISSING,Ippolita,MISSING,PRON,MISSING,obj,MISSING,leftover_source,
952,one-to-one,dn_1015,isk_1278,Ella si compiaceva di confermare che facevano una cosa nuova.,二人には新らしい經驗だといふことを、彼女は繰返して悅んだ。,MISSING,繰返して,MISSING,Ippolita,MISSING,NULL,MISSING,nsubj,leftover_target,
953,one-to-many,dn_1022,isk_1279 isk_1280,"Di nuovo, ella vide un albergo silenzioso, una stanza con suppellettili antiquate, con un gran letto coperto d'un zanzariere bianco.",又としても閑靜な宿屋が彼女の心の眼に浮んだ。 ―古風な部屋―白い蚊帳の中の大きな寢臺。,ella,彼女,Ippolita,Ippolita,PRON,PRON,nsubj,nmod,explicit_ref_pos,
955,one-to-one,dn_1024,isk_1282,"disse, per distrarre l'Ippolita.",男の氣を紛らす積りで、,MISSING,男,MISSING,Giorgio,MISSING,NOUN,MISSING,nmod,leftover_target,
955,one-to-one,dn_1024,isk_1282,"disse, per distrarre l'Ippolita.",男の氣を紛らす積りで、,disse,紛らす,Ippolita,Ippolita,NULL,NULL,nsubj,nsubj,zero_zero_single,
955,one-to-one,dn_1024,isk_1282,"disse, per distrarre l'Ippolita.",男の氣を紛らす積りで、,l'Ippolita,MISSING,Ippolita,MISSING,PROPN,MISSING,nsubj,MISSING,leftover_source,
956,one-to-one,dn_1025,isk_1284,"Come staremo bene, soli soli, in un albergo deserto!",伽藍とした宿屋にたつた二人限つて、酒落てるわね。,staremo,MISSING,Giorgio Ippolita,MISSING,NULL,MISSING,nsubj,MISSING,leftover_source,
956,one-to-one,dn_1025,isk_1284,"Come staremo bene, soli soli, in un albergo deserto!",伽藍とした宿屋にたつた二人限つて、酒落てるわね。,MISSING,二人限,MISSING,Giorgio Ippolita,MISSING,NOUN,MISSING,obj,leftover_target,
957,one-to-one,dn_1026,isk_1285,Ci prenderanno per due sposi novelli.,みんな新夫婦だと思ひますよ。,Ci,MISSING,Giorgio Ippolita,MISSING,PRON,MISSING,obj,MISSING,leftover_source,
957,one-to-one,dn_1026,isk_1285,Ci prenderanno per due sposi novelli.,みんな新夫婦だと思ひますよ。,prenderanno,MISSING,UNKNOWN,MISSING,NULL,MISSING,nsubj,MISSING,leftover_source,
958,one-to-one,dn_1027,isk_1286,"Si raccolse nel suo mantello, rabbrividendo; si piegò contro la spalla di Giorgio.",竦と寒氣がしたと思つたら、外套を引被つて、男の肩へ靠れ掛つた。,Giorgio,男,Giorgio,Giorgio,PROPN,NOUN,nmod,nmod,explicit_ref_case,
958,one-to-one,dn_1027,isk_1286,"Si raccolse nel suo mantello, rabbrividendo; si piegò contro la spalla di Giorgio.",竦と寒氣がしたと思つたら、外套を引被つて、男の肩へ靠れ掛つた。,raccolse,引被つて,Ippolita,Ippolita,NULL,NULL,nsubj,nsubj,zero_zero_semantic,0.25878147537036733
958,one-to-one,dn_1027,isk_1286,"Si raccolse nel suo mantello, rabbrividendo; si piegò contro la spalla di Giorgio.",竦と寒氣がしたと思つたら、外套を引被つて、男の肩へ靠れ掛つた。,piegò,靠れ掛つた,Ippolita,Ippolita,NULL,NULL,nsubj,nsubj,zero_zero_semantic,0.220617648492546
958,one-to-one,dn_1027,isk_1286,"Si raccolse nel suo mantello, rabbrividendo; si piegò contro la spalla di Giorgio.",竦と寒氣がしたと思つたら、外套を引被つて、男の肩へ靠れ掛つた。,Si,MISSING,Ippolita,MISSING,PRON-REFLEX,MISSING,obj,MISSING,leftover_source,
958,one-to-one,dn_1027,isk_1286,"Si raccolse nel suo mantello, rabbrividendo; si piegò contro la spalla di Giorgio.",竦と寒氣がしたと思つたら、外套を引被つて、男の肩へ靠れ掛つた。,si,MISSING,Ippolita,MISSING,PRON-REFLEX,MISSING,obj,MISSING,leftover_source,
958,one-to-one,dn_1027,isk_1286,"Si raccolse nel suo mantello, rabbrividendo; si piegò contro la spalla di Giorgio.",竦と寒氣がしたと思つたら、外套を引被つて、男の肩へ靠れ掛つた。,MISSING,思つたら,MISSING,Ippolita,MISSING,NULL,MISSING,nsubj,leftover_target,
960,many-to-one,dn_1029 dn_1030 dn_1031,isk_1288,"Appena giunti, accenderemo un gran fuoco e prenderemo una tazza di tè. Provarono ambedue un acuto piacere ad imaginare la prossima delizia. Parlavano sottovoce, comunicandosi il calore del sangue e delle promesse.",著いたらどんどん火を燃して熱いお茶を戴くことよ。,accenderemo,燃して,Giorgio Ippolita,Giorgio Ippolita,NULL,NULL,nsubj,nsubj,zero_zero_semantic,0.15837964107169172
960,many-to-one,dn_1029 dn_1030 dn_1031,isk_1288,"Appena giunti, accenderemo un gran fuoco e prenderemo una tazza di tè. Provarono ambedue un acuto piacere ad imaginare la prossima delizia. Parlavano sottovoce, comunicandosi il calore del sangue e delle promesse.",著いたらどんどん火を燃して熱いお茶を戴くことよ。,prenderemo,戴く,Giorgio Ippolita,Giorgio Ippolita,NULL,NULL,nsubj,nsubj,zero_zero_semantic,0.23254916446186355
960,many-to-one,dn_1029 dn_1030 dn_1031,isk_1288,"Appena giunti, accenderemo un gran fuoco e prenderemo una tazza di tè. Provarono ambedue un acuto piacere ad imaginare la prossima delizia. Parlavano sottovoce, comunicandosi il calore del sangue e delle promesse.",著いたらどんどん火を燃して熱いお茶を戴くことよ。,Provarono,著いたら,Giorgio Ippolita,Giorgio Ippolita,NULL,NULL,nsubj,nsubj,zero_zero_semantic,0.604910306950316
960,many-to-one,dn_1029 dn_1030 dn_1031,isk_1288,"Appena giunti, accenderemo un gran fuoco e prenderemo una tazza di tè. Provarono ambedue un acuto piacere ad imaginare la prossima delizia. Parlavano sottovoce, comunicandosi il calore del sangue e delle promesse.",著いたらどんどん火を燃して熱いお茶を戴くことよ。,ambedue,MISSING,Giorgio Ippolita,MISSING,PRON,MISSING,nsubj,MISSING,leftover_source,
960,many-to-one,dn_1029 dn_1030 dn_1031,isk_1288,"Appena giunti, accenderemo un gran fuoco e prenderemo una tazza di tè. Provarono ambedue un acuto piacere ad imaginare la prossima delizia. Parlavano sottovoce, comunicandosi il calore del sangue e delle promesse.",著いたらどんどん火を燃して熱いお茶を戴くことよ。,Parlavano,MISSING,Giorgio Ippolita,MISSING,NULL,MISSING,nsubj,MISSING,leftover_source,
960,many-to-one,dn_1029 dn_1030 dn_1031,isk_1288,"Appena giunti, accenderemo un gran fuoco e prenderemo una tazza di tè. Provarono ambedue un acuto piacere ad imaginare la prossima delizia. Parlavano sottovoce, comunicandosi il calore del sangue e delle promesse.",著いたらどんどん火を燃して熱いお茶を戴くことよ。,si,MISSING,Giorgio Ippolita,MISSING,PRON-REFLEX,MISSING,obj,MISSING,leftover_source,
961,one-to-one,dn_1043,isk_1289,Appoggiò il capo alla spalliera e guardò il vasto paesaggio monotono allontanarsi nell'ombra.,イッポリイタは頭を腰掛の倚靠に支持つて、黑闇に消えて行く、廣々とした單調な田圃の方へ眼を遣つて居た。,guardò,遣つて居た,Ippolita,Ippolita,NULL,NULL,nsubj,nsubj,zero_zero_semantic,0.40285115115745096
961,one-to-one,dn_1043,isk_1289,Appoggiò il capo alla spalliera e guardò il vasto paesaggio monotono allontanarsi nell'ombra.,イッポリイタは頭を腰掛の倚靠に支持つて、黑闇に消えて行く、廣々とした單調な田圃の方へ眼を遣つて居た。,Appoggiò,イッポリイタ,Ippolita,Ippolita,NULL,PROPN,nsubj,nsubj,zero_to_tgt_anchor,
962,one-to-many,dn_1044,isk_1290 isk_1291,"Ma Giorgio, accanto a lei, era caduto in balìa de' suoi pensieri perfidi.",傍ではジォルジオが、再び反逆的な安想の領分へ墜ちて行つた。 可怕しい幻像に彼は苛まれた。,Giorgio,ジォルジオ,Giorgio,Giorgio,PROPN,PROPN,nsubj,nsubj,explicit_full,
962,one-to-many,dn_1044,isk_1290 isk_1291,"Ma Giorgio, accanto a lei, era caduto in balìa de' suoi pensieri perfidi.",傍ではジォルジオが、再び反逆的な安想の領分へ墜ちて行つた。 可怕しい幻像に彼は苛まれた。,MISSING,彼,MISSING,Giorgio,MISSING,PRON,MISSING,nsubj,leftover_target,
962,one-to-many,dn_1044,isk_1290 isk_1291,"Ma Giorgio, accanto a lei, era caduto in balìa de' suoi pensieri perfidi.",傍ではジォルジオが、再び反逆的な安想の領分へ墜ちて行つた。 可怕しい幻像に彼は苛まれた。,lei,MISSING,Ippolita,MISSING,PRON,MISSING,obj,MISSING,leftover_source,
963,one-to-many,dn_1045,isk_1292 isk_1293,"Una orribile visione lo torturava; a cui egli non poteva sfuggire, perché la vedeva con gli occhi dell'anima, con quegli occhi senza palpebre, che nessuna volontà può serrare.",それと闘ふことは彼には出來なかつた。 何爲と言つて、それは意志の力で鍼ぢることの出本ない、瞳の無い、精神の眼でそれを視て居たからだ。,lo,彼,Giorgio,Giorgio,PRON,PRON,obj,obj,explicit_full,
963,one-to-many,dn_1045,isk_1292 isk_1293,"Una orribile visione lo torturava; a cui egli non poteva sfuggire, perché la vedeva con gli occhi dell'anima, con quegli occhi senza palpebre, che nessuna volontà può serrare.",それと闘ふことは彼には出來なかつた。 何爲と言つて、それは意志の力で鍼ぢることの出本ない、瞳の無い、精神の眼でそれを視て居たからだ。,vedeva,視て居た,Giorgio,Giorgio,NULL,NULL,nsubj,nsubj,zero_zero_semantic,0.17848399905058054
963,one-to-many,dn_1045,isk_1292 isk_1293,"Una orribile visione lo torturava; a cui egli non poteva sfuggire, perché la vedeva con gli occhi dell'anima, con quegli occhi senza palpebre, che nessuna volontà può serrare.",それと闘ふことは彼には出來なかつた。 何爲と言つて、それは意志の力で鍼ぢることの出本ない、瞳の無い、精神の眼でそれを視て居たからだ。,egli,言つて,Giorgio,Giorgio,PRON,NULL,nsubj,nsubj,zero_to_src_anchor,
963,one-to-many,dn_1045,isk_1292 isk_1293,"Una orribile visione lo torturava; a cui egli non poteva sfuggire, perché la vedeva con gli occhi dell'anima, con quegli occhi senza palpebre, che nessuna volontà può serrare.",それと闘ふことは彼には出來なかつた。 何爲と言つて、それは意志の力で鍼ぢることの出本ない、瞳の無い、精神の眼でそれを視て居たからだ。,la,MISSING,Ippolita,MISSING,PRON,MISSING,obj,MISSING,leftover_source,
964,one-to-one,dn_1046,isk_1294,A che pensi?,何考へて？,pensi,考へて,Giorgio,Giorgio,NULL,NULL,nsubj,nsubj,zero_zero_single,
965,one-to-one,dn_1047,isk_1295,"gli chiese Ippolita, con inquietudine.",不安さうにイッポリイタが訊く。,gli,MISSING,Giorgio,MISSING,PRON,MISSING,obj,MISSING,leftover_source,
965,one-to-one,dn_1047,isk_1295,"gli chiese Ippolita, con inquietudine.",不安さうにイッポリイタが訊く。,Ippolita,イッポリイタ,Ippolita,Ippolita,PROPN,PROPN,nsubj,nsubj,explicit_full,
966,one-to-one,dn_1048,isk_1296,A te.,お前の事さ。,te,お前,Ippolita,Ippolita,PRON,PRON,obj,nmod,explicit_ref_pos,
967,one-to-one,dn_1049,isk_1297,"Egli pensava a lei, al viaggio di nozze, all'uso comune dei novelli sposi.",彼は女の事を考へて居た―女の新婚旅行のこと―一般の新夫婦の擧動―。,Egli,彼,Giorgio,Giorgio,PRON,PRON,nsubj,nsubj,explicit_full,
967,one-to-one,dn_1049,isk_1297,"Egli pensava a lei, al viaggio di nozze, all'uso comune dei novelli sposi.",彼は女の事を考へて居た―女の新婚旅行のこと―一般の新夫婦の擧動―。,lei,女,Ippolita,Ippolita,PRON,NOUN,obj,nmod,explicit_ref_only,
967,one-to-one,dn_1049,isk_1297,"Egli pensava a lei, al viaggio di nozze, all'uso comune dei novelli sposi.",彼は女の事を考へて居た―女の新婚旅行のこと―一般の新夫婦の擧動―。,MISSING,女,MISSING,Ippolita,MISSING,NOUN,MISSING,nmod,leftover_target,
968,one-to-one,dn_1050,isk_1298,"Ella si trovò certo sola con suo marito, una volta, come ora è con me.",丁度今俺と斯うして居るやうに、自分の亭主と二人限で居たこともあつたんだ。,me,俺,Giorgio,Giorgio,PRON,PRON,obj,obj,explicit_full,
968,one-to-one,dn_1050,isk_1298,"Ella si trovò certo sola con suo marito, una volta, come ora è con me.",丁度今俺と斯うして居るやうに、自分の亭主と二人限で居たこともあつたんだ。,suo,自分,Ippolita,Ippolita,DET,PRON,nmod,nmod,explicit_ref_case,
968,one-to-one,dn_1050,isk_1298,"Ella si trovò certo sola con suo marito, una volta, come ora è con me.",丁度今俺と斯うして居るやうに、自分の亭主と二人限で居たこともあつたんだ。,è,居るやうに,Ippolita,Ippolita,NULL,NULL,nsubj,nsubj,zero_zero_semantic,0.20373379715851375
968,one-to-one,dn_1050,isk_1298,"Ella si trovò certo sola con suo marito, una volta, come ora è con me.",丁度今俺と斯うして居るやうに、自分の亭主と二人限で居たこともあつたんだ。,Ella,居た,Ippolita,Ippolita,PRON,NULL,nsubj,nsubj,zero_to_src_anchor,
968,one-to-one,dn_1050,isk_1298,"Ella si trovò certo sola con suo marito, una volta, come ora è con me.",丁度今俺と斯うして居るやうに、自分の亭主と二人限で居たこともあつたんだ。,si,MISSING,Ippolita,MISSING,PRON-REFLEX,MISSING,obj,MISSING,leftover_source,
968,one-to-one,dn_1050,isk_1298,"Ella si trovò certo sola con suo marito, una volta, come ora è con me.",丁度今俺と斯うして居るやうに、自分の亭主と二人限で居たこともあつたんだ。,MISSING,二人限,MISSING,Ippolita Ippolitas-husband,MISSING,NOUN,MISSING,obj,leftover_target,
968,one-to-one,dn_1050,isk_1298,"Ella si trovò certo sola con suo marito, una volta, come ora è con me.",丁度今俺と斯うして居るやうに、自分の亭主と二人限で居たこともあつたんだ。,marito,亭主,Ippolitas-husband,Ippolitas-husband,NOUN,NOUN,obj,obj,explicit_full,
969,one-to-one,dn_1054,isk_1299,"Quel ricordo le dà ora, forse, tanta tristezza!",女の悲哀を誘ふのは、然うした追憶があるからなんだらう。,le,女,Ippolita,Ippolita,PRON,NOUN,obj,nmod,explicit_ref_only,
971,one-to-many,dn_1058,isk_1301 isk_1302,"Ebbe un sussulto, quel particolare sussulto che Ippolita conosceva pur troppo come un sicuro indizio del male da cui l'amato era afflitto.",猛然と起上つた。 それは、イッポリイタも熟く見慣れて居る、苦しい病氣の發作の知らせであつた。,Ebbe,MISSING,Giorgio,MISSING,NULL,MISSING,nsubj,MISSING,leftover_source,
971,one-to-many,dn_1058,isk_1301 isk_1302,"Ebbe un sussulto, quel particolare sussulto che Ippolita conosceva pur troppo come un sicuro indizio del male da cui l'amato era afflitto.",猛然と起上つた。 それは、イッポリイタも熟く見慣れて居る、苦しい病氣の發作の知らせであつた。,l'amato,MISSING,Giorgio,MISSING,NOUN,MISSING,nsubj,MISSING,leftover_source,
971,one-to-many,dn_1058,isk_1301 isk_1302,"Ebbe un sussulto, quel particolare sussulto che Ippolita conosceva pur troppo come un sicuro indizio del male da cui l'amato era afflitto.",猛然と起上つた。 それは、イッポリイタも熟く見慣れて居る、苦しい病氣の發作の知らせであつた。,Ippolita,イッポリイタ,Ippolita,Ippolita,PROPN,PROPN,nsubj,nsubj,explicit_full,
971,one-to-many,dn_1058,isk_1301 isk_1302,"Ebbe un sussulto, quel particolare sussulto che Ippolita conosceva pur troppo come un sicuro indizio del male da cui l'amato era afflitto.",猛然と起上つた。 それは、イッポリイタも熟く見慣れて居る、苦しい病氣の發作の知らせであつた。,MISSING,猛然と起上つた。,MISSING,Ippolita,MISSING,PRON,MISSING,nsubj,leftover_target,
972,one-to-one,dn_1059,isk_1303,"Ella gli domandò, prendendogli la mano:",彼女はその手を捉へて、,gli,その,Giorgio,Giorgio,PRON,DET,obj,nmod,explicit_ref_only,
972,one-to-one,dn_1059,isk_1303,"Ella gli domandò, prendendogli la mano:",彼女はその手を捉へて、,gli,MISSING,Giorgio,MISSING,PRON,MISSING,obj,MISSING,leftover_source,
972,one-to-one,dn_1059,isk_1303,"Ella gli domandò, prendendogli la mano:",彼女はその手を捉へて、,Ella,彼女,Ippolita,Ippolita,PRON,PRON,nsubj,nsubj,explicit_full,
973,one-to-one,dn_1060,isk_1304,Tu soffri?,苦しくつて？,Tu,苦しくつて,Giorgio,Giorgio,PRON,NULL,nsubj,nsubj,zero_to_src_anchor,
974,one-to-many,dn_1061,isk_1305 isk_1306,Egli accennò di sì col capo; la guardò con un sorriso doloroso.,男は頷いた。 男は女を眺めて楽しからぬ風ににやにや笑つた。,Egli,男,Giorgio,Giorgio,PRON,NOUN,nsubj,nsubj,explicit_ref_case,
974,one-to-many,dn_1061,isk_1305 isk_1306,Egli accennò di sì col capo; la guardò con un sorriso doloroso.,男は頷いた。 男は女を眺めて楽しからぬ風ににやにや笑つた。,guardò,笑つた,Giorgio,Giorgio,NULL,NULL,nsubj,nsubj,zero_zero_single,
974,one-to-many,dn_1061,isk_1305 isk_1306,Egli accennò di sì col capo; la guardò con un sorriso doloroso.,男は頷いた。 男は女を眺めて楽しからぬ風ににやにや笑つた。,MISSING,男,MISSING,Giorgio,MISSING,NOUN,MISSING,nsubj,leftover_target,
974,one-to-many,dn_1061,isk_1305 isk_1306,Egli accennò di sì col capo; la guardò con un sorriso doloroso.,男は頷いた。 男は女を眺めて楽しからぬ風ににやにや笑つた。,la,女,Ippolita,Ippolita,PRON,NOUN,obj,obj,explicit_ref_case,
975,one-to-one,dn_1062,isk_1307,"Ma ella non ebbe il coraggio d'interrogarlo più oltre, poiché temeva che egli rispondesse qualche parola amara e straziante.",が、女は問詰める程の元氣も出なかつた―苛辛い、胸を裂くやうな返辭を聽くに堪へなかつたのだ。,lo,MISSING,Giorgio,MISSING,PRON,MISSING,obj,MISSING,leftover_source,
975,one-to-one,dn_1062,isk_1307,"Ma ella non ebbe il coraggio d'interrogarlo più oltre, poiché temeva che egli rispondesse qualche parola amara e straziante.",が、女は問詰める程の元氣も出なかつた―苛辛い、胸を裂くやうな返辭を聽くに堪へなかつたのだ。,egli,MISSING,Giorgio,MISSING,PRON,MISSING,nsubj,MISSING,leftover_source,
975,one-to-one,dn_1062,isk_1307,"Ma ella non ebbe il coraggio d'interrogarlo più oltre, poiché temeva che egli rispondesse qualche parola amara e straziante.",が、女は問詰める程の元氣も出なかつた―苛辛い、胸を裂くやうな返辭を聽くに堪へなかつたのだ。,ella,女,Ippolita,Ippolita,PRON,NOUN,nsubj,nsubj,explicit_ref_case,
975,one-to-one,dn_1062,isk_1307,"Ma ella non ebbe il coraggio d'interrogarlo più oltre, poiché temeva che egli rispondesse qualche parola amara e straziante.",が、女は問詰める程の元氣も出なかつた―苛辛い、胸を裂くやうな返辭を聽くに堪へなかつたのだ。,temeva,堪へなかつた,Ippolita,Ippolita,NULL,NULL,nsubj,nsubj,zero_zero_single,
976,one-to-one,dn_1063,isk_1308,"Preferì il silenzio; ma lo baciò su la fronte a lungo, come soleva, sperando sciogliere il duro nodo dei pensieri.",默つて居る方が可いとは思ひながら、額に接吻した―男の遺を瀬ない回想の縺れを解す積りで、毎も爲慣れた、長い長い接吻であつた。,lo,男,Giorgio,Giorgio,PRON,NOUN,obj,nmod,explicit_ref_only,
976,one-to-one,dn_1063,isk_1308,"Preferì il silenzio; ma lo baciò su la fronte a lungo, come soleva, sperando sciogliere il duro nodo dei pensieri.",默つて居る方が可いとは思ひながら、額に接吻した―男の遺を瀬ない回想の縺れを解す積りで、毎も爲慣れた、長い長い接吻であつた。,Preferì,思ひながら,Ippolita,Ippolita,NULL,NULL,nsubj,nsubj,zero_zero_semantic,0.31784532671091986
976,one-to-one,dn_1063,isk_1308,"Preferì il silenzio; ma lo baciò su la fronte a lungo, come soleva, sperando sciogliere il duro nodo dei pensieri.",默つて居る方が可いとは思ひながら、額に接吻した―男の遺を瀬ない回想の縺れを解す積りで、毎も爲慣れた、長い長い接吻であつた。,baciò,接吻した,Ippolita,Ippolita,NULL,NULL,nsubj,nsubj,zero_zero_semantic,0.14392169618318573
976,one-to-one,dn_1063,isk_1308,"Preferì il silenzio; ma lo baciò su la fronte a lungo, come soleva, sperando sciogliere il duro nodo dei pensieri.",默つて居る方が可いとは思ひながら、額に接吻した―男の遺を瀬ない回想の縺れを解す積りで、毎も爲慣れた、長い長い接吻であつた。,soleva,解す,Ippolita,Ippolita,NULL,NULL,nsubj,nsubj,zero_zero_semantic,0.2974841031949
977,one-to-one,dn_1064,isk_1309,Ecco la Cecchina!,さあ貴郞チェッキイナよ。,MISSING,貴郞,MISSING,Giorgio,MISSING,PRON,MISSING,vocative,leftover_target,
978,one-to-one,dn_1065,isk_1310,"esclamò, sollevata, udendo il fischio dell'arrivo.",着車を知らせる汽笛を聽く、氣軽に斯う叫んだ。,esclamò,叫んだ,Ippolita,Ippolita,NULL,NULL,nsubj,nsubj,zero_zero_semantic,0.31746342100880365
978,one-to-one,dn_1065,isk_1310,"esclamò, sollevata, udendo il fischio dell'arrivo.",着車を知らせる汽笛を聽く、氣軽に斯う叫んだ。,MISSING,聽く,MISSING,Ippolita,MISSING,NULL,MISSING,nsubj,leftover_target,
979,one-to-one,dn_1066,isk_1311,"Su, su, amore!",迅くさ、貴郞。,amore,貴郞,Giorgio,Giorgio,NOUN,NOUN,vocative,vocative,explicit_full,
980,one-to-one,dn_1067,isk_1312,Bisogna scendere.,降りるんですよ。,MISSING,降りる,MISSING,Giorgio Ippolita,MISSING,NULL,MISSING,nsubj,leftover_target,
981,one-to-one,dn_1068,isk_1313,"Ella si mostrava allegra, per rallegrarlo.",男の氣を引立てるために、故と快活にして見せた。,lo,男,Giorgio,Giorgio,PRON,NOUN,obj,nmod,explicit_ref_only,
981,one-to-one,dn_1068,isk_1313,"Ella si mostrava allegra, per rallegrarlo.",男の氣を引立てるために、故と快活にして見せた。,Ella,引立てる,Ippolita,Ippolita,PRON,NULL,nsubj,nsubj,zero_to_src_anchor,
981,one-to-one,dn_1068,isk_1313,"Ella si mostrava allegra, per rallegrarlo.",男の氣を引立てるために、故と快活にして見せた。,si,MISSING,Ippolita,MISSING,PRON-REFLEX,MISSING,obj,MISSING,leftover_source,
981,one-to-one,dn_1068,isk_1313,"Ella si mostrava allegra, per rallegrarlo.",男の氣を引立てるために、故と快活にして見せた。,MISSING,して見せた,MISSING,Ippolita,MISSING,NULL,MISSING,nsubj,leftover_target,
982,one-to-one,dn_1069,isk_1314,"Abbassò un vetro, sporse il capo.",女は窓の戶を落して外を見込んだ。,Abbassò,見込んだ,Ippolita,Ippolita,NULL,NULL,nsubj,nsubj,zero_zero_semantic,0.47218184173107147
982,one-to-one,dn_1069,isk_1314,"Abbassò un vetro, sporse il capo.",女は窓の戶を落して外を見込んだ。,sporse,女,Ippolita,Ippolita,NULL,NOUN,nsubj,nsubj,zero_to_tgt_anchor,
984,one-to-one,dn_1071,isk_1316,"Su, amore!",さあ貴郞！,amore,貴郞,Giorgio,Giorgio,NOUN,NOUN,vocative,vocative,explicit_full,
986,one-to-one,dn_1073,isk_1318,Bisogna che siamo felici.,幸福てなくちや不可いことよ。,siamo,幸福てなくちや不可い,Giorgio Ippolita,Giorgio Ippolita,NULL,NULL,nsubj,nsubj,zero_zero_single,
987,one-to-one,dn_1074,isk_1319,"Egli scosse da sé le cattive cose, al suono di quella voce tenera e forte.",女の强い優しい聲の響で、彼の陰翳は拂ひ除けられた。,Egli,彼,Giorgio,Giorgio,PRON,PRON,nsubj,nmod,explicit_ref_pos,
987,one-to-one,dn_1074,isk_1319,"Egli scosse da sé le cattive cose, al suono di quella voce tenera e forte.",女の强い優しい聲の響で、彼の陰翳は拂ひ除けられた。,sé,MISSING,Giorgio,MISSING,PRON,MISSING,obj,MISSING,leftover_source,
987,one-to-one,dn_1074,isk_1319,"Egli scosse da sé le cattive cose, al suono di quella voce tenera e forte.",女の强い優しい聲の響で、彼の陰翳は拂ひ除けられた。,MISSING,女,MISSING,Ippolita,MISSING,NOUN,MISSING,nmod,leftover_target,
988,one-to-one,dn_1075,isk_1320,"Uscendo all'aria viva, si sentì rasserenato.",爽々した空氣に下り立つて見ると、すつとした氣分になつた。,sentì,氣分になつた,Giorgio,Giorgio,NULL,NULL,nsubj,nsubj,zero_zero_semantic,0.32635261524807324
988,one-to-one,dn_1075,isk_1320,"Uscendo all'aria viva, si sentì rasserenato.",爽々した空氣に下り立つて見ると、すつとした氣分になつた。,si,MISSING,Giorgio,MISSING,PRON-REFLEX,MISSING,obj,MISSING,leftover_source,
988,one-to-one,dn_1075,isk_1320,"Uscendo all'aria viva, si sentì rasserenato.",爽々した空氣に下り立つて見ると、すつとした氣分になつた。,MISSING,下り立つて見る,MISSING,Giorgio,MISSING,NULL,MISSING,nsubj,leftover_target,
992,one-to-one,dn_1079,isk_1324,Bisogna che siamo felici!,幸福でなくちや不可いことよ。,siamo,MISSING,Giorgio Ippolita,MISSING,NULL,MISSING,nsubj,MISSING,leftover_source,
993,one-to-many,dn_1080,isk_1325 isk_1326,Giorgio riudiva entro di sé le parole dell'amica; e il cuore gli si gonfiava di aspirazioni indefinite.,然う言つたイッポリイタの言葉の谺響が胸の中から響けた。 彼の精神は、垠も無い天啓を得たやうに膨らんだ。,sé,彼,Giorgio,Giorgio,PRON,PRON,nmod,nmod,explicit_full,
993,one-to-many,dn_1080,isk_1325 isk_1326,Giorgio riudiva entro di sé le parole dell'amica; e il cuore gli si gonfiava di aspirazioni indefinite.,然う言つたイッポリイタの言葉の谺響が胸の中から響けた。 彼の精神は、垠も無い天啓を得たやうに膨らんだ。,Giorgio,MISSING,Giorgio,MISSING,PROPN,MISSING,nsubj,MISSING,leftover_source,
993,one-to-many,dn_1080,isk_1325 isk_1326,Giorgio riudiva entro di sé le parole dell'amica; e il cuore gli si gonfiava di aspirazioni indefinite.,然う言つたイッポリイタの言葉の谺響が胸の中から響けた。 彼の精神は、垠も無い天啓を得たやうに膨らんだ。,gli,MISSING,Giorgio,MISSING,PRON,MISSING,obj,MISSING,leftover_source,
993,one-to-many,dn_1080,isk_1325 isk_1326,Giorgio riudiva entro di sé le parole dell'amica; e il cuore gli si gonfiava di aspirazioni indefinite.,然う言つたイッポリイタの言葉の谺響が胸の中から響けた。 彼の精神は、垠も無い天啓を得たやうに膨らんだ。,amica,イッポリイタ,Ippolita,Ippolita,NOUN,PROPN,nmod,nmod,explicit_ref_case,
994,one-to-one,dn_1081,isk_1327,E la stanza tranquilla e il camino acceso e il letto bianco gli parevano troppo umili elementi di felicità in quella notte solenne e pura.,聖く嚴かな此の夜の幸福を添へる物としては、閑かな部屋と、暖い煖爐と、白い紗の中の寝臺とは、權衡の取れない程粗末な村科としか思へなかつた。,gli,MISSING,Giorgio,MISSING,PRON,MISSING,obj,MISSING,leftover_source,
996,one-to-one,dn_1083,isk_1329,Bisogna che siamo felici.,幸福てなくちや不可いことよ。,siamo,幸福てなくちや不可い,Giorgio Ippolita,Giorgio Ippolita,NULL,NULL,nsubj,nsubj,zero_zero_single,
997,one-to-many,dn_1084,isk_1330 isk_1331,"Che pensava, che faceva egli, due anni avanti, su quell'ora?",―二年前の此の時間には甚麼事を考へて居たらう。 何をして居たらう。,pensava,考へて居た,Giorgio,Giorgio,NULL,NULL,nsubj,nsubj,zero_zero_semantic,0.24127102593580882
997,one-to-many,dn_1084,isk_1330 isk_1331,"Che pensava, che faceva egli, due anni avanti, su quell'ora?",―二年前の此の時間には甚麼事を考へて居たらう。 何をして居たらう。,egli,して居た,Giorgio,Giorgio,PRON,NULL,nsubj,nsubj,zero_to_src_anchor,
998,one-to-many,dn_1085,isk_1332 isk_1333 isk_1334,"—Vagava per le vie, senza una mèta, spinto da un bisogno istintivo di raggiungere uno spazio più largo e pure attratto dai luoghi popolosi dove il suo orgoglio e la sua gioia gli parevano grandeggiare al contrasto della vita comune.",彼は的もなしに街から街を彷徨つた。 些とでも寥れた處へと、本能の欲には、誘はれながら、それでも自然と足は繁華な衞へ牽附けられた。 彼の矜誇と歡喜は、その衢で俗世の生活と比べて見て、一層の强さを增した。,suo,彼,Giorgio,Giorgio,DET,PRON,nmod,nmod,explicit_ref_case,
998,one-to-many,dn_1085,isk_1332 isk_1333 isk_1334,"—Vagava per le vie, senza una mèta, spinto da un bisogno istintivo di raggiungere uno spazio più largo e pure attratto dai luoghi popolosi dove il suo orgoglio e la sua gioia gli parevano grandeggiare al contrasto della vita comune.",彼は的もなしに街から街を彷徨つた。 些とでも寥れた處へと、本能の欲には、誘はれながら、それでも自然と足は繁華な衞へ牽附けられた。 彼の矜誇と歡喜は、その衢で俗世の生活と比べて見て、一層の强さを增した。,sua,彼,Giorgio,Giorgio,DET,PRON,nmod,nsubj,explicit_ref_only,
998,one-to-many,dn_1085,isk_1332 isk_1333 isk_1334,"—Vagava per le vie, senza una mèta, spinto da un bisogno istintivo di raggiungere uno spazio più largo e pure attratto dai luoghi popolosi dove il suo orgoglio e la sua gioia gli parevano grandeggiare al contrasto della vita comune.",彼は的もなしに街から街を彷徨つた。 些とでも寥れた處へと、本能の欲には、誘はれながら、それでも自然と足は繁華な衞へ牽附けられた。 彼の矜誇と歡喜は、その衢で俗世の生活と比べて見て、一層の强さを增した。,Vagava,誘はれながら,Giorgio,Giorgio,NULL,NULL,nsubj,nsubj,zero_zero_single,
999,one-to-one,dn_1086,isk_1335,"E il romore cittadino, pure avvolgendolo, gli arrivava all'orecchio come di lontano.",都會の喧擾は、彼の耳に唯幽かな呻きとしか響いて來なかつた。,lo,彼,Giorgio,Giorgio,PRON,PRON,obj,nmod,explicit_ref_pos,
999,one-to-one,dn_1086,isk_1335,"E il romore cittadino, pure avvolgendolo, gli arrivava all'orecchio come di lontano.",都會の喧擾は、彼の耳に唯幽かな呻きとしか響いて來なかつた。,gli,MISSING,Giorgio,MISSING,PRON,MISSING,obj,MISSING,leftover_source,
1003,one-to-one,dn_1090,isk_1345,Come mi piace di star qui!,私此處へ來て嬉しくて堪らないの。,mi,私,Ippolita,Ippolita,PRON,PRON,obj,nsubj,explicit_ref_pos,
1003,one-to-one,dn_1090,isk_1345,Come mi piace di star qui!,私此處へ來て嬉しくて堪らないの。,MISSING,嬉しくて堪らない,MISSING,Ippolita,MISSING,NULL,MISSING,nsubj,leftover_target,
1004,one-to-many,dn_1091,isk_1346 isk_1347 isk_1348,"diceva Ippolita, penetrata dal mite incanto delle cose, raccogliendosi nella gran poltrona soffice, appoggiando il capo alla spalliera, dov'era cucita una mezzaluna bianca, di cotone, umile opera d'uncinetto.",幽静な場所のチァアムに沁み入られたイッポリイタが斯う叫んだ。 肘懸倚子に深く乘掛つて、倚靠に頭を支へた。 それには白絲の粗末な三日月形のクロセ編が附けてあつた。,Ippolita,イッポリイタ,Ippolita,Ippolita,PROPN,PROPN,nsubj,nsubj,explicit_full,
1004,one-to-many,dn_1091,isk_1346 isk_1347 isk_1348,"diceva Ippolita, penetrata dal mite incanto delle cose, raccogliendosi nella gran poltrona soffice, appoggiando il capo alla spalliera, dov'era cucita una mezzaluna bianca, di cotone, umile opera d'uncinetto.",幽静な場所のチァアムに沁み入られたイッポリイタが斯う叫んだ。 肘懸倚子に深く乘掛つて、倚靠に頭を支へた。 それには白絲の粗末な三日月形のクロセ編が附けてあつた。,si,MISSING,Ippolita,MISSING,PRON-REFLEX,MISSING,obj,MISSING,leftover_source,
1004,one-to-many,dn_1091,isk_1346 isk_1347 isk_1348,"diceva Ippolita, penetrata dal mite incanto delle cose, raccogliendosi nella gran poltrona soffice, appoggiando il capo alla spalliera, dov'era cucita una mezzaluna bianca, di cotone, umile opera d'uncinetto.",幽静な場所のチァアムに沁み入られたイッポリイタが斯う叫んだ。 肘懸倚子に深く乘掛つて、倚靠に頭を支へた。 それには白絲の粗末な三日月形のクロセ編が附けてあつた。,MISSING,乘掛つて,MISSING,Ippolita,MISSING,NULL,MISSING,nsubj,leftover_target,
1004,one-to-many,dn_1091,isk_1346 isk_1347 isk_1348,"diceva Ippolita, penetrata dal mite incanto delle cose, raccogliendosi nella gran poltrona soffice, appoggiando il capo alla spalliera, dov'era cucita una mezzaluna bianca, di cotone, umile opera d'uncinetto.",幽静な場所のチァアムに沁み入られたイッポリイタが斯う叫んだ。 肘懸倚子に深く乘掛つて、倚靠に頭を支へた。 それには白絲の粗末な三日月形のクロセ編が附けてあつた。,MISSING,支へた,MISSING,Ippolita,MISSING,NULL,MISSING,nsubj,leftover_target,
1005,one-to-one,dn_1092,isk_1349,Non mi vorrei più muovere.,何時までだつて斯うして居たい。,vorrei più muovere,居たい,Ippolita,Ippolita,NULL,NULL,nsubj,nsubj,zero_zero_single,
1005,one-to-one,dn_1092,isk_1349,Non mi vorrei più muovere.,何時までだつて斯うして居たい。,mi,MISSING,Ippolita,MISSING,PRON-REFLEX,MISSING,obj,MISSING,leftover_source,
1006,one-to-one,dn_1093,isk_1350,"Ella ripensò la defunta zia Giovanna, l'infanzia lontana.",彼女の心には、死んだ伯母のジォヷンナのことや、自分の子供の時の浮かんだ。,Ella,彼女,Ippolita,Ippolita,PRON,PRON,nsubj,nmod,explicit_ref_pos,
1006,one-to-one,dn_1093,isk_1350,"Ella ripensò la defunta zia Giovanna, l'infanzia lontana.",彼女の心には、死んだ伯母のジォヷンナのことや、自分の子供の時の浮かんだ。,MISSING,自分,MISSING,Ippolita,MISSING,PRON,MISSING,nmod,leftover_target,
1006,one-to-one,dn_1093,isk_1350,"Ella ripensò la defunta zia Giovanna, l'infanzia lontana.",彼女の心には、死んだ伯母のジォヷンナのことや、自分の子供の時の浮かんだ。,zia Giovanna,死んだ伯母のジォヷンナ,aunt-Giovianna,aunt-Giovianna,NOUN,NOUN,obj,nmod,explicit_ref_pos,
1007,one-to-many,dn_1094,isk_1351 isk_1352,"La povera zia, mi ricordo, aveva una casa come questa, una casa dove da un secolo i mobili stavano al medesimo posto.",伯母さんが居ればねえ。 丁度此館みたいな家で、有る物は百年でも其の儘の形で靜として居るといふ風だつたの。,mi,MISSING,Ippolita,MISSING,PRON-REFLEX,MISSING,obj,MISSING,leftover_source,
1007,one-to-many,dn_1094,isk_1351 isk_1352,"La povera zia, mi ricordo, aveva una casa come questa, una casa dove da un secolo i mobili stavano al medesimo posto.",伯母さんが居ればねえ。 丁度此館みたいな家で、有る物は百年でも其の儘の形で靜として居るといふ風だつたの。,ricordo,MISSING,Ippolita,MISSING,NULL,MISSING,nsubj,MISSING,leftover_source,
1007,one-to-many,dn_1094,isk_1351 isk_1352,"La povera zia, mi ricordo, aveva una casa come questa, una casa dove da un secolo i mobili stavano al medesimo posto.",伯母さんが居ればねえ。 丁度此館みたいな家で、有る物は百年でも其の儘の形で靜として居るといふ風だつたの。,povera zia,伯母さん,aunt-Giovianna,aunt-Giovianna,NOUN,NOUN,nsubj,nsubj,explicit_full,
1007,one-to-many,dn_1094,isk_1351 isk_1352,"La povera zia, mi ricordo, aveva una casa come questa, una casa dove da un secolo i mobili stavano al medesimo posto.",伯母さんが居ればねえ。 丁度此館みたいな家で、有る物は百年でも其の儘の形で靜として居るといふ風だつたの。,aveva,MISSING,aunt-Giovianna,MISSING,NULL,MISSING,nsubj,MISSING,leftover_source,
1008,one-to-one,dn_1095,isk_1353,"Mi ricordo sempre le sue disperazioni quando le ruppi una di quelle campane di vetro, tu sai, con dentro i fiori artificiali....",始終然う思つちや氣の毒になるんですが、私造花の入つた壜細工を壞しちやつてね。,tu,MISSING,Giorgio,MISSING,PRON,MISSING,nsubj,MISSING,leftover_source,
1008,one-to-one,dn_1095,isk_1353,"Mi ricordo sempre le sue disperazioni quando le ruppi una di quelle campane di vetro, tu sai, con dentro i fiori artificiali....",始終然う思つちや氣の毒になるんですが、私造花の入つた壜細工を壞しちやつてね。,ricordo,思つちや,Ippolita,Ippolita,NULL,NULL,nsubj,nsubj,zero_zero_semantic,0.47195465666683095
1008,one-to-one,dn_1095,isk_1353,"Mi ricordo sempre le sue disperazioni quando le ruppi una di quelle campane di vetro, tu sai, con dentro i fiori artificiali....",始終然う思つちや氣の毒になるんですが、私造花の入つた壜細工を壞しちやつてね。,ruppi,壞しちやつて,Ippolita,Ippolita,NULL,NULL,nsubj,nsubj,zero_zero_semantic,0.4119420463317319
1008,one-to-one,dn_1095,isk_1353,"Mi ricordo sempre le sue disperazioni quando le ruppi una di quelle campane di vetro, tu sai, con dentro i fiori artificiali....",始終然う思つちや氣の毒になるんですが、私造花の入つた壜細工を壞しちやつてね。,Mi,MISSING,Ippolita,MISSING,PRON-REFLEX,MISSING,obj,MISSING,leftover_source,
1008,one-to-one,dn_1095,isk_1353,"Mi ricordo sempre le sue disperazioni quando le ruppi una di quelle campane di vetro, tu sai, con dentro i fiori artificiali....",始終然う思つちや氣の毒になるんですが、私造花の入つた壜細工を壞しちやつてね。,MISSING,私,MISSING,Ippolita,MISSING,PRON,MISSING,nsubj,leftover_target,
1008,one-to-one,dn_1095,isk_1353,"Mi ricordo sempre le sue disperazioni quando le ruppi una di quelle campane di vetro, tu sai, con dentro i fiori artificiali....",始終然う思つちや氣の毒になるんですが、私造花の入つた壜細工を壞しちやつてね。,sue,MISSING,aunt-Giovianna,MISSING,DET,MISSING,nmod,MISSING,leftover_source,
1008,one-to-one,dn_1095,isk_1353,"Mi ricordo sempre le sue disperazioni quando le ruppi una di quelle campane di vetro, tu sai, con dentro i fiori artificiali....",始終然う思つちや氣の毒になるんですが、私造花の入つた壜細工を壞しちやつてね。,le,MISSING,aunt-Giovianna,MISSING,PRON,MISSING,obj,MISSING,leftover_source,
1009,one-to-one,dn_1096,isk_1354,Mi ricordo che pianse.,伯母さん泣いてよ…,Mi,MISSING,Ippolita,MISSING,PRON-REFLEX,MISSING,obj,MISSING,leftover_source,
1009,one-to-one,dn_1096,isk_1354,Mi ricordo che pianse.,伯母さん泣いてよ…,ricordo,MISSING,Ippolita,MISSING,NULL,MISSING,nsubj,MISSING,leftover_source,
1009,one-to-one,dn_1096,isk_1354,Mi ricordo che pianse.,伯母さん泣いてよ…,pianse,泣いて,aunt-Giovianna,aunt-Giovianna,NULL,NULL,nsubj,nsubj,zero_zero_single,
1009,one-to-one,dn_1096,isk_1354,Mi ricordo che pianse.,伯母さん泣いてよ…,MISSING,伯母さん,MISSING,aunt-Giovianna,MISSING,NOUN,MISSING,nsubj,leftover_target,
1010,one-to-one,dn_1097,isk_1355,Povera vecchia!,濟まなかつたわねえ。,Povera vecchia,MISSING,aunt-Giovianna,MISSING,NOUN,MISSING,vocative,MISSING,leftover_source,
1011,one-to-one,dn_1098,isk_1356,"La vedo ancóra, con quelle sue cuffie di merletto nero, con que' suoi buccolotti bianchi giù per le tempie....",那の黑線帶の帽子の下から、白髪の毛が斯う頬の上へ解れ掛つたとこが眼に見えるやうで…。,vedo,MISSING,Ippolita,MISSING,NULL,MISSING,nsubj,MISSING,leftover_source,
1011,one-to-one,dn_1098,isk_1356,"La vedo ancóra, con quelle sue cuffie di merletto nero, con que' suoi buccolotti bianchi giù per le tempie....",那の黑線帶の帽子の下から、白髪の毛が斯う頬の上へ解れ掛つたとこが眼に見えるやうで…。,La,MISSING,aunt-Giovianna,MISSING,PRON,MISSING,obj,MISSING,leftover_source,
1011,one-to-one,dn_1098,isk_1356,"La vedo ancóra, con quelle sue cuffie di merletto nero, con que' suoi buccolotti bianchi giù per le tempie....",那の黑線帶の帽子の下から、白髪の毛が斯う頬の上へ解れ掛つたとこが眼に見えるやうで…。,sue,MISSING,aunt-Giovianna,MISSING,DET,MISSING,nmod,MISSING,leftover_source,
1011,one-to-one,dn_1098,isk_1356,"La vedo ancóra, con quelle sue cuffie di merletto nero, con que' suoi buccolotti bianchi giù per le tempie....",那の黑線帶の帽子の下から、白髪の毛が斯う頬の上へ解れ掛つたとこが眼に見えるやうで…。,suoi,MISSING,aunt-Giovianna,MISSING,DET,MISSING,nmod,MISSING,leftover_source,
1012,one-to-many,dn_1099,isk_1357 isk_1358 isk_1359 isk_1360,"Ella parlava piano, interrompendosi, guardando il fuoco ardere su gli alari, sorridendo talvolta a Giorgio con occhi un poco abbattuti, cerchiati d'un'ombra violetta; mentre dalla strada saliva un romore eguale e continuo che facevano certi selciatori battendo le selci.",句切々々て息んでは徐々と話した。 眼は煖爐の燃火の方を凝視めて居た。 そしてちよいちよいジォルジオに笑み掛けるやうに其の眼を擧げたけれど、何處か伏目で、其の緣に燻んだ素色の隈が畫れて居た。 街の方から甃石を敲く石切屋の規則正しい、慵い譽が聞えて居た。,Giorgio,ジォルジオ,Giorgio,Giorgio,PROPN,PROPN,obj,obj,explicit_full,
1012,one-to-many,dn_1099,isk_1357 isk_1358 isk_1359 isk_1360,"Ella parlava piano, interrompendosi, guardando il fuoco ardere su gli alari, sorridendo talvolta a Giorgio con occhi un poco abbattuti, cerchiati d'un'ombra violetta; mentre dalla strada saliva un romore eguale e continuo che facevano certi selciatori battendo le selci.",句切々々て息んでは徐々と話した。 眼は煖爐の燃火の方を凝視めて居た。 そしてちよいちよいジォルジオに笑み掛けるやうに其の眼を擧げたけれど、何處か伏目で、其の緣に燻んだ素色の隈が畫れて居た。 街の方から甃石を敲く石切屋の規則正しい、慵い譽が聞えて居た。,Ella,其の,Ippolita,Ippolita,PRON,DET,nsubj,nmod,explicit_ref_only,
1012,one-to-many,dn_1099,isk_1357 isk_1358 isk_1359 isk_1360,"Ella parlava piano, interrompendosi, guardando il fuoco ardere su gli alari, sorridendo talvolta a Giorgio con occhi un poco abbattuti, cerchiati d'un'ombra violetta; mentre dalla strada saliva un romore eguale e continuo che facevano certi selciatori battendo le selci.",句切々々て息んでは徐々と話した。 眼は煖爐の燃火の方を凝視めて居た。 そしてちよいちよいジォルジオに笑み掛けるやうに其の眼を擧げたけれど、何處か伏目で、其の緣に燻んだ素色の隈が畫れて居た。 街の方から甃石を敲く石切屋の規則正しい、慵い譽が聞えて居た。,si,MISSING,Ippolita,MISSING,PRON-REFLEX,MISSING,obj,MISSING,leftover_source,
1012,one-to-many,dn_1099,isk_1357 isk_1358 isk_1359 isk_1360,"Ella parlava piano, interrompendosi, guardando il fuoco ardere su gli alari, sorridendo talvolta a Giorgio con occhi un poco abbattuti, cerchiati d'un'ombra violetta; mentre dalla strada saliva un romore eguale e continuo che facevano certi selciatori battendo le selci.",句切々々て息んでは徐々と話した。 眼は煖爐の燃火の方を凝視めて居た。 そしてちよいちよいジォルジオに笑み掛けるやうに其の眼を擧げたけれど、何處か伏目で、其の緣に燻んだ素色の隈が畫れて居た。 街の方から甃石を敲く石切屋の規則正しい、慵い譽が聞えて居た。,MISSING,息んで,MISSING,Ippolita,MISSING,NULL,MISSING,nsubj,leftover_target,
1012,one-to-many,dn_1099,isk_1357 isk_1358 isk_1359 isk_1360,"Ella parlava piano, interrompendosi, guardando il fuoco ardere su gli alari, sorridendo talvolta a Giorgio con occhi un poco abbattuti, cerchiati d'un'ombra violetta; mentre dalla strada saliva un romore eguale e continuo che facevano certi selciatori battendo le selci.",句切々々て息んでは徐々と話した。 眼は煖爐の燃火の方を凝視めて居た。 そしてちよいちよいジォルジオに笑み掛けるやうに其の眼を擧げたけれど、何處か伏目で、其の緣に燻んだ素色の隈が畫れて居た。 街の方から甃石を敲く石切屋の規則正しい、慵い譽が聞えて居た。,MISSING,話した,MISSING,Ippolita,MISSING,NULL,MISSING,nsubj,leftover_target,
1012,one-to-many,dn_1099,isk_1357 isk_1358 isk_1359 isk_1360,"Ella parlava piano, interrompendosi, guardando il fuoco ardere su gli alari, sorridendo talvolta a Giorgio con occhi un poco abbattuti, cerchiati d'un'ombra violetta; mentre dalla strada saliva un romore eguale e continuo che facevano certi selciatori battendo le selci.",句切々々て息んでは徐々と話した。 眼は煖爐の燃火の方を凝視めて居た。 そしてちよいちよいジォルジオに笑み掛けるやうに其の眼を擧げたけれど、何處か伏目で、其の緣に燻んだ素色の隈が畫れて居た。 街の方から甃石を敲く石切屋の規則正しい、慵い譽が聞えて居た。,MISSING,笑み掛けるやうに,MISSING,Ippolita,MISSING,NULL,MISSING,nsubj,leftover_target,
1012,one-to-many,dn_1099,isk_1357 isk_1358 isk_1359 isk_1360,"Ella parlava piano, interrompendosi, guardando il fuoco ardere su gli alari, sorridendo talvolta a Giorgio con occhi un poco abbattuti, cerchiati d'un'ombra violetta; mentre dalla strada saliva un romore eguale e continuo che facevano certi selciatori battendo le selci.",句切々々て息んでは徐々と話した。 眼は煖爐の燃火の方を凝視めて居た。 そしてちよいちよいジォルジオに笑み掛けるやうに其の眼を擧げたけれど、何處か伏目で、其の緣に燻んだ素色の隈が畫れて居た。 街の方から甃石を敲く石切屋の規則正しい、慵い譽が聞えて居た。,MISSING,擧げた,MISSING,Ippolita,MISSING,NULL,MISSING,nsubj,leftover_target,
1012,one-to-many,dn_1099,isk_1357 isk_1358 isk_1359 isk_1360,"Ella parlava piano, interrompendosi, guardando il fuoco ardere su gli alari, sorridendo talvolta a Giorgio con occhi un poco abbattuti, cerchiati d'un'ombra violetta; mentre dalla strada saliva un romore eguale e continuo che facevano certi selciatori battendo le selci.",句切々々て息んでは徐々と話した。 眼は煖爐の燃火の方を凝視めて居た。 そしてちよいちよいジォルジオに笑み掛けるやうに其の眼を擧げたけれど、何處か伏目で、其の緣に燻んだ素色の隈が畫れて居た。 街の方から甃石を敲く石切屋の規則正しい、慵い譽が聞えて居た。,MISSING,其の,MISSING,Ippolita,MISSING,DET,MISSING,nmod,leftover_target,
1012,one-to-many,dn_1099,isk_1357 isk_1358 isk_1359 isk_1360,"Ella parlava piano, interrompendosi, guardando il fuoco ardere su gli alari, sorridendo talvolta a Giorgio con occhi un poco abbattuti, cerchiati d'un'ombra violetta; mentre dalla strada saliva un romore eguale e continuo che facevano certi selciatori battendo le selci.",句切々々て息んでは徐々と話した。 眼は煖爐の燃火の方を凝視めて居た。 そしてちよいちよいジォルジオに笑み掛けるやうに其の眼を擧げたけれど、何處か伏目で、其の緣に燻んだ素色の隈が畫れて居た。 街の方から甃石を敲く石切屋の規則正しい、慵い譽が聞えて居た。,certi selciatori,MISSING,pavers,MISSING,NOUN,MISSING,nsubj,MISSING,leftover_source,
1013,one-to-one,dn_1100,isk_1361,"Nella casa c'era, mi ricordo, una gran soffitta con due o tre abbaini, abitata dai colombi.",その家の中に、二つ三つ窓の附いた草置場があつて、其處に鳩が飼つてあつたのよ。,mi,MISSING,Ippolita,MISSING,PRON-REFLEX,MISSING,obj,MISSING,leftover_source,
1013,one-to-one,dn_1100,isk_1361,"Nella casa c'era, mi ricordo, una gran soffitta con due o tre abbaini, abitata dai colombi.",その家の中に、二つ三つ窓の附いた草置場があつて、其處に鳩が飼つてあつたのよ。,ricordo,MISSING,Ippolita,MISSING,NULL,MISSING,nsubj,MISSING,leftover_source,
1015,many-to-one,dn_1102 dn_1103,isk_1364,"Io portavo ogni giorno il mangiare ai colombi. Appena mi sentivano salire, si affollavano davanti alla porta.",毎日のやうに私鳩に餌を運んで行つてやるとね、それを旣う嗅附けちや、皆扉の處へ集つて來るぢやありませんか。,Io,私,Ippolita,Ippolita,PRON,PRON,nsubj,nsubj,explicit_full,
1015,many-to-one,dn_1102 dn_1103,isk_1364,"Io portavo ogni giorno il mangiare ai colombi. Appena mi sentivano salire, si affollavano davanti alla porta.",毎日のやうに私鳩に餌を運んで行つてやるとね、それを旣う嗅附けちや、皆扉の處へ集つて來るぢやありませんか。,mi,MISSING,Ippolita,MISSING,PRON,MISSING,obj,MISSING,leftover_source,
1016,one-to-one,dn_1104,isk_1365,"Com'entravo, mi assaltavano.",包圍攻擊つて言ふんでせう。,entravo,MISSING,Ippolita,MISSING,NULL,MISSING,nsubj,MISSING,leftover_source,
1016,one-to-one,dn_1104,isk_1365,"Com'entravo, mi assaltavano.",包圍攻擊つて言ふんでせう。,mi,MISSING,Ippolita,MISSING,PRON,MISSING,obj,MISSING,leftover_source,
1016,one-to-one,dn_1104,isk_1365,"Com'entravo, mi assaltavano.",包圍攻擊つて言ふんでせう。,assaltavano,MISSING,Ippolita,MISSING,NULL,MISSING,nsubj,MISSING,leftover_source,
1017,one-to-one,dn_1105,isk_1366,Allora io mi sedevo per terra e spargevo l'orzo intorno intorno.,それから坐つて其處等中へ麥を撒いてやるの。,io,坐つて,Ippolita,Ippolita,PRON,NULL,nsubj,nsubj,zero_to_src_anchor,
1017,one-to-one,dn_1105,isk_1366,Allora io mi sedevo per terra e spargevo l'orzo intorno intorno.,それから坐つて其處等中へ麥を撒いてやるの。,mi,MISSING,Ippolita,MISSING,PRON-REFLEX,MISSING,obj,MISSING,leftover_source,
1017,one-to-one,dn_1105,isk_1366,Allora io mi sedevo per terra e spargevo l'orzo intorno intorno.,それから坐つて其處等中へ麥を撒いてやるの。,MISSING,撒いてやる,MISSING,Ippolita,MISSING,NULL,MISSING,nsubj,leftover_target,
1018,one-to-one,dn_1106 dn_1107,isk_1367 isk_1368 isk_1369,I colombi mi circondavano; erano tutti bianchi; e io li guardavo beccare. Da una casa vicina giungeva il suono d'un flauto:,皆ずらりと立園つてよ。 皆白鳩なの。 凝と餌を拾ふのを眺めてるとね、何處かの家で笛の音がするの。,io,眺めてる,Ippolita,Ippolita,PRON,NULL,nsubj,nsubj,zero_to_src_anchor,
1018,one-to-one,dn_1106 dn_1107,isk_1367 isk_1368 isk_1369,I colombi mi circondavano; erano tutti bianchi; e io li guardavo beccare. Da una casa vicina giungeva il suono d'un flauto:,皆ずらりと立園つてよ。 皆白鳩なの。 凝と餌を拾ふのを眺めてるとね、何處かの家で笛の音がするの。,mi,MISSING,Ippolita,MISSING,PRON,MISSING,obj,MISSING,leftover_source,
1020,one-to-one,dn_1109,isk_1371,Quella musica mi pareva deliziosa.,それは快い心持だつたね。,mi,MISSING,Ippolita,MISSING,PRON,MISSING,obj,MISSING,leftover_source,
1021,one-to-one,dn_1110,isk_1372,"Ascoltavo, con la testa levata verso l'abbaino, a bocca aperta, come per bere le note che piovevano.",私窓の處へ首出して、ぽかんと口を開いて聽いてる圖つたら、その節を吸込むと言つた形だつたの。,Ascoltavo,開いて,Ippolita,Ippolita,NULL,NULL,nsubj,nsubj,zero_zero_semantic,0.3447649654414919
1021,one-to-one,dn_1110,isk_1372,"Ascoltavo, con la testa levata verso l'abbaino, a bocca aperta, come per bere le note che piovevano.",私窓の處へ首出して、ぽかんと口を開いて聽いてる圖つたら、その節を吸込むと言つた形だつたの。,MISSING,私,MISSING,Ippolita,MISSING,PRON,MISSING,nsubj,leftover_target,
1021,one-to-one,dn_1110,isk_1372,"Ascoltavo, con la testa levata verso l'abbaino, a bocca aperta, come per bere le note che piovevano.",私窓の處へ首出して、ぽかんと口を開いて聽いてる圖つたら、その節を吸込むと言つた形だつたの。,MISSING,聽いてる,MISSING,Ippolita,MISSING,NULL,MISSING,nsubj,leftover_target,
1021,one-to-one,dn_1110,isk_1372,"Ascoltavo, con la testa levata verso l'abbaino, a bocca aperta, come per bere le note che piovevano.",私窓の處へ首出して、ぽかんと口を開いて聽いてる圖つたら、その節を吸込むと言つた形だつたの。,MISSING,圖つたら,MISSING,Ippolita,MISSING,NULL,MISSING,nsubj,leftover_target,
1022,one-to-one,dn_1111,isk_1373,"Di tratto in tratto, rientrava un colombo sperso, battendomi le ali sul capo, mettendomi nei capelli qualche piuma.",何時となし紛れたのが一羽飛込んて來ちや、此の頭髮の上でばたばたして、頭髪中が柔毛だらけさ。,mi,此の,Ippolita,Ippolita,PRON,DET,obj,nmod,explicit_ref_only,
1022,one-to-one,dn_1111,isk_1373,"Di tratto in tratto, rientrava un colombo sperso, battendomi le ali sul capo, mettendomi nei capelli qualche piuma.",何時となし紛れたのが一羽飛込んて來ちや、此の頭髮の上でばたばたして、頭髪中が柔毛だらけさ。,mi,MISSING,Ippolita,MISSING,PRON,MISSING,obj,MISSING,leftover_source,
1024,one-to-one,dn_1113,isk_1375,Ho ancóra nell'orecchio l'arietta; la potrei cantarellare.,節は耳に着いてる。,Ho,MISSING,Ippolita,MISSING,NULL,MISSING,nsubj,MISSING,leftover_source,
1024,one-to-one,dn_1113,isk_1375,Ho ancóra nell'orecchio l'arietta; la potrei cantarellare.,節は耳に着いてる。,potrei cantarellare,MISSING,Ippolita,MISSING,NULL,MISSING,nsubj,MISSING,leftover_source,
1025,one-to-many,dn_1114,isk_1376 isk_1377,"La passione della musica mi cominciò in quel tempo, dentro una colombaia....",私その節眞似出來るやうになつたのよ。 此の鳩舍で子供の時に覺えが始まりで、到頭音樂が大好きになつちやつたの…。,mi,私,Ippolita,Ippolita,PRON,PRON,obj,nsubj,explicit_ref_pos,
1025,one-to-many,dn_1114,isk_1376 isk_1377,"La passione della musica mi cominciò in quel tempo, dentro una colombaia....",私その節眞似出來るやうになつたのよ。 此の鳩舍で子供の時に覺えが始まりで、到頭音樂が大好きになつちやつたの…。,MISSING,眞似出來るやうになつた,MISSING,Ippolita,MISSING,NULL,MISSING,nsubj,leftover_target,
1025,one-to-many,dn_1114,isk_1376 isk_1377,"La passione della musica mi cominciò in quel tempo, dentro una colombaia....",私その節眞似出來るやうになつたのよ。 此の鳩舍で子供の時に覺えが始まりで、到頭音樂が大好きになつちやつたの…。,MISSING,大好きになつちやつた,MISSING,Ippolita,MISSING,NULL,MISSING,nsubj,leftover_target,
1026,one-to-many,dn_1115,isk_1378 isk_1379 isk_1380,"Ella ripeteva mentalmente la sonata dell'antico flauto albanese, gustandone il sapore dolcigno con una malinconia simile in parte a quella della sposa che dopo molti anni ritrova in fondo al suo cassone di nozze un confetto dimenticato.",斯うして彼女は心の中で、昔のアルバノの笛の節を繰返して見た。 その快さを味ふには一種の哀愁があつた。 妻となつた女が、幾年か後に婚禮の時の贈り物の匣の底から、糖果を一つ見附け出した時のやうな哀愁がそれであつた。,Ella,彼女,Ippolita,Ippolita,PRON,PRON,nsubj,nsubj,explicit_full,
1029,one-to-many,dn_1118,isk_1383 isk_1384,"Girava per le stanze, mi ricordo, una tortora zoppa, una delle grandi tenerezze di mia zia.",一羽の跛の班鳩が部屋の中へびよんびよん這入つて來た事があつたの。 それは伯母さんの一番氣に入りの鳩でね。,mi,MISSING,Ippolita,MISSING,PRON-REFLEX,MISSING,obj,MISSING,leftover_source,
1029,one-to-many,dn_1118,isk_1383 isk_1384,"Girava per le stanze, mi ricordo, una tortora zoppa, una delle grandi tenerezze di mia zia.",一羽の跛の班鳩が部屋の中へびよんびよん這入つて來た事があつたの。 それは伯母さんの一番氣に入りの鳩でね。,ricordo,MISSING,Ippolita,MISSING,NULL,MISSING,nsubj,MISSING,leftover_source,
1029,one-to-many,dn_1118,isk_1383 isk_1384,"Girava per le stanze, mi ricordo, una tortora zoppa, una delle grandi tenerezze di mia zia.",一羽の跛の班鳩が部屋の中へびよんびよん這入つて來た事があつたの。 それは伯母さんの一番氣に入りの鳩でね。,mia zia,伯母さん,aunt-Giovianna,aunt-Giovianna,NOUN,PROPN,nmod,nmod,explicit_ref_case,
1030,one-to-one,dn_1119,isk_1385,"Un giorno venne su a giocare con me una bambina del vicinato, una bella bambina bionda, che si chiamava Clarice.",と或る時、近所の可愛いブロンドの娘で、クラリイチェといふのが遊びませうつて來たの。,una bambina del vicinato,クラリイチェといふの,Clarice,Clarice,NOUN,PROPN,nsubj,nsubj,explicit_ref_case,
1030,one-to-one,dn_1119,isk_1385,"Un giorno venne su a giocare con me una bambina del vicinato, una bella bambina bionda, che si chiamava Clarice.",と或る時、近所の可愛いブロンドの娘で、クラリイチェといふのが遊びませうつて來たの。,una bella bambina bionda,近所の可愛いブロンドの娘,Clarice,Clarice,NOUN,NOUN,nsubj,pred,explicit_ref_pos,
1030,one-to-one,dn_1119,isk_1385,"Un giorno venne su a giocare con me una bambina del vicinato, una bella bambina bionda, che si chiamava Clarice.",と或る時、近所の可愛いブロンドの娘で、クラリイチェといふのが遊びませうつて來たの。,si,MISSING,Clarice,MISSING,PRON-REFLEX,MISSING,obj,MISSING,leftover_source,
1030,one-to-one,dn_1119,isk_1385,"Un giorno venne su a giocare con me una bambina del vicinato, una bella bambina bionda, che si chiamava Clarice.",と或る時、近所の可愛いブロンドの娘で、クラリイチェといふのが遊びませうつて來たの。,Clarice,MISSING,Clarice,MISSING,NOUN,MISSING,obj,MISSING,leftover_source,
1030,one-to-one,dn_1119,isk_1385,"Un giorno venne su a giocare con me una bambina del vicinato, una bella bambina bionda, che si chiamava Clarice.",と或る時、近所の可愛いブロンドの娘で、クラリイチェといふのが遊びませうつて來たの。,MISSING,來た,MISSING,Clarice,MISSING,NULL,MISSING,nsubj,leftover_target,
1030,one-to-one,dn_1119,isk_1385,"Un giorno venne su a giocare con me una bambina del vicinato, una bella bambina bionda, che si chiamava Clarice.",と或る時、近所の可愛いブロンドの娘で、クラリイチェといふのが遊びませうつて來たの。,me,MISSING,Ippolita,MISSING,PRON,MISSING,obj,MISSING,leftover_source,
1031,one-to-one,dn_1120,isk_1386,"La zia era a letto, con la tosse.",伯母さんは其の時寒冒引いて寢んでたの。,La zia,伯母さん,aunt-Giovianna,aunt-Giovianna,NOUN,PROPN,nsubj,nsubj,explicit_ref_case,
1031,one-to-one,dn_1120,isk_1386,"La zia era a letto, con la tosse.",伯母さんは其の時寒冒引いて寢んでたの。,MISSING,寢んでた,MISSING,aunt-Giovianna,MISSING,NULL,MISSING,nsubj,leftover_target,
1032,many-to-one,dn_1121 dn_1122,isk_1387,"Noi giocavamo su una terrazza, devastando i vasi dei garofani. La tortora apparve su la soglia, ci guardò senza sospetto, si fermò in un angolo a godere il sole.",私達二人は築山で撫子の鉢を顚覆したりなぞして遊んてますとね、その班鳩がひよいと窓閾へ来て、罪の無い貌をして這箇をまじまじ観てゐると思つたら、隅つこへ這入つて日向焙してるの。,Noi,私達二人,Ippolita Clarice,Ippolita Clarice,PRON,PRON,nsubj,nsubj,explicit_full,
1032,many-to-one,dn_1121 dn_1122,isk_1387,"Noi giocavamo su una terrazza, devastando i vasi dei garofani. La tortora apparve su la soglia, ci guardò senza sospetto, si fermò in un angolo a godere il sole.",私達二人は築山で撫子の鉢を顚覆したりなぞして遊んてますとね、その班鳩がひよいと窓閾へ来て、罪の無い貌をして這箇をまじまじ観てゐると思つたら、隅つこへ這入つて日向焙してるの。,ci,這箇,Ippolita Clarice,Ippolita Clarice,PRON,DET,obj,obj,explicit_ref_case,
1032,many-to-one,dn_1121 dn_1122,isk_1387,"Noi giocavamo su una terrazza, devastando i vasi dei garofani. La tortora apparve su la soglia, ci guardò senza sospetto, si fermò in un angolo a godere il sole.",私達二人は築山で撫子の鉢を顚覆したりなぞして遊んてますとね、その班鳩がひよいと窓閾へ来て、罪の無い貌をして這箇をまじまじ観てゐると思つたら、隅つこへ這入つて日向焙してるの。,MISSING,顚覆し,MISSING,Ippolita Clarice,MISSING,NULL,MISSING,nsubj,leftover_target,
1032,many-to-one,dn_1121 dn_1122,isk_1387,"Noi giocavamo su una terrazza, devastando i vasi dei garofani. La tortora apparve su la soglia, ci guardò senza sospetto, si fermò in un angolo a godere il sole.",私達二人は築山で撫子の鉢を顚覆したりなぞして遊んてますとね、その班鳩がひよいと窓閾へ来て、罪の無い貌をして這箇をまじまじ観てゐると思つたら、隅つこへ這入つて日向焙してるの。,MISSING,遊んてますと,MISSING,Ippolita Clarice,MISSING,NULL,MISSING,nsubj,leftover_target,
1032,many-to-one,dn_1121 dn_1122,isk_1387,"Noi giocavamo su una terrazza, devastando i vasi dei garofani. La tortora apparve su la soglia, ci guardò senza sospetto, si fermò in un angolo a godere il sole.",私達二人は築山で撫子の鉢を顚覆したりなぞして遊んてますとね、その班鳩がひよいと窓閾へ来て、罪の無い貌をして這箇をまじまじ観てゐると思つたら、隅つこへ這入つて日向焙してるの。,MISSING,観てゐる,MISSING,Ippolita Clarice,MISSING,NULL,MISSING,nsubj,leftover_target,
1032,many-to-one,dn_1121 dn_1122,isk_1387,"Noi giocavamo su una terrazza, devastando i vasi dei garofani. La tortora apparve su la soglia, ci guardò senza sospetto, si fermò in un angolo a godere il sole.",私達二人は築山で撫子の鉢を顚覆したりなぞして遊んてますとね、その班鳩がひよいと窓閾へ来て、罪の無い貌をして這箇をまじまじ観てゐると思つたら、隅つこへ這入つて日向焙してるの。,MISSING,思つたら,MISSING,Ippolita Clarice,MISSING,NULL,MISSING,nsubj,leftover_target,
1033,one-to-one,dn_1123,isk_1388,"Clarice, appena la vide, le corse sopra per afferrarla.",クラリイチェがそれを見ると、突如飛んて行つて捕捉へようとする。,Clarice,クラリイチェ,Clarice,Clarice,PROPN,PROPN,nsubj,nsubj,explicit_full,
1033,one-to-one,dn_1123,isk_1388,"Clarice, appena la vide, le corse sopra per afferrarla.",クラリイチェがそれを見ると、突如飛んて行つて捕捉へようとする。,vide,飛んて行つて,Clarice,Clarice,NULL,NULL,nsubj,nsubj,zero_zero_single,
1034,one-to-one,dn_1124,isk_1389,"La povera bestiola tentava di sfuggire, zoppicando; ma zoppicava in un modo così strano che noi cominciammo a ridere per non finir più.",鳩はすつと摺抜けて、えつちらおつちら跛牽いて行く恰好つたらないもんですからね、可笑しくつて可笑しくつて底止なしに笑つたの。,noi,牽いて行く,Ippolita Clarice,Ippolita Clarice,PRON,NULL,nsubj,nsubj,zero_to_src_anchor,
1034,one-to-one,dn_1124,isk_1389,"La povera bestiola tentava di sfuggire, zoppicando; ma zoppicava in un modo così strano che noi cominciammo a ridere per non finir più.",鳩はすつと摺抜けて、えつちらおつちら跛牽いて行く恰好つたらないもんですからね、可笑しくつて可笑しくつて底止なしに笑つたの。,MISSING,笑つた,MISSING,Ippolita Clarice,MISSING,NULL,MISSING,nsubj,leftover_target,
1035,one-to-one,dn_1125,isk_1390,Clarice la raggiunse:,到頭クラリイチェが押壓へちやつたの。,Clarice,クラリイチェ,Clarice,Clarice,PROPN,PROPN,nsubj,nsubj,explicit_full,
1036,one-to-one,dn_1126,isk_1391,era una bambina crudele.,まあ酷い娘だわね。,bambina crudele,酷い娘,Clarice,Clarice,NOUN,NOUN,pred,pred,explicit_full,
1036,one-to-one,dn_1126,isk_1391,era una bambina crudele.,まあ酷い娘だわね。,era,だ,Clarice,Clarice,NULL,NULL,nsubj,nsubj,zero_zero_single,
1037,one-to-one,dn_1127,isk_1392,"Pel troppo ridere, eravamo tutt'e due come ubriache.",あんまり笑つて私達は蹌踉しちやてよ。,tutt'e due,私達,Ippolita Clarice,Ippolita Clarice,PRON,PRON,nsubj,nsubj,explicit_full,
1037,one-to-one,dn_1127,isk_1392,"Pel troppo ridere, eravamo tutt'e due come ubriache.",あんまり笑つて私達は蹌踉しちやてよ。,MISSING,笑つて,MISSING,Ippolita Clarice,MISSING,NULL,MISSING,nsubj,leftover_target,
1038,one-to-one,dn_1128,isk_1393,"La tortora, sbigottita, si dibatteva nelle nostre mani.",鳩は捕つてぶるぶる可怕がつてるの。,nostre,MISSING,Ippolita Clarice,MISSING,DET,MISSING,nmod,MISSING,leftover_source,
1039,one-to-many,dn_1129,isk_1394 isk_1395 isk_1396,"Clarice le strappò una penna; poi (ora che ci ripenso, rabbrividisco) poi la spennò quasi tutta, davanti a me, ridendo, facendomi ridere, come ubriaca.",クラリイチェが羽を一本引つこ拔いたの。 それからね(憶ひ出しても竦とするわ)私の眼の前でだんだんに引毟つて、とうとう眞裸にしちやつたんですもの。 きやつきやつ言つてね、それや私だつて釣込まれて面白がつたけど。,Clarice,クラリイチェ,Clarice,Clarice,PROPN,PROPN,nsubj,nsubj,explicit_full,
1039,one-to-many,dn_1129,isk_1394 isk_1395 isk_1396,"Clarice le strappò una penna; poi (ora che ci ripenso, rabbrividisco) poi la spennò quasi tutta, davanti a me, ridendo, facendomi ridere, come ubriaca.",クラリイチェが羽を一本引つこ拔いたの。 それからね(憶ひ出しても竦とするわ)私の眼の前でだんだんに引毟つて、とうとう眞裸にしちやつたんですもの。 きやつきやつ言つてね、それや私だつて釣込まれて面白がつたけど。,me,私,Ippolita,Ippolita,PRON,PRON,obj,nmod,explicit_ref_pos,
1039,one-to-many,dn_1129,isk_1394 isk_1395 isk_1396,"Clarice le strappò una penna; poi (ora che ci ripenso, rabbrividisco) poi la spennò quasi tutta, davanti a me, ridendo, facendomi ridere, come ubriaca.",クラリイチェが羽を一本引つこ拔いたの。 それからね(憶ひ出しても竦とするわ)私の眼の前でだんだんに引毟つて、とうとう眞裸にしちやつたんですもの。 きやつきやつ言つてね、それや私だつて釣込まれて面白がつたけど。,mi,私,Ippolita,Ippolita,PRON,PRON,obj,nsubj,explicit_ref_pos,
1039,one-to-many,dn_1129,isk_1394 isk_1395 isk_1396,"Clarice le strappò una penna; poi (ora che ci ripenso, rabbrividisco) poi la spennò quasi tutta, davanti a me, ridendo, facendomi ridere, come ubriaca.",クラリイチェが羽を一本引つこ拔いたの。 それからね(憶ひ出しても竦とするわ)私の眼の前でだんだんに引毟つて、とうとう眞裸にしちやつたんですもの。 きやつきやつ言つてね、それや私だつて釣込まれて面白がつたけど。,ripenso,竦とする,Ippolita,Ippolita,NULL,NULL,nsubj,nsubj,zero_zero_semantic,0.19857288278332624
1039,one-to-many,dn_1129,isk_1394 isk_1395 isk_1396,"Clarice le strappò una penna; poi (ora che ci ripenso, rabbrividisco) poi la spennò quasi tutta, davanti a me, ridendo, facendomi ridere, come ubriaca.",クラリイチェが羽を一本引つこ拔いたの。 それからね(憶ひ出しても竦とするわ)私の眼の前でだんだんに引毟つて、とうとう眞裸にしちやつたんですもの。 きやつきやつ言つてね、それや私だつて釣込まれて面白がつたけど。,rabbrividisco,毟つて,Ippolita,Ippolita,NULL,NULL,nsubj,nsubj,zero_zero_semantic,0.41479383774344575
1039,one-to-many,dn_1129,isk_1394 isk_1395 isk_1396,"Clarice le strappò una penna; poi (ora che ci ripenso, rabbrividisco) poi la spennò quasi tutta, davanti a me, ridendo, facendomi ridere, come ubriaca.",クラリイチェが羽を一本引つこ拔いたの。 それからね(憶ひ出しても竦とするわ)私の眼の前でだんだんに引毟つて、とうとう眞裸にしちやつたんですもの。 きやつきやつ言つてね、それや私だつて釣込まれて面白がつたけど。,MISSING,憶ひ出しても,MISSING,Ippolita,MISSING,NULL,MISSING,nsubj,leftover_target,
1039,one-to-many,dn_1129,isk_1394 isk_1395 isk_1396,"Clarice le strappò una penna; poi (ora che ci ripenso, rabbrividisco) poi la spennò quasi tutta, davanti a me, ridendo, facendomi ridere, come ubriaca.",クラリイチェが羽を一本引つこ拔いたの。 それからね(憶ひ出しても竦とするわ)私の眼の前でだんだんに引毟つて、とうとう眞裸にしちやつたんですもの。 きやつきやつ言つてね、それや私だつて釣込まれて面白がつたけど。,MISSING,言つて,MISSING,Ippolita,MISSING,NULL,MISSING,nsubj,leftover_target,
1039,one-to-many,dn_1129,isk_1394 isk_1395 isk_1396,"Clarice le strappò una penna; poi (ora che ci ripenso, rabbrividisco) poi la spennò quasi tutta, davanti a me, ridendo, facendomi ridere, come ubriaca.",クラリイチェが羽を一本引つこ拔いたの。 それからね(憶ひ出しても竦とするわ)私の眼の前でだんだんに引毟つて、とうとう眞裸にしちやつたんですもの。 きやつきやつ言つてね、それや私だつて釣込まれて面白がつたけど。,MISSING,釣込まれて,MISSING,Ippolita,MISSING,NULL,MISSING,nsubj,leftover_target,
1041,many-to-one,dn_1131 dn_1132,isk_1399,"Noi la seguimmo per un tratto. Poco dopo, udimmo scampanellare, e la zia che gridava e tossiva dal suo letto....",それを復た二人が追掛けようとすると、丁度ちりんちりんと鈴の音がして、病床で咳をして居る伯母さんに呼ばれたもんですから…,Noi,二人,Ippolita Clarice,Ippolita Clarice,PRON,NOUN,nsubj,nsubj,explicit_ref_case,
1041,many-to-one,dn_1131 dn_1132,isk_1399,"Noi la seguimmo per un tratto. Poco dopo, udimmo scampanellare, e la zia che gridava e tossiva dal suo letto....",それを復た二人が追掛けようとすると、丁度ちりんちりんと鈴の音がして、病床で咳をして居る伯母さんに呼ばれたもんですから…,udimmo,MISSING,Ippolita Clarice,MISSING,NULL,MISSING,nsubj,MISSING,leftover_source,
1041,many-to-one,dn_1131 dn_1132,isk_1399,"Noi la seguimmo per un tratto. Poco dopo, udimmo scampanellare, e la zia che gridava e tossiva dal suo letto....",それを復た二人が追掛けようとすると、丁度ちりんちりんと鈴の音がして、病床で咳をして居る伯母さんに呼ばれたもんですから…,la zia,伯母さん,aunt-Giovianna,aunt-Giovianna,NOUN,PROPN,nsubj,obj,explicit_ref_only,
1042,one-to-many,dn_1133,isk_1400 isk_1401,Clarice infilò sùbito le scale; io mi nascosi dietro a una tenda.,クラリイチェは梯子段を傳はつて遣げ込む。 私は窓帷の影へ隱れる。,Clarice,クラリイチェ,Clarice,Clarice,PROPN,PROPN,nsubj,nsubj,explicit_full,
1042,one-to-many,dn_1133,isk_1400 isk_1401,Clarice infilò sùbito le scale; io mi nascosi dietro a una tenda.,クラリイチェは梯子段を傳はつて遣げ込む。 私は窓帷の影へ隱れる。,MISSING,込む,MISSING,Clarice,MISSING,NULL,MISSING,nsubj,leftover_target,
1042,one-to-many,dn_1133,isk_1400 isk_1401,Clarice infilò sùbito le scale; io mi nascosi dietro a una tenda.,クラリイチェは梯子段を傳はつて遣げ込む。 私は窓帷の影へ隱れる。,io,私,Ippolita,Ippolita,PRON,PRON,nsubj,nsubj,explicit_full,
1042,one-to-many,dn_1133,isk_1400 isk_1401,Clarice infilò sùbito le scale; io mi nascosi dietro a una tenda.,クラリイチェは梯子段を傳はつて遣げ込む。 私は窓帷の影へ隱れる。,mi,MISSING,Ippolita,MISSING,PRON-REFLEX,MISSING,obj,MISSING,leftover_source,
1044,one-to-many,dn_1135,isk_1403 isk_1404,"La zia mi rimandò a Roma, credendomi colpevole dello strazio; e pur troppo non la rividi più.",殺生の罪が私といふことになつて、羅馬へ遣られたの。 もうそれから伯母さんには二度と遇へなかつたわ。,mi,私,Ippolita,Ippolita,PRON,PRON,obj,obj,explicit_full,
1044,one-to-many,dn_1135,isk_1403 isk_1404,"La zia mi rimandò a Roma, credendomi colpevole dello strazio; e pur troppo non la rividi più.",殺生の罪が私といふことになつて、羅馬へ遣られたの。 もうそれから伯母さんには二度と遇へなかつたわ。,rividi,遇へなかつた,Ippolita,Ippolita,NULL,NULL,nsubj,nsubj,zero_zero_semantic,0.5597369505032417
1044,one-to-many,dn_1135,isk_1403 isk_1404,"La zia mi rimandò a Roma, credendomi colpevole dello strazio; e pur troppo non la rividi più.",殺生の罪が私といふことになつて、羅馬へ遣られたの。 もうそれから伯母さんには二度と遇へなかつたわ。,mi,MISSING,Ippolita,MISSING,PRON,MISSING,obj,MISSING,leftover_source,
1044,one-to-many,dn_1135,isk_1403 isk_1404,"La zia mi rimandò a Roma, credendomi colpevole dello strazio; e pur troppo non la rividi più.",殺生の罪が私といふことになつて、羅馬へ遣られたの。 もうそれから伯母さんには二度と遇へなかつたわ。,MISSING,遣られた,MISSING,Ippolita,MISSING,NULL,MISSING,nsubj,leftover_target,
1044,one-to-many,dn_1135,isk_1403 isk_1404,"La zia mi rimandò a Roma, credendomi colpevole dello strazio; e pur troppo non la rividi più.",殺生の罪が私といふことになつて、羅馬へ遣られたの。 もうそれから伯母さんには二度と遇へなかつたわ。,la,伯母さん,aunt-Giovianna,aunt-Giovianna,PRON,NOUN,obj,obj,explicit_ref_case,
1044,one-to-many,dn_1135,isk_1403 isk_1404,"La zia mi rimandò a Roma, credendomi colpevole dello strazio; e pur troppo non la rividi più.",殺生の罪が私といふことになつて、羅馬へ遣られたの。 もうそれから伯母さんには二度と遇へなかつたわ。,La zia,MISSING,aunt-Giovianna,MISSING,NOUN,MISSING,nsubj,MISSING,leftover_source,
1045,one-to-one,dn_1136,isk_1405,Quanto piansi!,私甚麼に泣いたでせう。,piansi,泣いたでせう,Ippolita,Ippolita,NULL,NULL,nsubj,nsubj,zero_zero_single,
1045,one-to-one,dn_1136,isk_1405,Quanto piansi!,私甚麼に泣いたでせう。,MISSING,私,MISSING,Ippolita,MISSING,PRON,MISSING,nsubj,leftover_target,
1046,one-to-one,dn_1137,isk_1406,Il rimorso mi dura ancóra.,でも此の後悔は何時までも消えますまい。,mi,MISSING,Ippolita,MISSING,PRON,MISSING,obj,MISSING,leftover_source,
1047,one-to-many,dn_1138,isk_1407 isk_1408 isk_1409 isk_1410,"Ella parlava piano, interrompendosi, guardando con occhi fissi e un poco dilatati il fuoco splendido che pareva quasi magnetizzarla, darle come un principio di torpore ipnotico; mentre dalla strada saliva il remore eguale e continuo che facevano i selciatori battendo le selci.",句切句切で息んでは徐々と話した。 腫れぽつたい眼は凝と燃火の方に向いて居た。 其の火は女を吸ひ著けて痲醉を起させるやうに見えた。 街の方からは、甃石を敲く石切屋の、規則正しい慵い響が聞えて居た。,la,女,Ippolita,Ippolita,PRON,NOUN,obj,obj,explicit_ref_case,
1047,one-to-many,dn_1138,isk_1407 isk_1408 isk_1409 isk_1410,"Ella parlava piano, interrompendosi, guardando con occhi fissi e un poco dilatati il fuoco splendido che pareva quasi magnetizzarla, darle come un principio di torpore ipnotico; mentre dalla strada saliva il remore eguale e continuo che facevano i selciatori battendo le selci.",句切句切で息んでは徐々と話した。 腫れぽつたい眼は凝と燃火の方に向いて居た。 其の火は女を吸ひ著けて痲醉を起させるやうに見えた。 街の方からは、甃石を敲く石切屋の、規則正しい慵い響が聞えて居た。,Ella,息んで,Ippolita,Ippolita,PRON,NULL,nsubj,nsubj,zero_to_src_anchor,
1047,one-to-many,dn_1138,isk_1407 isk_1408 isk_1409 isk_1410,"Ella parlava piano, interrompendosi, guardando con occhi fissi e un poco dilatati il fuoco splendido che pareva quasi magnetizzarla, darle come un principio di torpore ipnotico; mentre dalla strada saliva il remore eguale e continuo che facevano i selciatori battendo le selci.",句切句切で息んでは徐々と話した。 腫れぽつたい眼は凝と燃火の方に向いて居た。 其の火は女を吸ひ著けて痲醉を起させるやうに見えた。 街の方からは、甃石を敲く石切屋の、規則正しい慵い響が聞えて居た。,si,MISSING,Ippolita,MISSING,PRON-REFLEX,MISSING,obj,MISSING,leftover_source,
1047,one-to-many,dn_1138,isk_1407 isk_1408 isk_1409 isk_1410,"Ella parlava piano, interrompendosi, guardando con occhi fissi e un poco dilatati il fuoco splendido che pareva quasi magnetizzarla, darle come un principio di torpore ipnotico; mentre dalla strada saliva il remore eguale e continuo che facevano i selciatori battendo le selci.",句切句切で息んでは徐々と話した。 腫れぽつたい眼は凝と燃火の方に向いて居た。 其の火は女を吸ひ著けて痲醉を起させるやうに見えた。 街の方からは、甃石を敲く石切屋の、規則正しい慵い響が聞えて居た。,le,MISSING,Ippolita,MISSING,PRON,MISSING,obj,MISSING,leftover_source,
1047,one-to-many,dn_1138,isk_1407 isk_1408 isk_1409 isk_1410,"Ella parlava piano, interrompendosi, guardando con occhi fissi e un poco dilatati il fuoco splendido che pareva quasi magnetizzarla, darle come un principio di torpore ipnotico; mentre dalla strada saliva il remore eguale e continuo che facevano i selciatori battendo le selci.",句切句切で息んでは徐々と話した。 腫れぽつたい眼は凝と燃火の方に向いて居た。 其の火は女を吸ひ著けて痲醉を起させるやうに見えた。 街の方からは、甃石を敲く石切屋の、規則正しい慵い響が聞えて居た。,MISSING,話した,MISSING,Ippolita,MISSING,NULL,MISSING,nsubj,leftover_target,
1047,one-to-many,dn_1138,isk_1407 isk_1408 isk_1409 isk_1410,"Ella parlava piano, interrompendosi, guardando con occhi fissi e un poco dilatati il fuoco splendido che pareva quasi magnetizzarla, darle come un principio di torpore ipnotico; mentre dalla strada saliva il remore eguale e continuo che facevano i selciatori battendo le selci.",句切句切で息んでは徐々と話した。 腫れぽつたい眼は凝と燃火の方に向いて居た。 其の火は女を吸ひ著けて痲醉を起させるやうに見えた。 街の方からは、甃石を敲く石切屋の、規則正しい慵い響が聞えて居た。,i selciatori,甃石を敲く石切屋,pavers,pavers,NOUN,NOUN,nsubj,nmod,explicit_ref_pos,
1048,one-to-one,dn_1139,isk_1411,"Un giorno gli amanti tornarono dal lago di Nemi, un po'stanchi.",或る時二人はネミの湖水から疲れて歸つて來た。,gli amanti,二人,Giorgio Ippolita,Giorgio Ippolita,NOUN,NOUN,nsubj,nsubj,explicit_full,
1048,one-to-one,dn_1139,isk_1411,"Un giorno gli amanti tornarono dal lago di Nemi, un po'stanchi.",或る時二人はネミの湖水から疲れて歸つて來た。,MISSING,歸つて來た,MISSING,Giorgio Ippolita,MISSING,NULL,MISSING,nsubj,leftover_target,
1049,one-to-one,dn_1140,isk_1412,"Avevano fatto colazione nella Villa Cesarini, sotto le pompose camelie fiorite.",彼等は火のやうな盛り山茶の花に覆はれたチェザリ二の別莊の食事をして來たのであつた。,Avevano fatto,彼等,Giorgio Ippolita,Giorgio Ippolita,NULL,PRON,nsubj,nsubj,zero_to_tgt_anchor,
1050,one-to-many,dn_1141,isk_1413 isk_1414,"Soli, col sentimento di chi solo contempla la più segreta delle segrete cose, avevano contemplato lo Specchio di Diana freddo e impenetrabile alla vista come un ghiaccio azzurro.",深々と靑澄んだ氷河のやうに冷く、視て視透されない「ヂアナの鏡」を、彼等は深く考へさせられて來た。 ―秘密な事物の最後の秘密、それを洞察かうとする彼には、他人の知らぬ情緒が涌いた。,MISSING,彼,MISSING,Giorgio,MISSING,PRON,MISSING,obj,leftover_target,
1050,one-to-many,dn_1141,isk_1413 isk_1414,"Soli, col sentimento di chi solo contempla la più segreta delle segrete cose, avevano contemplato lo Specchio di Diana freddo e impenetrabile alla vista come un ghiaccio azzurro.",深々と靑澄んだ氷河のやうに冷く、視て視透されない「ヂアナの鏡」を、彼等は深く考へさせられて來た。 ―秘密な事物の最後の秘密、それを洞察かうとする彼には、他人の知らぬ情緒が涌いた。,avevano contemplato,視て視透されない,Giorgio Ippolita,Giorgio Ippolita,NULL,NULL,nsubj,nsubj,zero_zero_single,
1050,one-to-many,dn_1141,isk_1413 isk_1414,"Soli, col sentimento di chi solo contempla la più segreta delle segrete cose, avevano contemplato lo Specchio di Diana freddo e impenetrabile alla vista come un ghiaccio azzurro.",深々と靑澄んだ氷河のやうに冷く、視て視透されない「ヂアナの鏡」を、彼等は深く考へさせられて來た。 ―秘密な事物の最後の秘密、それを洞察かうとする彼には、他人の知らぬ情緒が涌いた。,MISSING,彼等,MISSING,Giorgio Ippolita,MISSING,PRON,MISSING,nsubj,leftover_target,
1051,one-to-one,dn_1142,isk_1415,Ordinarono il tè consueto.,二人は每ものやうに茶を淹れさした。,Ordinarono,淹れさした,Giorgio Ippolita,Giorgio Ippolita,NULL,NULL,nsubj,nsubj,zero_zero_single,
1051,one-to-one,dn_1142,isk_1415,Ordinarono il tè consueto.,二人は每ものやうに茶を淹れさした。,MISSING,二人,MISSING,Giorgio Ippolita,MISSING,NOUN,MISSING,nsubj,leftover_target,
1052,one-to-one,dn_1143,isk_1416,"Ippolita, che cercava qualche oggetto in una sua valigia, si volse d'un tratto a Giorgio mostrandogli un plico legato da un nastro.",鞄を開けて物を搜して居たイッポリイタが、偶と男の方を顧眄つて、紐で結へた紙の束を出して見せた。,Giorgio,男,Giorgio,Giorgio,PROPN,NOUN,obj,nmod,explicit_ref_only,
1052,one-to-one,dn_1143,isk_1416,"Ippolita, che cercava qualche oggetto in una sua valigia, si volse d'un tratto a Giorgio mostrandogli un plico legato da un nastro.",鞄を開けて物を搜して居たイッポリイタが、偶と男の方を顧眄つて、紐で結へた紙の束を出して見せた。,gli,MISSING,Giorgio,MISSING,PRON,MISSING,obj,MISSING,leftover_source,
1052,one-to-one,dn_1143,isk_1416,"Ippolita, che cercava qualche oggetto in una sua valigia, si volse d'un tratto a Giorgio mostrandogli un plico legato da un nastro.",鞄を開けて物を搜して居たイッポリイタが、偶と男の方を顧眄つて、紐で結へた紙の束を出して見せた。,Ippolita,イッポリイタ,Ippolita,Ippolita,PROPN,PROPN,nsubj,nsubj,explicit_full,
1052,one-to-one,dn_1143,isk_1416,"Ippolita, che cercava qualche oggetto in una sua valigia, si volse d'un tratto a Giorgio mostrandogli un plico legato da un nastro.",鞄を開けて物を搜して居たイッポリイタが、偶と男の方を顧眄つて、紐で結へた紙の束を出して見せた。,sua,MISSING,Ippolita,MISSING,DET,MISSING,nmod,MISSING,leftover_source,
1052,one-to-one,dn_1143,isk_1416,"Ippolita, che cercava qualche oggetto in una sua valigia, si volse d'un tratto a Giorgio mostrandogli un plico legato da un nastro.",鞄を開けて物を搜して居たイッポリイタが、偶と男の方を顧眄つて、紐で結へた紙の束を出して見せた。,si,MISSING,Ippolita,MISSING,PRON-REFLEX,MISSING,obj,MISSING,leftover_source,
1052,one-to-one,dn_1143,isk_1416,"Ippolita, che cercava qualche oggetto in una sua valigia, si volse d'un tratto a Giorgio mostrandogli un plico legato da un nastro.",鞄を開けて物を搜して居たイッポリイタが、偶と男の方を顧眄つて、紐で結へた紙の束を出して見せた。,MISSING,開けて,MISSING,Ippolita,MISSING,NULL,MISSING,nsubj,leftover_target,
1053,many-to-one,dn_1144 dn_1145,isk_1417,Vedi? Le tue lettere....,これ皆な貴郞から下すつたお手紙よ…,tue,貴郞,Giorgio,Giorgio,DET,NOUN,nmod,nmod,explicit_ref_case,
1053,many-to-one,dn_1144 dn_1145,isk_1417,Vedi? Le tue lettere....,これ皆な貴郞から下すつたお手紙よ…,Vedi,MISSING,Giorgio,MISSING,NULL,MISSING,nsubj,MISSING,leftover_source,
1054,one-to-one,dn_1146,isk_1418,Le porto sempre con me.,何處へでも提げて行くの。,porto,提げて行く,Ippolita,Ippolita,NULL,NULL,nsubj,nsubj,zero_zero_single,
1054,one-to-one,dn_1146,isk_1418,Le porto sempre con me.,何處へでも提げて行くの。,me,MISSING,Ippolita,MISSING,PRON,MISSING,obj,MISSING,leftover_source,
1055,one-to-one,dn_1147,isk_1419,Giorgio esclamò con visibile compiacenza:,ジォルジオは滿足の色を見せて叫んだ。,Giorgio,ジォルジオ,Giorgio,Giorgio,PROPN,PROPN,nsubj,nsubj,explicit_full,
1055,one-to-one,dn_1147,isk_1419,Giorgio esclamò con visibile compiacenza:,ジォルジオは滿足の色を見せて叫んだ。,MISSING,見せて,MISSING,Giorgio,MISSING,NULL,MISSING,nsubj,leftover_target,
1057,one-to-one,dn_1149,isk_1421,Le hai conservate tutte?,悉皆持つてるのか。,hai conservate,持つてる,Ippolita,Ippolita,NULL,NULL,nsubj,nsubj,zero_zero_single,
1059,one-to-many,dn_1151,isk_1423 isk_1424,"Ho anche i biglietti, anche i telegrammi.",悉皆。 葉書から電報までもあつてよ。,Ho,MISSING,Ippolita,MISSING,NULL,MISSING,nsubj,MISSING,leftover_source,
1060,one-to-one,dn_1152 dn_1153 dn_1154,isk_1425 isk_1426,"Manca un biglietto solo, quello che gettai nel fuoco perché non cadesse nelle mani di mio marito. Ma conservo i pezzi bruciati: qualche parola è ancóra leggibile.",唯た一枚だけ家で見附かりさうだつたので、燒いた葉書が惜しいと思ふんだけど、燒屑は、拾つといたわ。 でも文字は幾から分かるの。,gettai,思ふ,Ippolita,Ippolita,NULL,NULL,nsubj,nsubj,zero_zero_semantic,0.4776337238853095
1060,one-to-one,dn_1152 dn_1153 dn_1154,isk_1425 isk_1426,"Manca un biglietto solo, quello che gettai nel fuoco perché non cadesse nelle mani di mio marito. Ma conservo i pezzi bruciati: qualche parola è ancóra leggibile.",唯た一枚だけ家で見附かりさうだつたので、燒いた葉書が惜しいと思ふんだけど、燒屑は、拾つといたわ。 でも文字は幾から分かるの。,conservo,拾つといた,Ippolita,Ippolita,NULL,NULL,nsubj,nsubj,zero_zero_semantic,0.26871538492011243
1060,one-to-one,dn_1152 dn_1153 dn_1154,isk_1425 isk_1426,"Manca un biglietto solo, quello che gettai nel fuoco perché non cadesse nelle mani di mio marito. Ma conservo i pezzi bruciati: qualche parola è ancóra leggibile.",唯た一枚だけ家で見附かりさうだつたので、燒いた葉書が惜しいと思ふんだけど、燒屑は、拾つといたわ。 でも文字は幾から分かるの。,MISSING,見附かりさうだつた,MISSING,Ippolita,MISSING,NULL,MISSING,nsubj,leftover_target,
1060,one-to-one,dn_1152 dn_1153 dn_1154,isk_1425 isk_1426,"Manca un biglietto solo, quello che gettai nel fuoco perché non cadesse nelle mani di mio marito. Ma conservo i pezzi bruciati: qualche parola è ancóra leggibile.",唯た一枚だけ家で見附かりさうだつたので、燒いた葉書が惜しいと思ふんだけど、燒屑は、拾つといたわ。 でも文字は幾から分かるの。,mio marito,MISSING,Ippolitas-husband,MISSING,NOUN,MISSING,nmod,MISSING,leftover_source,
1061,one-to-one,dn_1155,isk_1427,Mi lascivedere?,どれ、見せな。,Mi,MISSING,Giorgio,MISSING,PRON,MISSING,obj,MISSING,leftover_source,
1061,one-to-one,dn_1155,isk_1427,Mi lascivedere?,どれ、見せな。,lasci,見せな,Ippolita,Ippolita,NULL,NULL,nsubj,nsubj,zero_zero_single,
1062,one-to-one,dn_1157,isk_1428,Ella celò con un atto geloso il plico.,人焦らしな素振で束つた手紙を押隱した。,Ella,押隱した,Ippolita,Ippolita,PRON,NULL,nsubj,nsubj,zero_to_src_anchor,
1063,one-to-one,dn_1158,isk_1429,"Poi, come Giorgio si avanzava verso di lei sorridendo, ella fuggì nella stanza attigua.",ジォルジオが笑み掛けてそのその方寄つて行くと、すつと隣の室へ遁込んだ。,Giorgio,ジォルジオ,Giorgio,Giorgio,PROPN,PROPN,nsubj,nsubj,explicit_full,
1063,one-to-one,dn_1158,isk_1429,"Poi, come Giorgio si avanzava verso di lei sorridendo, ella fuggì nella stanza attigua.",ジォルジオが笑み掛けてそのその方寄つて行くと、すつと隣の室へ遁込んだ。,si,MISSING,Giorgio,MISSING,PRON-REFLEX,MISSING,obj,MISSING,leftover_source,
1063,one-to-one,dn_1158,isk_1429,"Poi, come Giorgio si avanzava verso di lei sorridendo, ella fuggì nella stanza attigua.",ジォルジオが笑み掛けてそのその方寄つて行くと、すつと隣の室へ遁込んだ。,MISSING,寄つて行く,MISSING,Giorgio,MISSING,NULL,MISSING,nsubj,leftover_target,
1063,one-to-one,dn_1158,isk_1429,"Poi, come Giorgio si avanzava verso di lei sorridendo, ella fuggì nella stanza attigua.",ジォルジオが笑み掛けてそのその方寄つて行くと、すつと隣の室へ遁込んだ。,ella,遁込んだ,Ippolita,Ippolita,PRON,NULL,nsubj,nsubj,zero_to_src_anchor,
1063,one-to-one,dn_1158,isk_1429,"Poi, come Giorgio si avanzava verso di lei sorridendo, ella fuggì nella stanza attigua.",ジォルジオが笑み掛けてそのその方寄つて行くと、すつと隣の室へ遁込んだ。,lei,MISSING,Ippolita,MISSING,PRON,MISSING,obj,MISSING,leftover_source,
1064,one-to-one,dn_1159,isk_1430,"No, no; tu non vedrai niente.",不可い不可い。,tu,MISSING,Giorgio,MISSING,PRON,MISSING,nsubj,MISSING,leftover_source,
1065,one-to-many,dn_1160,isk_1431 isk_1432,Non voglio.,見ちや不厭あ。 見せるもんですか。,MISSING,見ちや不厭あ,MISSING,Giorgio,MISSING,NULL,MISSING,nsubj,leftover_target,
1065,one-to-many,dn_1160,isk_1431 isk_1432,Non voglio.,見ちや不厭あ。 見せるもんですか。,Non voglio,見せる,Ippolita,Ippolita,NULL,NULL,nsubj,nsubj,zero_zero_single,
1066,one-to-many,dn_1161,isk_1433 isk_1434,"Si opponeva un po' per gioco e un po' anche perché, avendo sempre custodite gelosamente quelle lettere come un tesoro occulto, con orgoglio e con timore, ella insino le mostrava mal volentieri a colui che le aveva scritte.",半分は笑談から、半分は矜誇と疑懼から頭を振つた。 始終大切な寶玉のやうにして納つて居る物を、書者の男にすら見せることは忌々しく思われた。,colui che le aveva scritte,書者の男,Giorgio,Giorgio,PRON,NOUN,obj,obj,explicit_ref_case,
1066,one-to-many,dn_1161,isk_1433 isk_1434,"Si opponeva un po' per gioco e un po' anche perché, avendo sempre custodite gelosamente quelle lettere come un tesoro occulto, con orgoglio e con timore, ella insino le mostrava mal volentieri a colui che le aveva scritte.",半分は笑談から、半分は矜誇と疑懼から頭を振つた。 始終大切な寶玉のやうにして納つて居る物を、書者の男にすら見せることは忌々しく思われた。,mostrava,振つた,Ippolita,Ippolita,NULL,NULL,nsubj,nsubj,zero_zero_semantic,0.5222725416236231
1066,one-to-many,dn_1161,isk_1433 isk_1434,"Si opponeva un po' per gioco e un po' anche perché, avendo sempre custodite gelosamente quelle lettere come un tesoro occulto, con orgoglio e con timore, ella insino le mostrava mal volentieri a colui che le aveva scritte.",半分は笑談から、半分は矜誇と疑懼から頭を振つた。 始終大切な寶玉のやうにして納つて居る物を、書者の男にすら見せることは忌々しく思われた。,Si,MISSING,Ippolita,MISSING,PRON-REFLEX,MISSING,obj,MISSING,leftover_source,
1066,one-to-many,dn_1161,isk_1433 isk_1434,"Si opponeva un po' per gioco e un po' anche perché, avendo sempre custodite gelosamente quelle lettere come un tesoro occulto, con orgoglio e con timore, ella insino le mostrava mal volentieri a colui che le aveva scritte.",半分は笑談から、半分は矜誇と疑懼から頭を振つた。 始終大切な寶玉のやうにして納つて居る物を、書者の男にすら見せることは忌々しく思われた。,opponeva,MISSING,Ippolita,MISSING,NULL,MISSING,nsubj,MISSING,leftover_source,
1066,one-to-many,dn_1161,isk_1433 isk_1434,"Si opponeva un po' per gioco e un po' anche perché, avendo sempre custodite gelosamente quelle lettere come un tesoro occulto, con orgoglio e con timore, ella insino le mostrava mal volentieri a colui che le aveva scritte.",半分は笑談から、半分は矜誇と疑懼から頭を振つた。 始終大切な寶玉のやうにして納つて居る物を、書者の男にすら見せることは忌々しく思われた。,ella,MISSING,Ippolita,MISSING,PRON,MISSING,nsubj,MISSING,leftover_source,
1067,one-to-many,dn_1162,isk_1435 isk_1436,"Lasciami vedere, ti prego!",ええ？ 見せたつて可いだらう。,mi,MISSING,Giorgio,MISSING,PRON,MISSING,obj,MISSING,leftover_source,
1067,one-to-many,dn_1162,isk_1435 isk_1436,"Lasciami vedere, ti prego!",ええ？ 見せたつて可いだらう。,prego,MISSING,Giorgio,MISSING,NULL,MISSING,nsubj,MISSING,leftover_source,
1067,one-to-many,dn_1162,isk_1435 isk_1436,"Lasciami vedere, ti prego!",ええ？ 見せたつて可いだらう。,Lascia,見せた,Ippolita,Ippolita,NULL,NULL,nsubj,nsubj,zero_zero_single,
1067,one-to-many,dn_1162,isk_1435 isk_1436,"Lasciami vedere, ti prego!",ええ？ 見せたつて可いだらう。,ti,MISSING,Ippolita,MISSING,PRON,MISSING,obj,MISSING,leftover_source,
1068,one-to-one,dn_1163 dn_1164,isk_1437 isk_1438,Sono tanto curioso di rileggere le mie lettere di due anni fa. Che ti scrivevo?,二年前の手紙つて、甚麼事を書いたかな。 見たいもんだな。,Sono,書いた,Giorgio,Giorgio,NULL,NULL,nsubj,nsubj,zero_zero_semantic,0.2506126077086837
1068,one-to-one,dn_1163 dn_1164,isk_1437 isk_1438,Sono tanto curioso di rileggere le mie lettere di due anni fa. Che ti scrivevo?,二年前の手紙つて、甚麼事を書いたかな。 見たいもんだな。,scrivevo,見たい,Giorgio,Giorgio,NULL,NULL,nsubj,nsubj,zero_zero_semantic,0.5909471500484522
1068,one-to-one,dn_1163 dn_1164,isk_1437 isk_1438,Sono tanto curioso di rileggere le mie lettere di due anni fa. Che ti scrivevo?,二年前の手紙つて、甚麼事を書いたかな。 見たいもんだな。,mie,MISSING,Giorgio,MISSING,DET,MISSING,nmod,MISSING,leftover_source,
1068,one-to-one,dn_1163 dn_1164,isk_1437 isk_1438,Sono tanto curioso di rileggere le mie lettere di due anni fa. Che ti scrivevo?,二年前の手紙つて、甚麼事を書いたかな。 見たいもんだな。,ti,MISSING,Ippolita,MISSING,PRON,MISSING,obj,MISSING,leftover_source,
1070,many-to-one,dn_1166 dn_1167,isk_1440,Ti prego! Lasciami vedere.,お見せよ。,prego,MISSING,Giorgio,MISSING,NULL,MISSING,nsubj,MISSING,leftover_source,
1070,many-to-one,dn_1166 dn_1167,isk_1440,Ti prego! Lasciami vedere.,お見せよ。,Lascia,お見せよ,Ippolita,Ippolita,NULL,NULL,nsubj,nsubj,zero_zero_single,
1070,many-to-one,dn_1166 dn_1167,isk_1440,Ti prego! Lasciami vedere.,お見せよ。,Ti,MISSING,Ippolita,MISSING,PRON,MISSING,obj,MISSING,leftover_source,
1070,many-to-one,dn_1166 dn_1167,isk_1440,Ti prego! Lasciami vedere.,お見せよ。,mi,MISSING,Ippolita,MISSING,PRON,MISSING,obj,MISSING,leftover_source,
1071,one-to-one,dn_1168,isk_1441,"Ella alfine consentì, ridendo alle persuadevoli carezze dell'amante.",到頭男の媒えた言葉に牽かされて、笑ひつつ領いた。,amante,男,Giorgio,Giorgio,NOUN,NOUN,nmod,nmod,explicit_full,
1071,one-to-one,dn_1168,isk_1441,"Ella alfine consentì, ridendo alle persuadevoli carezze dell'amante.",到頭男の媒えた言葉に牽かされて、笑ひつつ領いた。,Ella,牽かされて,Ippolita,Ippolita,PRON,NULL,nsubj,nsubj,zero_to_src_anchor,
1071,one-to-one,dn_1168,isk_1441,"Ella alfine consentì, ridendo alle persuadevoli carezze dell'amante.",到頭男の媒えた言葉に牽かされて、笑ひつつ領いた。,MISSING,笑ひつつ,MISSING,Ippolita,MISSING,NULL,MISSING,nsubj,leftover_target,
1071,one-to-one,dn_1168,isk_1441,"Ella alfine consentì, ridendo alle persuadevoli carezze dell'amante.",到頭男の媒えた言葉に牽かされて、笑ひつつ領いた。,MISSING,領いた,MISSING,Ippolita,MISSING,NULL,MISSING,nsubj,leftover_target,
1072,one-to-one,dn_1169,isk_1442,"Ebbene, aspettiamo che venga il tè; e poi le vedremo insieme.",せめてお茶の來るまで待つて頂戴な。,MISSING,待つて頂戴,MISSING,Giorgio,MISSING,NULL,MISSING,nsubj,leftover_target,
1072,one-to-one,dn_1169,isk_1442,"Ebbene, aspettiamo che venga il tè; e poi le vedremo insieme.",せめてお茶の來るまで待つて頂戴な。,aspettiamo,MISSING,Giorgio Ippolita,MISSING,NULL,MISSING,nsubj,MISSING,leftover_source,
1072,one-to-one,dn_1169,isk_1442,"Ebbene, aspettiamo che venga il tè; e poi le vedremo insieme.",せめてお茶の來るまで待つて頂戴な。,vedremo,MISSING,Giorgio Ippolita,MISSING,NULL,MISSING,nsubj,MISSING,leftover_source,
1073,one-to-one,dn_1170,isk_1443,Vuoi che accendiamo il caminetto?,それから一緒に讀むことにして―火を燃して上げて？,accendiamo,讀むことにして,Giorgio Ippolita,Giorgio Ippolita,NULL,NULL,nsubj,nsubj,zero_zero_semantic,0.4150942437576525
1073,one-to-one,dn_1170,isk_1443,Vuoi che accendiamo il caminetto?,それから一緒に讀むことにして―火を燃して上げて？,MISSING,燃して上げて,MISSING,Giorgio Ippolita,MISSING,NULL,MISSING,nsubj,leftover_target,
1073,one-to-one,dn_1170,isk_1443,Vuoi che accendiamo il caminetto?,それから一緒に讀むことにして―火を燃して上げて？,Vuoi,MISSING,Ippolita,MISSING,NULL,MISSING,nsubj,MISSING,leftover_source,
1074,one-to-many,dn_1171,isk_1444 isk_1445,No; oggi è una giornata quasi calda.,要らない。 大分今日は暖かだ。,MISSING,要らない,MISSING,Giorgio,MISSING,NULL,MISSING,nsubj,leftover_target,
1077,one-to-one,dn_1174,isk_1448,"Le violette fresche, còlte nella Villa Cesarini, già avevano profumata tutta la stanza.",チェザリニの別莊で摘んで來た香の高いヸオレットは室中を噎ばせた。,MISSING,摘んで來た,MISSING,Giorgio Ippolita,MISSING,NULL,MISSING,nsubj,leftover_target,
1078,one-to-one,dn_1175,isk_1449,Ecco Pancrazio,パンクラチオでせう。,Pancrazio,パンクラチオ,Pancrazio,Pancrazio,PROPN,PROPN,nsubj,nsubj,explicit_full,
1079,one-to-one,dn_1176,isk_1450,"disse Ippolita, sentendo battere all'uscio.",扉を叩く音を聽きつけて女が斯う。,Ippolita,女,Ippolita,Ippolita,PROPN,NOUN,nsubj,nsubj,explicit_ref_case,
1079,one-to-one,dn_1176,isk_1450,"disse Ippolita, sentendo battere all'uscio.",扉を叩く音を聽きつけて女が斯う。,MISSING,聽きつけて,MISSING,Ippolita,MISSING,NULL,MISSING,nsubj,leftover_target,
1080,one-to-one,dn_1177,isk_1451,Il buon servo Pancrazio portava il suo sorriso inestinguibile e il suo tè inesauribile。,忠實なパンクラチオといふ僕が、その毎も莞爾した顔を見せて、茶を浪々と持つて來た。,Il buon servo Pancrazio,忠實なパンクラチオといふ僕,Pancrazio,Pancrazio,PROPN,NOUN,nsubj,nsubj,explicit_ref_case,
1080,one-to-one,dn_1177,isk_1451,Il buon servo Pancrazio portava il suo sorriso inestinguibile e il suo tè inesauribile。,忠實なパンクラチオといふ僕が、その毎も莞爾した顔を見せて、茶を浪々と持つて來た。,suo,MISSING,Pancrazio,MISSING,DET,MISSING,nmod,MISSING,leftover_source,
1080,one-to-one,dn_1177,isk_1451,Il buon servo Pancrazio portava il suo sorriso inestinguibile e il suo tè inesauribile。,忠實なパンクラチオといふ僕が、その毎も莞爾した顔を見せて、茶を浪々と持つて來た。,suo,MISSING,Pancrazio,MISSING,DET,MISSING,nmod,MISSING,leftover_source,
1080,one-to-one,dn_1177,isk_1451,Il buon servo Pancrazio portava il suo sorriso inestinguibile e il suo tè inesauribile。,忠實なパンクラチオといふ僕が、その毎も莞爾した顔を見せて、茶を浪々と持つて來た。,MISSING,見せて,MISSING,Pancrazio,MISSING,NULL,MISSING,nsubj,leftover_target,
1081,one-to-one,dn_1178,isk_1452,"Posò il vassoio sul tavolo; promise pel pranzo della sera una primizia; ed uscì, con un passo alacre e saltellante。",テイブルに茶道具を置いて夕飯の註文を應いて、軽い彈力のある足取りをして引退つた。,Posò,置いて,Pancrazio,Pancrazio,NULL,NULL,nsubj,nsubj,zero_zero_semantic,0.39511812925338746
1081,one-to-one,dn_1178,isk_1452,"Posò il vassoio sul tavolo; promise pel pranzo della sera una primizia; ed uscì, con un passo alacre e saltellante。",テイブルに茶道具を置いて夕飯の註文を應いて、軽い彈力のある足取りをして引退つた。,promise,應いて,Pancrazio,Pancrazio,NULL,NULL,nsubj,nsubj,zero_zero_semantic,0.18854658921127734
1081,one-to-one,dn_1178,isk_1452,"Posò il vassoio sul tavolo; promise pel pranzo della sera una primizia; ed uscì, con un passo alacre e saltellante。",テイブルに茶道具を置いて夕飯の註文を應いて、軽い彈力のある足取りをして引退つた。,uscì,足取りをして,Pancrazio,Pancrazio,NULL,NULL,nsubj,nsubj,zero_zero_semantic,0.4083608239241268
1081,one-to-one,dn_1178,isk_1452,"Posò il vassoio sul tavolo; promise pel pranzo della sera una primizia; ed uscì, con un passo alacre e saltellante。",テイブルに茶道具を置いて夕飯の註文を應いて、軽い彈力のある足取りをして引退つた。,MISSING,引退つた,MISSING,Pancrazio,MISSING,NULL,MISSING,nsubj,leftover_target,
1082,one-to-many,dn_1179,isk_1453 isk_1454,"Egli era calvo, ma conservava ancóra un'aria giovanile; era straordinariamente servizievole; ed aveva, come certe divinità giapponesi, gli occhi ridarelli, lunghi, stretti e un poco obliqui。",頭はすつぺり禿げて了つて居るけれど、何處かに子供つぼい處が殘つて居た。 慈悲の相が一面に漂つて、丁度日本の佛像に見るやうな、微笑を洋べた細い、切れの長い、心持斜かひの眼元をして居た。,conservava,して居た,Pancrazio,Pancrazio,NULL,NULL,nsubj,nsubj,zero_zero_semantic,0.6650821405980322
1082,one-to-many,dn_1179,isk_1453 isk_1454,"Egli era calvo, ma conservava ancóra un'aria giovanile; era straordinariamente servizievole; ed aveva, come certe divinità giapponesi, gli occhi ridarelli, lunghi, stretti e un poco obliqui。",頭はすつぺり禿げて了つて居るけれど、何處かに子供つぼい處が殘つて居た。 慈悲の相が一面に漂つて、丁度日本の佛像に見るやうな、微笑を洋べた細い、切れの長い、心持斜かひの眼元をして居た。,aveva,見るやうな,Pancrazio,Pancrazio,NULL,NULL,nsubj,nsubj,zero_zero_semantic,0.36084023098848017
1082,one-to-many,dn_1179,isk_1453 isk_1454,"Egli era calvo, ma conservava ancóra un'aria giovanile; era straordinariamente servizievole; ed aveva, come certe divinità giapponesi, gli occhi ridarelli, lunghi, stretti e un poco obliqui。",頭はすつぺり禿げて了つて居るけれど、何處かに子供つぼい處が殘つて居た。 慈悲の相が一面に漂つて、丁度日本の佛像に見るやうな、微笑を洋べた細い、切れの長い、心持斜かひの眼元をして居た。,Egli,MISSING,Pancrazio,MISSING,PRON,MISSING,nsubj,MISSING,leftover_source,
1082,one-to-many,dn_1179,isk_1453 isk_1454,"Egli era calvo, ma conservava ancóra un'aria giovanile; era straordinariamente servizievole; ed aveva, come certe divinità giapponesi, gli occhi ridarelli, lunghi, stretti e un poco obliqui。",頭はすつぺり禿げて了つて居るけれど、何處かに子供つぼい處が殘つて居た。 慈悲の相が一面に漂つて、丁度日本の佛像に見るやうな、微笑を洋べた細い、切れの長い、心持斜かひの眼元をして居た。,era,MISSING,Pancrazio,MISSING,NULL,MISSING,nsubj,MISSING,leftover_source,
1083,one-to-one,dn_1180,isk_1455,Giorgio disse:,ジォルジオは、,Giorgio,ジォルジオ,Giorgio,Giorgio,PROPN,PROPN,nsubj,nsubj,explicit_full,
1084,one-to-one,dn_1181,isk_1456,Pancrazio è più esilarante del suo tè。,茶よりパンクラチオの方が氣紛らしになる。,Pancrazio,パンクラチオ,Pancrazio,Pancrazio,PROPN,PROPN,nsubj,nsubj,explicit_full,
1084,one-to-one,dn_1181,isk_1456,Pancrazio è più esilarante del suo tè。,茶よりパンクラチオの方が氣紛らしになる。,suo,MISSING,Pancrazio,MISSING,DET,MISSING,nmod,MISSING,leftover_source,
1087,one-to-one,dn_1184,isk_1461,Ippolita versò la bevanda:,イッポリイタは茶を注いだ。,Ippolita,イッポリイタ,Ippolita,Ippolita,PROPN,PROPN,nsubj,nsubj,explicit_full,
1089,one-to-one,dn_1186,isk_1463,Quindi ella sciolse il plico:,その時女は紙束を解いた。,ella,女,Ippolita,Ippolita,PRON,NOUN,nsubj,nsubj,explicit_ref_case,
1090,one-to-one,dn_1187,isk_1464,"le lettere apparvero tutte ordinate, divise in tanti fasci minori。",小い束に分類して結へてあつた手紙がばらりと落ちた。,MISSING,分類して,MISSING,Ippolita,MISSING,NULL,MISSING,nsubj,leftover_target,
1092,one-to-one,dn_1189,isk_1466,esclamò Giorgio.,とジォルジオが呆れた。,esclamò,ジォルジオ,Giorgio,Giorgio,PROPN,PROPN,nsubj,nsubj,explicit_full,
1094,one-to-one,dn_1192,isk_1468,"E due anni, mio caro, si compongono di settecento trenta giorni。",考へて御覽なさいな、二年と言やあ、日数に積つても七百三十日ぢやなくつて？,mio caro,MISSING,Giorgio,MISSING,NOUN,MISSING,vocative,MISSING,leftover_source,
1094,one-to-one,dn_1192,isk_1468,"E due anni, mio caro, si compongono di settecento trenta giorni。",考へて御覽なさいな、二年と言やあ、日数に積つても七百三十日ぢやなくつて？,MISSING,考へて御覽なさい,MISSING,Giorgio,MISSING,NULL,MISSING,nsubj,leftover_target,
1094,one-to-one,dn_1192,isk_1468,"E due anni, mio caro, si compongono di settecento trenta giorni。",考へて御覽なさいな、二年と言やあ、日数に積つても七百三十日ぢやなくつて？,MISSING,言やあ,MISSING,Giorgio,MISSING,NULL,MISSING,nsubj,leftover_target,
1094,one-to-one,dn_1192,isk_1468,"E due anni, mio caro, si compongono di settecento trenta giorni。",考へて御覽なさいな、二年と言やあ、日数に積つても七百三十日ぢやなくつて？,MISSING,積つて,MISSING,Giorgio,MISSING,NULL,MISSING,nsubj,leftover_target,
1095,one-to-one,dn_1193,isk_1469,Sorrisero entrambi.,二人は笑み交した。,entrambi,二人,Giorgio Ippolita,Giorgio Ippolita,PRON,NOUN,nsubj,nsubj,explicit_ref_case,
1096,one-to-one,dn_1194,isk_1470,"Si posero l'uno accanto all'altra, seduti, contro il tavolo; e incominciarono la lettura。",テイブルの前に竝んで二人で讀出した。,l'uno,MISSING,Giorgio,MISSING,PRON,MISSING,obj,MISSING,leftover_source,
1096,one-to-one,dn_1194,isk_1470,"Si posero l'uno accanto all'altra, seduti, contro il tavolo; e incominciarono la lettura。",テイブルの前に竝んで二人で讀出した。,posero,竝んで,Giorgio Ippolita,Giorgio Ippolita,NULL,NULL,nsubj,nsubj,zero_zero_semantic,0.5754993092571007
1096,one-to-one,dn_1194,isk_1470,"Si posero l'uno accanto all'altra, seduti, contro il tavolo; e incominciarono la lettura。",テイブルの前に竝んで二人で讀出した。,incominciarono,讀出した,Giorgio Ippolita,Giorgio Ippolita,NULL,NULL,nsubj,nsubj,zero_zero_semantic,0.3590170099642988
1096,one-to-one,dn_1194,isk_1470,"Si posero l'uno accanto all'altra, seduti, contro il tavolo; e incominciarono la lettura。",テイブルの前に竝んで二人で讀出した。,Si,二人,Giorgio Ippolita,Giorgio Ippolita,PRON-REFLEX,NOUN,obj,obj,reflex_obj,
1096,one-to-one,dn_1194,isk_1470,"Si posero l'uno accanto all'altra, seduti, contro il tavolo; e incominciarono la lettura。",テイブルの前に竝んで二人で讀出した。,altra,MISSING,Ippolita,MISSING,PRON,MISSING,obj,MISSING,leftover_source,
1097,one-to-one,dn_1195,isk_1471,"Invadeva Giorgio una commozione singolare, dinanzi a quei documenti del suo amore:",自分の戀の證文を見せ附けられたジォルジオは、一種のデリケキトな强い感情を受けずに居られなかつた。,suo,自分,Giorgio,Giorgio,DET,PRON,nmod,nmod,explicit_ref_case,
1097,one-to-one,dn_1195,isk_1471,"Invadeva Giorgio una commozione singolare, dinanzi a quei documenti del suo amore:",自分の戀の證文を見せ附けられたジォルジオは、一種のデリケキトな强い感情を受けずに居られなかつた。,Giorgio,ジォルジオ,Giorgio,Giorgio,PROPN,PROPN,obj,nsubj,explicit_ref_pos,
1097,one-to-one,dn_1195,isk_1471,"Invadeva Giorgio una commozione singolare, dinanzi a quei documenti del suo amore:",自分の戀の證文を見せ附けられたジォルジオは、一種のデリケキトな强い感情を受けずに居られなかつた。,MISSING,受けず,MISSING,Giorgio,MISSING,NULL,MISSING,nsubj,leftover_target,
1098,one-to-one,dn_1196,isk_1472,una commozione delicata e forte。,讀掛けて見て可感しい氣がして來た。,MISSING,讀掛けて見て,MISSING,Giorgio,MISSING,NULL,MISSING,nsubj,leftover_target,
1099,one-to-one,dn_1197,isk_1473,Le prime lettere misero nel suo spirito uno scompiglio。,手紙に書いてある處から見ると、當時には這麼極端な事を考へ込んて居たものかと、暫時は容易に信じられさうもなかつた。,suo,MISSING,Giorgio,MISSING,DET,MISSING,nmod,MISSING,leftover_source,
1099,one-to-one,dn_1197,isk_1473,Le prime lettere misero nel suo spirito uno scompiglio。,手紙に書いてある處から見ると、當時には這麼極端な事を考へ込んて居たものかと、暫時は容易に信じられさうもなかつた。,MISSING,書いてある,MISSING,Giorgio,MISSING,NULL,MISSING,nsubj,leftover_target,
1099,one-to-one,dn_1197,isk_1473,Le prime lettere misero nel suo spirito uno scompiglio。,手紙に書いてある處から見ると、當時には這麼極端な事を考へ込んて居たものかと、暫時は容易に信じられさうもなかつた。,MISSING,見ると,MISSING,Giorgio,MISSING,NULL,MISSING,nsubj,leftover_target,
1099,one-to-one,dn_1197,isk_1473,Le prime lettere misero nel suo spirito uno scompiglio。,手紙に書いてある處から見ると、當時には這麼極端な事を考へ込んて居たものかと、暫時は容易に信じられさうもなかつた。,MISSING,考へ込んて居た,MISSING,Giorgio,MISSING,NULL,MISSING,nsubj,leftover_target,
1099,one-to-one,dn_1197,isk_1473,Le prime lettere misero nel suo spirito uno scompiglio。,手紙に書いてある處から見ると、當時には這麼極端な事を考へ込んて居たものかと、暫時は容易に信じられさうもなかつた。,MISSING,信じられさうもなかつた,MISSING,Giorgio,MISSING,NULL,MISSING,nsubj,leftover_target,
1100,one-to-one,dn_1198,isk_1474,"Certi stati dell'animo estremi, che quelle lettere rivelavano, gli parvero da principio incomprensibili。",抒情的な、高調した文句を讀んで行くと、今更氣が遠くなるやうに思はれる。,gli,MISSING,Giorgio,MISSING,PRON,MISSING,obj,MISSING,leftover_source,
1100,one-to-one,dn_1198,isk_1474,"Certi stati dell'animo estremi, che quelle lettere rivelavano, gli parvero da principio incomprensibili。",抒情的な、高調した文句を讀んで行くと、今更氣が遠くなるやうに思はれる。,MISSING,讀んで行く,MISSING,Giorgio,MISSING,NULL,MISSING,nsubj,leftover_target,
1100,one-to-one,dn_1198,isk_1474,"Certi stati dell'animo estremi, che quelle lettere rivelavano, gli parvero da principio incomprensibili。",抒情的な、高調した文句を讀んで行くと、今更氣が遠くなるやうに思はれる。,MISSING,思はれる,MISSING,Giorgio,MISSING,NULL,MISSING,nsubj,leftover_target,
1101,one-to-one,dn_1199,isk_1475,L'elevazione lirica di certe frasi lo empì quasi di stupore。,當時の情熱の激しさ、物狂はしさは、漫ろに身毛を竦たしめる。,lo,MISSING,Giorgio,MISSING,PRON,MISSING,obj,MISSING,leftover_source,
1102,one-to-one,dn_1200,isk_1476,"La violenza e il tumulto della passione giovine gli diedero una specie di sbigottimento, in mezzo alla quiete che ora lo circondava, in quell'albergo modesto e silenzioso。",―斯うした落着いた穏かな家の中で、今のやうな平滑かな氣分に包まれてゐることを思ひ比べると、一層それが際立つて見える。,gli,MISSING,Giorgio,MISSING,PRON,MISSING,obj,MISSING,leftover_source,
1102,one-to-one,dn_1200,isk_1476,"La violenza e il tumulto della passione giovine gli diedero una specie di sbigottimento, in mezzo alla quiete che ora lo circondava, in quell'albergo modesto e silenzioso。",―斯うした落着いた穏かな家の中で、今のやうな平滑かな氣分に包まれてゐることを思ひ比べると、一層それが際立つて見える。,lo,MISSING,Giorgio,MISSING,PRON,MISSING,obj,MISSING,leftover_source,
1102,one-to-one,dn_1200,isk_1476,"La violenza e il tumulto della passione giovine gli diedero una specie di sbigottimento, in mezzo alla quiete che ora lo circondava, in quell'albergo modesto e silenzioso。",―斯うした落着いた穏かな家の中で、今のやうな平滑かな氣分に包まれてゐることを思ひ比べると、一層それが際立つて見える。,MISSING,包まれてゐる,MISSING,Giorgio,MISSING,NULL,MISSING,nsubj,leftover_target,
1102,one-to-one,dn_1200,isk_1476,"La violenza e il tumulto della passione giovine gli diedero una specie di sbigottimento, in mezzo alla quiete che ora lo circondava, in quell'albergo modesto e silenzioso。",―斯うした落着いた穏かな家の中で、今のやうな平滑かな氣分に包まれてゐることを思ひ比べると、一層それが際立つて見える。,MISSING,思ひ比べる,MISSING,Giorgio,MISSING,NULL,MISSING,nsubj,leftover_target,
1104,one-to-one,dn_1202,isk_1478,"Quante volte il mio cuore ha sospirato verso di te, questa notte!",其の夜君の爲に、我が心臟の嗚咽した有樣は奈何でしたらう。,mio,我が,Giorgio,Giorgio,DET,PRON,nmod,nmod,explicit_ref_case,
1104,one-to-one,dn_1202,isk_1478,"Quante volte il mio cuore ha sospirato verso di te, questa notte!",其の夜君の爲に、我が心臟の嗚咽した有樣は奈何でしたらう。,te,君,Ippolita,Ippolita,PRON,PRON,obj,nmod,explicit_ref_pos,
1105,one-to-many,dn_1203,isk_1479 isk_1480,"Un'angoscia oscura mi premeva, anche nei brevi intervalli di sonno; ed io aprivo gli occhi per fuggire i fantasmi che si levavano dal profondo dell'anima mia....",影暗き悶えは、短い睡眠の間々にも僕を虐げるのてす。 わが霊魂の深い深い底から出現する幻影を避ける爲に、幾度眼を瞪いたでせう。…,mi,僕,Giorgio,Giorgio,PRON,PRON,obj,obj,explicit_full,
1105,one-to-many,dn_1203,isk_1479 isk_1480,"Un'angoscia oscura mi premeva, anche nei brevi intervalli di sonno; ed io aprivo gli occhi per fuggire i fantasmi che si levavano dal profondo dell'anima mia....",影暗き悶えは、短い睡眠の間々にも僕を虐げるのてす。 わが霊魂の深い深い底から出現する幻影を避ける爲に、幾度眼を瞪いたでせう。…,mia,わが,Giorgio,Giorgio,DET,PRON,nmod,nmod,explicit_ref_case,
1105,one-to-many,dn_1203,isk_1479 isk_1480,"Un'angoscia oscura mi premeva, anche nei brevi intervalli di sonno; ed io aprivo gli occhi per fuggire i fantasmi che si levavano dal profondo dell'anima mia....",影暗き悶えは、短い睡眠の間々にも僕を虐げるのてす。 わが霊魂の深い深い底から出現する幻影を避ける爲に、幾度眼を瞪いたでせう。…,io,瞪いたでせう,Giorgio,Giorgio,PRON,NULL,nsubj,nsubj,zero_to_src_anchor,
1106,many-to-one,dn_1204 dn_1205,isk_1481,"Un solo pensiero mi tiene, un solo pensiero mi tortura: che tu possa andar lontano.",僕には今、唯一つの物思いしかありません―此の一つに僕は苛まれて居ます―若しも君が僕を離れて遠くへ行つて了ひはせぬか、それです。,mi,僕,Giorgio,Giorgio,PRON,PRON,obj,obj,explicit_full,
1106,many-to-one,dn_1204 dn_1205,isk_1481,"Un solo pensiero mi tiene, un solo pensiero mi tortura: che tu possa andar lontano.",僕には今、唯一つの物思いしかありません―此の一つに僕は苛まれて居ます―若しも君が僕を離れて遠くへ行つて了ひはせぬか、それです。,mi,僕,Giorgio,Giorgio,PRON,PRON,obj,obj,explicit_full,
1106,many-to-one,dn_1204 dn_1205,isk_1481,"Un solo pensiero mi tiene, un solo pensiero mi tortura: che tu possa andar lontano.",僕には今、唯一つの物思いしかありません―此の一つに僕は苛まれて居ます―若しも君が僕を離れて遠くへ行つて了ひはせぬか、それです。,MISSING,僕,MISSING,Giorgio,MISSING,PRON,MISSING,nsubj,leftover_target,
1106,many-to-one,dn_1204 dn_1205,isk_1481,"Un solo pensiero mi tiene, un solo pensiero mi tortura: che tu possa andar lontano.",僕には今、唯一つの物思いしかありません―此の一つに僕は苛まれて居ます―若しも君が僕を離れて遠くへ行つて了ひはせぬか、それです。,tu,君,Ippolita,Ippolita,PRON,PRON,nsubj,nsubj,explicit_full,
1106,many-to-one,dn_1204 dn_1205,isk_1481,"Un solo pensiero mi tiene, un solo pensiero mi tortura: che tu possa andar lontano.",僕には今、唯一つの物思いしかありません―此の一つに僕は苛まれて居ます―若しも君が僕を離れて遠くへ行つて了ひはせぬか、それです。,MISSING,行つて了ひ,MISSING,Ippolita,MISSING,NULL,MISSING,nsubj,leftover_target,
1107,one-to-many,dn_1206,isk_1482 isk_1483,Mai mai una tal possibilità mi ha dato un terrore e un dolore più folli.,此の考想はど物狂はしく、苦しく、怖ろしく僕の靈を刺實くものはありません。 決してありません。,mi,僕,Giorgio,Giorgio,PRON,PRON,obj,nmod,explicit_ref_pos,
1108,one-to-many,dn_1207,isk_1484 isk_1485,"Io ho, in questo momento, la certezza precisa, chiarissima, evidente, che senza di te è impossibile la mia vita.",今僕に確信があります。 積極的な、顯著な確信です―君が無ければ、ライフは僕に不可能だといふ事です。,Io,僕,Giorgio,Giorgio,PRON,PRON,nsubj,obj,explicit_ref_pos,
1108,one-to-many,dn_1207,isk_1484 isk_1485,"Io ho, in questo momento, la certezza precisa, chiarissima, evidente, che senza di te è impossibile la mia vita.",今僕に確信があります。 積極的な、顯著な確信です―君が無ければ、ライフは僕に不可能だといふ事です。,mia,僕,Giorgio,Giorgio,DET,PRON,nmod,obj,explicit_ref_only,
1108,one-to-many,dn_1207,isk_1484 isk_1485,"Io ho, in questo momento, la certezza precisa, chiarissima, evidente, che senza di te è impossibile la mia vita.",今僕に確信があります。 積極的な、顯著な確信です―君が無ければ、ライフは僕に不可能だといふ事です。,te,君,Ippolita,Ippolita,PRON,PRON,obj,nsubj,explicit_ref_pos,
1109,one-to-one,dn_1208 dn_1209,isk_1486 isk_1487 isk_1488,"Se penso che tu non ci sei, ecco, il giorno si oscura, la luce mi diventa nemica, la terra mi appare come una tomba senza fondo: io entro nella morte.",君が若しか奈何かなる然う思ふだけで日は忽ち黑闇となります。 明るい光輝が忌忌しくなります。 大地は底知れぬ墳穴のやうに見えて、自分は死滅の狀態に入つて了ひます。,penso,自分,Giorgio,Giorgio,PRON,PRON,nsubj,nsubj,explicit_full,
1109,one-to-one,dn_1208 dn_1209,isk_1486 isk_1487 isk_1488,"Se penso che tu non ci sei, ecco, il giorno si oscura, la luce mi diventa nemica, la terra mi appare come una tomba senza fondo: io entro nella morte.",君が若しか奈何かなる然う思ふだけで日は忽ち黑闇となります。 明るい光輝が忌忌しくなります。 大地は底知れぬ墳穴のやうに見えて、自分は死滅の狀態に入つて了ひます。,io,思ふ,Giorgio,Giorgio,PRON,NULL,nsubj,nsubj,zero_to_src_anchor,
1109,one-to-one,dn_1208 dn_1209,isk_1486 isk_1487 isk_1488,"Se penso che tu non ci sei, ecco, il giorno si oscura, la luce mi diventa nemica, la terra mi appare come una tomba senza fondo: io entro nella morte.",君が若しか奈何かなる然う思ふだけで日は忽ち黑闇となります。 明るい光輝が忌忌しくなります。 大地は底知れぬ墳穴のやうに見えて、自分は死滅の狀態に入つて了ひます。,mi,MISSING,Giorgio,MISSING,PRON,MISSING,obj,MISSING,leftover_source,
1109,one-to-one,dn_1208 dn_1209,isk_1486 isk_1487 isk_1488,"Se penso che tu non ci sei, ecco, il giorno si oscura, la luce mi diventa nemica, la terra mi appare come una tomba senza fondo: io entro nella morte.",君が若しか奈何かなる然う思ふだけで日は忽ち黑闇となります。 明るい光輝が忌忌しくなります。 大地は底知れぬ墳穴のやうに見えて、自分は死滅の狀態に入つて了ひます。,mi,MISSING,Giorgio,MISSING,PRON,MISSING,obj,MISSING,leftover_source,
1109,one-to-one,dn_1208 dn_1209,isk_1486 isk_1487 isk_1488,"Se penso che tu non ci sei, ecco, il giorno si oscura, la luce mi diventa nemica, la terra mi appare come una tomba senza fondo: io entro nella morte.",君が若しか奈何かなる然う思ふだけで日は忽ち黑闇となります。 明るい光輝が忌忌しくなります。 大地は底知れぬ墳穴のやうに見えて、自分は死滅の狀態に入つて了ひます。,tu,君,Ippolita,Ippolita,PRON,PRON,nsubj,nsubj,explicit_full,
1110,one-to-one,dn_1210,isk_1489,"Un'altra lettera, scritta dopo la partenza di Ippolita, diceva:",イッポリイタが出發してから書いた手紙には、斯う。,Ippolita,イッポリイタ,Ippolita,Ippolita,PROPN,PROPN,nmod,nsubj,explicit_ref_pos,
1111,one-to-one,dn_1211,isk_1490,Faccio uno sforzo immane per reggere la penna.,非常な努力で此のペンを把る。,Faccio,把る,Giorgio,Giorgio,NULL,NULL,nsubj,nsubj,zero_zero_single,
1112,one-to-one,dn_1212,isk_1491,"Non ho più vigore alcuno, non ho più volontà.",生氣も意志も盡果ててゐる。,Non ho,MISSING,Giorgio,MISSING,NULL,MISSING,nsubj,MISSING,leftover_source,
1112,one-to-one,dn_1212,isk_1491,"Non ho più vigore alcuno, non ho più volontà.",生氣も意志も盡果ててゐる。,non ho,MISSING,Giorgio,MISSING,NULL,MISSING,nsubj,MISSING,leftover_source,
1113,one-to-many,dn_1213,isk_1492 isk_1493,Mi tiene un abbattimento così scorato ch'io non ho altro senso della vita all'infuori d'una insopportabile nausea di vivere.,堪へがたいライフの辛さ、それだけが自分の外部生活に殘つた感じだ。 然う思ふほど太甚しい沮喪に陷つて居る。,Mi,自分,Giorgio,Giorgio,PRON,PRON,obj,nmod,explicit_ref_pos,
1113,one-to-many,dn_1213,isk_1492 isk_1493,Mi tiene un abbattimento così scorato ch'io non ho altro senso della vita all'infuori d'una insopportabile nausea di vivere.,堪へがたいライフの辛さ、それだけが自分の外部生活に殘つた感じだ。 然う思ふほど太甚しい沮喪に陷つて居る。,tiene,陷つて居る,Giorgio,Giorgio,NULL,NULL,nsubj,nsubj,zero_zero_semantic,0.4146188310925377
1113,one-to-many,dn_1213,isk_1492 isk_1493,Mi tiene un abbattimento così scorato ch'io non ho altro senso della vita all'infuori d'una insopportabile nausea di vivere.,堪へがたいライフの辛さ、それだけが自分の外部生活に殘つた感じだ。 然う思ふほど太甚しい沮喪に陷つて居る。,io,思ふ,Giorgio,Giorgio,PRON,NULL,nsubj,nsubj,zero_to_src_anchor,
1114,one-to-many,dn_1214,isk_1494 isk_1495,"Ed è una giornata grigia, afosa, plumbea, una giornata quasi direi omicida.",日は灰色に、窒息るやうに、重い鉛のやうに感じられる。 謂はば人を惱殺するやうな日だ。,direi,MISSING,Giorgio,MISSING,NULL,MISSING,nsubj,MISSING,leftover_source,
1115,one-to-many,dn_1215,isk_1496 isk_1497 isk_1498,"Le ore passano con una lentezza inesorabile; e la mia miseria si accumula, ad ogni minuto, più squallida e più arida.",時間の經つのが可懊しい程緩い。 其の間、一秒一秒に不幸が增大する。 ―いよいよ可怕しく、いよいよ無慈悲に。,mia,MISSING,Giorgio,MISSING,DET,MISSING,nmod,MISSING,leftover_source,
1116,one-to-one,dn_1216,isk_1499,Mi par d'avere in fondo a me non so quali acque morte e venefiche.,身體の奥に死んだやうな古池が、幾つも幾つも澱んて居て禍をするかと見える。,Mi,MISSING,Giorgio,MISSING,PRON,MISSING,obj,MISSING,leftover_source,
1116,one-to-one,dn_1216,isk_1499,Mi par d'avere in fondo a me non so quali acque morte e venefiche.,身體の奥に死んだやうな古池が、幾つも幾つも澱んて居て禍をするかと見える。,me,MISSING,Giorgio,MISSING,PRON,MISSING,obj,MISSING,leftover_source,
1118,one-to-one,dn_1218,isk_1501,Non so.,僕には分らない。,Non so,僕,Giorgio,Giorgio,NULL,PRON,nsubj,nsubj,zero_to_tgt_anchor,
1119,one-to-one,dn_1219,isk_1502,"Io rimango ottuso ed immobile, sotto un peso che mi schiaccia senza farmi morire.",此の身を殺すでもなしに、寸々ずに碎き潰すやうな重い惱みを負って無抵抗な、痳痺した生活を、唯無意味に續けて居るといふ許りだ。,Io,此の,Giorgio,Giorgio,PRON,DET,nsubj,nmod,explicit_ref_only,
1119,one-to-one,dn_1219,isk_1502,"Io rimango ottuso ed immobile, sotto un peso che mi schiaccia senza farmi morire.",此の身を殺すでもなしに、寸々ずに碎き潰すやうな重い惱みを負って無抵抗な、痳痺した生活を、唯無意味に續けて居るといふ許りだ。,mi,MISSING,Giorgio,MISSING,PRON,MISSING,obj,MISSING,leftover_source,
1119,one-to-one,dn_1219,isk_1502,"Io rimango ottuso ed immobile, sotto un peso che mi schiaccia senza farmi morire.",此の身を殺すでもなしに、寸々ずに碎き潰すやうな重い惱みを負って無抵抗な、痳痺した生活を、唯無意味に續けて居るといふ許りだ。,mi,MISSING,Giorgio,MISSING,PRON,MISSING,obj,MISSING,leftover_source,
1119,one-to-one,dn_1219,isk_1502,"Io rimango ottuso ed immobile, sotto un peso che mi schiaccia senza farmi morire.",此の身を殺すでもなしに、寸々ずに碎き潰すやうな重い惱みを負って無抵抗な、痳痺した生活を、唯無意味に續けて居るといふ許りだ。,MISSING,殺すで,MISSING,Giorgio,MISSING,NULL,MISSING,nsubj,leftover_target,
1119,one-to-one,dn_1219,isk_1502,"Io rimango ottuso ed immobile, sotto un peso che mi schiaccia senza farmi morire.",此の身を殺すでもなしに、寸々ずに碎き潰すやうな重い惱みを負って無抵抗な、痳痺した生活を、唯無意味に續けて居るといふ許りだ。,MISSING,負って,MISSING,Giorgio,MISSING,NULL,MISSING,nsubj,leftover_target,
1119,one-to-one,dn_1219,isk_1502,"Io rimango ottuso ed immobile, sotto un peso che mi schiaccia senza farmi morire.",此の身を殺すでもなしに、寸々ずに碎き潰すやうな重い惱みを負って無抵抗な、痳痺した生活を、唯無意味に續けて居るといふ許りだ。,MISSING,續けて居る,MISSING,Giorgio,MISSING,NULL,MISSING,nsubj,leftover_target,
1121,one-to-one,dn_1221,isk_1504,"Ho infine ricevuta la tua lettera, oggi, alle quattro, mentre disperavo.",到頭今日四時、丁度氣の痿えかゝつて居る最中に君の返事に接した。,Ho infine ricevuta,接した,Giorgio,Giorgio,NULL,NULL,nsubj,nsubj,zero_zero_semantic,0.30768319916340614
1121,one-to-one,dn_1221,isk_1504,"Ho infine ricevuta la tua lettera, oggi, alle quattro, mentre disperavo.",到頭今日四時、丁度氣の痿えかゝつて居る最中に君の返事に接した。,disperavo,MISSING,Giorgio,MISSING,NULL,MISSING,nsubj,MISSING,leftover_source,
1121,one-to-one,dn_1221,isk_1504,"Ho infine ricevuta la tua lettera, oggi, alle quattro, mentre disperavo.",到頭今日四時、丁度氣の痿えかゝつて居る最中に君の返事に接した。,tua,君,Ippolita,Ippolita,PRON,PRON,nmod,nmod,explicit_full,
1122,one-to-one,dn_1222 dn_1223,isk_1505 isk_1506,"E l'ho letta molte volte, cercando tra le parole l'Indicibile, quel che tu non hai potuto esprimere, il segreto dell'anima tua qualche cosa che fosse più viva e più dolce delle parole scritte su la carta inanimata....",幾度讀返したらう。 文字の中から、君の口に得出さない、靈の秘密―無神經な紙に現れて居る文字以外に一層の生氣と感味とを見出すために、繰返し繰返し幾度讀耽つたか知れない…,ho letta,讀耽つたか,Giorgio,Giorgio,NULL,NULL,nsubj,nsubj,zero_zero_semantic,0.37189180302318414
1122,one-to-one,dn_1222 dn_1223,isk_1505 isk_1506,"E l'ho letta molte volte, cercando tra le parole l'Indicibile, quel che tu non hai potuto esprimere, il segreto dell'anima tua qualche cosa che fosse più viva e più dolce delle parole scritte su la carta inanimata....",幾度讀返したらう。 文字の中から、君の口に得出さない、靈の秘密―無神經な紙に現れて居る文字以外に一層の生氣と感味とを見出すために、繰返し繰返し幾度讀耽つたか知れない…,MISSING,讀返した,MISSING,Giorgio,MISSING,NULL,MISSING,nsubj,leftover_target,
1122,one-to-one,dn_1222 dn_1223,isk_1505 isk_1506,"E l'ho letta molte volte, cercando tra le parole l'Indicibile, quel che tu non hai potuto esprimere, il segreto dell'anima tua qualche cosa che fosse più viva e più dolce delle parole scritte su la carta inanimata....",幾度讀返したらう。 文字の中から、君の口に得出さない、靈の秘密―無神經な紙に現れて居る文字以外に一層の生氣と感味とを見出すために、繰返し繰返し幾度讀耽つたか知れない…,tua,君,Ippolita,Ippolita,DET,PRON,nmod,nmod,explicit_ref_case,
1122,one-to-one,dn_1222 dn_1223,isk_1505 isk_1506,"E l'ho letta molte volte, cercando tra le parole l'Indicibile, quel che tu non hai potuto esprimere, il segreto dell'anima tua qualche cosa che fosse più viva e più dolce delle parole scritte su la carta inanimata....",幾度讀返したらう。 文字の中から、君の口に得出さない、靈の秘密―無神經な紙に現れて居る文字以外に一層の生氣と感味とを見出すために、繰返し繰返し幾度讀耽つたか知れない…,tu,MISSING,Ippolita,MISSING,PRON,MISSING,nsubj,MISSING,leftover_source,
1123,one-to-one,dn_1224,isk_1507,Ho un terribile desiderio di te.,僕は君に對する凄慘じいデジイルに擒はれて居る。,Ho,僕,Giorgio,Giorgio,NULL,PRON,nsubj,nsubj,zero_to_tgt_anchor,
1123,one-to-one,dn_1224,isk_1507,Ho un terribile desiderio di te.,僕は君に對する凄慘じいデジイルに擒はれて居る。,te,君,Ippolita,Ippolita,PRON,PRON,obj,obj,explicit_full,
1124,many-to-one,dn_1225 dn_1226,isk_1508,"Cerco su la carta la traccia della tua mano, del tuo alito, del tuo sguardo inutilmente.",其の紙の表に、君の手や呼吸や視線の痕跡を捜して見たが―駄目だ。,Cerco,捜して見た,Giorgio,Giorgio,NULL,NULL,nsubj,nsubj,zero_zero_single,
1124,many-to-one,dn_1225 dn_1226,isk_1508,"Cerco su la carta la traccia della tua mano, del tuo alito, del tuo sguardo inutilmente.",其の紙の表に、君の手や呼吸や視線の痕跡を捜して見たが―駄目だ。,tua,君,Ippolita,Ippolita,DET,PRON,nmod,nmod,explicit_ref_case,
1124,many-to-one,dn_1225 dn_1226,isk_1508,"Cerco su la carta la traccia della tua mano, del tuo alito, del tuo sguardo inutilmente.",其の紙の表に、君の手や呼吸や視線の痕跡を捜して見たが―駄目だ。,tuo,MISSING,Ippolita,MISSING,DET,MISSING,nmod,MISSING,leftover_source,
1124,many-to-one,dn_1225 dn_1226,isk_1508,"Cerco su la carta la traccia della tua mano, del tuo alito, del tuo sguardo inutilmente.",其の紙の表に、君の手や呼吸や視線の痕跡を捜して見たが―駄目だ。,tuo,MISSING,Ippolita,MISSING,DET,MISSING,nmod,MISSING,leftover_source,
1125,one-to-one,dn_1227,isk_1509,Non so che darei per avere almeno un'illusione della tua presenza.,君の顏を髣髴する事さへ偃へば、何物に代へても惜しくはないのだ。,Non so,代へても,Giorgio,Giorgio,NULL,NULL,nsubj,nsubj,zero_zero_semantic,0.6641922540241673
1125,one-to-one,dn_1227,isk_1509,Non so che darei per avere almeno un'illusione della tua presenza.,君の顏を髣髴する事さへ偃へば、何物に代へても惜しくはないのだ。,darei,偃へば,Giorgio,Giorgio,NULL,NULL,nsubj,nsubj,zero_zero_semantic,0.33189372726345573
1125,one-to-one,dn_1227,isk_1509,Non so che darei per avere almeno un'illusione della tua presenza.,君の顏を髣髴する事さへ偃へば、何物に代へても惜しくはないのだ。,tua,君,Ippolita,Ippolita,DET,PRON,nmod,nmod,explicit_ref_case,
1126,one-to-many,dn_1228,isk_1510 isk_1511 isk_1512,"Mandami un fiore lungamente baciato, segnami su la carta un cerchio dove tu abbia premuto lungamente la bocca, fa che io possieda nell'imaginazione una carezza tua inviatami di lontano....",君の長い問吻を接けた花を送つて呉れ。 紙の上へ唇を押附けて、其處のところへ圈を晝いて置いて呉れ。 遠くから送つて呉れる媚愛の心持を想像させて欲しい。…,io,送つて,Giorgio,Giorgio,PRON,NULL,nsubj,nsubj,zero_to_src_anchor,
1126,one-to-many,dn_1228,isk_1510 isk_1511 isk_1512,"Mandami un fiore lungamente baciato, segnami su la carta un cerchio dove tu abbia premuto lungamente la bocca, fa che io possieda nell'imaginazione una carezza tua inviatami di lontano....",君の長い問吻を接けた花を送つて呉れ。 紙の上へ唇を押附けて、其處のところへ圈を晝いて置いて呉れ。 遠くから送つて呉れる媚愛の心持を想像させて欲しい。…,mi,MISSING,Giorgio,MISSING,PRON,MISSING,obj,MISSING,leftover_source,
1126,one-to-many,dn_1228,isk_1510 isk_1511 isk_1512,"Mandami un fiore lungamente baciato, segnami su la carta un cerchio dove tu abbia premuto lungamente la bocca, fa che io possieda nell'imaginazione una carezza tua inviatami di lontano....",君の長い問吻を接けた花を送つて呉れ。 紙の上へ唇を押附けて、其處のところへ圈を晝いて置いて呉れ。 遠くから送つて呉れる媚愛の心持を想像させて欲しい。…,mi,MISSING,Giorgio,MISSING,PRON,MISSING,obj,MISSING,leftover_source,
1126,one-to-many,dn_1228,isk_1510 isk_1511 isk_1512,"Mandami un fiore lungamente baciato, segnami su la carta un cerchio dove tu abbia premuto lungamente la bocca, fa che io possieda nell'imaginazione una carezza tua inviatami di lontano....",君の長い問吻を接けた花を送つて呉れ。 紙の上へ唇を押附けて、其處のところへ圈を晝いて置いて呉れ。 遠くから送つて呉れる媚愛の心持を想像させて欲しい。…,mi,MISSING,Giorgio,MISSING,PRON,MISSING,obj,MISSING,leftover_source,
1126,one-to-many,dn_1228,isk_1510 isk_1511 isk_1512,"Mandami un fiore lungamente baciato, segnami su la carta un cerchio dove tu abbia premuto lungamente la bocca, fa che io possieda nell'imaginazione una carezza tua inviatami di lontano....",君の長い問吻を接けた花を送つて呉れ。 紙の上へ唇を押附けて、其處のところへ圈を晝いて置いて呉れ。 遠くから送つて呉れる媚愛の心持を想像させて欲しい。…,MISSING,想像させて欲しい,MISSING,Giorgio,MISSING,NULL,MISSING,nsubj,leftover_target,
1126,one-to-many,dn_1228,isk_1510 isk_1511 isk_1512,"Mandami un fiore lungamente baciato, segnami su la carta un cerchio dove tu abbia premuto lungamente la bocca, fa che io possieda nell'imaginazione una carezza tua inviatami di lontano....",君の長い問吻を接けた花を送つて呉れ。 紙の上へ唇を押附けて、其處のところへ圈を晝いて置いて呉れ。 遠くから送つて呉れる媚愛の心持を想像させて欲しい。…,tua,君,Ippolita,Ippolita,DET,PRON,nmod,nmod,explicit_ref_case,
1126,one-to-many,dn_1228,isk_1510 isk_1511 isk_1512,"Mandami un fiore lungamente baciato, segnami su la carta un cerchio dove tu abbia premuto lungamente la bocca, fa che io possieda nell'imaginazione una carezza tua inviatami di lontano....",君の長い問吻を接けた花を送つて呉れ。 紙の上へ唇を押附けて、其處のところへ圈を晝いて置いて呉れ。 遠くから送つて呉れる媚愛の心持を想像させて欲しい。…,Manda,送つて呉れ,Ippolita,Ippolita,NULL,NULL,nsubj,nsubj,zero_zero_semantic,0.22611976057699282
1126,one-to-many,dn_1228,isk_1510 isk_1511 isk_1512,"Mandami un fiore lungamente baciato, segnami su la carta un cerchio dove tu abbia premuto lungamente la bocca, fa che io possieda nell'imaginazione una carezza tua inviatami di lontano....",君の長い問吻を接けた花を送つて呉れ。 紙の上へ唇を押附けて、其處のところへ圈を晝いて置いて呉れ。 遠くから送つて呉れる媚愛の心持を想像させて欲しい。…,segna,晝いて置いて呉れ,Ippolita,Ippolita,NULL,NULL,nsubj,nsubj,zero_zero_semantic,0.19213134364375078
1126,one-to-many,dn_1228,isk_1510 isk_1511 isk_1512,"Mandami un fiore lungamente baciato, segnami su la carta un cerchio dove tu abbia premuto lungamente la bocca, fa che io possieda nell'imaginazione una carezza tua inviatami di lontano....",君の長い問吻を接けた花を送つて呉れ。 紙の上へ唇を押附けて、其處のところへ圈を晝いて置いて呉れ。 遠くから送つて呉れる媚愛の心持を想像させて欲しい。…,tu,MISSING,Ippolita,MISSING,PRON,MISSING,nsubj,MISSING,leftover_source,
1126,one-to-many,dn_1228,isk_1510 isk_1511 isk_1512,"Mandami un fiore lungamente baciato, segnami su la carta un cerchio dove tu abbia premuto lungamente la bocca, fa che io possieda nell'imaginazione una carezza tua inviatami di lontano....",君の長い問吻を接けた花を送つて呉れ。 紙の上へ唇を押附けて、其處のところへ圈を晝いて置いて呉れ。 遠くから送つて呉れる媚愛の心持を想像させて欲しい。…,fa,MISSING,Ippolita,MISSING,NULL,MISSING,nsubj,MISSING,leftover_source,
1128,one-to-one,dn_1231,isk_1514,"Quanto tempo è ch'io non ti bacio, ch'io non ti tengo fra le braccia, ch'io non ti vedo impallidire?",接吻もせず、抱擁もせず、君の顏の蒼白くなるのを見もせぬ內に、孰れ丈の時日が經つた了つたらう。,io,MISSING,Giorgio,MISSING,PRON,MISSING,nsubj,MISSING,leftover_source,
1128,one-to-one,dn_1231,isk_1514,"Quanto tempo è ch'io non ti bacio, ch'io non ti tengo fra le braccia, ch'io non ti vedo impallidire?",接吻もせず、抱擁もせず、君の顏の蒼白くなるのを見もせぬ內に、孰れ丈の時日が經つた了つたらう。,io,MISSING,Giorgio,MISSING,PRON,MISSING,nsubj,MISSING,leftover_source,
1128,one-to-one,dn_1231,isk_1514,"Quanto tempo è ch'io non ti bacio, ch'io non ti tengo fra le braccia, ch'io non ti vedo impallidire?",接吻もせず、抱擁もせず、君の顏の蒼白くなるのを見もせぬ內に、孰れ丈の時日が經つた了つたらう。,io,MISSING,Giorgio,MISSING,PRON,MISSING,nsubj,MISSING,leftover_source,
1128,one-to-one,dn_1231,isk_1514,"Quanto tempo è ch'io non ti bacio, ch'io non ti tengo fra le braccia, ch'io non ti vedo impallidire?",接吻もせず、抱擁もせず、君の顏の蒼白くなるのを見もせぬ內に、孰れ丈の時日が經つた了つたらう。,ti,君,Ippolita,Ippolita,PRON,PRON,obj,nmod,explicit_ref_pos,
1128,one-to-one,dn_1231,isk_1514,"Quanto tempo è ch'io non ti bacio, ch'io non ti tengo fra le braccia, ch'io non ti vedo impallidire?",接吻もせず、抱擁もせず、君の顏の蒼白くなるのを見もせぬ內に、孰れ丈の時日が經つた了つたらう。,ti,MISSING,Ippolita,MISSING,PRON,MISSING,obj,MISSING,leftover_source,
1128,one-to-one,dn_1231,isk_1514,"Quanto tempo è ch'io non ti bacio, ch'io non ti tengo fra le braccia, ch'io non ti vedo impallidire?",接吻もせず、抱擁もせず、君の顏の蒼白くなるのを見もせぬ內に、孰れ丈の時日が經つた了つたらう。,ti,MISSING,Ippolita,MISSING,PRON,MISSING,obj,MISSING,leftover_source,
1128,one-to-one,dn_1231,isk_1514,"Quanto tempo è ch'io non ti bacio, ch'io non ti tengo fra le braccia, ch'io non ti vedo impallidire?",接吻もせず、抱擁もせず、君の顏の蒼白くなるのを見もせぬ內に、孰れ丈の時日が經つた了つたらう。,MISSING,接吻もせず,MISSING,Ippolita,MISSING,NULL,MISSING,nsubj,leftover_target,
1128,one-to-one,dn_1231,isk_1514,"Quanto tempo è ch'io non ti bacio, ch'io non ti tengo fra le braccia, ch'io non ti vedo impallidire?",接吻もせず、抱擁もせず、君の顏の蒼白くなるのを見もせぬ內に、孰れ丈の時日が經つた了つたらう。,MISSING,抱擁もせず,MISSING,Ippolita,MISSING,NULL,MISSING,nsubj,leftover_target,
1128,one-to-one,dn_1231,isk_1514,"Quanto tempo è ch'io non ti bacio, ch'io non ti tengo fra le braccia, ch'io non ti vedo impallidire?",接吻もせず、抱擁もせず、君の顏の蒼白くなるのを見もせぬ內に、孰れ丈の時日が經つた了つたらう。,MISSING,見もせぬ,MISSING,Ippolita,MISSING,NULL,MISSING,nsubj,leftover_target,
1128,one-to-one,dn_1231,isk_1514,"Quanto tempo è ch'io non ti bacio, ch'io non ti tengo fra le braccia, ch'io non ti vedo impallidire?",接吻もせず、抱擁もせず、君の顏の蒼白くなるのを見もせぬ內に、孰れ丈の時日が經つた了つたらう。,MISSING,了つたらう,MISSING,Ippolita,MISSING,NULL,MISSING,nsubj,leftover_target,
1131,one-to-one,dn_1234,isk_1517,Dove sei tu andata?,何處へ君は行つて了つたか。,tu,君,Ippolita,Ippolita,PRON,PRON,nsubj,nsubj,explicit_full,
1131,one-to-one,dn_1234,isk_1517,Dove sei tu andata?,何處へ君は行つて了つたか。,sei,MISSING,Ippolita,MISSING,NULL,MISSING,nsubj,MISSING,leftover_source,
1133,one-to-one,dn_1236,isk_1519,Oltre quali mari?...,孰の海を越えて？…,MISSING,越えて,MISSING,Ippolita,MISSING,NULL,MISSING,nsubj,leftover_target,
1134,one-to-one,dn_1237,isk_1520,"Passo le ore nell'inerzia, pensando.",僕は物思ひの倦怠の裡に時を過して居る。,Passo,僕,Giorgio,Giorgio,NULL,PRON,nsubj,nsubj,zero_to_tgt_anchor,
1135,one-to-one,dn_1238,isk_1521,Questa mia stanza è diventata funebre come una cappella sotterranea.,此の室の陰氣さは墳穴のやうに成つた。,mia,MISSING,Giorgio,MISSING,DET,MISSING,nmod,MISSING,leftover_source,
1136,one-to-many,dn_1239,isk_1522 isk_1523,"Talvolta io mi vedo disteso in una bara; io mi contemplo nella immobilità della morte, con una lucidezza imperturbabile.",折々棺の中に臥た自文が目に映る。 靜かに澄切つた心持で、死體のやうに固まつた自分の姿が見える。,io,自文,Giorgio,Giorgio,PRON,PRON,nsubj,nsubj,explicit_full,
1136,one-to-many,dn_1239,isk_1522 isk_1523,"Talvolta io mi vedo disteso in una bara; io mi contemplo nella immobilità della morte, con una lucidezza imperturbabile.",折々棺の中に臥た自文が目に映る。 靜かに澄切つた心持で、死體のやうに固まつた自分の姿が見える。,mi,自分,Giorgio,Giorgio,PRON,PRON,obj,nmod,explicit_ref_pos,
1136,one-to-many,dn_1239,isk_1522 isk_1523,"Talvolta io mi vedo disteso in una bara; io mi contemplo nella immobilità della morte, con una lucidezza imperturbabile.",折々棺の中に臥た自文が目に映る。 靜かに澄切つた心持で、死體のやうに固まつた自分の姿が見える。,io,MISSING,Giorgio,MISSING,PRON,MISSING,nsubj,MISSING,leftover_source,
1136,one-to-many,dn_1239,isk_1522 isk_1523,"Talvolta io mi vedo disteso in una bara; io mi contemplo nella immobilità della morte, con una lucidezza imperturbabile.",折々棺の中に臥た自文が目に映る。 靜かに澄切つた心持で、死體のやうに固まつた自分の姿が見える。,mi,MISSING,Giorgio,MISSING,PRON,MISSING,obj,MISSING,leftover_source,
1137,one-to-one,dn_1240,isk_1524,Esco dalla contemplazione quietato.,其の後が爽とした氣分になる。,Esco,爽とした氣分になる,Giorgio,Giorgio,NULL,NULL,nsubj,nsubj,zero_zero_single,
1139,one-to-one,dn_1243,isk_1528,disse Ippolita.,イッポリイタが言つた。,Ippolita,イッポリイタ,Ippolita,Ippolita,PROPN,PROPN,nsubj,nsubj,explicit_full,
1140,one-to-many,dn_1244,isk_1527 isk_1529,"Fu quando io partii la prima volta da Roma, per soli quindici giorni.",私その時始めて羅馬を出たんでせう。 面もたつた十五日間。,io,私,Ippolita,Ippolita,PRON,PRON,nsubj,nsubj,explicit_full,
1140,one-to-many,dn_1244,isk_1527 isk_1529,"Fu quando io partii la prima volta da Roma, per soli quindici giorni.",私その時始めて羅馬を出たんでせう。 面もたつた十五日間。,MISSING,出た,MISSING,Ippolita,MISSING,NULL,MISSING,nsubj,leftover_target,
1141,one-to-one,dn_1245 dn_1246,isk_1530 isk_1531,"Giorgio era assorto, appunto nel ricordo di tutte quelle agitazioni insensate; cercava di risuscitarle in sé, di comprenderle. Ma il benessere ambiente non era favorevole a quello sforzo interiore.",ジォルジオは、前方狂亂の體で彼女に溺れたことを憶ひ込んで居た。 其の心持を復た喚び活けて味つて見ようとするけれど、周國が安靜なためにその努力の效はなかつた。,Giorgio,ジォルジオ,Giorgio,Giorgio,PROPN,PROPN,nsubj,nsubj,explicit_full,
1141,one-to-one,dn_1245 dn_1246,isk_1530 isk_1531,"Giorgio era assorto, appunto nel ricordo di tutte quelle agitazioni insensate; cercava di risuscitarle in sé, di comprenderle. Ma il benessere ambiente non era favorevole a quello sforzo interiore.",ジォルジオは、前方狂亂の體で彼女に溺れたことを憶ひ込んで居た。 其の心持を復た喚び活けて味つて見ようとするけれど、周國が安靜なためにその努力の效はなかつた。,cercava,喚び活けて,Giorgio,Giorgio,NULL,NULL,nsubj,nsubj,zero_zero_semantic,0.35587107996993694
1141,one-to-one,dn_1245 dn_1246,isk_1530 isk_1531,"Giorgio era assorto, appunto nel ricordo di tutte quelle agitazioni insensate; cercava di risuscitarle in sé, di comprenderle. Ma il benessere ambiente non era favorevole a quello sforzo interiore.",ジォルジオは、前方狂亂の體で彼女に溺れたことを憶ひ込んで居た。 其の心持を復た喚び活けて味つて見ようとするけれど、周國が安靜なためにその努力の效はなかつた。,sé,MISSING,Giorgio,MISSING,PRON,MISSING,obj,MISSING,leftover_source,
1141,one-to-one,dn_1245 dn_1246,isk_1530 isk_1531,"Giorgio era assorto, appunto nel ricordo di tutte quelle agitazioni insensate; cercava di risuscitarle in sé, di comprenderle. Ma il benessere ambiente non era favorevole a quello sforzo interiore.",ジォルジオは、前方狂亂の體で彼女に溺れたことを憶ひ込んで居た。 其の心持を復た喚び活けて味つて見ようとするけれど、周國が安靜なためにその努力の效はなかつた。,MISSING,味つて見ようとする,MISSING,Giorgio,MISSING,NULL,MISSING,nsubj,leftover_target,
1141,one-to-one,dn_1245 dn_1246,isk_1530 isk_1531,"Giorgio era assorto, appunto nel ricordo di tutte quelle agitazioni insensate; cercava di risuscitarle in sé, di comprenderle. Ma il benessere ambiente non era favorevole a quello sforzo interiore.",ジォルジオは、前方狂亂の體で彼女に溺れたことを憶ひ込んで居た。 其の心持を復た喚び活けて味つて見ようとするけれど、周國が安靜なためにその努力の效はなかつた。,MISSING,彼女,MISSING,Ippolita,MISSING,PRON,MISSING,obj,leftover_target,
1142,one-to-one,dn_1247,isk_1532,Un senso di benessere gli avvolgeva lo spirito come in una fascia molle.,彼の精神は、此の安靜な感じの裡に緩く封じられた。,gli,彼,Giorgio,Giorgio,PRON,PRON,obj,nmod,explicit_ref_pos,
1143,many-to-one,dn_1248 dn_1249,isk_1533,"La luce velata, la bevanda calda, il profumo delle mammole, il contatto d'Ippolita lo intorpidivano. Egli pensò:",面帕の懸つた光線、熱い茶、ヸオレットの匂、イッポリイタの肌ざはり、―それらが彼を痿した。,lo,彼,Giorgio,Giorgio,PRON,PRON,obj,obj,explicit_full,
1143,many-to-one,dn_1248 dn_1249,isk_1533,"La luce velata, la bevanda calda, il profumo delle mammole, il contatto d'Ippolita lo intorpidivano. Egli pensò:",面帕の懸つた光線、熱い茶、ヸオレットの匂、イッポリイタの肌ざはり、―それらが彼を痿した。,Egli,MISSING,Giorgio,MISSING,PRON,MISSING,nsubj,MISSING,leftover_source,
1143,many-to-one,dn_1248 dn_1249,isk_1533,"La luce velata, la bevanda calda, il profumo delle mammole, il contatto d'Ippolita lo intorpidivano. Egli pensò:",面帕の懸つた光線、熱い茶、ヸオレットの匂、イッポリイタの肌ざはり、―それらが彼を痿した。,Ippolita,イッポリイタ,Ippolita,Ippolita,PROPN,PROPN,nmod,nmod,explicit_full,
1144,one-to-one,dn_1250,isk_1534,Sono io dunque così lontano dall'ardore di quel tempo?,して見ると、以前の熱心が衰へて來たのだらうか。,Sono,MISSING,Giorgio,MISSING,NULL,MISSING,nsubj,MISSING,leftover_source,
1144,one-to-one,dn_1250,isk_1534,Sono io dunque così lontano dall'ardore di quel tempo?,して見ると、以前の熱心が衰へて來たのだらうか。,io,MISSING,Giorgio,MISSING,PRON,MISSING,nsubj,MISSING,leftover_source,
1145,one-to-many,dn_1251,isk_1535 isk_1536,"No; perché, ultimamente quando ella è partita, io non me ne sono afflitto con minor crudezza.",然ぢやない。 此間不在の時だつて、隨分辛い思ひをさせられたんだもの。,io,させられた,Giorgio,Giorgio,PRON,NULL,nsubj,nsubj,zero_to_src_anchor,
1145,one-to-many,dn_1251,isk_1535 isk_1536,"No; perché, ultimamente quando ella è partita, io non me ne sono afflitto con minor crudezza.",然ぢやない。 此間不在の時だつて、隨分辛い思ひをさせられたんだもの。,me,MISSING,Giorgio,MISSING,PRON,MISSING,obj,MISSING,leftover_source,
1145,one-to-many,dn_1251,isk_1535 isk_1536,"No; perché, ultimamente quando ella è partita, io non me ne sono afflitto con minor crudezza.",然ぢやない。 此間不在の時だつて、隨分辛い思ひをさせられたんだもの。,ella,MISSING,Ippolita,MISSING,PRON,MISSING,nsubj,MISSING,leftover_source,
1146,one-to-one,dn_1252,isk_1537,Ma non gli riusciva di ravvicinare l'io di quel tempo all'io presente.,けれど、久しい前の自分と、今日の自分との間の距離は、迚も接合けて了ふ譯に行かなかつた。,gli,久しい前の自分,Giorgio,Giorgio,PRON,PRON,obj,nmod,explicit_ref_pos,
1146,one-to-one,dn_1252,isk_1537,Ma non gli riusciva di ravvicinare l'io di quel tempo all'io presente.,けれど、久しい前の自分と、今日の自分との間の距離は、迚も接合けて了ふ譯に行かなかつた。,io,今日の自分,Giorgio,Giorgio,NOUN,PRON,obj,nmod,explicit_ref_only,
1146,one-to-one,dn_1252,isk_1537,Ma non gli riusciva di ravvicinare l'io di quel tempo all'io presente.,けれど、久しい前の自分と、今日の自分との間の距離は、迚も接合けて了ふ譯に行かなかつた。,io,MISSING,Giorgio,MISSING,NOUN,MISSING,obj,MISSING,leftover_source,
1147,one-to-many,dn_1253,isk_1538 isk_1539 isk_1540,Egli sentiva pur sempre di rimanere estraneo all'uomo che si disperava e si accorava in quelle frasi scritte; sentiva che quelle emanazioni del suo amore non gli appartenevano più e sentiva anche tutta la vacuità delle parole.,奈何豌いて見ても、自分と、那の驚怖や絕望を書き現した男とを、同じ人と思ふことは旣う出來なかつた。 然うした戀の蒸騰は、彼には餘所事のやうに成つて了つて居たことを感じた。 孰の言葉も言葉も、すべて空虛だと感じた。,uomo,那の驚怖や絕望を書き現した男,Giorgio,Giorgio,NOUN,NOUN,obj,obj,explicit_full,
1147,one-to-many,dn_1253,isk_1538 isk_1539 isk_1540,Egli sentiva pur sempre di rimanere estraneo all'uomo che si disperava e si accorava in quelle frasi scritte; sentiva che quelle emanazioni del suo amore non gli appartenevano più e sentiva anche tutta la vacuità delle parole.,奈何豌いて見ても、自分と、那の驚怖や絕望を書き現した男とを、同じ人と思ふことは旣う出來なかつた。 然うした戀の蒸騰は、彼には餘所事のやうに成つて了つて居たことを感じた。 孰の言葉も言葉も、すべて空虛だと感じた。,gli,自分,Giorgio,Giorgio,PRON,PRON,obj,obj,explicit_full,
1147,one-to-many,dn_1253,isk_1538 isk_1539 isk_1540,Egli sentiva pur sempre di rimanere estraneo all'uomo che si disperava e si accorava in quelle frasi scritte; sentiva che quelle emanazioni del suo amore non gli appartenevano più e sentiva anche tutta la vacuità delle parole.,奈何豌いて見ても、自分と、那の驚怖や絕望を書き現した男とを、同じ人と思ふことは旣う出來なかつた。 然うした戀の蒸騰は、彼には餘所事のやうに成つて了つて居たことを感じた。 孰の言葉も言葉も、すべて空虛だと感じた。,Egli,彼,Giorgio,Giorgio,PRON,PRON,nsubj,obj,explicit_ref_pos,
1147,one-to-many,dn_1253,isk_1538 isk_1539 isk_1540,Egli sentiva pur sempre di rimanere estraneo all'uomo che si disperava e si accorava in quelle frasi scritte; sentiva che quelle emanazioni del suo amore non gli appartenevano più e sentiva anche tutta la vacuità delle parole.,奈何豌いて見ても、自分と、那の驚怖や絕望を書き現した男とを、同じ人と思ふことは旣う出來なかつた。 然うした戀の蒸騰は、彼には餘所事のやうに成つて了つて居たことを感じた。 孰の言葉も言葉も、すべて空虛だと感じた。,accorava,思ふことは旣う出來なかつた,Giorgio,Giorgio,NULL,NULL,nsubj,nsubj,zero_zero_semantic,0.4467179701484395
1147,one-to-many,dn_1253,isk_1538 isk_1539 isk_1540,Egli sentiva pur sempre di rimanere estraneo all'uomo che si disperava e si accorava in quelle frasi scritte; sentiva che quelle emanazioni del suo amore non gli appartenevano più e sentiva anche tutta la vacuità delle parole.,奈何豌いて見ても、自分と、那の驚怖や絕望を書き現した男とを、同じ人と思ふことは旣う出來なかつた。 然うした戀の蒸騰は、彼には餘所事のやうに成つて了つて居たことを感じた。 孰の言葉も言葉も、すべて空虛だと感じた。,sentiva,感じた,Giorgio,Giorgio,NULL,NULL,nsubj,nsubj,zero_zero_semantic,0.22819081838047067
1147,one-to-many,dn_1253,isk_1538 isk_1539 isk_1540,Egli sentiva pur sempre di rimanere estraneo all'uomo che si disperava e si accorava in quelle frasi scritte; sentiva che quelle emanazioni del suo amore non gli appartenevano più e sentiva anche tutta la vacuità delle parole.,奈何豌いて見ても、自分と、那の驚怖や絕望を書き現した男とを、同じ人と思ふことは旣う出來なかつた。 然うした戀の蒸騰は、彼には餘所事のやうに成つて了つて居たことを感じた。 孰の言葉も言葉も、すべて空虛だと感じた。,sentiva,感じた,Giorgio,Giorgio,NULL,NULL,nsubj,nsubj,zero_zero_semantic,0.15645402869758085
1147,one-to-many,dn_1253,isk_1538 isk_1539 isk_1540,Egli sentiva pur sempre di rimanere estraneo all'uomo che si disperava e si accorava in quelle frasi scritte; sentiva che quelle emanazioni del suo amore non gli appartenevano più e sentiva anche tutta la vacuità delle parole.,奈何豌いて見ても、自分と、那の驚怖や絕望を書き現した男とを、同じ人と思ふことは旣う出來なかつた。 然うした戀の蒸騰は、彼には餘所事のやうに成つて了つて居たことを感じた。 孰の言葉も言葉も、すべて空虛だと感じた。,suo,MISSING,Giorgio,MISSING,DET,MISSING,nmod,MISSING,leftover_source,
1147,one-to-many,dn_1253,isk_1538 isk_1539 isk_1540,Egli sentiva pur sempre di rimanere estraneo all'uomo che si disperava e si accorava in quelle frasi scritte; sentiva che quelle emanazioni del suo amore non gli appartenevano più e sentiva anche tutta la vacuità delle parole.,奈何豌いて見ても、自分と、那の驚怖や絕望を書き現した男とを、同じ人と思ふことは旣う出來なかつた。 然うした戀の蒸騰は、彼には餘所事のやうに成つて了つて居たことを感じた。 孰の言葉も言葉も、すべて空虛だと感じた。,MISSING,豌いて見ても,MISSING,Giorgio,MISSING,NULL,MISSING,nsubj,leftover_target,
1148,one-to-one,dn_1254,isk_1541,Quelle lettere erano come epitaffii in un cimitero.,よく墓地で見る碑銘のやうな手紙ばかりだと思つた。,MISSING,思つた,MISSING,Giorgio,MISSING,NULL,MISSING,nsubj,leftover_target,
1149,one-to-many,dn_1255,isk_1542 isk_1543,"Come gli epitaffii dànno un'idea grossolana e falsa delle persone morte, così quelle lettere mal rappresentavano i diversi stati pe' quali l'animo dell'amante era passato.",碑銘は故人に關する組雜な、虛僞な概念しか與へない。 それと同じくこれもの手紙も、彼の戀が通つて來か種々な心の狀態をいい加減に見せて居るだけであつた。,amante,彼,Giorgio,Giorgio,NOUN,PRON,nmod,nmod,explicit_ref_case,
1150,one-to-one,dn_1256,isk_1544,Egli conosceva bene lo straordinario orgasmo che invade l'amante nell'atto di scrivere una lettera d'amore.,ラヴ·レタアを書く時には、誰でも一種の情熱に囚はれるものだ。,Egli,MISSING,Giorgio,MISSING,PRON,MISSING,nsubj,MISSING,leftover_source,
1154,one-to-one,dn_1260,isk_1552,Giorgio pensava:,彼は思つた。,Giorgio,彼,Giorgio,Giorgio,PROPN,PRON,nsubj,nsubj,explicit_ref_case,
1155,one-to-one,dn_1261,isk_1553,"Qui tutto è violenza, spasimo, eccesso.",手紙を見ると、何處も彼處も激烈と混亂と過度だらけだ。,MISSING,見る,MISSING,Giorgio,MISSING,NULL,MISSING,nsubj,leftover_target,
1156,one-to-one,dn_1262,isk_1554,Ma dove sono le mie delicatezze?,俺のデリケエトな感じといふものが何處に出て居る？,mie,俺,Giorgio,Giorgio,DET,PRON,nmod,nmod,explicit_ref_case,
1157,one-to-many,dn_1263,isk_1555 isk_1556 isk_1557,"Dove sono le mie malinconie squisite e complicate, certe afflizioni profonde e tortuose in cui l'anima si perdeva come in labirinti inestricabili?",細かい、紛糾つたメランコリアが何處に出てゐる？ 奥深い、紆曲つた哀愁が何處に見られきる？ ―那の解されない迷宮の中を漂拍つて行く程な心持が―。,mie,MISSING,Giorgio,MISSING,DET,MISSING,nmod,MISSING,leftover_source,
1158,one-to-one,dn_1264,isk_1558,"Egli vedeva ora con rammarico che nelle sue lettere mancava la parte più rara del suo spirito, quella ch'egli aveva sempre coltivata con maggior cura.",平生始終深い注意を拂つて、修練を重ねた微妙な心が、此の手紙に全く缺けて居ると氣附くことは、彼には無情かつた。,Egli,彼,Giorgio,Giorgio,PRON,PRON,nsubj,obj,explicit_ref_pos,
1158,one-to-one,dn_1264,isk_1558,"Egli vedeva ora con rammarico che nelle sue lettere mancava la parte più rara del suo spirito, quella ch'egli aveva sempre coltivata con maggior cura.",平生始終深い注意を拂つて、修練を重ねた微妙な心が、此の手紙に全く缺けて居ると氣附くことは、彼には無情かつた。,sue,MISSING,Giorgio,MISSING,DET,MISSING,nmod,MISSING,leftover_source,
1158,one-to-one,dn_1264,isk_1558,"Egli vedeva ora con rammarico che nelle sue lettere mancava la parte più rara del suo spirito, quella ch'egli aveva sempre coltivata con maggior cura.",平生始終深い注意を拂つて、修練を重ねた微妙な心が、此の手紙に全く缺けて居ると氣附くことは、彼には無情かつた。,egli,MISSING,Giorgio,MISSING,PRON,MISSING,nsubj,MISSING,leftover_source,
1159,one-to-one,dn_1265,isk_1559,"A poco a poco, andando innanzi nel leggere, egli trascurava i lunghi brani di pura eloquenza e ricercava le indicazioni dei piccoli fatti, le particolarità degli avvenimenti, gli accenni degli episodii memorabili.",讀んで行く中に、徒の饒舌の部分は、ぱつぱつと来ばして、時々の細かい出來事の説明でなく、記憶すべき物語の暗示丈を求めることにした。,ricercava,求めることにした,Giorgio,Giorgio,NULL,NULL,nsubj,nsubj,zero_zero_semantic,0.3635545084733918
1159,one-to-one,dn_1265,isk_1559,"A poco a poco, andando innanzi nel leggere, egli trascurava i lunghi brani di pura eloquenza e ricercava le indicazioni dei piccoli fatti, le particolarità degli avvenimenti, gli accenni degli episodii memorabili.",讀んで行く中に、徒の饒舌の部分は、ぱつぱつと来ばして、時々の細かい出來事の説明でなく、記憶すべき物語の暗示丈を求めることにした。,egli,讀んで行く,Giorgio,Giorgio,PRON,NULL,nsubj,nsubj,zero_to_src_anchor,
1159,one-to-one,dn_1265,isk_1559,"A poco a poco, andando innanzi nel leggere, egli trascurava i lunghi brani di pura eloquenza e ricercava le indicazioni dei piccoli fatti, le particolarità degli avvenimenti, gli accenni degli episodii memorabili.",讀んで行く中に、徒の饒舌の部分は、ぱつぱつと来ばして、時々の細かい出來事の説明でなく、記憶すべき物語の暗示丈を求めることにした。,MISSING,来ばして,MISSING,Giorgio,MISSING,NULL,MISSING,nsubj,leftover_target,
1160,one-to-one,dn_1266,isk_1560,In una lettera trovò:,一通には斯うあつた。,trovò,MISSING,Giorgio,MISSING,NULL,MISSING,nsubj,MISSING,leftover_source,
1161,one-to-one,dn_1267,isk_1561,"Verso le dieci, macchinalmente, io entrai nel solito luogo, nel giardino Morteo, dove ti avevo veduta per tante sere.",六時頃に、何時の晩方にも君と出遇つたモルテオの園へ飄然と這入つた。,io,出遇つた,Giorgio,Giorgio,PRON,NULL,nsubj,nsubj,zero_to_src_anchor,
1161,one-to-one,dn_1267,isk_1561,"Verso le dieci, macchinalmente, io entrai nel solito luogo, nel giardino Morteo, dove ti avevo veduta per tante sere.",六時頃に、何時の晩方にも君と出遇つたモルテオの園へ飄然と這入つた。,MISSING,這入つた,MISSING,Giorgio,MISSING,NULL,MISSING,nsubj,leftover_target,
1161,one-to-one,dn_1267,isk_1561,"Verso le dieci, macchinalmente, io entrai nel solito luogo, nel giardino Morteo, dove ti avevo veduta per tante sere.",六時頃に、何時の晩方にも君と出遇つたモルテオの園へ飄然と這入つた。,ti,君,Ippolita,Ippolita,PRON,PRON,obj,obj,explicit_full,
1162,one-to-one,dn_1268,isk_1562,"Quegli ultimi trentacinque minuti, avanti l'ora precisa della tua partenza, furono atrocissimi.",君の出發前三十五分間は僕には苛責であつた。,MISSING,僕,MISSING,Giorgio,MISSING,PRON,MISSING,obj,leftover_target,
1162,one-to-one,dn_1268,isk_1562,"Quegli ultimi trentacinque minuti, avanti l'ora precisa della tua partenza, furono atrocissimi.",君の出發前三十五分間は僕には苛責であつた。,tua,君,Ippolita,Ippolita,DET,PRON,nmod,nmod,explicit_ref_case,
1163,one-to-one,dn_1269 dn_1270 dn_1271,isk_1563 isk_1564,"Tu partivi, tu partivi, senza ch'io ti potessi vedere, coprirti di baci la faccia, ripeterti un'ultima volta: Ricòrdati! Ricòrdati!...",君は發つた。 君に暇を告げて、接吻を顔に溶せて、もう一度「忘れるな、忘れるな。」を繰返す暇も與へずに去つて了つた。,io,告げて,Giorgio,Giorgio,PRON,NULL,nsubj,nsubj,zero_to_src_anchor,
1163,one-to-one,dn_1269 dn_1270 dn_1271,isk_1563 isk_1564,"Tu partivi, tu partivi, senza ch'io ti potessi vedere, coprirti di baci la faccia, ripeterti un'ultima volta: Ricòrdati! Ricòrdati!...",君は發つた。 君に暇を告げて、接吻を顔に溶せて、もう一度「忘れるな、忘れるな。」を繰返す暇も與へずに去つて了つた。,MISSING,溶せて,MISSING,Giorgio,MISSING,NULL,MISSING,nsubj,leftover_target,
1163,one-to-one,dn_1269 dn_1270 dn_1271,isk_1563 isk_1564,"Tu partivi, tu partivi, senza ch'io ti potessi vedere, coprirti di baci la faccia, ripeterti un'ultima volta: Ricòrdati! Ricòrdati!...",君は發つた。 君に暇を告げて、接吻を顔に溶せて、もう一度「忘れるな、忘れるな。」を繰返す暇も與へずに去つて了つた。,MISSING,繰返す暇も與へず,MISSING,Giorgio,MISSING,NULL,MISSING,nsubj,leftover_target,
1163,one-to-one,dn_1269 dn_1270 dn_1271,isk_1563 isk_1564,"Tu partivi, tu partivi, senza ch'io ti potessi vedere, coprirti di baci la faccia, ripeterti un'ultima volta: Ricòrdati! Ricòrdati!...",君は發つた。 君に暇を告げて、接吻を顔に溶せて、もう一度「忘れるな、忘れるな。」を繰返す暇も與へずに去つて了つた。,Tu,君,Ippolita,Ippolita,PRON,PRON,nsubj,nsubj,explicit_full,
1163,one-to-one,dn_1269 dn_1270 dn_1271,isk_1563 isk_1564,"Tu partivi, tu partivi, senza ch'io ti potessi vedere, coprirti di baci la faccia, ripeterti un'ultima volta: Ricòrdati! Ricòrdati!...",君は發つた。 君に暇を告げて、接吻を顔に溶せて、もう一度「忘れるな、忘れるな。」を繰返す暇も與へずに去つて了つた。,ti,君,Ippolita,Ippolita,PRON,PRON,obj,obj,explicit_full,
1163,one-to-one,dn_1269 dn_1270 dn_1271,isk_1563 isk_1564,"Tu partivi, tu partivi, senza ch'io ti potessi vedere, coprirti di baci la faccia, ripeterti un'ultima volta: Ricòrdati! Ricòrdati!...",君は發つた。 君に暇を告げて、接吻を顔に溶せて、もう一度「忘れるな、忘れるな。」を繰返す暇も與へずに去つて了つた。,Ricòrda,去つて了つた,Ippolita,Ippolita,NULL,NULL,nsubj,nsubj,zero_zero_semantic,0.16648956975250534
1163,one-to-one,dn_1269 dn_1270 dn_1271,isk_1563 isk_1564,"Tu partivi, tu partivi, senza ch'io ti potessi vedere, coprirti di baci la faccia, ripeterti un'ultima volta: Ricòrdati! Ricòrdati!...",君は發つた。 君に暇を告げて、接吻を顔に溶せて、もう一度「忘れるな、忘れるな。」を繰返す暇も與へずに去つて了つた。,Ricòrda,忘れるな,Ippolita,Ippolita,NULL,NULL,nsubj,nsubj,zero_zero_semantic,0.33302572898534466
1163,one-to-one,dn_1269 dn_1270 dn_1271,isk_1563 isk_1564,"Tu partivi, tu partivi, senza ch'io ti potessi vedere, coprirti di baci la faccia, ripeterti un'ultima volta: Ricòrdati! Ricòrdati!...",君は發つた。 君に暇を告げて、接吻を顔に溶せて、もう一度「忘れるな、忘れるな。」を繰返す暇も與へずに去つて了つた。,tu,忘れるな,Ippolita,Ippolita,PRON,NULL,nsubj,nsubj,zero_to_src_anchor,
1163,one-to-one,dn_1269 dn_1270 dn_1271,isk_1563 isk_1564,"Tu partivi, tu partivi, senza ch'io ti potessi vedere, coprirti di baci la faccia, ripeterti un'ultima volta: Ricòrdati! Ricòrdati!...",君は發つた。 君に暇を告げて、接吻を顔に溶せて、もう一度「忘れるな、忘れるな。」を繰返す暇も與へずに去つて了つた。,ti,MISSING,Ippolita,MISSING,PRON,MISSING,obj,MISSING,leftover_source,
1163,one-to-one,dn_1269 dn_1270 dn_1271,isk_1563 isk_1564,"Tu partivi, tu partivi, senza ch'io ti potessi vedere, coprirti di baci la faccia, ripeterti un'ultima volta: Ricòrdati! Ricòrdati!...",君は發つた。 君に暇を告げて、接吻を顔に溶せて、もう一度「忘れるな、忘れるな。」を繰返す暇も與へずに去つて了つた。,ti,MISSING,Ippolita,MISSING,PRON,MISSING,obj,MISSING,leftover_source,
1163,one-to-one,dn_1269 dn_1270 dn_1271,isk_1563 isk_1564,"Tu partivi, tu partivi, senza ch'io ti potessi vedere, coprirti di baci la faccia, ripeterti un'ultima volta: Ricòrdati! Ricòrdati!...",君は發つた。 君に暇を告げて、接吻を顔に溶せて、もう一度「忘れるな、忘れるな。」を繰返す暇も與へずに去つて了つた。,ti,MISSING,Ippolita,MISSING,PRON,MISSING,obj,MISSING,leftover_source,
1163,one-to-one,dn_1269 dn_1270 dn_1271,isk_1563 isk_1564,"Tu partivi, tu partivi, senza ch'io ti potessi vedere, coprirti di baci la faccia, ripeterti un'ultima volta: Ricòrdati! Ricòrdati!...",君は發つた。 君に暇を告げて、接吻を顔に溶せて、もう一度「忘れるな、忘れるな。」を繰返す暇も與へずに去つて了つた。,ti,MISSING,Ippolita,MISSING,PRON,MISSING,obj,MISSING,leftover_source,
1164,one-to-one,dn_1272,isk_1565,"—Verso le undici, come per istinto io mi voltai.",十一時頃になると、本能的に僕は顧眄つて見た。,io,僕,Giorgio,Giorgio,PRON,PRON,nsubj,nsubj,explicit_full,
1164,one-to-one,dn_1272,isk_1565,"—Verso le undici, come per istinto io mi voltai.",十一時頃になると、本能的に僕は顧眄つて見た。,mi,MISSING,Giorgio,MISSING,PRON-REFLEX,MISSING,obj,MISSING,leftover_source,
1165,one-to-one,dn_1273,isk_1566,Entrava tuo marito con la signora solita e con l'amico.,君の先夫は友人と、每も仲間になる一人の婦人を連れて這入つて來た。,tuo,君,Ippolita,Ippolita,DET,PRON,nmod,nmod,explicit_ref_case,
1165,one-to-one,dn_1273,isk_1566,Entrava tuo marito con la signora solita e con l'amico.,君の先夫は友人と、每も仲間になる一人の婦人を連れて這入つて來た。,marito,先夫,Ippolitas-husband,Ippolitas-husband,NOUN,NOUN,nsubj,nsubj,explicit_full,
1165,one-to-one,dn_1273,isk_1566,Entrava tuo marito con la signora solita e con l'amico.,君の先夫は友人と、每も仲間になる一人の婦人を連れて這入つて來た。,Entrava,連れて,Ippolitas-husband,Ippolitas-husband,NULL,NULL,nsubj,nsubj,zero_zero_single,
1165,one-to-one,dn_1273,isk_1566,Entrava tuo marito con la signora solita e con l'amico.,君の先夫は友人と、每も仲間になる一人の婦人を連れて這入つて來た。,signora solita,一人の婦人,Ippolitas-husbands-female-friend,Ippolitas-husbands-female-friend,NOUN,NOUN,obj,obj,explicit_full,
1165,one-to-one,dn_1273,isk_1566,Entrava tuo marito con la signora solita e con l'amico.,君の先夫は友人と、每も仲間になる一人の婦人を連れて這入つて來た。,l'amico,友人,Ippolitas-husbands-male-friend,Ippolitas-husbands-male-friend,NOUN,NOUN,obj,obj,explicit_full,
1166,one-to-one,dn_1274,isk_1567,"Venivano dall'averti accompagnata, senza dubbio.",必と其の人達は君を見送つて歸つて來たのだ。,ti,君,Ippolita,Ippolita,PRON,PRON,obj,obj,explicit_full,
1166,one-to-one,dn_1274,isk_1567,"Venivano dall'averti accompagnata, senza dubbio.",必と其の人達は君を見送つて歸つて來たのだ。,Venivano,見送つて,Ippolitas-husband Ippolitas-husbands-male-friend Ippolitas-husbands-female-friend,Ippolitas-husband Ippolitas-husbands-male-friend Ippolitas-husbands-female-friend,NULL,NULL,nsubj,nsubj,zero_zero_single,
1166,one-to-one,dn_1274,isk_1567,"Venivano dall'averti accompagnata, senza dubbio.",必と其の人達は君を見送つて歸つて來たのだ。,MISSING,其の人達,MISSING,Ippolitas-husband Ippolitas-husbands-male-friend Ippolitas-husbands-female-friend,MISSING,NOUN,MISSING,nsubj,leftover_target,
1167,one-to-one,dn_1275,isk_1568,Mi prese una convulsione di dolore così forte che dovetti alzarmi dopo poco ed uscire.,其の時僕は酷い苦痛の痙攣が起つたから、直ぐ立つて外へ出た。,Mi,僕,Giorgio,Giorgio,PRON,PRON,obj,obj,explicit_full,
1167,one-to-one,dn_1275,isk_1568,Mi prese una convulsione di dolore così forte che dovetti alzarmi dopo poco ed uscire.,其の時僕は酷い苦痛の痙攣が起つたから、直ぐ立つて外へ出た。,prese,立つて,Giorgio,Giorgio,NULL,NULL,nsubj,nsubj,zero_zero_semantic,0.2677480486171573
1167,one-to-one,dn_1275,isk_1568,Mi prese una convulsione di dolore così forte che dovetti alzarmi dopo poco ed uscire.,其の時僕は酷い苦痛の痙攣が起つたから、直ぐ立つて外へ出た。,dovetti alzar,出た,Giorgio,Giorgio,NULL,NULL,nsubj,nsubj,zero_zero_semantic,0.4379594518407976
1167,one-to-one,dn_1275,isk_1568,Mi prese una convulsione di dolore così forte che dovetti alzarmi dopo poco ed uscire.,其の時僕は酷い苦痛の痙攣が起つたから、直ぐ立つて外へ出た。,mi,MISSING,Giorgio,MISSING,PRON-REFLEX,MISSING,obj,MISSING,leftover_source,
1168,one-to-many,dn_1276,isk_1569 isk_1570,"La presenza di quelle tre persone che parlavano e ridevano come nelle altre sere, come se nulla di nuovo fosse accaduto, mi esasperava.",其の三人は、何も異つた事はないと言つた貌で、毎もの夜の通りに笑つて話して居た。 それを見た僕は腹が立つてならなかつた。,mi,僕,Giorgio,Giorgio,PRON,PRON,obj,obj,explicit_full,
1168,one-to-many,dn_1276,isk_1569 isk_1570,"La presenza di quelle tre persone che parlavano e ridevano come nelle altre sere, come se nulla di nuovo fosse accaduto, mi esasperava.",其の三人は、何も異つた事はないと言つた貌で、毎もの夜の通りに笑つて話して居た。 それを見た僕は腹が立つてならなかつた。,quelle tre persone,其の三人,Ippolitas-husband Ippolitas-husbands-male-friend Ippolitas-husbands-female-friend,Ippolitas-husband Ippolitas-husbands-male-friend Ippolitas-husbands-female-friend,NOUN,NOUN,nmod,nsubj,explicit_ref_pos,
1168,one-to-many,dn_1276,isk_1569 isk_1570,"La presenza di quelle tre persone che parlavano e ridevano come nelle altre sere, come se nulla di nuovo fosse accaduto, mi esasperava.",其の三人は、何も異つた事はないと言つた貌で、毎もの夜の通りに笑つて話して居た。 それを見た僕は腹が立つてならなかつた。,ridevano,笑つて,Ippolitas-husband Ippolitas-husbands-male-friend Ippolitas-husbands-female-friend,Ippolitas-husband Ippolitas-husbands-male-friend Ippolitas-husbands-female-friend,NULL,NULL,nsubj,nsubj,zero_zero_semantic,0.41902282566669496
1168,one-to-many,dn_1276,isk_1569 isk_1570,"La presenza di quelle tre persone che parlavano e ridevano come nelle altre sere, come se nulla di nuovo fosse accaduto, mi esasperava.",其の三人は、何も異つた事はないと言つた貌で、毎もの夜の通りに笑つて話して居た。 それを見た僕は腹が立つてならなかつた。,MISSING,話して居た,MISSING,Ippolitas-husband Ippolitas-husbands-male-friend Ippolitas-husbands-female-friend,MISSING,NULL,MISSING,nsubj,leftover_target,
1169,one-to-many,dn_1277,isk_1571 isk_1572,"Esse rappresentavano, d'innanzi a me, la certezza che tu eri partita, partita irremissibilmente.",君の出發、 ―赦して置けない君の出發を、その三人が眼前疑いを霽すといふ風に、證據立てて居たのだ。,me,MISSING,Giorgio,MISSING,PRON,MISSING,obj,MISSING,leftover_source,
1169,one-to-many,dn_1277,isk_1571 isk_1572,"Esse rappresentavano, d'innanzi a me, la certezza che tu eri partita, partita irremissibilmente.",君の出發、 ―赦して置けない君の出發を、その三人が眼前疑いを霽すといふ風に、證據立てて居たのだ。,tu,君,Ippolita,Ippolita,PRON,PRON,nsubj,nmod,explicit_ref_pos,
1169,one-to-many,dn_1277,isk_1571 isk_1572,"Esse rappresentavano, d'innanzi a me, la certezza che tu eri partita, partita irremissibilmente.",君の出發、 ―赦して置けない君の出發を、その三人が眼前疑いを霽すといふ風に、證據立てて居たのだ。,eri,MISSING,Ippolita,MISSING,NULL,MISSING,nsubj,MISSING,leftover_source,
1169,one-to-many,dn_1277,isk_1571 isk_1572,"Esse rappresentavano, d'innanzi a me, la certezza che tu eri partita, partita irremissibilmente.",君の出發、 ―赦して置けない君の出發を、その三人が眼前疑いを霽すといふ風に、證據立てて居たのだ。,MISSING,君,MISSING,Ippolita,MISSING,PRON,MISSING,nmod,leftover_target,
1169,one-to-many,dn_1277,isk_1571 isk_1572,"Esse rappresentavano, d'innanzi a me, la certezza che tu eri partita, partita irremissibilmente.",君の出發、 ―赦して置けない君の出發を、その三人が眼前疑いを霽すといふ風に、證據立てて居たのだ。,Esse,その三人,Ippolitas-husband Ippolitas-husbands-male-friend Ippolitas-husbands-female-friend,Ippolitas-husband Ippolitas-husbands-male-friend Ippolitas-husbands-female-friend,PRON,NOUN,nsubj,nsubj,explicit_ref_case,
1170,one-to-one,dn_1278,isk_1573,"Egli ripensò quelle sere di estate, quando vedeva Ippolita seduta a un tavolo, tra il marito e un capitano di fanteria, di fronte a una piccola signora goffa.",夏の夜毎にイッポリイタが、先夫と一人の步兵大尉との眞中に介つて、大尉の眞向きには、小柄な、意味の無い顔をした婦人が居て、テイブルを圍んてゐるのを見たことを考へ出した。,vedeva,見た,Giorgio,Giorgio,NULL,NULL,nsubj,nsubj,zero_zero_semantic,0.3862249653957431
1170,one-to-one,dn_1278,isk_1573,"Egli ripensò quelle sere di estate, quando vedeva Ippolita seduta a un tavolo, tra il marito e un capitano di fanteria, di fronte a una piccola signora goffa.",夏の夜毎にイッポリイタが、先夫と一人の步兵大尉との眞中に介つて、大尉の眞向きには、小柄な、意味の無い顔をした婦人が居て、テイブルを圍んてゐるのを見たことを考へ出した。,Egli,考へ出した,Giorgio,Giorgio,PRON,NULL,nsubj,nsubj,zero_to_src_anchor,
1170,one-to-one,dn_1278,isk_1573,"Egli ripensò quelle sere di estate, quando vedeva Ippolita seduta a un tavolo, tra il marito e un capitano di fanteria, di fronte a una piccola signora goffa.",夏の夜毎にイッポリイタが、先夫と一人の步兵大尉との眞中に介つて、大尉の眞向きには、小柄な、意味の無い顔をした婦人が居て、テイブルを圍んてゐるのを見たことを考へ出した。,Ippolita,イッポリイタ,Ippolita,Ippolita,PROPN,PROPN,obj,nsubj,explicit_ref_pos,
1170,one-to-one,dn_1278,isk_1573,"Egli ripensò quelle sere di estate, quando vedeva Ippolita seduta a un tavolo, tra il marito e un capitano di fanteria, di fronte a una piccola signora goffa.",夏の夜毎にイッポリイタが、先夫と一人の步兵大尉との眞中に介つて、大尉の眞向きには、小柄な、意味の無い顔をした婦人が居て、テイブルを圍んてゐるのを見たことを考へ出した。,MISSING,介つて,MISSING,Ippolita,MISSING,NULL,MISSING,nsubj,leftover_target,
1170,one-to-one,dn_1278,isk_1573,"Egli ripensò quelle sere di estate, quando vedeva Ippolita seduta a un tavolo, tra il marito e un capitano di fanteria, di fronte a una piccola signora goffa.",夏の夜毎にイッポリイタが、先夫と一人の步兵大尉との眞中に介つて、大尉の眞向きには、小柄な、意味の無い顔をした婦人が居て、テイブルを圍んてゐるのを見たことを考へ出した。,il marito,先夫,Ippolitas-husband,Ippolitas-husband,NOUN,NOUN,obj,obj,explicit_full,
1170,one-to-one,dn_1278,isk_1573,"Egli ripensò quelle sere di estate, quando vedeva Ippolita seduta a un tavolo, tra il marito e un capitano di fanteria, di fronte a una piccola signora goffa.",夏の夜毎にイッポリイタが、先夫と一人の步兵大尉との眞中に介つて、大尉の眞向きには、小柄な、意味の無い顔をした婦人が居て、テイブルを圍んてゐるのを見たことを考へ出した。,una piccola signora goffa,小柄な、意味の無い顔をした婦人,Ippolitas-husbands-female-friend,Ippolitas-husbands-female-friend,NOUN,NOUN,obj,nsubj,explicit_ref_pos,
1170,one-to-one,dn_1278,isk_1573,"Egli ripensò quelle sere di estate, quando vedeva Ippolita seduta a un tavolo, tra il marito e un capitano di fanteria, di fronte a una piccola signora goffa.",夏の夜毎にイッポリイタが、先夫と一人の步兵大尉との眞中に介つて、大尉の眞向きには、小柄な、意味の無い顔をした婦人が居て、テイブルを圍んてゐるのを見たことを考へ出した。,un capitano di fanteria,一人の步兵大尉,Ippolitas-husbands-male-friend,Ippolitas-husbands-male-friend,NOUN,NOUN,obj,obj,explicit_full,
1170,one-to-one,dn_1278,isk_1573,"Egli ripensò quelle sere di estate, quando vedeva Ippolita seduta a un tavolo, tra il marito e un capitano di fanteria, di fronte a una piccola signora goffa.",夏の夜毎にイッポリイタが、先夫と一人の步兵大尉との眞中に介つて、大尉の眞向きには、小柄な、意味の無い顔をした婦人が居て、テイブルを圍んてゐるのを見たことを考へ出した。,MISSING,大尉,MISSING,Ippolitas-husbands-male-friend,MISSING,NOUN,MISSING,nmod,leftover_target,
1171,one-to-many,dn_1279,isk_1574 isk_1575 isk_1576,"Egli non conosceva nessuna delle tre persone; e soffriva d'ogni loro gesto, d'ogni loro attitudine, di tutta la loro volgarità esterna; e imaginava la stupidità dei loro discorsi a cui la creatura elegante pareva prestare un'attenzione continua.",彼は此の三人とも知らない人であつた。 が、三人の身振、容態、それから野暮臭い樣子が、一々彼には西白くなかつた。 刺撃の皆無な物語に、此の勿體ないやうな戀人が、辛抱强く耳を貸して居る圖を、想像の中で描いて見た。,Egli,彼,Giorgio,Giorgio,PRON,PRON,nsubj,nsubj,explicit_full,
1171,one-to-many,dn_1279,isk_1574 isk_1575 isk_1576,"Egli non conosceva nessuna delle tre persone; e soffriva d'ogni loro gesto, d'ogni loro attitudine, di tutta la loro volgarità esterna; e imaginava la stupidità dei loro discorsi a cui la creatura elegante pareva prestare un'attenzione continua.",彼は此の三人とも知らない人であつた。 が、三人の身振、容態、それから野暮臭い樣子が、一々彼には西白くなかつた。 刺撃の皆無な物語に、此の勿體ないやうな戀人が、辛抱强く耳を貸して居る圖を、想像の中で描いて見た。,soffriva,MISSING,Giorgio,MISSING,NULL,MISSING,nsubj,MISSING,leftover_source,
1171,one-to-many,dn_1279,isk_1574 isk_1575 isk_1576,"Egli non conosceva nessuna delle tre persone; e soffriva d'ogni loro gesto, d'ogni loro attitudine, di tutta la loro volgarità esterna; e imaginava la stupidità dei loro discorsi a cui la creatura elegante pareva prestare un'attenzione continua.",彼は此の三人とも知らない人であつた。 が、三人の身振、容態、それから野暮臭い樣子が、一々彼には西白くなかつた。 刺撃の皆無な物語に、此の勿體ないやうな戀人が、辛抱强く耳を貸して居る圖を、想像の中で描いて見た。,imaginava,MISSING,Giorgio,MISSING,NULL,MISSING,nsubj,MISSING,leftover_source,
1171,one-to-many,dn_1279,isk_1574 isk_1575 isk_1576,"Egli non conosceva nessuna delle tre persone; e soffriva d'ogni loro gesto, d'ogni loro attitudine, di tutta la loro volgarità esterna; e imaginava la stupidità dei loro discorsi a cui la creatura elegante pareva prestare un'attenzione continua.",彼は此の三人とも知らない人であつた。 が、三人の身振、容態、それから野暮臭い樣子が、一々彼には西白くなかつた。 刺撃の皆無な物語に、此の勿體ないやうな戀人が、辛抱强く耳を貸して居る圖を、想像の中で描いて見た。,MISSING,彼,MISSING,Giorgio,MISSING,PRON,MISSING,obj,leftover_target,
1171,one-to-many,dn_1279,isk_1574 isk_1575 isk_1576,"Egli non conosceva nessuna delle tre persone; e soffriva d'ogni loro gesto, d'ogni loro attitudine, di tutta la loro volgarità esterna; e imaginava la stupidità dei loro discorsi a cui la creatura elegante pareva prestare un'attenzione continua.",彼は此の三人とも知らない人であつた。 が、三人の身振、容態、それから野暮臭い樣子が、一々彼には西白くなかつた。 刺撃の皆無な物語に、此の勿體ないやうな戀人が、辛抱强く耳を貸して居る圖を、想像の中で描いて見た。,la creatura elegante,此の勿體ないやうな戀人,Ippolita,Ippolita,NOUN,NOUN,nsubj,nsubj,explicit_full,
1171,one-to-many,dn_1279,isk_1574 isk_1575 isk_1576,"Egli non conosceva nessuna delle tre persone; e soffriva d'ogni loro gesto, d'ogni loro attitudine, di tutta la loro volgarità esterna; e imaginava la stupidità dei loro discorsi a cui la creatura elegante pareva prestare un'attenzione continua.",彼は此の三人とも知らない人であつた。 が、三人の身振、容態、それから野暮臭い樣子が、一々彼には西白くなかつた。 刺撃の皆無な物語に、此の勿體ないやうな戀人が、辛抱强く耳を貸して居る圖を、想像の中で描いて見た。,MISSING,貸して居る,MISSING,Ippolita,MISSING,NULL,MISSING,nsubj,leftover_target,
1171,one-to-many,dn_1279,isk_1574 isk_1575 isk_1576,"Egli non conosceva nessuna delle tre persone; e soffriva d'ogni loro gesto, d'ogni loro attitudine, di tutta la loro volgarità esterna; e imaginava la stupidità dei loro discorsi a cui la creatura elegante pareva prestare un'attenzione continua.",彼は此の三人とも知らない人であつた。 が、三人の身振、容態、それから野暮臭い樣子が、一々彼には西白くなかつた。 刺撃の皆無な物語に、此の勿體ないやうな戀人が、辛抱强く耳を貸して居る圖を、想像の中で描いて見た。,nessuna delle tre persone,此の三人,Ippolitas-husband Ippolitas-husbands-male-friend Ippolitas-husbands-female-friend,Ippolitas-husband Ippolitas-husbands-male-friend Ippolitas-husbands-female-friend,PRON,NOUN,obj,obj,explicit_ref_case,
1171,one-to-many,dn_1279,isk_1574 isk_1575 isk_1576,"Egli non conosceva nessuna delle tre persone; e soffriva d'ogni loro gesto, d'ogni loro attitudine, di tutta la loro volgarità esterna; e imaginava la stupidità dei loro discorsi a cui la creatura elegante pareva prestare un'attenzione continua.",彼は此の三人とも知らない人であつた。 が、三人の身振、容態、それから野暮臭い樣子が、一々彼には西白くなかつた。 刺撃の皆無な物語に、此の勿體ないやうな戀人が、辛抱强く耳を貸して居る圖を、想像の中で描いて見た。,loro,三人,Ippolitas-husband Ippolitas-husbands-male-friend Ippolitas-husbands-female-friend,Ippolitas-husband Ippolitas-husbands-male-friend Ippolitas-husbands-female-friend,DET,NOUN,nmod,nmod,explicit_ref_case,
1171,one-to-many,dn_1279,isk_1574 isk_1575 isk_1576,"Egli non conosceva nessuna delle tre persone; e soffriva d'ogni loro gesto, d'ogni loro attitudine, di tutta la loro volgarità esterna; e imaginava la stupidità dei loro discorsi a cui la creatura elegante pareva prestare un'attenzione continua.",彼は此の三人とも知らない人であつた。 が、三人の身振、容態、それから野暮臭い樣子が、一々彼には西白くなかつた。 刺撃の皆無な物語に、此の勿體ないやうな戀人が、辛抱强く耳を貸して居る圖を、想像の中で描いて見た。,loro,MISSING,Ippolitas-husband Ippolitas-husbands-male-friend Ippolitas-husbands-female-friend,MISSING,DET,MISSING,nmod,MISSING,leftover_source,
1171,one-to-many,dn_1279,isk_1574 isk_1575 isk_1576,"Egli non conosceva nessuna delle tre persone; e soffriva d'ogni loro gesto, d'ogni loro attitudine, di tutta la loro volgarità esterna; e imaginava la stupidità dei loro discorsi a cui la creatura elegante pareva prestare un'attenzione continua.",彼は此の三人とも知らない人であつた。 が、三人の身振、容態、それから野暮臭い樣子が、一々彼には西白くなかつた。 刺撃の皆無な物語に、此の勿體ないやうな戀人が、辛抱强く耳を貸して居る圖を、想像の中で描いて見た。,loro,MISSING,Ippolitas-husband Ippolitas-husbands-male-friend Ippolitas-husbands-female-friend,MISSING,DET,MISSING,nmod,MISSING,leftover_source,
1171,one-to-many,dn_1279,isk_1574 isk_1575 isk_1576,"Egli non conosceva nessuna delle tre persone; e soffriva d'ogni loro gesto, d'ogni loro attitudine, di tutta la loro volgarità esterna; e imaginava la stupidità dei loro discorsi a cui la creatura elegante pareva prestare un'attenzione continua.",彼は此の三人とも知らない人であつた。 が、三人の身振、容態、それから野暮臭い樣子が、一々彼には西白くなかつた。 刺撃の皆無な物語に、此の勿體ないやうな戀人が、辛抱强く耳を貸して居る圖を、想像の中で描いて見た。,loro,MISSING,Ippolitas-husband Ippolitas-husbands-male-friend Ippolitas-husbands-female-friend,MISSING,DET,MISSING,nmod,MISSING,leftover_source,
1172,one-to-one,dn_1280,isk_1577,In un'altra lettera trovò:,又一通に、,trovò,MISSING,Giorgio,MISSING,NULL,MISSING,nsubj,MISSING,leftover_source,
1173,one-to-one,dn_1281,isk_1578,Dubito.,僕は疑惑を起して居る。,Dubito,僕,Giorgio,Giorgio,NULL,PRON,nsubj,nsubj,zero_to_tgt_anchor,
1174,one-to-one,dn_1282,isk_1579,Ho contro di te oggi l'animo ostile.,君に對して讎敵の思ひがする。,Ho,讎敵の思ひがする,Giorgio,Giorgio,NULL,NULL,nsubj,nsubj,zero_zero_single,
1174,one-to-one,dn_1282,isk_1579,Ho contro di te oggi l'animo ostile.,君に對して讎敵の思ひがする。,te,君,Ippolita,Ippolita,PRON,PRON,obj,obj,explicit_full,
1175,one-to-one,dn_1283,isk_1580,Sono pieno d'un'ira compressa.,何處となく腹立たしい氣が滿ちて居る。,Sono pieno,MISSING,Giorgio,MISSING,NULL,MISSING,nsubj,MISSING,leftover_source,
1176,one-to-one,dn_1284,isk_1581,Uscirò fra poco e andrò in mare.,直ぐ出て行つて海へ入る。,Uscirò,出て行つて,Giorgio,Giorgio,NULL,NULL,nsubj,nsubj,zero_zero_semantic,0.1397410531838735
1176,one-to-one,dn_1284,isk_1581,Uscirò fra poco e andrò in mare.,直ぐ出て行つて海へ入る。,andrò,入る,Giorgio,Giorgio,NULL,NULL,nsubj,nsubj,zero_zero_semantic,0.2327583059668541
1179,one-to-one,dn_1287,isk_1584,"Non ti scrivo di più, per non dirti cose durissime.",厭味を言つても始まらないから、もう書くことは止す。,scrivo,言つて,Giorgio,Giorgio,NULL,NULL,nsubj,nsubj,zero_zero_semantic,0.49674934310655966
1179,one-to-one,dn_1287,isk_1584,"Non ti scrivo di più, per non dirti cose durissime.",厭味を言つても始まらないから、もう書くことは止す。,MISSING,始まらないから,MISSING,Giorgio,MISSING,NULL,MISSING,nsubj,leftover_target,
1179,one-to-one,dn_1287,isk_1584,"Non ti scrivo di più, per non dirti cose durissime.",厭味を言つても始まらないから、もう書くことは止す。,MISSING,止す,MISSING,Giorgio,MISSING,NULL,MISSING,nsubj,leftover_target,
1179,one-to-one,dn_1287,isk_1584,"Non ti scrivo di più, per non dirti cose durissime.",厭味を言つても始まらないから、もう書くことは止す。,ti,MISSING,Ippolita,MISSING,PRON,MISSING,obj,MISSING,leftover_source,
1179,one-to-one,dn_1287,isk_1584,"Non ti scrivo di più, per non dirti cose durissime.",厭味を言つても始まらないから、もう書くことは止す。,ti,MISSING,Ippolita,MISSING,PRON,MISSING,obj,MISSING,leftover_source,
1181,one-to-one,dn_1289,isk_1586,Mi ami tu?,君は僕を愛するのか。,Mi,僕,Giorgio,Giorgio,PRON,PRON,obj,obj,explicit_full,
1181,one-to-one,dn_1289,isk_1586,Mi ami tu?,君は僕を愛するのか。,tu,君,Ippolita,Ippolita,PRON,PRON,nsubj,nsubj,explicit_full,
1181,one-to-one,dn_1289,isk_1586,Mi ami tu?,君は僕を愛するのか。,ami,MISSING,Ippolita,MISSING,NULL,MISSING,nsubj,MISSING,leftover_source,
1182,one-to-one,dn_1290,isk_1587,O scrivi ancóra parole d'amore per abitudine pietosa?,それとも氣の弱い處から、習慣的に戀の多辯を弄するのか。,scrivi,弄する,Ippolita,Ippolita,NULL,NULL,nsubj,nsubj,zero_zero_single,
1183,one-to-one,dn_1291,isk_1588,Sei tu leale?,眞心があるのか。,tu,眞心がある,Ippolita,Ippolita,PRON,NULL,nsubj,nsubj,zero_to_src_anchor,
1184,one-to-one,dn_1292,isk_1589,Che pensi?,何を考へて居る。,pensi,考へて居る,Ippolita,Ippolita,NULL,NULL,nsubj,nsubj,zero_zero_single,
1185,one-to-one,dn_1293,isk_1590,Che fai?,何を爲て居る。,fai,爲て居る,Ippolita,Ippolita,NULL,NULL,nsubj,nsubj,zero_zero_single,
1186,one-to-one,dn_1294,isk_1591,Io soffro.,あゝ可惱しい。,Io,MISSING,Giorgio,MISSING,PRON,MISSING,nsubj,MISSING,leftover_source,
1187,one-to-one,dn_1295,isk_1592,Ho il diritto d'interrogarti così.,斯う詰問するのも至當な事だ。,Ho,MISSING,Giorgio,MISSING,NULL,MISSING,nsubj,MISSING,leftover_source,
1187,one-to-one,dn_1295,isk_1592,Ho il diritto d'interrogarti così.,斯う詰問するのも至當な事だ。,interrogar,MISSING,Giorgio,MISSING,NULL,MISSING,nsubj,MISSING,leftover_source,
1187,one-to-one,dn_1295,isk_1592,Ho il diritto d'interrogarti così.,斯う詰問するのも至當な事だ。,ti,MISSING,Ippolita,MISSING,PRON,MISSING,obj,MISSING,leftover_source,
1188,one-to-one,dn_1296,isk_1593,"Dubito, dubito, dubito.",疑る、疑る、疑る。,Dubito,疑る,Giorgio,Giorgio,NULL,NULL,nsubj,nsubj,zero_zero_semantic,0.19760945439338684
1188,one-to-one,dn_1296,isk_1593,"Dubito, dubito, dubito.",疑る、疑る、疑る。,dubito,疑る,Giorgio,Giorgio,NULL,NULL,nsubj,nsubj,zero_zero_semantic,0.20089982493200165
1188,one-to-one,dn_1296,isk_1593,"Dubito, dubito, dubito.",疑る、疑る、疑る。,dubito,疑る,Giorgio,Giorgio,NULL,NULL,nsubj,nsubj,zero_zero_semantic,0.2576868617232295
1189,one-to-one,dn_1297,isk_1594,Sono demente.,氣が變になる。,Sono,MISSING,Giorgio,MISSING,NULL,MISSING,nsubj,MISSING,leftover_source,
1191,one-to-one,dn_1299,isk_1596,disse Ippolita,イッポリイタが言ふ。,Ippolita,イッポリイタ,Ippolita,Ippolita,PROPN,PROPN,nsubj,nsubj,explicit_full,
1192,one-to-one,dn_1300,isk_1597,è del tempo ch'io ero a Rimini.,私がリミニに居た時分よ。,io,私,Ippolita,Ippolita,PRON,PRON,nsubj,nsubj,explicit_full,
1192,one-to-one,dn_1300,isk_1597,è del tempo ch'io ero a Rimini.,私がリミニに居た時分よ。,ero,MISSING,Ippolita,MISSING,NULL,MISSING,nsubj,MISSING,leftover_source,
1194,one-to-one,dn_1302,isk_1599,E quando tu finalmente venisti col Don Juan?,貴郞到頭その時「ドン·フアン」丸で來らしつたのね。,tu,貴郞,Giorgio,Giorgio,PRON,NOUN,nsubj,nsubj,explicit_ref_case,
1195,one-to-one,dn_1303,isk_1600,Ecco una lettera di bordo.,これだらう船の中で書いたのは。,MISSING,書いた,MISSING,Giorgio,MISSING,NULL,MISSING,nsubj,leftover_target,
1196,one-to-one,dn_1304,isk_1601,"Siamo giunti ad Ancona oggi alle due, venendo a vela da Porto San Giorgio.",本日二時、サン·ジォルジオ港よりアンコナに參り碇船致し候。,Siamo giunti,參り,Giorgio,Giorgio,NULL,NULL,nsubj,nsubj,zero_zero_semantic,0.2810632622447507
1196,one-to-one,dn_1304,isk_1601,"Siamo giunti ad Ancona oggi alle due, venendo a vela da Porto San Giorgio.",本日二時、サン·ジォルジオ港よりアンコナに參り碇船致し候。,MISSING,致し候,MISSING,Giorgio,MISSING,NULL,MISSING,nsubj,leftover_target,
1197,one-to-one,dn_1305,isk_1602,"Per le tue preghiere e per i tuoi augurii, abbiamo avuto propizio il vento.",君の祝禱と好意とにて順風を得申し候。,abbiamo avuto,得申し候,Giorgio,Giorgio,NULL,NULL,nsubj,nsubj,zero_zero_single,
1197,one-to-one,dn_1305,isk_1602,"Per le tue preghiere e per i tuoi augurii, abbiamo avuto propizio il vento.",君の祝禱と好意とにて順風を得申し候。,tue,君,Ippolita,Ippolita,DET,PRON,nmod,nmod,explicit_ref_case,
1197,one-to-one,dn_1305,isk_1602,"Per le tue preghiere e per i tuoi augurii, abbiamo avuto propizio il vento.",君の祝禱と好意とにて順風を得申し候。,tuoi,MISSING,Ippolita,MISSING,DET,MISSING,nmod,MISSING,leftover_source,
1198,one-to-one,dn_1306,isk_1603,"Meravigliosa navigazione, che ti racconterò.",渡海の奇談は緩々物語るべく候。,racconterò,物語るべく候,Giorgio,Giorgio,NULL,NULL,nsubj,nsubj,zero_zero_single,
1198,one-to-one,dn_1306,isk_1603,"Meravigliosa navigazione, che ti racconterò.",渡海の奇談は緩々物語るべく候。,ti,MISSING,Ippolita,MISSING,PRON,MISSING,obj,MISSING,leftover_source,
1199,one-to-one,dn_1307,isk_1604,"All'alba, riprenderemo il largo.",早朝には再び沖合に浮び出づべく候。,riprenderemo,MISSING,Giorgio,MISSING,NULL,MISSING,nsubj,MISSING,leftover_source,
1201,one-to-one,dn_1309,isk_1606,La tua bandiera sventola sull'albero.,君の旗は檣頭高く翻り居り候。,tua,君,Ippolita,Ippolita,DET,PRON,nmod,nmod,explicit_ref_case,
1204,one-to-many,dn_1312,isk_1609 isk_1610,Ci rivedemmo; ma che giorni di supplizio!,復た遇つてね。 隨分併し苦しかつたわ。,rivedemmo,遇つて,Giorgio Ippolita,Giorgio Ippolita,NULL,NULL,nsubj,nsubj,zero_zero_single,
1204,one-to-many,dn_1312,isk_1609 isk_1610,Ci rivedemmo; ma che giorni di supplizio!,復た遇つてね。 隨分併し苦しかつたわ。,Ci,MISSING,Giorgio Ippolita,MISSING,PRON-REFLEX,MISSING,obj,MISSING,leftover_source,
1205,one-to-one,dn_1313,isk_1611,Ti ricordi?,記えてるでせう。,ricordi,記えてる,Giorgio,Giorgio,NULL,NULL,nsubj,nsubj,zero_zero_single,
1205,one-to-one,dn_1313,isk_1611,Ti ricordi?,記えてるでせう。,Ti,MISSING,Giorgio,MISSING,PRON-REFLEX,MISSING,obj,MISSING,leftover_source,
1206,one-to-one,dn_1314,isk_1612,Avevamo sempre testimonii vigilanti.,のべつに張番されてるのですもの。,Avevamo,張番されてる,Giorgio Ippolita,Giorgio Ippolita,NULL,NULL,nsubj,nsubj,zero_zero_single,
1207,one-to-one,dn_1315,isk_1613,Oh quella mia cognata!,可愛い姉も居てよ。,mia cognata,可愛い姉,Ippolitas-sister-in-law,Ippolitas-sister-in-law,NOUN,NOUN,nsubj,nsubj,explicit_full,
1207,one-to-one,dn_1315,isk_1613,Oh quella mia cognata!,可愛い姉も居てよ。,MISSING,居て,MISSING,Ippolitas-sister-in-law,MISSING,NULL,MISSING,nsubj,leftover_target,
1208,one-to-one,dn_1316,isk_1614,Ti ricordi la visita al Tempio malatestiano?,マラテスタ家の菩提寺も見に行つたわね。,Ti,MISSING,Giorgio,MISSING,PRON-REFLEX,MISSING,obj,MISSING,leftover_source,
1208,one-to-one,dn_1316,isk_1614,Ti ricordi la visita al Tempio malatestiano?,マラテスタ家の菩提寺も見に行つたわね。,ricordi,MISSING,Giorgio,MISSING,NULL,MISSING,nsubj,MISSING,leftover_source,
1208,one-to-one,dn_1316,isk_1614,Ti ricordi la visita al Tempio malatestiano?,マラテスタ家の菩提寺も見に行つたわね。,MISSING,見に行つた,MISSING,Giorgio Ippolita,MISSING,NULL,MISSING,nsubj,leftover_target,
1209,one-to-one,dn_1317,isk_1615,"E il pellegrinaggio alla chiesa di San Giuliano, la sera prima che tu partissi?",お發ちの前の晩に、サン·ジャリアノのお寺へも巡禮して行つたこと記えてて？,tu,記えてて,Giorgio,Giorgio,PRON,NULL,nsubj,nsubj,zero_to_src_anchor,
1209,one-to-one,dn_1317,isk_1615,"E il pellegrinaggio alla chiesa di San Giuliano, la sera prima che tu partissi?",お發ちの前の晩に、サン·ジャリアノのお寺へも巡禮して行つたこと記えてて？,MISSING,巡禮して行つた,MISSING,Giorgio Ippolita,MISSING,NULL,MISSING,nsubj,leftover_target,
1211,one-to-one,dn_1319,isk_1617,"Lessero ambedue, con un palpito concorde:",それを二人で讀交した時には、同じやうに動悸が搏つた。,ambedue,二人,Giorgio Ippolita,Giorgio Ippolita,PRON,NOUN,nsubj,obj,explicit_ref_only,
1211,one-to-one,dn_1319,isk_1617,"Lessero ambedue, con un palpito concorde:",それを二人で讀交した時には、同じやうに動悸が搏つた。,MISSING,讀交した,MISSING,Giorgio Ippolita,MISSING,NULL,MISSING,nsubj,leftover_target,
1212,one-to-many,dn_1320,isk_1618 isk_1619,"Sono a Venezia dal 9, plus triste que jamais.",九日からはヹネチアに居る。 plus triste que jamais(次第に悲哀が募る)。,Sono,居る,Giorgio,Giorgio,NULL,NULL,nsubj,nsubj,zero_zero_single,
1213,one-to-one,dn_1321,isk_1620,Venezia mi soffoca.,ヹネチアは僕を痲醉させる。,mi,僕,Giorgio,Giorgio,PRON,PRON,obj,obj,explicit_full,
1215,one-to-one,dn_1323,isk_1622,Muoio di malinconia e di desiderio.,僕は鬱憂の激情のために死に瀕して居る。,Muoio,僕,Giorgio,Giorgio,NULL,PRON,nsubj,nsubj,zero_to_tgt_anchor,
1216,one-to-one,dn_1324,isk_1623,Perché non sei qui?,何爲君は此地に來ない。,non sei,君,Ippolita,Ippolita,NULL,PRON,nsubj,nsubj,zero_to_tgt_anchor,
1217,one-to-many,dn_1325,isk_1624 isk_1625,"Se tu fossi venuta, seguendo il proponimento d'una volta!",噫、來て欲しい！ 君の最初の思ひ立を實行しさへすれば可いのだのに。,MISSING,來て欲しい,MISSING,Giorgio,MISSING,NULL,MISSING,nsubj,leftover_target,
1217,one-to-many,dn_1325,isk_1624 isk_1625,"Se tu fossi venuta, seguendo il proponimento d'una volta!",噫、來て欲しい！ 君の最初の思ひ立を實行しさへすれば可いのだのに。,tu,君,Ippolita,Ippolita,PRON,PRON,nsubj,nmod,explicit_ref_pos,
1217,one-to-many,dn_1325,isk_1624 isk_1625,"Se tu fossi venuta, seguendo il proponimento d'una volta!",噫、來て欲しい！ 君の最初の思ひ立を實行しさへすれば可いのだのに。,MISSING,實行しさへすれば可い,MISSING,Ippolita,MISSING,NULL,MISSING,nsubj,leftover_target,
1218,one-to-many,dn_1326,isk_1626 isk_1627,"Forse avremmo potuto strappare un'ora ad ogni vigilanza; e tra i nostri ricordi innumerevoli sarebbe anche questo, il più divino....",目鯨立てて見て居られようとも、一時間位は奈何にでもならうものを。 二人の「追憶」の實庫の中へ、一番貴い追憶がもう一つ餘計に加へられたところだのに…。,MISSING,立てて見て居られようとも,MISSING,Giorgio,MISSING,NULL,MISSING,nsubj,leftover_target,
1218,one-to-many,dn_1326,isk_1626 isk_1627,"Forse avremmo potuto strappare un'ora ad ogni vigilanza; e tra i nostri ricordi innumerevoli sarebbe anche questo, il più divino....",目鯨立てて見て居られようとも、一時間位は奈何にでもならうものを。 二人の「追憶」の實庫の中へ、一番貴い追憶がもう一つ餘計に加へられたところだのに…。,nostri,二人,Giorgio Ippolita,Giorgio Ippolita,DET,NOUN,nmod,nmod,explicit_ref_case,
1218,one-to-many,dn_1326,isk_1626 isk_1627,"Forse avremmo potuto strappare un'ora ad ogni vigilanza; e tra i nostri ricordi innumerevoli sarebbe anche questo, il più divino....",目鯨立てて見て居られようとも、一時間位は奈何にでもならうものを。 二人の「追憶」の實庫の中へ、一番貴い追憶がもう一つ餘計に加へられたところだのに…。,avremmo potuto strappare,MISSING,Giorgio Ippolita,MISSING,NULL,MISSING,nsubj,MISSING,leftover_source,
1219,one-to-one,dn_1327,isk_1628,"Lessero ancóra, in un'altra pagina:",又別の手紙に、,Lessero,MISSING,Giorgio Ippolita,MISSING,NULL,MISSING,nsubj,MISSING,leftover_source,
1220,one-to-many,dn_1328,isk_1629 isk_1630,Ho un pensiero strano che mi balena di tratto in tratto e mi turba nel profondo:,僕は妙な事を思つて居る。 引切無しに電光のやうに心を貫き、全身を顚倒させて居る。,mi,僕,Giorgio,Giorgio,PRON,PRON,obj,nsubj,explicit_ref_pos,
1220,one-to-many,dn_1328,isk_1629 isk_1630,Ho un pensiero strano che mi balena di tratto in tratto e mi turba nel profondo:,僕は妙な事を思つて居る。 引切無しに電光のやうに心を貫き、全身を顚倒させて居る。,Ho,MISSING,Giorgio,MISSING,NULL,MISSING,nsubj,MISSING,leftover_source,
1220,one-to-many,dn_1328,isk_1629 isk_1630,Ho un pensiero strano che mi balena di tratto in tratto e mi turba nel profondo:,僕は妙な事を思つて居る。 引切無しに電光のやうに心を貫き、全身を顚倒させて居る。,mi,MISSING,Giorgio,MISSING,PRON,MISSING,obj,MISSING,leftover_source,
1221,one-to-one,dn_1329 dn_1330,isk_1631 isk_1632,"un pensiero folle, un sogno. Penso che tu potresti giungere d'improvviso a Venezia, sola, per essere tutta mia!",莫迦な、夢のやうな考想だ―若しかすると君が出掛けて來るかも知れない。 不意に、ひよつくらやつて來て、僕の所有になるかも知れないと、然う思つて居る。,mia,僕,Giorgio,Giorgio,DET,PRON,nmod,nmod,explicit_ref_case,
1221,one-to-one,dn_1329 dn_1330,isk_1631 isk_1632,"un pensiero folle, un sogno. Penso che tu potresti giungere d'improvviso a Venezia, sola, per essere tutta mia!",莫迦な、夢のやうな考想だ―若しかすると君が出掛けて來るかも知れない。 不意に、ひよつくらやつて來て、僕の所有になるかも知れないと、然う思つて居る。,Penso,思つて居る,Giorgio,Giorgio,NULL,NULL,nsubj,nsubj,zero_zero_single,
1221,one-to-one,dn_1329 dn_1330,isk_1631 isk_1632,"un pensiero folle, un sogno. Penso che tu potresti giungere d'improvviso a Venezia, sola, per essere tutta mia!",莫迦な、夢のやうな考想だ―若しかすると君が出掛けて來るかも知れない。 不意に、ひよつくらやつて來て、僕の所有になるかも知れないと、然う思つて居る。,tu,君,Ippolita,Ippolita,PRON,PRON,nsubj,nsubj,explicit_full,
1221,one-to-one,dn_1329 dn_1330,isk_1631 isk_1632,"un pensiero folle, un sogno. Penso che tu potresti giungere d'improvviso a Venezia, sola, per essere tutta mia!",莫迦な、夢のやうな考想だ―若しかすると君が出掛けて來るかも知れない。 不意に、ひよつくらやつて來て、僕の所有になるかも知れないと、然う思つて居る。,MISSING,やつて來て,MISSING,Ippolita,MISSING,NULL,MISSING,nsubj,leftover_target,
1221,one-to-one,dn_1329 dn_1330,isk_1631 isk_1632,"un pensiero folle, un sogno. Penso che tu potresti giungere d'improvviso a Venezia, sola, per essere tutta mia!",莫迦な、夢のやうな考想だ―若しかすると君が出掛けて來るかも知れない。 不意に、ひよつくらやつて來て、僕の所有になるかも知れないと、然う思つて居る。,MISSING,なる,MISSING,Ippolita,MISSING,NULL,MISSING,nsubj,leftover_target,
1222,one-to-one,dn_1332,isk_1633,La bellezza di Venezia è il naturale quadro della tua bellezza.,ヹネチアの美は、自然と君の美の隈取りになる。,tua,君,Ippolita,Ippolita,DET,PRON,nmod,nmod,explicit_ref_case,
1223,one-to-many,dn_1333,isk_1634 isk_1635,"Il tuo colore, quel colore così ricco e possente, tutto materiato d'ambra pallida e d'oro opaco e forse di qualche rosa un po' disfatta, è il colore ideale che più felicemente armonizza con l'aria veneziana.",蒼白い琥珀か、鈍い黃金の豊かに暖かな君の顏色―菱れ行く薔薇の影差すやうな―顏色は、此のヹネチアの空氣と見ん事調和する。 それほど理想の色に出來て居る。,tuo,君,Ippolita,Ippolita,DET,PRON,nmod,nmod,explicit_ref_case,
1224,one-to-one,dn_1334,isk_1636,"Io non so come fosse Caterina Cornaro regina di Cipro; ma, non so perché, imagino che dovesse rassomigliarti.",僕はチプロの女王カラリナ・コルナロオが甚慶顔をして居たかは知らないが、何となく君に曾て居たやうに思へてならない。,Caterina Cornaro regina di Cipro,チプロの女王カラリナ・コルナロオ,CaterinaCornaro,CaterinaCornaro,PROPN,PROPN,nsubj,nsubj,explicit_full,
1224,one-to-one,dn_1334,isk_1636,"Io non so come fosse Caterina Cornaro regina di Cipro; ma, non so perché, imagino che dovesse rassomigliarti.",僕はチプロの女王カラリナ・コルナロオが甚慶顔をして居たかは知らないが、何となく君に曾て居たやうに思へてならない。,dovesse rassomigliar,居たやうに,CaterinaCornaro,CaterinaCornaro,NULL,NULL,nsubj,nsubj,zero_zero_single,
1224,one-to-one,dn_1334,isk_1636,"Io non so come fosse Caterina Cornaro regina di Cipro; ma, non so perché, imagino che dovesse rassomigliarti.",僕はチプロの女王カラリナ・コルナロオが甚慶顔をして居たかは知らないが、何となく君に曾て居たやうに思へてならない。,Io,僕,Giorgio,Giorgio,PRON,PRON,nsubj,nsubj,explicit_full,
1224,one-to-one,dn_1334,isk_1636,"Io non so come fosse Caterina Cornaro regina di Cipro; ma, non so perché, imagino che dovesse rassomigliarti.",僕はチプロの女王カラリナ・コルナロオが甚慶顔をして居たかは知らないが、何となく君に曾て居たやうに思へてならない。,imagino,思へてならない,Giorgio,Giorgio,NULL,NULL,nsubj,nsubj,zero_zero_semantic,0.31609143545243246
1224,one-to-one,dn_1334,isk_1636,"Io non so come fosse Caterina Cornaro regina di Cipro; ma, non so perché, imagino che dovesse rassomigliarti.",僕はチプロの女王カラリナ・コルナロオが甚慶顔をして居たかは知らないが、何となく君に曾て居たやうに思へてならない。,so,MISSING,Giorgio,MISSING,NULL,MISSING,nsubj,MISSING,leftover_source,
1224,one-to-one,dn_1334,isk_1636,"Io non so come fosse Caterina Cornaro regina di Cipro; ma, non so perché, imagino che dovesse rassomigliarti.",僕はチプロの女王カラリナ・コルナロオが甚慶顔をして居たかは知らないが、何となく君に曾て居たやうに思へてならない。,ti,君,Ippolita,Ippolita,PRON,PRON,obj,obj,explicit_full,
1225,one-to-one,dn_1335,isk_1637,"—Ieri passai appunto sul Canalazzo, d'innanzi al magnifico palagio della regina di Cipro; ed esalai la mia poesia.",昨日丁度チプロ女王の大宮殿に面したカナラッツォオを通つて詩想を呼吸して來た。,regina di Cipro,チプロ女王,CaterinaCornaro,CaterinaCornaro,NOUN,NOUN,nmod,nmod,explicit_full,
1225,one-to-one,dn_1335,isk_1637,"—Ieri passai appunto sul Canalazzo, d'innanzi al magnifico palagio della regina di Cipro; ed esalai la mia poesia.",昨日丁度チプロ女王の大宮殿に面したカナラッツォオを通つて詩想を呼吸して來た。,passai,MISSING,Giorgio,MISSING,NULL,MISSING,nsubj,MISSING,leftover_source,
1225,one-to-one,dn_1335,isk_1637,"—Ieri passai appunto sul Canalazzo, d'innanzi al magnifico palagio della regina di Cipro; ed esalai la mia poesia.",昨日丁度チプロ女王の大宮殿に面したカナラッツォオを通つて詩想を呼吸して來た。,esalai,MISSING,Giorgio,MISSING,NULL,MISSING,nsubj,MISSING,leftover_source,
1225,one-to-one,dn_1335,isk_1637,"—Ieri passai appunto sul Canalazzo, d'innanzi al magnifico palagio della regina di Cipro; ed esalai la mia poesia.",昨日丁度チプロ女王の大宮殿に面したカナラッツォオを通つて詩想を呼吸して來た。,mia,MISSING,Giorgio,MISSING,DET,MISSING,nmod,MISSING,leftover_source,
1225,one-to-one,dn_1335,isk_1637,"—Ieri passai appunto sul Canalazzo, d'innanzi al magnifico palagio della regina di Cipro; ed esalai la mia poesia.",昨日丁度チプロ女王の大宮殿に面したカナラッツォオを通つて詩想を呼吸して來た。,MISSING,通つて,MISSING,Giorgio Ippolita,MISSING,NULL,MISSING,nsubj,leftover_target,
1225,one-to-one,dn_1335,isk_1637,"—Ieri passai appunto sul Canalazzo, d'innanzi al magnifico palagio della regina di Cipro; ed esalai la mia poesia.",昨日丁度チプロ女王の大宮殿に面したカナラッツォオを通つて詩想を呼吸して來た。,MISSING,呼吸して來た,MISSING,Giorgio Ippolita,MISSING,NULL,MISSING,nsubj,leftover_target,
1226,one-to-many,dn_1336,isk_1638 isk_1639,Non abitasti un tempo tu in quella casa regale e non t'inchinasti fuor del balcone prezioso a guardare nell'acqua i giochi del sole?,曩日君は此の王宮に棲んで居たことがあつたらう。 そして寶玉の露臺に凭れて、水の面に散る日光に眺め入つただらう。,tu,君,Ippolita,Ippolita,PRON,PRON,nsubj,nsubj,explicit_full,
1226,one-to-many,dn_1336,isk_1638 isk_1639,Non abitasti un tempo tu in quella casa regale e non t'inchinasti fuor del balcone prezioso a guardare nell'acqua i giochi del sole?,曩日君は此の王宮に棲んで居たことがあつたらう。 そして寶玉の露臺に凭れて、水の面に散る日光に眺め入つただらう。,t,MISSING,Ippolita,MISSING,PRON-REFLEX,MISSING,obj,MISSING,leftover_source,
1226,one-to-many,dn_1336,isk_1638 isk_1639,Non abitasti un tempo tu in quella casa regale e non t'inchinasti fuor del balcone prezioso a guardare nell'acqua i giochi del sole?,曩日君は此の王宮に棲んで居たことがあつたらう。 そして寶玉の露臺に凭れて、水の面に散る日光に眺め入つただらう。,MISSING,凭れて,MISSING,Ippolita,MISSING,NULL,MISSING,nsubj,leftover_target,
1226,one-to-many,dn_1336,isk_1638 isk_1639,Non abitasti un tempo tu in quella casa regale e non t'inchinasti fuor del balcone prezioso a guardare nell'acqua i giochi del sole?,曩日君は此の王宮に棲んで居たことがあつたらう。 そして寶玉の露臺に凭れて、水の面に散る日光に眺め入つただらう。,MISSING,眺め入つただらう,MISSING,Ippolita,MISSING,NULL,MISSING,nsubj,leftover_target,
1227,one-to-one,dn_1337,isk_1640,"—Addio, Ippolita.",―左樣なら、イッポリイタ。,Ippolita,イッポリイタ,Ippolita,Ippolita,PROPN,PROPN,vocative,vocative,explicit_full,
1228,one-to-many,dn_1338,isk_1641 isk_1642,"Io non posseggo un palagio di marmo sul Canal Grande, degno della tua sovranità; né tu sei arbitra de' tuoi fati....",カナアル·グランデには君の光彩に相應しいやうな大理石の宮殿はない。 君もまた自己の運命の主宰者ではない…。,Io,MISSING,Giorgio,MISSING,PRON,MISSING,nsubj,MISSING,leftover_source,
1228,one-to-many,dn_1338,isk_1641 isk_1642,"Io non posseggo un palagio di marmo sul Canal Grande, degno della tua sovranità; né tu sei arbitra de' tuoi fati....",カナアル·グランデには君の光彩に相應しいやうな大理石の宮殿はない。 君もまた自己の運命の主宰者ではない…。,tu,君,Ippolita,Ippolita,PRON,PRON,nsubj,nsubj,explicit_full,
1228,one-to-many,dn_1338,isk_1641 isk_1642,"Io non posseggo un palagio di marmo sul Canal Grande, degno della tua sovranità; né tu sei arbitra de' tuoi fati....",カナアル·グランデには君の光彩に相應しいやうな大理石の宮殿はない。 君もまた自己の運命の主宰者ではない…。,tua,君,Ippolita,Ippolita,DET,PRON,nmod,nmod,explicit_ref_case,
1228,one-to-many,dn_1338,isk_1641 isk_1642,"Io non posseggo un palagio di marmo sul Canal Grande, degno della tua sovranità; né tu sei arbitra de' tuoi fati....",カナアル·グランデには君の光彩に相應しいやうな大理石の宮殿はない。 君もまた自己の運命の主宰者ではない…。,tuoi,自己,Ippolita,Ippolita,DET,PRON,nmod,nmod,explicit_ref_case,
1229,one-to-one,dn_1340,isk_1643,Qui c'è tutta la gloria di Paolo Veronese.,比處にはバオリ·ヹロネゼの名譽の作が總べて聚まつて居る。,Paolo Veronese,バオリ·ヹロネゼ,PaoloVeronese,PaoloVeronese,PROPN,PROPN,nmod,nmod,explicit_full,
1230,one-to-one,dn_1341,isk_1644,Un Veronese mi ricordava dianzi il nostro pellegrinaggio in Rimini alla chiesa di San Giuliano.,其の一つを觀た時に、直ぐ二人でリミニのサン·ジゥリアノの寺へ參詣したことが憶ひ出された。,mi,MISSING,Giorgio,MISSING,PRON,MISSING,obj,MISSING,leftover_source,
1230,one-to-one,dn_1341,isk_1644,Un Veronese mi ricordava dianzi il nostro pellegrinaggio in Rimini alla chiesa di San Giuliano.,其の一つを觀た時に、直ぐ二人でリミニのサン·ジゥリアノの寺へ參詣したことが憶ひ出された。,MISSING,觀た,MISSING,Giorgio,MISSING,NULL,MISSING,nsubj,leftover_target,
1230,one-to-one,dn_1341,isk_1644,Un Veronese mi ricordava dianzi il nostro pellegrinaggio in Rimini alla chiesa di San Giuliano.,其の一つを觀た時に、直ぐ二人でリミニのサン·ジゥリアノの寺へ參詣したことが憶ひ出された。,nostro,二人,Giorgio Ippolita,Giorgio Ippolita,DET,NOUN,nmod,obj,explicit_ref_only,
1230,one-to-one,dn_1341,isk_1644,Un Veronese mi ricordava dianzi il nostro pellegrinaggio in Rimini alla chiesa di San Giuliano.,其の一つを觀た時に、直ぐ二人でリミニのサン·ジゥリアノの寺へ參詣したことが憶ひ出された。,MISSING,參詣した,MISSING,Giorgio Ippolita,MISSING,NULL,MISSING,nsubj,leftover_target,
1230,one-to-one,dn_1341,isk_1644,Un Veronese mi ricordava dianzi il nostro pellegrinaggio in Rimini alla chiesa di San Giuliano.,其の一つを觀た時に、直ぐ二人でリミニのサン·ジゥリアノの寺へ參詣したことが憶ひ出された。,Veronese,MISSING,PaoloVeronese,MISSING,PROPN,MISSING,nsubj,MISSING,leftover_source,
1231,one-to-one,dn_1342,isk_1645,—Eravamo assai tristi quella sera.,―隨分侘しい晩だつた。,Eravamo,MISSING,Giorgio Ippolita,MISSING,NULL,MISSING,nsubj,MISSING,leftover_source,
1232,one-to-one,dn_1343,isk_1646,"Uscendo dalla chiesa, ci dilungammo nella campagna, per la riva del fiume, verso quel grande gruppo di alberi lontani.",寺を出て、川緣の田舍道を何處までもといふ風に、遠くの森の方へ步いたね。,dilungammo,步いた,Giorgio Ippolita,Giorgio Ippolita,NULL,NULL,nsubj,nsubj,zero_zero_semantic,0.27016092048502427
1232,one-to-one,dn_1343,isk_1646,"Uscendo dalla chiesa, ci dilungammo nella campagna, per la riva del fiume, verso quel grande gruppo di alberi lontani.",寺を出て、川緣の田舍道を何處までもといふ風に、遠くの森の方へ步いたね。,ci,MISSING,Giorgio Ippolita,MISSING,PRON,MISSING,obj,MISSING,leftover_source,
1232,one-to-one,dn_1343,isk_1646,"Uscendo dalla chiesa, ci dilungammo nella campagna, per la riva del fiume, verso quel grande gruppo di alberi lontani.",寺を出て、川緣の田舍道を何處までもといふ風に、遠くの森の方へ步いたね。,MISSING,出て,MISSING,Giorgio Ippolita,MISSING,NULL,MISSING,nsubj,leftover_target,
1233,one-to-one,dn_1344,isk_1647,Rammenti?,記えて居るだらう。,MISSING,記えて居る,MISSING,Giorgio,MISSING,NULL,MISSING,nsubj,leftover_target,
1233,one-to-one,dn_1344,isk_1647,Rammenti?,記えて居るだらう。,Rammenti,MISSING,Ippolita,MISSING,NULL,MISSING,nsubj,MISSING,leftover_source,
1234,one-to-one,dn_1345,isk_1648,Fu l'ultima volta che ci vedemmo e ci parlammo.,もうそれからは顏も合さず、話した事もない。,vedemmo,顏も合さず,Giorgio Ippolita,Giorgio Ippolita,NULL,NULL,nsubj,nsubj,zero_zero_semantic,0.6317396181113754
1234,one-to-one,dn_1345,isk_1648,Fu l'ultima volta che ci vedemmo e ci parlammo.,もうそれからは顏も合さず、話した事もない。,parlammo,話した事もない,Giorgio Ippolita,Giorgio Ippolita,NULL,NULL,nsubj,nsubj,zero_zero_semantic,0.4756074398605053
1234,one-to-one,dn_1345,isk_1648,Fu l'ultima volta che ci vedemmo e ci parlammo.,もうそれからは顏も合さず、話した事もない。,ci,MISSING,Giorgio Ippolita,MISSING,PRON-REFLEX,MISSING,obj,MISSING,leftover_source,
1234,one-to-one,dn_1345,isk_1648,Fu l'ultima volta che ci vedemmo e ci parlammo.,もうそれからは顏も合さず、話した事もない。,ci,MISSING,Giorgio Ippolita,MISSING,PRON-REFLEX,MISSING,obj,MISSING,leftover_source,
1236,one-to-one,dn_1347,isk_1650,"—E se tu giungessi d'improvviso a Venezia, da Vignola?",―此處で若し不意に君がヸニォオラから此のヹネチアへ來て呉れたら！,tu,君,Ippolita,Ippolita,PRON,PRON,nsubj,nsubj,explicit_full,
1237,one-to-one,dn_1348,isk_1651,Vedi:,それが貴郞。,Vedi,MISSING,Giorgio,MISSING,NULL,MISSING,nsubj,MISSING,leftover_source,
1237,one-to-one,dn_1348,isk_1651,Vedi:,それが貴郞。,MISSING,貴郞,MISSING,Giorgio,MISSING,PRON,MISSING,vocative,leftover_target,
1239,one-to-one,dn_1350,isk_1652,disse Ippolita.,イッポリイタが、,Ippolita,イッポリイタ,Ippolita,Ippolita,PROPN,PROPN,nsubj,nsubj,explicit_full,
1240,one-to-one,dn_1351,isk_1654,Tu non puoi imaginare le mie torture.,私貴郞の思つてらつしやるよりは、もつと苦しい思ひをしましたわ。,Tu,貴郞,Giorgio,Giorgio,PRON,NOUN,nsubj,nsubj,explicit_ref_case,
1240,one-to-one,dn_1351,isk_1654,Tu non puoi imaginare le mie torture.,私貴郞の思つてらつしやるよりは、もつと苦しい思ひをしましたわ。,mie,私,Ippolita,Ippolita,DET,PRON,nmod,nsubj,explicit_ref_only,
1241,one-to-one,dn_1352,isk_1655,"Non dormivo la notte, per studiare un modo di partir sola, senza mettere in sospetto i miei ospiti.",每晩寝もしずに、奈何したらお客に氣取られないで拔け出せるだらうと、そればかりを思ひ詰めて居たのよ。,Non dormivo,寝もしず,Ippolita,Ippolita,NULL,NULL,nsubj,nsubj,zero_zero_semantic,0.32568775360681573
1241,one-to-one,dn_1352,isk_1655,"Non dormivo la notte, per studiare un modo di partir sola, senza mettere in sospetto i miei ospiti.",每晩寝もしずに、奈何したらお客に氣取られないで拔け出せるだらうと、そればかりを思ひ詰めて居たのよ。,miei,MISSING,Ippolita,MISSING,DET,MISSING,nmod,MISSING,leftover_source,
1241,one-to-one,dn_1352,isk_1655,"Non dormivo la notte, per studiare un modo di partir sola, senza mettere in sospetto i miei ospiti.",每晩寝もしずに、奈何したらお客に氣取られないで拔け出せるだらうと、そればかりを思ひ詰めて居たのよ。,MISSING,氣取られないで,MISSING,Ippolita,MISSING,NULL,MISSING,nsubj,leftover_target,
1241,one-to-one,dn_1352,isk_1655,"Non dormivo la notte, per studiare un modo di partir sola, senza mettere in sospetto i miei ospiti.",每晩寝もしずに、奈何したらお客に氣取られないで拔け出せるだらうと、そればかりを思ひ詰めて居たのよ。,MISSING,拔け出せる,MISSING,Ippolita,MISSING,NULL,MISSING,nsubj,leftover_target,
1241,one-to-one,dn_1352,isk_1655,"Non dormivo la notte, per studiare un modo di partir sola, senza mettere in sospetto i miei ospiti.",每晩寝もしずに、奈何したらお客に氣取られないで拔け出せるだらうと、そればかりを思ひ詰めて居たのよ。,MISSING,思ひ詰めて居た,MISSING,Ippolita,MISSING,NULL,MISSING,nsubj,leftover_target,
1242,one-to-one,dn_1353,isk_1656,Feci un miracolo d'abilità.,私可怕しい智慧が廻つたのね。,Feci,私,Ippolita,Ippolita,NULL,PRON,nsubj,nsubj,zero_to_tgt_anchor,
1243,one-to-one,dn_1354,isk_1657,Non so più come feci....,それから甚麼事をしたか記えて居ない。,Non so,記えて居ない,Ippolita,Ippolita,NULL,NULL,nsubj,nsubj,zero_zero_semantic,0.3268975325756603
1243,one-to-one,dn_1354,isk_1657,Non so più come feci....,それから甚麼事をしたか記えて居ない。,feci,MISSING,Ippolita,MISSING,NULL,MISSING,nsubj,MISSING,leftover_source,
1244,one-to-one,dn_1355,isk_1658,"Quando mi ritrovai sola, con te, nella gondola, sul Canalazzo, in quell'alba di settembre, non credevo alla realtà.",と、九月の或る早曉に貴郞とニ人ゴンドラに乘つてカナアル·クランデに居ると気附いた時は、眞事とは思へなかつたの。,te,貴郞,Giorgio,Giorgio,PRON,NOUN,obj,obj,explicit_ref_case,
1244,one-to-one,dn_1355,isk_1658,"Quando mi ritrovai sola, con te, nella gondola, sul Canalazzo, in quell'alba di settembre, non credevo alla realtà.",と、九月の或る早曉に貴郞とニ人ゴンドラに乘つてカナアル·クランデに居ると気附いた時は、眞事とは思へなかつたの。,MISSING,ニ人,MISSING,Giorgio Ippolita,MISSING,NOUN,MISSING,obj,leftover_target,
1244,one-to-one,dn_1355,isk_1658,"Quando mi ritrovai sola, con te, nella gondola, sul Canalazzo, in quell'alba di settembre, non credevo alla realtà.",と、九月の或る早曉に貴郞とニ人ゴンドラに乘つてカナアル·クランデに居ると気附いた時は、眞事とは思へなかつたの。,MISSING,乘つて,MISSING,Giorgio Ippolita,MISSING,NULL,MISSING,nsubj,leftover_target,
1244,one-to-one,dn_1355,isk_1658,"Quando mi ritrovai sola, con te, nella gondola, sul Canalazzo, in quell'alba di settembre, non credevo alla realtà.",と、九月の或る早曉に貴郞とニ人ゴンドラに乘つてカナアル·クランデに居ると気附いた時は、眞事とは思へなかつたの。,ritrovai,居ると,Ippolita,Ippolita,NULL,NULL,nsubj,nsubj,zero_zero_semantic,0.5265781749201858
1244,one-to-one,dn_1355,isk_1658,"Quando mi ritrovai sola, con te, nella gondola, sul Canalazzo, in quell'alba di settembre, non credevo alla realtà.",と、九月の或る早曉に貴郞とニ人ゴンドラに乘つてカナアル·クランデに居ると気附いた時は、眞事とは思へなかつたの。,non credevo,思へなかつた,Ippolita,Ippolita,NULL,NULL,nsubj,nsubj,zero_zero_semantic,0.5318968646787843
1244,one-to-one,dn_1355,isk_1658,"Quando mi ritrovai sola, con te, nella gondola, sul Canalazzo, in quell'alba di settembre, non credevo alla realtà.",と、九月の或る早曉に貴郞とニ人ゴンドラに乘つてカナアル·クランデに居ると気附いた時は、眞事とは思へなかつたの。,mi,MISSING,Ippolita,MISSING,PRON-REFLEX,MISSING,obj,MISSING,leftover_source,
1244,one-to-one,dn_1355,isk_1658,"Quando mi ritrovai sola, con te, nella gondola, sul Canalazzo, in quell'alba di settembre, non credevo alla realtà.",と、九月の或る早曉に貴郞とニ人ゴンドラに乘つてカナアル·クランデに居ると気附いた時は、眞事とは思へなかつたの。,MISSING,気附いた,MISSING,Ippolita,MISSING,NULL,MISSING,nsubj,leftover_target,
1245,one-to-one,dn_1356,isk_1659,Ti ricordi?,ねえ貴郞。,Ti,MISSING,Giorgio,MISSING,PRON-REFLEX,MISSING,obj,MISSING,leftover_source,
1245,one-to-one,dn_1356,isk_1659,Ti ricordi?,ねえ貴郞。,ricordi,MISSING,Giorgio,MISSING,NULL,MISSING,nsubj,MISSING,leftover_source,
1245,one-to-one,dn_1356,isk_1659,Ti ricordi?,ねえ貴郞。,MISSING,貴郞,MISSING,Giorgio,MISSING,NOUN,MISSING,vocative,leftover_target,
1246,one-to-one,dn_1357,isk_1660,Mi prese un impeto di pianto e non potei dirti una parola....,私泣き噦を始めちやつて、口も利けなかつたわねえ。,ti,MISSING,Giorgio,MISSING,PRON,MISSING,obj,MISSING,leftover_source,
1246,one-to-one,dn_1357,isk_1660,Mi prese un impeto di pianto e non potei dirti una parola....,私泣き噦を始めちやつて、口も利けなかつたわねえ。,Mi,私,Ippolita,Ippolita,PRON,PRON,obj,nsubj,explicit_ref_pos,
1246,one-to-one,dn_1357,isk_1660,Mi prese un impeto di pianto e non potei dirti una parola....,私泣き噦を始めちやつて、口も利けなかつたわねえ。,prese,始めちやつて,Ippolita,Ippolita,NULL,NULL,nsubj,nsubj,zero_zero_semantic,0.3063721235821156
1246,one-to-one,dn_1357,isk_1660,Mi prese un impeto di pianto e non potei dirti una parola....,私泣き噦を始めちやつて、口も利けなかつたわねえ。,non potei dir,利けなかつた,Ippolita,Ippolita,NULL,NULL,nsubj,nsubj,zero_zero_semantic,0.3053428170785226
1247,one-to-one,dn_1358,isk_1661,Ma io t'aspettavo.,だが俺も―俺もお前を待つたぜ。,io,俺,Giorgio,Giorgio,PRON,PRON,nsubj,nsubj,explicit_full,
1247,one-to-one,dn_1358,isk_1661,Ma io t'aspettavo.,だが俺も―俺もお前を待つたぜ。,MISSING,俺,MISSING,Giorgio,MISSING,PRON,MISSING,nsubj,leftover_target,
1247,one-to-one,dn_1358,isk_1661,Ma io t'aspettavo.,だが俺も―俺もお前を待つたぜ。,t,お前,Ippolita,Ippolita,PRON,PRON,obj,obj,explicit_full,
1248,one-to-one,dn_1359,isk_1662,"Io ero sicuro che tu saresti venuta, a qualunque costo.",甚麼工面をしても、必とお前は出て來る者と思つてたから。,Io,思つてた,Giorgio,Giorgio,PRON,NULL,nsubj,nsubj,zero_to_src_anchor,
1248,one-to-one,dn_1359,isk_1662,"Io ero sicuro che tu saresti venuta, a qualunque costo.",甚麼工面をしても、必とお前は出て來る者と思つてたから。,tu,お前,Ippolita,Ippolita,PRON,PRON,nsubj,nsubj,explicit_full,
1249,one-to-one,dn_1360,isk_1663,E fu la prima grande imprudenza!,だけどそれが輕率の始まりだつたと思ふわ。,MISSING,思ふ,MISSING,Ippolita,MISSING,NULL,MISSING,nsubj,leftover_target,
1252,one-to-one,dn_1363,isk_1666,Non è meglio così?,それだけいい事をしたんぢやなくつて。,MISSING,した,MISSING,Ippolita,MISSING,NULL,MISSING,nsubj,leftover_target,
1253,one-to-one,dn_1364,isk_1667,Non è meglio ch'io sia ora tutta tua?,私私私私が全く貴郞の所有なら、それだけいい事をしたんぢやなくつて。,tua,貴郞,Giorgio,Giorgio,DET,NOUN,nmod,nmod,explicit_ref_case,
1253,one-to-one,dn_1364,isk_1667,Non è meglio ch'io sia ora tutta tua?,私私私私が全く貴郞の所有なら、それだけいい事をしたんぢやなくつて。,io,私,Ippolita,Ippolita,PRON,PRON,nsubj,nsubj,explicit_full,
1253,one-to-one,dn_1364,isk_1667,Non è meglio ch'io sia ora tutta tua?,私私私私が全く貴郞の所有なら、それだけいい事をしたんぢやなくつて。,MISSING,した,MISSING,Ippolita,MISSING,NULL,MISSING,nsubj,leftover_target,
1254,one-to-one,dn_1365,isk_1668,Io non mi pento di nessuna cosa.,私の方には何も悔む事はないの。,Io,私,Ippolita,Ippolita,PRON,PRON,nsubj,obj,explicit_ref_pos,
1254,one-to-one,dn_1365,isk_1668,Io non mi pento di nessuna cosa.,私の方には何も悔む事はないの。,mi,MISSING,Ippolita,MISSING,PRON-REFLEX,MISSING,obj,MISSING,leftover_source,
1255,one-to-one,dn_1366,isk_1669,Giorgio la baciò su la tempia.,ジォルジオは女の顳顬へ接吻した。,Giorgio,ジォルジオ,Giorgio,Giorgio,PROPN,PROPN,nsubj,nsubj,explicit_full,
1255,one-to-one,dn_1366,isk_1669,Giorgio la baciò su la tempia.,ジォルジオは女の顳顬へ接吻した。,la,女,Ippolita,Ippolita,PRON,NOUN,obj,nmod,explicit_ref_only,
1256,one-to-many,dn_1367,isk_1670 isk_1671,Parlarono a lungo di quell'episodio ch'era nella loro memoria uno de' più belli e de' più straordinarii.,女はその時の物語を良久續けた。 多くの追憶の中で、一番樂しく、一番飛離れた事柄でもあつた。,Parlarono,MISSING,Giorgio Ippolita,MISSING,NULL,MISSING,nsubj,MISSING,leftover_source,
1256,one-to-many,dn_1367,isk_1670 isk_1671,Parlarono a lungo di quell'episodio ch'era nella loro memoria uno de' più belli e de' più straordinarii.,女はその時の物語を良久續けた。 多くの追憶の中で、一番樂しく、一番飛離れた事柄でもあつた。,loro,MISSING,Giorgio Ippolita,MISSING,DET,MISSING,nmod,MISSING,leftover_source,
1256,one-to-many,dn_1367,isk_1670 isk_1671,Parlarono a lungo di quell'episodio ch'era nella loro memoria uno de' più belli e de' più straordinarii.,女はその時の物語を良久續けた。 多くの追憶の中で、一番樂しく、一番飛離れた事柄でもあつた。,MISSING,女,MISSING,Ippolita,MISSING,NOUN,MISSING,nsubj,leftover_target,
1257,one-to-many,dn_1368,isk_1672 isk_1673 isk_1674,"Rivissero di minuto in minuto i due giorni di vita segreta, nell'albergo Danieli, i due giorni d'oblìo, di suprema ebrezza, in cui parevano entrambi avere smarrito ogni nozione del mondo e quasi ogni conscienza del loro essere anteriore.",二人は、ダニエリ旅館に忍んで滯在した二日間を一分々々にもう一度存し直して見るといふ風であつた。 それは昏迷の頂上、前後を忘れた二日間であつた。 其の時は二人とも、世の中といふ考想も、互ひの前身といふ意識もまるで失くして了つて居た。,parevano,二人,Giorgio Ippolita,Giorgio Ippolita,PRON,NOUN,nsubj,nsubj,explicit_ref_case,
1257,one-to-many,dn_1368,isk_1672 isk_1673 isk_1674,"Rivissero di minuto in minuto i due giorni di vita segreta, nell'albergo Danieli, i due giorni d'oblìo, di suprema ebrezza, in cui parevano entrambi avere smarrito ogni nozione del mondo e quasi ogni conscienza del loro essere anteriore.",二人は、ダニエリ旅館に忍んで滯在した二日間を一分々々にもう一度存し直して見るといふ風であつた。 それは昏迷の頂上、前後を忘れた二日間であつた。 其の時は二人とも、世の中といふ考想も、互ひの前身といふ意識もまるで失くして了つて居た。,loro,互ひ,Giorgio Ippolita,Giorgio Ippolita,DET,NOUN,nmod,nmod,explicit_ref_case,
1257,one-to-many,dn_1368,isk_1672 isk_1673 isk_1674,"Rivissero di minuto in minuto i due giorni di vita segreta, nell'albergo Danieli, i due giorni d'oblìo, di suprema ebrezza, in cui parevano entrambi avere smarrito ogni nozione del mondo e quasi ogni conscienza del loro essere anteriore.",二人は、ダニエリ旅館に忍んで滯在した二日間を一分々々にもう一度存し直して見るといふ風であつた。 それは昏迷の頂上、前後を忘れた二日間であつた。 其の時は二人とも、世の中といふ考想も、互ひの前身といふ意識もまるで失くして了つて居た。,Rivissero,失くして了つて居た,Giorgio Ippolita,Giorgio Ippolita,NULL,NULL,nsubj,nsubj,zero_zero_semantic,0.35869864090881515
1257,one-to-many,dn_1368,isk_1672 isk_1673 isk_1674,"Rivissero di minuto in minuto i due giorni di vita segreta, nell'albergo Danieli, i due giorni d'oblìo, di suprema ebrezza, in cui parevano entrambi avere smarrito ogni nozione del mondo e quasi ogni conscienza del loro essere anteriore.",二人は、ダニエリ旅館に忍んで滯在した二日間を一分々々にもう一度存し直して見るといふ風であつた。 それは昏迷の頂上、前後を忘れた二日間であつた。 其の時は二人とも、世の中といふ考想も、互ひの前身といふ意識もまるで失くして了つて居た。,MISSING,忍んで,MISSING,Giorgio Ippolita,MISSING,NULL,MISSING,nsubj,leftover_target,
1257,one-to-many,dn_1368,isk_1672 isk_1673 isk_1674,"Rivissero di minuto in minuto i due giorni di vita segreta, nell'albergo Danieli, i due giorni d'oblìo, di suprema ebrezza, in cui parevano entrambi avere smarrito ogni nozione del mondo e quasi ogni conscienza del loro essere anteriore.",二人は、ダニエリ旅館に忍んで滯在した二日間を一分々々にもう一度存し直して見るといふ風であつた。 それは昏迷の頂上、前後を忘れた二日間であつた。 其の時は二人とも、世の中といふ考想も、互ひの前身といふ意識もまるで失くして了つて居た。,MISSING,し直して見ると,MISSING,Giorgio Ippolita,MISSING,NULL,MISSING,nsubj,leftover_target,
1257,one-to-many,dn_1368,isk_1672 isk_1673 isk_1674,"Rivissero di minuto in minuto i due giorni di vita segreta, nell'albergo Danieli, i due giorni d'oblìo, di suprema ebrezza, in cui parevano entrambi avere smarrito ogni nozione del mondo e quasi ogni conscienza del loro essere anteriore.",二人は、ダニエリ旅館に忍んで滯在した二日間を一分々々にもう一度存し直して見るといふ風であつた。 それは昏迷の頂上、前後を忘れた二日間であつた。 其の時は二人とも、世の中といふ考想も、互ひの前身といふ意識もまるで失くして了つて居た。,MISSING,二人,MISSING,Giorgio Ippolita,MISSING,NOUN,MISSING,nsubj,leftover_target,
1258,one-to-one,dn_1369,isk_1675,Quei giorni avevano segnato il principio della disgrazia d'Ippolita.,然うして居る中にイッポリイタの破滅が始まつて來て居た。,Ippolita,イッポリイタ,Ippolita,Ippolita,PROPN,PROPN,nmod,nmod,explicit_full,
1259,one-to-one,dn_1370,isk_1676,Le lettere seguenti accennavano alle prime sofferenze di lei.,此の後の數通の手紙には、女の最初の頃の難儀に言ひ及んで居る。,lei,女,Ippolita,Ippolita,PRON,NOUN,nmod,nmod,explicit_ref_case,
1260,one-to-many,dn_1371,isk_1677 isk_1678,"Quando penso che la causa prima dei tuoi dolori e dei fastidii tuoi familiari sono io, mi punge un rammarico indicibile; e vorrei che tu conoscessi tutta, tutta la mia passione, per farmi perdonare il danno.",君の苦痛と、君の家庭上の紛擾が皆僕から出て居ると思ふと、何とも言へない悔恨に身を裂かれる。 僕から出た禍の赦免を求める爲に、何卒僕の熟情の深さを底まで洞察いて貰ひたく思ふ。,mi,僕,Giorgio,Giorgio,PRON,PRON,obj,obj,explicit_full,
1260,one-to-many,dn_1371,isk_1677 isk_1678,"Quando penso che la causa prima dei tuoi dolori e dei fastidii tuoi familiari sono io, mi punge un rammarico indicibile; e vorrei che tu conoscessi tutta, tutta la mia passione, per farmi perdonare il danno.",君の苦痛と、君の家庭上の紛擾が皆僕から出て居ると思ふと、何とも言へない悔恨に身を裂かれる。 僕から出た禍の赦免を求める爲に、何卒僕の熟情の深さを底まで洞察いて貰ひたく思ふ。,mi,僕,Giorgio,Giorgio,PRON,PRON,obj,obj,explicit_full,
1260,one-to-many,dn_1371,isk_1677 isk_1678,"Quando penso che la causa prima dei tuoi dolori e dei fastidii tuoi familiari sono io, mi punge un rammarico indicibile; e vorrei che tu conoscessi tutta, tutta la mia passione, per farmi perdonare il danno.",君の苦痛と、君の家庭上の紛擾が皆僕から出て居ると思ふと、何とも言へない悔恨に身を裂かれる。 僕から出た禍の赦免を求める爲に、何卒僕の熟情の深さを底まで洞察いて貰ひたく思ふ。,mia,僕,Giorgio,Giorgio,DET,PRON,nmod,nmod,explicit_ref_case,
1260,one-to-many,dn_1371,isk_1677 isk_1678,"Quando penso che la causa prima dei tuoi dolori e dei fastidii tuoi familiari sono io, mi punge un rammarico indicibile; e vorrei che tu conoscessi tutta, tutta la mia passione, per farmi perdonare il danno.",君の苦痛と、君の家庭上の紛擾が皆僕から出て居ると思ふと、何とも言へない悔恨に身を裂かれる。 僕から出た禍の赦免を求める爲に、何卒僕の熟情の深さを底まで洞察いて貰ひたく思ふ。,penso,思ふ,Giorgio,Giorgio,NULL,NULL,nsubj,nsubj,zero_zero_semantic,0.2424875409435772
1260,one-to-many,dn_1371,isk_1677 isk_1678,"Quando penso che la causa prima dei tuoi dolori e dei fastidii tuoi familiari sono io, mi punge un rammarico indicibile; e vorrei che tu conoscessi tutta, tutta la mia passione, per farmi perdonare il danno.",君の苦痛と、君の家庭上の紛擾が皆僕から出て居ると思ふと、何とも言へない悔恨に身を裂かれる。 僕から出た禍の赦免を求める爲に、何卒僕の熟情の深さを底まで洞察いて貰ひたく思ふ。,vorrei,洞察いて貰ひたく思ふ,Giorgio,Giorgio,NULL,NULL,nsubj,nsubj,zero_zero_semantic,0.24669926981461526
1260,one-to-many,dn_1371,isk_1677 isk_1678,"Quando penso che la causa prima dei tuoi dolori e dei fastidii tuoi familiari sono io, mi punge un rammarico indicibile; e vorrei che tu conoscessi tutta, tutta la mia passione, per farmi perdonare il danno.",君の苦痛と、君の家庭上の紛擾が皆僕から出て居ると思ふと、何とも言へない悔恨に身を裂かれる。 僕から出た禍の赦免を求める爲に、何卒僕の熟情の深さを底まで洞察いて貰ひたく思ふ。,io,身を裂かれる,Giorgio,Giorgio,PRON,NULL,nsubj,nsubj,zero_to_src_anchor,
1260,one-to-many,dn_1371,isk_1677 isk_1678,"Quando penso che la causa prima dei tuoi dolori e dei fastidii tuoi familiari sono io, mi punge un rammarico indicibile; e vorrei che tu conoscessi tutta, tutta la mia passione, per farmi perdonare il danno.",君の苦痛と、君の家庭上の紛擾が皆僕から出て居ると思ふと、何とも言へない悔恨に身を裂かれる。 僕から出た禍の赦免を求める爲に、何卒僕の熟情の深さを底まで洞察いて貰ひたく思ふ。,tuoi,君,Ippolita,Ippolita,DET,PRON,nmod,nmod,explicit_ref_case,
1260,one-to-many,dn_1371,isk_1677 isk_1678,"Quando penso che la causa prima dei tuoi dolori e dei fastidii tuoi familiari sono io, mi punge un rammarico indicibile; e vorrei che tu conoscessi tutta, tutta la mia passione, per farmi perdonare il danno.",君の苦痛と、君の家庭上の紛擾が皆僕から出て居ると思ふと、何とも言へない悔恨に身を裂かれる。 僕から出た禍の赦免を求める爲に、何卒僕の熟情の深さを底まで洞察いて貰ひたく思ふ。,tuoi,君,Ippolita,Ippolita,DET,PRON,nmod,nmod,explicit_ref_case,
1260,one-to-many,dn_1371,isk_1677 isk_1678,"Quando penso che la causa prima dei tuoi dolori e dei fastidii tuoi familiari sono io, mi punge un rammarico indicibile; e vorrei che tu conoscessi tutta, tutta la mia passione, per farmi perdonare il danno.",君の苦痛と、君の家庭上の紛擾が皆僕から出て居ると思ふと、何とも言へない悔恨に身を裂かれる。 僕から出た禍の赦免を求める爲に、何卒僕の熟情の深さを底まで洞察いて貰ひたく思ふ。,tu,MISSING,Ippolita,MISSING,PRON,MISSING,nsubj,MISSING,leftover_source,
1261,one-to-one,dn_1372,isk_1679,—La conosci tu?,此の熱狂が君に解るか。,tu,君,Ippolita,Ippolita,PRON,PRON,nsubj,obj,explicit_ref_pos,
1261,one-to-one,dn_1372,isk_1679,—La conosci tu?,此の熱狂が君に解るか。,conosci,MISSING,Ippolita,MISSING,NULL,MISSING,nsubj,MISSING,leftover_source,
1262,one-to-one,dn_1373,isk_1680,Sei tu certa che il mio amore valga il tuo lungo dolore?,僕の戀が、君の長い間の惱みに酬い得るといふことを信じて居てくれるか。,mio,僕,Giorgio,Giorgio,DET,PRON,nmod,nmod,explicit_ref_case,
1262,one-to-one,dn_1373,isk_1680,Sei tu certa che il mio amore valga il tuo lungo dolore?,僕の戀が、君の長い間の惱みに酬い得るといふことを信じて居てくれるか。,tuo,君,Ippolita,Ippolita,DET,PRON,nmod,nmod,explicit_ref_case,
1262,one-to-one,dn_1373,isk_1680,Sei tu certa che il mio amore valga il tuo lungo dolore?,僕の戀が、君の長い間の惱みに酬い得るといふことを信じて居てくれるか。,tu,信じて居てくれる,Ippolita,Ippolita,PRON,NULL,nsubj,nsubj,zero_to_src_anchor,
1263,one-to-one,dn_1374,isk_1681,"Ne sei tu certa, sicura, profondamente consapevole?",必と然う眞に信じて居てくれるか。,sei,信じて居てくれる,Ippolita,Ippolita,NULL,NULL,nsubj,nsubj,zero_zero_single,
1263,one-to-one,dn_1374,isk_1681,"Ne sei tu certa, sicura, profondamente consapevole?",必と然う眞に信じて居てくれるか。,tu,MISSING,Ippolita,MISSING,PRON,MISSING,nsubj,MISSING,leftover_source,
1267,one-to-many,dn_1378,isk_1685 isk_1686 isk_1687,"Il marito debole, non avendo saputo in alcun modo vincere l'aperta e ostinata ribellione d'Ippolita, era quasi fuggito lasciando dietro di sé un gravissimo intrico di affari in cui era rimasta persa la massima parte della sua fortuna.",弱い夫は、イッポリイタの露な、頑固な反逆に打克つ事が出來なかつたので、失踪をするやうなことになつた。 面倒な事件が後へ殘つた。 財產の大半を摺つたやうな事件であつた。,Ippolita,イッポリイタ,Ippolita,Ippolita,PROPN,PROPN,nmod,nmod,explicit_full,
1267,one-to-many,dn_1378,isk_1685 isk_1686 isk_1687,"Il marito debole, non avendo saputo in alcun modo vincere l'aperta e ostinata ribellione d'Ippolita, era quasi fuggito lasciando dietro di sé un gravissimo intrico di affari in cui era rimasta persa la massima parte della sua fortuna.",弱い夫は、イッポリイタの露な、頑固な反逆に打克つ事が出來なかつたので、失踪をするやうなことになつた。 面倒な事件が後へ殘つた。 財產の大半を摺つたやうな事件であつた。,Il marito debole,弱い夫,Ippolitas-husband,Ippolitas-husband,NOUN,NOUN,nsubj,nsubj,explicit_full,
1267,one-to-many,dn_1378,isk_1685 isk_1686 isk_1687,"Il marito debole, non avendo saputo in alcun modo vincere l'aperta e ostinata ribellione d'Ippolita, era quasi fuggito lasciando dietro di sé un gravissimo intrico di affari in cui era rimasta persa la massima parte della sua fortuna.",弱い夫は、イッポリイタの露な、頑固な反逆に打克つ事が出來なかつたので、失踪をするやうなことになつた。 面倒な事件が後へ殘つた。 財產の大半を摺つたやうな事件であつた。,sé,MISSING,Ippolitas-husband,MISSING,PRON,MISSING,nmod,MISSING,leftover_source,
1267,one-to-many,dn_1378,isk_1685 isk_1686 isk_1687,"Il marito debole, non avendo saputo in alcun modo vincere l'aperta e ostinata ribellione d'Ippolita, era quasi fuggito lasciando dietro di sé un gravissimo intrico di affari in cui era rimasta persa la massima parte della sua fortuna.",弱い夫は、イッポリイタの露な、頑固な反逆に打克つ事が出來なかつたので、失踪をするやうなことになつた。 面倒な事件が後へ殘つた。 財產の大半を摺つたやうな事件であつた。,sua,MISSING,Ippolitas-husband,MISSING,DET,MISSING,nmod,MISSING,leftover_source,
1267,one-to-many,dn_1378,isk_1685 isk_1686 isk_1687,"Il marito debole, non avendo saputo in alcun modo vincere l'aperta e ostinata ribellione d'Ippolita, era quasi fuggito lasciando dietro di sé un gravissimo intrico di affari in cui era rimasta persa la massima parte della sua fortuna.",弱い夫は、イッポリイタの露な、頑固な反逆に打克つ事が出來なかつたので、失踪をするやうなことになつた。 面倒な事件が後へ殘つた。 財產の大半を摺つたやうな事件であつた。,MISSING,摺つた,MISSING,Ippolitas-husband,MISSING,NULL,MISSING,nsubj,leftover_target,
1268,one-to-one,dn_1379,isk_1688,"Ippolita s'era rifugiata in casa della madre e quindi a Caronno, dalla sorella, in una villeggiatura.",イッポリイタは、初めは自分の母親を連れて、後には妹と一緒に、田舎家に潜んだ。,Ippolita,イッポリイタ,Ippolita,Ippolita,PROPN,PROPN,nsubj,nsubj,explicit_full,
1268,one-to-one,dn_1379,isk_1688,"Ippolita s'era rifugiata in casa della madre e quindi a Caronno, dalla sorella, in una villeggiatura.",イッポリイタは、初めは自分の母親を連れて、後には妹と一緒に、田舎家に潜んだ。,s,自分,Ippolita,Ippolita,PRON,PRON,obj,nmod,explicit_ref_pos,
1268,one-to-one,dn_1379,isk_1688,"Ippolita s'era rifugiata in casa della madre e quindi a Caronno, dalla sorella, in una villeggiatura.",イッポリイタは、初めは自分の母親を連れて、後には妹と一緒に、田舎家に潜んだ。,madre,母親,Ippolitas-mother,Ippolitas-mother,NOUN,NOUN,nmod,obj,explicit_ref_pos,
1268,one-to-one,dn_1379,isk_1688,"Ippolita s'era rifugiata in casa della madre e quindi a Caronno, dalla sorella, in una villeggiatura.",イッポリイタは、初めは自分の母親を連れて、後には妹と一緒に、田舎家に潜んだ。,sorella,妹,Ippolitas-sister,Ippolitas-sister,NOUN,NOUN,obj,obj,explicit_full,
1269,one-to-one,dn_1380,isk_1689,"Un terribile male, già da lei sofferto nell'infanzia, un male nervoso che aveva le forme dell'epilessia, era di nuovo apparso.",引續き、子供の時分に大患ひした、可怕しい癲癇性の神經病に憑依かれた。,lei,MISSING,Ippolita,MISSING,PRON,MISSING,obj,MISSING,leftover_source,
1269,one-to-one,dn_1380,isk_1689,"Un terribile male, già da lei sofferto nell'infanzia, un male nervoso che aveva le forme dell'epilessia, era di nuovo apparso.",引續き、子供の時分に大患ひした、可怕しい癲癇性の神經病に憑依かれた。,MISSING,引續き,MISSING,Ippolita,MISSING,NULL,MISSING,nsubj,leftover_target,
1269,one-to-one,dn_1380,isk_1689,"Un terribile male, già da lei sofferto nell'infanzia, un male nervoso che aveva le forme dell'epilessia, era di nuovo apparso.",引續き、子供の時分に大患ひした、可怕しい癲癇性の神經病に憑依かれた。,MISSING,大患ひした,MISSING,Ippolita,MISSING,NULL,MISSING,nsubj,leftover_target,
1269,one-to-one,dn_1380,isk_1689,"Un terribile male, già da lei sofferto nell'infanzia, un male nervoso che aveva le forme dell'epilessia, era di nuovo apparso.",引續き、子供の時分に大患ひした、可怕しい癲癇性の神經病に憑依かれた。,MISSING,憑依かれた,MISSING,Ippolita,MISSING,NULL,MISSING,nsubj,leftover_target,
1271,one-to-one,dn_1382,isk_1691,Tu non imaginerai giammai lo sbigottimento ch'io ho nello spirito.,奈何して、迚も僕の心を囚へた恐怖を理解する事は君には出來ない。,io,僕,Giorgio,Giorgio,PRON,PRON,nsubj,nmod,explicit_ref_pos,
1271,one-to-one,dn_1382,isk_1691,Tu non imaginerai giammai lo sbigottimento ch'io ho nello spirito.,奈何して、迚も僕の心を囚へた恐怖を理解する事は君には出來ない。,Tu,君,Ippolita,Ippolita,PRON,PRON,nsubj,obj,explicit_ref_pos,
1272,one-to-one,dn_1383,isk_1692,La mia tortura maggiore è questa implacabile lucidezza della visione fantastica.,何よりも心を惱まされるのは瞭平した幻影が憑依いて離れないことだ。,mia,MISSING,Giorgio,MISSING,DET,MISSING,nmod,MISSING,leftover_source,
1273,one-to-many,dn_1384,isk_1693 isk_1694,"Io ti vedo contorcerti, nell'accesso; io vedo i tuoi lineamenti scomporsi e illividirsi, i tuoi occhi volgersi disperatamente sotto le palpebre rosse di pianto....",君の身悶えして苦む態が、眼に見える。 君の顔の扭れて蒼褪めた態や、眸子の日眶の奥で希望無げに廻轉するのも見える。…,Io,MISSING,Giorgio,MISSING,PRON,MISSING,nsubj,MISSING,leftover_source,
1273,one-to-many,dn_1384,isk_1693 isk_1694,"Io ti vedo contorcerti, nell'accesso; io vedo i tuoi lineamenti scomporsi e illividirsi, i tuoi occhi volgersi disperatamente sotto le palpebre rosse di pianto....",君の身悶えして苦む態が、眼に見える。 君の顔の扭れて蒼褪めた態や、眸子の日眶の奥で希望無げに廻轉するのも見える。…,io,MISSING,Giorgio,MISSING,PRON,MISSING,nsubj,MISSING,leftover_source,
1273,one-to-many,dn_1384,isk_1693 isk_1694,"Io ti vedo contorcerti, nell'accesso; io vedo i tuoi lineamenti scomporsi e illividirsi, i tuoi occhi volgersi disperatamente sotto le palpebre rosse di pianto....",君の身悶えして苦む態が、眼に見える。 君の顔の扭れて蒼褪めた態や、眸子の日眶の奥で希望無げに廻轉するのも見える。…,tuoi,君,Ippolita,Ippolita,DET,PRON,nmod,nmod,explicit_ref_case,
1273,one-to-many,dn_1384,isk_1693 isk_1694,"Io ti vedo contorcerti, nell'accesso; io vedo i tuoi lineamenti scomporsi e illividirsi, i tuoi occhi volgersi disperatamente sotto le palpebre rosse di pianto....",君の身悶えして苦む態が、眼に見える。 君の顔の扭れて蒼褪めた態や、眸子の日眶の奥で希望無げに廻轉するのも見える。…,tuoi,君,Ippolita,Ippolita,DET,PRON,nmod,nmod,explicit_ref_case,
1273,one-to-many,dn_1384,isk_1693 isk_1694,"Io ti vedo contorcerti, nell'accesso; io vedo i tuoi lineamenti scomporsi e illividirsi, i tuoi occhi volgersi disperatamente sotto le palpebre rosse di pianto....",君の身悶えして苦む態が、眼に見える。 君の顔の扭れて蒼褪めた態や、眸子の日眶の奥で希望無げに廻轉するのも見える。…,ti,MISSING,Ippolita,MISSING,PRON,MISSING,obj,MISSING,leftover_source,
1273,one-to-many,dn_1384,isk_1693 isk_1694,"Io ti vedo contorcerti, nell'accesso; io vedo i tuoi lineamenti scomporsi e illividirsi, i tuoi occhi volgersi disperatamente sotto le palpebre rosse di pianto....",君の身悶えして苦む態が、眼に見える。 君の顔の扭れて蒼褪めた態や、眸子の日眶の奥で希望無げに廻轉するのも見える。…,ti,MISSING,Ippolita,MISSING,PRON-REFLEX,MISSING,obj,MISSING,leftover_source,
1274,one-to-many,dn_1385,isk_1695 isk_1696,"Io vedo tutta la terribilità del male, come s'io ti fossi vicino; e, per quanti sforzi io faccia, non riesco a scacciare l'orrida visione.",丁度君の傍に居る位、君の可怕しい病氣が悉皆見える。 而己をらず甚度に豌いても此の勾影を逐拂ふことは出來ない。,riesco,豌いても,Giorgio,Giorgio,NULL,NULL,nsubj,nsubj,zero_zero_semantic,0.43179832296209125
1274,one-to-many,dn_1385,isk_1695 isk_1696,"Io vedo tutta la terribilità del male, come s'io ti fossi vicino; e, per quanti sforzi io faccia, non riesco a scacciare l'orrida visione.",丁度君の傍に居る位、君の可怕しい病氣が悉皆見える。 而己をらず甚度に豌いても此の勾影を逐拂ふことは出來ない。,Io,居る,Giorgio,Giorgio,PRON,NULL,nsubj,nsubj,zero_to_src_anchor,
1274,one-to-many,dn_1385,isk_1695 isk_1696,"Io vedo tutta la terribilità del male, come s'io ti fossi vicino; e, per quanti sforzi io faccia, non riesco a scacciare l'orrida visione.",丁度君の傍に居る位、君の可怕しい病氣が悉皆見える。 而己をらず甚度に豌いても此の勾影を逐拂ふことは出來ない。,io,をらず,Giorgio,Giorgio,PRON,NULL,nsubj,nsubj,zero_to_src_anchor,
1274,one-to-many,dn_1385,isk_1695 isk_1696,"Io vedo tutta la terribilità del male, come s'io ti fossi vicino; e, per quanti sforzi io faccia, non riesco a scacciare l'orrida visione.",丁度君の傍に居る位、君の可怕しい病氣が悉皆見える。 而己をらず甚度に豌いても此の勾影を逐拂ふことは出來ない。,io,逐拂ふことは出來ない,Giorgio,Giorgio,PRON,NULL,nsubj,nsubj,zero_to_src_anchor,
1274,one-to-many,dn_1385,isk_1695 isk_1696,"Io vedo tutta la terribilità del male, come s'io ti fossi vicino; e, per quanti sforzi io faccia, non riesco a scacciare l'orrida visione.",丁度君の傍に居る位、君の可怕しい病氣が悉皆見える。 而己をらず甚度に豌いても此の勾影を逐拂ふことは出來ない。,ti,君,Ippolita,Ippolita,PRON,PRON,obj,nmod,explicit_ref_pos,
1274,one-to-many,dn_1385,isk_1695 isk_1696,"Io vedo tutta la terribilità del male, come s'io ti fossi vicino; e, per quanti sforzi io faccia, non riesco a scacciare l'orrida visione.",丁度君の傍に居る位、君の可怕しい病氣が悉皆見える。 而己をらず甚度に豌いても此の勾影を逐拂ふことは出來ない。,MISSING,君,MISSING,Ippolita,MISSING,PRON,MISSING,nmod,leftover_target,
1275,one-to-one,dn_1386,isk_1697,"E poi, mi sento chiamare.",その內に自分が呼ばれて居るやうな氣がする。,mi,自分,Giorgio,Giorgio,PRON,PRON,obj,nsubj,explicit_ref_pos,
1275,one-to-one,dn_1386,isk_1697,"E poi, mi sento chiamare.",その內に自分が呼ばれて居るやうな氣がする。,sento,MISSING,Giorgio,MISSING,NULL,MISSING,nsubj,MISSING,leftover_source,
1276,one-to-one,dn_1387,isk_1698,"Ho proprio negli orecchi il suono della tua voce, un suono roco e lamentevole, come di chi chiede aiuto e non ha speranza di aiuto.",救ひを呼んでも救はれる望きみの無い人のやうな、皺嗄れた悲しい聲が君の聲となつて聞えて來る。,Ho,MISSING,Giorgio,MISSING,NULL,MISSING,nsubj,MISSING,leftover_source,
1276,one-to-one,dn_1387,isk_1698,"Ho proprio negli orecchi il suono della tua voce, un suono roco e lamentevole, come di chi chiede aiuto e non ha speranza di aiuto.",救ひを呼んでも救はれる望きみの無い人のやうな、皺嗄れた悲しい聲が君の聲となつて聞えて來る。,tua,君,Ippolita,Ippolita,DET,NOUN,nmod,nmod,explicit_ref_case,
1278,one-to-one,dn_1389,isk_1700,Duro fatica a scrivertiqueste righe.,もう此の文を書くのにも疲れた。,Duro,疲れた,Giorgio,Giorgio,NULL,NULL,nsubj,nsubj,zero_zero_single,
1278,one-to-one,dn_1389,isk_1700,Duro fatica a scrivertiqueste righe.,もう此の文を書くのにも疲れた。,ti,MISSING,Ippolita,MISSING,PRON,MISSING,obj,MISSING,leftover_source,
1279,many-to-one,dn_1390 dn_1391,isk_1701,"Vorrei rimanere immobile, in silenzio, là nell'angolo, nell'ombra, a pensare, ad evocare la tua imagine, ad evocare il tuo male, a vederti. Provo non so quale attrazione irresistibile verso questa tortura volontaria....",唯凝と靜かに薄暗い隅の方で、君の姿を喚起し、君の病気を喚起し、君を眺めて許リ居たい。,Vorrei,喚起し,Giorgio,Giorgio,NULL,NULL,nsubj,nsubj,zero_zero_semantic,0.33040994725057055
1279,many-to-one,dn_1390 dn_1391,isk_1701,"Vorrei rimanere immobile, in silenzio, là nell'angolo, nell'ombra, a pensare, ad evocare la tua imagine, ad evocare il tuo male, a vederti. Provo non so quale attrazione irresistibile verso questa tortura volontaria....",唯凝と靜かに薄暗い隅の方で、君の姿を喚起し、君の病気を喚起し、君を眺めて許リ居たい。,Provo,喚起し,Giorgio,Giorgio,NULL,NULL,nsubj,nsubj,zero_zero_semantic,0.588272228465949
1279,many-to-one,dn_1390 dn_1391,isk_1701,"Vorrei rimanere immobile, in silenzio, là nell'angolo, nell'ombra, a pensare, ad evocare la tua imagine, ad evocare il tuo male, a vederti. Provo non so quale attrazione irresistibile verso questa tortura volontaria....",唯凝と靜かに薄暗い隅の方で、君の姿を喚起し、君の病気を喚起し、君を眺めて許リ居たい。,MISSING,眺めて許リ居たい,MISSING,Giorgio,MISSING,NULL,MISSING,nsubj,leftover_target,
1279,many-to-one,dn_1390 dn_1391,isk_1701,"Vorrei rimanere immobile, in silenzio, là nell'angolo, nell'ombra, a pensare, ad evocare la tua imagine, ad evocare il tuo male, a vederti. Provo non so quale attrazione irresistibile verso questa tortura volontaria....",唯凝と靜かに薄暗い隅の方で、君の姿を喚起し、君の病気を喚起し、君を眺めて許リ居たい。,ti,君,Ippolita,Ippolita,PRON,PRON,obj,obj,explicit_full,
1279,many-to-one,dn_1390 dn_1391,isk_1701,"Vorrei rimanere immobile, in silenzio, là nell'angolo, nell'ombra, a pensare, ad evocare la tua imagine, ad evocare il tuo male, a vederti. Provo non so quale attrazione irresistibile verso questa tortura volontaria....",唯凝と靜かに薄暗い隅の方で、君の姿を喚起し、君の病気を喚起し、君を眺めて許リ居たい。,tua,君,Ippolita,Ippolita,DET,PRON,obj,nmod,explicit_ref_only,
1279,many-to-one,dn_1390 dn_1391,isk_1701,"Vorrei rimanere immobile, in silenzio, là nell'angolo, nell'ombra, a pensare, ad evocare la tua imagine, ad evocare il tuo male, a vederti. Provo non so quale attrazione irresistibile verso questa tortura volontaria....",唯凝と靜かに薄暗い隅の方で、君の姿を喚起し、君の病気を喚起し、君を眺めて許リ居たい。,tuo,君,Ippolita,Ippolita,DET,PRON,obj,nmod,explicit_ref_only,
1280,one-to-one,dn_1392,isk_1702,"—Oh povero, povero amore mio!",―噫哀れな哀れな我が戀人よ。,mio,我,Giorgio,Giorgio,DET,PRON,nmod,nmod,explicit_ref_case,
1280,one-to-one,dn_1392,isk_1702,"—Oh povero, povero amore mio!",―噫哀れな哀れな我が戀人よ。,amore,戀人,Ippolita,Ippolita,NOUN,NOUN,vocative,vocative,explicit_full,
1281,one-to-one,dn_1393,isk_1703,"Mi sento così triste che vorrei perdere il senso dell'essere, per molto tempo, e poi svegliarmi e non ricordarmi più di nulla e non più soffrire.",餘りに味氣無さの末は、長い間生存の感覺を喪失して了つて、再び醒覺めて後も、何物をも記憶せず、何物にも惱まされないやうになりたく思ふ。,sento,惱まされないやうになりたく思ふ,Giorgio,Giorgio,NULL,NULL,nsubj,nsubj,zero_zero_semantic,0.6464185514108763
1281,one-to-one,dn_1393,isk_1703,"Mi sento così triste che vorrei perdere il senso dell'essere, per molto tempo, e poi svegliarmi e non ricordarmi più di nulla e non più soffrire.",餘りに味氣無さの末は、長い間生存の感覺を喪失して了つて、再び醒覺めて後も、何物をも記憶せず、何物にも惱まされないやうになりたく思ふ。,vorrei perdere,喪失して了つて,Giorgio,Giorgio,NULL,NULL,nsubj,nsubj,zero_zero_semantic,0.40012871772206565
1281,one-to-one,dn_1393,isk_1703,"Mi sento così triste che vorrei perdere il senso dell'essere, per molto tempo, e poi svegliarmi e non ricordarmi più di nulla e non più soffrire.",餘りに味氣無さの末は、長い間生存の感覺を喪失して了つて、再び醒覺めて後も、何物をも記憶せず、何物にも惱まされないやうになりたく思ふ。,Mi,MISSING,Giorgio,MISSING,PRON-REFLEX,MISSING,obj,MISSING,leftover_source,
1281,one-to-one,dn_1393,isk_1703,"Mi sento così triste che vorrei perdere il senso dell'essere, per molto tempo, e poi svegliarmi e non ricordarmi più di nulla e non più soffrire.",餘りに味氣無さの末は、長い間生存の感覺を喪失して了つて、再び醒覺めて後も、何物をも記憶せず、何物にも惱まされないやうになりたく思ふ。,mi,MISSING,Giorgio,MISSING,PRON-REFLEX,MISSING,obj,MISSING,leftover_source,
1281,one-to-one,dn_1393,isk_1703,"Mi sento così triste che vorrei perdere il senso dell'essere, per molto tempo, e poi svegliarmi e non ricordarmi più di nulla e non più soffrire.",餘りに味氣無さの末は、長い間生存の感覺を喪失して了つて、再び醒覺めて後も、何物をも記憶せず、何物にも惱まされないやうになりたく思ふ。,mi,MISSING,Giorgio,MISSING,PRON-REFLEX,MISSING,obj,MISSING,leftover_source,
1281,one-to-one,dn_1393,isk_1703,"Mi sento così triste che vorrei perdere il senso dell'essere, per molto tempo, e poi svegliarmi e non ricordarmi più di nulla e non più soffrire.",餘りに味氣無さの末は、長い間生存の感覺を喪失して了つて、再び醒覺めて後も、何物をも記憶せず、何物にも惱まされないやうになりたく思ふ。,MISSING,醒覺めて,MISSING,Giorgio,MISSING,NULL,MISSING,nsubj,leftover_target,
1281,one-to-one,dn_1393,isk_1703,"Mi sento così triste che vorrei perdere il senso dell'essere, per molto tempo, e poi svegliarmi e non ricordarmi più di nulla e non più soffrire.",餘りに味氣無さの末は、長い間生存の感覺を喪失して了つて、再び醒覺めて後も、何物をも記憶せず、何物にも惱まされないやうになりたく思ふ。,MISSING,記憶せず,MISSING,Giorgio,MISSING,NULL,MISSING,nsubj,leftover_target,
1282,many-to-one,dn_1394 dn_1395,isk_1704,"Vorrei, almeno, avere un acuto spasimo fisico, una ferita, una piaga, una bruciatura profonda, qualche cosa che mi alleviasse l'implacabile tormento dello spirito. —Mio Dio!",劇しい肉體の痙攣でも可い、怪我でも大火傷でも何でも可いから、そんな事で此の預固な精神の苦悶を緩和きせて欲しい。,Vorrei,緩和きせて欲しい,Giorgio,Giorgio,NULL,NULL,nsubj,nsubj,zero_zero_single,
1282,many-to-one,dn_1394 dn_1395,isk_1704,"Vorrei, almeno, avere un acuto spasimo fisico, una ferita, una piaga, una bruciatura profonda, qualche cosa che mi alleviasse l'implacabile tormento dello spirito. —Mio Dio!",劇しい肉體の痙攣でも可い、怪我でも大火傷でも何でも可いから、そんな事で此の預固な精神の苦悶を緩和きせて欲しい。,mi,MISSING,Giorgio,MISSING,PRON,MISSING,obj,MISSING,leftover_source,
1283,one-to-many,dn_1396,isk_1705 isk_1706,Vedo le tue mani pallide e convulse; e vedo tra le dita la ciocca dei capelli strappati....,―驚くではないか、君の手は蒼くて痙攣して居る。 指の間には引毟つた髪の毛が捲き附いて居る…。,Vedo,MISSING,Giorgio,MISSING,NULL,MISSING,nsubj,MISSING,leftover_source,
1283,one-to-many,dn_1396,isk_1705 isk_1706,Vedo le tue mani pallide e convulse; e vedo tra le dita la ciocca dei capelli strappati....,―驚くではないか、君の手は蒼くて痙攣して居る。 指の間には引毟つた髪の毛が捲き附いて居る…。,vedo,MISSING,Giorgio,MISSING,NULL,MISSING,nsubj,MISSING,leftover_source,
1283,one-to-many,dn_1396,isk_1705 isk_1706,Vedo le tue mani pallide e convulse; e vedo tra le dita la ciocca dei capelli strappati....,―驚くではないか、君の手は蒼くて痙攣して居る。 指の間には引毟つた髪の毛が捲き附いて居る…。,tue,君,Ippolita,Ippolita,DET,PRON,obj,nmod,explicit_ref_only,
1283,one-to-many,dn_1396,isk_1705 isk_1706,Vedo le tue mani pallide e convulse; e vedo tra le dita la ciocca dei capelli strappati....,―驚くではないか、君の手は蒼くて痙攣して居る。 指の間には引毟つた髪の毛が捲き附いて居る…。,MISSING,驚くではない,MISSING,Ippolita,MISSING,NULL,MISSING,nsubj,leftover_target,
1285,one-to-one,dn_1398,isk_1708,Tu mi scrivi:,君の手紙に,mi,MISSING,Giorgio,MISSING,PRON,MISSING,obj,MISSING,leftover_source,
1285,one-to-one,dn_1398,isk_1708,Tu mi scrivi:,君の手紙に,Tu,君,Ippolita,Ippolita,PRON,PRON,nsubj,nmod,explicit_ref_pos,
1286,one-to-one,dn_1399,isk_1709,Se questo male mi prendesse fra le tue braccia?,此の病気が貴郞のお腕に懸つて居る時に起つたのだつたら―。,tue,貴郞,Giorgio,Giorgio,DET,PRON,obj,obj,explicit_ref_case,
1286,one-to-one,dn_1399,isk_1709,Se questo male mi prendesse fra le tue braccia?,此の病気が貴郞のお腕に懸つて居る時に起つたのだつたら―。,mi,MISSING,Ippolita,MISSING,PRON,MISSING,obj,MISSING,leftover_source,
1286,one-to-one,dn_1399,isk_1709,Se questo male mi prendesse fra le tue braccia?,此の病気が貴郞のお腕に懸つて居る時に起つたのだつたら―。,MISSING,懸つて居る,MISSING,Ippolita,MISSING,NULL,MISSING,nsubj,leftover_target,
1287,one-to-many,dn_1400,isk_1710 isk_1711 isk_1712,"No, no; io non ti vedrò più, non voglio più vederti!",否え否え。 もうお目には掛りますまい。 も一度お顏を見ようとも思ひません。,ti,MISSING,Giorgio,MISSING,PRON,MISSING,obj,MISSING,leftover_source,
1287,one-to-many,dn_1400,isk_1710 isk_1711 isk_1712,"No, no; io non ti vedrò più, non voglio più vederti!",否え否え。 もうお目には掛りますまい。 も一度お顏を見ようとも思ひません。,ti,MISSING,Giorgio,MISSING,PRON,MISSING,obj,MISSING,leftover_source,
1287,one-to-many,dn_1400,isk_1710 isk_1711 isk_1712,"No, no; io non ti vedrò più, non voglio più vederti!",否え否え。 もうお目には掛りますまい。 も一度お顏を見ようとも思ひません。,voglio,お目には掛りますまい,Ippolita,Ippolita,NULL,NULL,nsubj,nsubj,zero_zero_semantic,0.4796321554825856
1287,one-to-many,dn_1400,isk_1710 isk_1711 isk_1712,"No, no; io non ti vedrò più, non voglio più vederti!",否え否え。 もうお目には掛りますまい。 も一度お顏を見ようとも思ひません。,io,見ようとも思ひません,Ippolita,Ippolita,PRON,NULL,nsubj,nsubj,zero_to_src_anchor,
1288,one-to-many,dn_1401,isk_1713 isk_1714,Eri demente quando scrivevi?,とある。 物に狂つて然う書いたか。,Eri,狂つて,Ippolita,Ippolita,NULL,NULL,nsubj,nsubj,zero_zero_semantic,0.3175165206193924
1288,one-to-many,dn_1401,isk_1713 isk_1714,Eri demente quando scrivevi?,とある。 物に狂つて然う書いたか。,scrivevi,書いた,Ippolita,Ippolita,NULL,NULL,nsubj,nsubj,zero_zero_semantic,0.22514604457787105
1289,one-to-one,dn_1402,isk_1715,Hai tu pensato a quello che scrivevi?,書いた事が解つて居たのか。,Hai,解つて居た,Ippolita,Ippolita,NULL,NULL,nsubj,nsubj,zero_zero_semantic,0.33392813343268174
1289,one-to-one,dn_1402,isk_1715,Hai tu pensato a quello che scrivevi?,書いた事が解つて居たのか。,scrivevi,書いた,Ippolita,Ippolita,NULL,NULL,nsubj,nsubj,zero_zero_semantic,0.32099017178690115
1289,one-to-one,dn_1402,isk_1715,Hai tu pensato a quello che scrivevi?,書いた事が解つて居たのか。,tu,MISSING,Ippolita,MISSING,PRON,MISSING,nsubj,MISSING,leftover_source,
1290,one-to-many,dn_1403,isk_1716 isk_1717,Mi pare che tu mi abbia presa la vita e ch'io non possa più dare un respiro.,丁度僕のライフを奪つたやうなものだ。 丁度呼吸を窒められたやうなものだ。,Mi,僕,Giorgio,Giorgio,PRON,PRON,obj,nmod,explicit_ref_pos,
1290,one-to-many,dn_1403,isk_1716 isk_1717,Mi pare che tu mi abbia presa la vita e ch'io non possa più dare un respiro.,丁度僕のライフを奪つたやうなものだ。 丁度呼吸を窒められたやうなものだ。,mi,MISSING,Giorgio,MISSING,PRON,MISSING,obj,MISSING,leftover_source,
1290,one-to-many,dn_1403,isk_1716 isk_1717,Mi pare che tu mi abbia presa la vita e ch'io non possa più dare un respiro.,丁度僕のライフを奪つたやうなものだ。 丁度呼吸を窒められたやうなものだ。,io,MISSING,Giorgio,MISSING,PRON,MISSING,nsubj,MISSING,leftover_source,
1290,one-to-many,dn_1403,isk_1716 isk_1717,Mi pare che tu mi abbia presa la vita e ch'io non possa più dare un respiro.,丁度僕のライフを奪つたやうなものだ。 丁度呼吸を窒められたやうなものだ。,tu,奪つた,Ippolita,Ippolita,PRON,NULL,nsubj,nsubj,zero_to_src_anchor,
1290,one-to-many,dn_1403,isk_1716 isk_1717,Mi pare che tu mi abbia presa la vita e ch'io non possa più dare un respiro.,丁度僕のライフを奪つたやうなものだ。 丁度呼吸を窒められたやうなものだ。,MISSING,窒められた,MISSING,Ippolita,MISSING,NULL,MISSING,nsubj,leftover_target,
1291,one-to-one,dn_1404,isk_1718,Riscrivimi sùbito!,疾く次の手紙を。,mi,MISSING,Giorgio,MISSING,PRON,MISSING,obj,MISSING,leftover_source,
1291,one-to-one,dn_1404,isk_1718,Riscrivimi sùbito!,疾く次の手紙を。,Riscrivi,MISSING,Ippolita,MISSING,NULL,MISSING,nsubj,MISSING,leftover_source,
1292,one-to-one,dn_1405,isk_1719,"Dimmi che guarirai, che non disperi, che vuoi rivedermi.",病氣の痊つたこと、始終僕に遇ひたがつて居るといふこと、それが聞かして欲しい。,mi,僕,Giorgio,Giorgio,PRON,PRON,obj,obj,explicit_full,
1292,one-to-one,dn_1405,isk_1719,"Dimmi che guarirai, che non disperi, che vuoi rivedermi.",病氣の痊つたこと、始終僕に遇ひたがつて居るといふこと、それが聞かして欲しい。,mi,MISSING,Giorgio,MISSING,PRON,MISSING,obj,MISSING,leftover_source,
1292,one-to-one,dn_1405,isk_1719,"Dimmi che guarirai, che non disperi, che vuoi rivedermi.",病氣の痊つたこと、始終僕に遇ひたがつて居るといふこと、それが聞かして欲しい。,MISSING,聞かして欲しい,MISSING,Giorgio,MISSING,NULL,MISSING,nsubj,leftover_target,
1292,one-to-one,dn_1405,isk_1719,"Dimmi che guarirai, che non disperi, che vuoi rivedermi.",病氣の痊つたこと、始終僕に遇ひたがつて居るといふこと、それが聞かして欲しい。,Dim,遇ひたがつて居る,Ippolita,Ippolita,NULL,NULL,nsubj,nsubj,zero_zero_semantic,0.32060506861460836
1292,one-to-one,dn_1405,isk_1719,"Dimmi che guarirai, che non disperi, che vuoi rivedermi.",病氣の痊つたこと、始終僕に遇ひたがつて居るといふこと、それが聞かして欲しい。,disperi,痊つた,Ippolita,Ippolita,NULL,NULL,nsubj,nsubj,zero_zero_semantic,0.4409874822748335
1292,one-to-one,dn_1405,isk_1719,"Dimmi che guarirai, che non disperi, che vuoi rivedermi.",病氣の痊つたこと、始終僕に遇ひたがつて居るといふこと、それが聞かして欲しい。,guarirai,MISSING,Ippolita,MISSING,NULL,MISSING,nsubj,MISSING,leftover_source,
1292,one-to-one,dn_1405,isk_1719,"Dimmi che guarirai, che non disperi, che vuoi rivedermi.",病氣の痊つたこと、始終僕に遇ひたがつて居るといふこと、それが聞かして欲しい。,vuoi riveder,MISSING,Ippolita,MISSING,NULL,MISSING,nsubj,MISSING,leftover_source,
1293,one-to-one,dn_1406,isk_1720,Tu devi guarire.,奈何しても回復してくれなくてはならない。,Tu,回復してくれなくてはならない,Ippolita,Ippolita,PRON,NULL,nsubj,nsubj,zero_to_src_anchor,
1294,one-to-one,dn_1407,isk_1721,"Intendi, Ippolita?",いいか、イッポリイタ。,Ippolita,イッポリイタ,Ippolita,Ippolita,PROPN,PROPN,vocative,vocative,explicit_full,
1294,one-to-one,dn_1407,isk_1721,"Intendi, Ippolita?",いいか、イッポリイタ。,Intendi,MISSING,Ippolita,MISSING,NULL,MISSING,nsubj,MISSING,leftover_source,
1295,one-to-one,dn_1408,isk_1722,Tu devi guarire.,必と痊つてくれるだらう。,Tu,痊つてくれる,Ippolita,Ippolita,PRON,NULL,nsubj,nsubj,zero_to_src_anchor,
1297,one-to-one,dn_1411,isk_1724,"Andavamo per la marina, io e un amico.",僕と一人の友人とは海岸を歩いた。,io,僕,Giorgio,Giorgio,PRON,PRON,nsubj,nsubj,explicit_full,
1297,one-to-one,dn_1411,isk_1724,"Andavamo per la marina, io e un amico.",僕と一人の友人とは海岸を歩いた。,un amico,一人の友人,Giorgios-friend,Giorgios-friend,NOUN,NOUN,nsubj,nsubj,explicit_full,
1298,one-to-one,dn_1412,isk_1725,Io dissi:,僕が,Io,僕,Giorgio,Giorgio,PRON,PRON,nsubj,nsubj,explicit_full,
1300,one-to-one,dn_1414,isk_1727,L'amico rispose:,と言へば、友は,L'amico,友,Giorgios-friend,Giorgios-friend,NOUN,NOUN,nsubj,nsubj,explicit_full,
1300,one-to-one,dn_1414,isk_1727,L'amico rispose:,と言へば、友は,MISSING,言へば,MISSING,Giorgios-friend,MISSING,NULL,MISSING,nsubj,leftover_target,
1302,one-to-one,dn_1416,isk_1729,E si fermò.,と答へて凝と佇立つた。,fermò,答へて,Giorgios-friend,Giorgios-friend,NULL,NULL,nsubj,nsubj,zero_zero_single,
1302,one-to-one,dn_1416,isk_1729,E si fermò.,と答へて凝と佇立つた。,si,MISSING,Giorgios-friend,MISSING,PRON-REFLEX,MISSING,obj,MISSING,leftover_source,
1304,one-to-many,dn_1418,isk_1731 isk_1732,Come potrò ridirti l'impressione lugubre che mi fecero le parole dell'amico?,友の言つた語から受けた不氣味な印象を。 奈何君に言ひ現せば可いだらう。,potrò ridir,受けた,Giorgio,Giorgio,NULL,NULL,nsubj,nsubj,zero_zero_semantic,0.2670777516422257
1304,one-to-many,dn_1418,isk_1731 isk_1732,Come potrò ridirti l'impressione lugubre che mi fecero le parole dell'amico?,友の言つた語から受けた不氣味な印象を。 奈何君に言ひ現せば可いだらう。,mi,MISSING,Giorgio,MISSING,PRON,MISSING,obj,MISSING,leftover_source,
1304,one-to-many,dn_1418,isk_1731 isk_1732,Come potrò ridirti l'impressione lugubre che mi fecero le parole dell'amico?,友の言つた語から受けた不氣味な印象を。 奈何君に言ひ現せば可いだらう。,MISSING,言ひ現せば可い,MISSING,Giorgio,MISSING,NULL,MISSING,nsubj,leftover_target,
1304,one-to-many,dn_1418,isk_1731 isk_1732,Come potrò ridirti l'impressione lugubre che mi fecero le parole dell'amico?,友の言つた語から受けた不氣味な印象を。 奈何君に言ひ現せば可いだらう。,amico,友,Giorgios-friend,Giorgios-friend,NOUN,NOUN,nmod,nmod,explicit_full,
1304,one-to-many,dn_1418,isk_1731 isk_1732,Come potrò ridirti l'impressione lugubre che mi fecero le parole dell'amico?,友の言つた語から受けた不氣味な印象を。 奈何君に言ひ現せば可いだらう。,ti,君,Ippolita,Ippolita,PRON,PRON,obj,obj,explicit_full,
1307,one-to-one,dn_1421,isk_1735,Tu che facevi?,君は奈何しただらう。,Tu,君,Ippolita,Ippolita,PRON,PRON,nsubj,nsubj,explicit_full,
1307,one-to-one,dn_1421,isk_1735,Tu che facevi?,君は奈何しただらう。,facevi,MISSING,Ippolita,MISSING,NULL,MISSING,nsubj,MISSING,leftover_source,
1310,one-to-one,dn_1424,isk_1738,Altre volte non ci badavo.,不斷は那樣ものに氣なぞ惹かれはしない。,badavo,惹かれはしない,Giorgio,Giorgio,NULL,NULL,nsubj,nsubj,zero_zero_single,
1311,one-to-one,dn_1425,isk_1739,"Questa volta ogni grido mi penetrava nel cuore, con uno strazio insopportabile.",此の晩に限つて一聲々々が堪らぬ程の響きを僕の胸の底に傳へたのだ…。,mi,僕,Giorgio,Giorgio,PRON,PRON,obj,nmod,explicit_ref_pos,
1312,one-to-one,dn_1427,isk_1740,"Tu disperi, senza ragione.",君が絕望する道理はない。,Tu,君,Ippolita,Ippolita,PRON,PRON,nsubj,nsubj,explicit_full,
1312,one-to-one,dn_1427,isk_1740,"Tu disperi, senza ragione.",君が絕望する道理はない。,disperi,MISSING,Ippolita,MISSING,NULL,MISSING,nsubj,MISSING,leftover_source,
1313,one-to-one,dn_1428,isk_1741,"Ieri passai gran parte della giornata intorno a un trattato su le malattie nervose, per conoscere il tuo male.",昨日は殆ど終日內に居て、君の病狀を知る爲に、神經病に關する論文を讀んで見た。,passai,讀んで見た,Giorgio,Giorgio,NULL,NULL,nsubj,nsubj,zero_zero_single,
1313,one-to-one,dn_1428,isk_1741,"Ieri passai gran parte della giornata intorno a un trattato su le malattie nervose, per conoscere il tuo male.",昨日は殆ど終日內に居て、君の病狀を知る爲に、神經病に關する論文を讀んで見た。,tuo,君,Ippolita,Ippolita,DET,PRON,nmod,nmod,explicit_ref_case,
1314,one-to-one,dn_1429,isk_1742,"Tu guarirai, certamente.",大丈夫君は痊る。,Tu,君,Ippolita,Ippolita,PRON,PRON,nsubj,nsubj,explicit_full,
1315,one-to-one,dn_1430,isk_1743,Io credo anzi che tu non avrai altri assalti e che la tua convalescenza proseguirà senza interruzioni fino alla guarigione perfetta.,もう是から發作に襲はれる憂もなく、病後を無事に經過して、眞個の健康鐵となること請合だ。,Io,MISSING,Giorgio,MISSING,PRON,MISSING,nsubj,MISSING,leftover_source,
1315,one-to-one,dn_1430,isk_1743,Io credo anzi che tu non avrai altri assalti e che la tua convalescenza proseguirà senza interruzioni fino alla guarigione perfetta.,もう是から發作に襲はれる憂もなく、病後を無事に經過して、眞個の健康鐵となること請合だ。,tu,襲はれる,Ippolita,Ippolita,PRON,NULL,nsubj,nsubj,zero_to_src_anchor,
1315,one-to-one,dn_1430,isk_1743,Io credo anzi che tu non avrai altri assalti e che la tua convalescenza proseguirà senza interruzioni fino alla guarigione perfetta.,もう是から發作に襲はれる憂もなく、病後を無事に經過して、眞個の健康鐵となること請合だ。,tua,MISSING,Ippolita,MISSING,DET,MISSING,nmod,MISSING,leftover_source,
1315,one-to-one,dn_1430,isk_1743,Io credo anzi che tu non avrai altri assalti e che la tua convalescenza proseguirà senza interruzioni fino alla guarigione perfetta.,もう是から發作に襲はれる憂もなく、病後を無事に經過して、眞個の健康鐵となること請合だ。,MISSING,經過して,MISSING,Ippolita,MISSING,NULL,MISSING,nsubj,leftover_target,
1315,one-to-one,dn_1430,isk_1743,Io credo anzi che tu non avrai altri assalti e che la tua convalescenza proseguirà senza interruzioni fino alla guarigione perfetta.,もう是から發作に襲はれる憂もなく、病後を無事に經過して、眞個の健康鐵となること請合だ。,MISSING,健康鐵となる,MISSING,Ippolita,MISSING,NULL,MISSING,nsubj,leftover_target,
1316,one-to-one,dn_1431,isk_1744,Sollevati!,氣を取直すが可い。,Solleva,氣を取直すが可い,Ippolita,Ippolita,NULL,NULL,nsubj,nsubj,zero_zero_single,
1316,one-to-one,dn_1431,isk_1744,Sollevati!,氣を取直すが可い。,ti,MISSING,Ippolita,MISSING,PRON,MISSING,obj,MISSING,leftover_source,
1317,one-to-one,dn_1432,isk_1745,—Hai sentito questa notte il mio pensiero continuo?,―其の夜一夜を、君の事に思ひ煩つたのが通じたか。,mio,MISSING,Giorgio,MISSING,DET,MISSING,nmod,MISSING,leftover_source,
1317,one-to-one,dn_1432,isk_1745,—Hai sentito questa notte il mio pensiero continuo?,―其の夜一夜を、君の事に思ひ煩つたのが通じたか。,MISSING,思ひ煩つた,MISSING,Giorgio,MISSING,NULL,MISSING,nsubj,leftover_target,
1317,one-to-one,dn_1432,isk_1745,—Hai sentito questa notte il mio pensiero continuo?,―其の夜一夜を、君の事に思ひ煩つたのが通じたか。,Hai sentito,MISSING,Ippolita,MISSING,NULL,MISSING,nsubj,MISSING,leftover_source,
1317,one-to-one,dn_1432,isk_1745,—Hai sentito questa notte il mio pensiero continuo?,―其の夜一夜を、君の事に思ひ煩つたのが通じたか。,MISSING,君,MISSING,Ippolita,MISSING,PRON,MISSING,nmod,leftover_target,
1319,one-to-one,dn_1434,isk_1747,"Su la strada maestra, fra le siepi e gli alberi, passavano i pellegrini, cantando in coro una cantilena lunga e monotona....",街道の垣根と竝木の中から、巡禮等が長い單調な歌を唱ひながら通つて行つた…。,i pellegrini,巡禮等,pilgrims,pilgrims,NOUN,NOUN,nsubj,nsubj,explicit_full,
1319,one-to-one,dn_1434,isk_1747,"Su la strada maestra, fra le siepi e gli alberi, passavano i pellegrini, cantando in coro una cantilena lunga e monotona....",街道の垣根と竝木の中から、巡禮等が長い單調な歌を唱ひながら通つて行つた…。,MISSING,通つて行つた,MISSING,pilgrims,MISSING,NULL,MISSING,nsubj,leftover_target,
1320,one-to-one,dn_1435,isk_1748,Le lettere si facevano dolci e delicate verso la convalescente.,病後の頃の手紙には優しい細かい心が籠つて居た。,la convalescente,MISSING,Ippolita,MISSING,NOUN,MISSING,obj,MISSING,leftover_source,
1321,one-to-one,dn_1436,isk_1749,"Ti mando un fiore, còlto su l'arena.",沙濱で採つた花を君に贈る。,mando,贈る,Giorgio,Giorgio,NULL,NULL,nsubj,nsubj,zero_zero_single,
1321,one-to-one,dn_1436,isk_1749,"Ti mando un fiore, còlto su l'arena.",沙濱で採つた花を君に贈る。,Ti,君,Ippolita,Ippolita,PRON,PRON,obj,obj,explicit_full,
1322,one-to-many,dn_1437,isk_1750 isk_1751 isk_1752,"È una specie di giglio selvaggio, bellissimo quando è vivo, e così profumato che spesso nel calice io trovo qualche insetto tramortito di ebrezza.",野百合の一種で、生えて居る處は目を覺すやうだ。 香氣も非常に高い。 時々此の盡形の花の底に、醉揮つた蟲がへとへとになつて這入つて居るくらゐだ。,io,MISSING,Giorgio,MISSING,PRON,MISSING,nsubj,MISSING,leftover_source,
1324,one-to-many,dn_1439,isk_1755 isk_1756,"Anche morto, guarda com'è spirituale questo fiore!",何て愛らしい花だらう。 枯れても尙且此の通りだ。,guarda,MISSING,Ippolita,MISSING,NULL,MISSING,nsubj,MISSING,leftover_source,
1326,one-to-one,dn_1442,isk_1758,"Stamani, al primo svegliarmi, guardavo il mio corpo arso dal sole.",今朝早く起きて見ると、僕の體が日に焦がされて了つて居る。,mio,僕,Giorgio,Giorgio,DET,PRON,nmod,nmod,explicit_ref_case,
1326,one-to-one,dn_1442,isk_1758,"Stamani, al primo svegliarmi, guardavo il mio corpo arso dal sole.",今朝早く起きて見ると、僕の體が日に焦がされて了つて居る。,guardavo,起きて見ると,Giorgio,Giorgio,NULL,NULL,nsubj,nsubj,zero_zero_single,
1326,one-to-one,dn_1442,isk_1758,"Stamani, al primo svegliarmi, guardavo il mio corpo arso dal sole.",今朝早く起きて見ると、僕の體が日に焦がされて了つて居る。,mi,MISSING,Giorgio,MISSING,PRON-REFLEX,MISSING,obj,MISSING,leftover_source,
1327,one-to-many,dn_1443,isk_1759 isk_1760,"Da tutto il busto mi cadeva l'epidermide, ma specialmente di su la spalla, nel luogo dove tu posavi la testa.",胸の肌が一面にぼろ〳になつて居る。 殊に君の頭を置くに慣れた肩の上邊りが太甚しい。,mi,MISSING,Giorgio,MISSING,PRON,MISSING,obj,MISSING,leftover_source,
1327,one-to-many,dn_1443,isk_1759 isk_1760,"Da tutto il busto mi cadeva l'epidermide, ma specialmente di su la spalla, nel luogo dove tu posavi la testa.",胸の肌が一面にぼろ〳になつて居る。 殊に君の頭を置くに慣れた肩の上邊りが太甚しい。,tu,君,Ippolita,Ippolita,PRON,PRON,nsubj,nmod,explicit_ref_pos,
1328,one-to-one,dn_1444,isk_1761,"Con le dita strappavo piano piano i brani della pelle, e pensavo che forse in quei brani omai morti era ancóra il segno della tua guancia e della tua bocca.",指で其の皮膚を〳そろ毟つて行くに附けて、斯ういふ痴の上に君の頰や口の痕が殘つて居るといふ事が思はれる。,strappavo,そろ毟つて行く,Giorgio,Giorgio,NULL,NULL,nsubj,nsubj,zero_zero_semantic,0.36576364994004124
1328,one-to-one,dn_1444,isk_1761,"Con le dita strappavo piano piano i brani della pelle, e pensavo che forse in quei brani omai morti era ancóra il segno della tua guancia e della tua bocca.",指で其の皮膚を〳そろ毟つて行くに附けて、斯ういふ痴の上に君の頰や口の痕が殘つて居るといふ事が思はれる。,pensavo,MISSING,Giorgio,MISSING,NULL,MISSING,nsubj,MISSING,leftover_source,
1328,one-to-one,dn_1444,isk_1761,"Con le dita strappavo piano piano i brani della pelle, e pensavo che forse in quei brani omai morti era ancóra il segno della tua guancia e della tua bocca.",指で其の皮膚を〳そろ毟つて行くに附けて、斯ういふ痴の上に君の頰や口の痕が殘つて居るといふ事が思はれる。,tua,君,Ippolita,Ippolita,DET,PRON,nmod,nmod,explicit_ref_case,
1328,one-to-one,dn_1444,isk_1761,"Con le dita strappavo piano piano i brani della pelle, e pensavo che forse in quei brani omai morti era ancóra il segno della tua guancia e della tua bocca.",指で其の皮膚を〳そろ毟つて行くに附けて、斯ういふ痴の上に君の頰や口の痕が殘つて居るといふ事が思はれる。,tua,MISSING,Ippolita,MISSING,DET,MISSING,nmod,MISSING,leftover_source,
1329,one-to-one,dn_1445,isk_1762,"Ho perduta la prima spoglia, come un serpente.",皮一重蛻いて了つたところは丁度蛇のやうだ。,Ho perduta,蛻いて了つた,Giorgio,Giorgio,NULL,NULL,nsubj,nsubj,zero_zero_single,
1331,one-to-one,dn_1448,isk_1764,Ti scrivo ancóra dal letto.,尙だ牀の上で書いて居る。,scrivo,書いて居る,Giorgio,Giorgio,NULL,NULL,nsubj,nsubj,zero_zero_single,
1331,one-to-one,dn_1448,isk_1764,Ti scrivo ancóra dal letto.,尙だ牀の上で書いて居る。,Ti,MISSING,Ippolita,MISSING,PRON,MISSING,obj,MISSING,leftover_source,
1332,one-to-one,dn_1449,isk_1765,"La febbre m'è passata, lasciandomi una nevralgia su l'occhio sinistro, acutissima.",熱は去つたが、左の眼の上に神經痛が殘つて居て痛い。,m,MISSING,Giorgio,MISSING,PRON,MISSING,obj,MISSING,leftover_source,
1332,one-to-one,dn_1449,isk_1765,"La febbre m'è passata, lasciandomi una nevralgia su l'occhio sinistro, acutissima.",熱は去つたが、左の眼の上に神經痛が殘つて居て痛い。,mi,MISSING,Giorgio,MISSING,PRON,MISSING,obj,MISSING,leftover_source,
1333,one-to-one,dn_1450,isk_1766,Mi sento anche molto debole perché da tre giorni non prendo cibo.,三日間物を喰はないから、なか〳元氣が回復しない。,sento,喰はない,Giorgio,Giorgio,NULL,NULL,nsubj,nsubj,zero_zero_semantic,0.34463347708567593
1333,one-to-one,dn_1450,isk_1766,Mi sento anche molto debole perché da tre giorni non prendo cibo.,三日間物を喰はないから、なか〳元氣が回復しない。,Mi,MISSING,Giorgio,MISSING,PRON-REFLEX,MISSING,obj,MISSING,leftover_source,
1333,one-to-one,dn_1450,isk_1766,Mi sento anche molto debole perché da tre giorni non prendo cibo.,三日間物を喰はないから、なか〳元氣が回復しない。,non prendo,MISSING,Giorgio,MISSING,NULL,MISSING,nsubj,MISSING,leftover_source,
1334,one-to-one,dn_1451,isk_1767,"Ripenso tante tante cose, affondato nel letto, con il capo dolente.",牀に潛り込んて病める頭を抱へて、種々な物思ひに沈んで居る。,Ripenso,潛り込んて,Giorgio,Giorgio,NULL,NULL,nsubj,nsubj,zero_zero_semantic,0.3030613614567395
1334,one-to-one,dn_1451,isk_1767,"Ripenso tante tante cose, affondato nel letto, con il capo dolente.",牀に潛り込んて病める頭を抱へて、種々な物思ひに沈んで居る。,MISSING,抱へて,MISSING,Giorgio,MISSING,NULL,MISSING,nsubj,leftover_target,
1334,one-to-one,dn_1451,isk_1767,"Ripenso tante tante cose, affondato nel letto, con il capo dolente.",牀に潛り込んて病める頭を抱へて、種々な物思ひに沈んで居る。,MISSING,沈んで居る,MISSING,Giorgio,MISSING,NULL,MISSING,nsubj,leftover_target,
1335,one-to-many,dn_1452,isk_1768 isk_1769,"Qualche volta, d'un tratto, senza ragione, mi sento mordere dal dubbio; e devo far grandi sforzi per cacciare i pensieri cattivi.",偶と譯もなく疑惑に喰入られるやうな事もある。 非常な努力を須ひなければ、此の不祥な考想は退かない。,sento,喰入られる,Giorgio,Giorgio,NULL,NULL,nsubj,nsubj,zero_zero_semantic,0.26912099977796394
1335,one-to-many,dn_1452,isk_1768 isk_1769,"Qualche volta, d'un tratto, senza ragione, mi sento mordere dal dubbio; e devo far grandi sforzi per cacciare i pensieri cattivi.",偶と譯もなく疑惑に喰入られるやうな事もある。 非常な努力を須ひなければ、此の不祥な考想は退かない。,devo far,須ひなければ,Giorgio,Giorgio,NULL,NULL,nsubj,nsubj,zero_zero_semantic,0.5289183439499185
1335,one-to-many,dn_1452,isk_1768 isk_1769,"Qualche volta, d'un tratto, senza ragione, mi sento mordere dal dubbio; e devo far grandi sforzi per cacciare i pensieri cattivi.",偶と譯もなく疑惑に喰入られるやうな事もある。 非常な努力を須ひなければ、此の不祥な考想は退かない。,mi,MISSING,Giorgio,MISSING,PRON-REFLEX,MISSING,obj,MISSING,leftover_source,
1336,one-to-one,dn_1453,isk_1770,"Anche ieri pensai a te, tutto il giorno.",昨日も昨日で終日君の事を考へ通した。,pensai,考へ通した,Giorgio,Giorgio,NULL,NULL,nsubj,nsubj,zero_zero_single,
1336,one-to-one,dn_1453,isk_1770,"Anche ieri pensai a te, tutto il giorno.",昨日も昨日で終日君の事を考へ通した。,te,君,Ippolita,Ippolita,PRON,PRON,obj,nmod,explicit_ref_pos,
1337,one-to-one,dn_1454,isk_1771,"La mia sorella maggiore, Cristina, mi stava accanto e mi asciugava la fronte, con una infinita dolcezza.",姊のクリスチイナが、それは〳物優しく傍に居て額を拭いて呉れなどした。,Cristina,姊のクリスチイナ,Cristina,Cristina,PROPN,PROPN,nsubj,nsubj,explicit_full,
1337,one-to-one,dn_1454,isk_1771,"La mia sorella maggiore, Cristina, mi stava accanto e mi asciugava la fronte, con una infinita dolcezza.",姊のクリスチイナが、それは〳物優しく傍に居て額を拭いて呉れなどした。,asciugava,居て,Cristina,Cristina,NULL,NULL,nsubj,nsubj,zero_zero_single,
1337,one-to-one,dn_1454,isk_1771,"La mia sorella maggiore, Cristina, mi stava accanto e mi asciugava la fronte, con una infinita dolcezza.",姊のクリスチイナが、それは〳物優しく傍に居て額を拭いて呉れなどした。,La mia sorella maggiore,MISSING,Cristina,MISSING,NOUN,MISSING,nsubj,MISSING,leftover_source,
1337,one-to-one,dn_1454,isk_1771,"La mia sorella maggiore, Cristina, mi stava accanto e mi asciugava la fronte, con una infinita dolcezza.",姊のクリスチイナが、それは〳物優しく傍に居て額を拭いて呉れなどした。,mi,MISSING,Giorgio,MISSING,PRON,MISSING,obj,MISSING,leftover_source,
1337,one-to-one,dn_1454,isk_1771,"La mia sorella maggiore, Cristina, mi stava accanto e mi asciugava la fronte, con una infinita dolcezza.",姊のクリスチイナが、それは〳物優しく傍に居て額を拭いて呉れなどした。,mi,MISSING,Giorgio,MISSING,PRON,MISSING,obj,MISSING,leftover_source,
1338,one-to-many,dn_1455,isk_1772 isk_1773,Io chiudevo gli occhi e m'imaginavo che quella mano fosse la tua; e provavo un sollievo ineffabile; e mormoravo in cuor mio il tuo nome.,僕は眼を瞑ぢて、その手が君のであるやうに想像した と同時に言ふに言はれぬ慰めを感じて、胸の中で君の名を呟いた。,MISSING,その,MISSING,Cristina,MISSING,DET,MISSING,nmod,leftover_target,
1338,one-to-many,dn_1455,isk_1772 isk_1773,Io chiudevo gli occhi e m'imaginavo che quella mano fosse la tua; e provavo un sollievo ineffabile; e mormoravo in cuor mio il tuo nome.,僕は眼を瞑ぢて、その手が君のであるやうに想像した と同時に言ふに言はれぬ慰めを感じて、胸の中で君の名を呟いた。,Io,僕,Giorgio,Giorgio,PRON,PRON,nsubj,nsubj,explicit_full,
1338,one-to-many,dn_1455,isk_1772 isk_1773,Io chiudevo gli occhi e m'imaginavo che quella mano fosse la tua; e provavo un sollievo ineffabile; e mormoravo in cuor mio il tuo nome.,僕は眼を瞑ぢて、その手が君のであるやうに想像した と同時に言ふに言はれぬ慰めを感じて、胸の中で君の名を呟いた。,imaginavo,想像した,Giorgio,Giorgio,NULL,NULL,nsubj,nsubj,zero_zero_semantic,0.13059659870361712
1338,one-to-many,dn_1455,isk_1772 isk_1773,Io chiudevo gli occhi e m'imaginavo che quella mano fosse la tua; e provavo un sollievo ineffabile; e mormoravo in cuor mio il tuo nome.,僕は眼を瞑ぢて、その手が君のであるやうに想像した と同時に言ふに言はれぬ慰めを感じて、胸の中で君の名を呟いた。,provavo,呟いた,Giorgio,Giorgio,NULL,NULL,nsubj,nsubj,zero_zero_semantic,0.2189041097406988
1338,one-to-many,dn_1455,isk_1772 isk_1773,Io chiudevo gli occhi e m'imaginavo che quella mano fosse la tua; e provavo un sollievo ineffabile; e mormoravo in cuor mio il tuo nome.,僕は眼を瞑ぢて、その手が君のであるやうに想像した と同時に言ふに言はれぬ慰めを感じて、胸の中で君の名を呟いた。,m,MISSING,Giorgio,MISSING,PRON-REFLEX,MISSING,obj,MISSING,leftover_source,
1338,one-to-many,dn_1455,isk_1772 isk_1773,Io chiudevo gli occhi e m'imaginavo che quella mano fosse la tua; e provavo un sollievo ineffabile; e mormoravo in cuor mio il tuo nome.,僕は眼を瞑ぢて、その手が君のであるやうに想像した と同時に言ふに言はれぬ慰めを感じて、胸の中で君の名を呟いた。,mio,MISSING,Giorgio,MISSING,DET,MISSING,nmod,MISSING,leftover_source,
1338,one-to-many,dn_1455,isk_1772 isk_1773,Io chiudevo gli occhi e m'imaginavo che quella mano fosse la tua; e provavo un sollievo ineffabile; e mormoravo in cuor mio il tuo nome.,僕は眼を瞑ぢて、その手が君のであるやうに想像した と同時に言ふに言はれぬ慰めを感じて、胸の中で君の名を呟いた。,MISSING,感じて,MISSING,Giorgio,MISSING,NULL,MISSING,nsubj,leftover_target,
1338,one-to-many,dn_1455,isk_1772 isk_1773,Io chiudevo gli occhi e m'imaginavo che quella mano fosse la tua; e provavo un sollievo ineffabile; e mormoravo in cuor mio il tuo nome.,僕は眼を瞑ぢて、その手が君のであるやうに想像した と同時に言ふに言はれぬ慰めを感じて、胸の中で君の名を呟いた。,tua,君,Ippolita,Ippolita,DET,PRON,nmod,nmod,explicit_ref_case,
1338,one-to-many,dn_1455,isk_1772 isk_1773,Io chiudevo gli occhi e m'imaginavo che quella mano fosse la tua; e provavo un sollievo ineffabile; e mormoravo in cuor mio il tuo nome.,僕は眼を瞑ぢて、その手が君のであるやうに想像した と同時に言ふに言はれぬ慰めを感じて、胸の中で君の名を呟いた。,tuo,君,Ippolita,Ippolita,DET,PRON,nmod,nmod,explicit_ref_case,
1339,one-to-one,dn_1456,isk_1774,"Poi guardavo mia sorella, con un sorriso di riconoscenza.",で嬉しさうに笑み掛けて姊を見入つた。,mia sorella,姊,Cristina,Cristina,NOUN,NOUN,obj,obj,explicit_full,
1339,one-to-one,dn_1456,isk_1774,"Poi guardavo mia sorella, con un sorriso di riconoscenza.",で嬉しさうに笑み掛けて姊を見入つた。,guardavo,見入つた,Giorgio,Giorgio,NULL,NULL,nsubj,nsubj,zero_zero_semantic,0.28956838496770076
1339,one-to-one,dn_1456,isk_1774,"Poi guardavo mia sorella, con un sorriso di riconoscenza.",で嬉しさうに笑み掛けて姊を見入つた。,MISSING,笑み掛けて,MISSING,Giorgio,MISSING,NULL,MISSING,nsubj,leftover_target,
1340,one-to-one,dn_1457,isk_1775,E quel momentaneo scambio imaginario della sua e della tua carezza mi pareva assai puro e casto e spirituale.,そして此の際の僕の想像裡に起つた、君と姉との愛情の交錯ほど、純潔に、又靈的に思はれた事はなかつた,sua,姉,Cristina,Cristina,DET,NOUN,nmod,nmod,explicit_ref_case,
1340,one-to-one,dn_1457,isk_1775,E quel momentaneo scambio imaginario della sua e della tua carezza mi pareva assai puro e casto e spirituale.,そして此の際の僕の想像裡に起つた、君と姉との愛情の交錯ほど、純潔に、又靈的に思はれた事はなかつた,mi,僕,Giorgio,Giorgio,PRON,PRON,obj,nmod,explicit_ref_pos,
1340,one-to-one,dn_1457,isk_1775,E quel momentaneo scambio imaginario della sua e della tua carezza mi pareva assai puro e casto e spirituale.,そして此の際の僕の想像裡に起つた、君と姉との愛情の交錯ほど、純潔に、又靈的に思はれた事はなかつた,tua,君,Ippolita,Ippolita,DET,PRON,nmod,nmod,explicit_ref_case,
1341,one-to-one,dn_1458,isk_1776,"Non so esprimerti con le parole la delicatezza, la squisitezza, la estrema idealità di quel sentimento.",然うした感情の繊美と微妙と醇粹とは、迚も言葉で言現すことは出來ない。,Non so esprimer,言現すことは出來ない,Giorgio,Giorgio,NULL,NULL,nsubj,nsubj,zero_zero_single,
1341,one-to-one,dn_1458,isk_1776,"Non so esprimerti con le parole la delicatezza, la squisitezza, la estrema idealità di quel sentimento.",然うした感情の繊美と微妙と醇粹とは、迚も言葉で言現すことは出來ない。,ti,MISSING,Ippolita,MISSING,PRON,MISSING,obj,MISSING,leftover_source,
1342,one-to-one,dn_1459,isk_1777,Ma tu comprendi.,併し君には理解出來るだらう。,tu,君,Ippolita,Ippolita,PRON,PRON,nsubj,obj,explicit_ref_pos,
1344,one-to-one,dn_1462,isk_1779,"Sono triste, ancóra, sempre.",悲哀は永久に續く。,Sono,MISSING,Giorgio,MISSING,NULL,MISSING,nsubj,MISSING,leftover_source,
1345,one-to-one,dn_1463,isk_1780,Ho i sensi così acuiti che odo cadere a una a una sul tavolo le foglie di alcune rose—ultime—donatemi da mia sorella.,姊から貰つた最後の薔徹の葉が、一片一片卓子の上に落ちるのを聽くやうな可厭な感じがする。,sorella,姊,Cristina,Cristina,NOUN,NOUN,obj,obj,explicit_full,
1345,one-to-one,dn_1463,isk_1780,Ho i sensi così acuiti che odo cadere a una a una sul tavolo le foglie di alcune rose—ultime—donatemi da mia sorella.,姊から貰つた最後の薔徹の葉が、一片一片卓子の上に落ちるのを聽くやうな可厭な感じがする。,Ho,感じがする,Giorgio,Giorgio,NULL,NULL,nsubj,nsubj,zero_zero_semantic,0.3238841750940611
1345,one-to-one,dn_1463,isk_1780,Ho i sensi così acuiti che odo cadere a una a una sul tavolo le foglie di alcune rose—ultime—donatemi da mia sorella.,姊から貰つた最後の薔徹の葉が、一片一片卓子の上に落ちるのを聽くやうな可厭な感じがする。,odo,聽く,Giorgio,Giorgio,NULL,NULL,nsubj,nsubj,zero_zero_semantic,0.29742213617177254
1345,one-to-one,dn_1463,isk_1780,Ho i sensi così acuiti che odo cadere a una a una sul tavolo le foglie di alcune rose—ultime—donatemi da mia sorella.,姊から貰つた最後の薔徹の葉が、一片一片卓子の上に落ちるのを聽くやうな可厭な感じがする。,mi,MISSING,Giorgio,MISSING,PRON,MISSING,obj,MISSING,leftover_source,
1345,one-to-one,dn_1463,isk_1780,Ho i sensi così acuiti che odo cadere a una a una sul tavolo le foglie di alcune rose—ultime—donatemi da mia sorella.,姊から貰つた最後の薔徹の葉が、一片一片卓子の上に落ちるのを聽くやうな可厭な感じがする。,mia,MISSING,Giorgio,MISSING,DET,MISSING,nmod,MISSING,leftover_source,
1345,one-to-one,dn_1463,isk_1780,Ho i sensi così acuiti che odo cadere a una a una sul tavolo le foglie di alcune rose—ultime—donatemi da mia sorella.,姊から貰つた最後の薔徹の葉が、一片一片卓子の上に落ちるのを聽くやうな可厭な感じがする。,MISSING,貰つた,MISSING,Giorgio,MISSING,NULL,MISSING,nsubj,leftover_target,
1346,one-to-one,dn_1464,isk_1781,Cadono—soavi come pensieri del tuo capo.,それが落散る有樣は、君の腦中の物思ひのやうに美しい。,tuo,君,Ippolita,Ippolita,DET,PRON,nmod,nmod,explicit_ref_case,
1347,one-to-one,dn_1465,isk_1782,E per le finestre spalancate giungono le risa delle donne e i gridi dei fanciulli che si bagnano nel mare.,開いた窓から海水浴の女や子供のさゞめきが聞えて來る。,fanciulli,子供,boys,boys,NOUN,NOUN,nmod,nmod,explicit_full,
1347,one-to-one,dn_1465,isk_1782,E per le finestre spalancate giungono le risa delle donne e i gridi dei fanciulli che si bagnano nel mare.,開いた窓から海水浴の女や子供のさゞめきが聞えて來る。,donne,女,women,women,NOUN,NOUN,nmod,nmod,explicit_full,
1347,one-to-one,dn_1465,isk_1782,E per le finestre spalancate giungono le risa delle donne e i gridi dei fanciulli che si bagnano nel mare.,開いた窓から海水浴の女や子供のさゞめきが聞えて來る。,si,MISSING,women boys,MISSING,PRON-REFLEX,MISSING,obj,MISSING,leftover_source,
1349,one-to-one,dn_1467,isk_1785,Come ti sei allontanata da me!,隨分遠くまで離れて行つたものだ。,me,MISSING,Giorgio,MISSING,PRON,MISSING,obj,MISSING,leftover_source,
1349,one-to-one,dn_1467,isk_1785,Come ti sei allontanata da me!,隨分遠くまで離れて行つたものだ。,sei allontanata,離れて行つた,Ippolita,Ippolita,NULL,NULL,nsubj,nsubj,zero_zero_single,
1349,one-to-one,dn_1467,isk_1785,Come ti sei allontanata da me!,隨分遠くまで離れて行つたものだ。,ti,MISSING,Ippolita,MISSING,PRON-REFLEX,MISSING,obj,MISSING,leftover_source,
1350,one-to-one,dn_1468,isk_1786,"Non è soltanto il sentimento della lontananza materiale, che mi tortura.",僕の苦められるのは唯單に肉體が引分けられたといふのみでない。,mi,僕,Giorgio,Giorgio,PRON,PRON,obj,obj,explicit_full,
1351,one-to-one,dn_1469,isk_1787,Mi pare che anche l'anima tua si distacchi da me e mi abbandoni....,何となく君の精神までが僕を後に見棄てて了つたやうな氣がする。…,Mi,僕,Giorgio,Giorgio,PRON,PRON,obj,obj,explicit_full,
1351,one-to-one,dn_1469,isk_1787,Mi pare che anche l'anima tua si distacchi da me e mi abbandoni....,何となく君の精神までが僕を後に見棄てて了つたやうな氣がする。…,me,MISSING,Giorgio,MISSING,PRON,MISSING,obj,MISSING,leftover_source,
1351,one-to-one,dn_1469,isk_1787,Mi pare che anche l'anima tua si distacchi da me e mi abbandoni....,何となく君の精神までが僕を後に見棄てて了つたやうな氣がする。…,mi,MISSING,Giorgio,MISSING,PRON,MISSING,obj,MISSING,leftover_source,
1351,one-to-one,dn_1469,isk_1787,Mi pare che anche l'anima tua si distacchi da me e mi abbandoni....,何となく君の精神までが僕を後に見棄てて了つたやうな氣がする。…,tua,君,Ippolita,Ippolita,DET,PRON,nmod,nmod,explicit_ref_case,
1352,one-to-one,dn_1470,isk_1788,—Il tuo profumo fa felici gli altri.,君の芳香は他人を愉快ならしめる。,tuo,君,Ippolita,Ippolita,DET,PRON,nmod,nmod,explicit_ref_case,
1353,one-to-one,dn_1471,isk_1789,"Chi ti guarda, chi ti ode, gioisce di te....",君を眺めたり、君の聲を聽くのは、皆君を味ふ意味ではないか。…,ti,君,Ippolita,Ippolita,PRON,PRON,obj,obj,explicit_full,
1353,one-to-one,dn_1471,isk_1789,"Chi ti guarda, chi ti ode, gioisce di te....",君を眺めたり、君の聲を聽くのは、皆君を味ふ意味ではないか。…,ti,君,Ippolita,Ippolita,PRON,PRON,obj,obj,explicit_full,
1353,one-to-one,dn_1471,isk_1789,"Chi ti guarda, chi ti ode, gioisce di te....",君を眺めたり、君の聲を聽くのは、皆君を味ふ意味ではないか。…,te,君,Ippolita,Ippolita,PRON,PRON,obj,nmod,explicit_ref_pos,
1354,one-to-many,dn_1472,isk_1790 isk_1791 isk_1792 isk_1793 isk_1794 isk_1795,"—Scrivimi e dimmi che sei tutta mia in ogni tuo atto e in ogni tuo pensiero, e che mi desideri e che mi rimpiangi, e che non trovi bello nessun momento, lontana da me.",手紙を與れ。 是非聽きたい。 ―すべての動作、すべての思想について、君は全く僕の所有か。 僕を熱求して居るか。 僕を惜んで居るか。 一人で居てはライフの何處にも美が見出せないか。,mi,僕,Giorgio,Giorgio,PRON,PRON,obj,obj,explicit_full,
1354,one-to-many,dn_1472,isk_1790 isk_1791 isk_1792 isk_1793 isk_1794 isk_1795,"—Scrivimi e dimmi che sei tutta mia in ogni tuo atto e in ogni tuo pensiero, e che mi desideri e che mi rimpiangi, e che non trovi bello nessun momento, lontana da me.",手紙を與れ。 是非聽きたい。 ―すべての動作、すべての思想について、君は全く僕の所有か。 僕を熱求して居るか。 僕を惜んで居るか。 一人で居てはライフの何處にも美が見出せないか。,mi,僕,Giorgio,Giorgio,PRON,PRON,obj,obj,explicit_full,
1354,one-to-many,dn_1472,isk_1790 isk_1791 isk_1792 isk_1793 isk_1794 isk_1795,"—Scrivimi e dimmi che sei tutta mia in ogni tuo atto e in ogni tuo pensiero, e che mi desideri e che mi rimpiangi, e che non trovi bello nessun momento, lontana da me.",手紙を與れ。 是非聽きたい。 ―すべての動作、すべての思想について、君は全く僕の所有か。 僕を熱求して居るか。 僕を惜んで居るか。 一人で居てはライフの何處にも美が見出せないか。,mia,僕,Giorgio,Giorgio,DET,PRON,nmod,nmod,explicit_ref_case,
1354,one-to-many,dn_1472,isk_1790 isk_1791 isk_1792 isk_1793 isk_1794 isk_1795,"—Scrivimi e dimmi che sei tutta mia in ogni tuo atto e in ogni tuo pensiero, e che mi desideri e che mi rimpiangi, e che non trovi bello nessun momento, lontana da me.",手紙を與れ。 是非聽きたい。 ―すべての動作、すべての思想について、君は全く僕の所有か。 僕を熱求して居るか。 僕を惜んで居るか。 一人で居てはライフの何處にも美が見出せないか。,mi,MISSING,Giorgio,MISSING,PRON,MISSING,obj,MISSING,leftover_source,
1354,one-to-many,dn_1472,isk_1790 isk_1791 isk_1792 isk_1793 isk_1794 isk_1795,"—Scrivimi e dimmi che sei tutta mia in ogni tuo atto e in ogni tuo pensiero, e che mi desideri e che mi rimpiangi, e che non trovi bello nessun momento, lontana da me.",手紙を與れ。 是非聽きたい。 ―すべての動作、すべての思想について、君は全く僕の所有か。 僕を熱求して居るか。 僕を惜んで居るか。 一人で居てはライフの何處にも美が見出せないか。,mi,MISSING,Giorgio,MISSING,PRON,MISSING,obj,MISSING,leftover_source,
1354,one-to-many,dn_1472,isk_1790 isk_1791 isk_1792 isk_1793 isk_1794 isk_1795,"—Scrivimi e dimmi che sei tutta mia in ogni tuo atto e in ogni tuo pensiero, e che mi desideri e che mi rimpiangi, e che non trovi bello nessun momento, lontana da me.",手紙を與れ。 是非聽きたい。 ―すべての動作、すべての思想について、君は全く僕の所有か。 僕を熱求して居るか。 僕を惜んで居るか。 一人で居てはライフの何處にも美が見出せないか。,me,MISSING,Giorgio,MISSING,PRON,MISSING,obj,MISSING,leftover_source,
1354,one-to-many,dn_1472,isk_1790 isk_1791 isk_1792 isk_1793 isk_1794 isk_1795,"—Scrivimi e dimmi che sei tutta mia in ogni tuo atto e in ogni tuo pensiero, e che mi desideri e che mi rimpiangi, e che non trovi bello nessun momento, lontana da me.",手紙を與れ。 是非聽きたい。 ―すべての動作、すべての思想について、君は全く僕の所有か。 僕を熱求して居るか。 僕を惜んで居るか。 一人で居てはライフの何處にも美が見出せないか。,MISSING,聽きたい,MISSING,Giorgio,MISSING,NULL,MISSING,nsubj,leftover_target,
1354,one-to-many,dn_1472,isk_1790 isk_1791 isk_1792 isk_1793 isk_1794 isk_1795,"—Scrivimi e dimmi che sei tutta mia in ogni tuo atto e in ogni tuo pensiero, e che mi desideri e che mi rimpiangi, e che non trovi bello nessun momento, lontana da me.",手紙を與れ。 是非聽きたい。 ―すべての動作、すべての思想について、君は全く僕の所有か。 僕を熱求して居るか。 僕を惜んで居るか。 一人で居てはライフの何處にも美が見出せないか。,tuo,君,Ippolita,Ippolita,DET,PRON,nmod,nsubj,explicit_ref_only,
1354,one-to-many,dn_1472,isk_1790 isk_1791 isk_1792 isk_1793 isk_1794 isk_1795,"—Scrivimi e dimmi che sei tutta mia in ogni tuo atto e in ogni tuo pensiero, e che mi desideri e che mi rimpiangi, e che non trovi bello nessun momento, lontana da me.",手紙を與れ。 是非聽きたい。 ―すべての動作、すべての思想について、君は全く僕の所有か。 僕を熱求して居るか。 僕を惜んで居るか。 一人で居てはライフの何處にも美が見出せないか。,Scrivi,與れ,Ippolita,Ippolita,NULL,NULL,nsubj,nsubj,zero_zero_semantic,0.21455755766076445
1354,one-to-many,dn_1472,isk_1790 isk_1791 isk_1792 isk_1793 isk_1794 isk_1795,"—Scrivimi e dimmi che sei tutta mia in ogni tuo atto e in ogni tuo pensiero, e che mi desideri e che mi rimpiangi, e che non trovi bello nessun momento, lontana da me.",手紙を與れ。 是非聽きたい。 ―すべての動作、すべての思想について、君は全く僕の所有か。 僕を熱求して居るか。 僕を惜んで居るか。 一人で居てはライフの何處にも美が見出せないか。,dim,惜んで居る,Ippolita,Ippolita,NULL,NULL,nsubj,nsubj,zero_zero_semantic,0.21126623219078275
1354,one-to-many,dn_1472,isk_1790 isk_1791 isk_1792 isk_1793 isk_1794 isk_1795,"—Scrivimi e dimmi che sei tutta mia in ogni tuo atto e in ogni tuo pensiero, e che mi desideri e che mi rimpiangi, e che non trovi bello nessun momento, lontana da me.",手紙を與れ。 是非聽きたい。 ―すべての動作、すべての思想について、君は全く僕の所有か。 僕を熱求して居るか。 僕を惜んで居るか。 一人で居てはライフの何處にも美が見出せないか。,desideri,熱求して居る,Ippolita,Ippolita,NULL,NULL,nsubj,nsubj,zero_zero_semantic,0.19182379242528835
1354,one-to-many,dn_1472,isk_1790 isk_1791 isk_1792 isk_1793 isk_1794 isk_1795,"—Scrivimi e dimmi che sei tutta mia in ogni tuo atto e in ogni tuo pensiero, e che mi desideri e che mi rimpiangi, e che non trovi bello nessun momento, lontana da me.",手紙を與れ。 是非聽きたい。 ―すべての動作、すべての思想について、君は全く僕の所有か。 僕を熱求して居るか。 僕を惜んで居るか。 一人で居てはライフの何處にも美が見出せないか。,rimpiangi,居て,Ippolita,Ippolita,NULL,NULL,nsubj,nsubj,zero_zero_semantic,0.3117923151785606
1354,one-to-many,dn_1472,isk_1790 isk_1791 isk_1792 isk_1793 isk_1794 isk_1795,"—Scrivimi e dimmi che sei tutta mia in ogni tuo atto e in ogni tuo pensiero, e che mi desideri e che mi rimpiangi, e che non trovi bello nessun momento, lontana da me.",手紙を與れ。 是非聽きたい。 ―すべての動作、すべての思想について、君は全く僕の所有か。 僕を熱求して居るか。 僕を惜んで居るか。 一人で居てはライフの何處にも美が見出せないか。,non trovi,見出せない,Ippolita,Ippolita,NULL,NULL,nsubj,nsubj,zero_zero_semantic,0.4766963105239792
1354,one-to-many,dn_1472,isk_1790 isk_1791 isk_1792 isk_1793 isk_1794 isk_1795,"—Scrivimi e dimmi che sei tutta mia in ogni tuo atto e in ogni tuo pensiero, e che mi desideri e che mi rimpiangi, e che non trovi bello nessun momento, lontana da me.",手紙を與れ。 是非聽きたい。 ―すべての動作、すべての思想について、君は全く僕の所有か。 僕を熱求して居るか。 僕を惜んで居るか。 一人で居てはライフの何處にも美が見出せないか。,sei,MISSING,Ippolita,MISSING,NULL,MISSING,nsubj,MISSING,leftover_source,
1354,one-to-many,dn_1472,isk_1790 isk_1791 isk_1792 isk_1793 isk_1794 isk_1795,"—Scrivimi e dimmi che sei tutta mia in ogni tuo atto e in ogni tuo pensiero, e che mi desideri e che mi rimpiangi, e che non trovi bello nessun momento, lontana da me.",手紙を與れ。 是非聽きたい。 ―すべての動作、すべての思想について、君は全く僕の所有か。 僕を熱求して居るか。 僕を惜んで居るか。 一人で居てはライフの何處にも美が見出せないか。,tuo,MISSING,Ippolita,MISSING,DET,MISSING,nmod,MISSING,leftover_source,
1356,one-to-one,dn_1474,isk_1797,"Io penso, penso, penso, acutamente; e l'acutezza del pensiero mi dà uno spasimo inumano.",考へて考へて、その考に針を打たれて居る。,penso,考へて,Giorgio,Giorgio,NULL,NULL,nsubj,nsubj,zero_zero_semantic,0.27122748304497113
1356,one-to-one,dn_1474,isk_1797,"Io penso, penso, penso, acutamente; e l'acutezza del pensiero mi dà uno spasimo inumano.",考へて考へて、その考に針を打たれて居る。,penso,考へて,Giorgio,Giorgio,NULL,NULL,nsubj,nsubj,zero_zero_semantic,0.6057721084491773
1356,one-to-one,dn_1474,isk_1797,"Io penso, penso, penso, acutamente; e l'acutezza del pensiero mi dà uno spasimo inumano.",考へて考へて、その考に針を打たれて居る。,Io,打たれて居る,Giorgio,Giorgio,PRON,NULL,nsubj,nsubj,zero_to_src_anchor,
1356,one-to-one,dn_1474,isk_1797,"Io penso, penso, penso, acutamente; e l'acutezza del pensiero mi dà uno spasimo inumano.",考へて考へて、その考に針を打たれて居る。,mi,MISSING,Giorgio,MISSING,PRON,MISSING,obj,MISSING,leftover_source,
1357,one-to-many,dn_1475,isk_1798 isk_1799 isk_1800,"Provo, talvolta, una smania furibonda di strapparmi dalle tempie dolenti questa cosa impalpabile che pure è più forte e più inflessibile di un aculeo.",此の針から可忌な苦情が出て來る。 時々此の手で觸れない針を、疼はく顳顬から拔取らうとして、狂氣のやうになることがある。 けれどもそれは鑓よりも强くて硬い。,Provo,狂氣のやうになる,Giorgio,Giorgio,NULL,NULL,nsubj,nsubj,zero_zero_single,
1357,one-to-many,dn_1475,isk_1798 isk_1799 isk_1800,"Provo, talvolta, una smania furibonda di strapparmi dalle tempie dolenti questa cosa impalpabile che pure è più forte e più inflessibile di un aculeo.",此の針から可忌な苦情が出て來る。 時々此の手で觸れない針を、疼はく顳顬から拔取らうとして、狂氣のやうになることがある。 けれどもそれは鑓よりも强くて硬い。,mi,MISSING,Giorgio,MISSING,PRON-REFLEX,MISSING,obj,MISSING,leftover_source,
1357,one-to-many,dn_1475,isk_1798 isk_1799 isk_1800,"Provo, talvolta, una smania furibonda di strapparmi dalle tempie dolenti questa cosa impalpabile che pure è più forte e più inflessibile di un aculeo.",此の針から可忌な苦情が出て來る。 時々此の手で觸れない針を、疼はく顳顬から拔取らうとして、狂氣のやうになることがある。 けれどもそれは鑓よりも强くて硬い。,MISSING,此の,MISSING,Giorgio,MISSING,DET,MISSING,nmod,leftover_target,
1358,one-to-many,dn_1476,isk_1801 isk_1802 isk_1803,"Il respiro m'è una fatica insopportabile, e il bàttito delle vene m'è fastidioso come il rimbombo d'un martello ch'io sia condannato ad ascoltare....",呼吸するにも堪へ難い疲勞を感ずる。 血管の疼痛は鐵鎚で敲くやうな音を立てて全身を廻る。 多分僕は此の音を聽くやうに運命づけられたのかも知れない。…,io,僕,Giorgio,Giorgio,PRON,PRON,nsubj,nsubj,explicit_full,
1358,one-to-many,dn_1476,isk_1801 isk_1802 isk_1803,"Il respiro m'è una fatica insopportabile, e il bàttito delle vene m'è fastidioso come il rimbombo d'un martello ch'io sia condannato ad ascoltare....",呼吸するにも堪へ難い疲勞を感ずる。 血管の疼痛は鐵鎚で敲くやうな音を立てて全身を廻る。 多分僕は此の音を聽くやうに運命づけられたのかも知れない。…,m,MISSING,Giorgio,MISSING,PRON,MISSING,obj,MISSING,leftover_source,
1358,one-to-many,dn_1476,isk_1801 isk_1802 isk_1803,"Il respiro m'è una fatica insopportabile, e il bàttito delle vene m'è fastidioso come il rimbombo d'un martello ch'io sia condannato ad ascoltare....",呼吸するにも堪へ難い疲勞を感ずる。 血管の疼痛は鐵鎚で敲くやうな音を立てて全身を廻る。 多分僕は此の音を聽くやうに運命づけられたのかも知れない。…,m,MISSING,Giorgio,MISSING,PRON,MISSING,obj,MISSING,leftover_source,
1358,one-to-many,dn_1476,isk_1801 isk_1802 isk_1803,"Il respiro m'è una fatica insopportabile, e il bàttito delle vene m'è fastidioso come il rimbombo d'un martello ch'io sia condannato ad ascoltare....",呼吸するにも堪へ難い疲勞を感ずる。 血管の疼痛は鐵鎚で敲くやうな音を立てて全身を廻る。 多分僕は此の音を聽くやうに運命づけられたのかも知れない。…,MISSING,呼吸する,MISSING,Giorgio,MISSING,NULL,MISSING,nsubj,leftover_target,
1358,one-to-many,dn_1476,isk_1801 isk_1802 isk_1803,"Il respiro m'è una fatica insopportabile, e il bàttito delle vene m'è fastidioso come il rimbombo d'un martello ch'io sia condannato ad ascoltare....",呼吸するにも堪へ難い疲勞を感ずる。 血管の疼痛は鐵鎚で敲くやうな音を立てて全身を廻る。 多分僕は此の音を聽くやうに運命づけられたのかも知れない。…,MISSING,感ずる,MISSING,Giorgio,MISSING,NULL,MISSING,nsubj,leftover_target,
1358,one-to-many,dn_1476,isk_1801 isk_1802 isk_1803,"Il respiro m'è una fatica insopportabile, e il bàttito delle vene m'è fastidioso come il rimbombo d'un martello ch'io sia condannato ad ascoltare....",呼吸するにも堪へ難い疲勞を感ずる。 血管の疼痛は鐵鎚で敲くやうな音を立てて全身を廻る。 多分僕は此の音を聽くやうに運命づけられたのかも知れない。…,MISSING,知れない,MISSING,Giorgio,MISSING,NULL,MISSING,nsubj,leftover_target,
1361,one-to-many,dn_1479,isk_1806 isk_1807,"È una sorta di prodigiosa infermità che fiorisce soltanto nel mio essere, facendo la mia gioia e la mia pena.",これは僕の身に限つて根を張る一種の奇怪な病だ。 僕は之に歡喜し、之に殉難する。,mio,僕,Giorgio,Giorgio,DET,PRON,nmod,nmod,explicit_ref_case,
1361,one-to-many,dn_1479,isk_1806 isk_1807,"È una sorta di prodigiosa infermità che fiorisce soltanto nel mio essere, facendo la mia gioia e la mia pena.",これは僕の身に限つて根を張る一種の奇怪な病だ。 僕は之に歡喜し、之に殉難する。,mia,僕,Giorgio,Giorgio,DET,PRON,nmod,nsubj,explicit_ref_only,
1361,one-to-many,dn_1479,isk_1806 isk_1807,"È una sorta di prodigiosa infermità che fiorisce soltanto nel mio essere, facendo la mia gioia e la mia pena.",これは僕の身に限つて根を張る一種の奇怪な病だ。 僕は之に歡喜し、之に殉難する。,mia,MISSING,Giorgio,MISSING,DET,MISSING,nmod,MISSING,leftover_source,
1362,one-to-one,dn_1480,isk_1808,Mi piace di credere che sia questo un sentimento non mai provato da alcun'altra creatura umana.,斯うした感覺は、他の一切の人の經驗しないことだと思つて喜んでゐる。,Mi,MISSING,Giorgio,MISSING,PRON,MISSING,obj,MISSING,leftover_source,
1362,one-to-one,dn_1480,isk_1808,Mi piace di credere che sia questo un sentimento non mai provato da alcun'altra creatura umana.,斯うした感覺は、他の一切の人の經驗しないことだと思つて喜んでゐる。,MISSING,思つて,MISSING,Giorgio,MISSING,NULL,MISSING,nsubj,leftover_target,
1362,one-to-one,dn_1480,isk_1808,Mi piace di credere che sia questo un sentimento non mai provato da alcun'altra creatura umana.,斯うした感覺は、他の一切の人の經驗しないことだと思つて喜んでゐる。,MISSING,喜んでゐる,MISSING,Giorgio,MISSING,NULL,MISSING,nsubj,leftover_target,
1364,one-to-one,dn_1482,isk_1810,Io non avrò mai mai mai la pace intera e l'intera sicurtà.,決して決して、完全な平和と完全な安易とは、僕に來る時はあるまい。,Io,僕,Giorgio,Giorgio,PRON,PRON,nsubj,obj,explicit_ref_pos,
1365,one-to-one,dn_1483,isk_1811,Io non potrei esser pago se non a un sol patto:,唯斯ういふ境遇に滿足して居られれば可いのだ―君の全心身を吸收し盡すといふこと。,Io,滿足して居られれば,Giorgio,Giorgio,PRON,NULL,nsubj,nsubj,zero_to_src_anchor,
1365,one-to-one,dn_1483,isk_1811,Io non potrei esser pago se non a un sol patto:,唯斯ういふ境遇に滿足して居られれば可いのだ―君の全心身を吸收し盡すといふこと。,MISSING,吸收し盡す,MISSING,Giorgio,MISSING,NULL,MISSING,nsubj,leftover_target,
1365,one-to-one,dn_1483,isk_1811,Io non potrei esser pago se non a un sol patto:,唯斯ういふ境遇に滿足して居られれば可いのだ―君の全心身を吸收し盡すといふこと。,MISSING,君,MISSING,Ippolita,MISSING,PRON,MISSING,nmod,leftover_target,
1366,one-to-many,dn_1484,isk_1812 isk_1813 isk_1814,"—assorbendo tutto tutto il tuo essere e divenendo con te un essere unico, vivendo della tua vita, pensando i tuoi pensieri.",言換へれば、君と僕が同一體に外ならぬといふこと。 僕のライフは君のライフ。 僕の思想が君の思想といふこと。,MISSING,僕,MISSING,Giorgio,MISSING,PRON,MISSING,nsubj,leftover_target,
1366,one-to-many,dn_1484,isk_1812 isk_1813 isk_1814,"—assorbendo tutto tutto il tuo essere e divenendo con te un essere unico, vivendo della tua vita, pensando i tuoi pensieri.",言換へれば、君と僕が同一體に外ならぬといふこと。 僕のライフは君のライフ。 僕の思想が君の思想といふこと。,MISSING,僕,MISSING,Giorgio,MISSING,PRON,MISSING,nmod,leftover_target,
1366,one-to-many,dn_1484,isk_1812 isk_1813 isk_1814,"—assorbendo tutto tutto il tuo essere e divenendo con te un essere unico, vivendo della tua vita, pensando i tuoi pensieri.",言換へれば、君と僕が同一體に外ならぬといふこと。 僕のライフは君のライフ。 僕の思想が君の思想といふこと。,MISSING,僕,MISSING,Giorgio,MISSING,PRON,MISSING,nmod,leftover_target,
1366,one-to-many,dn_1484,isk_1812 isk_1813 isk_1814,"—assorbendo tutto tutto il tuo essere e divenendo con te un essere unico, vivendo della tua vita, pensando i tuoi pensieri.",言換へれば、君と僕が同一體に外ならぬといふこと。 僕のライフは君のライフ。 僕の思想が君の思想といふこと。,tuo,君,Ippolita,Ippolita,DET,PRON,nmod,nmod,explicit_ref_case,
1366,one-to-many,dn_1484,isk_1812 isk_1813 isk_1814,"—assorbendo tutto tutto il tuo essere e divenendo con te un essere unico, vivendo della tua vita, pensando i tuoi pensieri.",言換へれば、君と僕が同一體に外ならぬといふこと。 僕のライフは君のライフ。 僕の思想が君の思想といふこと。,tua,君,Ippolita,Ippolita,DET,PRON,nmod,nmod,explicit_ref_case,
1366,one-to-many,dn_1484,isk_1812 isk_1813 isk_1814,"—assorbendo tutto tutto il tuo essere e divenendo con te un essere unico, vivendo della tua vita, pensando i tuoi pensieri.",言換へれば、君と僕が同一體に外ならぬといふこと。 僕のライフは君のライフ。 僕の思想が君の思想といふこと。,te,君,Ippolita,Ippolita,PRON,PRON,obj,nsubj,explicit_ref_pos,
1366,one-to-many,dn_1484,isk_1812 isk_1813 isk_1814,"—assorbendo tutto tutto il tuo essere e divenendo con te un essere unico, vivendo della tua vita, pensando i tuoi pensieri.",言換へれば、君と僕が同一體に外ならぬといふこと。 僕のライフは君のライフ。 僕の思想が君の思想といふこと。,tuoi,MISSING,Ippolita,MISSING,DET,MISSING,nmod,MISSING,leftover_source,
1367,one-to-one,dn_1485,isk_1815,Vorrei almeno che i tuoi sensi fossero chiusi a qualunque sensazione che non ti venisse da me....,でなくば、勘くる僕から源生した感覺でなければ、一切君が感受しないやうにといふことが望ましい。…,me,僕,Giorgio,Giorgio,PRON,PRON,obj,obj,explicit_full,
1367,one-to-one,dn_1485,isk_1815,Vorrei almeno che i tuoi sensi fossero chiusi a qualunque sensazione che non ti venisse da me....,でなくば、勘くる僕から源生した感覺でなければ、一切君が感受しないやうにといふことが望ましい。…,Vorrei,MISSING,Giorgio,MISSING,NULL,MISSING,nsubj,MISSING,leftover_source,
1367,one-to-one,dn_1485,isk_1815,Vorrei almeno che i tuoi sensi fossero chiusi a qualunque sensazione che non ti venisse da me....,でなくば、勘くる僕から源生した感覺でなければ、一切君が感受しないやうにといふことが望ましい。…,ti,君,Ippolita,Ippolita,PRON,PRON,obj,nsubj,explicit_ref_pos,
1367,one-to-one,dn_1485,isk_1815,Vorrei almeno che i tuoi sensi fossero chiusi a qualunque sensazione che non ti venisse da me....,でなくば、勘くる僕から源生した感覺でなければ、一切君が感受しないやうにといふことが望ましい。…,tuoi,MISSING,Ippolita,MISSING,DET,MISSING,nmod,MISSING,leftover_source,
1368,one-to-one,dn_1486,isk_1816,—Sono un povero infermo.,僕は哀むべき一個の病患者だ。,Sono,僕,Giorgio,Giorgio,NULL,PRON,nsubj,nsubj,zero_to_tgt_anchor,
1369,one-to-one,dn_1487,isk_1817,Tutta la mia giornata è una lunga agonia.,過ぎ行く日は、僕には苦痛の連鎖である。,mia,僕,Giorgio,Giorgio,DET,PRON,nmod,obj,explicit_ref_only,
1370,one-to-one,dn_1488,isk_1818,"Poche volte ho desiderata una fine, come ora la desidero e l'invoco.",その日々の終ることを滅多に願はなかつた僕が、今は熱心に祈つて居る。,ho desiderata,僕,Giorgio,Giorgio,NULL,PRON,nsubj,nsubj,zero_to_tgt_anchor,
1370,one-to-one,dn_1488,isk_1818,"Poche volte ho desiderata una fine, come ora la desidero e l'invoco.",その日々の終ることを滅多に願はなかつた僕が、今は熱心に祈つて居る。,desidero,MISSING,Giorgio,MISSING,NULL,MISSING,nsubj,MISSING,leftover_source,
1370,one-to-one,dn_1488,isk_1818,"Poche volte ho desiderata una fine, come ora la desidero e l'invoco.",その日々の終ることを滅多に願はなかつた僕が、今は熱心に祈つて居る。,invoco,MISSING,Giorgio,MISSING,NULL,MISSING,nsubj,MISSING,leftover_source,
1371,one-to-many,dn_1489,isk_1819 isk_1820,"Ecco, sta per tramontare il sole; e la notte scende nel mio spirito con mille orrori.",太陽は沈み掛けて居る。 僕の靈に落降る夜は、無數の恐怖に僕を包む。,mio,僕,Giorgio,Giorgio,PRON,PRON,nmod,nmod,explicit_full,
1371,one-to-many,dn_1489,isk_1819 isk_1820,"Ecco, sta per tramontare il sole; e la notte scende nel mio spirito con mille orrori.",太陽は沈み掛けて居る。 僕の靈に落降る夜は、無數の恐怖に僕を包む。,MISSING,僕,MISSING,Giorgio,MISSING,PRON,MISSING,obj,leftover_target,
1372,many-to-one,dn_1490 dn_1491 dn_1492,isk_1821,"L'ombra viene dagli angoli della stanza verso di me, quasi con un passo e con un fiato di persona viva, e quasi con un'attitudine ostile.... —Ho sul tavolino molte rose. Le ho còlte su gli ultimi rosai.",陰影は室の隅々から蔓延つて、生きた者の如く僕に迫つて來る。,me,僕,Giorgio,Giorgio,PRON,PRON,obj,obj,explicit_full,
1372,many-to-one,dn_1490 dn_1491 dn_1492,isk_1821,"L'ombra viene dagli angoli della stanza verso di me, quasi con un passo e con un fiato di persona viva, e quasi con un'attitudine ostile.... —Ho sul tavolino molte rose. Le ho còlte su gli ultimi rosai.",陰影は室の隅々から蔓延つて、生きた者の如く僕に迫つて來る。,Ho,MISSING,Giorgio,MISSING,NULL,MISSING,nsubj,MISSING,leftover_source,
1372,many-to-one,dn_1490 dn_1491 dn_1492,isk_1821,"L'ombra viene dagli angoli della stanza verso di me, quasi con un passo e con un fiato di persona viva, e quasi con un'attitudine ostile.... —Ho sul tavolino molte rose. Le ho còlte su gli ultimi rosai.",陰影は室の隅々から蔓延つて、生きた者の如く僕に迫つて來る。,ho còlte,MISSING,Giorgio,MISSING,NULL,MISSING,nsubj,MISSING,leftover_source,
1373,one-to-one,dn_1493,isk_1822,Hanno un colore un poco smorto e anche un odore un poco smorto; ma le amo così.,その跫音も呼吸も聞えるやうに思ふ。,amo,MISSING,Giorgio,MISSING,NULL,MISSING,nsubj,MISSING,leftover_source,
1374,one-to-one,dn_1494,isk_1823,Mi sembrano nate in un cimitero dove sieno sepolti a coppie gli amanti d'un tempo assai remoto.,敵意を含んだその姿も目に見えるやうだ…。,Mi,MISSING,Giorgio,MISSING,PRON,MISSING,obj,MISSING,leftover_source,
1375,one-to-one,dn_1496,isk_1824,"Ieri mattina, tra le undici e il tocco, meditai gravemente su la mia fine.",昨日十一時から一時迄の間に、僕は自分の最夜に就いて眞劔に考へた。,mia,自分,Giorgio,Giorgio,PRON,PRON,nmod,nmod,explicit_full,
1375,one-to-one,dn_1496,isk_1824,"Ieri mattina, tra le undici e il tocco, meditai gravemente su la mia fine.",昨日十一時から一時迄の間に、僕は自分の最夜に就いて眞劔に考へた。,meditai,就いて,Giorgio,Giorgio,NULL,NULL,nsubj,nsubj,zero_zero_single,
1375,one-to-one,dn_1496,isk_1824,"Ieri mattina, tra le undici e il tocco, meditai gravemente su la mia fine.",昨日十一時から一時迄の間に、僕は自分の最夜に就いて眞劔に考へた。,MISSING,僕,MISSING,Giorgio,MISSING,PRON,MISSING,nsubj,leftover_target,
1376,one-to-one,dn_1497,isk_1825,Lo spirito familiare del mio povero zio Demetrio da qualche giorno m'inquieta.,僕の可傷しい叔父のデメトリオの靈が、二三日僕の心を動搖させて居た。,zio Demetrio,可傷しい叔父のデメトリオ,Demetrio,Demetrio,PROPN,PROPN,nmod,nmod,explicit_full,
1376,one-to-one,dn_1497,isk_1825,Lo spirito familiare del mio povero zio Demetrio da qualche giorno m'inquieta.,僕の可傷しい叔父のデメトリオの靈が、二三日僕の心を動搖させて居た。,mio,僕,Giorgio,Giorgio,DET,PRON,nmod,nmod,explicit_ref_case,
1376,one-to-one,dn_1497,isk_1825,Lo spirito familiare del mio povero zio Demetrio da qualche giorno m'inquieta.,僕の可傷しい叔父のデメトリオの靈が、二三日僕の心を動搖させて居た。,m,僕,Giorgio,Giorgio,PRON,PRON,obj,nmod,explicit_ref_pos,
1377,one-to-one,dn_1498,isk_1826,Ieri il mio stato era così inumano che spontaneamente s'offerse al mio spirito l'imagine della liberazione.,昨日などは心持が變になつて、偶と「解除」といふ空想が浮んて出た。,mio,MISSING,Giorgio,MISSING,PRON,MISSING,nmod,MISSING,leftover_source,
1377,one-to-one,dn_1498,isk_1826,Ieri il mio stato era così inumano che spontaneamente s'offerse al mio spirito l'imagine della liberazione.,昨日などは心持が變になつて、偶と「解除」といふ空想が浮んて出た。,mio,MISSING,Giorgio,MISSING,PRON,MISSING,nmod,MISSING,leftover_source,
1379,one-to-one,dn_1500,isk_1828,"Ora ne sorrido, un poco; ma ebbi un colloquio con la Morte assai fiero.",今は斯うして笑つて居られるが、實は「死」とは可なり激烈な談判を試みたのだ。,sorrido,笑つて居られる,Giorgio,Giorgio,NULL,NULL,nsubj,nsubj,zero_zero_semantic,0.23314794080936732
1379,one-to-one,dn_1500,isk_1828,"Ora ne sorrido, un poco; ma ebbi un colloquio con la Morte assai fiero.",今は斯うして笑つて居られるが、實は「死」とは可なり激烈な談判を試みたのだ。,ebbi,試みた,Giorgio,Giorgio,NULL,NULL,nsubj,nsubj,zero_zero_semantic,0.3633812778080921
1380,one-to-many,dn_1501,isk_1829 isk_1830,"Le lettere datate da Roma, dove Giorgio su i primi di novembre era tornato per aspettare il ritorno d'Ippolita, accennavano a un episodio molto doloroso e molto oscuro.",イッポリイタの歸りを待つために、ジォルジオは十一月の上旬に羅馬へて居た。 そして其の頃の日附の手紙には、面白からぬ、可憂しい話が載つて居た。,Giorgio,ジォルジオ,Giorgio,Giorgio,PROPN,PROPN,nsubj,nsubj,explicit_full,
1380,one-to-many,dn_1501,isk_1829 isk_1830,"Le lettere datate da Roma, dove Giorgio su i primi di novembre era tornato per aspettare il ritorno d'Ippolita, accennavano a un episodio molto doloroso e molto oscuro.",イッポリイタの歸りを待つために、ジォルジオは十一月の上旬に羅馬へて居た。 そして其の頃の日附の手紙には、面白からぬ、可憂しい話が載つて居た。,Ippolita,イッポリイタ,Ippolita,Ippolita,PROPN,PROPN,obj,nmod,explicit_ref_pos,
1381,one-to-one,dn_1502,isk_1831,Tu mi scrivi:,君の手紙に據ると,mi,MISSING,Giorgio,MISSING,PRON,MISSING,obj,MISSING,leftover_source,
1381,one-to-one,dn_1502,isk_1831,Tu mi scrivi:,君の手紙に據ると,Tu,君,Ippolita,Ippolita,NOUN,PRON,nsubj,nmod,explicit_ref_only,
1382,one-to-one,dn_1503,isk_1832,Io ti son rimasta fedele a gran pena.,心渝りをすまいと思つて、甚麼に気を揉んだか知れません。,ti,MISSING,Giorgio,MISSING,PRON,MISSING,obj,MISSING,leftover_source,
1382,one-to-one,dn_1503,isk_1832,Io ti son rimasta fedele a gran pena.,心渝りをすまいと思つて、甚麼に気を揉んだか知れません。,Io,思つて,Ippolita,Ippolita,PRON,NULL,nsubj,nsubj,zero_to_src_anchor,
1382,one-to-one,dn_1503,isk_1832,Io ti son rimasta fedele a gran pena.,心渝りをすまいと思つて、甚麼に気を揉んだか知れません。,MISSING,揉んだ,MISSING,Ippolita,MISSING,NULL,MISSING,nsubj,leftover_target,
1383,one-to-many,dn_1504,isk_1833 isk_1834,Che intendi di dire?,とあつた。 之は奈何いふ意味か。,intendi,MISSING,Ippolita,MISSING,NULL,MISSING,nsubj,MISSING,leftover_source,
1384,one-to-one,dn_1505,isk_1835,Quali sono le terribili vicende che ti hanno sconvolta?,動顚させられたといふ其の可怕しい事件といふのは何か。,ti,MISSING,Ippolita,MISSING,PRON,MISSING,obj,MISSING,leftover_source,
1384,one-to-one,dn_1505,isk_1835,Quali sono le terribili vicende che ti hanno sconvolta?,動顚させられたといふ其の可怕しい事件といふのは何か。,MISSING,動顚させられた,MISSING,Ippolita,MISSING,NULL,MISSING,nsubj,leftover_target,
1385,one-to-one,dn_1506,isk_1836,"Dio mio, come sei mutata!",噫君も變つた。,sei mutata,君,Ippolita,Ippolita,NULL,PRON,nsubj,nsubj,zero_to_tgt_anchor,
1386,one-to-many,dn_1507,isk_1837 isk_1838,Ne soffro inesprimibilmente; e il mio orgoglio si adira contro la sofferenza.,その爲に僕の苦痛は譬へやうもない。 そして自分の矜誇は苦痛に搔亂される。,mio,僕,Giorgio,Giorgio,DET,PRON,nmod,nmod,explicit_ref_case,
1386,one-to-many,dn_1507,isk_1837 isk_1838,Ne soffro inesprimibilmente; e il mio orgoglio si adira contro la sofferenza.,その爲に僕の苦痛は譬へやうもない。 そして自分の矜誇は苦痛に搔亂される。,soffro,MISSING,Giorgio,MISSING,NULL,MISSING,nsubj,MISSING,leftover_source,
1386,one-to-many,dn_1507,isk_1837 isk_1838,Ne soffro inesprimibilmente; e il mio orgoglio si adira contro la sofferenza.,その爲に僕の苦痛は譬へやうもない。 そして自分の矜誇は苦痛に搔亂される。,MISSING,自分,MISSING,Giorgio,MISSING,PRON,MISSING,nmod,leftover_target,
1387,one-to-one,dn_1508,isk_1839,"Ho una ruga tra ciglio e ciglio, profondissima, come una cicatrice.",僕の眉根に疵の裂開程の深い皺が出來た。,Ho,MISSING,Giorgio,MISSING,NULL,MISSING,nsubj,MISSING,leftover_source,
1387,one-to-one,dn_1508,isk_1839,"Ho una ruga tra ciglio e ciglio, profondissima, come una cicatrice.",僕の眉根に疵の裂開程の深い皺が出來た。,MISSING,僕,MISSING,Giorgio,MISSING,PRON,MISSING,nmod,leftover_target,
1388,one-to-many,dn_1509,isk_1840 isk_1841,"Vi è raccolta un'ira repressa; vi è raccolta tutta l'amarezza de' miei dubbii, de' miei sospetti, de' miei disgusti.",其の中へ壓へた忿怒が溜つた。 苦い疑惑と不快の塊も集まつた。,miei,MISSING,Giorgio,MISSING,DET,MISSING,nmod,MISSING,leftover_source,
1388,one-to-many,dn_1509,isk_1840 isk_1841,"Vi è raccolta un'ira repressa; vi è raccolta tutta l'amarezza de' miei dubbii, de' miei sospetti, de' miei disgusti.",其の中へ壓へた忿怒が溜つた。 苦い疑惑と不快の塊も集まつた。,miei,MISSING,Giorgio,MISSING,DET,MISSING,nmod,MISSING,leftover_source,
1388,one-to-many,dn_1509,isk_1840 isk_1841,"Vi è raccolta un'ira repressa; vi è raccolta tutta l'amarezza de' miei dubbii, de' miei sospetti, de' miei disgusti.",其の中へ壓へた忿怒が溜つた。 苦い疑惑と不快の塊も集まつた。,miei,MISSING,Giorgio,MISSING,DET,MISSING,nmod,MISSING,leftover_source,
1389,one-to-one,dn_1510,isk_1842,Credo che neppure il tuo bacio basterebbe a mandarla via.,君の接吻でも、此の皺を取拂ふことは、難しからうと思つて居る。,Credo,思つて居る,Giorgio,Giorgio,NULL,NULL,nsubj,nsubj,zero_zero_single,
1389,one-to-one,dn_1510,isk_1842,Credo che neppure il tuo bacio basterebbe a mandarla via.,君の接吻でも、此の皺を取拂ふことは、難しからうと思つて居る。,tuo,君,Ippolita,Ippolita,DET,PRON,nmod,nmod,explicit_ref_case,
1390,one-to-one,dn_1511,isk_1843,Le tue lettere piene di desiderio mi turbano.,デジイルに打顫へた君の手紙に僕は迷はされる。,mi,僕,Giorgio,Giorgio,PRON,PRON,obj,nsubj,explicit_ref_pos,
1390,one-to-one,dn_1511,isk_1843,Le tue lettere piene di desiderio mi turbano.,デジイルに打顫へた君の手紙に僕は迷はされる。,tue,君,Ippolita,Ippolita,DET,PRON,nmod,nmod,explicit_ref_case,
1391,one-to-one,dn_1512,isk_1844,Io non te ne sono grato.,餘り有難いとも思はない。,Io,思はない,Giorgio,Giorgio,PRON,NULL,nsubj,nsubj,zero_to_src_anchor,
1391,one-to-one,dn_1512,isk_1844,Io non te ne sono grato.,餘り有難いとも思はない。,te,MISSING,Ippolita,MISSING,PRON,MISSING,obj,MISSING,leftover_source,
1392,one-to-one,dn_1513,isk_1845,"Da due o tre giorni ho contro di te qualche cosa, nel cuore.",二三日何となく君に裏切するやうな感じが起つて居る。,ho,裏切する,Giorgio,Giorgio,NULL,NULL,nsubj,nsubj,zero_zero_single,
1392,one-to-one,dn_1513,isk_1845,"Da due o tre giorni ho contro di te qualche cosa, nel cuore.",二三日何となく君に裏切するやうな感じが起つて居る。,te,君,Ippolita,Ippolita,PRON,PRON,obj,obj,explicit_full,
1393,one-to-one,dn_1514,isk_1846,Non so che sia.,それが何だかは分らない。,so,分らない,Giorgio,Giorgio,NULL,NULL,nsubj,nsubj,zero_zero_single,
1396,one-to-one,dn_1517,isk_1849,"Giorgio soffriva, leggendo, come se dentro gli si fosse riaperta una piaga.",讀んて行く中にジォルジオは、疵口の裂けたやうな苦惱を見せた。,Giorgio,ジォルジオ,Giorgio,Giorgio,PROPN,PROPN,nsubj,nsubj,explicit_full,
1396,one-to-one,dn_1517,isk_1849,"Giorgio soffriva, leggendo, come se dentro gli si fosse riaperta una piaga.",讀んて行く中にジォルジオは、疵口の裂けたやうな苦惱を見せた。,fosse,讀んて行く,Giorgio,Giorgio,NULL,NULL,nsubj,nsubj,zero_zero_single,
1396,one-to-one,dn_1517,isk_1849,"Giorgio soffriva, leggendo, come se dentro gli si fosse riaperta una piaga.",讀んて行く中にジォルジオは、疵口の裂けたやうな苦惱を見せた。,gli,MISSING,Giorgio,MISSING,PRON,MISSING,obj,MISSING,leftover_source,
1397,one-to-one,dn_1518,isk_1850,Ippolita avrebbe voluto impedirgli d'andare oltre.,イッポリイタは讀續けることを止めさせたかつた。,gli,MISSING,Giorgio,MISSING,PRON,MISSING,obj,MISSING,leftover_source,
1397,one-to-one,dn_1518,isk_1850,Ippolita avrebbe voluto impedirgli d'andare oltre.,イッポリイタは讀續けることを止めさせたかつた。,Ippolita,イッポリイタ,Ippolita,Ippolita,PROPN,PROPN,nsubj,nsubj,explicit_full,
1397,one-to-one,dn_1518,isk_1850,Ippolita avrebbe voluto impedirgli d'andare oltre.,イッポリイタは讀續けることを止めさせたかつた。,MISSING,止めさせたかつた,MISSING,Ippolita,MISSING,NULL,MISSING,nsubj,leftover_target,
1398,one-to-many,dn_1519,isk_1851 isk_1852 isk_1853 isk_1854,"Ella si ricordava di quella sera in cui il marito era apparso d'improvviso nella casa di Caronno, tranquillo e freddo nei modi ma con lo sguardo d'un folle, dicendole d'essere venuto per ricondurla seco; e si ricordava del momento in cui erano rimasti soli, l'una di fronte all'altro, in una stanza un po' remota, mentre il vento agitava le tende della finestra, e il lume oscillava forte, e giungeva lo stormire degli alberi sottostanti.",彼女は那の晩のことを記えて居た。 ―先の男が突然にカロンノオの隠れ家へ飛込んで來て、冷かな穏かな顔はしながらも、狂人らしい眼附をして、女は俺が連れて歸ると喚く。 その時は、男と唯二人別室で差向ひであつた。 窓帷は風に吹捲られた。,Ella,彼女,Ippolita,Ippolita,PRON,PRON,nsubj,nsubj,explicit_full,
1398,one-to-many,dn_1519,isk_1851 isk_1852 isk_1853 isk_1854,"Ella si ricordava di quella sera in cui il marito era apparso d'improvviso nella casa di Caronno, tranquillo e freddo nei modi ma con lo sguardo d'un folle, dicendole d'essere venuto per ricondurla seco; e si ricordava del momento in cui erano rimasti soli, l'una di fronte all'altro, in una stanza un po' remota, mentre il vento agitava le tende della finestra, e il lume oscillava forte, e giungeva lo stormire degli alberi sottostanti.",彼女は那の晩のことを記えて居た。 ―先の男が突然にカロンノオの隠れ家へ飛込んで來て、冷かな穏かな顔はしながらも、狂人らしい眼附をして、女は俺が連れて歸ると喚く。 その時は、男と唯二人別室で差向ひであつた。 窓帷は風に吹捲られた。,le,女,Ippolita,Ippolita,PRON,NOUN,obj,obj,explicit_ref_case,
1398,one-to-many,dn_1519,isk_1851 isk_1852 isk_1853 isk_1854,"Ella si ricordava di quella sera in cui il marito era apparso d'improvviso nella casa di Caronno, tranquillo e freddo nei modi ma con lo sguardo d'un folle, dicendole d'essere venuto per ricondurla seco; e si ricordava del momento in cui erano rimasti soli, l'una di fronte all'altro, in una stanza un po' remota, mentre il vento agitava le tende della finestra, e il lume oscillava forte, e giungeva lo stormire degli alberi sottostanti.",彼女は那の晩のことを記えて居た。 ―先の男が突然にカロンノオの隠れ家へ飛込んで來て、冷かな穏かな顔はしながらも、狂人らしい眼附をして、女は俺が連れて歸ると喚く。 その時は、男と唯二人別室で差向ひであつた。 窓帷は風に吹捲られた。,si,MISSING,Ippolita,MISSING,PRON-REFLEX,MISSING,obj,MISSING,leftover_source,
1398,one-to-many,dn_1519,isk_1851 isk_1852 isk_1853 isk_1854,"Ella si ricordava di quella sera in cui il marito era apparso d'improvviso nella casa di Caronno, tranquillo e freddo nei modi ma con lo sguardo d'un folle, dicendole d'essere venuto per ricondurla seco; e si ricordava del momento in cui erano rimasti soli, l'una di fronte all'altro, in una stanza un po' remota, mentre il vento agitava le tende della finestra, e il lume oscillava forte, e giungeva lo stormire degli alberi sottostanti.",彼女は那の晩のことを記えて居た。 ―先の男が突然にカロンノオの隠れ家へ飛込んで來て、冷かな穏かな顔はしながらも、狂人らしい眼附をして、女は俺が連れて歸ると喚く。 その時は、男と唯二人別室で差向ひであつた。 窓帷は風に吹捲られた。,la,MISSING,Ippolita,MISSING,PRON,MISSING,obj,MISSING,leftover_source,
1398,one-to-many,dn_1519,isk_1851 isk_1852 isk_1853 isk_1854,"Ella si ricordava di quella sera in cui il marito era apparso d'improvviso nella casa di Caronno, tranquillo e freddo nei modi ma con lo sguardo d'un folle, dicendole d'essere venuto per ricondurla seco; e si ricordava del momento in cui erano rimasti soli, l'una di fronte all'altro, in una stanza un po' remota, mentre il vento agitava le tende della finestra, e il lume oscillava forte, e giungeva lo stormire degli alberi sottostanti.",彼女は那の晩のことを記えて居た。 ―先の男が突然にカロンノオの隠れ家へ飛込んで來て、冷かな穏かな顔はしながらも、狂人らしい眼附をして、女は俺が連れて歸ると喚く。 その時は、男と唯二人別室で差向ひであつた。 窓帷は風に吹捲られた。,si,MISSING,Ippolita,MISSING,PRON-REFLEX,MISSING,obj,MISSING,leftover_source,
1398,one-to-many,dn_1519,isk_1851 isk_1852 isk_1853 isk_1854,"Ella si ricordava di quella sera in cui il marito era apparso d'improvviso nella casa di Caronno, tranquillo e freddo nei modi ma con lo sguardo d'un folle, dicendole d'essere venuto per ricondurla seco; e si ricordava del momento in cui erano rimasti soli, l'una di fronte all'altro, in una stanza un po' remota, mentre il vento agitava le tende della finestra, e il lume oscillava forte, e giungeva lo stormire degli alberi sottostanti.",彼女は那の晩のことを記えて居た。 ―先の男が突然にカロンノオの隠れ家へ飛込んで來て、冷かな穏かな顔はしながらも、狂人らしい眼附をして、女は俺が連れて歸ると喚く。 その時は、男と唯二人別室で差向ひであつた。 窓帷は風に吹捲られた。,ricordava,MISSING,Ippolita,MISSING,NULL,MISSING,nsubj,MISSING,leftover_source,
1398,one-to-many,dn_1519,isk_1851 isk_1852 isk_1853 isk_1854,"Ella si ricordava di quella sera in cui il marito era apparso d'improvviso nella casa di Caronno, tranquillo e freddo nei modi ma con lo sguardo d'un folle, dicendole d'essere venuto per ricondurla seco; e si ricordava del momento in cui erano rimasti soli, l'una di fronte all'altro, in una stanza un po' remota, mentre il vento agitava le tende della finestra, e il lume oscillava forte, e giungeva lo stormire degli alberi sottostanti.",彼女は那の晩のことを記えて居た。 ―先の男が突然にカロンノオの隠れ家へ飛込んで來て、冷かな穏かな顔はしながらも、狂人らしい眼附をして、女は俺が連れて歸ると喚く。 その時は、男と唯二人別室で差向ひであつた。 窓帷は風に吹捲られた。,una,MISSING,Ippolita,MISSING,PRON,MISSING,obj,MISSING,leftover_source,
1398,one-to-many,dn_1519,isk_1851 isk_1852 isk_1853 isk_1854,"Ella si ricordava di quella sera in cui il marito era apparso d'improvviso nella casa di Caronno, tranquillo e freddo nei modi ma con lo sguardo d'un folle, dicendole d'essere venuto per ricondurla seco; e si ricordava del momento in cui erano rimasti soli, l'una di fronte all'altro, in una stanza un po' remota, mentre il vento agitava le tende della finestra, e il lume oscillava forte, e giungeva lo stormire degli alberi sottostanti.",彼女は那の晩のことを記えて居た。 ―先の男が突然にカロンノオの隠れ家へ飛込んで來て、冷かな穏かな顔はしながらも、狂人らしい眼附をして、女は俺が連れて歸ると喚く。 その時は、男と唯二人別室で差向ひであつた。 窓帷は風に吹捲られた。,erano rimasti,二人,Ippolita Ippolitas-husband,Ippolita Ippolitas-husband,NULL,NOUN,nsubj,nsubj,zero_to_tgt_anchor,
1398,one-to-many,dn_1519,isk_1851 isk_1852 isk_1853 isk_1854,"Ella si ricordava di quella sera in cui il marito era apparso d'improvviso nella casa di Caronno, tranquillo e freddo nei modi ma con lo sguardo d'un folle, dicendole d'essere venuto per ricondurla seco; e si ricordava del momento in cui erano rimasti soli, l'una di fronte all'altro, in una stanza un po' remota, mentre il vento agitava le tende della finestra, e il lume oscillava forte, e giungeva lo stormire degli alberi sottostanti.",彼女は那の晩のことを記えて居た。 ―先の男が突然にカロンノオの隠れ家へ飛込んで來て、冷かな穏かな顔はしながらも、狂人らしい眼附をして、女は俺が連れて歸ると喚く。 その時は、男と唯二人別室で差向ひであつた。 窓帷は風に吹捲られた。,il marito,先の男,Ippolitas-husband,Ippolitas-husband,NOUN,NOUN,nsubj,nsubj,explicit_full,
1398,one-to-many,dn_1519,isk_1851 isk_1852 isk_1853 isk_1854,"Ella si ricordava di quella sera in cui il marito era apparso d'improvviso nella casa di Caronno, tranquillo e freddo nei modi ma con lo sguardo d'un folle, dicendole d'essere venuto per ricondurla seco; e si ricordava del momento in cui erano rimasti soli, l'una di fronte all'altro, in una stanza un po' remota, mentre il vento agitava le tende della finestra, e il lume oscillava forte, e giungeva lo stormire degli alberi sottostanti.",彼女は那の晩のことを記えて居た。 ―先の男が突然にカロンノオの隠れ家へ飛込んで來て、冷かな穏かな顔はしながらも、狂人らしい眼附をして、女は俺が連れて歸ると喚く。 その時は、男と唯二人別室で差向ひであつた。 窓帷は風に吹捲られた。,seco,俺,Ippolitas-husband,Ippolitas-husband,PRON,PRON,obj,nsubj,explicit_ref_pos,
1398,one-to-many,dn_1519,isk_1851 isk_1852 isk_1853 isk_1854,"Ella si ricordava di quella sera in cui il marito era apparso d'improvviso nella casa di Caronno, tranquillo e freddo nei modi ma con lo sguardo d'un folle, dicendole d'essere venuto per ricondurla seco; e si ricordava del momento in cui erano rimasti soli, l'una di fronte all'altro, in una stanza un po' remota, mentre il vento agitava le tende della finestra, e il lume oscillava forte, e giungeva lo stormire degli alberi sottostanti.",彼女は那の晩のことを記えて居た。 ―先の男が突然にカロンノオの隠れ家へ飛込んで來て、冷かな穏かな顔はしながらも、狂人らしい眼附をして、女は俺が連れて歸ると喚く。 その時は、男と唯二人別室で差向ひであつた。 窓帷は風に吹捲られた。,altro,男,Ippolitas-husband,Ippolitas-husband,PRON,NOUN,obj,nsubj,explicit_ref_only,
1398,one-to-many,dn_1519,isk_1851 isk_1852 isk_1853 isk_1854,"Ella si ricordava di quella sera in cui il marito era apparso d'improvviso nella casa di Caronno, tranquillo e freddo nei modi ma con lo sguardo d'un folle, dicendole d'essere venuto per ricondurla seco; e si ricordava del momento in cui erano rimasti soli, l'una di fronte all'altro, in una stanza un po' remota, mentre il vento agitava le tende della finestra, e il lume oscillava forte, e giungeva lo stormire degli alberi sottostanti.",彼女は那の晩のことを記えて居た。 ―先の男が突然にカロンノオの隠れ家へ飛込んで來て、冷かな穏かな顔はしながらも、狂人らしい眼附をして、女は俺が連れて歸ると喚く。 その時は、男と唯二人別室で差向ひであつた。 窓帷は風に吹捲られた。,MISSING,喚く,MISSING,Ippolitas-husband,MISSING,NULL,MISSING,nsubj,leftover_target,
1399,one-to-one,dn_1520 dn_1521,isk_1855 isk_1856 isk_1857,"Si ricordava della lotta selvaggia e silenziosa sostenuta allora contro quell'uomo che l'aveva abbracciata con un movimento repentino, oh ribrezzo! volendola possedere.",燈火もそれに連れてぱつと煽つたと思ふと又悄乎となつた。 樹木のみしみしいふ音は下から其の方へ來た。 殘虐を無言の格闘、力づくに女を强曳いて行かうとして、突如摑み附く―あれえ！―,l,女,Ippolita,Ippolita,PRON,NOUN,obj,obj,explicit_ref_case,
1399,one-to-one,dn_1520 dn_1521,isk_1855 isk_1856 isk_1857,"Si ricordava della lotta selvaggia e silenziosa sostenuta allora contro quell'uomo che l'aveva abbracciata con un movimento repentino, oh ribrezzo! volendola possedere.",燈火もそれに連れてぱつと煽つたと思ふと又悄乎となつた。 樹木のみしみしいふ音は下から其の方へ來た。 殘虐を無言の格闘、力づくに女を强曳いて行かうとして、突如摑み附く―あれえ！―,Si,MISSING,Ippolita,MISSING,PRON-REFLEX,MISSING,obj,MISSING,leftover_source,
1399,one-to-one,dn_1520 dn_1521,isk_1855 isk_1856 isk_1857,"Si ricordava della lotta selvaggia e silenziosa sostenuta allora contro quell'uomo che l'aveva abbracciata con un movimento repentino, oh ribrezzo! volendola possedere.",燈火もそれに連れてぱつと煽つたと思ふと又悄乎となつた。 樹木のみしみしいふ音は下から其の方へ來た。 殘虐を無言の格闘、力づくに女を强曳いて行かうとして、突如摑み附く―あれえ！―,ricordava,MISSING,Ippolita,MISSING,NULL,MISSING,nsubj,MISSING,leftover_source,
1399,one-to-one,dn_1520 dn_1521,isk_1855 isk_1856 isk_1857,"Si ricordava della lotta selvaggia e silenziosa sostenuta allora contro quell'uomo che l'aveva abbracciata con un movimento repentino, oh ribrezzo! volendola possedere.",燈火もそれに連れてぱつと煽つたと思ふと又悄乎となつた。 樹木のみしみしいふ音は下から其の方へ來た。 殘虐を無言の格闘、力づくに女を强曳いて行かうとして、突如摑み附く―あれえ！―,la,MISSING,Ippolita,MISSING,PRON,MISSING,obj,MISSING,leftover_source,
1399,one-to-one,dn_1520 dn_1521,isk_1855 isk_1856 isk_1857,"Si ricordava della lotta selvaggia e silenziosa sostenuta allora contro quell'uomo che l'aveva abbracciata con un movimento repentino, oh ribrezzo! volendola possedere.",燈火もそれに連れてぱつと煽つたと思ふと又悄乎となつた。 樹木のみしみしいふ音は下から其の方へ來た。 殘虐を無言の格闘、力づくに女を强曳いて行かうとして、突如摑み附く―あれえ！―,quell'uomo,MISSING,Ippolitas-husband,MISSING,NOUN,MISSING,obj,MISSING,leftover_source,
1399,one-to-one,dn_1520 dn_1521,isk_1855 isk_1856 isk_1857,"Si ricordava della lotta selvaggia e silenziosa sostenuta allora contro quell'uomo che l'aveva abbracciata con un movimento repentino, oh ribrezzo! volendola possedere.",燈火もそれに連れてぱつと煽つたと思ふと又悄乎となつた。 樹木のみしみしいふ音は下から其の方へ來た。 殘虐を無言の格闘、力づくに女を强曳いて行かうとして、突如摑み附く―あれえ！―,MISSING,强曳いて行かうとして,MISSING,Ippolitas-husband,MISSING,NULL,MISSING,nsubj,leftover_target,
1399,one-to-one,dn_1520 dn_1521,isk_1855 isk_1856 isk_1857,"Si ricordava della lotta selvaggia e silenziosa sostenuta allora contro quell'uomo che l'aveva abbracciata con un movimento repentino, oh ribrezzo! volendola possedere.",燈火もそれに連れてぱつと煽つたと思ふと又悄乎となつた。 樹木のみしみしいふ音は下から其の方へ來た。 殘虐を無言の格闘、力づくに女を强曳いて行かうとして、突如摑み附く―あれえ！―,MISSING,摑み附く,MISSING,Ippolitas-husband,MISSING,NULL,MISSING,nsubj,leftover_target,
1400,one-to-one,dn_1522,isk_1858,"Basta, basta, Giorgio!",澤山澤山。,Giorgio,MISSING,Giorgio,MISSING,PROPN,MISSING,vocative,MISSING,leftover_source,
1401,one-to-one,dn_1523,isk_1859,"ella disse, attirando a sé la testa dell'amato.",ジォルジオの首を自分の方へ引寄せて言つた。,amato,ジォルジオ,Giorgio,Giorgio,NOUN,PROPN,nmod,nmod,explicit_ref_case,
1401,one-to-one,dn_1523,isk_1859,"ella disse, attirando a sé la testa dell'amato.",ジォルジオの首を自分の方へ引寄せて言つた。,ella,自分,Ippolita,Ippolita,PRON,PRON,nsubj,nmod,explicit_ref_pos,
1401,one-to-one,dn_1523,isk_1859,"ella disse, attirando a sé la testa dell'amato.",ジォルジオの首を自分の方へ引寄せて言つた。,sé,MISSING,Ippolita,MISSING,PRON,MISSING,obj,MISSING,leftover_source,
1401,one-to-one,dn_1523,isk_1859,"ella disse, attirando a sé la testa dell'amato.",ジォルジオの首を自分の方へ引寄せて言つた。,MISSING,引寄せて,MISSING,Ippolita,MISSING,NULL,MISSING,nsubj,leftover_target,
1401,one-to-one,dn_1523,isk_1859,"ella disse, attirando a sé la testa dell'amato.",ジォルジオの首を自分の方へ引寄せて言つた。,MISSING,言つた,MISSING,Ippolita,MISSING,NULL,MISSING,nsubj,leftover_target,
1402,one-to-many,dn_1524,isk_1860 isk_1861,Non leggiamo più.,澤山ですつてば。 もう讀むの廢しませう。,Non leggiamo,廢しませう,Giorgio Ippolita,Giorgio Ippolita,NULL,NULL,nsubj,nsubj,zero_zero_single,
1403,one-to-one,dn_1525,isk_1862,Ma egli volle seguitare.,それでも彼は續けたかつた。,egli,彼,Giorgio,Giorgio,PRON,PRON,nsubj,nsubj,explicit_full,
1403,one-to-one,dn_1525,isk_1862,Ma egli volle seguitare.,それでも彼は續けたかつた。,volle,MISSING,Giorgio,MISSING,NULL,MISSING,nsubj,MISSING,leftover_source,
1404,one-to-one,dn_1526,isk_1863,Ancóra non comprendo.,其の男の出て來たといふ譯が解らない。,non comprendo,MISSING,Giorgio,MISSING,NULL,MISSING,nsubj,MISSING,leftover_source,
1404,one-to-one,dn_1526,isk_1863,Ancóra non comprendo.,其の男の出て來たといふ譯が解らない。,MISSING,其の男,MISSING,Ippolitas-husband,MISSING,NOUN,MISSING,nmod,leftover_target,
1405,one-to-many,dn_1527,isk_1864 isk_1865,"Non comprendo la riapparizione di quell'uomo; e non so difendermi da un sentimento iroso che va, in parte, anche contro di te.",俺には忿怒の情を禁めることは出來ない。 それが面もお前の方にまでもに傳はつて行く。,mi,俺,Giorgio,Giorgio,PRON-REFLEX,PRON,obj,obj,reflex_obj,
1405,one-to-many,dn_1527,isk_1864 isk_1865,"Non comprendo la riapparizione di quell'uomo; e non so difendermi da un sentimento iroso che va, in parte, anche contro di te.",俺には忿怒の情を禁めることは出來ない。 それが面もお前の方にまでもに傳はつて行く。,Non comprendo,MISSING,Giorgio,MISSING,NULL,MISSING,nsubj,MISSING,leftover_source,
1405,one-to-many,dn_1527,isk_1864 isk_1865,"Non comprendo la riapparizione di quell'uomo; e non so difendermi da un sentimento iroso che va, in parte, anche contro di te.",俺には忿怒の情を禁めることは出來ない。 それが面もお前の方にまでもに傳はつて行く。,non so difender,MISSING,Giorgio,MISSING,NULL,MISSING,nsubj,MISSING,leftover_source,
1405,one-to-many,dn_1527,isk_1864 isk_1865,"Non comprendo la riapparizione di quell'uomo; e non so difendermi da un sentimento iroso che va, in parte, anche contro di te.",俺には忿怒の情を禁めることは出來ない。 それが面もお前の方にまでもに傳はつて行く。,te,お前,Ippolita,Ippolita,PRON,PRON,obj,nmod,explicit_ref_pos,
1405,one-to-many,dn_1527,isk_1864 isk_1865,"Non comprendo la riapparizione di quell'uomo; e non so difendermi da un sentimento iroso che va, in parte, anche contro di te.",俺には忿怒の情を禁めることは出來ない。 それが面もお前の方にまでもに傳はつて行く。,quell'uomo,MISSING,Ippolitas-husband,MISSING,NOUN,MISSING,nmod,MISSING,leftover_source,
1406,one-to-one,dn_1528,isk_1866,"Per non tormentarti, non ti scrivo in proposito i miei pensieri.",が、餘り苦しい思をさせない爲に、此の事に就いては自分の考を書くことは見合はせる。,miei,自分,Giorgio,Giorgio,DET,PRON,nmod,nmod,explicit_ref_case,
1406,one-to-one,dn_1528,isk_1866,"Per non tormentarti, non ti scrivo in proposito i miei pensieri.",が、餘り苦しい思をさせない爲に、此の事に就いては自分の考を書くことは見合はせる。,scrivo,見合はせる,Giorgio,Giorgio,NULL,NULL,nsubj,nsubj,zero_zero_semantic,0.34765124022960664
1406,one-to-one,dn_1528,isk_1866,"Per non tormentarti, non ti scrivo in proposito i miei pensieri.",が、餘り苦しい思をさせない爲に、此の事に就いては自分の考を書くことは見合はせる。,MISSING,就いて,MISSING,Giorgio,MISSING,NULL,MISSING,nsubj,leftover_target,
1406,one-to-one,dn_1528,isk_1866,"Per non tormentarti, non ti scrivo in proposito i miei pensieri.",が、餘り苦しい思をさせない爲に、此の事に就いては自分の考を書くことは見合はせる。,ti,MISSING,Ippolita,MISSING,PRON,MISSING,obj,MISSING,leftover_source,
1406,one-to-one,dn_1528,isk_1866,"Per non tormentarti, non ti scrivo in proposito i miei pensieri.",が、餘り苦しい思をさせない爲に、此の事に就いては自分の考を書くことは見合はせる。,ti,MISSING,Ippolita,MISSING,PRON,MISSING,obj,MISSING,leftover_source,
1407,one-to-one,dn_1529,isk_1867,Sono acerbi e oscurissimi.,書けば苛辛い懊惱したことだ。,MISSING,書けば,MISSING,Giorgio,MISSING,NULL,MISSING,nsubj,leftover_target,
1407,one-to-one,dn_1529,isk_1867,Sono acerbi e oscurissimi.,書けば苛辛い懊惱したことだ。,MISSING,懊惱した,MISSING,Giorgio,MISSING,NULL,MISSING,nsubj,leftover_target,
1408,one-to-one,dn_1530,isk_1868,"Sento che, per qualche tempo, la mia tenerezza è avvelenata.",俺の愛情に少し毒が混つた氣がする。,mia,俺,Giorgio,Giorgio,DET,PRON,nmod,nmod,explicit_ref_case,
1408,one-to-one,dn_1530,isk_1868,"Sento che, per qualche tempo, la mia tenerezza è avvelenata.",俺の愛情に少し毒が混つた氣がする。,Sento,MISSING,Giorgio,MISSING,NULL,MISSING,nsubj,MISSING,leftover_source,
1409,one-to-one,dn_1531,isk_1869,Credo sia meglio che tu non mi riveda.,或は再會しない方が可いかも知れない。,Credo,MISSING,Giorgio,MISSING,NULL,MISSING,nsubj,MISSING,leftover_source,
1409,one-to-one,dn_1531,isk_1869,Credo sia meglio che tu non mi riveda.,或は再會しない方が可いかも知れない。,mi,MISSING,Giorgio,MISSING,PRON,MISSING,obj,MISSING,leftover_source,
1409,one-to-one,dn_1531,isk_1869,Credo sia meglio che tu non mi riveda.,或は再會しない方が可いかも知れない。,MISSING,再會しない,MISSING,Giorgio Ippolita,MISSING,NULL,MISSING,nsubj,leftover_target,
1409,one-to-one,dn_1531,isk_1869,Credo sia meglio che tu non mi riveda.,或は再會しない方が可いかも知れない。,MISSING,知れない,MISSING,Giorgio Ippolita,MISSING,NULL,MISSING,nsubj,leftover_target,
1409,one-to-one,dn_1531,isk_1869,Credo sia meglio che tu non mi riveda.,或は再會しない方が可いかも知れない。,tu,MISSING,Ippolita,MISSING,PRON,MISSING,obj,MISSING,leftover_source,
1410,one-to-one,dn_1532,isk_1870,"Non tornare ora, se vuoi evitare a te medesima un dolore inutile.",無益な苦痛をすまいと思へば、今歸つて來ては不可い。,Non tornare,歸つて來ては不可い,Ippolita,Ippolita,NULL,NULL,nsubj,nsubj,zero_zero_semantic,0.3043893247842789
1410,one-to-one,dn_1532,isk_1870,"Non tornare ora, se vuoi evitare a te medesima un dolore inutile.",無益な苦痛をすまいと思へば、今歸つて來ては不可い。,vuoi,思へば,Ippolita,Ippolita,NULL,NULL,nsubj,nsubj,zero_zero_semantic,0.10407526114812264
1410,one-to-one,dn_1532,isk_1870,"Non tornare ora, se vuoi evitare a te medesima un dolore inutile.",無益な苦痛をすまいと思へば、今歸つて來ては不可い。,te medesima,MISSING,Ippolita,MISSING,PRON,MISSING,obj,MISSING,leftover_source,
1411,one-to-one,dn_1533,isk_1871,Io non sono buono ora.,今俺は面白くない。,Io,俺,Giorgio,Giorgio,PRON,PRON,nsubj,nsubj,explicit_full,
1412,one-to-one,dn_1534,isk_1872,"L'anima mia ti ama e ti si prostra, e il pensiero ti morde e ti macchia.",心の底ではお前を嘆美する程に愛して居る、考想はお前を引裂いたり泥塗つたりする。,mia,MISSING,Giorgio,MISSING,DET,MISSING,nmod,MISSING,leftover_source,
1412,one-to-one,dn_1534,isk_1872,"L'anima mia ti ama e ti si prostra, e il pensiero ti morde e ti macchia.",心の底ではお前を嘆美する程に愛して居る、考想はお前を引裂いたり泥塗つたりする。,MISSING,愛して居る,MISSING,Giorgio,MISSING,NULL,MISSING,nsubj,leftover_target,
1412,one-to-one,dn_1534,isk_1872,"L'anima mia ti ama e ti si prostra, e il pensiero ti morde e ti macchia.",心の底ではお前を嘆美する程に愛して居る、考想はお前を引裂いたり泥塗つたりする。,ti,お前,Ippolita,Ippolita,PRON,PRON,obj,obj,explicit_full,
1412,one-to-one,dn_1534,isk_1872,"L'anima mia ti ama e ti si prostra, e il pensiero ti morde e ti macchia.",心の底ではお前を嘆美する程に愛して居る、考想はお前を引裂いたり泥塗つたりする。,ti,お前,Ippolita,Ippolita,PRON,PRON,obj,obj,explicit_full,
1412,one-to-one,dn_1534,isk_1872,"L'anima mia ti ama e ti si prostra, e il pensiero ti morde e ti macchia.",心の底ではお前を嘆美する程に愛して居る、考想はお前を引裂いたり泥塗つたりする。,ti,MISSING,Ippolita,MISSING,PRON,MISSING,obj,MISSING,leftover_source,
1412,one-to-one,dn_1534,isk_1872,"L'anima mia ti ama e ti si prostra, e il pensiero ti morde e ti macchia.",心の底ではお前を嘆美する程に愛して居る、考想はお前を引裂いたり泥塗つたりする。,ti,MISSING,Ippolita,MISSING,PRON,MISSING,obj,MISSING,leftover_source,
1416,one-to-one,dn_1538,isk_1877,"O Ippolita, ritorna, ritorna!",あゝ、イッポリイタ、歸つてくれ、歸つてくれ。,Ippolita,イッポリイタ,Ippolita,Ippolita,PROPN,PROPN,vocative,vocative,explicit_full,
1416,one-to-one,dn_1538,isk_1877,"O Ippolita, ritorna, ritorna!",あゝ、イッポリイタ、歸つてくれ、歸つてくれ。,ritorna,歸つてくれ,Ippolita,Ippolita,NULL,NULL,nsubj,nsubj,zero_zero_semantic,0.31703767178107206
1416,one-to-one,dn_1538,isk_1877,"O Ippolita, ritorna, ritorna!",あゝ、イッポリイタ、歸つてくれ、歸つてくれ。,ritorna,歸つてくれ,Ippolita,Ippolita,NULL,NULL,nsubj,nsubj,zero_zero_semantic,0.19460310156349103
1417,one-to-many,dn_1539,isk_1878 isk_1879 isk_1880,"Voglio vederti, parlarti, accarezzarti.",是非遇ひたい。 話したい。 媟えたい。,Voglio,話したい,Giorgio,Giorgio,NULL,NULL,nsubj,nsubj,zero_zero_semantic,0.22186438301030326
1417,one-to-many,dn_1539,isk_1878 isk_1879 isk_1880,"Voglio vederti, parlarti, accarezzarti.",是非遇ひたい。 話したい。 媟えたい。,MISSING,遇ひたい,MISSING,Giorgio,MISSING,NULL,MISSING,nsubj,leftover_target,
1417,one-to-many,dn_1539,isk_1878 isk_1879 isk_1880,"Voglio vederti, parlarti, accarezzarti.",是非遇ひたい。 話したい。 媟えたい。,MISSING,媟えたい,MISSING,Giorgio,MISSING,NULL,MISSING,nsubj,leftover_target,
1417,one-to-many,dn_1539,isk_1878 isk_1879 isk_1880,"Voglio vederti, parlarti, accarezzarti.",是非遇ひたい。 話したい。 媟えたい。,ti,MISSING,Ippolita,MISSING,PRON,MISSING,obj,MISSING,leftover_source,
1417,one-to-many,dn_1539,isk_1878 isk_1879 isk_1880,"Voglio vederti, parlarti, accarezzarti.",是非遇ひたい。 話したい。 媟えたい。,ti,MISSING,Ippolita,MISSING,PRON,MISSING,obj,MISSING,leftover_source,
1417,one-to-many,dn_1539,isk_1878 isk_1879 isk_1880,"Voglio vederti, parlarti, accarezzarti.",是非遇ひたい。 話したい。 媟えたい。,ti,MISSING,Ippolita,MISSING,PRON,MISSING,obj,MISSING,leftover_source,
1418,one-to-one,dn_1540,isk_1881,Ti amo come non mai....,戀が募つて來る。,amo,MISSING,Giorgio,MISSING,NULL,MISSING,nsubj,MISSING,leftover_source,
1418,one-to-one,dn_1540,isk_1881,Ti amo come non mai....,戀が募つて來る。,Ti,MISSING,Ippolita,MISSING,PRON,MISSING,obj,MISSING,leftover_source,
1419,one-to-one,dn_1541,isk_1882,Risparmiami però la vista delle tue lividure.,だが、疵痕ばかりは俺に見せないでくれ。,mi,俺,Giorgio,Giorgio,PRON,PRON,obj,obj,explicit_full,
1419,one-to-one,dn_1541,isk_1882,Risparmiami però la vista delle tue lividure.,だが、疵痕ばかりは俺に見せないでくれ。,Risparmia,見せないでくれ,Ippolita,Ippolita,NULL,NULL,nsubj,nsubj,zero_zero_single,
1419,one-to-one,dn_1541,isk_1882,Risparmiami però la vista delle tue lividure.,だが、疵痕ばかりは俺に見せないでくれ。,tue,MISSING,Ippolita,MISSING,DET,MISSING,nmod,MISSING,leftover_source,
1420,one-to-one,dn_1542,isk_1883,Io non so pensarci senza raccapriccio e senza collera.,其の疵のことを思ふと、懸念なしに、忿怒なしには居られない。,Io,思ふ,Giorgio,Giorgio,PRON,NULL,nsubj,nsubj,zero_to_src_anchor,
1420,one-to-one,dn_1542,isk_1883,Io non so pensarci senza raccapriccio e senza collera.,其の疵のことを思ふと、懸念なしに、忿怒なしには居られない。,MISSING,懸念なしに、忿怒なしには居られない,MISSING,Giorgio,MISSING,NULL,MISSING,nsubj,leftover_target,
1421,one-to-one,dn_1543,isk_1884,"Mi pare che, se vedessi la tua carne macchiata da quelle mani, mi si spezzerebbe il cuore....",お前の肉に男の手で印けた痕を見せられたら、此の心臓が破裂するかも知れない…,Mi,MISSING,Giorgio,MISSING,PRON,MISSING,obj,MISSING,leftover_source,
1421,one-to-one,dn_1543,isk_1884,"Mi pare che, se vedessi la tua carne macchiata da quelle mani, mi si spezzerebbe il cuore....",お前の肉に男の手で印けた痕を見せられたら、此の心臓が破裂するかも知れない…,vedessi,MISSING,Giorgio,MISSING,NULL,MISSING,nsubj,MISSING,leftover_source,
1421,one-to-one,dn_1543,isk_1884,"Mi pare che, se vedessi la tua carne macchiata da quelle mani, mi si spezzerebbe il cuore....",お前の肉に男の手で印けた痕を見せられたら、此の心臓が破裂するかも知れない…,mi,MISSING,Giorgio,MISSING,PRON,MISSING,obj,MISSING,leftover_source,
1421,one-to-one,dn_1543,isk_1884,"Mi pare che, se vedessi la tua carne macchiata da quelle mani, mi si spezzerebbe il cuore....",お前の肉に男の手で印けた痕を見せられたら、此の心臓が破裂するかも知れない…,tua,お前,Ippolita,Ippolita,DET,PRON,nmod,nmod,explicit_ref_case,
1421,one-to-one,dn_1543,isk_1884,"Mi pare che, se vedessi la tua carne macchiata da quelle mani, mi si spezzerebbe il cuore....",お前の肉に男の手で印けた痕を見せられたら、此の心臓が破裂するかも知れない…,MISSING,見せられたら,MISSING,Ippolita,MISSING,NULL,MISSING,nsubj,leftover_target,
1421,one-to-one,dn_1543,isk_1884,"Mi pare che, se vedessi la tua carne macchiata da quelle mani, mi si spezzerebbe il cuore....",お前の肉に男の手で印けた痕を見せられたら、此の心臓が破裂するかも知れない…,quelle,男,Ippolitas-husband,Ippolitas-husband,DET,NOUN,nmod,nmod,explicit_ref_case,
1422,one-to-one,dn_1544,isk_1885,Orribile!,竦とする。,MISSING,竦とする,MISSING,Giorgio,MISSING,NULL,MISSING,nsubj,leftover_target,
1423,one-to-one,dn_1545,isk_1886,Orribile!,竦とする。,MISSING,竦,MISSING,Giorgio,MISSING,NULL,MISSING,nsubj,leftover_target,
1424,one-to-one,dn_1546,isk_1887,"Basta, Giorgio.",澤山よ、貴郞。,Giorgio,貴郞,Giorgio,Giorgio,PROPN,PRON,vocative,vocative,explicit_ref_case,
1425,one-to-one,dn_1547,isk_1888,Non leggiamo più,もう廢しませうよ。,Non leggiamo,廢しませう,Giorgio Ippolita,Giorgio Ippolita,NULL,NULL,nsubj,nsubj,zero_zero_single,
1426,one-to-many,dn_1548,isk_1889 isk_1890,"supplicò di nuovo Ippolita, prendendo fra le sue palme la testa dell'amato, baciandolo su gli occhi.",復たイッポリイタが頼むやうにした。 男の首を兩手で捉へて、其の眼に唇を接けた。,amato,男,Giorgio,Giorgio,NOUN,NOUN,nmod,nmod,explicit_full,
1426,one-to-many,dn_1548,isk_1889 isk_1890,"supplicò di nuovo Ippolita, prendendo fra le sue palme la testa dell'amato, baciandolo su gli occhi.",復たイッポリイタが頼むやうにした。 男の首を兩手で捉へて、其の眼に唇を接けた。,lo,其の,Giorgio,Giorgio,PRON,DET,obj,nmod,explicit_ref_only,
1426,one-to-many,dn_1548,isk_1889 isk_1890,"supplicò di nuovo Ippolita, prendendo fra le sue palme la testa dell'amato, baciandolo su gli occhi.",復たイッポリイタが頼むやうにした。 男の首を兩手で捉へて、其の眼に唇を接けた。,Ippolita,イッポリイタ,Ippolita,Ippolita,PROPN,PROPN,nsubj,nsubj,explicit_full,
1426,one-to-many,dn_1548,isk_1889 isk_1890,"supplicò di nuovo Ippolita, prendendo fra le sue palme la testa dell'amato, baciandolo su gli occhi.",復たイッポリイタが頼むやうにした。 男の首を兩手で捉へて、其の眼に唇を接けた。,supplicò,接けた,Ippolita,Ippolita,NULL,NULL,nsubj,nsubj,zero_zero_semantic,0.3502376546200953
1426,one-to-many,dn_1548,isk_1889 isk_1890,"supplicò di nuovo Ippolita, prendendo fra le sue palme la testa dell'amato, baciandolo su gli occhi.",復たイッポリイタが頼むやうにした。 男の首を兩手で捉へて、其の眼に唇を接けた。,sue,MISSING,Ippolita,MISSING,DET,MISSING,nmod,MISSING,leftover_source,
1426,one-to-many,dn_1548,isk_1889 isk_1890,"supplicò di nuovo Ippolita, prendendo fra le sue palme la testa dell'amato, baciandolo su gli occhi.",復たイッポリイタが頼むやうにした。 男の首を兩手で捉へて、其の眼に唇を接けた。,MISSING,捉へて,MISSING,Ippolita,MISSING,NULL,MISSING,nsubj,leftover_target,
1427,one-to-one,dn_1549,isk_1891,"Giorgio, ti prego!",後生ですつてば、貴郞。,Giorgio,貴郞,Giorgio,Giorgio,PROPN,NOUN,vocative,vocative,explicit_ref_case,
1427,one-to-one,dn_1549,isk_1891,"Giorgio, ti prego!",後生ですつてば、貴郞。,ti,MISSING,Giorgio,MISSING,PRON,MISSING,obj,MISSING,leftover_source,
1427,one-to-one,dn_1549,isk_1891,"Giorgio, ti prego!",後生ですつてば、貴郞。,prego,MISSING,Ippolita,MISSING,NULL,MISSING,nsubj,MISSING,leftover_source,
1428,one-to-one,dn_1550,isk_1892,Ella riuscì ad allontanarlo dal tavolo.,彼女は到頭テイブルから男を離した。,lo,男,Giorgio,Giorgio,PRON,NOUN,obj,obj,explicit_ref_case,
1428,one-to-one,dn_1550,isk_1892,Ella riuscì ad allontanarlo dal tavolo.,彼女は到頭テイブルから男を離した。,Ella,彼女,Ippolita,Ippolita,PRON,PRON,nsubj,nsubj,explicit_full,
1429,one-to-many,dn_1551,isk_1893 isk_1894,"Egli sorrideva, lasciandosi trarre; sorrideva di quel sorriso indefinibile che hanno certi malati quando si piegano alla volontà altrui, pur sapendo bene che il rimedio è tardo e vano.",男には譬へがたいやうな微笑が浮いた。 それは病患者が、自分では治療の手遲れになつたことを熟く知りつつも、傍の人の言ふなりにさせて置くと言つた時に見せるやうな微笑てあつた。,si,男,Giorgio,Giorgio,PRON,NOUN,obj,obj,explicit_ref_case,
1429,one-to-many,dn_1551,isk_1893 isk_1894,"Egli sorrideva, lasciandosi trarre; sorrideva di quel sorriso indefinibile che hanno certi malati quando si piegano alla volontà altrui, pur sapendo bene che il rimedio è tardo e vano.",男には譬へがたいやうな微笑が浮いた。 それは病患者が、自分では治療の手遲れになつたことを熟く知りつつも、傍の人の言ふなりにさせて置くと言つた時に見せるやうな微笑てあつた。,Egli,MISSING,Giorgio,MISSING,PRON,MISSING,nsubj,MISSING,leftover_source,
1429,one-to-many,dn_1551,isk_1893 isk_1894,"Egli sorrideva, lasciandosi trarre; sorrideva di quel sorriso indefinibile che hanno certi malati quando si piegano alla volontà altrui, pur sapendo bene che il rimedio è tardo e vano.",男には譬へがたいやうな微笑が浮いた。 それは病患者が、自分では治療の手遲れになつたことを熟く知りつつも、傍の人の言ふなりにさせて置くと言つた時に見せるやうな微笑てあつた。,sorrideva,MISSING,Giorgio,MISSING,NULL,MISSING,nsubj,MISSING,leftover_source,
1429,one-to-many,dn_1551,isk_1893 isk_1894,"Egli sorrideva, lasciandosi trarre; sorrideva di quel sorriso indefinibile che hanno certi malati quando si piegano alla volontà altrui, pur sapendo bene che il rimedio è tardo e vano.",男には譬へがたいやうな微笑が浮いた。 それは病患者が、自分では治療の手遲れになつたことを熟く知りつつも、傍の人の言ふなりにさせて置くと言つた時に見せるやうな微笑てあつた。,piegano,MISSING,Giorgio,MISSING,NULL,MISSING,nsubj,MISSING,leftover_source,
1430,one-to-one,dn_1552,isk_1895,La sera del venerdì santo ripartirono per Roma.,受苦日の晩方、二人は羅馬へ歸ることになつた。,ripartirono,なつた,Giorgio Ippolita,Giorgio Ippolita,NULL,NULL,nsubj,nsubj,zero_zero_single,
1430,one-to-one,dn_1552,isk_1895,La sera del venerdì santo ripartirono per Roma.,受苦日の晩方、二人は羅馬へ歸ることになつた。,MISSING,二人,MISSING,Giorgio Ippolita,MISSING,NOUN,MISSING,nsubj,leftover_target,
1431,one-to-one,dn_1553,isk_1896,"Prima di partire, verso le cinque, presero il tè.",出發の前、五時頃に茶を喫んだ。,presero,喫んだ,Giorgio Ippolita,Giorgio Ippolita,NULL,NULL,nsubj,nsubj,zero_zero_single,
1432,one-to-one,dn_1554,isk_1897,Erano taciturni.,那箇も口は開かなかつた。,Erano,MISSING,Giorgio Ippolita,MISSING,NULL,MISSING,nsubj,MISSING,leftover_source,
1432,one-to-one,dn_1554,isk_1897,Erano taciturni.,那箇も口は開かなかつた。,MISSING,那箇,MISSING,Giorgio Ippolita,MISSING,DET,MISSING,nsubj,leftover_target,
1433,one-to-many,dn_1555,isk_1898 isk_1899,"La vita semplice vissuta in quell'albergo apparve loro, nel momento che stava per finire, straordinariamente bella e desiderabile.",古い旅館での簡易な生活は、二人には不思議な程美しく可慕しく思はれた。 それが已う終らうとして居る。,loro,二人,Giorgio Ippolita,Giorgio Ippolita,PRON,NOUN,obj,obj,explicit_ref_case,
1434,one-to-one,dn_1556,isk_1900,L'intimità di quelle stanze modeste apparve loro più dolce e più profonda.,質素な宿の親みが、だんだん心行くやうに、だんだん深くなり勝つて見えた。,loro,MISSING,Giorgio Ippolita,MISSING,PRON,MISSING,obj,MISSING,leftover_source,
1435,one-to-one,dn_1557,isk_1901,"I luoghi, per ove essi avevano portato le loro malinconie e le loro tenerezze, apparvero in una luce ideale.",歩き廻つた場所、悲しみ、うれしみ、それらは皆心の火に照らされてぱつと輝いた。,essi,MISSING,Giorgio Ippolita,MISSING,PRON,MISSING,nsubj,MISSING,leftover_source,
1435,one-to-one,dn_1557,isk_1901,"I luoghi, per ove essi avevano portato le loro malinconie e le loro tenerezze, apparvero in una luce ideale.",歩き廻つた場所、悲しみ、うれしみ、それらは皆心の火に照らされてぱつと輝いた。,loro,MISSING,Giorgio Ippolita,MISSING,DET,MISSING,nmod,MISSING,leftover_source,
1435,one-to-one,dn_1557,isk_1901,"I luoghi, per ove essi avevano portato le loro malinconie e le loro tenerezze, apparvero in una luce ideale.",歩き廻つた場所、悲しみ、うれしみ、それらは皆心の火に照らされてぱつと輝いた。,loro,MISSING,Giorgio Ippolita,MISSING,DET,MISSING,nmod,MISSING,leftover_source,
1436,one-to-one,dn_1558,isk_1902,"Ancóra un frammento del loro amore e del loro essere cadeva nell'abisso del tempo, distrutto.",それも亦(時)の淵に落ちて消えた戀と生命との斷片であつた。,loro,MISSING,Giorgio Ippolita,MISSING,DET,MISSING,nmod,MISSING,leftover_source,
1436,one-to-one,dn_1558,isk_1902,"Ancóra un frammento del loro amore e del loro essere cadeva nell'abisso del tempo, distrutto.",それも亦(時)の淵に落ちて消えた戀と生命との斷片であつた。,loro,MISSING,Giorgio Ippolita,MISSING,DET,MISSING,nmod,MISSING,leftover_source,
1437,one-to-one,dn_1559,isk_1903,Giorgio disse:,ジォルジオが、,Giorgio,ジォルジオ,Giorgio,Giorgio,PROPN,PROPN,nsubj,nsubj,explicit_full,
1439,one-to-one,dn_1561,isk_1905,Ippolita disse:,イッポリイタは、,Ippolita,イッポリイタ,Ippolita,Ippolita,PROPN,PROPN,nsubj,nsubj,explicit_full,
1440,one-to-one,dn_1562,isk_1906,Come farò?,奈何すれば可いでせう。,farò,すれば可い,Ippolita,Ippolita,NULL,NULL,nsubj,nsubj,zero_zero_single,
1441,one-to-one,dn_1563,isk_1907,Mi pare di non poter più dormire che sul tuo cuore.,もう私貴郞のお胸より外に眠る處が無いやうな氣がしますの。,tuo,貴郞,Giorgio,Giorgio,DET,PRON,nmod,nmod,explicit_ref_case,
1441,one-to-one,dn_1563,isk_1907,Mi pare di non poter più dormire che sul tuo cuore.,もう私貴郞のお胸より外に眠る處が無いやうな氣がしますの。,Mi,私,Ippolita,Ippolita,PRON,PRON,obj,nsubj,explicit_ref_pos,
1442,one-to-many,dn_1564,isk_1908 isk_1909,"Ambedue si guardarono negli occhi, si comunicarono la loro commozione, si sentirono dall'onda cresciuta chiudere la gola.",眼を見交して、互ひの情緒を通はせた。 吭は涌き上る波で窒息るやうに感じられた。,Ambedue,互ひ,Giorgio Ippolita,Giorgio Ippolita,PRON,NOUN,nsubj,nsubj,explicit_ref_case,
1442,one-to-many,dn_1564,isk_1908 isk_1909,"Ambedue si guardarono negli occhi, si comunicarono la loro commozione, si sentirono dall'onda cresciuta chiudere la gola.",眼を見交して、互ひの情緒を通はせた。 吭は涌き上る波で窒息るやうに感じられた。,si,MISSING,Giorgio Ippolita,MISSING,PRON,MISSING,obj,MISSING,leftover_source,
1442,one-to-many,dn_1564,isk_1908 isk_1909,"Ambedue si guardarono negli occhi, si comunicarono la loro commozione, si sentirono dall'onda cresciuta chiudere la gola.",眼を見交して、互ひの情緒を通はせた。 吭は涌き上る波で窒息るやうに感じられた。,si,MISSING,Giorgio Ippolita,MISSING,PRON,MISSING,obj,MISSING,leftover_source,
1442,one-to-many,dn_1564,isk_1908 isk_1909,"Ambedue si guardarono negli occhi, si comunicarono la loro commozione, si sentirono dall'onda cresciuta chiudere la gola.",眼を見交して、互ひの情緒を通はせた。 吭は涌き上る波で窒息るやうに感じられた。,loro,MISSING,Giorgio Ippolita,MISSING,PRON,MISSING,nmod,MISSING,leftover_source,
1442,one-to-many,dn_1564,isk_1908 isk_1909,"Ambedue si guardarono negli occhi, si comunicarono la loro commozione, si sentirono dall'onda cresciuta chiudere la gola.",眼を見交して、互ひの情緒を通はせた。 吭は涌き上る波で窒息るやうに感じられた。,si,MISSING,Giorgio Ippolita,MISSING,PRON,MISSING,obj,MISSING,leftover_source,
1442,one-to-many,dn_1564,isk_1908 isk_1909,"Ambedue si guardarono negli occhi, si comunicarono la loro commozione, si sentirono dall'onda cresciuta chiudere la gola.",眼を見交して、互ひの情緒を通はせた。 吭は涌き上る波で窒息るやうに感じられた。,MISSING,見交して,MISSING,Giorgio Ippolita,MISSING,NULL,MISSING,nsubj,leftover_target,
1442,one-to-many,dn_1564,isk_1908 isk_1909,"Ambedue si guardarono negli occhi, si comunicarono la loro commozione, si sentirono dall'onda cresciuta chiudere la gola.",眼を見交して、互ひの情緒を通はせた。 吭は涌き上る波で窒息るやうに感じられた。,MISSING,通はせた,MISSING,Giorgio Ippolita,MISSING,NULL,MISSING,nsubj,leftover_target,
1443,one-to-many,dn_1565,isk_1910 isk_1911,Tacquero; ed ascoltarono il romore eguale e continuo che facevano i selciatori nella strada battendo le selci.,良久は言葉もなかつた。 甃石を敲く石切屋の、規則正しい慵い響に凝と耳を攲けた。,ascoltarono,耳を攲けた,Giorgio Ippolita,Giorgio Ippolita,NULL,NULL,nsubj,nsubj,zero_zero_semantic,0.48543078455200606
1443,one-to-many,dn_1565,isk_1910 isk_1911,Tacquero; ed ascoltarono il romore eguale e continuo che facevano i selciatori nella strada battendo le selci.,良久は言葉もなかつた。 甃石を敲く石切屋の、規則正しい慵い響に凝と耳を攲けた。,Tacquero,MISSING,Giorgio Ippolita,MISSING,NULL,MISSING,nsubj,MISSING,leftover_source,
1443,one-to-many,dn_1565,isk_1910 isk_1911,Tacquero; ed ascoltarono il romore eguale e continuo che facevano i selciatori nella strada battendo le selci.,良久は言葉もなかつた。 甃石を敲く石切屋の、規則正しい慵い響に凝と耳を攲けた。,i selciatori,石切屋,pavers,pavers,NOUN,NOUN,nsubj,nmod,explicit_ref_pos,
1444,one-to-one,dn_1566,isk_1912,Quel romore accorante aumentò la loro pena.,けれども、その苛立たせるやうな噪音は次第に二人の不安を高めて行つた。,loro,二人,Giorgio Ippolita,Giorgio Ippolita,DET,NOUN,nmod,nmod,explicit_ref_case,
1445,one-to-one,dn_1567,isk_1913,"Giorgio disse, levandosi:",ジォルジオは起上りながら、,Giorgio,ジォルジオ,Giorgio,Giorgio,PROPN,PROPN,nsubj,nsubj,explicit_full,
1445,one-to-one,dn_1567,isk_1913,"Giorgio disse, levandosi:",ジォルジオは起上りながら、,si,MISSING,Giorgio,MISSING,PRON,MISSING,obj,MISSING,leftover_source,
1447,one-to-many,dn_1569,isk_1915 isk_1916 isk_1917,"Quegli urti cadenzati acuivano in lui il sentimento della fugacità del tempo, ch'egli aveva già così vivo; gli davano quella specie di terrore ansioso ch'egli aveva già altre volte esperimentato ascoltando le vibrazioni del pendolo.",間を極めて擊つ音は、「時の經過」を思はせた。 此の感じは前から彼の心に强く留つて居た。 始終振子の擺れる音を聞いて經驗した、追掛けられるやうな恐怖心が、石の音で復た呼返された。,lui,彼,Giorgio,Giorgio,PRON,PRON,obj,nmod,explicit_ref_pos,
1447,one-to-many,dn_1569,isk_1915 isk_1916 isk_1917,"Quegli urti cadenzati acuivano in lui il sentimento della fugacità del tempo, ch'egli aveva già così vivo; gli davano quella specie di terrore ansioso ch'egli aveva già altre volte esperimentato ascoltando le vibrazioni del pendolo.",間を極めて擊つ音は、「時の經過」を思はせた。 此の感じは前から彼の心に强く留つて居た。 始終振子の擺れる音を聞いて經驗した、追掛けられるやうな恐怖心が、石の音で復た呼返された。,egli,聞いて,Giorgio,Giorgio,PRON,NULL,nsubj,nsubj,zero_to_src_anchor,
1447,one-to-many,dn_1569,isk_1915 isk_1916 isk_1917,"Quegli urti cadenzati acuivano in lui il sentimento della fugacità del tempo, ch'egli aveva già così vivo; gli davano quella specie di terrore ansioso ch'egli aveva già altre volte esperimentato ascoltando le vibrazioni del pendolo.",間を極めて擊つ音は、「時の經過」を思はせた。 此の感じは前から彼の心に强く留つて居た。 始終振子の擺れる音を聞いて經驗した、追掛けられるやうな恐怖心が、石の音で復た呼返された。,egli,經驗した,Giorgio,Giorgio,PRON,NULL,nsubj,nsubj,zero_to_src_anchor,
1447,one-to-many,dn_1569,isk_1915 isk_1916 isk_1917,"Quegli urti cadenzati acuivano in lui il sentimento della fugacità del tempo, ch'egli aveva già così vivo; gli davano quella specie di terrore ansioso ch'egli aveva già altre volte esperimentato ascoltando le vibrazioni del pendolo.",間を極めて擊つ音は、「時の經過」を思はせた。 此の感じは前から彼の心に强く留つて居た。 始終振子の擺れる音を聞いて經驗した、追掛けられるやうな恐怖心が、石の音で復た呼返された。,gli,MISSING,Giorgio,MISSING,PRON,MISSING,obj,MISSING,leftover_source,
1448,one-to-one,dn_1570,isk_1918,"Eppure, il romore medesimo, nei giorni scorsi, non lo aveva cullato in un vago senso di benessere?",併し此間中は、その音で何とも知れぬ快い心の狀態に引入れられたではなかつたか。,lo,MISSING,Giorgio,MISSING,PRON,MISSING,obj,MISSING,leftover_source,
1449,one-to-one,dn_1571,isk_1919,Egli pensò:,彼は斯う思つた。,Egli,彼,Giorgio,Giorgio,PRON,PRON,nsubj,nsubj,explicit_full,
1450,one-to-one,dn_1572,isk_1920,"Noi ci divideremo, fra due o tre ore.",今二三時間の中に二人は別れて了ふ。,MISSING,二人,MISSING,Giorgio,MISSING,NOUN,MISSING,nsubj,leftover_target,
1450,one-to-one,dn_1572,isk_1920,"Noi ci divideremo, fra due o tre ore.",今二三時間の中に二人は別れて了ふ。,Noi,MISSING,Giorgio Ippolita,MISSING,PRON,MISSING,nsubj,MISSING,leftover_source,
1450,one-to-one,dn_1572,isk_1920,"Noi ci divideremo, fra due o tre ore.",今二三時間の中に二人は別れて了ふ。,ci,MISSING,Giorgio Ippolita,MISSING,PRON-REFLEX,MISSING,obj,MISSING,leftover_source,
1451,one-to-one,dn_1573,isk_1921,"Io ricomincerò la mia vita solita, tutta fatta di piccole miserie.",極り切つた話が復た始まる。,Io,MISSING,Giorgio,MISSING,PRON,MISSING,nsubj,MISSING,leftover_source,
1451,one-to-one,dn_1573,isk_1921,"Io ricomincerò la mia vita solita, tutta fatta di piccole miserie.",極り切つた話が復た始まる。,mia,MISSING,Giorgio,MISSING,DET,MISSING,nmod,MISSING,leftover_source,
1452,one-to-one,dn_1574,isk_1922,"Sarò ripreso dal solito male, inevitabilmente.",その生活は、唯不幸の連鎖に過ぎない。,Sarò ripreso,MISSING,Giorgio,MISSING,NULL,MISSING,nsubj,MISSING,leftover_source,
1453,one-to-one,dn_1575,isk_1923,Io conosco poi le turbolenze che suscita in me la primavera.,痼疾には又捕まるだらうし、加之春先にもなれば、又面倒が起るに違ひない。,Io,MISSING,Giorgio,MISSING,PRON,MISSING,nsubj,MISSING,leftover_source,
1453,one-to-one,dn_1575,isk_1923,Io conosco poi le turbolenze che suscita in me la primavera.,痼疾には又捕まるだらうし、加之春先にもなれば、又面倒が起るに違ひない。,me,MISSING,Giorgio,MISSING,PRON,MISSING,obj,MISSING,leftover_source,
1453,one-to-one,dn_1575,isk_1923,Io conosco poi le turbolenze che suscita in me la primavera.,痼疾には又捕まるだらうし、加之春先にもなれば、又面倒が起るに違ひない。,MISSING,捕まるだらうし,MISSING,Ippolita,MISSING,NULL,MISSING,nsubj,leftover_target,
1454,one-to-one,dn_1576,isk_1924,"Soffrirò, senza tregua.",殆ど苦痛の絕え間はあるまい。,Soffrirò,MISSING,Giorgio,MISSING,NULL,MISSING,nsubj,MISSING,leftover_source,
1455,one-to-one,dn_1577,isk_1925,"E sento già che uno de' miei carnefici più accaniti sarà il pensiero confittomi nel capo da quell'Exili, l'altro dì.",おまけに、エキジリに嘘き込まれた那の考想が、が、が無慈悲に自分を責立てさうな氣してならない。,quell'Exili,エキジリ,AlfonsoExili,AlfonsoExili,PROPN,PROPN,obj,obj,explicit_full,
1455,one-to-one,dn_1577,isk_1925,"E sento già che uno de' miei carnefici più accaniti sarà il pensiero confittomi nel capo da quell'Exili, l'altro dì.",おまけに、エキジリに嘘き込まれた那の考想が、が、が無慈悲に自分を責立てさうな氣してならない。,mi,自分,Giorgio,Giorgio,PRON,PRON,obj,obj,explicit_full,
1455,one-to-one,dn_1577,isk_1925,"E sento già che uno de' miei carnefici più accaniti sarà il pensiero confittomi nel capo da quell'Exili, l'altro dì.",おまけに、エキジリに嘘き込まれた那の考想が、が、が無慈悲に自分を責立てさうな氣してならない。,sento,MISSING,Giorgio,MISSING,NULL,MISSING,nsubj,MISSING,leftover_source,
1455,one-to-one,dn_1577,isk_1925,"E sento già che uno de' miei carnefici più accaniti sarà il pensiero confittomi nel capo da quell'Exili, l'altro dì.",おまけに、エキジリに嘘き込まれた那の考想が、が、が無慈悲に自分を責立てさうな氣してならない。,miei,MISSING,Giorgio,MISSING,DET,MISSING,nmod,MISSING,leftover_source,
1456,one-to-one,dn_1578,isk_1926,"Se Ippolita volesse guarirmi, potrebbe?",幾らイッポリイタが、自分を痊さうとしても、出來得られることか奈何か。,mi,自分,Giorgio,Giorgio,PRON,PRON,obj,nsubj,explicit_ref_pos,
1456,one-to-one,dn_1578,isk_1926,"Se Ippolita volesse guarirmi, potrebbe?",幾らイッポリイタが、自分を痊さうとしても、出來得られることか奈何か。,Ippolita,イッポリイタ,Ippolita,Ippolita,PROPN,PROPN,nsubj,nsubj,explicit_full,
1456,one-to-one,dn_1578,isk_1926,"Se Ippolita volesse guarirmi, potrebbe?",幾らイッポリイタが、自分を痊さうとしても、出來得られることか奈何か。,potrebbe,痊さう,Ippolita,Ippolita,NULL,NULL,nsubj,nsubj,zero_zero_single,
1458,one-to-one,dn_1580,isk_1928,"Perché non verrebbe ella con me, in un luogo solitario, non per una settimana ma per lungo tempo?",いや、彼女は何處か幽靜な處へ―一週間位でなく、長い長い間俺に隨いて來られないといふ道理はあるまい。,me,俺,Giorgio,Giorgio,PRON,PRON,obj,obj,explicit_full,
1458,one-to-one,dn_1580,isk_1928,"Perché non verrebbe ella con me, in un luogo solitario, non per una settimana ma per lungo tempo?",いや、彼女は何處か幽靜な處へ―一週間位でなく、長い長い間俺に隨いて來られないといふ道理はあるまい。,ella,彼女,Ippolita,Ippolita,PRON,PRON,nsubj,nsubj,explicit_full,
1458,one-to-one,dn_1580,isk_1928,"Perché non verrebbe ella con me, in un luogo solitario, non per una settimana ma per lungo tempo?",いや、彼女は何處か幽靜な處へ―一週間位でなく、長い長い間俺に隨いて來られないといふ道理はあるまい。,MISSING,隨いて,MISSING,Ippolita,MISSING,NULL,MISSING,nsubj,leftover_target,
1459,one-to-one,dn_1581,isk_1929,"Ella è, nell'intimità, adorabile, piena di minute cure e di minute grazie.",彼女の眞實心は勿體ない程のものだ。,Ella,彼女,Ippolita,Ippolita,PRON,PRON,nsubj,nmod,explicit_ref_pos,
1460,one-to-one,dn_1582,isk_1930,"Più d'una volta ella m'è parsa una sorella, una sorella amante, gravis dum suavis, la creatura del mio sogno.",細かい注意は深切に行屆くし、子供らしい愛嬌が何とも言へない。,m,MISSING,Giorgio,MISSING,PRON,MISSING,obj,MISSING,leftover_source,
1460,one-to-one,dn_1582,isk_1930,"Più d'una volta ella m'è parsa una sorella, una sorella amante, gravis dum suavis, la creatura del mio sogno.",細かい注意は深切に行屆くし、子供らしい愛嬌が何とも言へない。,mio,MISSING,Giorgio,MISSING,DET,MISSING,nmod,MISSING,leftover_source,
1460,one-to-one,dn_1582,isk_1930,"Più d'una volta ella m'è parsa una sorella, una sorella amante, gravis dum suavis, la creatura del mio sogno.",細かい注意は深切に行屆くし、子供らしい愛嬌が何とも言へない。,ella,MISSING,Ippolita,MISSING,PRON,MISSING,nsubj,MISSING,leftover_source,
1461,one-to-many,dn_1583,isk_1931 isk_1932,"Forse ella potrebbe guarirmi, con la sua presenza assidua; o almeno potrebbe alleggerire la mia vita.",ずつと續いて那の顏を見せて居れば、或は旨く俺を痊すことが出來るかも知れない。 然もなくても、もつと俺を氣爽にさせるだけの効驗はあるだらう。,mi,俺,Giorgio,Giorgio,PRON,PRON,obj,obj,explicit_full,
1461,one-to-many,dn_1583,isk_1931 isk_1932,"Forse ella potrebbe guarirmi, con la sua presenza assidua; o almeno potrebbe alleggerire la mia vita.",ずつと續いて那の顏を見せて居れば、或は旨く俺を痊すことが出來るかも知れない。 然もなくても、もつと俺を氣爽にさせるだけの効驗はあるだらう。,mia,俺,Giorgio,Giorgio,DET,PRON,nmod,obj,explicit_ref_only,
1461,one-to-many,dn_1583,isk_1931 isk_1932,"Forse ella potrebbe guarirmi, con la sua presenza assidua; o almeno potrebbe alleggerire la mia vita.",ずつと續いて那の顏を見せて居れば、或は旨く俺を痊すことが出來るかも知れない。 然もなくても、もつと俺を氣爽にさせるだけの効驗はあるだらう。,potrebbe,させる,Ippolita,Ippolita,NULL,NULL,nsubj,nsubj,zero_zero_semantic,0.32421726109888505
1461,one-to-many,dn_1583,isk_1931 isk_1932,"Forse ella potrebbe guarirmi, con la sua presenza assidua; o almeno potrebbe alleggerire la mia vita.",ずつと續いて那の顏を見せて居れば、或は旨く俺を痊すことが出來るかも知れない。 然もなくても、もつと俺を氣爽にさせるだけの効驗はあるだらう。,ella,見せて居れば,Ippolita,Ippolita,PRON,NULL,nsubj,nsubj,zero_to_src_anchor,
1461,one-to-many,dn_1583,isk_1931 isk_1932,"Forse ella potrebbe guarirmi, con la sua presenza assidua; o almeno potrebbe alleggerire la mia vita.",ずつと續いて那の顏を見せて居れば、或は旨く俺を痊すことが出來るかも知れない。 然もなくても、もつと俺を氣爽にさせるだけの効驗はあるだらう。,MISSING,痊すことが出來る,MISSING,Ippolita,MISSING,NULL,MISSING,nsubj,leftover_target,
1462,one-to-one,dn_1584,isk_1933,"Egli chiese, fermandosi davanti a Ippolita, prendendole ambo le mani:",彼はイッポリイタの前に立つて、兩手を執りながら訊いた。,Egli,彼,Giorgio,Giorgio,PRON,PRON,nsubj,nsubj,explicit_full,
1462,one-to-one,dn_1584,isk_1933,"Egli chiese, fermandosi davanti a Ippolita, prendendole ambo le mani:",彼はイッポリイタの前に立つて、兩手を執りながら訊いた。,si,MISSING,Giorgio,MISSING,PRON,MISSING,obj,MISSING,leftover_source,
1462,one-to-one,dn_1584,isk_1933,"Egli chiese, fermandosi davanti a Ippolita, prendendole ambo le mani:",彼はイッポリイタの前に立つて、兩手を執りながら訊いた。,MISSING,執りながら,MISSING,Giorgio,MISSING,NULL,MISSING,nsubj,leftover_target,
1462,one-to-one,dn_1584,isk_1933,"Egli chiese, fermandosi davanti a Ippolita, prendendole ambo le mani:",彼はイッポリイタの前に立つて、兩手を執りながら訊いた。,MISSING,訊いた,MISSING,Giorgio,MISSING,NULL,MISSING,nsubj,leftover_target,
1462,one-to-one,dn_1584,isk_1933,"Egli chiese, fermandosi davanti a Ippolita, prendendole ambo le mani:",彼はイッポリイタの前に立つて、兩手を執りながら訊いた。,Ippolita,イッポリイタ,Ippolita,Ippolita,PROPN,PROPN,obj,nmod,explicit_ref_pos,
1462,one-to-one,dn_1584,isk_1933,"Egli chiese, fermandosi davanti a Ippolita, prendendole ambo le mani:",彼はイッポリイタの前に立つて、兩手を執りながら訊いた。,le,MISSING,Ippolita,MISSING,PRON,MISSING,obj,MISSING,leftover_source,
1463,one-to-one,dn_1585,isk_1934,"Sei stata molto felice, in questi pochi giorni?",此頃中は幸福に思つたか。,Sei stata,思つた,Ippolita,Ippolita,NULL,NULL,nsubj,nsubj,zero_zero_single,
1464,one-to-one,dn_1586,isk_1935,Rispondimi.,奈何だ。,mi,MISSING,Giorgio,MISSING,PRON,MISSING,obj,MISSING,leftover_source,
1464,one-to-one,dn_1586,isk_1935,Rispondimi.,奈何だ。,Rispondi,MISSING,Ippolita,MISSING,NULL,MISSING,nsubj,MISSING,leftover_source,
1465,one-to-one,dn_1587,isk_1936,Aveva la voce commossa e insinuante.,其の聲は他を動かし、誘ふといふ風であつた。,Aveva,MISSING,Giorgio,MISSING,NULL,MISSING,nsubj,MISSING,leftover_source,
1465,one-to-one,dn_1587,isk_1936,Aveva la voce commossa e insinuante.,其の聲は他を動かし、誘ふといふ風であつた。,MISSING,其の,MISSING,Giorgio,MISSING,DET,MISSING,nmod,leftover_target,
1466,one-to-one,dn_1589,isk_1937,Come non mai.,這麼幸福つて今までにないわ。,MISSING,ない,MISSING,Ippolita,MISSING,NULL,MISSING,nsubj,leftover_target,
1467,one-to-one,dn_1590,isk_1938,"Giorgio le strinse forte le mani, poiché sentiva in quelle parole una sincerità profonda.",此の眞率な返辭にジォルジオは緊乎手を握り締めて、,Giorgio,ジォルジオ,Giorgio,Giorgio,PROPN,PROPN,nsubj,nsubj,explicit_full,
1467,one-to-one,dn_1590,isk_1938,"Giorgio le strinse forte le mani, poiché sentiva in quelle parole una sincerità profonda.",此の眞率な返辭にジォルジオは緊乎手を握り締めて、,sentiva,MISSING,Giorgio,MISSING,NULL,MISSING,nsubj,MISSING,leftover_source,
1467,one-to-one,dn_1590,isk_1938,"Giorgio le strinse forte le mani, poiché sentiva in quelle parole una sincerità profonda.",此の眞率な返辭にジォルジオは緊乎手を握り締めて、,le,MISSING,Ippolita,MISSING,PRON,MISSING,obj,MISSING,leftover_source,
1468,one-to-one,dn_1592,isk_1939,Puoi tu seguitare a vivere come vivi?,平凡な幕しに戾るといふ事をお前は平氣なのか。,tu,お前,Ippolita,Ippolita,PRON,PRON,nsubj,nsubj,explicit_full,
1469,one-to-many,dn_1594,isk_1940 isk_1941,Non so; non vedo nulla innanzi a me.,私には解らないわ。 私前の方は見てませんもの。,me,私,Ippolita,Ippolita,PRON,PRON,obj,obj,explicit_full,
1469,one-to-many,dn_1594,isk_1940 isk_1941,Non so; non vedo nulla innanzi a me.,私には解らないわ。 私前の方は見てませんもの。,Non so,私,Ippolita,Ippolita,NULL,PRON,nsubj,nsubj,zero_to_tgt_anchor,
1469,one-to-many,dn_1594,isk_1940 isk_1941,Non so; non vedo nulla innanzi a me.,私には解らないわ。 私前の方は見てませんもの。,non vedo,MISSING,Ippolita,MISSING,NULL,MISSING,nsubj,MISSING,leftover_source,
1470,one-to-one,dn_1595,isk_1942,Tu sai che tutto è caduto.,何も彼も背後になつちやつたぢやありませんか。,Tu,MISSING,Giorgio,MISSING,PRON,MISSING,nsubj,MISSING,leftover_source,
1471,one-to-one,dn_1596,isk_1943,Ella abbassò gli occhi.,女は眼を伏せた。,Ella,女,Ippolita,Ippolita,PRON,NOUN,nsubj,nsubj,explicit_ref_case,
1472,one-to-one,dn_1597,isk_1944,"Giorgio la prese fra le sue braccia, appassionatamente.",ジォルジオは情に迫られるといふ風に、兩腕で抱へた。,Giorgio,ジォルジオ,Giorgio,Giorgio,PROPN,PROPN,nsubj,nsubj,explicit_full,
1472,one-to-one,dn_1597,isk_1944,"Giorgio la prese fra le sue braccia, appassionatamente.",ジォルジオは情に迫られるといふ風に、兩腕で抱へた。,sue,MISSING,Giorgio,MISSING,DET,MISSING,nmod,MISSING,leftover_source,
1472,one-to-one,dn_1597,isk_1944,"Giorgio la prese fra le sue braccia, appassionatamente.",ジォルジオは情に迫られるといふ風に、兩腕で抱へた。,MISSING,抱へた,MISSING,Giorgio,MISSING,NULL,MISSING,nsubj,leftover_target,
1472,one-to-one,dn_1597,isk_1944,"Giorgio la prese fra le sue braccia, appassionatamente.",ジォルジオは情に迫られるといふ風に、兩腕で抱へた。,la,MISSING,Ippolita,MISSING,PRON,MISSING,obj,MISSING,leftover_source,
1473,one-to-one,dn_1598,isk_1945,Tu mi ami; è vero?,お前は俺を愛して居るだらう。,mi,俺,Giorgio,Giorgio,PRON,PRON,obj,obj,explicit_full,
1473,one-to-one,dn_1598,isk_1945,Tu mi ami; è vero?,お前は俺を愛して居るだらう。,Tu,お前,Ippolita,Ippolita,PRON,PRON,nsubj,nsubj,explicit_full,
1474,one-to-many,dn_1599,isk_1946 isk_1947,Io sono per te l'unico scopo della tua esistenza; tu non vedi che me nel tuo avvenire....,お前の生活に、唯た一つの目安になるものは俺だ。 此の後も俺ばつかりを眺めてるんだ…。,Io,俺,Giorgio,Giorgio,PRON,PRON,nsubj,nsubj,explicit_full,
1474,one-to-many,dn_1599,isk_1946 isk_1947,Io sono per te l'unico scopo della tua esistenza; tu non vedi che me nel tuo avvenire....,お前の生活に、唯た一つの目安になるものは俺だ。 此の後も俺ばつかりを眺めてるんだ…。,me,俺,Giorgio,Giorgio,PRON,PRON,obj,obj,explicit_full,
1474,one-to-many,dn_1599,isk_1946 isk_1947,Io sono per te l'unico scopo della tua esistenza; tu non vedi che me nel tuo avvenire....,お前の生活に、唯た一つの目安になるものは俺だ。 此の後も俺ばつかりを眺めてるんだ…。,tua,お前,Ippolita,Ippolita,DET,PRON,nmod,nmod,explicit_ref_case,
1474,one-to-many,dn_1599,isk_1946 isk_1947,Io sono per te l'unico scopo della tua esistenza; tu non vedi che me nel tuo avvenire....,お前の生活に、唯た一つの目安になるものは俺だ。 此の後も俺ばつかりを眺めてるんだ…。,tu,眺めてる,Ippolita,Ippolita,PRON,NULL,nsubj,nsubj,zero_to_src_anchor,
1474,one-to-many,dn_1599,isk_1946 isk_1947,Io sono per te l'unico scopo della tua esistenza; tu non vedi che me nel tuo avvenire....,お前の生活に、唯た一つの目安になるものは俺だ。 此の後も俺ばつかりを眺めてるんだ…。,te,MISSING,Ippolita,MISSING,PRON,MISSING,obj,MISSING,leftover_source,
1474,one-to-many,dn_1599,isk_1946 isk_1947,Io sono per te l'unico scopo della tua esistenza; tu non vedi che me nel tuo avvenire....,お前の生活に、唯た一つの目安になるものは俺だ。 此の後も俺ばつかりを眺めてるんだ…。,tuo,MISSING,Ippolita,MISSING,DET,MISSING,nmod,MISSING,leftover_source,
1475,one-to-many,dn_1600,isk_1948 isk_1949,"Ella disse, con un sorriso impreveduto che le sollevò i lunghi cigli:",意い掛けない微笑は、は、は、は女の長い睫を引き立てた。 眞箇よ。,Ella,女,Ippolita,Ippolita,PRON,NOUN,nsubj,nmod,explicit_ref_only,
1475,one-to-many,dn_1600,isk_1948 isk_1949,"Ella disse, con un sorriso impreveduto che le sollevò i lunghi cigli:",意い掛けない微笑は、は、は、は女の長い睫を引き立てた。 眞箇よ。,le,MISSING,Ippolita,MISSING,PRON,MISSING,obj,MISSING,leftover_source,
1476,one-to-one,dn_1601,isk_1950,Tu sai che è così.,解つて下すつて？,Tu,解つて下すつて,Giorgio,Giorgio,PRON,NULL,nsubj,nsubj,zero_to_src_anchor,
1477,one-to-one,dn_1602,isk_1951,"Egli soggiunse, a voce bassa, chinando la faccia sul petto di lei:",男は聲を落し、顏も下げて斯う附足した。,Egli,男,Giorgio,Giorgio,PRON,NOUN,nsubj,nsubj,explicit_ref_case,
1477,one-to-one,dn_1602,isk_1951,"Egli soggiunse, a voce bassa, chinando la faccia sul petto di lei:",男は聲を落し、顏も下げて斯う附足した。,MISSING,下げて,MISSING,Giorgio,MISSING,NULL,MISSING,nsubj,leftover_target,
1477,one-to-one,dn_1602,isk_1951,"Egli soggiunse, a voce bassa, chinando la faccia sul petto di lei:",男は聲を落し、顏も下げて斯う附足した。,MISSING,附足した,MISSING,Giorgio,MISSING,NULL,MISSING,nsubj,leftover_target,
1477,one-to-one,dn_1602,isk_1951,"Egli soggiunse, a voce bassa, chinando la faccia sul petto di lei:",男は聲を落し、顏も下げて斯う附足した。,lei,MISSING,Ippolita,MISSING,PRON,MISSING,obj,MISSING,leftover_source,
1478,one-to-one,dn_1603,isk_1952,Tu sai il mio male.,俺の病氣は知つてるだらうね。,mio,俺,Giorgio,Giorgio,DET,PRON,nmod,nsubj,explicit_ref_only,
1478,one-to-one,dn_1603,isk_1952,Tu sai il mio male.,俺の病氣は知つてるだらうね。,Tu,知つてる,Ippolita,Ippolita,PRON,NULL,nsubj,nsubj,zero_to_src_anchor,
1479,one-to-one,dn_1604,isk_1953,Ella pareva avere indovinato il pensiero dell'amante.,奈何いふ考想といふことは、女に飮込めたらしかつた。,amante,MISSING,Giorgio,MISSING,NOUN,MISSING,nmod,MISSING,leftover_source,
1479,one-to-one,dn_1604,isk_1953,Ella pareva avere indovinato il pensiero dell'amante.,奈何いふ考想といふことは、女に飮込めたらしかつた。,Ella,女,Ippolita,Ippolita,PRON,NOUN,nsubj,obj,explicit_ref_only,
1480,one-to-many,dn_1605,isk_1954 isk_1955,"Domandò, quasi in segreto, quasi restringendo con la voce sommessa il cerchio ove insieme respiravano e palpitavano:",內證話のやうに、聲を低げて尋ねた。 ―二人の呼吸したり、鼓動する位置は、その爲にずつと接近したやうであつた。,respiravano,二人,Giorgio Ippolita,Giorgio Ippolita,NULL,NOUN,nsubj,nsubj,zero_to_tgt_anchor,
1480,one-to-many,dn_1605,isk_1954 isk_1955,"Domandò, quasi in segreto, quasi restringendo con la voce sommessa il cerchio ove insieme respiravano e palpitavano:",內證話のやうに、聲を低げて尋ねた。 ―二人の呼吸したり、鼓動する位置は、その爲にずつと接近したやうであつた。,palpitavano,MISSING,Giorgio Ippolita,MISSING,NULL,MISSING,nsubj,MISSING,leftover_source,
1480,one-to-many,dn_1605,isk_1954 isk_1955,"Domandò, quasi in segreto, quasi restringendo con la voce sommessa il cerchio ove insieme respiravano e palpitavano:",內證話のやうに、聲を低げて尋ねた。 ―二人の呼吸したり、鼓動する位置は、その爲にずつと接近したやうであつた。,Domandò,低げて,Ippolita,Ippolita,NULL,NULL,nsubj,nsubj,zero_zero_semantic,0.3878501687409743
1480,one-to-many,dn_1605,isk_1954 isk_1955,"Domandò, quasi in segreto, quasi restringendo con la voce sommessa il cerchio ove insieme respiravano e palpitavano:",內證話のやうに、聲を低げて尋ねた。 ―二人の呼吸したり、鼓動する位置は、その爲にずつと接近したやうであつた。,MISSING,尋ねた,MISSING,Ippolita,MISSING,NULL,MISSING,nsubj,leftover_target,
1481,one-to-one,dn_1606,isk_1956,Come ti potrei guarire?,私奈何すれば貴郞の御病氣が痊せて？,ti,貴郞,Giorgio,Giorgio,PRON,PRON,obj,obj,explicit_full,
1481,one-to-one,dn_1606,isk_1956,Come ti potrei guarire?,私奈何すれば貴郞の御病氣が痊せて？,potrei guarire,私,Ippolita,Ippolita,NULL,PRON,nsubj,nsubj,zero_to_tgt_anchor,
1482,one-to-one,dn_1607,isk_1957,"Tacquero, avvinti.",二人は沈默して互ひに腕を取交した。,Tacquero,取交した,Giorgio Ippolita,Giorgio Ippolita,NULL,NULL,nsubj,nsubj,zero_zero_single,
1482,one-to-one,dn_1607,isk_1957,"Tacquero, avvinti.",二人は沈默して互ひに腕を取交した。,MISSING,二人,MISSING,Giorgio Ippolita,MISSING,NOUN,MISSING,nsubj,leftover_target,
1483,one-to-one,dn_1608,isk_1958,"Ma nel silenzio le loro anime consideravano, risolvevano una medesima cosa.",がその沈默の中に、二人の心は、同じ問題を考へたり、取極めたりした。,loro,二人,Giorgio Ippolita,Giorgio Ippolita,DET,NOUN,nmod,nsubj,explicit_ref_only,
1484,one-to-one,dn_1609,isk_1959,Vieni con me!,一緒に來てくれ。,me,MISSING,Giorgio,MISSING,PRON,MISSING,obj,MISSING,leftover_source,
1484,one-to-one,dn_1609,isk_1959,Vieni con me!,一緒に來てくれ。,Vieni,來てくれ,Ippolita,Ippolita,NULL,NULL,nsubj,nsubj,zero_zero_single,
1485,one-to-one,dn_1610,isk_1960,Giorgio interruppe.,到頭男が聲を立てた。,Giorgio,男,Giorgio,Giorgio,PROPN,NOUN,nsubj,nsubj,explicit_ref_case,
1486,one-to-many,dn_1611,isk_1961 isk_1962,"—Andiamo in un paese sconosciuto; restiamo là tutta la primavera, tutta l'estate, fin che potremo...",何處か知らない土地へ行かう。 其處で春中―夏中、何時まででも可いから靜として居よう。…,Andiamo,行かう,Giorgio Ippolita,Giorgio Ippolita,NULL,NULL,nsubj,nsubj,zero_zero_semantic,0.3156898623562994
1486,one-to-many,dn_1611,isk_1961 isk_1962,"—Andiamo in un paese sconosciuto; restiamo là tutta la primavera, tutta l'estate, fin che potremo...",何處か知らない土地へ行かう。 其處で春中―夏中、何時まででも可いから靜として居よう。…,restiamo,居よう,Giorgio Ippolita,Giorgio Ippolita,NULL,NULL,nsubj,nsubj,zero_zero_semantic,0.17646593556517645
1486,one-to-many,dn_1611,isk_1961 isk_1962,"—Andiamo in un paese sconosciuto; restiamo là tutta la primavera, tutta l'estate, fin che potremo...",何處か知らない土地へ行かう。 其處で春中―夏中、何時まででも可いから靜として居よう。…,potremo,MISSING,Giorgio Ippolita,MISSING,NULL,MISSING,nsubj,MISSING,leftover_source,
1487,one-to-one,dn_1612,isk_1963,E tu mi guarirai.,それで病氣は痊る。,mi,MISSING,Giorgio,MISSING,PRON,MISSING,obj,MISSING,leftover_source,
1487,one-to-one,dn_1612,isk_1963,E tu mi guarirai.,それで病氣は痊る。,tu,MISSING,Ippolita,MISSING,PRON,MISSING,nsubj,MISSING,leftover_source,
1488,many-to-one,dn_1613 dn_1614,isk_1964,Ella non esitò. Disse:,猶豫なく斯う女が返辭した。,Ella,女,Ippolita,Ippolita,PRON,NOUN,nsubj,nsubj,explicit_ref_case,
1488,many-to-one,dn_1613 dn_1614,isk_1964,Ella non esitò. Disse:,猶豫なく斯う女が返辭した。,Disse,MISSING,Ippolita,MISSING,NULL,MISSING,nsubj,MISSING,leftover_source,
1489,one-to-one,dn_1615,isk_1965,Eccomi.,私可いの。,mi,私,Ippolita,Ippolita,PRON,PRON,obj,nsubj,explicit_ref_pos,
1490,one-to-one,dn_1616,isk_1966,Io sono tua.,貴郞の所有ですもの。,tua,貴郞,Giorgio,Giorgio,DET,PRON,nmod,nmod,explicit_ref_case,
1490,one-to-one,dn_1616,isk_1966,Io sono tua.,貴郞の所有ですもの。,Io,です,Ippolita,Ippolita,PRON,NULL,nsubj,nsubj,zero_to_src_anchor,
1491,one-to-one,dn_1617,isk_1967,"Si sciolsero, consolati.",氣が落著いて抱いた手を解いた。,sciolsero,解いた,Giorgio Ippolita,Giorgio Ippolita,NULL,NULL,nsubj,nsubj,zero_zero_single,
1491,one-to-one,dn_1617,isk_1967,"Si sciolsero, consolati.",氣が落著いて抱いた手を解いた。,Si,MISSING,Ippolita,MISSING,PRON,MISSING,obj,MISSING,leftover_source,
1492,one-to-many,dn_1618,isk_1968 isk_1969,"Prepararono l'ultima valigia, per partire.",發つ時間は旣う來て居た。 最後の鞄に紐も懸けた。,Prepararono,懸けた,Giorgio Ippolita,Giorgio Ippolita,NULL,NULL,nsubj,nsubj,zero_zero_single,
1493,one-to-one,dn_1619,isk_1970,"Ippolita raccolse tutti i suoi fiori, già appassiti nei bicchieri:",イッポリイタは、玻璃議の中の萎びた花をいろいろ取集めた。,Ippolita,イッポリイタ,Ippolita,Ippolita,PROPN,PROPN,nsubj,nsubj,explicit_full,
1493,one-to-one,dn_1619,isk_1970,"Ippolita raccolse tutti i suoi fiori, già appassiti nei bicchieri:",イッポリイタは、玻璃議の中の萎びた花をいろいろ取集めた。,suoi,MISSING,Ippolita,MISSING,DET,MISSING,nmod,MISSING,leftover_source,
1495,one-to-one,dn_1621,isk_1975,Quei fiori potevano raccontare tutti gli idillii:,それらの花は、いづれも彼等の收歌を語るものであつた。,MISSING,彼等,MISSING,Giorgio Ippolita,MISSING,NOUN,MISSING,nmod,leftover_target,
1496,one-to-one,dn_1622,isk_1976,"—Oh la corsa folle giù per un pendìo ripido del parco, su le foglie secche dove i piedi affondavano sino alla caviglia!",踝まで踏込む枯葉の上を、陰しい傾斜に沿つて公園も徜徉した。,MISSING,沿つて,MISSING,Giorgio Ippolita,MISSING,NULL,MISSING,nsubj,leftover_target,
1496,one-to-one,dn_1622,isk_1976,"—Oh la corsa folle giù per un pendìo ripido del parco, su le foglie secche dove i piedi affondavano sino alla caviglia!",踝まで踏込む枯葉の上を、陰しい傾斜に沿つて公園も徜徉した。,MISSING,公園,MISSING,Giorgio Ippolita,MISSING,NOUN,MISSING,nsubj,leftover_target,
1496,one-to-one,dn_1622,isk_1976,"—Oh la corsa folle giù per un pendìo ripido del parco, su le foglie secche dove i piedi affondavano sino alla caviglia!",踝まで踏込む枯葉の上を、陰しい傾斜に沿つて公園も徜徉した。,MISSING,徜徉した,MISSING,Giorgio Ippolita,MISSING,NULL,MISSING,nsubj,leftover_target,
1497,one-to-many,dn_1623,isk_1977 isk_1978,"Ella gridava e rideva, sentendosi pungere le gambe dalle ortiche verdi, che trapassavano la calza sottile; e allora Giorgio, precedendola, abbatteva col bastone le piante pungenti che ella poi calpestava incolume.",尖つた蕁麻が彼女の薄い長靴下の上から突刺さつた時は、聲を揚げて笑ひさざめいた。 ジォルジオは女の前に立つて、ステッキで莖を薙仆したために、安心して其處が渡つて行けた。,Giorgio,ジォルジオ,Giorgio,Giorgio,PROPN,PROPN,nsubj,nsubj,explicit_full,
1497,one-to-many,dn_1623,isk_1977 isk_1978,"Ella gridava e rideva, sentendosi pungere le gambe dalle ortiche verdi, che trapassavano la calza sottile; e allora Giorgio, precedendola, abbatteva col bastone le piante pungenti che ella poi calpestava incolume.",尖つた蕁麻が彼女の薄い長靴下の上から突刺さつた時は、聲を揚げて笑ひさざめいた。 ジォルジオは女の前に立つて、ステッキで莖を薙仆したために、安心して其處が渡つて行けた。,abbatteva,MISSING,Giorgio,MISSING,NULL,MISSING,nsubj,MISSING,leftover_source,
1497,one-to-many,dn_1623,isk_1977 isk_1978,"Ella gridava e rideva, sentendosi pungere le gambe dalle ortiche verdi, che trapassavano la calza sottile; e allora Giorgio, precedendola, abbatteva col bastone le piante pungenti che ella poi calpestava incolume.",尖つた蕁麻が彼女の薄い長靴下の上から突刺さつた時は、聲を揚げて笑ひさざめいた。 ジォルジオは女の前に立つて、ステッキで莖を薙仆したために、安心して其處が渡つて行けた。,Ella,彼女,Ippolita,Ippolita,PRON,PRON,nsubj,nmod,explicit_ref_pos,
1497,one-to-many,dn_1623,isk_1977 isk_1978,"Ella gridava e rideva, sentendosi pungere le gambe dalle ortiche verdi, che trapassavano la calza sottile; e allora Giorgio, precedendola, abbatteva col bastone le piante pungenti che ella poi calpestava incolume.",尖つた蕁麻が彼女の薄い長靴下の上から突刺さつた時は、聲を揚げて笑ひさざめいた。 ジォルジオは女の前に立つて、ステッキで莖を薙仆したために、安心して其處が渡つて行けた。,si,女,Ippolita,Ippolita,PRON,NOUN,obj,nmod,explicit_ref_only,
1497,one-to-many,dn_1623,isk_1977 isk_1978,"Ella gridava e rideva, sentendosi pungere le gambe dalle ortiche verdi, che trapassavano la calza sottile; e allora Giorgio, precedendola, abbatteva col bastone le piante pungenti che ella poi calpestava incolume.",尖つた蕁麻が彼女の薄い長靴下の上から突刺さつた時は、聲を揚げて笑ひさざめいた。 ジォルジオは女の前に立つて、ステッキで莖を薙仆したために、安心して其處が渡つて行けた。,rideva,笑ひさざめいた,Ippolita,Ippolita,NULL,NULL,nsubj,nsubj,zero_zero_semantic,0.39882373038138036
1497,one-to-many,dn_1623,isk_1977 isk_1978,"Ella gridava e rideva, sentendosi pungere le gambe dalle ortiche verdi, che trapassavano la calza sottile; e allora Giorgio, precedendola, abbatteva col bastone le piante pungenti che ella poi calpestava incolume.",尖つた蕁麻が彼女の薄い長靴下の上から突刺さつた時は、聲を揚げて笑ひさざめいた。 ジォルジオは女の前に立つて、ステッキで莖を薙仆したために、安心して其處が渡つて行けた。,ella,揚げて,Ippolita,Ippolita,PRON,NULL,nsubj,nsubj,zero_to_src_anchor,
1497,one-to-many,dn_1623,isk_1977 isk_1978,"Ella gridava e rideva, sentendosi pungere le gambe dalle ortiche verdi, che trapassavano la calza sottile; e allora Giorgio, precedendola, abbatteva col bastone le piante pungenti che ella poi calpestava incolume.",尖つた蕁麻が彼女の薄い長靴下の上から突刺さつた時は、聲を揚げて笑ひさざめいた。 ジォルジオは女の前に立つて、ステッキで莖を薙仆したために、安心して其處が渡つて行けた。,la,MISSING,Ippolita,MISSING,PRON,MISSING,obj,MISSING,leftover_source,
1497,one-to-many,dn_1623,isk_1977 isk_1978,"Ella gridava e rideva, sentendosi pungere le gambe dalle ortiche verdi, che trapassavano la calza sottile; e allora Giorgio, precedendola, abbatteva col bastone le piante pungenti che ella poi calpestava incolume.",尖つた蕁麻が彼女の薄い長靴下の上から突刺さつた時は、聲を揚げて笑ひさざめいた。 ジォルジオは女の前に立つて、ステッキで莖を薙仆したために、安心して其處が渡つて行けた。,MISSING,渡つて行けた,MISSING,Ippolita,MISSING,NULL,MISSING,nsubj,leftover_target,
1499,one-to-many,dn_1625,isk_1981 isk_1982,"Ed ella dall'ombra umida guardava il campo esterno tutto coperto di mandorli e di peschi, rosei ed argentei, infinitamente delicati sul pallido indaco delle acque lacustri.",そして濕々した陰影の底からは、巴旦杏や、銀光を帶びた淡紅色の桃の樹で埋められた田園が見えた。 それは、澄切つた波の淺綠の下で限りなく目を樂ませた。,ella,MISSING,Ippolita,MISSING,PRON,MISSING,nsubj,MISSING,leftover_source,
1501,one-to-one,dn_1627,isk_1984,Guarda,御覽なさい。,Guarda,御覽なさい,Giorgio,Giorgio,NULL,NULL,nsubj,nsubj,zero_zero_single,
1502,one-to-one,dn_1628,isk_1985,ella disse mostrando a Giorgio una tessera,ジォルジオに一枚の切符を見せて女が、,Giorgio,ジォルジオ,Giorgio,Giorgio,PROPN,PROPN,obj,obj,explicit_full,
1502,one-to-one,dn_1628,isk_1985,ella disse mostrando a Giorgio una tessera,ジォルジオに一枚の切符を見せて女が、,ella,女,Ippolita,Ippolita,PRON,NOUN,nsubj,nsubj,explicit_ref_case,
1502,one-to-one,dn_1628,isk_1985,ella disse mostrando a Giorgio una tessera,ジォルジオに一枚の切符を見せて女が、,MISSING,見せて,MISSING,Ippolita,MISSING,NULL,MISSING,nsubj,leftover_target,
1504,one-to-one,dn_1630,isk_1987,Lo conservo.,私持つてませうね。,conservo,私,Ippolita,Ippolita,NULL,PRON,nsubj,nsubj,zero_to_tgt_anchor,
1505,one-to-one,dn_1631,isk_1988,Pancrazio batté all'uscio.,パンクラチオが扉を叩いた。,Pancrazio,パンクラチオ,Pancrazio,Pancrazio,PROPN,PROPN,nsubj,nsubj,explicit_full,
1506,one-to-one,dn_1632,isk_1989,Portava a Giorgio il conto saldato.,受取證を持つて來た。,Giorgio,MISSING,Giorgio,MISSING,PROPN,MISSING,obj,MISSING,leftover_source,
1506,one-to-one,dn_1632,isk_1989,Portava a Giorgio il conto saldato.,受取證を持つて來た。,Portava,持つて來た,Pancrazio,Pancrazio,NULL,NULL,nsubj,nsubj,zero_zero_single,
1507,one-to-one,dn_1633,isk_1990,"Intenerito dalla generosità del signore, egli si profuse in ringraziamenti e in augurii.",切れ離れの好い客に感した彼は、奈何禮を述つて可いか分らなかつた。,signore,MISSING,Giorgio,MISSING,NOUN,MISSING,nmod,MISSING,leftover_source,
1507,one-to-one,dn_1633,isk_1990,"Intenerito dalla generosità del signore, egli si profuse in ringraziamenti e in augurii.",切れ離れの好い客に感した彼は、奈何禮を述つて可いか分らなかつた。,MISSING,切れ離れの好い客,MISSING,Giorgio Ippolita,MISSING,NOUN,MISSING,obj,leftover_target,
1507,one-to-one,dn_1633,isk_1990,"Intenerito dalla generosità del signore, egli si profuse in ringraziamenti e in augurii.",切れ離れの好い客に感した彼は、奈何禮を述つて可いか分らなかつた。,egli,彼,Pancrazio,Pancrazio,PRON,PRON,nsubj,nsubj,explicit_full,
1507,one-to-one,dn_1633,isk_1990,"Intenerito dalla generosità del signore, egli si profuse in ringraziamenti e in augurii.",切れ離れの好い客に感した彼は、奈何禮を述つて可いか分らなかつた。,si,MISSING,Pancrazio,MISSING,PRON,MISSING,obj,MISSING,leftover_source,
1507,one-to-one,dn_1633,isk_1990,"Intenerito dalla generosità del signore, egli si profuse in ringraziamenti e in augurii.",切れ離れの好い客に感した彼は、奈何禮を述つて可いか分らなかつた。,MISSING,述つて,MISSING,Pancrazio,MISSING,NULL,MISSING,nsubj,leftover_target,
1508,one-to-many,dn_1634,isk_1991 isk_1992,"Giunse perfino a levarsi di tasca due biglietti di visita e adoffrirli «per memoria del suo povero nome», scusandosi dell'ardire.",到頭名刺を二枚衣兜から引出して、不躾ながら檀那様と奥様にと言つて差出した。 手前の名前を億ひ出されることも、といふ意味であつた。,Giunse,引出して,Pancrazio,Pancrazio,NULL,NULL,nsubj,nsubj,zero_zero_semantic,0.394628645290458
1508,one-to-many,dn_1634,isk_1991 isk_1992,"Giunse perfino a levarsi di tasca due biglietti di visita e adoffrirli «per memoria del suo povero nome», scusandosi dell'ardire.",到頭名刺を二枚衣兜から引出して、不躾ながら檀那様と奥様にと言つて差出した。 手前の名前を億ひ出されることも、といふ意味であつた。,si,MISSING,Pancrazio,MISSING,PRON,MISSING,obj,MISSING,leftover_source,
1508,one-to-many,dn_1634,isk_1991 isk_1992,"Giunse perfino a levarsi di tasca due biglietti di visita e adoffrirli «per memoria del suo povero nome», scusandosi dell'ardire.",到頭名刺を二枚衣兜から引出して、不躾ながら檀那様と奥様にと言つて差出した。 手前の名前を億ひ出されることも、といふ意味であつた。,si,MISSING,Pancrazio,MISSING,PRON,MISSING,obj,MISSING,leftover_source,
1508,one-to-many,dn_1634,isk_1991 isk_1992,"Giunse perfino a levarsi di tasca due biglietti di visita e adoffrirli «per memoria del suo povero nome», scusandosi dell'ardire.",到頭名刺を二枚衣兜から引出して、不躾ながら檀那様と奥様にと言つて差出した。 手前の名前を億ひ出されることも、といふ意味であつた。,MISSING,言つて,MISSING,Pancrazio,MISSING,NULL,MISSING,nsubj,leftover_target,
1508,one-to-many,dn_1634,isk_1991 isk_1992,"Giunse perfino a levarsi di tasca due biglietti di visita e adoffrirli «per memoria del suo povero nome», scusandosi dell'ardire.",到頭名刺を二枚衣兜から引出して、不躾ながら檀那様と奥様にと言つて差出した。 手前の名前を億ひ出されることも、といふ意味であつた。,MISSING,差出した,MISSING,Pancrazio,MISSING,NULL,MISSING,nsubj,leftover_target,
1509,one-to-one,dn_1635,isk_1993,"Come uscì, i due falsi sposi novelli si misero a ridere.",僕が引退るや否、此の僞似の若夫婦は噴飯した。,i due falsi sposi novelli,此の僞似の若夫婦,Giorgio Ippolita,Giorgio Ippolita,PRON,NOUN,obj,nsubj,explicit_ref_only,
1509,one-to-one,dn_1635,isk_1993,"Come uscì, i due falsi sposi novelli si misero a ridere.",僕が引退るや否、此の僞似の若夫婦は噴飯した。,si,MISSING,Giorgio Ippolita,MISSING,PRON,MISSING,obj,MISSING,leftover_source,
1509,one-to-one,dn_1635,isk_1993,"Come uscì, i due falsi sposi novelli si misero a ridere.",僕が引退るや否、此の僞似の若夫婦は噴飯した。,uscì,僕,Pancrazio,Pancrazio,NULL,NOUN,nsubj,nsubj,zero_to_tgt_anchor,
1510,many-to-one,dn_1636 dn_1637,isk_1994,Sul biglietto era scritto con un carattere pomposo: —Pancrazio Petrella.,名刺を見ると、氣取つた文字で、―Pancrazio Petrellaとしてあつた。,Pancrazio Petrella,Pancrazio Petrella,Pancrazio,Pancrazio,PROPN,PROPN,nsubj,nsubj,explicit_full,
1510,many-to-one,dn_1636 dn_1637,isk_1994,Sul biglietto era scritto con un carattere pomposo: —Pancrazio Petrella.,名刺を見ると、氣取つた文字で、―Pancrazio Petrellaとしてあつた。,MISSING,見ると,MISSING,Pancrazio,MISSING,NULL,MISSING,nsubj,leftover_target,
1511,one-to-one,dn_1639,isk_1995,Conserveremo anche questo!,これも記念に納つとくわ。,Conserveremo,MISSING,Giorgio Ippolita,MISSING,NULL,MISSING,nsubj,MISSING,leftover_source,
1511,one-to-one,dn_1639,isk_1995,Conserveremo anche questo!,これも記念に納つとくわ。,MISSING,納つとく,MISSING,Ippolita,MISSING,NULL,MISSING,nsubj,leftover_target,
1512,one-to-one,dn_1640,isk_1996,Pancrazio batté di nuovo all'uscio.,バンクラチオは復た扉を叩いた。,Pancrazio,バンクラチオ,Pancrazio,Pancrazio,PROPN,PROPN,nsubj,nsubj,explicit_full,
1513,one-to-one,dn_1641,isk_1997,"Portava in dono quattro o cinque aranci alla signora, magnifici.",奧樣のお土產にと、見事なオレンジを四五個持つて來た。,signora,MISSING,Ippolita,MISSING,NOUN,MISSING,obj,MISSING,leftover_source,
1513,one-to-one,dn_1641,isk_1997,"Portava in dono quattro o cinque aranci alla signora, magnifici.",奧樣のお土產にと、見事なオレンジを四五個持つて來た。,Portava,持つて來た,Pancrazio,Pancrazio,NULL,NULL,nsubj,nsubj,zero_zero_single,
1514,one-to-one,dn_1642,isk_1998,Gli occhi gli brillavano in un viso rubicondo.,其の眼は、ルウビイ色の顔に輝いた。,gli,其の,Pancrazio,Pancrazio,PRON,DET,obj,nmod,explicit_ref_only,
1515,one-to-one,dn_1643,isk_1999,Egli anche avvertì:,二人に注意して、,MISSING,二人,MISSING,Giorgio Ippolita,MISSING,NOUN,MISSING,obj,leftover_target,
1515,one-to-one,dn_1643,isk_1999,Egli anche avvertì:,二人に注意して、,Egli,注意して,Pancrazio,Pancrazio,PRON,NULL,nsubj,nsubj,zero_to_src_anchor,
1517,one-to-many,dn_1645,isk_2001 isk_2002,"Giù per le scale gli amanti furono ripresi dalla tristezza e quasi da un senso di timore, come se uscendo da quell'asilo di pace andassero incontro ad oscuri pericoli.",梯子段を降りる時は何となく悲しい、可怕しいやうな情が、二人の上に落ちた。 斯ういふ平和な隱れ家を後にして、何か薄り知られぬ危険に向つて行くといふ思ひがした。,gli amanti,二人,Giorgio Ippolita,Giorgio Ippolita,NOUN,NOUN,nsubj,nmod,explicit_ref_pos,
1517,one-to-many,dn_1645,isk_2001 isk_2002,"Giù per le scale gli amanti furono ripresi dalla tristezza e quasi da un senso di timore, come se uscendo da quell'asilo di pace andassero incontro ad oscuri pericoli.",梯子段を降りる時は何となく悲しい、可怕しいやうな情が、二人の上に落ちた。 斯ういふ平和な隱れ家を後にして、何か薄り知られぬ危険に向つて行くといふ思ひがした。,andassero,向つて行く,Giorgio Ippolita,Giorgio Ippolita,NULL,NULL,nsubj,nsubj,zero_zero_semantic,0.29336626230696977
1517,one-to-many,dn_1645,isk_2001 isk_2002,"Giù per le scale gli amanti furono ripresi dalla tristezza e quasi da un senso di timore, come se uscendo da quell'asilo di pace andassero incontro ad oscuri pericoli.",梯子段を降りる時は何となく悲しい、可怕しいやうな情が、二人の上に落ちた。 斯ういふ平和な隱れ家を後にして、何か薄り知られぬ危険に向つて行くといふ思ひがした。,MISSING,後にして,MISSING,Giorgio Ippolita,MISSING,NULL,MISSING,nsubj,leftover_target,
1517,one-to-many,dn_1645,isk_2001 isk_2002,"Giù per le scale gli amanti furono ripresi dalla tristezza e quasi da un senso di timore, come se uscendo da quell'asilo di pace andassero incontro ad oscuri pericoli.",梯子段を降りる時は何となく悲しい、可怕しいやうな情が、二人の上に落ちた。 斯ういふ平和な隱れ家を後にして、何か薄り知られぬ危険に向つて行くといふ思ひがした。,MISSING,思ひがした,MISSING,Giorgio Ippolita,MISSING,NULL,MISSING,nsubj,leftover_target,
1518,one-to-one,dn_1646,isk_2003,"Il vecchio albergatore li salutò su la porta, dicendo con rammarico:",年老いた亭主は扉口で換拶をして、殘惜しさうに、,li,MISSING,Giorgio Ippolita,MISSING,PRON,MISSING,obj,MISSING,leftover_source,
1518,one-to-one,dn_1646,isk_2003,"Il vecchio albergatore li salutò su la porta, dicendo con rammarico:",年老いた亭主は扉口で換拶をして、殘惜しさうに、,Il vecchio albergatore,年老いた亭主,Pancrazio,Pancrazio,NOUN,NOUN,nsubj,nsubj,explicit_full,
1519,one-to-one,dn_1647,isk_2004,Avevo per questa sera certe belle lòdole!,今晩の御馳走には、上等の天鸙が手に入りましてございますのに。,Avevo,手に入りましてございます,Pancrazio,Pancrazio,NULL,NULL,nsubj,nsubj,zero_zero_single,
1520,one-to-many,dn_1648,isk_2005 isk_2007,"Giorgio assicurò, con labbra convulse:",ジォルジオは唇を引詰めて、 と答へた。,Giorgio,ジォルジオ,Giorgio,Giorgio,PROPN,PROPN,nsubj,nsubj,explicit_full,
1520,one-to-many,dn_1648,isk_2005 isk_2007,"Giorgio assicurò, con labbra convulse:",ジォルジオは唇を引詰めて、 と答へた。,MISSING,答へた,MISSING,Giorgio,MISSING,NULL,MISSING,nsubj,leftover_target,
1521,one-to-one,dn_1649,isk_2006,"Torneremo presto, torneremo presto.",いや、また其の內―其の內又お世話になります。,Torneremo,MISSING,Giorgio Ippolita,MISSING,NULL,MISSING,nsubj,MISSING,leftover_source,
1521,one-to-one,dn_1649,isk_2006,"Torneremo presto, torneremo presto.",いや、また其の內―其の內又お世話になります。,torneremo,MISSING,Giorgio Ippolita,MISSING,NULL,MISSING,nsubj,MISSING,leftover_source,
1521,one-to-one,dn_1649,isk_2006,"Torneremo presto, torneremo presto.",いや、また其の內―其の內又お世話になります。,MISSING,お世話になります,MISSING,Pancrazio,MISSING,NULL,MISSING,nsubj,leftover_target,
1522,one-to-one,dn_1650,isk_2008,"Mentre scendevano alla stazione, il sole tramontava nel mare, all'estremo limite della pianura laziale, rossastro fra le caligini.",二人が停車場の方へ出掛けて行く折しも、深い霧の中に火の色をした、カムバニアの地平線の彼方、海の下へと太陽は沈んで行つた。,scendevano,二人,Giorgio Ippolita,Giorgio Ippolita,NULL,NOUN,nsubj,nsubj,zero_to_tgt_anchor,
1524,one-to-one,dn_1652,isk_2010,"Roma, nella sera di venerdì santo umidiccia e nebbiosa, parve loro, quando si separarono, una città dove altro non si potesse che morire.",その受苦日の夕暮方、羅馬で二人が別れた時に、濕気を含んで樣々となつた大市街は、二人には死ぬより外はない場所のやうに見られた。,loro,二人,Giorgio Ippolita,Giorgio Ippolita,PRON,NOUN,obj,obj,explicit_ref_case,
1524,one-to-one,dn_1652,isk_2010,"Roma, nella sera di venerdì santo umidiccia e nebbiosa, parve loro, quando si separarono, una città dove altro non si potesse che morire.",その受苦日の夕暮方、羅馬で二人が別れた時に、濕気を含んで樣々となつた大市街は、二人には死ぬより外はない場所のやうに見られた。,separarono,含んで,Giorgio Ippolita,Giorgio Ippolita,NULL,NULL,nsubj,nsubj,zero_zero_single,
1524,one-to-one,dn_1652,isk_2010,"Roma, nella sera di venerdì santo umidiccia e nebbiosa, parve loro, quando si separarono, una città dove altro non si potesse che morire.",その受苦日の夕暮方、羅馬で二人が別れた時に、濕気を含んで樣々となつた大市街は、二人には死ぬより外はない場所のやうに見られた。,si,MISSING,Giorgio Ippolita,MISSING,PRON-REFLEX,MISSING,obj,MISSING,leftover_source,
1524,one-to-one,dn_1652,isk_2010,"Roma, nella sera di venerdì santo umidiccia e nebbiosa, parve loro, quando si separarono, una città dove altro non si potesse che morire.",その受苦日の夕暮方、羅馬で二人が別れた時に、濕気を含んで樣々となつた大市街は、二人には死ぬより外はない場所のやうに見られた。,MISSING,二人,MISSING,Giorgio Ippolita,MISSING,NOUN,MISSING,nsubj,leftover_target,
