,sentence_pair,alignment_type,source_sentence_ids,target_sentence_ids,source_ref,target_ref,source_pos,target_pos,source_case,target_case,pair_type,zero_pair_cost
0,1,one-to-one,dn_0,iwsk_0,Ippolita,Ippolita,PROPN,PROPN,nsubj,nsubj,explicit_full,
1,1,one-to-one,dn_0,iwsk_0,Ippolita,Ippolita,NULL,NULL,nsubj,nsubj,zero_zero_single,
2,1,one-to-one,dn_0,iwsk_0,crowd-of-men,crowd-of-men,NOUN,NOUN,obj,nsubj,explicit_ref_pos,
3,1,one-to-one,dn_0,iwsk_0,MISSING,crowd-of-men,MISSING,NULL,MISSING,nsubj,leftover_target,
4,3,one-to-one,dn_2,iwsk_2,Giorgio,Giorgio,PROPN,PRON,nmod,nmod,explicit_ref_case,
5,3,one-to-one,dn_2,iwsk_2,Giorgio,Giorgio,PRON,PROPN,obj,obj,explicit_ref_case,
6,3,one-to-one,dn_2,iwsk_2,Ippolita,Ippolita,NULL,NULL,nsubj,nsubj,zero_zero_semantic,0.2608659505498505
7,3,one-to-one,dn_2,iwsk_2,Ippolita,Ippolita,PRON,NULL,nsubj,nsubj,zero_to_src_anchor,
8,4,one-to-one,dn_3,iwsk_4,Giorgio,Giorgio,PROPN,PROPN,nsubj,nsubj,explicit_full,
9,4,one-to-one,dn_3,iwsk_4,MISSING,Giorgio,MISSING,NULL,MISSING,nsubj,leftover_target,
10,4,one-to-one,dn_3,iwsk_4,crowd-of-men,crowd-of-men,NOUN,NOUN,nmod,nmod,explicit_full,
11,5,one-to-one,dn_4,iwsk_3,suicidal-man,suicidal-man,PRON,PRON,nsubj,nsubj,explicit_full,
12,5,one-to-one,dn_4,iwsk_3,suicidal-man,MISSING,PRON-REFLEX,MISSING,obj,MISSING,leftover_source,
13,5,one-to-one,dn_4,iwsk_3,MISSING,suicidal-man,MISSING,NULL,MISSING,nsubj,leftover_target,
14,6,one-to-one,dn_5,iwsk_6,Giorgio,Giorgio,NULL,NULL,nsubj,nsubj,zero_zero_single,
15,7,one-to-one,dn_6,iwsk_5,Giorgio Ippolita,Giorgio Ippolita,NULL,NULL,nsubj,nsubj,zero_zero_single,
16,7,one-to-one,dn_6,iwsk_5,Ippolita,MISSING,NULL,MISSING,nsubj,MISSING,leftover_source,
17,8,one-to-one,dn_7,iwsk_7,Ippolita,Ippolita,PRON,PRON,nsubj,nsubj,explicit_full,
18,9,one-to-one,dn_8,iwsk_9,Ippolita,Ippolita,NULL,NULL,nsubj,nsubj,zero_zero_single,
19,10,one-to-one,dn_9,iwsk_8,Giorgio Ippolita,Giorgio Ippolita,NULL,NULL,nsubj,nsubj,zero_zero_single,
20,11,one-to-one,dn_10,iwsk_10,Giorgio Ippolita,Giorgio Ippolita,NULL,NOUN,nsubj,nsubj,zero_to_tgt_anchor,
21,12,one-to-one,dn_11,iwsk_11,Ippolita,Ippolita,PROPN,PROPN,nsubj,nsubj,explicit_full,
22,12,one-to-one,dn_11,iwsk_11,crowd-of-men,crowd-of-men,NOUN,NOUN,obj,nmod,explicit_ref_pos,
23,16,one-to-one,dn_15,iwsk_15,Giorgio,Giorgio,PROPN,PROPN,nsubj,nsubj,explicit_full,
24,17,one-to-one,dn_16,iwsk_16,suicidal-man,suicidal-man,PRON,NOUN,nsubj,nsubj,explicit_ref_case,
25,17,one-to-one,dn_16,iwsk_16,suicidal-man,MISSING,PRON-REFLEX,MISSING,obj,MISSING,leftover_source,
26,18,one-to-one,dn_17,iwsk_17,Giorgio Ippolita,Giorgio Ippolita,PRON,NOUN,nsubj,nsubj,explicit_ref_case,
27,18,one-to-one,dn_17,iwsk_17,Giorgio Ippolita,MISSING,PRON-REFLEX,MISSING,obj,MISSING,leftover_source,
28,18,one-to-one,dn_17,iwsk_17,MISSING,Giorgio Ippolita,MISSING,NULL,MISSING,nsubj,leftover_target,
29,18,one-to-one,dn_17,iwsk_17,crowd-of-men,crowd-of-men,NOUN,NOUN,nmod,nmod,explicit_full,
30,19,one-to-one,dn_18,iwsk_18,crowd-of-men,crowd-of-men,NOUN,PRON,nsubj,nsubj,explicit_ref_case,
31,20,one-to-one,dn_19,iwsk_19,crowd-of-men,crowd-of-men,NOUN,NOUN,pred,pred,explicit_full,
32,20,one-to-one,dn_19,iwsk_19,crowd-of-men,crowd-of-men,NULL,NULL,nsubj,nsubj,zero_zero_single,
33,21,one-to-many,dn_20,iwsk_20 iwsk_21,crowd-of-men,crowd-of-men,DET,NOUN,nmod,nsubj,explicit_ref_only,
34,21,one-to-many,dn_20,iwsk_20 iwsk_21,crowd-of-men,MISSING,DET,MISSING,nmod,MISSING,leftover_source,
35,22,one-to-one,dn_21,iwsk_22,young-man,young-man,NOUN,NOUN,nsubj,nsubj,explicit_full,
36,22,one-to-one,dn_21,iwsk_22,MISSING,young-man,MISSING,NULL,MISSING,nsubj,leftover_target,
37,23,one-to-one,dn_22,iwsk_23,suicidal-man,MISSING,NULL,MISSING,nsubj,MISSING,leftover_source,
38,24,one-to-many,dn_23,iwsk_24 iwsk_25,MISSING,crowd-of-men,MISSING,NOUN,MISSING,nmod,leftover_target,
39,24,one-to-many,dn_23,iwsk_24 iwsk_25,man-from-the-crowd,man-from-the-crowd,NOUN,NOUN,nsubj,nsubj,explicit_full,
40,24,one-to-many,dn_23,iwsk_24 iwsk_25,man-from-the-crowd,MISSING,NULL,MISSING,nsubj,MISSING,leftover_source,
41,24,one-to-many,dn_23,iwsk_24 iwsk_25,man-from-the-crowd,MISSING,PRON-REFLEX,MISSING,obj,MISSING,leftover_source,
42,24,one-to-many,dn_23,iwsk_24 iwsk_25,young-man,young-man,PRON,NOUN,nsubj,nsubj,explicit_ref_case,
43,24,one-to-many,dn_23,iwsk_24 iwsk_25,young-man,MISSING,PRON,MISSING,obj,MISSING,leftover_source,
44,24,one-to-many,dn_23,iwsk_24 iwsk_25,young-man,MISSING,PRON-REFLEX,MISSING,obj,MISSING,leftover_source,
45,25,one-to-one,dn_24,iwsk_26,suicidal-man,MISSING,NULL,MISSING,nsubj,MISSING,leftover_source,
46,26,one-to-one,dn_25,iwsk_27,UNKNOWN,UNKNOWN,NULL,NULL,nsubj,nsubj,zero_zero_single,
47,26,one-to-one,dn_25,iwsk_27,suicidal-man,MISSING,PRON,MISSING,obj,MISSING,leftover_source,
48,29,one-to-one,dn_28,iwsk_30,suicidal-man,suicidal-man,NULL,NULL,nsubj,nsubj,zero_zero_single,
49,30,one-to-one,dn_29,iwsk_31,suicidal-man,suicidal-man,NULL,NULL,nsubj,nsubj,zero_zero_single,
50,31,one-to-one,dn_30,iwsk_32,man-with-a-pipe,man-with-a-pipe,NOUN,NOUN,nsubj,nsubj,explicit_full,
51,31,one-to-one,dn_30,iwsk_32,man-with-a-pipe,man-with-a-pipe,NULL,NULL,nsubj,nsubj,zero_zero_semantic,0.17285934682972093
52,31,one-to-one,dn_30,iwsk_32,man-with-a-pipe,MISSING,PRON-REFLEX,MISSING,obj,MISSING,leftover_source,
53,31,one-to-one,dn_30,iwsk_32,man-with-a-pipe,MISSING,PRON-REFLEX,MISSING,obj,MISSING,leftover_source,
54,31,one-to-one,dn_30,iwsk_32,MISSING,man-with-a-pipe,MISSING,NULL,MISSING,nsubj,leftover_target,
55,33,one-to-many,dn_32,iwsk_34 iwsk_35,man-with-a-pipe,man-with-a-pipe,DET,DET,nmod,nmod,explicit_full,
56,33,one-to-many,dn_32,iwsk_34 iwsk_35,man-with-a-pipe,man-with-a-pipe,DET,PRON,nmod,nmod,explicit_ref_case,
57,35,one-to-one,dn_34,iwsk_37,cart-driver,cart-driver,NOUN,NOUN,nsubj,nsubj,explicit_full,
58,35,one-to-one,dn_34,iwsk_37,cart-driver,MISSING,PRON-REFLEX,MISSING,obj,MISSING,leftover_source,
59,36,one-to-one,dn_35,iwsk_38,crowd-of-men,crowd-of-men,NOUN,NOUN,nsubj,nsubj,explicit_full,
60,36,one-to-one,dn_35,iwsk_38,MISSING,crowd-of-men,MISSING,NULL,MISSING,nsubj,leftover_target,
61,37,one-to-one,dn_36,iwsk_39,crowd-of-men,MISSING,NULL,MISSING,nsubj,MISSING,leftover_source,
62,39,one-to-one,dn_38,iwsk_41,cart-driver,cart-driver,NOUN,NOUN,nsubj,nsubj,explicit_full,
63,39,one-to-one,dn_38,iwsk_41,MISSING,cart-driver,MISSING,NULL,MISSING,nsubj,leftover_target,
64,39,one-to-one,dn_38,iwsk_41,MISSING,cart-driver,MISSING,NULL,MISSING,nsubj,leftover_target,
65,41,one-to-one,dn_40,iwsk_43,man-with-a-pipe,man-with-a-pipe,NOUN,NOUN,nsubj,nsubj,explicit_full,
66,42,one-to-many,dn_41,iwsk_44 iwsk_45,cart-driver,cart-driver,NOUN,NOUN,nsubj,nsubj,explicit_full,
67,42,one-to-many,dn_41,iwsk_44 iwsk_45,cart-driver,MISSING,PRON-REFLEX,MISSING,obj,MISSING,leftover_source,
68,42,one-to-many,dn_41,iwsk_44 iwsk_45,MISSING,cart-driver,MISSING,NULL,MISSING,nsubj,leftover_target,
69,42,one-to-many,dn_41,iwsk_44 iwsk_45,crowd-of-men,MISSING,PRON,MISSING,nsubj,MISSING,leftover_source,
70,47,one-to-one,dn_46,iwsk_50,Giorgio,Giorgio,PROPN,PROPN,vocative,vocative,explicit_full,
71,47,one-to-one,dn_46,iwsk_50,Giorgio Ippolita,Giorgio Ippolita,NULL,NULL,nsubj,nsubj,zero_zero_single,
72,48,one-to-many,dn_47,iwsk_51 iwsk_52,Giorgio,Giorgio,NOUN,NOUN,obj,obj,explicit_full,
73,48,one-to-many,dn_47,iwsk_51 iwsk_52,Giorgio,MISSING,PRON-REFLEX,MISSING,obj,MISSING,leftover_source,
74,48,one-to-many,dn_47,iwsk_51 iwsk_52,MISSING,Giorgio,MISSING,NULL,MISSING,nsubj,leftover_target,
75,48,one-to-many,dn_47,iwsk_51 iwsk_52,MISSING,Giorgio,MISSING,NULL,MISSING,nsubj,leftover_target,
76,48,one-to-many,dn_47,iwsk_51 iwsk_52,Ippolita,Ippolita,PROPN,PROPN,nsubj,nsubj,explicit_full,
77,48,one-to-many,dn_47,iwsk_51 iwsk_52,MISSING,Ippolita,MISSING,NULL,MISSING,nsubj,leftover_target,
78,48,one-to-many,dn_47,iwsk_51 iwsk_52,MISSING,Ippolita,MISSING,NULL,MISSING,nsubj,leftover_target,
79,48,one-to-many,dn_47,iwsk_51 iwsk_52,MISSING,Ippolita,MISSING,NULL,MISSING,nsubj,leftover_target,
80,48,one-to-many,dn_47,iwsk_51 iwsk_52,crowd-of-men,crowd-of-men,NOUN,NOUN,nmod,obj,explicit_ref_pos,
81,49,one-to-one,dn_48,iwsk_53,Giorgio Ippolita,Giorgio Ippolita,NULL,NOUN,nsubj,nsubj,zero_to_tgt_anchor,
82,50,one-to-many,dn_49,iwsk_54 iwsk_55,Giorgio Ippolita,Giorgio Ippolita,DET,NOUN,obj,nsubj,explicit_ref_only,
83,50,one-to-many,dn_49,iwsk_54 iwsk_55,Giorgio Ippolita,MISSING,DET,MISSING,nmod,MISSING,leftover_source,
84,53,one-to-one,dn_54,iwsk_58,Giorgio Ippolita,Giorgio Ippolita,DET,NOUN,nmod,nmod,explicit_ref_case,
85,53,one-to-one,dn_54,iwsk_58,MISSING,Giorgio Ippolita,MISSING,NULL,MISSING,nsubj,leftover_target,
86,54,one-to-one,dn_55,iwsk_59,Ippolita,Ippolita,PRON,PRON,nsubj,nsubj,explicit_full,
87,54,one-to-one,dn_55,iwsk_59,MISSING,Ippolita,MISSING,NULL,MISSING,nsubj,leftover_target,
88,57,one-to-one,dn_58,iwsk_62,Giorgio,Giorgio,PROPN,PROPN,nsubj,nsubj,explicit_full,
89,57,one-to-one,dn_58,iwsk_62,MISSING,Giorgio,MISSING,NULL,MISSING,nsubj,leftover_target,
90,57,one-to-one,dn_58,iwsk_62,Ippolita,MISSING,PRON,MISSING,obj,MISSING,leftover_source,
91,58,one-to-one,dn_59,iwsk_63,MISSING,Giorgio Ippolita,MISSING,PRON,MISSING,nmod,leftover_target,
92,59,one-to-one,dn_60,iwsk_64,Ippolita,Ippolita,PRON,PRON,nsubj,nsubj,explicit_full,
93,60,one-to-one,dn_61,iwsk_65,Ippolita,Ippolita,PRON,PRON,obj,nsubj,explicit_ref_pos,
94,61,one-to-one,dn_62,iwsk_66,Giorgio,Giorgio,PRON,PRON,obj,nmod,explicit_ref_pos,
95,62,one-to-one,dn_63,iwsk_67,Giorgio,Giorgio,PRON,PRON,nmod,nmod,explicit_full,
96,63,one-to-one,dn_64,iwsk_68,Giorgio,Giorgio,PRON,PRON,nsubj,nsubj,explicit_full,
97,63,one-to-one,dn_64,iwsk_68,MISSING,Giorgio,MISSING,PRON,MISSING,obj,leftover_target,
98,63,one-to-one,dn_64,iwsk_68,Ippolita,MISSING,PRON,MISSING,obj,MISSING,leftover_source,
99,63,one-to-one,dn_64,iwsk_68,MISSING,Ippolita,MISSING,NULL,MISSING,nsubj,leftover_target,
100,64,one-to-one,dn_65,iwsk_69,Giorgio,Giorgio,PRON,PRON,obj,nsubj,explicit_ref_pos,
101,65,one-to-one,dn_66,iwsk_70,Ippolita,MISSING,NULL,MISSING,nsubj,MISSING,leftover_source,
102,66,one-to-one,dn_67,iwsk_71,Ippolita,Ippolita,PRON,PRON,nsubj,nsubj,explicit_full,
103,66,one-to-one,dn_67,iwsk_71,MISSING,Ippolita,MISSING,NULL,MISSING,nsubj,leftover_target,
104,67,one-to-one,dn_68,iwsk_72,Ippolita,Ippolita,NULL,NULL,nsubj,nsubj,zero_zero_single,
105,68,one-to-one,dn_69,iwsk_73,MISSING,Giorgio,MISSING,PRON,MISSING,nsubj,leftover_target,
106,68,one-to-one,dn_69,iwsk_73,MISSING,Giorgio,MISSING,NULL,MISSING,nsubj,leftover_target,
107,68,one-to-one,dn_69,iwsk_73,Ippolita,MISSING,PRON,MISSING,nsubj,MISSING,leftover_source,
108,68,one-to-one,dn_69,iwsk_73,Ippolita,MISSING,NULL,MISSING,nsubj,MISSING,leftover_source,
109,69,one-to-many,dn_70,iwsk_74 iwsk_75,Giorgio,MISSING,PRON,MISSING,nsubj,MISSING,leftover_source,
110,69,one-to-many,dn_70,iwsk_74 iwsk_75,Giorgio Ippolita,Giorgio Ippolita,PRON,NOUN,nsubj,nsubj,explicit_ref_case,
111,69,one-to-many,dn_70,iwsk_74 iwsk_75,Giorgio Ippolita,MISSING,PRON-REFLEX,MISSING,obj,MISSING,leftover_source,
112,69,one-to-many,dn_70,iwsk_74 iwsk_75,MISSING,Giorgio Ippolita,MISSING,NULL,MISSING,nsubj,leftover_target,
113,71,one-to-one,dn_72,iwsk_77,Giorgio,Giorgio,PRON,PRON,nsubj,nsubj,explicit_full,
114,71,one-to-one,dn_72,iwsk_77,Giorgio,Giorgio,NULL,NULL,nsubj,nsubj,zero_zero_semantic,0.35976083770200806
115,71,one-to-one,dn_72,iwsk_77,Giorgio,MISSING,NULL,MISSING,nsubj,MISSING,leftover_source,
116,71,one-to-one,dn_72,iwsk_77,Ippolita,Ippolita,PRON,PRON,nsubj,nsubj,explicit_full,
117,71,one-to-one,dn_72,iwsk_77,Ippolita,Ippolita,PRON,PRON,obj,obj,explicit_full,
118,71,one-to-one,dn_72,iwsk_77,Ippolita,Ippolita,PRON,PRON,nsubj,nsubj,explicit_full,
119,71,one-to-one,dn_72,iwsk_77,Ippolita,MISSING,PRON,MISSING,obj,MISSING,leftover_source,
120,71,one-to-one,dn_72,iwsk_77,Ippolita,MISSING,PRON,MISSING,obj,MISSING,leftover_source,
121,73,one-to-one,dn_74,iwsk_79,Ippolita,Ippolita,PROPN,PROPN,vocative,vocative,explicit_full,
122,75,one-to-one,dn_76,iwsk_81,Ippolita,Ippolita,NOUN,PROPN,nsubj,nsubj,explicit_ref_case,
123,75,one-to-one,dn_76,iwsk_81,Ippolita,Ippolita,NULL,NULL,nsubj,nsubj,zero_zero_single,
124,75,one-to-one,dn_76,iwsk_81,Ippolita,MISSING,PRON-REFLEX,MISSING,obj,MISSING,leftover_source,
125,76,one-to-one,dn_77,iwsk_82,Giorgio,MISSING,PRON,MISSING,obj,MISSING,leftover_source,
126,76,one-to-one,dn_77,iwsk_82,Giorgio Ippolita,Giorgio Ippolita,NOUN,NOUN,nsubj,nsubj,explicit_full,
127,76,one-to-one,dn_77,iwsk_82,Ippolita,MISSING,PRON,MISSING,obj,MISSING,leftover_source,
128,77,one-to-many,dn_78,iwsk_83 iwsk_84,Giorgio Ippolita,Giorgio Ippolita,PRON,NOUN,nsubj,obj,explicit_ref_only,
129,77,one-to-many,dn_78,iwsk_83 iwsk_84,Giorgio Ippolita,Giorgio Ippolita,NULL,NULL,nsubj,nsubj,zero_zero_semantic,0.34892738315625144
130,77,one-to-many,dn_78,iwsk_83 iwsk_84,Giorgio Ippolita,MISSING,PRON-REFLEX,MISSING,obj,MISSING,leftover_source,
131,77,one-to-many,dn_78,iwsk_83 iwsk_84,Giorgio Ippolita,MISSING,PRON-REFLEX,MISSING,obj,MISSING,leftover_source,
132,77,one-to-many,dn_78,iwsk_83 iwsk_84,MISSING,Giorgio Ippolita,MISSING,NULL,MISSING,nsubj,leftover_target,
133,78,one-to-one,dn_79,iwsk_85,Giorgio Ippolita,Giorgio Ippolita,PRON,NOUN,obj,obj,explicit_ref_case,
134,78,one-to-one,dn_79,iwsk_85,Giorgio Ippolita,MISSING,PRON-REFLEX,MISSING,obj,MISSING,leftover_source,
135,78,one-to-one,dn_79,iwsk_85,Giorgio Ippolita,MISSING,PRON-REFLEX,MISSING,obj,MISSING,leftover_source,
136,78,one-to-one,dn_79,iwsk_85,Giorgio Ippolita,MISSING,PRON-REFLEX,MISSING,obj,MISSING,leftover_source,
137,78,one-to-one,dn_79,iwsk_85,MISSING,Giorgio Ippolita,MISSING,NULL,MISSING,nsubj,leftover_target,
138,78,one-to-one,dn_79,iwsk_85,MISSING,Giorgio Ippolita,MISSING,NULL,MISSING,nsubj,leftover_target,
139,78,one-to-one,dn_79,iwsk_85,MISSING,Giorgio Ippolita,MISSING,NULL,MISSING,nsubj,leftover_target,
140,78,one-to-one,dn_79,iwsk_85,MISSING,Giorgio Ippolita,MISSING,NULL,MISSING,nsubj,leftover_target,
141,79,one-to-many,dn_80,iwsk_86 iwsk_87,Giorgio,Giorgio,PROPN,PROPN,nsubj,nsubj,explicit_full,
142,79,one-to-many,dn_80,iwsk_86 iwsk_87,MISSING,Giorgio,MISSING,NULL,MISSING,nsubj,leftover_target,
143,79,one-to-many,dn_80,iwsk_86 iwsk_87,Ippolita,Ippolita,PROPN,PROPN,nsubj,nsubj,explicit_full,
144,79,one-to-many,dn_80,iwsk_86 iwsk_87,Ippolita,Ippolita,PRON,PRON,obj,obj,explicit_full,
145,79,one-to-many,dn_80,iwsk_86 iwsk_87,Ippolita,Ippolita,NULL,NULL,nsubj,nsubj,zero_zero_semantic,0.49133441793720734
146,79,one-to-many,dn_80,iwsk_86 iwsk_87,Ippolita,MISSING,PRON-REFLEX,MISSING,obj,MISSING,leftover_source,
147,79,one-to-many,dn_80,iwsk_86 iwsk_87,Ippolita,MISSING,PRON-REFLEX,MISSING,obj,MISSING,leftover_source,
148,79,one-to-many,dn_80,iwsk_86 iwsk_87,MISSING,Ippolita,MISSING,NULL,MISSING,nsubj,leftover_target,
149,79,one-to-many,dn_80,iwsk_86 iwsk_87,MISSING,Ippolita,MISSING,NULL,MISSING,nsubj,leftover_target,
150,81,one-to-one,dn_82,iwsk_89,Giorgio,Giorgio,PRON,PRON,nsubj,nsubj,explicit_full,
151,81,one-to-one,dn_82,iwsk_89,MISSING,Giorgio,MISSING,NULL,MISSING,nsubj,leftover_target,
152,81,one-to-one,dn_82,iwsk_89,MISSING,Giorgio,MISSING,NULL,MISSING,nsubj,leftover_target,
153,82,one-to-one,dn_83,iwsk_90,MISSING,Giorgio,MISSING,PRON,MISSING,nsubj,leftover_target,
154,82,one-to-one,dn_83,iwsk_90,MISSING,Giorgio,MISSING,NULL,MISSING,nsubj,leftover_target,
155,82,one-to-one,dn_83,iwsk_90,Ippolita,MISSING,PRON,MISSING,nsubj,MISSING,leftover_source,
156,82,one-to-one,dn_83,iwsk_90,Ippolita,MISSING,PRON,MISSING,nsubj,MISSING,leftover_source,
157,83,one-to-one,dn_84,iwsk_91,Giorgio,Giorgio,PRON,PRON,obj,obj,explicit_full,
158,83,one-to-one,dn_84,iwsk_91,Giorgio,MISSING,PRON,MISSING,obj,MISSING,leftover_source,
159,83,one-to-one,dn_84,iwsk_91,Ippolita,Ippolita,PRON,PRON,nsubj,nsubj,explicit_full,
160,83,one-to-one,dn_84,iwsk_91,Ippolita,Ippolita,PRON,PRON,obj,nmod,explicit_ref_pos,
161,83,one-to-one,dn_84,iwsk_91,Ippolita,Ippolita,PRON,NULL,nsubj,nsubj,zero_to_src_anchor,
162,83,one-to-one,dn_84,iwsk_91,MISSING,Ippolita,MISSING,NULL,MISSING,nsubj,leftover_target,
163,84,one-to-many,dn_85,iwsk_92 iwsk_93 iwsk_94,Giorgio,Giorgio,PRON,PRON,obj,nmod,explicit_ref_pos,
164,84,one-to-many,dn_85,iwsk_92 iwsk_93 iwsk_94,Giorgio,MISSING,PRON,MISSING,nsubj,MISSING,leftover_source,
165,84,one-to-many,dn_85,iwsk_92 iwsk_93 iwsk_94,Ippolita,Ippolita,DET,PRON,nmod,nmod,explicit_ref_case,
166,84,one-to-many,dn_85,iwsk_92 iwsk_93 iwsk_94,Ippolita,Ippolita,PRON,PRON,obj,nsubj,explicit_ref_pos,
167,84,one-to-many,dn_85,iwsk_92 iwsk_93 iwsk_94,Ippolita,Ippolita,NULL,NULL,nsubj,nsubj,zero_zero_semantic,0.25921946850972977
168,84,one-to-many,dn_85,iwsk_92 iwsk_93 iwsk_94,Ippolita,Ippolita,NULL,NULL,nsubj,nsubj,zero_zero_semantic,0.29044068871372125
169,84,one-to-many,dn_85,iwsk_92 iwsk_93 iwsk_94,Ippolita,MISSING,NULL,MISSING,nsubj,MISSING,leftover_source,
170,85,one-to-one,dn_86,iwsk_95,Giorgio,Giorgio,PRON,PRON,obj,nmod,explicit_ref_pos,
171,85,one-to-one,dn_86,iwsk_95,Ippolita,Ippolita,PRON,PRON,nsubj,nsubj,explicit_full,
172,86,one-to-many,dn_87,iwsk_96 iwsk_97,Giorgio,Giorgio,PRON,PRON,nsubj,nsubj,explicit_full,
173,86,one-to-many,dn_87,iwsk_96 iwsk_97,Giorgio,Giorgio,PRON,PRON,obj,nsubj,explicit_ref_pos,
174,86,one-to-many,dn_87,iwsk_96 iwsk_97,MISSING,Giorgio,MISSING,NULL,MISSING,nsubj,leftover_target,
175,86,one-to-many,dn_87,iwsk_96 iwsk_97,MISSING,Giorgio,MISSING,NULL,MISSING,nsubj,leftover_target,
176,86,one-to-many,dn_87,iwsk_96 iwsk_97,MISSING,Giorgio,MISSING,NULL,MISSING,nsubj,leftover_target,
177,86,one-to-many,dn_87,iwsk_96 iwsk_97,Ippolita,Ippolita,DET,NOUN,nmod,nmod,explicit_ref_case,
178,86,one-to-many,dn_87,iwsk_96 iwsk_97,MISSING,Ippolita,MISSING,NOUN,MISSING,obj,leftover_target,
179,87,one-to-many,dn_88,iwsk_98 iwsk_99 iwsk_100,Giorgio,Giorgio,PRON,PRON,nsubj,nsubj,explicit_full,
180,87,one-to-many,dn_88,iwsk_98 iwsk_99 iwsk_100,Giorgio,Giorgio,DET,PRON,nmod,nmod,explicit_ref_case,
181,87,one-to-many,dn_88,iwsk_98 iwsk_99 iwsk_100,Giorgio,Giorgio,PRON,NULL,nsubj,nsubj,zero_to_src_anchor,
182,87,one-to-many,dn_88,iwsk_98 iwsk_99 iwsk_100,Giorgio,MISSING,DET,MISSING,nmod,MISSING,leftover_source,
183,87,one-to-many,dn_88,iwsk_98 iwsk_99 iwsk_100,Giorgio,MISSING,DET,MISSING,nmod,MISSING,leftover_source,
184,87,one-to-many,dn_88,iwsk_98 iwsk_99 iwsk_100,Giorgio,MISSING,PRON,MISSING,obj,MISSING,leftover_source,
185,88,one-to-one,dn_89,iwsk_101,Giorgio,Giorgio,DET,PRON,nmod,nmod,explicit_ref_case,
186,89,many-to-one,dn_90 dn_91,iwsk_102,Giorgio,Giorgio,PRON,PRON,nsubj,nsubj,explicit_full,
187,89,many-to-one,dn_90 dn_91,iwsk_102,Giorgio,Giorgio,DET,PRON,nmod,nmod,explicit_ref_case,
188,89,many-to-one,dn_90 dn_91,iwsk_102,Giorgio,MISSING,NULL,MISSING,nsubj,MISSING,leftover_source,
189,90,one-to-one,dn_92,iwsk_103,Giorgio,Giorgio,PRON,PRON,nsubj,nsubj,explicit_full,
190,90,one-to-one,dn_92,iwsk_103,Ippolita,Ippolita,PRON,PRON,obj,obj,explicit_full,
191,91,one-to-one,dn_93,iwsk_104,Ippolita,Ippolita,PRON,PRON,nsubj,obj,explicit_ref_pos,
192,95,one-to-one,dn_97,iwsk_108,Giorgio,Giorgio,PRON,PRON,obj,obj,explicit_full,
193,95,one-to-one,dn_97,iwsk_108,Ippolita,Ippolita,PRON,PRON,nsubj,nsubj,explicit_full,
194,97,one-to-one,dn_99,iwsk_110,Ippolita,Ippolita,NULL,NULL,nsubj,nsubj,zero_zero_single,
195,98,one-to-one,dn_100,iwsk_111,Ippolita,Ippolita,PRON,PRON,nsubj,nsubj,explicit_full,
196,99,one-to-one,dn_101,iwsk_112,Giorgio,Giorgio,PRON,PRON,nsubj,nsubj,explicit_full,
197,99,one-to-one,dn_101,iwsk_112,MISSING,Giorgio,MISSING,PRON,MISSING,obj,leftover_target,
198,99,one-to-one,dn_101,iwsk_112,MISSING,Giorgio,MISSING,NULL,MISSING,nsubj,leftover_target,
199,101,one-to-one,dn_103,iwsk_114,Giorgio Ippolita,Giorgio Ippolita,NULL,NULL,nsubj,nsubj,zero_zero_semantic,0.4600030829509099
200,101,one-to-one,dn_103,iwsk_114,Giorgio Ippolita,Giorgio Ippolita,NULL,NOUN,nsubj,nsubj,zero_to_tgt_anchor,
201,102,one-to-one,dn_104,iwsk_115,Ippolita,Ippolita,PROPN,PROPN,nsubj,nsubj,explicit_full,
202,102,one-to-one,dn_104,iwsk_115,Ippolita,MISSING,PRON-REFLEX,MISSING,obj,MISSING,leftover_source,
203,102,one-to-one,dn_104,iwsk_115,MISSING,Ippolita,MISSING,NULL,MISSING,nsubj,leftover_target,
204,105,one-to-one,dn_107,iwsk_120,Giorgio,Giorgio,PROPN,PROPN,nsubj,nsubj,explicit_full,
205,105,one-to-one,dn_107,iwsk_120,MISSING,Giorgio,MISSING,NULL,MISSING,nsubj,leftover_target,
206,105,one-to-one,dn_107,iwsk_120,Ippolita,Ippolita,NOUN,NOUN,obj,nmod,explicit_ref_pos,
207,106,one-to-one,dn_108,iwsk_121,Giorgio Ippolita,Giorgio Ippolita,PRON,NULL,nsubj,nsubj,zero_to_src_anchor,
208,107,one-to-one,dn_109,iwsk_122,Giorgio,Giorgio,PRON,PRON,nsubj,nsubj,explicit_full,
209,108,many-to-one,dn_110 dn_111,iwsk_123,Ippolita,Ippolita,PROPN,PROPN,nsubj,nsubj,explicit_full,
210,108,many-to-one,dn_110 dn_111,iwsk_123,Ippolita,Ippolita,DET,PRON,nmod,nmod,explicit_ref_case,
211,108,many-to-one,dn_110 dn_111,iwsk_123,Ippolita,Ippolita,NULL,NULL,nsubj,nsubj,zero_zero_semantic,0.13181710087734722
212,108,many-to-one,dn_110 dn_111,iwsk_123,MISSING,Ippolita,MISSING,NULL,MISSING,nsubj,leftover_target,
213,109,one-to-one,dn_112,iwsk_124,MISSING,Giorgio,MISSING,PRON,MISSING,nsubj,leftover_target,
214,109,one-to-one,dn_112,iwsk_124,MISSING,Giorgio,MISSING,NULL,MISSING,nsubj,leftover_target,
215,110,one-to-one,dn_113,iwsk_125,Giorgio,Giorgio,PROPN,PROPN,obj,nmod,explicit_ref_pos,
216,110,one-to-one,dn_113,iwsk_125,Ippolita,Ippolita,NULL,NULL,nsubj,nsubj,zero_zero_single,
217,110,one-to-one,dn_113,iwsk_125,MISSING,Ippolita,MISSING,PRON,MISSING,nsubj,leftover_target,
218,111,one-to-one,dn_114,iwsk_126,Giorgio Ippolita,Giorgio Ippolita,PRON,NOUN,nsubj,nsubj,explicit_ref_case,
219,111,one-to-one,dn_114,iwsk_126,Giorgio Ippolita,MISSING,PRON-REFLEX,MISSING,obj,MISSING,leftover_source,
220,111,one-to-one,dn_114,iwsk_126,MISSING,Giorgio Ippolita,MISSING,NOUN,MISSING,nmod,leftover_target,
221,112,one-to-many,dn_115,iwsk_127 iwsk_128,Giorgio,Giorgio,NOUN,NOUN,nsubj,nsubj,explicit_full,
222,112,one-to-many,dn_115,iwsk_127 iwsk_128,Ippolita,Ippolita,PRON,PRON,nsubj,nsubj,explicit_full,
223,112,one-to-many,dn_115,iwsk_127 iwsk_128,Ippolita,Ippolita,PRON,NULL,nsubj,nsubj,zero_to_src_anchor,
224,113,one-to-one,dn_116,iwsk_129,Giorgio,Giorgio,DET,PRON,nmod,nmod,explicit_ref_case,
225,113,one-to-one,dn_116,iwsk_129,Giorgio,Giorgio,PRON,PRON,nsubj,obj,explicit_ref_pos,
226,113,one-to-one,dn_116,iwsk_129,Giorgio,MISSING,PRON,MISSING,nsubj,MISSING,leftover_source,
227,113,one-to-one,dn_116,iwsk_129,Ippolita,Ippolita,NULL,NULL,nsubj,nsubj,zero_zero_semantic,0.38326661406379
228,113,one-to-one,dn_116,iwsk_129,MISSING,Ippolita,MISSING,NULL,MISSING,nsubj,leftover_target,
229,113,one-to-one,dn_116,iwsk_129,MISSING,Ippolita,MISSING,NULL,MISSING,nsubj,leftover_target,
230,114,one-to-one,dn_117,iwsk_130,Giorgio,Giorgio,NULL,NULL,nsubj,nsubj,zero_zero_single,
231,115,one-to-one,dn_118,iwsk_131,Giorgio,Giorgio,PRON,PRON,nsubj,nsubj,explicit_full,
232,115,one-to-one,dn_118,iwsk_131,MISSING,Ippolita,MISSING,DET,MISSING,nmod,leftover_target,
233,116,one-to-many,dn_119,iwsk_132 iwsk_133,Giorgio,Giorgio,PRON,PRON,nsubj,nsubj,explicit_full,
234,116,one-to-many,dn_119,iwsk_132 iwsk_133,Giorgio,Giorgio,PRON,PRON,nmod,nmod,explicit_full,
235,116,one-to-many,dn_119,iwsk_132 iwsk_133,Giorgio,Giorgio,PRON,PRON,obj,nsubj,explicit_ref_pos,
236,116,one-to-many,dn_119,iwsk_132 iwsk_133,Giorgio,MISSING,PRON-REFLEX,MISSING,obj,MISSING,leftover_source,
237,116,one-to-many,dn_119,iwsk_132 iwsk_133,Giorgio,MISSING,PRON,MISSING,obj,MISSING,leftover_source,
238,116,one-to-many,dn_119,iwsk_132 iwsk_133,MISSING,Ippolita,MISSING,PRON,MISSING,nsubj,leftover_target,
239,117,one-to-one,dn_120,iwsk_134,Giorgio,Giorgio,NULL,NULL,nsubj,nsubj,zero_zero_single,
240,118,one-to-many,dn_121,iwsk_135 iwsk_136,Giorgio,Giorgio,PRON,PRON,obj,nmod,explicit_ref_pos,
241,118,one-to-many,dn_121,iwsk_135 iwsk_136,Ippolita,Ippolita,PROPN,PROPN,nsubj,nsubj,explicit_full,
242,118,one-to-many,dn_121,iwsk_135 iwsk_136,Ippolita,Ippolita,DET,PRON,nmod,nmod,explicit_ref_case,
243,119,one-to-one,dn_122,iwsk_137,Giorgio,Giorgio,NULL,PRON,nsubj,nsubj,zero_to_tgt_anchor,
244,120,one-to-one,dn_124,iwsk_138,Giorgio,Giorgio,NULL,PRON,nsubj,nsubj,zero_to_tgt_anchor,
245,121,one-to-one,dn_125,iwsk_139,Giorgio,Giorgio,DET,PRON,nmod,nmod,explicit_ref_case,
246,122,one-to-one,dn_126,iwsk_140,Giorgio,Giorgio,PRON,PRON,nsubj,nsubj,explicit_full,
247,122,one-to-one,dn_126,iwsk_140,Giorgio,Giorgio,PRON,PRON,obj,obj,explicit_full,
248,122,one-to-one,dn_126,iwsk_140,Giorgio,MISSING,PRON-REFLEX,MISSING,obj,MISSING,leftover_source,
249,122,one-to-one,dn_126,iwsk_140,MISSING,Giorgio,MISSING,PRON,MISSING,nmod,leftover_target,
250,122,one-to-one,dn_126,iwsk_140,MISSING,Giorgio,MISSING,NULL,MISSING,nsubj,leftover_target,
251,123,one-to-one,dn_127,iwsk_141,Giorgio,MISSING,DET,MISSING,nmod,MISSING,leftover_source,
252,123,one-to-one,dn_127,iwsk_141,Ippolita,Ippolita,NOUN,PRON,obj,nmod,explicit_ref_only,
253,124,one-to-one,dn_128,iwsk_142,Giorgio,Giorgio,PRON,PRON,nsubj,nsubj,explicit_full,
254,124,one-to-one,dn_128,iwsk_142,MISSING,Giorgio,MISSING,NULL,MISSING,nsubj,leftover_target,
255,124,one-to-one,dn_128,iwsk_142,MISSING,Giorgio,MISSING,NULL,MISSING,nsubj,leftover_target,
256,124,one-to-one,dn_128,iwsk_142,Ippolita,Ippolita,PRON,NOUN,obj,obj,explicit_ref_case,
257,125,one-to-one,dn_129,iwsk_143,Giorgio,Giorgio,DET,PRON,nmod,nsubj,explicit_ref_only,
258,126,one-to-one,dn_130,iwsk_144,Giorgio,Giorgio,PRON,PRON,nsubj,nsubj,explicit_full,
259,126,one-to-one,dn_130,iwsk_144,Giorgio,MISSING,PRON-REFLEX,MISSING,obj,MISSING,leftover_source,
260,126,one-to-one,dn_130,iwsk_144,MISSING,Giorgio Ippolita,MISSING,NOUN,MISSING,obj,leftover_target,
261,126,one-to-one,dn_130,iwsk_144,Ippolita,MISSING,NOUN,MISSING,obj,MISSING,leftover_source,
262,127,one-to-many,dn_131,iwsk_145 iwsk_146,Giorgio,Giorgio,DET,PRON,nmod,nmod,explicit_ref_case,
263,128,one-to-one,dn_132,iwsk_147,Giorgio,Giorgio,PRON,PRON,nsubj,nsubj,explicit_full,
264,129,one-to-one,dn_133,iwsk_148,Giorgio,Giorgio,PRON,PRON,nsubj,nsubj,explicit_full,
265,129,one-to-one,dn_133,iwsk_148,Giorgio,MISSING,PRON,MISSING,obj,MISSING,leftover_source,
266,129,one-to-one,dn_133,iwsk_148,MISSING,Giorgio,MISSING,NULL,MISSING,nsubj,leftover_target,
267,129,one-to-one,dn_133,iwsk_148,Ippolita,Ippolita,PROPN,PROPN,nsubj,nsubj,explicit_full,
268,130,one-to-one,dn_134,iwsk_149,Giorgio,Giorgio,PRON,PRON,nsubj,nsubj,explicit_full,
269,130,one-to-one,dn_134,iwsk_149,Giorgio,MISSING,PROPN,MISSING,vocative,MISSING,leftover_source,
270,130,one-to-one,dn_134,iwsk_149,Giorgio,MISSING,PRON,MISSING,obj,MISSING,leftover_source,
271,130,one-to-one,dn_134,iwsk_149,Ippolita,Ippolita,PRON,PRON,nsubj,nsubj,explicit_full,
272,130,one-to-one,dn_134,iwsk_149,MISSING,Ippolita,MISSING,PROPN,MISSING,vocative,leftover_target,
273,131,one-to-one,dn_135,iwsk_150,Ippolita,Ippolita,NULL,NULL,nsubj,nsubj,zero_zero_single,
274,132,one-to-one,dn_136,iwsk_151,Giorgio,Giorgio,PRON,PRON,nsubj,nsubj,explicit_full,
275,132,one-to-one,dn_136,iwsk_151,Giorgio,MISSING,PRON,MISSING,obj,MISSING,leftover_source,
276,132,one-to-one,dn_136,iwsk_151,Ippolita,Ippolita,PRON,PRON,nsubj,nsubj,explicit_full,
277,133,one-to-one,dn_138,iwsk_152,Giorgio,Giorgio,DET,PRON,nmod,nmod,explicit_ref_case,
278,133,one-to-one,dn_138,iwsk_152,Giorgio,MISSING,PRON,MISSING,obj,MISSING,leftover_source,
279,133,one-to-one,dn_138,iwsk_152,Ippolita,Ippolita,PRON,PRON,nsubj,nsubj,explicit_full,
280,133,one-to-one,dn_138,iwsk_152,Ippolita,Ippolita,NULL,NULL,nsubj,nsubj,zero_zero_semantic,0.4341002110811009
281,133,one-to-one,dn_138,iwsk_152,MISSING,Ippolita,MISSING,NULL,MISSING,nsubj,leftover_target,
282,134,one-to-one,dn_139,iwsk_153,Giorgio,Giorgio,PRON,PRON,obj,obj,explicit_full,
283,134,one-to-one,dn_139,iwsk_153,Giorgio,Giorgio,DET,PRON,nmod,nmod,explicit_ref_case,
284,134,one-to-one,dn_139,iwsk_153,Ippolita,Ippolita,PRON,PRON,nsubj,nmod,explicit_ref_pos,
285,134,one-to-one,dn_139,iwsk_153,Ippolita,Ippolita,NULL,NULL,nsubj,nsubj,zero_zero_single,
286,135,one-to-one,dn_140,iwsk_154,Giorgio,Giorgio,PRON,PRON,nsubj,nsubj,explicit_full,
287,135,one-to-one,dn_140,iwsk_154,Ippolita,Ippolita,PRON,PRON,obj,nmod,explicit_ref_pos,
288,137,one-to-many,dn_142,iwsk_156 iwsk_157,MISSING,Giorgio,MISSING,NULL,MISSING,nsubj,leftover_target,
289,138,one-to-one,dn_143,iwsk_158,Giorgio,Giorgio,PRON,PRON,nsubj,nsubj,explicit_full,
290,138,one-to-one,dn_143,iwsk_158,Giorgio,Giorgio,PRON,PRON,nsubj,nsubj,explicit_full,
291,138,one-to-one,dn_143,iwsk_158,MISSING,Giorgio,MISSING,NULL,MISSING,nsubj,leftover_target,
292,138,one-to-one,dn_143,iwsk_158,MISSING,Giorgio,MISSING,NULL,MISSING,nsubj,leftover_target,
293,139,one-to-one,dn_144,iwsk_159,Giorgio,Giorgio,PRON,PRON,obj,obj,explicit_full,
294,139,one-to-one,dn_144,iwsk_159,Ippolita,Ippolita,PRON,PRON,nsubj,nsubj,explicit_full,
295,140,one-to-many,dn_145,iwsk_160 iwsk_161,Giorgio,Giorgio,PRON,PRON,obj,obj,explicit_full,
296,140,one-to-many,dn_145,iwsk_160 iwsk_161,Giorgio,Giorgio,PRON,PRON,obj,nsubj,explicit_ref_pos,
297,140,one-to-many,dn_145,iwsk_160 iwsk_161,MISSING,Giorgio,MISSING,PRON,MISSING,nsubj,leftover_target,
298,140,one-to-many,dn_145,iwsk_160 iwsk_161,Ippolita,Ippolita,PRON,PRON,nsubj,nsubj,explicit_full,
299,140,one-to-many,dn_145,iwsk_160 iwsk_161,Ippolita,Ippolita,PRON,PRON,obj,nmod,explicit_ref_pos,
300,140,one-to-many,dn_145,iwsk_160 iwsk_161,MISSING,Ippolita,MISSING,DET,MISSING,nmod,leftover_target,
301,140,one-to-many,dn_145,iwsk_160 iwsk_161,MISSING,Ippolita,MISSING,DET,MISSING,nmod,leftover_target,
302,141,one-to-one,dn_146,iwsk_162,Giorgio,Giorgio,PRON,PRON,nsubj,nsubj,explicit_full,
303,141,one-to-one,dn_146,iwsk_162,MISSING,Giorgio,MISSING,PRON,MISSING,nmod,leftover_target,
304,141,one-to-one,dn_146,iwsk_162,Ippolita,MISSING,DET,MISSING,nmod,MISSING,leftover_source,
305,141,one-to-one,dn_146,iwsk_162,Ippolita,MISSING,DET,MISSING,nmod,MISSING,leftover_source,
306,141,one-to-one,dn_146,iwsk_162,Ippolita,MISSING,DET,MISSING,nmod,MISSING,leftover_source,
307,143,one-to-one,dn_148,iwsk_164,MISSING,Giorgio Ippolita,MISSING,NOUN,MISSING,obj,leftover_target,
308,144,one-to-one,dn_149,iwsk_165,Giorgio,Giorgio,PRON,PRON,obj,obj,explicit_full,
309,144,one-to-one,dn_149,iwsk_165,Ippolita,Ippolita,PRON,PRON,nsubj,nsubj,explicit_full,
310,145,one-to-many,dn_150,iwsk_166 iwsk_167,Giorgio Ippolita,Giorgio Ippolita,PRON,PRON,nsubj,nsubj,explicit_full,
311,145,one-to-many,dn_150,iwsk_166 iwsk_167,MISSING,Giorgio Ippolita,MISSING,NULL,MISSING,nsubj,leftover_target,
312,145,one-to-many,dn_150,iwsk_166 iwsk_167,MISSING,Giorgio Ippolita,MISSING,NOUN,MISSING,pred,leftover_target,
313,145,one-to-many,dn_150,iwsk_166 iwsk_167,MISSING,Giorgio Ippolita,MISSING,NULL,MISSING,nsubj,leftover_target,
314,145,one-to-many,dn_150,iwsk_166 iwsk_167,MISSING,Giorgio Ippolita,MISSING,NOUN,MISSING,pred,leftover_target,
315,145,one-to-many,dn_150,iwsk_166 iwsk_167,MISSING,Giorgio Ippolita,MISSING,NULL,MISSING,nsubj,leftover_target,
316,146,one-to-many,dn_151,iwsk_168 iwsk_169,Giorgio,Giorgio,PRON,PRON,nsubj,nsubj,explicit_full,
317,146,one-to-many,dn_151,iwsk_168 iwsk_169,Giorgio,MISSING,DET,MISSING,nmod,MISSING,leftover_source,
318,146,one-to-many,dn_151,iwsk_168 iwsk_169,Ippolita,Ippolita,DET,DET,nmod,nmod,explicit_full,
319,146,one-to-many,dn_151,iwsk_168 iwsk_169,MISSING,Ippolita,MISSING,PRON,MISSING,nmod,leftover_target,
320,146,one-to-many,dn_151,iwsk_168 iwsk_169,MISSING,Ippolita,MISSING,PRON,MISSING,nmod,leftover_target,
321,146,one-to-many,dn_151,iwsk_168 iwsk_169,MISSING,Ippolita,MISSING,PRON,MISSING,obj,leftover_target,
322,147,one-to-many,dn_152,iwsk_170 iwsk_171,Giorgio,Giorgio,DET,DET,nmod,nmod,explicit_full,
323,147,one-to-many,dn_152,iwsk_170 iwsk_171,Giorgio,Giorgio,DET,PRON,nmod,nmod,explicit_ref_case,
324,147,one-to-many,dn_152,iwsk_170 iwsk_171,Giorgio,Giorgio,NULL,PRON,nsubj,nsubj,zero_to_tgt_anchor,
325,147,one-to-many,dn_152,iwsk_170 iwsk_171,Ippolita,Ippolita,PRON,PRON,obj,obj,explicit_full,
326,147,one-to-many,dn_152,iwsk_170 iwsk_171,Ippolita,Ippolita,PRON,PRON,obj,nmod,explicit_ref_pos,
327,148,one-to-many,dn_153,iwsk_172 iwsk_173,Giorgio,Giorgio,PRON,PRON,nsubj,nsubj,explicit_full,
328,148,one-to-many,dn_153,iwsk_172 iwsk_173,Ippolita,Ippolita,PRON,PRON,obj,obj,explicit_full,
329,148,one-to-many,dn_153,iwsk_172 iwsk_173,Ippolita,Ippolita,DET,PRON,nmod,nmod,explicit_ref_case,
330,149,one-to-one,dn_154,iwsk_174,Giorgio,Giorgio,PRON,PRON,nsubj,nsubj,explicit_full,
331,149,one-to-one,dn_154,iwsk_174,Ippolita,Ippolita,DET,PRON,nmod,nmod,explicit_ref_case,
332,150,one-to-one,dn_155,iwsk_175,Giorgio,Giorgio,PRON,PRON,nsubj,obj,explicit_ref_pos,
333,151,one-to-many,dn_156,iwsk_176 iwsk_177 iwsk_178,Giorgio,Giorgio,PRON,PRON,obj,obj,explicit_full,
334,151,one-to-many,dn_156,iwsk_176 iwsk_177 iwsk_178,Giorgio,Giorgio,NULL,NULL,nsubj,nsubj,zero_zero_semantic,0.2440313035544256
335,151,one-to-many,dn_156,iwsk_176 iwsk_177 iwsk_178,Giorgio,Giorgio,NULL,NULL,nsubj,nsubj,zero_zero_semantic,0.17646547735821488
336,151,one-to-many,dn_156,iwsk_176 iwsk_177 iwsk_178,Giorgio,Giorgio,NULL,NULL,nsubj,nsubj,zero_zero_semantic,0.19104336396565402
337,151,one-to-many,dn_156,iwsk_176 iwsk_177 iwsk_178,Giorgio,Giorgio,NULL,NULL,nsubj,nsubj,zero_zero_semantic,0.38139990090751125
338,151,one-to-many,dn_156,iwsk_176 iwsk_177 iwsk_178,Giorgio,Giorgio,NULL,PRON,nsubj,nsubj,zero_to_tgt_anchor,
339,151,one-to-many,dn_156,iwsk_176 iwsk_177 iwsk_178,Giorgio,MISSING,PRON-REFLEX,MISSING,obj,MISSING,leftover_source,
340,151,one-to-many,dn_156,iwsk_176 iwsk_177 iwsk_178,Giorgio,MISSING,NULL,MISSING,nsubj,MISSING,leftover_source,
341,151,one-to-many,dn_156,iwsk_176 iwsk_177 iwsk_178,Giorgio,MISSING,PRON-REFLEX,MISSING,obj,MISSING,leftover_source,
342,151,one-to-many,dn_156,iwsk_176 iwsk_177 iwsk_178,Ippolita,Ippolita,PRON,PRON,obj,obj,explicit_full,
343,151,one-to-many,dn_156,iwsk_176 iwsk_177 iwsk_178,Ippolita,Ippolita,PRON,PRON,obj,obj,explicit_full,
344,151,one-to-many,dn_156,iwsk_176 iwsk_177 iwsk_178,Ippolita,Ippolita,DET,PRON,nmod,nmod,explicit_ref_case,
345,151,one-to-many,dn_156,iwsk_176 iwsk_177 iwsk_178,Ippolita,Ippolita,PRON,PRON,obj,nsubj,explicit_ref_pos,
346,151,one-to-many,dn_156,iwsk_176 iwsk_177 iwsk_178,Ippolita,Ippolita,PRON,PRON,obj,nmod,explicit_ref_pos,
347,152,one-to-one,dn_157,iwsk_179,Giorgio,Giorgio,PRON,PRON,obj,obj,explicit_full,
348,153,one-to-one,dn_158,iwsk_180,Giorgio,Giorgio,PRON,PRON,nsubj,nsubj,explicit_full,
349,153,one-to-one,dn_158,iwsk_180,MISSING,Giorgio,MISSING,NULL,MISSING,nsubj,leftover_target,
350,153,one-to-one,dn_158,iwsk_180,Ippolita,Ippolita,PRON,PRON,obj,obj,explicit_full,
351,154,one-to-one,dn_159,iwsk_181,Giorgio,Giorgio,DET,PRON,nmod,nmod,explicit_ref_case,
352,154,one-to-one,dn_159,iwsk_181,Giorgio,Giorgio,PRON,NULL,nsubj,nsubj,zero_to_src_anchor,
353,154,one-to-one,dn_159,iwsk_181,MISSING,Giorgio,MISSING,NULL,MISSING,nsubj,leftover_target,
354,154,one-to-one,dn_159,iwsk_181,Ippolita,Ippolita,PRON,PRON,obj,obj,explicit_full,
355,155,one-to-one,dn_160,iwsk_182,Giorgio,Giorgio,PRON,PRON,obj,obj,explicit_full,
356,155,one-to-one,dn_160,iwsk_182,Giorgio,MISSING,NULL,MISSING,nsubj,MISSING,leftover_source,
357,155,one-to-one,dn_160,iwsk_182,Giorgio,MISSING,PRON,MISSING,obj,MISSING,leftover_source,
358,155,one-to-one,dn_160,iwsk_182,MISSING,Giorgio Ippolita,MISSING,NOUN,MISSING,nmod,leftover_target,
359,155,one-to-one,dn_160,iwsk_182,Ippolita,MISSING,PRON,MISSING,obj,MISSING,leftover_source,
360,155,one-to-one,dn_160,iwsk_182,MISSING,Ippolita,MISSING,NULL,MISSING,nsubj,leftover_target,
361,156,one-to-one,dn_161,iwsk_183,Giorgio,Giorgio,PRON,PRON,obj,obj,explicit_full,
362,156,one-to-one,dn_161,iwsk_183,Ippolita,Ippolita,PRON,PRON,nsubj,nsubj,explicit_full,
363,156,one-to-one,dn_161,iwsk_183,Ippolita,Ippolita,NULL,NULL,nsubj,nsubj,zero_zero_semantic,0.27136673254626137
364,156,one-to-one,dn_161,iwsk_183,Ippolita,Ippolita,NULL,NULL,nsubj,nsubj,zero_zero_semantic,0.39232283711433413
365,156,one-to-one,dn_161,iwsk_183,Ippolita,MISSING,PRON,MISSING,obj,MISSING,leftover_source,
366,157,one-to-one,dn_162,iwsk_184,Giorgio,Giorgio,PRON,PRON,nsubj,nsubj,explicit_full,
367,159,one-to-one,dn_164,iwsk_186,Giorgio,Giorgio,PRON,PRON,obj,obj,explicit_full,
368,159,one-to-one,dn_164,iwsk_186,Giorgio,MISSING,PRON,MISSING,obj,MISSING,leftover_source,
369,159,one-to-one,dn_164,iwsk_186,Ippolita,Ippolita,PRON,PRON,nsubj,nsubj,explicit_full,
370,159,one-to-one,dn_164,iwsk_186,Ippolita,Ippolita,NULL,NULL,nsubj,nsubj,zero_zero_single,
371,160,one-to-many,dn_165,iwsk_187 iwsk_188 iwsk_189,Giorgio,Giorgio,PRON,PRON,nsubj,nsubj,explicit_full,
372,160,one-to-many,dn_165,iwsk_187 iwsk_188 iwsk_189,Giorgio,Giorgio,NULL,NULL,nsubj,nsubj,zero_zero_semantic,0.4825031133694979
373,160,one-to-many,dn_165,iwsk_187 iwsk_188 iwsk_189,Giorgio,Giorgio,NULL,NULL,nsubj,nsubj,zero_zero_semantic,0.44292206662039413
374,160,one-to-many,dn_165,iwsk_187 iwsk_188 iwsk_189,Giorgio,Giorgio,NULL,PRON,nsubj,nsubj,zero_to_tgt_anchor,
375,160,one-to-many,dn_165,iwsk_187 iwsk_188 iwsk_189,Giorgio,MISSING,PRON-REFLEX,MISSING,obj,MISSING,leftover_source,
376,160,one-to-many,dn_165,iwsk_187 iwsk_188 iwsk_189,Giorgio,MISSING,NULL,MISSING,nsubj,MISSING,leftover_source,
377,160,one-to-many,dn_165,iwsk_187 iwsk_188 iwsk_189,MISSING,Giorgio,MISSING,PRON,MISSING,nmod,leftover_target,
378,160,one-to-many,dn_165,iwsk_187 iwsk_188 iwsk_189,Ippolita,Ippolita,PRON,PRON,obj,obj,explicit_full,
379,160,one-to-many,dn_165,iwsk_187 iwsk_188 iwsk_189,Ippolita,Ippolita,DET,PRON,nmod,nmod,explicit_ref_case,
380,160,one-to-many,dn_165,iwsk_187 iwsk_188 iwsk_189,MISSING,Ippolita,MISSING,PRON,MISSING,obj,leftover_target,
381,160,one-to-many,dn_165,iwsk_187 iwsk_188 iwsk_189,MISSING,Ippolita,MISSING,PRON,MISSING,nsubj,leftover_target,
382,161,one-to-one,dn_166,iwsk_190,Giorgio Ippolita,Giorgio Ippolita,PRON,PRON,obj,nmod,explicit_ref_pos,
383,162,one-to-one,dn_167,iwsk_191,Giorgio,Giorgio,PRON,PRON,nsubj,nsubj,explicit_full,
384,162,one-to-one,dn_167,iwsk_191,Ippolita,Ippolita,PRON,PRON,obj,obj,explicit_full,
385,163,one-to-one,dn_168,iwsk_192,Ippolita,Ippolita,NULL,NULL,nsubj,nsubj,zero_zero_single,
386,164,one-to-one,dn_169,iwsk_193,Giorgio,MISSING,PRON,MISSING,obj,MISSING,leftover_source,
387,164,one-to-one,dn_169,iwsk_193,Ippolita,Ippolita,PRON,PRON,nsubj,nsubj,explicit_full,
388,165,one-to-one,dn_170,iwsk_194,Giorgio,Giorgio,NULL,NULL,nsubj,nsubj,zero_zero_single,
389,166,one-to-many,dn_171,iwsk_195 iwsk_196,Giorgio,Giorgio,DET,PRON,nmod,nmod,explicit_ref_case,
390,166,one-to-many,dn_171,iwsk_195 iwsk_196,Giorgio,Giorgio,PRON,PRON,nsubj,obj,explicit_ref_pos,
391,166,one-to-many,dn_171,iwsk_195 iwsk_196,Ippolita,Ippolita,DET,PRON,nmod,nmod,explicit_ref_case,
392,166,one-to-many,dn_171,iwsk_195 iwsk_196,Ippolita,Ippolita,PRON,PRON,nsubj,obj,explicit_ref_pos,
393,167,one-to-one,dn_172,iwsk_197,MISSING,Giorgio Ippolita,MISSING,NOUN,MISSING,nmod,leftover_target,
394,168,one-to-one,dn_173,iwsk_198,Giorgio,Giorgio,PRON,PRON,nsubj,nsubj,explicit_full,
395,168,one-to-one,dn_173,iwsk_198,Giorgio,Giorgio,NULL,NULL,nsubj,nsubj,zero_zero_semantic,0.3564623979017848
396,168,one-to-one,dn_173,iwsk_198,Giorgio,Giorgio,NULL,NULL,nsubj,nsubj,zero_zero_semantic,0.28755585795357114
397,168,one-to-one,dn_173,iwsk_198,Giorgio,Giorgio,PRON-REFLEX,PRON,obj,obj,reflex_obj,
398,168,one-to-one,dn_173,iwsk_198,MISSING,Giorgio,MISSING,NULL,MISSING,nsubj,leftover_target,
399,168,one-to-one,dn_173,iwsk_198,MISSING,Giorgio,MISSING,NULL,MISSING,nsubj,leftover_target,
400,168,one-to-one,dn_173,iwsk_198,MISSING,Giorgio,MISSING,PRON,MISSING,nmod,leftover_target,
401,168,one-to-one,dn_173,iwsk_198,MISSING,Giorgio,MISSING,NULL,MISSING,nsubj,leftover_target,
402,168,one-to-one,dn_173,iwsk_198,Ippolita,Ippolita,PRON,PRON,nmod,nmod,explicit_full,
403,168,one-to-one,dn_173,iwsk_198,Ippolita,Ippolita,PRON,PRON,obj,obj,explicit_full,
404,168,one-to-one,dn_173,iwsk_198,Ippolita,Ippolita,PRON,PRON,obj,obj,explicit_full,
405,168,one-to-one,dn_173,iwsk_198,Ippolita,Ippolita,DET,PRON,nmod,nmod,explicit_ref_case,
406,170,one-to-one,dn_175,iwsk_200,MISSING,Ippolita,MISSING,NULL,MISSING,nsubj,leftover_target,
407,171,one-to-one,dn_176,iwsk_201,Ippolita,Ippolita,PROPN,PROPN,nsubj,nsubj,explicit_full,
408,172,one-to-one,dn_177,iwsk_202,Ippolita,Ippolita,PRON,PRON,nsubj,obj,explicit_ref_pos,
409,173,one-to-one,dn_178,iwsk_203,Ippolita,Ippolita,PRON,PRON,nsubj,nsubj,explicit_full,
410,174,one-to-one,dn_179,iwsk_204,Ippolita,Ippolita,NULL,PRON,nsubj,nsubj,zero_to_tgt_anchor,
411,175,one-to-one,dn_180,iwsk_205,Giorgio,Giorgio,NOUN,PRON,obj,nmod,explicit_ref_only,
412,175,one-to-one,dn_180,iwsk_205,MISSING,Ippolita,MISSING,PRON,MISSING,nmod,leftover_target,
413,176,one-to-one,dn_181,iwsk_206,Ippolita,Ippolita,PROPN,PROPN,nsubj,nsubj,explicit_full,
414,177,one-to-one,dn_182,iwsk_207,Giorgio,Giorgio,PRON,PRON,nsubj,nsubj,explicit_full,
415,178,one-to-one,dn_183,iwsk_208,Giorgio,Giorgio,DET,PRON,nmod,nmod,explicit_ref_case,
416,178,one-to-one,dn_183,iwsk_208,Giorgio,Giorgio,PRON,NULL,nsubj,nsubj,zero_to_src_anchor,
417,179,one-to-many,dn_184,iwsk_209 iwsk_210 iwsk_211,Giorgio,Giorgio,PRON,PRON,obj,obj,explicit_full,
418,179,one-to-many,dn_184,iwsk_209 iwsk_210 iwsk_211,Giorgio,Giorgio,DET,PRON,nmod,nmod,explicit_ref_case,
419,179,one-to-many,dn_184,iwsk_209 iwsk_210 iwsk_211,Giorgio,Giorgio,PRON,PRON,obj,nsubj,explicit_ref_pos,
420,179,one-to-many,dn_184,iwsk_209 iwsk_210 iwsk_211,Ippolita,Ippolita,PRON,PRON,nsubj,nsubj,explicit_full,
421,179,one-to-many,dn_184,iwsk_209 iwsk_210 iwsk_211,Ippolita,Ippolita,PRON,PRON,nsubj,nsubj,explicit_full,
422,180,one-to-one,dn_185,iwsk_212,Giorgio,Giorgio,PRON,PRON,nsubj,nsubj,explicit_full,
423,180,one-to-one,dn_185,iwsk_212,Giorgio,Giorgio,DET,PRON,nmod,nsubj,explicit_ref_only,
424,180,one-to-one,dn_185,iwsk_212,MISSING,Giorgio,MISSING,NULL,MISSING,nsubj,leftover_target,
425,181,one-to-one,dn_186,iwsk_213,Giorgio,Giorgio,NULL,NULL,nsubj,nsubj,zero_zero_semantic,0.3490468286301779
426,181,one-to-one,dn_186,iwsk_213,Giorgio,Giorgio,NULL,NULL,nsubj,nsubj,zero_zero_semantic,0.37340646608096517
427,182,one-to-many,dn_187,iwsk_214 iwsk_215,Giorgio,MISSING,PRON,MISSING,nsubj,MISSING,leftover_source,
428,182,one-to-many,dn_187,iwsk_214 iwsk_215,MISSING,Ippolita,MISSING,PRON,MISSING,nsubj,leftover_target,
429,183,one-to-one,dn_188,iwsk_216,Giorgio,MISSING,PRON,MISSING,nsubj,MISSING,leftover_source,
430,183,one-to-one,dn_188,iwsk_216,MISSING,Ippolita,MISSING,PRON,MISSING,nsubj,leftover_target,
431,184,one-to-one,dn_189,iwsk_217,Ippolita,Ippolita,PRON,PRON,nsubj,nsubj,explicit_full,
432,184,one-to-one,dn_189,iwsk_217,Ippolita,Ippolita,NULL,NULL,nsubj,nsubj,zero_zero_semantic,0.36810328192339836
433,184,one-to-one,dn_189,iwsk_217,MISSING,Ippolita,MISSING,NULL,MISSING,nsubj,leftover_target,
434,184,one-to-one,dn_189,iwsk_217,MISSING,Ippolita,MISSING,NULL,MISSING,nsubj,leftover_target,
435,186,one-to-one,dn_191,iwsk_219,Ippolita,Ippolita,NULL,NULL,nsubj,nsubj,zero_zero_semantic,0.1999779705490385
436,186,one-to-one,dn_191,iwsk_219,Ippolita,Ippolita,NULL,NULL,nsubj,nsubj,zero_zero_semantic,0.2535963569368635
437,186,one-to-one,dn_191,iwsk_219,Ippolita,MISSING,PRON-REFLEX,MISSING,obj,MISSING,leftover_source,
438,187,one-to-one,dn_192,iwsk_220,Ippolita,MISSING,PRON,MISSING,obj,MISSING,leftover_source,
439,188,one-to-one,dn_193,iwsk_221,Giorgio,Giorgio,PROPN,PROPN,nsubj,obj,explicit_ref_pos,
440,188,one-to-one,dn_193,iwsk_221,Ippolita,Ippolita,PRON,PRON,nsubj,nsubj,explicit_full,
441,188,one-to-one,dn_193,iwsk_221,Ippolita,MISSING,PRON-REFLEX,MISSING,obj,MISSING,leftover_source,
442,188,one-to-one,dn_193,iwsk_221,MISSING,Ippolita,MISSING,NULL,MISSING,nsubj,leftover_target,
443,188,one-to-one,dn_193,iwsk_221,MISSING,Ippolita,MISSING,NULL,MISSING,nsubj,leftover_target,
444,189,one-to-one,dn_194,iwsk_222,Giorgio,Giorgio,NOUN,NOUN,obj,nmod,explicit_ref_pos,
445,189,one-to-one,dn_194,iwsk_222,Ippolita,Ippolita,PRON,PRON,nsubj,nsubj,explicit_full,
446,189,one-to-one,dn_194,iwsk_222,MISSING,Ippolita,MISSING,NULL,MISSING,nsubj,leftover_target,
447,190,one-to-one,dn_195,iwsk_223,Giorgio,MISSING,NULL,MISSING,nsubj,MISSING,leftover_source,
448,191,one-to-one,dn_196,iwsk_224,Ippolita,Ippolita,PRON,PRON,nsubj,nsubj,explicit_full,
449,191,one-to-one,dn_196,iwsk_224,MISSING,Ippolita,MISSING,NULL,MISSING,nsubj,leftover_target,
450,192,one-to-one,dn_197,iwsk_225,Giorgio,Giorgio,PRON,PRON,nsubj,nmod,explicit_ref_pos,
451,192,one-to-one,dn_197,iwsk_225,Ippolita,MISSING,PRON,MISSING,obj,MISSING,leftover_source,
452,193,one-to-one,dn_198,iwsk_226,Giorgio,Giorgio,PRON,PRON,nsubj,nsubj,explicit_full,
453,194,one-to-one,dn_199,iwsk_227,Giorgio Ippolita,Giorgio Ippolita,PRON,NOUN,nsubj,nsubj,explicit_ref_case,
454,194,one-to-one,dn_199,iwsk_227,Giorgio Ippolita,MISSING,NULL,MISSING,nsubj,MISSING,leftover_source,
455,194,one-to-one,dn_199,iwsk_227,MISSING,Giorgio Ippolita,MISSING,PRON,MISSING,nmod,leftover_target,
456,198,one-to-one,dn_204,iwsk_231,Giorgio,Giorgio,PROPN,PROPN,nsubj,nsubj,explicit_full,
457,199,one-to-one,dn_205,iwsk_232,Giorgio,MISSING,PRON,MISSING,obj,MISSING,leftover_source,
458,199,one-to-one,dn_205,iwsk_232,Ippolita,Ippolita,PRON,PRON,nsubj,nsubj,explicit_full,
459,200,one-to-one,dn_206,iwsk_233,Ippolita,Ippolita,NULL,NULL,nsubj,nsubj,zero_zero_single,
460,201,one-to-many,dn_207,iwsk_234 iwsk_235,Giorgio,MISSING,PRON,MISSING,nsubj,MISSING,leftover_source,
461,201,one-to-many,dn_207,iwsk_234 iwsk_235,Ippolita,Ippolita,PRON,PRON,nsubj,obj,explicit_ref_pos,
462,201,one-to-many,dn_207,iwsk_234 iwsk_235,MISSING,Ippolita,MISSING,NULL,MISSING,nsubj,leftover_target,
463,201,one-to-many,dn_207,iwsk_234 iwsk_235,MISSING,Ippolita,MISSING,NULL,MISSING,nsubj,leftover_target,
464,201,one-to-many,dn_207,iwsk_234 iwsk_235,MISSING,Ippolita,MISSING,NULL,MISSING,nsubj,leftover_target,
465,201,one-to-many,dn_207,iwsk_234 iwsk_235,MISSING,Ippolita,MISSING,NULL,MISSING,nsubj,leftover_target,
466,202,one-to-one,dn_208,iwsk_236,MISSING,Ippolita,MISSING,NULL,MISSING,nsubj,leftover_target,
467,203,one-to-one,dn_209,iwsk_237,Giorgio,Giorgio,PRON,PRON,obj,nmod,explicit_ref_pos,
468,204,one-to-one,dn_210,iwsk_238,Giorgio,Giorgio,PRON,PRON,obj,obj,explicit_full,
469,204,one-to-one,dn_210,iwsk_238,Giorgio,MISSING,PRON,MISSING,nsubj,MISSING,leftover_source,
470,205,one-to-one,dn_211,iwsk_239,Giorgio,Giorgio,NULL,NULL,nsubj,nsubj,zero_zero_single,
471,206,one-to-one,dn_212,iwsk_240,MISSING,Giorgio,MISSING,NULL,MISSING,nsubj,leftover_target,
472,207,one-to-one,dn_213,iwsk_241,MISSING,Giorgio,MISSING,NULL,MISSING,nsubj,leftover_target,
473,208,one-to-one,dn_214,iwsk_242,Ippolita,Ippolita,DET,PRON,nmod,nmod,explicit_ref_case,
474,209,one-to-one,dn_215,iwsk_243,Giorgio,Giorgio,PRON,PRON,nsubj,nsubj,explicit_full,
475,209,one-to-one,dn_215,iwsk_243,Ippolita,Ippolita,PRON,PROPN,obj,obj,explicit_ref_case,
476,210,one-to-one,dn_216,iwsk_244,Ippolita,Ippolita,NULL,PRON,nsubj,nsubj,zero_to_tgt_anchor,
477,211,one-to-one,dn_217,iwsk_245,Ippolita,Ippolita,NULL,NULL,nsubj,nsubj,zero_zero_single,
478,212,one-to-one,dn_218,iwsk_246,Giorgio,Giorgio,PRON,PRON,obj,nsubj,explicit_ref_pos,
479,212,one-to-one,dn_218,iwsk_246,Ippolita,Ippolita,NULL,PRON,nsubj,nsubj,zero_to_tgt_anchor,
480,213,one-to-one,dn_219,iwsk_247,Giorgio,MISSING,PRON,MISSING,obj,MISSING,leftover_source,
481,213,one-to-one,dn_219,iwsk_247,Ippolita,Ippolita,PRON,PRON,nsubj,nmod,explicit_ref_pos,
482,213,one-to-one,dn_219,iwsk_247,Ippolita,MISSING,PRON-REFLEX,MISSING,obj,MISSING,leftover_source,
483,213,one-to-one,dn_219,iwsk_247,Ippolita,MISSING,NULL,MISSING,nsubj,MISSING,leftover_source,
484,214,one-to-one,dn_220,iwsk_248,Giorgio,Giorgio,NULL,NULL,nsubj,nsubj,zero_zero_semantic,0.418208877171928
485,214,one-to-one,dn_220,iwsk_248,Giorgio,MISSING,PRON-REFLEX,MISSING,obj,MISSING,leftover_source,
486,214,one-to-one,dn_220,iwsk_248,MISSING,Giorgio,MISSING,NULL,MISSING,nsubj,leftover_target,
487,214,one-to-one,dn_220,iwsk_248,MISSING,Giorgio,MISSING,NULL,MISSING,nsubj,leftover_target,
488,214,one-to-one,dn_220,iwsk_248,Ippolita,MISSING,PRON,MISSING,nsubj,MISSING,leftover_source,
489,214,one-to-one,dn_220,iwsk_248,Ippolita,MISSING,DET,MISSING,nmod,MISSING,leftover_source,
490,215,one-to-one,dn_222,iwsk_249,Giorgio,Giorgio,DET,PRON,nmod,nmod,explicit_ref_case,
491,216,one-to-one,dn_223,iwsk_250,Giorgio,Giorgio,NULL,NULL,nsubj,nsubj,zero_zero_semantic,0.30081351266966927
492,216,one-to-one,dn_223,iwsk_250,MISSING,Giorgio,MISSING,NULL,MISSING,nsubj,leftover_target,
493,216,one-to-one,dn_223,iwsk_250,Ippolita,Ippolita,NOUN,NOUN,nmod,nmod,explicit_full,
494,217,one-to-many,dn_224,iwsk_251 iwsk_252,Ippolita,Ippolita,PRON,PRON,nsubj,nsubj,explicit_full,
495,217,one-to-many,dn_224,iwsk_251 iwsk_252,MISSING,Ippolita,MISSING,PRON,MISSING,nmod,leftover_target,
496,218,one-to-one,dn_225,iwsk_253,Ippolita,Ippolita,NULL,PRON,nsubj,nsubj,zero_to_tgt_anchor,
497,219,one-to-one,dn_226,iwsk_254,Ippolita,MISSING,DET,MISSING,nmod,MISSING,leftover_source,
498,220,one-to-one,dn_227,iwsk_255,Ippolita,Ippolita,PRON,PRON,nmod,nmod,explicit_full,
499,221,one-to-one,dn_228,iwsk_256,Giorgio,Giorgio,PRON,PRON,obj,obj,explicit_full,
500,221,one-to-one,dn_228,iwsk_256,Giorgio,MISSING,PRON,MISSING,obj,MISSING,leftover_source,
501,221,one-to-one,dn_228,iwsk_256,Ippolita,Ippolita,DET,PRON,nmod,nmod,explicit_ref_case,
502,222,many-to-one,dn_229 dn_230,iwsk_257,Giorgio,MISSING,NULL,MISSING,nsubj,MISSING,leftover_source,
503,222,many-to-one,dn_229 dn_230,iwsk_257,MISSING,Giorgio,MISSING,PRON,MISSING,obj,leftover_target,
504,222,many-to-one,dn_229 dn_230,iwsk_257,Ippolita,MISSING,DET,MISSING,nmod,MISSING,leftover_source,
505,223,one-to-one,dn_231,iwsk_258,Ippolita,Ippolita,NULL,PRON,nsubj,nsubj,zero_to_tgt_anchor,
506,224,one-to-one,dn_232,iwsk_259,Giorgio,Giorgio,PRON,PRON,nsubj,obj,explicit_ref_pos,
507,224,one-to-one,dn_232,iwsk_259,MISSING,Giorgio,MISSING,NULL,MISSING,nsubj,leftover_target,
508,224,one-to-one,dn_232,iwsk_259,MISSING,Giorgio,MISSING,NULL,MISSING,nsubj,leftover_target,
509,224,one-to-one,dn_232,iwsk_259,MISSING,Giorgio,MISSING,NULL,MISSING,nsubj,leftover_target,
510,224,one-to-one,dn_232,iwsk_259,Ippolita,MISSING,PRON,MISSING,obj,MISSING,leftover_source,
511,225,one-to-one,dn_233,iwsk_260,Giorgio,MISSING,PRON,MISSING,obj,MISSING,leftover_source,
512,225,one-to-one,dn_233,iwsk_260,MISSING,Giorgio,MISSING,NULL,MISSING,nsubj,leftover_target,
513,225,one-to-one,dn_233,iwsk_260,MISSING,Giorgio,MISSING,NULL,MISSING,nsubj,leftover_target,
514,225,one-to-one,dn_233,iwsk_260,Ippolita,MISSING,DET,MISSING,nmod,MISSING,leftover_source,
515,226,one-to-one,dn_234,iwsk_261,Ippolita,Ippolita,PRON,PRON,nsubj,obj,explicit_ref_pos,
516,229,one-to-one,dn_237,iwsk_264,Giorgio,MISSING,PRON,MISSING,obj,MISSING,leftover_source,
517,229,one-to-one,dn_237,iwsk_264,MISSING,Giorgio,MISSING,NULL,MISSING,nsubj,leftover_target,
518,229,one-to-one,dn_237,iwsk_264,MISSING,Ippolita,MISSING,PRON,MISSING,nsubj,leftover_target,
519,230,one-to-one,dn_238,iwsk_265,Giorgio,MISSING,PRON,MISSING,obj,MISSING,leftover_source,
520,230,one-to-one,dn_238,iwsk_265,Ippolita,Ippolita,PRON,PRON,nsubj,nsubj,explicit_full,
521,231,one-to-one,dn_239,iwsk_266,Giorgio,Giorgio,NULL,NULL,nsubj,nsubj,zero_zero_single,
522,231,one-to-one,dn_239,iwsk_266,Giorgio,MISSING,PRON,MISSING,obj,MISSING,leftover_source,
523,231,one-to-one,dn_239,iwsk_266,Ippolita,Ippolita,NULL,NULL,nsubj,nsubj,zero_zero_single,
524,231,one-to-one,dn_239,iwsk_266,Ippolita,MISSING,DET,MISSING,nmod,MISSING,leftover_source,
525,231,one-to-one,dn_239,iwsk_266,Ippolitas-sister,Ippolitas-sister,NOUN,NOUN,nmod,nmod,explicit_full,
526,232,one-to-many,dn_240,iwsk_267 iwsk_268,Ippolita,Ippolita,PRON,PRON,nsubj,nsubj,explicit_full,
527,232,one-to-many,dn_240,iwsk_267 iwsk_268,Ippolita,Ippolita,DET,PRON,nmod,nsubj,explicit_ref_only,
528,232,one-to-many,dn_240,iwsk_267 iwsk_268,Ippolitas-sister,Ippolitas-sister,NOUN,NOUN,nmod,nmod,explicit_full,
529,233,one-to-one,dn_241,iwsk_269,MISSING,Ippolita,MISSING,NULL,MISSING,nsubj,leftover_target,
530,234,one-to-many,dn_242,iwsk_270 iwsk_271,Giorgio,Giorgio,PRON,PRON,obj,nsubj,explicit_ref_pos,
531,234,one-to-many,dn_242,iwsk_270 iwsk_271,Ippolita,Ippolita,PRON,PRON,nsubj,nsubj,explicit_full,
532,234,one-to-many,dn_242,iwsk_270 iwsk_271,Ippolita,Ippolita,NULL,NULL,nsubj,nsubj,zero_zero_semantic,0.5690481401680558
533,234,one-to-many,dn_242,iwsk_270 iwsk_271,MISSING,Ippolita,MISSING,NULL,MISSING,nsubj,leftover_target,
534,234,one-to-many,dn_242,iwsk_270 iwsk_271,MISSING,Ippolita,MISSING,NULL,MISSING,nsubj,leftover_target,
535,235,many-to-one,dn_243 dn_244,iwsk_272,Giorgio,MISSING,NULL,MISSING,nsubj,MISSING,leftover_source,
536,235,many-to-one,dn_243 dn_244,iwsk_272,MISSING,Giorgio,MISSING,PRON,MISSING,obj,leftover_target,
537,235,many-to-one,dn_243 dn_244,iwsk_272,Ippolita,MISSING,DET,MISSING,nmod,MISSING,leftover_source,
538,235,many-to-one,dn_243 dn_244,iwsk_272,Ippolita,MISSING,DET,MISSING,nmod,MISSING,leftover_source,
539,235,many-to-one,dn_243 dn_244,iwsk_272,MISSING,Ippolita,MISSING,NULL,MISSING,nsubj,leftover_target,
540,236,one-to-many,dn_245,iwsk_273 iwsk_274,Giorgio,Giorgio,PRON,PRON,nsubj,nsubj,explicit_full,
541,236,one-to-many,dn_245,iwsk_273 iwsk_274,Giorgio,Giorgio,NULL,NULL,nsubj,nsubj,zero_zero_single,
542,236,one-to-many,dn_245,iwsk_273 iwsk_274,MISSING,Giorgio,MISSING,PRON,MISSING,nsubj,leftover_target,
543,237,one-to-one,dn_246,iwsk_275,Giorgio,Giorgio,PRON,PRON,obj,nmod,explicit_ref_pos,
544,238,one-to-one,dn_247,iwsk_276,MISSING,Giorgio,MISSING,PRON,MISSING,nsubj,leftover_target,
545,238,one-to-one,dn_247,iwsk_276,MISSING,Giorgio,MISSING,PRON,MISSING,obj,leftover_target,
546,238,one-to-one,dn_247,iwsk_276,MISSING,Ippolita,MISSING,NULL,MISSING,nsubj,leftover_target,
547,238,one-to-one,dn_247,iwsk_276,MISSING,Ippolita,MISSING,NULL,MISSING,nsubj,leftover_target,
548,238,one-to-one,dn_247,iwsk_276,MISSING,Ippolita,MISSING,NULL,MISSING,nsubj,leftover_target,
549,238,one-to-one,dn_247,iwsk_276,MISSING,Ippolita,MISSING,NULL,MISSING,nsubj,leftover_target,
550,239,one-to-one,dn_248,iwsk_277,Giorgio,MISSING,PRON,MISSING,nsubj,MISSING,leftover_source,
551,239,one-to-one,dn_248,iwsk_277,Ippolita,Ippolita,PROPN,PROPN,nsubj,nsubj,explicit_full,
552,239,one-to-one,dn_248,iwsk_277,MISSING,Ippolita,MISSING,PRON,MISSING,nmod,leftover_target,
553,239,one-to-one,dn_248,iwsk_277,MISSING,Ippolita,MISSING,NULL,MISSING,nsubj,leftover_target,
554,239,one-to-one,dn_248,iwsk_277,Ippolitas-brother-in-law,Ippolitas-brother-in-law,NOUN,NOUN,nmod,nmod,explicit_full,
555,239,one-to-one,dn_248,iwsk_277,Ippolitas-brother-in-laws-friends,Ippolitas-brother-in-laws-friends,NOUN,NOUN,obj,obj,explicit_full,
556,239,one-to-one,dn_248,iwsk_277,Ippolitas-brother-in-laws-friends,Ippolitas-brother-in-laws-friends,NOUN,NOUN,obj,obj,explicit_full,
557,239,one-to-one,dn_248,iwsk_277,Ippolitas-brother-in-laws-friends,Ippolitas-brother-in-laws-friends,NOUN,PRON,obj,obj,explicit_ref_case,
558,240,one-to-one,dn_249,iwsk_278,Ippolita,MISSING,DET,MISSING,nmod,MISSING,leftover_source,
559,241,one-to-one,dn_250,iwsk_279,Giorgio,Giorgio,PRON,PRON,obj,nsubj,explicit_ref_pos,
560,242,one-to-one,dn_251,iwsk_280,MISSING,Ippolita,MISSING,NULL,MISSING,nsubj,leftover_target,
561,243,one-to-one,dn_252,iwsk_281,MISSING,Ippolita,MISSING,NULL,MISSING,nsubj,leftover_target,
562,243,one-to-one,dn_252,iwsk_281,Ippolita Ippolitas-sister Ippolitas-brother-in-law,MISSING,PRON,MISSING,obj,MISSING,leftover_source,
563,243,one-to-one,dn_252,iwsk_281,Ippolita Ippolitas-sister Ippolitas-brother-in-law,MISSING,PRON,MISSING,obj,MISSING,leftover_source,
564,243,one-to-one,dn_252,iwsk_281,Ippolitas-brother-in-laws-friends,Ippolitas-brother-in-laws-friends,NOUN,NOUN,nsubj,nsubj,explicit_full,
565,243,one-to-one,dn_252,iwsk_281,Ippolitas-brother-in-laws-friends,MISSING,NULL,MISSING,nsubj,MISSING,leftover_source,
566,244,one-to-one,dn_253,iwsk_282,Giorgio,Giorgio,PRON,PRON,nsubj,nsubj,explicit_full,
567,244,one-to-one,dn_253,iwsk_282,MISSING,Giorgio,MISSING,NULL,MISSING,nsubj,leftover_target,
568,245,many-to-one,dn_254 dn_255,iwsk_283,Giorgio,Giorgio,PRON,PRON,obj,nmod,explicit_ref_pos,
569,245,many-to-one,dn_254 dn_255,iwsk_283,Ippolita,Ippolita,PROPN,PROPN,nsubj,nsubj,explicit_full,
570,245,many-to-one,dn_254 dn_255,iwsk_283,MISSING,Ippolita,MISSING,PROPN,MISSING,nmod,leftover_target,
571,245,many-to-one,dn_254 dn_255,iwsk_283,Ippolitas-brother-in-laws-friends,Ippolitas-brother-in-laws-friends,PRON,NOUN,obj,obj,explicit_ref_case,
572,246,one-to-one,dn_256,iwsk_284,Ippolita,Ippolita,PRON,PRON,nsubj,nsubj,explicit_full,
573,246,one-to-one,dn_256,iwsk_284,Ippolita,Ippolita,NULL,NULL,nsubj,nsubj,zero_zero_semantic,0.42940108624982165
574,246,one-to-one,dn_256,iwsk_284,Ippolita,Ippolita,NULL,NULL,nsubj,nsubj,zero_zero_semantic,0.31560019833940856
575,246,one-to-one,dn_256,iwsk_284,Ippolita,Ippolita,NULL,NULL,nsubj,nsubj,zero_zero_semantic,0.34615674111205086
576,246,one-to-one,dn_256,iwsk_284,Ippolita,MISSING,PRON-REFLEX,MISSING,obj,MISSING,leftover_source,
577,246,one-to-one,dn_256,iwsk_284,Ippolita,MISSING,NULL,MISSING,nsubj,MISSING,leftover_source,
578,246,one-to-one,dn_256,iwsk_284,Ippolitas-brother-in-laws-friends,Ippolitas-brother-in-laws-friends,PRON,PRON,obj,obj,explicit_full,
579,246,one-to-one,dn_256,iwsk_284,Ippolitas-brother-in-laws-friends,MISSING,PRON,MISSING,obj,MISSING,leftover_source,
580,247,one-to-one,dn_257,iwsk_285,Giorgio,Giorgio,PRON,PRON,obj,obj,explicit_full,
581,247,one-to-one,dn_257,iwsk_285,Giorgio,Giorgio,DET,PRON,nmod,nmod,explicit_ref_case,
582,247,one-to-one,dn_257,iwsk_285,Giorgio,MISSING,PRON,MISSING,obj,MISSING,leftover_source,
583,247,one-to-one,dn_257,iwsk_285,MISSING,Giorgio,MISSING,NULL,MISSING,nsubj,leftover_target,
584,247,one-to-one,dn_257,iwsk_285,Ippolita,Ippolita,NOUN,NOUN,nsubj,nsubj,explicit_full,
585,247,one-to-one,dn_257,iwsk_285,Ippolita,Ippolita,PRON,NULL,nsubj,nsubj,zero_to_src_anchor,
586,247,one-to-one,dn_257,iwsk_285,Ippolitas-brother-in-laws-friends,Ippolitas-brother-in-laws-friends,NOUN,NOUN,obj,obj,explicit_full,
587,248,one-to-one,dn_258,iwsk_286,Ippolita,Ippolita,PRON,PRON,nsubj,nsubj,explicit_full,
588,249,one-to-one,dn_259,iwsk_287,Ippolita,Ippolita,NULL,NULL,nsubj,nsubj,zero_zero_single,
589,250,one-to-one,dn_260,iwsk_288,Ippolita,Ippolita,NULL,NULL,nsubj,nsubj,zero_zero_single,
590,251,one-to-one,dn_261,iwsk_289,MISSING,Giorgio,MISSING,PRON,MISSING,nsubj,leftover_target,
591,251,one-to-one,dn_261,iwsk_289,MISSING,Giorgio,MISSING,PRON,MISSING,nsubj,leftover_target,
592,251,one-to-one,dn_261,iwsk_289,Ippolita,MISSING,PRON,MISSING,nsubj,MISSING,leftover_source,
593,251,one-to-one,dn_261,iwsk_289,Ippolita,MISSING,PRON,MISSING,nsubj,MISSING,leftover_source,
594,251,one-to-one,dn_261,iwsk_289,Ippolitas-brother-in-laws-friends,Ippolitas-brother-in-laws-friends,NOUN,NOUN,obj,obj,explicit_full,
595,251,one-to-one,dn_261,iwsk_289,MISSING,Ippolitas-brother-in-laws-friends,MISSING,NULL,MISSING,nsubj,leftover_target,
596,253,one-to-one,dn_263,iwsk_291,Giorgio,Giorgio,NOUN,PRON,nsubj,nsubj,explicit_ref_case,
597,253,one-to-one,dn_263,iwsk_291,MISSING,Giorgio,MISSING,NULL,MISSING,nsubj,leftover_target,
598,254,one-to-many,dn_264,iwsk_292 iwsk_293,Giorgio,Giorgio,PRON,PRON,obj,obj,explicit_full,
599,254,one-to-many,dn_264,iwsk_292 iwsk_293,Ippolita,Ippolita,PRON,PRON,obj,obj,explicit_full,
600,254,one-to-many,dn_264,iwsk_292 iwsk_293,Ippolitas-brother-in-laws-friends,Ippolitas-brother-in-laws-friends,NULL,NOUN,nsubj,nsubj,zero_to_tgt_anchor,
601,255,one-to-one,dn_265,iwsk_294,Giorgio,Giorgio,PRON,PRON,nsubj,obj,explicit_ref_pos,
602,255,one-to-one,dn_265,iwsk_294,Ippolita,Ippolita,PRON,PRON,obj,obj,explicit_full,
603,255,one-to-one,dn_265,iwsk_294,Ippolita,Ippolita,PRON,PRON,obj,obj,explicit_full,
604,255,one-to-one,dn_265,iwsk_294,Ippolitas-brother-in-laws-friends,Ippolitas-brother-in-laws-friends,NOUN,NOUN,nsubj,nsubj,explicit_full,
605,255,one-to-one,dn_265,iwsk_294,MISSING,Ippolitas-brother-in-laws-friends,MISSING,NULL,MISSING,nsubj,leftover_target,
606,256,one-to-many,dn_266,iwsk_295 iwsk_296 iwsk_297,Ippolita,Ippolita,PRON,PRON,nsubj,nsubj,explicit_full,
607,256,one-to-many,dn_266,iwsk_295 iwsk_296 iwsk_297,Ippolita,MISSING,NULL,MISSING,nsubj,MISSING,leftover_source,
608,256,one-to-many,dn_266,iwsk_295 iwsk_296 iwsk_297,MISSING,Ippolita,MISSING,PRON,MISSING,obj,leftover_target,
609,257,one-to-one,dn_267,iwsk_298,Ippolita,Ippolita,PRON,PRON,nsubj,nsubj,explicit_full,
610,257,one-to-one,dn_267,iwsk_298,MISSING,Ippolita,MISSING,NULL,MISSING,nsubj,leftover_target,
611,257,one-to-one,dn_267,iwsk_298,Ippolitas-brother-in-laws-friends,Ippolitas-brother-in-laws-friends,NOUN,NOUN,obj,obj,explicit_full,
612,262,one-to-one,dn_272,iwsk_305,Giorgio,Giorgio,PRON,PRON,obj,nsubj,explicit_ref_pos,
613,262,one-to-one,dn_272,iwsk_305,Ippolita,Ippolita,PRON,NOUN,obj,obj,explicit_ref_case,
614,263,one-to-one,dn_273,iwsk_306,Giorgio,Giorgio,DET,PRON,nmod,nsubj,explicit_ref_only,
615,263,one-to-one,dn_273,iwsk_306,MISSING,Giorgio,MISSING,NULL,MISSING,nsubj,leftover_target,
616,264,one-to-many,dn_274,iwsk_307 iwsk_308,Giorgio,Giorgio,PRON,PRON,nsubj,nsubj,explicit_full,
617,264,one-to-many,dn_274,iwsk_307 iwsk_308,Giorgio,Giorgio,DET,PRON,nmod,nmod,explicit_ref_case,
618,265,one-to-many,dn_275,iwsk_309 iwsk_310,Giorgio,Giorgio,PRON,PRON,nsubj,nsubj,explicit_full,
619,265,one-to-many,dn_275,iwsk_309 iwsk_310,Giorgio,Giorgio,PRON,PRON,nsubj,nmod,explicit_ref_pos,
620,265,one-to-many,dn_275,iwsk_309 iwsk_310,Giorgio,Giorgio,NULL,NULL,nsubj,nsubj,zero_zero_semantic,0.15157098851463646
621,265,one-to-many,dn_275,iwsk_309 iwsk_310,MISSING,Giorgio,MISSING,NULL,MISSING,nsubj,leftover_target,
622,265,one-to-many,dn_275,iwsk_309 iwsk_310,Ippolita,Ippolita,PROPN,PROPN,obj,obj,explicit_full,
623,266,one-to-one,dn_276,iwsk_311,Giorgio,Giorgio,PRON,PRON,nsubj,nsubj,explicit_full,
624,266,one-to-one,dn_276,iwsk_311,Giorgio,Giorgio,NULL,PRON,nsubj,nsubj,zero_to_tgt_anchor,
625,266,one-to-one,dn_276,iwsk_311,Giorgio,MISSING,NULL,MISSING,nsubj,MISSING,leftover_source,
626,266,one-to-one,dn_276,iwsk_311,Ippolita,Ippolita,PRON,PRON,obj,obj,explicit_full,
627,266,one-to-one,dn_276,iwsk_311,Ippolita,Ippolita,PRON,PRON,obj,obj,explicit_full,
628,267,one-to-many,dn_277,iwsk_312 iwsk_313,Giorgio,Giorgio,PRON,PRON,nsubj,nsubj,explicit_full,
629,267,one-to-many,dn_277,iwsk_312 iwsk_313,Giorgio,Giorgio,PRON,PRON,obj,nmod,explicit_ref_pos,
630,267,one-to-many,dn_277,iwsk_312 iwsk_313,Giorgio,Giorgio,NULL,NULL,nsubj,nsubj,zero_zero_single,
631,268,one-to-one,dn_278,iwsk_314,Giorgio,Giorgio,PRON,NULL,nsubj,nsubj,zero_to_src_anchor,
632,268,one-to-one,dn_278,iwsk_314,Giorgio,MISSING,DET,MISSING,nmod,MISSING,leftover_source,
633,271,one-to-one,dn_281,iwsk_317,Giorgio,Giorgio,DET,PRON,nmod,nmod,explicit_ref_case,
634,272,one-to-one,dn_282,iwsk_318,Giorgio,Giorgio,PRON,NULL,nsubj,nsubj,zero_to_src_anchor,
635,272,one-to-one,dn_282,iwsk_318,Giorgio,MISSING,DET,MISSING,nmod,MISSING,leftover_source,
636,272,one-to-one,dn_282,iwsk_318,Giorgio,MISSING,DET,MISSING,nmod,MISSING,leftover_source,
637,272,one-to-one,dn_282,iwsk_318,Ippolita,Ippolita,PROPN,PROPN,obj,obj,explicit_full,
638,273,one-to-one,dn_283,iwsk_319,MISSING,Giorgio,MISSING,PRON,MISSING,obj,leftover_target,
639,273,one-to-one,dn_283,iwsk_319,MISSING,Giorgio,MISSING,NULL,MISSING,nsubj,leftover_target,
640,273,one-to-one,dn_283,iwsk_319,Ippolita,Ippolita,PRON,PRON,nsubj,nsubj,explicit_full,
641,273,one-to-one,dn_283,iwsk_319,MISSING,Ippolita,MISSING,NULL,MISSING,nsubj,leftover_target,
642,274,one-to-one,dn_284,iwsk_320,Giorgio,Giorgio,PRON,PRON,nsubj,nsubj,explicit_full,
643,274,one-to-one,dn_284,iwsk_320,Giorgio,Giorgio,NULL,NULL,nsubj,nsubj,zero_zero_semantic,0.13612770126646
644,274,one-to-one,dn_284,iwsk_320,Giorgio,Giorgio,PRON,NULL,nsubj,nsubj,zero_to_src_anchor,
645,274,one-to-one,dn_284,iwsk_320,Giorgio,MISSING,PRON,MISSING,nsubj,MISSING,leftover_source,
646,274,one-to-one,dn_284,iwsk_320,Giorgio,MISSING,DET,MISSING,nmod,MISSING,leftover_source,
647,274,one-to-one,dn_284,iwsk_320,Ippolita,Ippolita,PRON,PRON,obj,obj,explicit_full,
648,274,one-to-one,dn_284,iwsk_320,Ippolita,Ippolita,PRON,PRON,obj,nmod,explicit_ref_pos,
649,274,one-to-one,dn_284,iwsk_320,Ippolita,MISSING,NOUN,MISSING,obj,MISSING,leftover_source,
650,275,one-to-many,dn_285,iwsk_321 iwsk_322,Giorgio,Giorgio,DET,PRON,nmod,nmod,explicit_ref_case,
651,275,one-to-many,dn_285,iwsk_321 iwsk_322,Giorgio,Giorgio,PRON,NULL,nsubj,nsubj,zero_to_src_anchor,
652,275,one-to-many,dn_285,iwsk_321 iwsk_322,MISSING,Giorgio,MISSING,NULL,MISSING,nsubj,leftover_target,
653,275,one-to-many,dn_285,iwsk_321 iwsk_322,Ippolita,Ippolita,NOUN,NOUN,nmod,nmod,explicit_full,
654,276,one-to-one,dn_286,iwsk_323,Giorgio,MISSING,PRON,MISSING,obj,MISSING,leftover_source,
655,278,one-to-one,dn_288,iwsk_325,Ippolita,Ippolita,PRON,PRON,nsubj,nsubj,explicit_full,
656,278,one-to-one,dn_288,iwsk_325,Ippolita,Ippolita,PRON,PRON,nmod,nmod,explicit_full,
657,278,one-to-one,dn_288,iwsk_325,Ippolita,Ippolita,DET,DET,nmod,nmod,explicit_full,
658,278,one-to-one,dn_288,iwsk_325,Ippolita,Ippolita,NULL,NULL,nsubj,nsubj,zero_zero_single,
659,278,one-to-one,dn_288,iwsk_325,MISSING,Ippolita,MISSING,PRON,MISSING,nmod,leftover_target,
660,278,one-to-one,dn_288,iwsk_325,MISSING,Ippolita,MISSING,DET,MISSING,nmod,leftover_target,
661,279,one-to-one,dn_289,iwsk_326,Giorgio,Giorgio,PRON,PRON,nsubj,nsubj,explicit_full,
662,279,one-to-one,dn_289,iwsk_326,MISSING,Giorgio,MISSING,NULL,MISSING,nsubj,leftover_target,
663,280,one-to-one,dn_290,iwsk_327,Giorgio,MISSING,PRON,MISSING,obj,MISSING,leftover_source,
664,280,one-to-one,dn_290,iwsk_327,Ippolita,Ippolita,PROPN,PROPN,nsubj,nsubj,explicit_full,
665,281,one-to-one,dn_291,iwsk_328,Giorgio,Giorgio,NULL,NULL,nsubj,nsubj,zero_zero_single,
666,282,one-to-one,dn_292,iwsk_329,Giorgio,Giorgio,NULL,NULL,nsubj,nsubj,zero_zero_single,
667,283,one-to-one,dn_293,iwsk_330,Giorgio,Giorgio,PRON,PRON,nsubj,nsubj,explicit_full,
668,284,one-to-one,dn_294,iwsk_331,Ippolita,Ippolita,PRON,PRON,obj,nmod,explicit_ref_pos,
669,287,one-to-one,dn_297,iwsk_334,Ippolita,Ippolita,PROPN,PROPN,nsubj,nsubj,explicit_full,
670,288,one-to-one,dn_298,iwsk_336,Ippolita,Ippolita,NULL,NULL,nsubj,nsubj,zero_zero_single,
671,289,one-to-one,dn_299,iwsk_335,Giorgio,MISSING,NULL,MISSING,nsubj,MISSING,leftover_source,
672,289,one-to-one,dn_299,iwsk_335,Giorgio Ippolita,Giorgio Ippolita,NULL,NULL,nsubj,nsubj,zero_zero_single,
673,290,one-to-one,dn_301,iwsk_337,Giorgio Ippolita,Giorgio Ippolita,NULL,NULL,nsubj,nsubj,zero_zero_single,
674,291,many-to-one,dn_302 dn_303,iwsk_338,Giorgio Ippolita,Giorgio Ippolita,NULL,NULL,nsubj,nsubj,zero_zero_semantic,0.36227666018974214
675,291,many-to-one,dn_302 dn_303,iwsk_338,Giorgio Ippolita,Giorgio Ippolita,NULL,NULL,nsubj,nsubj,zero_zero_semantic,0.48870213489447323
676,291,many-to-one,dn_302 dn_303,iwsk_338,Giorgio Ippolita,Giorgio Ippolita,NULL,NOUN,nsubj,nsubj,zero_to_tgt_anchor,
677,291,many-to-one,dn_302 dn_303,iwsk_338,Giorgio Ippolita,MISSING,PRON-REFLEX,MISSING,obj,MISSING,leftover_source,
678,291,many-to-one,dn_302 dn_303,iwsk_338,Giorgio Ippolita,MISSING,PRON-REFLEX,MISSING,obj,MISSING,leftover_source,
679,292,one-to-one,dn_304,iwsk_339,Ippolita,Ippolita,PROPN,PROPN,nsubj,nsubj,explicit_full,
680,292,one-to-one,dn_304,iwsk_339,MISSING,Ippolita,MISSING,NULL,MISSING,nsubj,leftover_target,
681,293,one-to-one,dn_305,iwsk_340,Giorgio,MISSING,NOUN,MISSING,vocative,MISSING,leftover_source,
682,293,one-to-one,dn_305,iwsk_340,Ippolita,MISSING,DET,MISSING,nmod,MISSING,leftover_source,
683,294,one-to-one,dn_306,iwsk_341,Ippolita,Ippolita,NULL,NULL,nsubj,nsubj,zero_zero_semantic,0.3834674146091729
684,294,one-to-one,dn_306,iwsk_341,Ippolita,MISSING,PRON-REFLEX,MISSING,obj,MISSING,leftover_source,
685,294,one-to-one,dn_306,iwsk_341,MISSING,Ippolita,MISSING,PRON,MISSING,nsubj,leftover_target,
686,294,one-to-one,dn_306,iwsk_341,MISSING,Ippolita,MISSING,NULL,MISSING,nsubj,leftover_target,
687,298,one-to-one,dn_310,iwsk_345,Giorgio,Giorgio,NULL,PRON,nsubj,nsubj,zero_to_tgt_anchor,
688,299,one-to-one,dn_311,iwsk_347,Ippolita,Ippolita,PRON,PRON,nsubj,nsubj,explicit_full,
689,300,one-to-one,dn_312,iwsk_346,Giorgio,Giorgio,NULL,NULL,nsubj,nsubj,zero_zero_single,
690,301,one-to-one,dn_313,iwsk_349,Giorgio,Giorgio,PRON,PRON,nsubj,nsubj,explicit_full,
691,302,one-to-one,dn_314,iwsk_348,Giorgio,Giorgio,NULL,NULL,nsubj,nsubj,zero_zero_single,
692,302,one-to-one,dn_314,iwsk_348,Giorgio,MISSING,PRON,MISSING,nsubj,MISSING,leftover_source,
693,303,one-to-one,dn_315,iwsk_350,Giorgio,MISSING,PRON,MISSING,obj,MISSING,leftover_source,
694,303,one-to-one,dn_315,iwsk_350,Giorgio Ippolita,Giorgio Ippolita,PRON,PRON,obj,obj,explicit_full,
695,303,one-to-one,dn_315,iwsk_350,Giorgio Ippolita,Giorgio Ippolita,NULL,NULL,nsubj,nsubj,zero_zero_semantic,0.6270310301562194
696,303,one-to-one,dn_315,iwsk_350,Giorgio Ippolita,Giorgio Ippolita,NULL,NULL,nsubj,nsubj,zero_zero_semantic,0.800588864800627
697,303,one-to-one,dn_315,iwsk_350,MISSING,Giorgio Ippolita,MISSING,NOUN,MISSING,nsubj,leftover_target,
698,303,one-to-one,dn_315,iwsk_350,Ippolita,MISSING,PRON,MISSING,obj,MISSING,leftover_source,
699,304,one-to-one,dn_316,iwsk_351,Giorgio Ippolita,Giorgio Ippolita,DET,PRON,nmod,nmod,explicit_ref_case,
700,304,one-to-one,dn_316,iwsk_351,Giorgio Ippolita,Giorgio Ippolita,PRON,NULL,nsubj,nsubj,zero_to_src_anchor,
701,305,one-to-one,dn_317,iwsk_352,Giorgio,Giorgio,PRON,PRON,nsubj,nmod,explicit_ref_pos,
702,305,one-to-one,dn_317,iwsk_352,Giorgio,MISSING,PRON,MISSING,obj,MISSING,leftover_source,
703,305,one-to-one,dn_317,iwsk_352,Ippolita,Ippolita,NULL,NULL,nsubj,nsubj,zero_zero_single,
704,306,one-to-one,dn_318,iwsk_353,Ippolita,Ippolita,PROPN,PROPN,nsubj,nsubj,explicit_full,
705,307,one-to-many,dn_319,iwsk_355 iwsk_356,Giorgio,Giorgio,NOUN,PROPN,nsubj,nsubj,explicit_ref_case,
706,307,one-to-many,dn_319,iwsk_355 iwsk_356,Giorgio,MISSING,PRON-REFLEX,MISSING,obj,MISSING,leftover_source,
707,307,one-to-many,dn_319,iwsk_355 iwsk_356,Giorgio,MISSING,PRON-REFLEX,MISSING,obj,MISSING,leftover_source,
708,307,one-to-many,dn_319,iwsk_355 iwsk_356,MISSING,Giorgio,MISSING,NULL,MISSING,nsubj,leftover_target,
709,308,one-to-one,dn_320,iwsk_354,MISSING,Ippolita,MISSING,NULL,MISSING,nsubj,leftover_target,
710,309,one-to-one,dn_321,iwsk_357,Giorgio,Giorgio,PRON,PRON,obj,nmod,explicit_ref_pos,
711,310,one-to-many,dn_322,iwsk_358 iwsk_359 iwsk_360,Giorgio,Giorgio,PRON,PRON,nsubj,nsubj,explicit_full,
712,310,one-to-many,dn_322,iwsk_358 iwsk_359 iwsk_360,Giorgio,Giorgio,NULL,NULL,nsubj,nsubj,zero_zero_semantic,0.22955494188923176
713,310,one-to-many,dn_322,iwsk_358 iwsk_359 iwsk_360,Giorgio,Giorgio,NULL,NULL,nsubj,nsubj,zero_zero_semantic,0.5177767389927938
714,310,one-to-many,dn_322,iwsk_358 iwsk_359 iwsk_360,Ippolita,Ippolita,PRON,PRON,obj,obj,explicit_full,
715,311,one-to-many,dn_323,iwsk_361 iwsk_362,Giorgio,Giorgio,PRON,PRON,nsubj,nsubj,explicit_full,
716,311,one-to-many,dn_323,iwsk_361 iwsk_362,Giorgio,Giorgio,NULL,NULL,nsubj,nsubj,zero_zero_semantic,0.5850517943019347
717,311,one-to-many,dn_323,iwsk_361 iwsk_362,MISSING,Giorgio,MISSING,NULL,MISSING,nsubj,leftover_target,
718,311,one-to-many,dn_323,iwsk_361 iwsk_362,MISSING,Giorgio,MISSING,NULL,MISSING,nsubj,leftover_target,
719,311,one-to-many,dn_323,iwsk_361 iwsk_362,MISSING,Giorgio,MISSING,NULL,MISSING,nsubj,leftover_target,
720,311,one-to-many,dn_323,iwsk_361 iwsk_362,MISSING,Giorgio,MISSING,NULL,MISSING,nsubj,leftover_target,
721,312,one-to-one,dn_324,iwsk_363,Giorgio,Giorgio,PRON,PRON,obj,nsubj,explicit_ref_pos,
722,312,one-to-one,dn_324,iwsk_363,Giorgio,MISSING,NULL,MISSING,nsubj,MISSING,leftover_source,
723,313,one-to-one,dn_325,iwsk_364,Giorgio,Giorgio,NULL,NULL,nsubj,nsubj,zero_zero_semantic,0.49239627608368475
724,313,one-to-one,dn_325,iwsk_364,Giorgio,Giorgio,PRON,NULL,nsubj,nsubj,zero_to_src_anchor,
725,313,one-to-one,dn_325,iwsk_364,Ippolita,Ippolita,PRON,PRON,obj,obj,explicit_full,
726,314,many-to-one,dn_326 dn_327,iwsk_365,Giorgio,Giorgio,PRON,PRON,obj,nsubj,explicit_ref_pos,
727,314,many-to-one,dn_326 dn_327,iwsk_365,Giorgio,Giorgio,PRON,PRON,obj,nsubj,explicit_ref_pos,
728,314,many-to-one,dn_326 dn_327,iwsk_365,Giorgio,Giorgio,NULL,NULL,nsubj,nsubj,zero_zero_semantic,0.3392577665271582
729,314,many-to-one,dn_326 dn_327,iwsk_365,MISSING,Giorgio,MISSING,NULL,MISSING,nsubj,leftover_target,
730,315,one-to-one,dn_328,iwsk_366,Giorgio,Giorgio,PROPN,PROPN,vocative,vocative,explicit_full,
731,316,one-to-one,dn_329,iwsk_367,Giorgio,Giorgio,PRON,PRON,obj,nmod,explicit_ref_pos,
732,316,one-to-one,dn_329,iwsk_367,Ippolita,Ippolita,PROPN,PROPN,nsubj,nsubj,explicit_full,
733,316,one-to-one,dn_329,iwsk_367,MISSING,Ippolita,MISSING,NULL,MISSING,nsubj,leftover_target,
734,317,one-to-one,dn_330,iwsk_368,Giorgio,Giorgio,PRON,PRON,nsubj,nsubj,explicit_full,
735,318,one-to-one,dn_331,iwsk_369,Giorgio,MISSING,NULL,MISSING,nsubj,MISSING,leftover_source,
736,318,one-to-one,dn_331,iwsk_369,Giorgio,MISSING,NULL,MISSING,nsubj,MISSING,leftover_source,
737,318,one-to-one,dn_331,iwsk_369,Giorgio Ippolita,MISSING,PRON-REFLEX,MISSING,obj,MISSING,leftover_source,
738,318,one-to-one,dn_331,iwsk_369,Giorgio Ippolita,MISSING,NULL,MISSING,nsubj,MISSING,leftover_source,
739,318,one-to-one,dn_331,iwsk_369,suicidal-man,suicidal-man,NOUN,PRON,nmod,nsubj,explicit_ref_only,
740,318,one-to-one,dn_331,iwsk_369,MISSING,suicidal-man,MISSING,NULL,MISSING,nsubj,leftover_target,
741,319,one-to-one,dn_332,iwsk_370,Ippolita,Ippolita,NULL,NULL,nsubj,nsubj,zero_zero_single,
742,320,one-to-one,dn_333,iwsk_371,Giorgio,Giorgio,PRON,PRON,obj,nmod,explicit_ref_pos,
743,320,one-to-one,dn_333,iwsk_371,Ippolita,Ippolita,PRON,PRON,nsubj,nsubj,explicit_full,
744,322,one-to-one,dn_335,iwsk_373,Giorgio,Giorgio,PRON,PRON,nsubj,nsubj,explicit_full,
745,322,one-to-one,dn_335,iwsk_373,Giorgio,Giorgio,NULL,NULL,nsubj,nsubj,zero_zero_semantic,0.47828361871532904
746,322,one-to-one,dn_335,iwsk_373,Giorgio,Giorgio,NULL,NULL,nsubj,nsubj,zero_zero_semantic,0.5276627860008142
747,322,one-to-one,dn_335,iwsk_373,Giorgio,MISSING,PRON-REFLEX,MISSING,obj,MISSING,leftover_source,
748,322,one-to-one,dn_335,iwsk_373,Giorgio,MISSING,PRON-REFLEX,MISSING,obj,MISSING,leftover_source,
749,322,one-to-one,dn_335,iwsk_373,Giorgio,MISSING,PRON-REFLEX,MISSING,obj,MISSING,leftover_source,
750,322,one-to-one,dn_335,iwsk_373,Ippolita,Ippolita,PRON,PRON,obj,nmod,explicit_ref_pos,
751,323,one-to-one,dn_336,iwsk_374,Giorgio,MISSING,PRON,MISSING,nsubj,MISSING,leftover_source,
752,323,one-to-one,dn_336,iwsk_374,Giorgio,MISSING,NULL,MISSING,nsubj,MISSING,leftover_source,
753,324,many-to-one,dn_337 dn_338,iwsk_375,suicidal-man,suicidal-man,NOUN,NOUN,nmod,nmod,explicit_full,
754,324,many-to-one,dn_337 dn_338,iwsk_375,suicidal-man,MISSING,NOUN,MISSING,obj,MISSING,leftover_source,
755,325,one-to-one,dn_339,iwsk_376,suicidal-man,suicidal-man,PRON,NULL,nsubj,nsubj,zero_to_src_anchor,
756,326,one-to-one,dn_340,iwsk_377,suicidal-man,suicidal-man,NULL,NULL,nsubj,nsubj,zero_zero_single,
757,326,one-to-one,dn_340,iwsk_377,suicidal-man,MISSING,PRON-REFLEX,MISSING,obj,MISSING,leftover_source,
758,327,one-to-one,dn_341,iwsk_378,Giorgio,Giorgio,PRON,PRON,obj,nsubj,explicit_ref_pos,
759,327,one-to-one,dn_341,iwsk_378,Giorgio,MISSING,NULL,MISSING,nsubj,MISSING,leftover_source,
760,327,one-to-one,dn_341,iwsk_378,MISSING,Giorgio,MISSING,PRON,MISSING,nmod,leftover_target,
761,327,one-to-one,dn_341,iwsk_378,MISSING,suicidal-man,MISSING,NOUN,MISSING,nmod,leftover_target,
762,328,one-to-one,dn_342,iwsk_379,Giorgio,MISSING,PRON,MISSING,obj,MISSING,leftover_source,
763,329,one-to-one,dn_343,iwsk_380,Demetrio,Demetrio,PROPN,NOUN,obj,obj,explicit_ref_case,
764,329,one-to-one,dn_343,iwsk_380,MISSING,Demetrio,MISSING,PROPN,MISSING,nmod,leftover_target,
765,329,one-to-one,dn_343,iwsk_380,Giorgio,Giorgio,DET,PRON,nmod,nsubj,explicit_ref_only,
766,329,one-to-one,dn_343,iwsk_380,Giorgio,Giorgio,NULL,NULL,nsubj,nsubj,zero_zero_single,
767,329,one-to-one,dn_343,iwsk_380,Giorgio,MISSING,DET,MISSING,nmod,MISSING,leftover_source,
768,329,one-to-one,dn_343,iwsk_380,Giorgios-father,Giorgios-father,NOUN,NOUN,nmod,nmod,explicit_full,
769,330,one-to-many,dn_344,iwsk_381 iwsk_382,MISSING,Demetrio,MISSING,NULL,MISSING,nsubj,leftover_target,
770,331,one-to-one,dn_345,iwsk_383,Giorgio,Giorgio,PRON,PRON,nsubj,nsubj,explicit_full,
771,331,one-to-one,dn_345,iwsk_383,Giorgio,MISSING,PRON-REFLEX,MISSING,obj,MISSING,leftover_source,
772,331,one-to-one,dn_345,iwsk_383,MISSING,Giorgio,MISSING,NULL,MISSING,nsubj,leftover_target,
773,334,one-to-one,dn_348,iwsk_386,Giorgio,Giorgio,NULL,PRON,nsubj,nsubj,zero_to_tgt_anchor,
774,334,one-to-one,dn_348,iwsk_386,Giorgio,MISSING,NULL,MISSING,nsubj,MISSING,leftover_source,
775,335,one-to-one,dn_349,iwsk_387,Giorgio,MISSING,NULL,MISSING,nsubj,MISSING,leftover_source,
776,336,one-to-one,dn_350,iwsk_388,Giorgio,MISSING,PRON,MISSING,obj,MISSING,leftover_source,
777,336,one-to-one,dn_350,iwsk_388,MISSING,Giorgio,MISSING,NULL,MISSING,nsubj,leftover_target,
778,337,one-to-one,dn_351,iwsk_389,MISSING,Giorgio,MISSING,NULL,MISSING,nsubj,leftover_target,
779,337,one-to-one,dn_351,iwsk_389,MISSING,Giorgio,MISSING,NULL,MISSING,nsubj,leftover_target,
780,337,one-to-one,dn_351,iwsk_389,MISSING,Giorgio,MISSING,NULL,MISSING,nsubj,leftover_target,
781,338,one-to-one,dn_352,iwsk_390,Giorgio,MISSING,PRON,MISSING,obj,MISSING,leftover_source,
782,339,one-to-one,dn_353,iwsk_391,Giorgio,Giorgio,PRON,PRON,obj,obj,explicit_full,
783,339,one-to-one,dn_353,iwsk_391,Giorgio,Giorgio,NULL,NULL,nsubj,nsubj,zero_zero_semantic,0.22619867324829102
784,339,one-to-one,dn_353,iwsk_391,Giorgio,Giorgio,NULL,NULL,nsubj,nsubj,zero_zero_semantic,0.33025362423142873
785,339,one-to-one,dn_353,iwsk_391,Giorgio,MISSING,PRON-REFLEX,MISSING,obj,MISSING,leftover_source,
786,339,one-to-one,dn_353,iwsk_391,Giorgio,MISSING,PRON,MISSING,obj,MISSING,leftover_source,
787,339,one-to-one,dn_353,iwsk_391,Ippolita,Ippolita,PROPN,PROPN,nmod,nmod,explicit_full,
788,340,one-to-one,dn_354,iwsk_392,Giorgio,Giorgio,DET,PRON,nmod,nmod,explicit_ref_case,
789,340,one-to-one,dn_354,iwsk_392,Giorgio,Giorgio,PRON,PRON,obj,nsubj,explicit_ref_pos,
790,340,one-to-one,dn_354,iwsk_392,Giorgio,Giorgio,NULL,NULL,nsubj,nsubj,zero_zero_semantic,0.3463128213135023
791,340,one-to-one,dn_354,iwsk_392,Giorgio,Giorgio,NULL,NULL,nsubj,nsubj,zero_zero_semantic,0.3396043219736644
792,340,one-to-one,dn_354,iwsk_392,Giorgio,MISSING,PRON-REFLEX,MISSING,obj,MISSING,leftover_source,
793,340,one-to-one,dn_354,iwsk_392,Ippolita,Ippolita,PRON,PRON,nmod,nmod,explicit_full,
794,340,one-to-one,dn_354,iwsk_392,Ippolita,Ippolita,PRON,PROPN,obj,obj,explicit_ref_case,
795,340,one-to-one,dn_354,iwsk_392,MISSING,Ippolita,MISSING,DET,MISSING,nmod,leftover_target,
796,341,one-to-one,dn_355,iwsk_393,Giorgio,Giorgio,PRON,DET,obj,nmod,explicit_ref_only,
797,341,one-to-one,dn_355,iwsk_393,Ippolita,Ippolita,PRON,PRON,nsubj,nsubj,explicit_full,
798,341,one-to-one,dn_355,iwsk_393,Ippolita,MISSING,PRON-REFLEX,MISSING,obj,MISSING,leftover_source,
799,342,one-to-one,dn_356,iwsk_394,Giorgio Ippolita,Giorgio Ippolita,PRON,NOUN,nsubj,nsubj,explicit_ref_case,
800,342,one-to-one,dn_356,iwsk_394,Giorgio Ippolita,Giorgio Ippolita,PRON-REFLEX,NOUN,obj,obj,reflex_obj,
801,342,one-to-one,dn_356,iwsk_394,Giorgio Ippolita,MISSING,PRON-REFLEX,MISSING,obj,MISSING,leftover_source,
802,342,one-to-one,dn_356,iwsk_394,MISSING,Giorgio Ippolita,MISSING,NULL,MISSING,nsubj,leftover_target,
803,342,one-to-one,dn_356,iwsk_394,MISSING,Giorgio Ippolita,MISSING,NULL,MISSING,nsubj,leftover_target,
804,342,one-to-one,dn_356,iwsk_394,MISSING,Giorgio Ippolita,MISSING,NULL,MISSING,nsubj,leftover_target,
805,343,one-to-one,dn_357,iwsk_395,guardians,MISSING,NULL,MISSING,nsubj,MISSING,leftover_source,
806,344,one-to-one,dn_358,iwsk_396,guardians,MISSING,NULL,MISSING,nsubj,MISSING,leftover_source,
807,345,one-to-one,dn_359,iwsk_397,guardians,guardians,NOUN,NOUN,nmod,nmod,explicit_full,
808,346,one-to-one,dn_360,iwsk_398,guardians,MISSING,NULL,MISSING,nsubj,MISSING,leftover_source,
809,347,one-to-many,dn_361,iwsk_399 iwsk_400,Giorgio Ippolita,Giorgio Ippolita,NOUN,NOUN,obj,obj,explicit_full,
810,347,one-to-many,dn_361,iwsk_399 iwsk_400,guardians,guardians,NOUN,NOUN,obj,nmod,explicit_ref_pos,
811,348,one-to-one,dn_362,iwsk_401,Giorgio Ippolita,Giorgio Ippolita,NOUN,PROPN,nsubj,nsubj,explicit_ref_case,
812,348,one-to-one,dn_362,iwsk_401,Giorgio Ippolita,Giorgio Ippolita,NULL,NULL,nsubj,nsubj,zero_zero_semantic,0.27649871044688756
813,348,one-to-one,dn_362,iwsk_401,Giorgio Ippolita,MISSING,PRON-REFLEX,MISSING,obj,MISSING,leftover_source,
814,348,one-to-one,dn_362,iwsk_401,Giorgio Ippolita,MISSING,NULL,MISSING,nsubj,MISSING,leftover_source,
815,348,one-to-one,dn_362,iwsk_401,MISSING,guardians,MISSING,DET,MISSING,nmod,leftover_target,
816,349,one-to-one,dn_363,iwsk_402,MISSING,guardians,MISSING,DET,MISSING,nmod,leftover_target,
817,350,one-to-one,dn_364,iwsk_403,guardians,MISSING,NULL,MISSING,nsubj,MISSING,leftover_source,
818,351,one-to-one,dn_365,iwsk_404,MISSING,guardians,MISSING,NULL,MISSING,nsubj,leftover_target,
819,352,one-to-one,dn_366,iwsk_405,Ippolita,Ippolita,PROPN,PROPN,nsubj,nsubj,explicit_full,
820,352,one-to-one,dn_366,iwsk_405,MISSING,Ippolita,MISSING,NULL,MISSING,nsubj,leftover_target,
821,352,one-to-one,dn_366,iwsk_405,MISSING,Ippolita,MISSING,NULL,MISSING,nsubj,leftover_target,
822,357,one-to-one,dn_371,iwsk_410,Giorgio,MISSING,PRON,MISSING,obj,MISSING,leftover_source,
823,357,one-to-one,dn_371,iwsk_410,Ippolita,Ippolita,PRON,PRON,nsubj,nsubj,explicit_full,
824,358,one-to-one,dn_372,iwsk_411,Giorgio,Giorgio,PROPN,PROPN,nsubj,nsubj,explicit_full,
825,359,one-to-one,dn_373,iwsk_412,Ippolita,Ippolita,NULL,NULL,nsubj,nsubj,zero_zero_single,
826,360,one-to-one,dn_374,iwsk_413,Ippolita,MISSING,NULL,MISSING,nsubj,MISSING,leftover_source,
827,361,one-to-one,dn_375,iwsk_414,Ippolita,MISSING,NULL,MISSING,nsubj,MISSING,leftover_source,
828,362,one-to-one,dn_376,iwsk_415,Giorgio,Giorgio,PRON,PRON,nsubj,nsubj,explicit_full,
829,362,one-to-one,dn_376,iwsk_415,Ippolita,Ippolita,PRON,NULL,nsubj,nsubj,zero_to_src_anchor,
830,363,one-to-one,dn_377,iwsk_416,Ippolita,Ippolita,NULL,NULL,nsubj,nsubj,zero_zero_single,
831,364,one-to-one,dn_378,iwsk_417,Giorgio Ippolita,Giorgio Ippolita,NULL,NULL,nsubj,nsubj,zero_zero_semantic,0.2573747380773849
832,364,one-to-one,dn_378,iwsk_417,Giorgio Ippolita,Giorgio Ippolita,NULL,NOUN,nsubj,nsubj,zero_to_tgt_anchor,
833,364,one-to-one,dn_378,iwsk_417,Giorgio Ippolita,MISSING,PRON-REFLEX,MISSING,obj,MISSING,leftover_source,
834,364,one-to-one,dn_378,iwsk_417,Giorgio Ippolita,MISSING,PRON-REFLEX,MISSING,obj,MISSING,leftover_source,
835,365,one-to-one,dn_379,iwsk_418,Giorgio,Giorgio,PRON,PRON,nsubj,nsubj,explicit_full,
836,366,one-to-one,dn_380,iwsk_419,Giorgio,MISSING,PRON,MISSING,obj,MISSING,leftover_source,
837,366,one-to-one,dn_380,iwsk_419,Ippolita,Ippolita,NULL,NULL,nsubj,nsubj,zero_zero_single,
838,367,one-to-one,dn_381,iwsk_420,Giorgio Ippolita,Giorgio Ippolita,PRON,NOUN,obj,nsubj,explicit_ref_only,
839,367,one-to-one,dn_381,iwsk_420,Giorgio Ippolita,MISSING,NULL,MISSING,nsubj,MISSING,leftover_source,
840,368,one-to-one,dn_382,iwsk_421,Giorgio,Giorgio,PRON,PRON,nsubj,nsubj,explicit_full,
841,369,one-to-one,dn_383,iwsk_422,MISSING,Ippolita,MISSING,PRON,MISSING,nsubj,leftover_target,
842,370,one-to-one,dn_384,iwsk_424,Ippolita,Ippolita,PRON,PRON,nsubj,nsubj,explicit_full,
843,372,one-to-one,dn_386,iwsk_425,Giorgio,Giorgio,NULL,NULL,nsubj,nsubj,zero_zero_single,
844,372,one-to-one,dn_386,iwsk_425,Ippolita,Ippolita,PRON,PRON,obj,nmod,explicit_ref_pos,
845,374,many-to-one,dn_388 dn_389,iwsk_427,Giorgio Ippolita,Giorgio Ippolita,NULL,NULL,nsubj,nsubj,zero_zero_semantic,0.5353302774408311
846,374,many-to-one,dn_388 dn_389,iwsk_427,Giorgio Ippolita,Giorgio Ippolita,NULL,NOUN,nsubj,nsubj,zero_to_tgt_anchor,
847,374,many-to-one,dn_388 dn_389,iwsk_427,Giorgio Ippolita,MISSING,PRON-REFLEX,MISSING,obj,MISSING,leftover_source,
848,375,one-to-one,dn_390,iwsk_428,Ippolita,Ippolita,PRON,PRON,nsubj,nsubj,explicit_full,
849,376,one-to-one,dn_391,iwsk_429,Giorgio,Giorgio,PRON,PRON,nsubj,nsubj,explicit_full,
850,376,one-to-one,dn_391,iwsk_429,Ippolita,Ippolita,PRON,PRON,obj,obj,explicit_full,
851,376,one-to-one,dn_391,iwsk_429,Ippolita,MISSING,PRON-REFLEX,MISSING,obj,MISSING,leftover_source,
852,377,one-to-one,dn_392,iwsk_430,Giorgio,Giorgio,PRON,PRON,obj,obj,explicit_full,
853,377,one-to-one,dn_392,iwsk_430,Ippolita,Ippolita,PRON,PRON,nsubj,nsubj,explicit_full,
854,378,one-to-one,dn_393,iwsk_431,Giorgio,Giorgio,PRON,PRON,obj,nmod,explicit_ref_pos,
855,378,one-to-one,dn_393,iwsk_431,Giorgio,Giorgio,NULL,PRON,nsubj,nsubj,zero_to_tgt_anchor,
856,378,one-to-one,dn_393,iwsk_431,Ippolita,Ippolita,PRON,NOUN,obj,obj,explicit_ref_case,
857,378,one-to-one,dn_393,iwsk_431,Ippolita,Ippolita,NOUN,NOUN,pred,obj,explicit_ref_pos,
858,378,one-to-one,dn_393,iwsk_431,Ippolita,Ippolita,NOUN,PRON,pred,nsubj,explicit_ref_only,
859,378,one-to-one,dn_393,iwsk_431,Ippolita,Ippolita,NULL,NULL,nsubj,nsubj,zero_zero_semantic,0.4545687635739644
860,378,one-to-one,dn_393,iwsk_431,Ippolita,Ippolita,NULL,NULL,nsubj,nsubj,zero_zero_semantic,0.5884057874749372
861,378,one-to-one,dn_393,iwsk_431,Ippolita,Ippolita,NULL,NULL,nsubj,nsubj,zero_zero_semantic,0.2296283488740792
862,378,one-to-one,dn_393,iwsk_431,Ippolita,MISSING,PRON-REFLEX,MISSING,obj,MISSING,leftover_source,
863,378,one-to-one,dn_393,iwsk_431,Ippolita,MISSING,NULL,MISSING,nsubj,MISSING,leftover_source,
864,379,one-to-one,dn_394,iwsk_432,Giorgio,Giorgio,PRON,PRON,nsubj,obj,explicit_ref_pos,
865,379,one-to-one,dn_394,iwsk_432,Ippolita,Ippolita,PRON,PRON,obj,nmod,explicit_ref_pos,
866,380,one-to-one,dn_395,iwsk_433,Ippolita,Ippolita,PRON,PRON,obj,obj,explicit_full,
867,380,one-to-one,dn_395,iwsk_433,Ippolita,Ippolita,PRON,PRON,obj,obj,explicit_full,
868,380,one-to-one,dn_395,iwsk_433,Ippolita,Ippolita,PRON,PRON,obj,nmod,explicit_ref_pos,
869,381,one-to-one,dn_396,iwsk_434,Giorgio,MISSING,PRON,MISSING,obj,MISSING,leftover_source,
870,382,one-to-one,dn_397,iwsk_435,Giorgio,Giorgio,PRON,PRON,obj,nmod,explicit_ref_pos,
871,383,one-to-many,dn_398,iwsk_436 iwsk_437,Giorgio Ippolita,Giorgio Ippolita,PRON,PRON,nsubj,nsubj,explicit_full,
872,383,one-to-many,dn_398,iwsk_436 iwsk_437,Giorgio Ippolita,Giorgio Ippolita,PRON,PRON,obj,obj,explicit_full,
873,383,one-to-many,dn_398,iwsk_436 iwsk_437,Giorgio Ippolita,Giorgio Ippolita,DET,PRON,nmod,nmod,explicit_ref_case,
874,383,one-to-many,dn_398,iwsk_436 iwsk_437,Giorgio Ippolita,MISSING,DET,MISSING,nmod,MISSING,leftover_source,
875,383,one-to-many,dn_398,iwsk_436 iwsk_437,MISSING,Giorgio Ippolita,MISSING,NULL,MISSING,nsubj,leftover_target,
876,383,one-to-many,dn_398,iwsk_436 iwsk_437,MISSING,Giorgio Ippolita,MISSING,NULL,MISSING,nsubj,leftover_target,
877,384,one-to-one,dn_399,iwsk_438,Giorgio,Giorgio,PROPN,PROPN,nsubj,nsubj,explicit_full,
878,384,one-to-one,dn_399,iwsk_438,Giorgio,MISSING,PRON,MISSING,obj,MISSING,leftover_source,
879,384,one-to-one,dn_399,iwsk_438,MISSING,Giorgio,MISSING,NULL,MISSING,nsubj,leftover_target,
880,384,one-to-one,dn_399,iwsk_438,butler,butler,NOUN,NOUN,nsubj,nsubj,explicit_full,
881,385,one-to-one,dn_400,iwsk_439,Giorgio,Giorgio,PRON,PRON,nsubj,nsubj,explicit_full,
882,385,one-to-one,dn_400,iwsk_439,Giorgio,MISSING,PRON-REFLEX,MISSING,obj,MISSING,leftover_source,
883,385,one-to-one,dn_400,iwsk_439,MISSING,Giorgio,MISSING,NULL,MISSING,nsubj,leftover_target,
884,386,one-to-one,dn_401,iwsk_440,Giorgio,Giorgio,NULL,NULL,nsubj,nsubj,zero_zero_single,
885,387,one-to-one,dn_402,iwsk_441,Giorgio,MISSING,PRON,MISSING,obj,MISSING,leftover_source,
886,387,one-to-one,dn_402,iwsk_441,butler,butler,NULL,NULL,nsubj,nsubj,zero_zero_single,
887,388,one-to-one,dn_403,iwsk_442,AlfonsoExili,AlfonsoExili,NOUN,NOUN,nmod,nmod,explicit_full,
888,388,one-to-one,dn_403,iwsk_442,Giorgio,MISSING,NULL,MISSING,nsubj,MISSING,leftover_source,
889,389,one-to-one,dn_404,iwsk_443,AlfonsoExili,AlfonsoExili,NULL,NULL,nsubj,nsubj,zero_zero_single,
890,389,one-to-one,dn_404,iwsk_443,Giorgio,Giorgio,PROPN,PROPN,vocative,vocative,explicit_full,
891,389,one-to-one,dn_404,iwsk_443,Giorgio,MISSING,NULL,MISSING,nsubj,MISSING,leftover_source,
892,390,one-to-one,dn_405,iwsk_444,AlfonsoExili,AlfonsoExili,NULL,NULL,nsubj,nsubj,zero_zero_single,
893,390,one-to-one,dn_405,iwsk_444,Giorgio,MISSING,PRON,MISSING,obj,MISSING,leftover_source,
894,391,one-to-one,dn_406,iwsk_445,AlfonsoExili,AlfonsoExili,PROPN,PROPN,nmod,nmod,explicit_full,
895,391,one-to-one,dn_406,iwsk_445,Giorgio,Giorgio,DET,PRON,nmod,nmod,explicit_ref_case,
896,391,one-to-one,dn_406,iwsk_445,Giorgio,Giorgio,NULL,NULL,nsubj,nsubj,zero_zero_single,
897,392,one-to-one,dn_407,iwsk_446,AlfonsoExili,AlfonsoExili,NOUN,NOUN,pred,pred,explicit_full,
898,392,one-to-one,dn_407,iwsk_446,AlfonsoExili,AlfonsoExili,NOUN,NOUN,pred,pred,explicit_full,
899,392,one-to-one,dn_407,iwsk_446,AlfonsoExili,AlfonsoExili,NOUN,NOUN,pred,pred,explicit_full,
900,392,one-to-one,dn_407,iwsk_446,AlfonsoExili,AlfonsoExili,PROPN,NOUN,nsubj,nsubj,explicit_ref_case,
901,392,one-to-one,dn_407,iwsk_446,AlfonsoExili,MISSING,PRON-REFLEX,MISSING,obj,MISSING,leftover_source,
902,392,one-to-one,dn_407,iwsk_446,MISSING,AlfonsoExili,MISSING,NULL,MISSING,nsubj,leftover_target,
903,392,one-to-one,dn_407,iwsk_446,Giorgio,MISSING,DET,MISSING,nmod,MISSING,leftover_source,
904,393,one-to-many,dn_408,iwsk_447 iwsk_448,AlfonsoExili,AlfonsoExili,DET,DET,nmod,nmod,explicit_full,
905,393,one-to-many,dn_408,iwsk_447 iwsk_448,AlfonsoExili,MISSING,PRON,MISSING,nsubj,MISSING,leftover_source,
906,393,one-to-many,dn_408,iwsk_447 iwsk_448,AlfonsoExili,MISSING,NOUN,MISSING,pred,MISSING,leftover_source,
907,393,one-to-many,dn_408,iwsk_447 iwsk_448,AlfonsoExili,MISSING,NULL,MISSING,nsubj,MISSING,leftover_source,
908,393,one-to-many,dn_408,iwsk_447 iwsk_448,AlfonsoExili,MISSING,DET,MISSING,nmod,MISSING,leftover_source,
909,393,one-to-many,dn_408,iwsk_447 iwsk_448,AlfonsoExili,MISSING,DET,MISSING,nmod,MISSING,leftover_source,
910,394,one-to-one,dn_409,iwsk_449,AlfonsoExili,AlfonsoExili,NULL,NULL,nsubj,nsubj,zero_zero_semantic,0.334432049592336
911,394,one-to-one,dn_409,iwsk_449,AlfonsoExili,AlfonsoExili,NULL,NULL,nsubj,nsubj,zero_zero_semantic,0.39090603032922433
912,394,one-to-one,dn_409,iwsk_449,AlfonsoExili,AlfonsoExili,NULL,NULL,nsubj,nsubj,zero_zero_semantic,0.3346475004495915
913,394,one-to-one,dn_409,iwsk_449,AlfonsoExili,AlfonsoExili,NULL,NULL,nsubj,nsubj,zero_zero_semantic,0.34436903894086734
914,394,one-to-one,dn_409,iwsk_449,AlfonsoExili,MISSING,PRON-REFLEX,MISSING,obj,MISSING,leftover_source,
915,394,one-to-one,dn_409,iwsk_449,butler,butler,NOUN,NOUN,nsubj,nsubj,explicit_full,
916,395,one-to-one,dn_410,iwsk_450,AlfonsoExili,MISSING,NULL,MISSING,nsubj,MISSING,leftover_source,
917,395,one-to-one,dn_410,iwsk_450,Giorgio,Giorgio,PROPN,PROPN,vocative,vocative,explicit_full,
918,395,one-to-one,dn_410,iwsk_450,Giorgio,Giorgio,PRON,PRON,obj,nmod,explicit_ref_pos,
919,395,one-to-one,dn_410,iwsk_450,MISSING,Giorgio,MISSING,NULL,MISSING,nsubj,leftover_target,
920,396,one-to-one,dn_411,iwsk_451,AlfonsoExili,AlfonsoExili,NULL,NULL,nsubj,nsubj,zero_zero_single,
921,397,one-to-one,dn_412,iwsk_452,AlfonsoExili,MISSING,PRON,MISSING,obj,MISSING,leftover_source,
922,397,one-to-one,dn_412,iwsk_452,Giorgio,Giorgio,NULL,NULL,nsubj,nsubj,zero_zero_single,
923,400,one-to-one,dn_415,iwsk_455,Giorgio,Giorgio,PROPN,PROPN,vocative,vocative,explicit_full,
924,400,one-to-one,dn_415,iwsk_455,MISSING,Giorgio,MISSING,NULL,MISSING,nsubj,leftover_target,
925,401,one-to-one,dn_416,iwsk_456,AlfonsoExili,AlfonsoExili,PRON,PRON,nsubj,nsubj,explicit_full,
926,401,one-to-one,dn_416,iwsk_456,AlfonsoExili,MISSING,DET,MISSING,nmod,MISSING,leftover_source,
927,401,one-to-one,dn_416,iwsk_456,MISSING,Giorgio,MISSING,PRON,MISSING,obj,leftover_target,
928,402,one-to-many,dn_417,iwsk_457 iwsk_458,AlfonsoExili,AlfonsoExili,NOUN,NOUN,obj,obj,explicit_full,
929,402,one-to-many,dn_417,iwsk_457 iwsk_458,AlfonsoExili,MISSING,PRON,MISSING,obj,MISSING,leftover_source,
930,402,one-to-many,dn_417,iwsk_457 iwsk_458,AlfonsoExili,MISSING,PRON,MISSING,obj,MISSING,leftover_source,
931,402,one-to-many,dn_417,iwsk_457 iwsk_458,AlfonsoExili,MISSING,PRON,MISSING,obj,MISSING,leftover_source,
932,402,one-to-many,dn_417,iwsk_457 iwsk_458,Giorgio,Giorgio,PROPN,PROPN,nsubj,nsubj,explicit_full,
933,402,one-to-many,dn_417,iwsk_457 iwsk_458,Giorgio,Giorgio,NULL,NULL,nsubj,nsubj,zero_zero_semantic,0.33205240555838045
934,402,one-to-many,dn_417,iwsk_457 iwsk_458,Giorgio,Giorgio,PRON,NULL,nsubj,nsubj,zero_to_src_anchor,
935,402,one-to-many,dn_417,iwsk_457 iwsk_458,Giorgio,MISSING,PRON-REFLEX,MISSING,obj,MISSING,leftover_source,
936,402,one-to-many,dn_417,iwsk_457 iwsk_458,MISSING,Giorgio,MISSING,NULL,MISSING,nsubj,leftover_target,
937,403,one-to-one,dn_418,iwsk_459,AlfonsoExili,AlfonsoExili,NULL,NULL,nsubj,nsubj,zero_zero_single,
938,403,one-to-one,dn_418,iwsk_459,Giorgio,MISSING,PRON,MISSING,obj,MISSING,leftover_source,
939,404,one-to-one,dn_419,iwsk_460,AlfonsoExili,AlfonsoExili,PROPN,PROPN,nsubj,nsubj,explicit_full,
940,405,one-to-one,dn_420,iwsk_461,Giorgio,Giorgio,NULL,NULL,nsubj,nsubj,zero_zero_single,
941,406,one-to-one,dn_421,iwsk_462,AlfonsoExili,AlfonsoExili,NULL,PRON,nsubj,nsubj,zero_to_tgt_anchor,
942,407,one-to-one,dn_422,iwsk_463,AlfonsoExili,MISSING,PRON,MISSING,obj,MISSING,leftover_source,
943,407,one-to-one,dn_422,iwsk_463,Giorgio,Giorgio,NULL,NULL,nsubj,nsubj,zero_zero_single,
944,408,one-to-one,dn_423,iwsk_464,AlfonsoExili,AlfonsoExili,NULL,NULL,nsubj,nsubj,zero_zero_single,
945,408,one-to-one,dn_423,iwsk_464,AlfonsoExili,MISSING,DET,MISSING,nmod,MISSING,leftover_source,
946,408,one-to-one,dn_423,iwsk_464,Giorgio,MISSING,PRON,MISSING,obj,MISSING,leftover_source,
947,409,one-to-one,dn_424,iwsk_465,Giorgio,Giorgio,PROPN,PROPN,nsubj,nsubj,explicit_full,
948,410,one-to-one,dn_425,iwsk_466,Giorgio,Giorgio,NULL,NULL,nsubj,nsubj,zero_zero_semantic,0.3554001725636996
949,410,one-to-one,dn_425,iwsk_466,MISSING,Giorgio,MISSING,NULL,MISSING,nsubj,leftover_target,
950,410,one-to-one,dn_425,iwsk_466,butler,butler,NOUN,NOUN,obj,obj,explicit_full,
951,411,one-to-one,dn_426,iwsk_467,butler,butler,NOUN,NOUN,nsubj,nsubj,explicit_full,
952,412,one-to-one,dn_427,iwsk_468,butler,butler,NULL,NULL,nsubj,nsubj,zero_zero_semantic,0.34068707763044925
953,412,one-to-one,dn_427,iwsk_468,MISSING,butler,MISSING,NULL,MISSING,nsubj,leftover_target,
954,413,one-to-one,dn_428,iwsk_469,butler,butler,NOUN,NOUN,nsubj,nsubj,explicit_full,
955,414,many-to-one,dn_429 dn_430,iwsk_470,Giorgio,MISSING,PRON,MISSING,obj,MISSING,leftover_source,
956,414,many-to-one,dn_429 dn_430,iwsk_470,butler,butler,NULL,NULL,nsubj,nsubj,zero_zero_semantic,0.22161962998949963
957,414,many-to-one,dn_429 dn_430,iwsk_470,butler,butler,NULL,NULL,nsubj,nsubj,zero_zero_semantic,0.45637669183205865
958,415,one-to-one,dn_431,iwsk_471,MISSING,Giorgio,MISSING,PRON,MISSING,obj,leftover_target,
959,415,one-to-one,dn_431,iwsk_471,butler,butler,NOUN,NOUN,nsubj,nsubj,explicit_full,
960,416,one-to-one,dn_432,iwsk_472,butler,butler,NULL,NULL,nsubj,nsubj,zero_zero_single,
961,417,one-to-one,dn_433,iwsk_473,AlfonsoExili,AlfonsoExili,PROPN,PROPN,nsubj,nsubj,explicit_full,
962,417,one-to-one,dn_433,iwsk_473,MISSING,AlfonsoExili,MISSING,NULL,MISSING,nsubj,leftover_target,
963,417,one-to-one,dn_433,iwsk_473,butler,butler,NOUN,NOUN,nsubj,nsubj,explicit_full,
964,418,one-to-one,dn_434,iwsk_474,AlfonsoExili,MISSING,PRON,MISSING,obj,MISSING,leftover_source,
965,418,one-to-one,dn_434,iwsk_474,Giorgio,Giorgio,NULL,NULL,nsubj,nsubj,zero_zero_single,
966,420,one-to-one,dn_436,iwsk_476,AlfonsoExili,AlfonsoExili,NULL,NULL,nsubj,nsubj,zero_zero_single,
967,422,one-to-one,dn_438,iwsk_478,AlfonsoExili,AlfonsoExili,NULL,NULL,nsubj,nsubj,zero_zero_single,
968,423,one-to-one,dn_439,iwsk_479,AlfonsoExili,MISSING,PRON,MISSING,obj,MISSING,leftover_source,
969,423,one-to-one,dn_439,iwsk_479,Giorgio,Giorgio,PROPN,PROPN,nsubj,nsubj,explicit_full,
970,423,one-to-one,dn_439,iwsk_479,Giorgio,Giorgio,NULL,NULL,nsubj,nsubj,zero_zero_single,
971,424,one-to-one,dn_440,iwsk_480,AlfonsoExili,AlfonsoExili,PROPN,PROPN,nsubj,nsubj,explicit_full,
972,424,one-to-one,dn_440,iwsk_480,MISSING,AlfonsoExili,MISSING,NULL,MISSING,nsubj,leftover_target,
973,424,one-to-one,dn_440,iwsk_480,MISSING,AlfonsoExili,MISSING,NULL,MISSING,nsubj,leftover_target,
974,425,one-to-one,dn_441,iwsk_481,AlfonsoExili,AlfonsoExili,NULL,NULL,nsubj,nsubj,zero_zero_semantic,0.23706398283034724
975,425,one-to-one,dn_441,iwsk_481,MISSING,AlfonsoExili,MISSING,NULL,MISSING,nsubj,leftover_target,
976,425,one-to-one,dn_441,iwsk_481,MISSING,AlfonsoExili,MISSING,NULL,MISSING,nsubj,leftover_target,
977,426,one-to-one,dn_442,iwsk_482,Giorgio,Giorgio,PRON,PRON,nsubj,nsubj,explicit_full,
978,427,one-to-one,dn_443,iwsk_483,AlfonsoExili,AlfonsoExili,NULL,PRON,nsubj,nsubj,zero_to_tgt_anchor,
979,427,one-to-one,dn_443,iwsk_483,AlfonsoExili,MISSING,PRON-REFLEX,MISSING,obj,MISSING,leftover_source,
980,428,one-to-one,dn_444,iwsk_484,Giorgio,MISSING,PRON,MISSING,nsubj,MISSING,leftover_source,
981,429,one-to-one,dn_445,iwsk_485,AlfonsoExili,AlfonsoExili,NULL,NULL,nsubj,nsubj,zero_zero_semantic,0.3618153206550092
982,429,one-to-one,dn_445,iwsk_485,AlfonsoExili,AlfonsoExili,NULL,NULL,nsubj,nsubj,zero_zero_semantic,0.5306072151522055
983,429,one-to-one,dn_445,iwsk_485,AlfonsoExili,AlfonsoExili,NULL,PRON,nsubj,nsubj,zero_to_tgt_anchor,
984,429,one-to-one,dn_445,iwsk_485,AlfonsoExili,MISSING,PRON-REFLEX,MISSING,obj,MISSING,leftover_source,
985,429,one-to-one,dn_445,iwsk_485,AlfonsoExili,MISSING,PRON-REFLEX,MISSING,obj,MISSING,leftover_source,
986,429,one-to-one,dn_445,iwsk_485,AlfonsoExili,MISSING,PRON-REFLEX,MISSING,obj,MISSING,leftover_source,
987,430,one-to-one,dn_446,iwsk_486,MISSING,AlfonsoExili,MISSING,PRON,MISSING,nmod,leftover_target,
988,430,one-to-one,dn_446,iwsk_486,Giorgio,MISSING,DET,MISSING,nmod,MISSING,leftover_source,
989,431,one-to-one,dn_447,iwsk_487,Ippolita,Ippolita,PRON,NOUN,nsubj,nsubj,explicit_ref_case,
990,431,one-to-one,dn_447,iwsk_487,Ippolita,MISSING,NULL,MISSING,nsubj,MISSING,leftover_source,
991,432,one-to-one,dn_448,iwsk_488,AlfonsoExili,AlfonsoExili,PROPN,NOUN,vocative,vocative,explicit_ref_case,
992,432,one-to-one,dn_448,iwsk_488,AlfonsoExili,AlfonsoExili,NULL,NULL,nsubj,nsubj,zero_zero_single,
993,433,one-to-one,dn_449,iwsk_489,Giorgio,Giorgio,NULL,NULL,nsubj,nsubj,zero_zero_single,
994,434,one-to-one,dn_450,iwsk_490,Ippolita,Ippolita,PRON,PRON,vocative,nsubj,explicit_ref_pos,
995,436,one-to-one,dn_452,iwsk_492,Ippolita,Ippolita,NULL,NULL,nsubj,nsubj,zero_zero_single,
996,437,one-to-one,dn_453,iwsk_493,AlfonsoExili,AlfonsoExili,NULL,NULL,nsubj,nsubj,zero_zero_single,
997,437,one-to-one,dn_453,iwsk_493,Ippolita,MISSING,PRON,MISSING,obj,MISSING,leftover_source,
998,438,one-to-one,dn_454,iwsk_494,Ippolita,Ippolita,NULL,NULL,nsubj,nsubj,zero_zero_single,
999,439,one-to-one,dn_455,iwsk_495,AlfonsoExili,MISSING,PRON,MISSING,obj,MISSING,leftover_source,
1000,439,one-to-one,dn_455,iwsk_495,Ippolita,MISSING,NULL,MISSING,nsubj,MISSING,leftover_source,
1001,439,one-to-one,dn_455,iwsk_495,Ippolitas-sister,Ippolitas-sister,NOUN,NOUN,obj,nsubj,explicit_ref_pos,
1002,440,one-to-one,dn_456,iwsk_496,AlfonsoExili,AlfonsoExili,PRON,PRON,nsubj,nsubj,explicit_full,
1003,440,one-to-one,dn_456,iwsk_496,AlfonsoExili,AlfonsoExili,NULL,NULL,nsubj,nsubj,zero_zero_single,
1004,440,one-to-one,dn_456,iwsk_496,AlfonsoExili,MISSING,PRON-REFLEX,MISSING,obj,MISSING,leftover_source,
1005,441,one-to-one,dn_457,iwsk_497,AlfonsoExili,AlfonsoExili,NULL,NULL,nsubj,nsubj,zero_zero_single,
1006,442,one-to-one,dn_458,iwsk_498,Ippolita,Ippolita,NULL,NULL,nsubj,nsubj,zero_zero_single,
1007,442,one-to-one,dn_458,iwsk_498,Ippolitas-husband,Ippolitas-husband,NOUN,NOUN,obj,obj,explicit_full,
1008,443,one-to-one,dn_459,iwsk_499,AlfonsoExili,AlfonsoExili,NULL,NULL,nsubj,nsubj,zero_zero_single,
1009,443,one-to-one,dn_459,iwsk_499,Ippolita,Ippolita,NULL,NULL,nsubj,nsubj,zero_zero_single,
1010,444,one-to-one,dn_460,iwsk_500,Ippolita,Ippolita,NULL,NULL,nsubj,nsubj,zero_zero_single,
1011,445,one-to-one,dn_461,iwsk_501,AlfonsoExili,AlfonsoExili,NULL,PRON,nsubj,nsubj,zero_to_tgt_anchor,
1012,445,one-to-one,dn_461,iwsk_501,Ippolita,MISSING,PRON,MISSING,obj,MISSING,leftover_source,
1013,446,one-to-one,dn_462,iwsk_502,Giorgio,Giorgio,DET,PRON,nmod,nmod,explicit_ref_case,
1014,446,one-to-one,dn_462,iwsk_502,Giorgio,Giorgio,NULL,NULL,nsubj,nsubj,zero_zero_single,
1015,446,one-to-one,dn_462,iwsk_502,MISSING,Monti,MISSING,NOUN,MISSING,nsubj,leftover_target,
1016,447,one-to-one,dn_463,iwsk_503,Monti,Monti,PROPN,PROPN,vocative,vocative,explicit_full,
1017,448,one-to-one,dn_464,iwsk_504,Giorgio,Giorgio,PRON,PRON,nsubj,nsubj,explicit_full,
1018,448,one-to-one,dn_464,iwsk_504,Monti,MISSING,PRON,MISSING,obj,MISSING,leftover_source,
1019,449,one-to-one,dn_465,iwsk_505,Monti,Monti,NOUN,NOUN,pred,pred,explicit_full,
1020,449,one-to-one,dn_465,iwsk_505,Monti,MISSING,NOUN,MISSING,pred,MISSING,leftover_source,
1021,449,one-to-one,dn_465,iwsk_505,MISSING,Monti,MISSING,NULL,MISSING,nsubj,leftover_target,
1022,450,one-to-one,dn_466,iwsk_506,MISSING,AlfonsoExili,MISSING,PRON,MISSING,nmod,leftover_target,
1023,450,one-to-one,dn_466,iwsk_506,Ippolita,Ippolita,PRON,PRON,obj,nmod,explicit_ref_pos,
1024,450,one-to-one,dn_466,iwsk_506,Monti,Monti,NULL,NOUN,nsubj,nsubj,zero_to_tgt_anchor,
1025,451,many-to-one,dn_467 dn_468,iwsk_507,Giorgio,Giorgio,PRON,PRON,nsubj,obj,explicit_ref_pos,
1026,452,one-to-one,dn_469,iwsk_508,Monti,Monti,PROPN,PROPN,nsubj,nsubj,explicit_full,
1027,453,one-to-one,dn_470,iwsk_509,AlfonsoExili,MISSING,NULL,MISSING,nsubj,MISSING,leftover_source,
1028,454,one-to-one,dn_471,iwsk_510,AlfonsoExili,AlfonsoExili,NULL,NULL,nsubj,nsubj,zero_zero_semantic,0.390164027781062
1029,454,one-to-one,dn_471,iwsk_510,MISSING,AlfonsoExili,MISSING,NULL,MISSING,nsubj,leftover_target,
1030,455,one-to-one,dn_472,iwsk_511,Giorgio,Giorgio,PROPN,PROPN,vocative,vocative,explicit_full,
1031,455,one-to-one,dn_472,iwsk_511,Giorgio,Giorgio,NULL,NULL,nsubj,nsubj,zero_zero_single,
1032,456,one-to-many,dn_473,iwsk_512 iwsk_513,Giorgio,Giorgio,PROPN,PROPN,nsubj,nsubj,explicit_full,
1033,456,one-to-many,dn_473,iwsk_512 iwsk_513,Giorgio,Giorgio,NULL,NULL,nsubj,nsubj,zero_zero_semantic,0.23794859945564717
1034,456,one-to-many,dn_473,iwsk_512 iwsk_513,MISSING,Giorgio,MISSING,NULL,MISSING,nsubj,leftover_target,
1035,457,one-to-one,dn_474,iwsk_514,AlfonsoExili,MISSING,PROPN,MISSING,nsubj,MISSING,leftover_source,
1036,457,one-to-one,dn_474,iwsk_514,Giorgio,Giorgio,PRON,PRON,nsubj,nsubj,explicit_full,
1037,457,one-to-one,dn_474,iwsk_514,MISSING,Giorgio,MISSING,PRON,MISSING,nmod,leftover_target,
1038,457,one-to-one,dn_474,iwsk_514,MISSING,Giorgio,MISSING,NULL,MISSING,nsubj,leftover_target,
1039,458,one-to-one,dn_475,iwsk_515,Giorgio,Giorgio,PROPN,PROPN,vocative,vocative,explicit_full,
1040,459,one-to-one,dn_476,iwsk_516,MISSING,AlfonsoExili,MISSING,DET,MISSING,nmod,leftover_target,
1041,459,one-to-one,dn_476,iwsk_516,Giorgio,Giorgio,PRON,PRON,nsubj,nsubj,explicit_full,
1042,459,one-to-one,dn_476,iwsk_516,Giorgio,MISSING,PRON-REFLEX,MISSING,obj,MISSING,leftover_source,
1043,461,one-to-one,dn_478,iwsk_518,AlfonsoExili,AlfonsoExili,NULL,PRON,nsubj,nsubj,zero_to_tgt_anchor,
1044,462,one-to-one,dn_479,iwsk_519,AlfonsoExili,AlfonsoExili,PRON,PRON,obj,nsubj,explicit_ref_pos,
1045,462,one-to-one,dn_479,iwsk_519,AlfonsoExili,AlfonsoExili,NULL,NULL,nsubj,nsubj,zero_zero_single,
1046,463,one-to-one,dn_480,iwsk_520,AlfonsoExili,AlfonsoExili,NULL,NULL,nsubj,nsubj,zero_zero_single,
1047,463,one-to-one,dn_480,iwsk_520,AlfonsoExili,MISSING,PRON,MISSING,obj,MISSING,leftover_source,
1048,464,one-to-one,dn_481,iwsk_521,AlfonsoExili,AlfonsoExili,PROPN,PROPN,nsubj,nsubj,explicit_full,
1049,464,one-to-one,dn_481,iwsk_521,AlfonsoExili,MISSING,PRON-REFLEX,MISSING,obj,MISSING,leftover_source,
1050,465,many-to-one,dn_482 dn_483,iwsk_522,Giorgio,MISSING,NULL,MISSING,nsubj,MISSING,leftover_source,
1051,465,many-to-one,dn_482 dn_483,iwsk_522,MISSING,Giorgio,MISSING,PRON,MISSING,vocative,leftover_target,
1052,466,one-to-one,dn_484,iwsk_523,AlfonsoExili,AlfonsoExili,NULL,NULL,nsubj,nsubj,zero_zero_semantic,0.39277062902750054
1053,466,one-to-one,dn_484,iwsk_523,AlfonsoExili,AlfonsoExili,NULL,NULL,nsubj,nsubj,zero_zero_semantic,0.3785370108357987
1054,466,one-to-one,dn_484,iwsk_523,AlfonsoExili,AlfonsoExili,NULL,PRON,nsubj,nsubj,zero_to_tgt_anchor,
1055,466,one-to-one,dn_484,iwsk_523,AlfonsoExili,MISSING,PRON-REFLEX,MISSING,obj,MISSING,leftover_source,
1056,467,one-to-one,dn_485,iwsk_524,MISSING,Giorgio,MISSING,PRON,MISSING,nsubj,leftover_target,
1057,468,one-to-one,dn_486,iwsk_525,AlfonsoExili,AlfonsoExili,DET,PRON,nmod,nsubj,explicit_ref_only,
1058,468,one-to-one,dn_486,iwsk_525,AlfonsoExili,MISSING,NULL,MISSING,nsubj,MISSING,leftover_source,
1059,470,one-to-one,dn_488,iwsk_527,AlfonsoExili,AlfonsoExili,NULL,PRON,nsubj,nsubj,zero_to_tgt_anchor,
1060,470,one-to-one,dn_488,iwsk_527,Giorgio,Giorgio,PROPN,PROPN,nsubj,nsubj,explicit_full,
1061,470,one-to-one,dn_488,iwsk_527,Giorgio,MISSING,DET,MISSING,nmod,MISSING,leftover_source,
1062,471,one-to-one,dn_489,iwsk_528,AlfonsoExili,AlfonsoExili,NOUN,NOUN,nsubj,nsubj,explicit_full,
1063,471,one-to-one,dn_489,iwsk_528,AlfonsoExili,MISSING,PRON-REFLEX,MISSING,obj,MISSING,leftover_source,
1064,472,one-to-one,dn_490,iwsk_529,Giorgio,Giorgio,PRON,PRON,nsubj,nsubj,explicit_full,
1065,473,one-to-one,dn_491,iwsk_530,AlfonsoExili,AlfonsoExili,NULL,NULL,nsubj,nsubj,zero_zero_single,
1066,474,one-to-many,dn_492,iwsk_531 iwsk_532,AlfonsoExili,AlfonsoExili,NULL,NULL,nsubj,nsubj,zero_zero_semantic,0.6423415285261238
1067,474,one-to-many,dn_492,iwsk_531 iwsk_532,AlfonsoExili,AlfonsoExili,NULL,NULL,nsubj,nsubj,zero_zero_semantic,0.5385664331875428
1068,474,one-to-many,dn_492,iwsk_531 iwsk_532,MISSING,AlfonsoExili,MISSING,PRON,MISSING,nmod,leftover_target,
1069,474,one-to-many,dn_492,iwsk_531 iwsk_532,Giorgio,Giorgio,PROPN,PROPN,obj,nsubj,explicit_ref_pos,
1070,476,one-to-one,dn_494,iwsk_534,MISSING,Giorgio Ippolita,MISSING,NULL,MISSING,nsubj,leftover_target,
1071,476,one-to-one,dn_494,iwsk_534,MISSING,Giorgio Ippolita,MISSING,NULL,MISSING,nsubj,leftover_target,
1072,477,one-to-one,dn_495,iwsk_535,Ippolita,Ippolita,PROPN,PROPN,nsubj,nsubj,explicit_full,
1073,478,one-to-one,dn_496,iwsk_536,Giorgio Ippolita,Giorgio Ippolita,PRON,NOUN,nsubj,obj,explicit_ref_only,
1074,478,one-to-one,dn_496,iwsk_536,MISSING,Ippolita,MISSING,NULL,MISSING,nsubj,leftover_target,
1075,479,one-to-one,dn_497,iwsk_537,Giorgio,Giorgio,PROPN,PROPN,nsubj,nsubj,explicit_full,
1076,480,one-to-one,dn_498,iwsk_538,Ippolita,Ippolita,NULL,NULL,nsubj,nsubj,zero_zero_single,
1077,480,one-to-one,dn_498,iwsk_538,Ippolita,MISSING,PRON-REFLEX,MISSING,obj,MISSING,leftover_source,
1078,481,one-to-one,dn_499,iwsk_539,Ippolita,Ippolita,NULL,NULL,nsubj,nsubj,zero_zero_single,
1079,481,one-to-one,dn_499,iwsk_539,Ippolita,MISSING,PRON-REFLEX,MISSING,obj,MISSING,leftover_source,
1080,483,one-to-one,dn_501,iwsk_541,Giorgio,Giorgio,PRON,PRON,obj,nmod,explicit_ref_pos,
1081,483,one-to-one,dn_501,iwsk_541,Ippolita,Ippolita,PRON,NULL,nsubj,nsubj,zero_to_src_anchor,
1082,484,one-to-many,dn_502,iwsk_542 iwsk_543,Giorgio,Giorgio,PRON,PRON,obj,nsubj,explicit_ref_pos,
1083,484,one-to-many,dn_502,iwsk_542 iwsk_543,Ippolita,Ippolita,PRON,PRON,nsubj,nsubj,explicit_full,
1084,484,one-to-many,dn_502,iwsk_542 iwsk_543,Ippolita,Ippolita,NULL,NULL,nsubj,nsubj,zero_zero_single,
1085,484,one-to-many,dn_502,iwsk_542 iwsk_543,Ippolita,MISSING,PRON,MISSING,obj,MISSING,leftover_source,
1086,485,one-to-one,dn_503,iwsk_544,Ippolita,Ippolita,NULL,NULL,nsubj,nsubj,zero_zero_single,
1087,485,one-to-one,dn_503,iwsk_544,MISSING,Ippolita,MISSING,PRON,MISSING,nsubj,leftover_target,
1088,486,one-to-one,dn_504,iwsk_545,Ippolita,Ippolita,NULL,NULL,nsubj,nsubj,zero_zero_single,
1089,487,one-to-one,dn_505,iwsk_546,Ippolita,Ippolita,NULL,NULL,nsubj,nsubj,zero_zero_semantic,0.38309501856565475
1090,487,one-to-one,dn_505,iwsk_546,MISSING,Ippolita,MISSING,NULL,MISSING,nsubj,leftover_target,
1091,488,one-to-one,dn_506,iwsk_547,Giorgio,Giorgio,PRON,PRON,nsubj,nsubj,explicit_full,
1092,488,one-to-one,dn_506,iwsk_547,MISSING,Giorgio,MISSING,NULL,MISSING,nsubj,leftover_target,
1093,489,one-to-one,dn_507,iwsk_548,Ippolita,MISSING,PRON,MISSING,obj,MISSING,leftover_source,
1094,489,one-to-one,dn_507,iwsk_548,Ippolitas-family,Ippolitas-family,NULL,NOUN,nsubj,nsubj,zero_to_tgt_anchor,
1095,490,one-to-one,dn_508,iwsk_549,Giorgio,MISSING,PRON,MISSING,obj,MISSING,leftover_source,
1096,490,one-to-one,dn_508,iwsk_549,MISSING,Giorgio Ippolita,MISSING,NULL,MISSING,nsubj,leftover_target,
1097,490,one-to-one,dn_508,iwsk_549,Ippolita,MISSING,NULL,MISSING,nsubj,MISSING,leftover_source,
1098,491,one-to-one,dn_509,iwsk_550,Ippolita Ippolitas-family,MISSING,NULL,MISSING,nsubj,MISSING,leftover_source,
1099,492,one-to-one,dn_510,iwsk_551,Giorgio Ippolita,Giorgio Ippolita,NULL,NULL,nsubj,nsubj,zero_zero_single,
1100,492,one-to-one,dn_510,iwsk_551,Giorgio Ippolita,MISSING,PRON-REFLEX,MISSING,obj,MISSING,leftover_source,
1101,496,one-to-one,dn_514,iwsk_555,Giorgio,MISSING,DET,MISSING,nmod,MISSING,leftover_source,
1102,497,one-to-one,dn_515,iwsk_556,Giorgio,Giorgio,PRON,PRON,nsubj,nsubj,explicit_full,
1103,497,one-to-one,dn_515,iwsk_556,Giorgio,Giorgio,NULL,NULL,nsubj,nsubj,zero_zero_semantic,0.4376540126708838
1104,497,one-to-one,dn_515,iwsk_556,Giorgio,MISSING,NULL,MISSING,nsubj,MISSING,leftover_source,
1105,497,one-to-one,dn_515,iwsk_556,MISSING,Giorgio,MISSING,PRON,MISSING,obj,leftover_target,
1106,498,one-to-one,dn_516,iwsk_557,Giorgio,Giorgio,NULL,NULL,nsubj,nsubj,zero_zero_semantic,0.25920588636973674
1107,498,one-to-one,dn_516,iwsk_557,Giorgio,Giorgio,NULL,PRON,nsubj,nsubj,zero_to_tgt_anchor,
1108,498,one-to-one,dn_516,iwsk_557,Ippolita,Ippolita,PRON,PRON,obj,obj,explicit_full,
1109,498,one-to-one,dn_516,iwsk_557,Ippolita,Ippolita,PRON,PRON,obj,nmod,explicit_ref_pos,
1110,499,one-to-one,dn_517,iwsk_558,Giorgio,Giorgio,NULL,NULL,nsubj,nsubj,zero_zero_single,
1111,499,one-to-one,dn_517,iwsk_558,Giorgio,MISSING,PRON-REFLEX,MISSING,obj,MISSING,leftover_source,
1112,500,one-to-one,dn_518,iwsk_559,Giorgio,Giorgio,NULL,NULL,nsubj,nsubj,zero_zero_single,
1113,500,one-to-one,dn_518,iwsk_559,Giorgio,MISSING,PRON-REFLEX,MISSING,obj,MISSING,leftover_source,
1114,501,one-to-one,dn_519,iwsk_560,Ippolita,Ippolita,NULL,NULL,nsubj,nsubj,zero_zero_semantic,0.4520999659103846
1115,501,one-to-one,dn_519,iwsk_560,Ippolita,Ippolita,NULL,NULL,nsubj,nsubj,zero_zero_semantic,0.2859923700197045
1116,501,one-to-one,dn_519,iwsk_560,Ippolita,MISSING,PRON-REFLEX,MISSING,obj,MISSING,leftover_source,
1117,501,one-to-one,dn_519,iwsk_560,MISSING,Ippolita,MISSING,NULL,MISSING,nsubj,leftover_target,
1118,502,one-to-one,dn_520,iwsk_561,Ippolita,Ippolita,PRON,PRON,nsubj,nsubj,explicit_full,
1119,503,one-to-one,dn_521,iwsk_562,Ippolita,MISSING,NULL,MISSING,nsubj,MISSING,leftover_source,
1120,503,one-to-one,dn_521,iwsk_562,Ippolita,MISSING,DET,MISSING,nmod,MISSING,leftover_source,
1121,503,one-to-one,dn_521,iwsk_562,Ippolitas-husband,Ippolitas-husband,NOUN,NOUN,nsubj,nsubj,explicit_full,
1122,503,one-to-one,dn_521,iwsk_562,MISSING,Ippolitas-husband,MISSING,NULL,MISSING,nsubj,leftover_target,
1123,504,one-to-one,dn_522,iwsk_563,Giorgio,MISSING,PRON,MISSING,obj,MISSING,leftover_source,
1124,504,one-to-one,dn_522,iwsk_563,MISSING,Giorgio,MISSING,NULL,MISSING,nsubj,leftover_target,
1125,504,one-to-one,dn_522,iwsk_563,Ippolita,Ippolita,NULL,NULL,nsubj,nsubj,zero_zero_single,
1126,505,one-to-many,dn_523,iwsk_564 iwsk_565,Ippolita,Ippolita,NULL,NULL,nsubj,nsubj,zero_zero_semantic,0.23784237287023613
1127,505,one-to-many,dn_523,iwsk_564 iwsk_565,Ippolita,Ippolita,NULL,NULL,nsubj,nsubj,zero_zero_semantic,0.47967904219240476
1128,506,one-to-one,dn_524,iwsk_566,MISSING,Giorgio,MISSING,PRON,MISSING,obj,leftover_target,
1129,506,one-to-one,dn_524,iwsk_566,Ippolita,Ippolita,NULL,NULL,nsubj,nsubj,zero_zero_semantic,0.28845207122239197
1130,506,one-to-one,dn_524,iwsk_566,Ippolita,MISSING,NULL,MISSING,nsubj,MISSING,leftover_source,
1131,508,one-to-one,dn_526,iwsk_568,MISSING,Ippolita,MISSING,NULL,MISSING,nsubj,leftover_target,
1132,509,one-to-one,dn_527,iwsk_569,Giorgio,Giorgio,PRON,PRON,nsubj,nsubj,explicit_full,
1133,509,one-to-one,dn_527,iwsk_569,Giorgio,MISSING,DET,MISSING,nmod,MISSING,leftover_source,
1134,509,one-to-one,dn_527,iwsk_569,Giorgio Ippolita,Giorgio Ippolita,NULL,PRON,nsubj,nsubj,zero_to_tgt_anchor,
1135,510,one-to-one,dn_528,iwsk_570,Giorgio,Giorgio,PRON,NULL,nsubj,nsubj,zero_to_src_anchor,
1136,511,one-to-one,dn_529,iwsk_571,Ippolita,Ippolita,PRON,PRON,nsubj,nsubj,explicit_full,
1137,512,one-to-one,dn_530,iwsk_573,Giorgio,Giorgio,PROPN,PROPN,nsubj,nsubj,explicit_full,
1138,514,one-to-many,dn_532,iwsk_574 iwsk_575,Giorgio,Giorgio,NULL,NULL,nsubj,nsubj,zero_zero_single,
1139,514,one-to-many,dn_532,iwsk_574 iwsk_575,MISSING,Ippolita,MISSING,PRON,MISSING,nmod,leftover_target,
1140,514,one-to-many,dn_532,iwsk_574 iwsk_575,Ippolitas-husband,Ippolitas-husband,NOUN,NOUN,obj,nmod,explicit_ref_pos,
1141,515,one-to-one,dn_533,iwsk_576,Ippolita,Ippolita,PRON,PRON,nsubj,nsubj,explicit_full,
1142,515,one-to-one,dn_533,iwsk_576,Ippolita,MISSING,NULL,MISSING,nsubj,MISSING,leftover_source,
1143,516,one-to-one,dn_534,iwsk_577,Giorgio,Giorgio,PRON,NULL,nsubj,nsubj,zero_to_src_anchor,
1144,517,one-to-one,dn_535,iwsk_578,Giorgio,Giorgio,PRON,PRON,obj,obj,explicit_full,
1145,517,one-to-one,dn_535,iwsk_578,Ippolitas-husband,Ippolitas-husband,NOUN,NOUN,nsubj,nsubj,explicit_full,
1146,518,one-to-one,dn_536,iwsk_579,Giorgio,Giorgio,DET,PRON,nmod,nmod,explicit_ref_case,
1147,518,one-to-one,dn_536,iwsk_579,Giorgio,MISSING,PRON,MISSING,obj,MISSING,leftover_source,
1148,518,one-to-one,dn_536,iwsk_579,MISSING,Ippolita,MISSING,NOUN,MISSING,obj,leftover_target,
1149,518,one-to-one,dn_536,iwsk_579,Ippolitas-husband,Ippolitas-husband,PRON,NULL,nsubj,nsubj,zero_to_src_anchor,
1150,519,one-to-one,dn_537,iwsk_580,Giorgio,Giorgio,PRON-REFLEX,PRON,obj,obj,reflex_obj,
1151,519,one-to-one,dn_537,iwsk_580,Giorgio,MISSING,NULL,MISSING,nsubj,MISSING,leftover_source,
1152,520,one-to-one,dn_538,iwsk_581,Giorgio,Giorgio,PRON,PRON,nsubj,nsubj,explicit_full,
1153,520,one-to-one,dn_538,iwsk_581,MISSING,Giorgio,MISSING,NULL,MISSING,nsubj,leftover_target,
1154,522,one-to-one,dn_540,iwsk_583,Giorgio,Giorgio,PRON,PRON,nsubj,obj,explicit_ref_pos,
1155,522,one-to-one,dn_540,iwsk_583,Giorgio,MISSING,DET,MISSING,nmod,MISSING,leftover_source,
1156,522,one-to-one,dn_540,iwsk_583,MISSING,Giorgio,MISSING,NULL,MISSING,nsubj,leftover_target,
1157,522,one-to-one,dn_540,iwsk_583,Ippolita,Ippolita,PROPN,PROPN,nmod,nmod,explicit_full,
1158,523,one-to-one,dn_542,iwsk_584,Giorgio Ippolita,Giorgio Ippolita,NULL,NULL,nsubj,nsubj,zero_zero_single,
1159,524,one-to-one,dn_543,iwsk_585,MISSING,Giorgio Ippolita,MISSING,NULL,MISSING,nsubj,leftover_target,
1160,526,one-to-one,dn_545,iwsk_587,Ippolita,Ippolita,PRON,PRON,nsubj,nsubj,explicit_full,
1161,526,one-to-one,dn_545,iwsk_587,Ippolita,MISSING,NOUN,MISSING,nmod,MISSING,leftover_source,
1162,526,one-to-one,dn_545,iwsk_587,Ippolitas-mother,Ippolitas-mother,NOUN,NOUN,obj,obj,explicit_full,
1163,527,one-to-one,dn_546,iwsk_588,Ippolita,Ippolita,NULL,PRON,nsubj,nsubj,zero_to_tgt_anchor,
1164,527,one-to-one,dn_546,iwsk_588,Ippolitas-mother,MISSING,NULL,MISSING,nsubj,MISSING,leftover_source,
1165,527,one-to-one,dn_546,iwsk_588,Ippolitas-mother,MISSING,NOUN,MISSING,vocative,MISSING,leftover_source,
1166,528,one-to-many,dn_547,iwsk_589 iwsk_590,Ippolita,Ippolita,NULL,NULL,nsubj,nsubj,zero_zero_single,
1167,528,one-to-many,dn_547,iwsk_589 iwsk_590,Ippolitas-mother,MISSING,PRON,MISSING,obj,MISSING,leftover_source,
1168,529,one-to-one,dn_548,iwsk_591,Ippolita,Ippolita,NULL,NULL,nsubj,nsubj,zero_zero_single,
1169,529,one-to-one,dn_548,iwsk_591,Ippolitas-mother,Ippolitas-mother,PRON,NOUN,obj,obj,explicit_ref_case,
1170,530,one-to-one,dn_549,iwsk_592,Giorgio,MISSING,NULL,MISSING,nsubj,MISSING,leftover_source,
1171,530,one-to-one,dn_549,iwsk_592,MISSING,Ippolitas-mother,MISSING,NOUN,MISSING,nsubj,leftover_target,
1172,531,one-to-one,dn_550,iwsk_593,Ippolita,Ippolita,PRON,PRON,nsubj,nsubj,explicit_full,
1173,531,one-to-one,dn_550,iwsk_593,Ippolita,Ippolita,NULL,NULL,nsubj,nsubj,zero_zero_single,
1174,532,one-to-one,dn_551,iwsk_594,Giorgio,Giorgio,PRON,PRON,nsubj,nsubj,explicit_full,
1175,532,one-to-one,dn_551,iwsk_594,Ippolita,Ippolita,PRON,PRON,obj,nmod,explicit_ref_pos,
1176,533,one-to-one,dn_552,iwsk_595,Giorgio,MISSING,PRON,MISSING,obj,MISSING,leftover_source,
1177,533,one-to-one,dn_552,iwsk_595,MISSING,Giorgio,MISSING,NULL,MISSING,nsubj,leftover_target,
1178,533,one-to-one,dn_552,iwsk_595,Ippolita,Ippolita,PRON,PRON,nsubj,nsubj,explicit_full,
1179,533,one-to-one,dn_552,iwsk_595,Ippolitas-mother,Ippolitas-mother,NOUN,NOUN,obj,obj,explicit_full,
1180,534,one-to-one,dn_553,iwsk_596,Giorgio,Giorgio,NULL,NULL,nsubj,nsubj,zero_zero_single,
1181,534,one-to-one,dn_553,iwsk_596,MISSING,Ippolita,MISSING,NULL,MISSING,nsubj,leftover_target,
1182,534,one-to-one,dn_553,iwsk_596,Ippolitas-husband,Ippolitas-husband,NOUN,NOUN,nmod,obj,explicit_ref_pos,
1183,535,one-to-one,dn_554,iwsk_597,Giorgio,Giorgio,PRON,NULL,nsubj,nsubj,zero_to_src_anchor,
1184,535,one-to-one,dn_554,iwsk_597,Giorgio,MISSING,DET,MISSING,nmod,MISSING,leftover_source,
1185,535,one-to-one,dn_554,iwsk_597,Ippolita,Ippolita,DET,PRON,nmod,nsubj,explicit_ref_only,
1186,536,one-to-one,dn_555,iwsk_598,Giorgio,Giorgio,DET,PRON,nmod,nsubj,explicit_ref_only,
1187,536,one-to-one,dn_555,iwsk_598,Giorgio,MISSING,NULL,MISSING,nsubj,MISSING,leftover_source,
1188,536,one-to-one,dn_555,iwsk_598,Giorgio,MISSING,NULL,MISSING,nsubj,MISSING,leftover_source,
1189,536,one-to-one,dn_555,iwsk_598,Giorgio,MISSING,PRON-REFLEX,MISSING,obj,MISSING,leftover_source,
1190,536,one-to-one,dn_555,iwsk_598,Giorgio,MISSING,DET,MISSING,nmod,MISSING,leftover_source,
1191,536,one-to-one,dn_555,iwsk_598,Ippolita,Ippolita,PRON,PRON,obj,obj,explicit_full,
1192,536,one-to-one,dn_555,iwsk_598,Ippolita,MISSING,NULL,MISSING,nsubj,MISSING,leftover_source,
1193,537,one-to-many,dn_556,iwsk_599 iwsk_600,Giorgio,Giorgio,PRON,PRON,nsubj,nsubj,explicit_full,
1194,537,one-to-many,dn_556,iwsk_599 iwsk_600,Giorgio,Giorgio,NULL,NULL,nsubj,nsubj,zero_zero_semantic,0.21248178465657258
1195,537,one-to-many,dn_556,iwsk_599 iwsk_600,Giorgio,Giorgio,NULL,NULL,nsubj,nsubj,zero_zero_semantic,0.5391874631875725
1196,537,one-to-many,dn_556,iwsk_599 iwsk_600,MISSING,Giorgio,MISSING,NULL,MISSING,nsubj,leftover_target,
1197,537,one-to-many,dn_556,iwsk_599 iwsk_600,MISSING,Giorgio,MISSING,PRON,MISSING,obj,leftover_target,
1198,537,one-to-many,dn_556,iwsk_599 iwsk_600,Ippolita,Ippolita,PRON,PRON,obj,obj,explicit_full,
1199,537,one-to-many,dn_556,iwsk_599 iwsk_600,Ippolita,Ippolita,PRON,PRON,obj,obj,explicit_full,
1200,537,one-to-many,dn_556,iwsk_599 iwsk_600,Ippolita,Ippolita,PRON,NOUN,obj,pred,explicit_ref_only,
1201,537,one-to-many,dn_556,iwsk_599 iwsk_600,Ippolita,MISSING,PRON,MISSING,obj,MISSING,leftover_source,
1202,539,one-to-one,dn_558,iwsk_602,Ippolita,Ippolita,PRON,PRON,nsubj,nsubj,explicit_full,
1203,540,one-to-one,dn_559,iwsk_603,Giorgio Ippolita,Giorgio Ippolita,NULL,NULL,nsubj,nsubj,zero_zero_single,
1204,540,one-to-one,dn_559,iwsk_603,MISSING,Ippolita,MISSING,NULL,MISSING,nsubj,leftover_target,
1205,541,one-to-one,dn_560,iwsk_604,Giorgio,Giorgio,NULL,NULL,nsubj,nsubj,zero_zero_single,
1206,541,one-to-one,dn_560,iwsk_604,Giorgio,MISSING,PRON,MISSING,nsubj,MISSING,leftover_source,
1207,543,one-to-one,dn_562,iwsk_606,Giorgio,Giorgio,NULL,NULL,nsubj,nsubj,zero_zero_semantic,0.33222053625753944
1208,543,one-to-one,dn_562,iwsk_606,Giorgio,Giorgio,NULL,NULL,nsubj,nsubj,zero_zero_semantic,0.18572677935938767
1209,544,one-to-one,dn_563,iwsk_607,Giorgio Ippolita,Giorgio Ippolita,NULL,NULL,nsubj,nsubj,zero_zero_single,
1210,545,one-to-many,dn_564,iwsk_608 iwsk_609,Giorgio,Giorgio,PRON,PRON,nsubj,nsubj,explicit_full,
1211,545,one-to-many,dn_564,iwsk_608 iwsk_609,Ippolita,Ippolita,PRON,PRON,nsubj,nsubj,explicit_full,
1212,545,one-to-many,dn_564,iwsk_608 iwsk_609,Ippolita,Ippolita,NULL,NULL,nsubj,nsubj,zero_zero_semantic,0.6262753715441711
1213,545,one-to-many,dn_564,iwsk_608 iwsk_609,Ippolita,Ippolita,NULL,NULL,nsubj,nsubj,zero_zero_semantic,0.24211663599463476
1214,545,one-to-many,dn_564,iwsk_608 iwsk_609,Ippolita,MISSING,PRON-REFLEX,MISSING,obj,MISSING,leftover_source,
1215,546,one-to-one,dn_565,iwsk_610,MISSING,Giorgio Ippolita,MISSING,NULL,MISSING,nsubj,leftover_target,
1216,546,one-to-one,dn_565,iwsk_610,Ippolita,MISSING,NULL,MISSING,nsubj,MISSING,leftover_source,
1217,547,one-to-many,dn_566,iwsk_611 iwsk_612,Giorgio,Giorgio,PRON,PRON,nsubj,nsubj,explicit_full,
1218,547,one-to-many,dn_566,iwsk_611 iwsk_612,Ippolita,Ippolita,PRON,PRON,obj,nmod,explicit_ref_pos,
1219,548,one-to-many,dn_567,iwsk_613 iwsk_614,Giorgio,Giorgio,NULL,NULL,nsubj,nsubj,zero_zero_single,
1220,548,one-to-many,dn_567,iwsk_613 iwsk_614,MISSING,Giorgio,MISSING,PRON,MISSING,nsubj,leftover_target,
1221,549,one-to-one,dn_568,iwsk_615,Giorgio,Giorgio,NULL,PRON,nsubj,nsubj,zero_to_tgt_anchor,
1222,549,one-to-one,dn_568,iwsk_615,Ippolita,Ippolita,PRON,PRON,nsubj,nsubj,explicit_full,
1223,550,one-to-one,dn_569,iwsk_616,Ippolita,Ippolita,NULL,PRON,nsubj,nsubj,zero_to_tgt_anchor,
1224,551,one-to-one,dn_570,iwsk_617,Ippolita,Ippolita,NULL,NULL,nsubj,nsubj,zero_zero_single,
1225,551,one-to-one,dn_570,iwsk_617,MISSING,Ippolita,MISSING,PRON,MISSING,nsubj,leftover_target,
1226,552,one-to-one,dn_572,iwsk_618,Giorgio,Giorgio,PRON,PRON,nsubj,nsubj,explicit_full,
1227,552,one-to-one,dn_572,iwsk_618,Giorgio,MISSING,DET,MISSING,nmod,MISSING,leftover_source,
1228,552,one-to-one,dn_572,iwsk_618,MISSING,Giorgio,MISSING,NULL,MISSING,nsubj,leftover_target,
1229,554,one-to-one,dn_574,iwsk_620,Giorgio,Giorgio,PRON,PRON,obj,obj,explicit_full,
1230,554,one-to-one,dn_574,iwsk_620,Ippolita,Ippolita,PRON,PRON,nsubj,nsubj,explicit_full,
1231,554,one-to-one,dn_574,iwsk_620,Ippolita,Ippolita,PRON,PRON,obj,nsubj,explicit_ref_pos,
1232,554,one-to-one,dn_574,iwsk_620,Ippolita,MISSING,NULL,MISSING,nsubj,MISSING,leftover_source,
1233,554,one-to-one,dn_574,iwsk_620,Ippolita,MISSING,NULL,MISSING,nsubj,MISSING,leftover_source,
1234,554,one-to-one,dn_574,iwsk_620,Ippolita,MISSING,PRON,MISSING,obj,MISSING,leftover_source,
1235,555,one-to-one,dn_575,iwsk_621,AlfonsoExili,AlfonsoExili,PROPN,PROPN,nsubj,nsubj,explicit_full,
1236,555,one-to-one,dn_575,iwsk_621,Monti,Monti,NOUN,NOUN,nsubj,nsubj,explicit_full,
1237,555,one-to-one,dn_575,iwsk_621,Monti,MISSING,PRON,MISSING,obj,MISSING,leftover_source,
1238,556,one-to-one,dn_576,iwsk_622,Ippolita,Ippolita,PRON,NULL,nsubj,nsubj,zero_to_src_anchor,
1239,557,one-to-one,dn_577,iwsk_623,Ippolita,Ippolita,NULL,PRON,nsubj,nsubj,zero_to_tgt_anchor,
1240,557,one-to-one,dn_577,iwsk_623,Ippolita,MISSING,PRON-REFLEX,MISSING,obj,MISSING,leftover_source,
1241,558,one-to-one,dn_578,iwsk_624,Ippolita,Ippolita,PRON,PRON,obj,obj,explicit_full,
1242,558,one-to-one,dn_578,iwsk_624,Ippolita,Ippolita,NULL,NULL,nsubj,nsubj,zero_zero_single,
1243,559,one-to-one,dn_579,iwsk_625,CountessAlbertini,CountessAlbertini,NOUN,NOUN,nsubj,nsubj,explicit_full,
1244,559,one-to-one,dn_579,iwsk_625,MISSING,CountessAlbertini,MISSING,PROPN,MISSING,nmod,leftover_target,
1245,559,one-to-one,dn_579,iwsk_625,Giorgio,Giorgio,PRON,PRON,obj,obj,explicit_full,
1246,560,one-to-one,dn_580,iwsk_626,CountessAlbertini,CountessAlbertini,PRON,PRON,nsubj,nsubj,explicit_full,
1247,560,one-to-one,dn_580,iwsk_626,CountessAlbertini,CountessAlbertini,NULL,NULL,nsubj,nsubj,zero_zero_semantic,0.2879597097635269
1248,560,one-to-one,dn_580,iwsk_626,MISSING,CountessAlbertini,MISSING,NULL,MISSING,nsubj,leftover_target,
1249,560,one-to-one,dn_580,iwsk_626,CountessAlbertinis-husband,CountessAlbertinis-husband,NOUN,NOUN,obj,obj,explicit_full,
1250,561,one-to-one,dn_581,iwsk_627,Giorgio,MISSING,PRON,MISSING,obj,MISSING,leftover_source,
1251,561,one-to-one,dn_581,iwsk_627,MISSING,Giorgio,MISSING,NULL,MISSING,nsubj,leftover_target,
1252,561,one-to-one,dn_581,iwsk_627,MISSING,Giorgio,MISSING,NULL,MISSING,nsubj,leftover_target,
1253,562,one-to-one,dn_582,iwsk_628,Giorgio,Giorgio,PRON,PRON,nsubj,nsubj,explicit_full,
1254,562,one-to-one,dn_582,iwsk_628,MISSING,Giorgio,MISSING,NULL,MISSING,nsubj,leftover_target,
1255,563,one-to-one,dn_583,iwsk_629,Giorgio,Giorgio,DET,PRON,nmod,nmod,explicit_ref_case,
1256,564,one-to-many,dn_584,iwsk_630 iwsk_631,Giorgio,Giorgio,PRON,PRON,nsubj,nsubj,explicit_full,
1257,564,one-to-many,dn_584,iwsk_630 iwsk_631,MISSING,Giorgio,MISSING,PRON,MISSING,nsubj,leftover_target,
1258,564,one-to-many,dn_584,iwsk_630 iwsk_631,MISSING,Ippolita,MISSING,NOUN,MISSING,nsubj,leftover_target,
1259,566,one-to-one,dn_586,iwsk_633,Ippolita,Ippolita,PRON,PRON,nsubj,nsubj,explicit_full,
1260,566,one-to-one,dn_586,iwsk_633,Ippolita,MISSING,PRON,MISSING,obj,MISSING,leftover_source,
1261,566,one-to-one,dn_586,iwsk_633,MISSING,Ippolita,MISSING,NULL,MISSING,nsubj,leftover_target,
1262,567,one-to-one,dn_587,iwsk_634,Ippolita,MISSING,PRON,MISSING,nsubj,MISSING,leftover_source,
1263,571,one-to-one,dn_591,iwsk_639,Ippolita,Ippolita,PRON,PRON,nsubj,nsubj,explicit_full,
1264,571,one-to-one,dn_591,iwsk_639,MISSING,Ippolita,MISSING,NULL,MISSING,nsubj,leftover_target,
1265,571,one-to-one,dn_591,iwsk_639,MISSING,Ippolita,MISSING,NULL,MISSING,nsubj,leftover_target,
1266,572,one-to-one,dn_592,iwsk_640,Giorgio,Giorgio,NOUN,NOUN,nmod,nmod,explicit_full,
1267,572,one-to-one,dn_592,iwsk_640,Ippolita,Ippolita,NULL,NULL,nsubj,nsubj,zero_zero_semantic,0.2227866529480217
1268,572,one-to-one,dn_592,iwsk_640,Ippolita,MISSING,PRON-REFLEX,MISSING,obj,MISSING,leftover_source,
1269,572,one-to-one,dn_592,iwsk_640,MISSING,Ippolita,MISSING,NULL,MISSING,nsubj,leftover_target,
1270,572,one-to-one,dn_592,iwsk_640,MISSING,Ippolita,MISSING,NULL,MISSING,nsubj,leftover_target,
1271,573,one-to-one,dn_593,iwsk_641,Ippolita,Ippolita,PRON,PRON,nsubj,nmod,explicit_ref_pos,
1272,573,one-to-one,dn_593,iwsk_641,Ippolita,Ippolita,NULL,NULL,nsubj,nsubj,zero_zero_semantic,0.337790979597813
1273,573,one-to-one,dn_593,iwsk_641,MISSING,Ippolita,MISSING,NULL,MISSING,nsubj,leftover_target,
1274,576,one-to-one,dn_597,iwsk_644,Giorgio Ippolita,Giorgio Ippolita,PRON,NULL,nsubj,nsubj,zero_to_src_anchor,
1275,576,one-to-one,dn_597,iwsk_644,Ippolita,MISSING,NULL,MISSING,nsubj,MISSING,leftover_source,
1276,577,one-to-one,dn_598,iwsk_645,Giorgio,Giorgio,PROPN,PROPN,obj,nsubj,explicit_ref_pos,
1277,578,one-to-one,dn_599,iwsk_646,Giorgio,Giorgio,PRON,PRON,nsubj,nsubj,explicit_full,
1278,578,one-to-one,dn_599,iwsk_646,Giorgio,MISSING,PRON-REFLEX,MISSING,obj,MISSING,leftover_source,
1279,578,one-to-one,dn_599,iwsk_646,MISSING,Giorgio,MISSING,NULL,MISSING,nsubj,leftover_target,
1280,579,one-to-one,dn_600,iwsk_647,Giorgio,Giorgio,NULL,NULL,nsubj,nsubj,zero_zero_semantic,0.20663365655348803
1281,579,one-to-one,dn_600,iwsk_647,Giorgio,Giorgio,NULL,NULL,nsubj,nsubj,zero_zero_semantic,0.48210153336667527
1282,579,one-to-one,dn_600,iwsk_647,MISSING,Giorgio,MISSING,NULL,MISSING,nsubj,leftover_target,
1283,579,one-to-one,dn_600,iwsk_647,Ippolita,Ippolita,PROPN,PROPN,nmod,nmod,explicit_full,
1284,581,one-to-one,dn_602,iwsk_649,Ippolita,Ippolita,NULL,PRON,nsubj,nsubj,zero_to_tgt_anchor,
1285,582,one-to-one,dn_603 dn_604 dn_605,iwsk_650 iwsk_651 iwsk_652 iwsk_653 iwsk_654 iwsk_655 iwsk_656,MISSING,Ippolita,MISSING,NULL,MISSING,nsubj,leftover_target,
1286,583,one-to-one,dn_606,iwsk_657,Ippolita,Ippolita,PROPN,PROPN,nsubj,nsubj,explicit_full,
1287,583,one-to-one,dn_606,iwsk_657,Ippolita,Ippolita,NULL,NULL,nsubj,nsubj,zero_zero_semantic,0.17340657723468544
1288,583,one-to-one,dn_606,iwsk_657,MISSING,Ippolita,MISSING,NULL,MISSING,nsubj,leftover_target,
1289,585,many-to-one,dn_608 dn_609,iwsk_659,Giorgio,Giorgio,PRON,PRON,nsubj,nsubj,explicit_full,
1290,585,many-to-one,dn_608 dn_609,iwsk_659,MISSING,Giorgio,MISSING,NULL,MISSING,nsubj,leftover_target,
1291,585,many-to-one,dn_608 dn_609,iwsk_659,MISSING,Giorgio,MISSING,NULL,MISSING,nsubj,leftover_target,
1292,586,one-to-many,dn_610,iwsk_660 iwsk_661,Giorgio,Giorgio,PRON,PRON,nsubj,nsubj,explicit_full,
1293,586,one-to-many,dn_610,iwsk_660 iwsk_661,Giorgio,Giorgio,PRON,PRON,obj,nmod,explicit_ref_pos,
1294,586,one-to-many,dn_610,iwsk_660 iwsk_661,Giorgio,MISSING,NULL,MISSING,nsubj,MISSING,leftover_source,
1295,586,one-to-many,dn_610,iwsk_660 iwsk_661,Giorgio,MISSING,NULL,MISSING,nsubj,MISSING,leftover_source,
1296,588,one-to-one,dn_612,iwsk_663,Giorgio,Giorgio,PRON,PRON,nsubj,nsubj,explicit_full,
1297,588,one-to-one,dn_612,iwsk_663,Giorgio,MISSING,NULL,MISSING,nsubj,MISSING,leftover_source,
1298,589,one-to-one,dn_613 dn_614,iwsk_664 iwsk_665,MISSING,Giorgio,MISSING,NULL,MISSING,nsubj,leftover_target,
1299,589,one-to-one,dn_613 dn_614,iwsk_664 iwsk_665,MISSING,Giorgio,MISSING,NULL,MISSING,nsubj,leftover_target,
1300,589,one-to-one,dn_613 dn_614,iwsk_664 iwsk_665,MISSING,Giorgio,MISSING,NULL,MISSING,nsubj,leftover_target,
1301,590,one-to-many,dn_615,iwsk_666 iwsk_667 iwsk_668,MISSING,Giorgio,MISSING,NULL,MISSING,nsubj,leftover_target,
1302,590,one-to-many,dn_615,iwsk_666 iwsk_667 iwsk_668,MISSING,Giorgio,MISSING,NULL,MISSING,nsubj,leftover_target,
1303,590,one-to-many,dn_615,iwsk_666 iwsk_667 iwsk_668,MISSING,Giorgio,MISSING,NULL,MISSING,nsubj,leftover_target,
1304,590,one-to-many,dn_615,iwsk_666 iwsk_667 iwsk_668,MISSING,Giorgio,MISSING,NULL,MISSING,nsubj,leftover_target,
1305,590,one-to-many,dn_615,iwsk_666 iwsk_667 iwsk_668,MISSING,Giorgio,MISSING,NULL,MISSING,nsubj,leftover_target,
1306,590,one-to-many,dn_615,iwsk_666 iwsk_667 iwsk_668,MISSING,Giorgio,MISSING,NULL,MISSING,nsubj,leftover_target,
1307,590,one-to-many,dn_615,iwsk_666 iwsk_667 iwsk_668,MISSING,Giorgio,MISSING,NULL,MISSING,nsubj,leftover_target,
1308,590,one-to-many,dn_615,iwsk_666 iwsk_667 iwsk_668,MISSING,Giorgio,MISSING,NULL,MISSING,nsubj,leftover_target,
1309,591,many-to-one,dn_616 dn_617,iwsk_669,MISSING,Giorgio,MISSING,PRON,MISSING,nmod,leftover_target,
1310,591,many-to-one,dn_616 dn_617,iwsk_669,Ippolita,Ippolita,PROPN,PROPN,nsubj,nsubj,explicit_full,
1311,591,many-to-one,dn_616 dn_617,iwsk_669,Ippolita,Ippolita,PRON,NULL,nsubj,nsubj,zero_to_src_anchor,
1312,591,many-to-one,dn_616 dn_617,iwsk_669,MISSING,Ippolita,MISSING,NULL,MISSING,nsubj,leftover_target,
1313,592,one-to-one,dn_618,iwsk_670,Ippolita,Ippolita,PRON,PRON,nsubj,nsubj,explicit_full,
1314,593,one-to-one,dn_619,iwsk_671,Giorgio,Giorgio,NULL,NULL,nsubj,nsubj,zero_zero_single,
1315,593,one-to-one,dn_619,iwsk_671,Ippolita,MISSING,PRON,MISSING,obj,MISSING,leftover_source,
1316,594,one-to-many,dn_620,iwsk_672 iwsk_673,Giorgio,Giorgio,NOUN,NOUN,nmod,nmod,explicit_full,
1317,594,one-to-many,dn_620,iwsk_672 iwsk_673,Giorgio,Giorgio,PRON,DET,obj,nmod,explicit_ref_only,
1318,594,one-to-many,dn_620,iwsk_672 iwsk_673,Ippolita,Ippolita,PRON,PRON,nsubj,nsubj,explicit_full,
1319,594,one-to-many,dn_620,iwsk_672 iwsk_673,Ippolita,Ippolita,NULL,NULL,nsubj,nsubj,zero_zero_semantic,0.46341301575228644
1320,594,one-to-many,dn_620,iwsk_672 iwsk_673,Ippolita,MISSING,PRON-REFLEX,MISSING,obj,MISSING,leftover_source,
1321,594,one-to-many,dn_620,iwsk_672 iwsk_673,MISSING,Ippolita,MISSING,PRON,MISSING,nsubj,leftover_target,
1322,594,one-to-many,dn_620,iwsk_672 iwsk_673,MISSING,Ippolita,MISSING,NULL,MISSING,nsubj,leftover_target,
1323,595,one-to-one,dn_621,iwsk_674,Giorgio,Giorgio,NULL,NULL,nsubj,nsubj,zero_zero_single,
1324,595,one-to-one,dn_621,iwsk_674,Ippolita,MISSING,PRON,MISSING,obj,MISSING,leftover_source,
1325,596,one-to-one,dn_622,iwsk_675,Giorgio,Giorgio,PRON,PRON,nsubj,nsubj,explicit_full,
1326,596,one-to-one,dn_622,iwsk_675,MISSING,Giorgio,MISSING,NULL,MISSING,nsubj,leftover_target,
1327,596,one-to-one,dn_622,iwsk_675,Ippolita,Ippolita,PRON,PRON,obj,nmod,explicit_ref_pos,
1328,597,one-to-one,dn_623,iwsk_676,Giorgio,Giorgio,NULL,NULL,nsubj,nsubj,zero_zero_single,
1329,597,one-to-one,dn_623,iwsk_676,Ippolita,Ippolita,PRON,PRON,obj,obj,explicit_full,
1330,598,one-to-one,dn_624,iwsk_677,Ippolita,MISSING,NULL,MISSING,nsubj,MISSING,leftover_source,
1331,598,one-to-one,dn_624,iwsk_677,MISSING,Ippolita,MISSING,PRON,MISSING,nmod,leftover_target,
1332,599,one-to-one,dn_625,iwsk_678,Giorgio,Giorgio,NULL,NULL,nsubj,nsubj,zero_zero_single,
1333,599,one-to-one,dn_625,iwsk_678,MISSING,Giorgio,MISSING,PRON,MISSING,nsubj,leftover_target,
1334,600,one-to-one,dn_626,iwsk_679,Giorgio,Giorgio,PRON,PRON,nsubj,nsubj,explicit_full,
1335,600,one-to-one,dn_626,iwsk_679,Giorgio,MISSING,NULL,MISSING,nsubj,MISSING,leftover_source,
1336,600,one-to-one,dn_626,iwsk_679,Ippolita,Ippolita,PROPN,PROPN,obj,nsubj,explicit_ref_pos,
1337,600,one-to-one,dn_626,iwsk_679,Ippolita,MISSING,PRON,MISSING,nmod,MISSING,leftover_source,
1338,601,one-to-one,dn_627,iwsk_680,Giorgio,MISSING,NULL,MISSING,nsubj,MISSING,leftover_source,
1339,601,one-to-one,dn_627,iwsk_680,Ippolita,MISSING,PRON,MISSING,obj,MISSING,leftover_source,
1340,601,one-to-one,dn_627,iwsk_680,MISSING,Ippolita,MISSING,NULL,MISSING,nsubj,leftover_target,
1341,602,one-to-one,dn_628,iwsk_681,Giorgio,Giorgio,PRON,PRON,nsubj,nsubj,explicit_full,
1342,602,one-to-one,dn_628,iwsk_681,Ippolita,Ippolita,PRON,PRON,obj,obj,explicit_full,
1343,602,one-to-one,dn_628,iwsk_681,Ippolita,Ippolita,PRON,PRON,nsubj,nsubj,explicit_full,
1344,603,one-to-one,dn_629,iwsk_682,Giorgio,Giorgio,NULL,NULL,nsubj,nsubj,zero_zero_single,
1345,603,one-to-one,dn_629,iwsk_682,Ippolita,MISSING,PRON,MISSING,obj,MISSING,leftover_source,
1346,604,one-to-one,dn_630,iwsk_683,Ippolita,Ippolita,PRON,PRON,nsubj,nsubj,explicit_full,
1347,607,one-to-one,dn_633,iwsk_686,Giorgio,MISSING,PRON,MISSING,nsubj,MISSING,leftover_source,
1348,607,one-to-one,dn_633,iwsk_686,Giorgio Ippolita,Giorgio Ippolita,PRON,PRON,nsubj,nsubj,explicit_full,
1349,607,one-to-one,dn_633,iwsk_686,Giorgio Ippolita,Giorgio Ippolita,NULL,NULL,nsubj,nsubj,zero_zero_semantic,0.2642232708187094
1350,607,one-to-one,dn_633,iwsk_686,MISSING,Giorgio Ippolita,MISSING,NULL,MISSING,nsubj,leftover_target,
1351,607,one-to-one,dn_633,iwsk_686,MISSING,Giorgio Ippolita,MISSING,NULL,MISSING,nsubj,leftover_target,
1352,608,one-to-one,dn_634,iwsk_687,Giorgio Ippolita,Giorgio Ippolita,NULL,NULL,nsubj,nsubj,zero_zero_single,
1353,609,many-to-one,dn_635 dn_636,iwsk_688,Giorgio,Giorgio,PROPN,PROPN,nsubj,nsubj,explicit_full,
1354,609,many-to-one,dn_635 dn_636,iwsk_688,MISSING,Giorgio,MISSING,NULL,MISSING,nsubj,leftover_target,
1355,610,one-to-one,dn_637,iwsk_689,Giorgio,Giorgio,PRON,PRON,nsubj,nsubj,explicit_full,
1356,611,one-to-one,dn_638,iwsk_690,Ippolita,Ippolita,PROPN,PROPN,nsubj,nsubj,explicit_full,
1357,611,one-to-one,dn_638,iwsk_690,Ippolita,MISSING,DET,MISSING,nmod,MISSING,leftover_source,
1358,611,one-to-one,dn_638,iwsk_690,aunt-Giovianna,aunt-Giovianna,NOUN,NOUN,nmod,nmod,explicit_full,
1359,612,one-to-one,dn_639,iwsk_691,Giorgio,Giorgio,PRON,PRON,nsubj,nsubj,explicit_full,
1360,612,one-to-one,dn_639,iwsk_691,Ippolita,Ippolita,PROPN,PROPN,nsubj,nsubj,explicit_full,
1361,615,one-to-one,dn_642,iwsk_694,Giorgio Ippolita,Giorgio Ippolita,NULL,NOUN,nsubj,nsubj,zero_to_tgt_anchor,
1362,616,one-to-one,dn_643,iwsk_695,Giorgio Ippolita,Giorgio Ippolita,PRON,NOUN,obj,nsubj,explicit_ref_only,
1363,616,one-to-one,dn_643,iwsk_695,Giorgio Ippolita,Giorgio Ippolita,NULL,NULL,nsubj,nsubj,zero_zero_semantic,0.34106516110255913
1364,616,one-to-one,dn_643,iwsk_695,Giorgio Ippolita,MISSING,PRON-REFLEX,MISSING,obj,MISSING,leftover_source,
1365,616,one-to-one,dn_643,iwsk_695,MISSING,Giorgio Ippolita,MISSING,NULL,MISSING,nsubj,leftover_target,
1366,616,one-to-one,dn_643,iwsk_695,stations-crowd,stations-crowd,NOUN,NOUN,obj,nmod,explicit_ref_pos,
1367,617,one-to-one,dn_644,iwsk_696,Giorgio Ippolita,MISSING,PRON,MISSING,obj,MISSING,leftover_source,
1368,617,one-to-one,dn_644,iwsk_696,MISSING,Giorgio Ippolita,MISSING,NULL,MISSING,nsubj,leftover_target,
1369,617,one-to-one,dn_644,iwsk_696,stations-crowd,MISSING,NULL,MISSING,nsubj,MISSING,leftover_source,
1370,618,many-to-one,dn_645 dn_646,iwsk_697,Giorgio,MISSING,NULL,MISSING,nsubj,MISSING,leftover_source,
1371,618,many-to-one,dn_645 dn_646,iwsk_697,Giorgio Ippolita,MISSING,PRON,MISSING,obj,MISSING,leftover_source,
1372,618,many-to-one,dn_645 dn_646,iwsk_697,stations-crowd,MISSING,NULL,MISSING,nsubj,MISSING,leftover_source,
1373,619,one-to-one,dn_647,iwsk_698,Ippolita,Ippolita,PROPN,PROPN,nsubj,nsubj,explicit_full,
1374,619,one-to-one,dn_647,iwsk_698,Ippolita,Ippolita,PRON,PRON,nmod,nmod,explicit_full,
1375,619,one-to-one,dn_647,iwsk_698,Ippolita,Ippolita,NULL,NULL,nsubj,nsubj,zero_zero_single,
1376,619,one-to-one,dn_647,iwsk_698,Ippolita,MISSING,PRON,MISSING,obj,MISSING,leftover_source,
1377,619,one-to-one,dn_647,iwsk_698,MISSING,stations-crowd,MISSING,NOUN,MISSING,nmod,leftover_target,
1378,619,one-to-one,dn_647,iwsk_698,MISSING,stations-crowd,MISSING,NOUN,MISSING,nsubj,leftover_target,
1379,621,one-to-one,dn_649,iwsk_700,Ippolita,MISSING,NULL,MISSING,nsubj,MISSING,leftover_source,
1380,622,one-to-one,dn_650,iwsk_701,Giorgio Ippolita,Giorgio Ippolita,NULL,NULL,nsubj,nsubj,zero_zero_semantic,0.3925082662649322
1381,622,one-to-one,dn_650,iwsk_701,Giorgio Ippolita,Giorgio Ippolita,NULL,NULL,nsubj,nsubj,zero_zero_semantic,0.319381759078141
1382,622,one-to-one,dn_650,iwsk_701,Giorgio Ippolita,MISSING,PRON-REFLEX,MISSING,obj,MISSING,leftover_source,
1383,622,one-to-one,dn_650,iwsk_701,MISSING,Giorgio Ippolita,MISSING,NOUN,MISSING,nsubj,leftover_target,
1384,622,one-to-one,dn_650,iwsk_701,MrMartlet MrsMartlet another-traveller,MrMartlet MrsMartlet another-traveller,NOUN,NOUN,obj,obj,explicit_full,
1385,623,one-to-one,dn_651,iwsk_702,Giorgio,Giorgio,PROPN,PROPN,nsubj,nsubj,explicit_full,
1386,623,one-to-one,dn_651,iwsk_702,MrMartlet,MrMartlet,NOUN,NOUN,obj,obj,explicit_full,
1387,623,one-to-one,dn_651,iwsk_702,MrsMartlet,MrsMartlet,NOUN,NOUN,obj,obj,explicit_full,
1388,624,one-to-one,dn_652,iwsk_703,MrMartlet MrsMartlet,MISSING,NULL,MISSING,nsubj,MISSING,leftover_source,
1389,625,one-to-one,dn_653,iwsk_704,Giorgio,Giorgio,NOUN,NOUN,nmod,nmod,explicit_full,
1390,625,one-to-one,dn_653,iwsk_704,Ippolita,Ippolita,PROPN,PROPN,nsubj,nsubj,explicit_full,
1391,625,one-to-one,dn_653,iwsk_704,Ippolita,MISSING,PRON-REFLEX,MISSING,obj,MISSING,leftover_source,
1392,625,one-to-one,dn_653,iwsk_704,MISSING,Ippolita,MISSING,NULL,MISSING,nsubj,leftover_target,
1393,626,one-to-one,dn_654,iwsk_705,Giorgio,Giorgio,NULL,NULL,nsubj,nsubj,zero_zero_single,
1394,626,one-to-one,dn_654,iwsk_705,Ippolita,MISSING,PRON,MISSING,obj,MISSING,leftover_source,
1395,627,one-to-one,dn_655,iwsk_706,Ippolita,Ippolita,PRON,PRON,nsubj,nsubj,explicit_full,
1396,627,one-to-one,dn_655,iwsk_706,MrMartlet MrsMartlet,MrMartlet MrsMartlet,NOUN,NOUN,obj,obj,explicit_full,
1397,628,one-to-many,dn_656,iwsk_707 iwsk_708,MrMartlet,MrMartlet,NOUN,NOUN,nsubj,nsubj,explicit_full,
1398,628,one-to-many,dn_656,iwsk_707 iwsk_708,MrMartlet,MrMartlet,NOUN,NOUN,pred,pred,explicit_full,
1399,628,one-to-many,dn_656,iwsk_707 iwsk_708,MISSING,MrMartlet,MISSING,DET,MISSING,nmod,leftover_target,
1400,629,one-to-many,dn_657,iwsk_709 iwsk_710,MrsMartlet,MrsMartlet,NOUN,NOUN,nsubj,nsubj,explicit_full,
1401,629,one-to-many,dn_657,iwsk_709 iwsk_710,MrsMartlet,MrsMartlet,DET,DET,nmod,nmod,explicit_full,
1402,629,one-to-many,dn_657,iwsk_709 iwsk_710,MrsMartlet,MISSING,DET,MISSING,nmod,MISSING,leftover_source,
1403,629,one-to-many,dn_657,iwsk_709 iwsk_710,MrsMartlet,MISSING,NULL,MISSING,nsubj,MISSING,leftover_source,
1404,630,one-to-one,dn_658,iwsk_711,MrMartlet,MrMartlet,NOUN,NOUN,nmod,nmod,explicit_full,
1405,631,one-to-one,dn_659,iwsk_712,Giorgio,Giorgio,PROPN,PROPN,nmod,nmod,explicit_full,
1406,631,one-to-one,dn_659,iwsk_712,MrMartlet,MrMartlet,PRON,NOUN,nsubj,nsubj,explicit_ref_case,
1407,632,one-to-one,dn_660,iwsk_713,Ippolita,Ippolita,PROPN,PROPN,nsubj,nsubj,explicit_full,
1408,632,one-to-one,dn_660,iwsk_713,Ippolita,MISSING,DET,MISSING,nmod,MISSING,leftover_source,
1409,633,one-to-one,dn_661,iwsk_714,Ippolita,Ippolita,NULL,NULL,nsubj,nsubj,zero_zero_single,
1410,633,one-to-one,dn_661,iwsk_714,Ippolita,MISSING,PRON,MISSING,nsubj,MISSING,leftover_source,
1411,633,one-to-one,dn_661,iwsk_714,MrMartlet MrsMartlet,MrMartlet MrsMartlet,NOUN,NOUN,obj,obj,explicit_full,
1412,634,one-to-one,dn_662,iwsk_715,Ippolita,Ippolita,DET,PRON,nmod,nmod,explicit_ref_case,
1413,634,one-to-one,dn_662,iwsk_715,Ippolita,Ippolita,NULL,NULL,nsubj,nsubj,zero_zero_semantic,0.41767191141843796
1414,634,one-to-one,dn_662,iwsk_715,Ippolita,MISSING,NULL,MISSING,nsubj,MISSING,leftover_source,
1415,634,one-to-one,dn_662,iwsk_715,MrMartlet MrsMartlet,MrMartlet MrsMartlet,NOUN,NOUN,nsubj,nmod,explicit_ref_pos,
1416,634,one-to-one,dn_662,iwsk_715,MISSING,MrMartlet MrsMartlet,MISSING,NULL,MISSING,nsubj,leftover_target,
1417,635,many-to-one,dn_663 dn_664,iwsk_716,Giorgio,MISSING,NULL,MISSING,nsubj,MISSING,leftover_source,
1418,635,many-to-one,dn_663 dn_664,iwsk_716,Ippolita,MISSING,PRON,MISSING,obj,MISSING,leftover_source,
1419,635,many-to-one,dn_663 dn_664,iwsk_716,MrMartlet MrsMartlet,MISSING,NULL,MISSING,nsubj,MISSING,leftover_source,
1420,636,one-to-one,dn_665,iwsk_717,Giorgio,Giorgio,NOUN,NOUN,nsubj,nmod,explicit_ref_pos,
1421,636,one-to-one,dn_665,iwsk_717,Ippolita,Ippolita,NULL,PRON,nsubj,nsubj,zero_to_tgt_anchor,
1422,637,one-to-one,dn_666,iwsk_718,MISSING,MrMartlet,MISSING,PROPN,MISSING,nsubj,leftover_target,
1423,637,one-to-one,dn_666,iwsk_718,MrMartlet MrsMartlet,MISSING,PROPN,MISSING,nsubj,MISSING,leftover_source,
1424,638,one-to-one,dn_667,iwsk_719,MrMartlet,MrMartlet,PROPN,PROPN,nsubj,nsubj,explicit_full,
1425,638,one-to-one,dn_667,iwsk_719,MrsMartlet,MrsMartlet,NOUN,NOUN,obj,nsubj,explicit_ref_pos,
1426,639,one-to-one,dn_668,iwsk_720,Giorgio Ippolita,MISSING,PRON,MISSING,obj,MISSING,leftover_source,
1427,639,one-to-one,dn_668,iwsk_720,MrMartlet MrsMartlet,MISSING,NULL,MISSING,nsubj,MISSING,leftover_source,
1428,640,one-to-one,dn_669,iwsk_721,MISSING,Ippolita,MISSING,NULL,MISSING,nsubj,leftover_target,
1429,640,one-to-one,dn_669,iwsk_721,MISSING,Ippolita,MISSING,NULL,MISSING,nsubj,leftover_target,
1430,640,one-to-one,dn_669,iwsk_721,MrMartlet MrsMartlet,MISSING,NULL,MISSING,nsubj,MISSING,leftover_source,
1431,640,one-to-one,dn_669,iwsk_721,MrMartlet MrsMartlet,MISSING,NULL,MISSING,nsubj,MISSING,leftover_source,
1432,641,one-to-many,dn_670,iwsk_722 iwsk_723,Ippolita,Ippolita,NULL,NULL,nsubj,nsubj,zero_zero_single,
1433,641,one-to-many,dn_670,iwsk_722 iwsk_723,Ippolita,MISSING,PRON,MISSING,nsubj,MISSING,leftover_source,
1434,641,one-to-many,dn_670,iwsk_722 iwsk_723,MrMartlet MrsMartlet,MISSING,PRON,MISSING,obj,MISSING,leftover_source,
1435,642,one-to-one,dn_671,iwsk_724,Giorgio,Giorgio,PRON,NULL,nsubj,nsubj,zero_to_src_anchor,
1436,642,one-to-one,dn_671,iwsk_724,Ippolita,Ippolita,PRON,PRON,obj,obj,explicit_full,
1437,642,one-to-one,dn_671,iwsk_724,MrMartlet MrsMartlet,MISSING,PRON,MISSING,nsubj,MISSING,leftover_source,
1438,643,one-to-one,dn_672,iwsk_725,Ippolita,Ippolita,NULL,NULL,nsubj,nsubj,zero_zero_single,
1439,644,one-to-one,dn_673,iwsk_726,Ippolita,Ippolita,PRON,PRON,obj,nmod,explicit_ref_pos,
1440,645,one-to-one,dn_674,iwsk_727,Ippolita,MISSING,PRON,MISSING,obj,MISSING,leftover_source,
1441,646,one-to-one,dn_675,iwsk_728,Ippolita,Ippolita,PRON,PRON,nsubj,nsubj,explicit_full,
1442,646,one-to-one,dn_675,iwsk_728,MISSING,Ippolita,MISSING,NULL,MISSING,nsubj,leftover_target,
1443,646,one-to-one,dn_675,iwsk_728,MrMartlet MrsMartlet,MrMartlet MrsMartlet,NOUN,NOUN,obj,obj,explicit_full,
1444,648,one-to-one,dn_677,iwsk_730,Ippolita,Ippolita,NULL,NULL,nsubj,nsubj,zero_zero_semantic,0.42816056311130524
1445,648,one-to-one,dn_677,iwsk_730,Ippolita,Ippolita,NULL,NULL,nsubj,nsubj,zero_zero_semantic,0.34757552865005675
1446,648,one-to-one,dn_677,iwsk_730,Ippolita,MISSING,PRON-REFLEX,MISSING,obj,MISSING,leftover_source,
1447,648,one-to-one,dn_677,iwsk_730,MISSING,Ippolita,MISSING,NULL,MISSING,nsubj,leftover_target,
1448,649,one-to-one,dn_678,iwsk_731,Ippolita,MISSING,NULL,MISSING,nsubj,MISSING,leftover_source,
1449,650,one-to-many,dn_679,iwsk_732 iwsk_733 iwsk_734 iwsk_735 iwsk_736,AlessandroMemmi,AlessandroMemmi,NOUN,NOUN,nsubj,nsubj,explicit_full,
1450,650,one-to-many,dn_679,iwsk_732 iwsk_733 iwsk_734 iwsk_735 iwsk_736,SebastianBach,SebastianBach,PROPN,PROPN,nmod,nmod,explicit_full,
1451,650,one-to-many,dn_679,iwsk_732 iwsk_733 iwsk_734 iwsk_735 iwsk_736,audience,audience,NOUN,NOUN,nsubj,nsubj,explicit_full,
1452,650,one-to-many,dn_679,iwsk_732 iwsk_733 iwsk_734 iwsk_735 iwsk_736,maidens,maidens,NOUN,NOUN,nsubj,nsubj,explicit_full,
1453,650,one-to-many,dn_679,iwsk_732 iwsk_733 iwsk_734 iwsk_735 iwsk_736,violinists,violinists,NOUN,NOUN,nsubj,nsubj,explicit_full,
1454,650,one-to-many,dn_679,iwsk_732 iwsk_733 iwsk_734 iwsk_735 iwsk_736,MISSING,violinists,MISSING,NULL,MISSING,nsubj,leftover_target,
1455,651,one-to-one,dn_680,iwsk_737,Giorgio,Giorgio,NOUN,NOUN,obj,obj,explicit_full,
1456,651,one-to-one,dn_680,iwsk_737,Ippolita,Ippolita,PRON,PRON,nsubj,nsubj,explicit_full,
1457,651,one-to-one,dn_680,iwsk_737,Ippolita,MISSING,PRON,MISSING,obj,MISSING,leftover_source,
1458,651,one-to-one,dn_680,iwsk_737,MISSING,Ippolita,MISSING,NULL,MISSING,nsubj,leftover_target,
1459,651,one-to-one,dn_680,iwsk_737,MISSING,Ippolita,MISSING,NULL,MISSING,nsubj,leftover_target,
1460,652,one-to-one,dn_681,iwsk_738,Giorgio,Giorgio,PRON,PRON,nsubj,nsubj,explicit_full,
1461,652,one-to-one,dn_681,iwsk_738,Giorgio,Giorgio,NULL,NULL,nsubj,nsubj,zero_zero_single,
1462,653,one-to-one,dn_682,iwsk_739,Giorgio,Giorgio,PRON,PRON,obj,obj,explicit_full,
1463,653,one-to-one,dn_682,iwsk_739,Giorgio,MISSING,PRON,MISSING,obj,MISSING,leftover_source,
1464,653,one-to-one,dn_682,iwsk_739,Ippolita,Ippolita,PRON,PRON,nsubj,nsubj,explicit_full,
1465,653,one-to-one,dn_682,iwsk_739,MISSING,Ippolita,MISSING,NULL,MISSING,nsubj,leftover_target,
1466,653,one-to-one,dn_682,iwsk_739,MISSING,Ippolita,MISSING,NULL,MISSING,nsubj,leftover_target,
1467,653,one-to-one,dn_682,iwsk_739,MISSING,Ippolita,MISSING,PRON,MISSING,nmod,leftover_target,
1468,653,one-to-one,dn_682,iwsk_739,MISSING,Ippolita,MISSING,NULL,MISSING,nsubj,leftover_target,
1469,654,one-to-one,dn_683,iwsk_740,Giorgio,Giorgio,PRON,PRON,nsubj,nsubj,explicit_full,
1470,654,one-to-one,dn_683,iwsk_740,Giorgio,MISSING,NULL,MISSING,nsubj,MISSING,leftover_source,
1471,654,one-to-one,dn_683,iwsk_740,Ippolita,Ippolita,PRON,PRON,obj,nmod,explicit_ref_pos,
1472,654,one-to-one,dn_683,iwsk_740,Ippolita,MISSING,PRON,MISSING,obj,MISSING,leftover_source,
1473,655,one-to-one,dn_684,iwsk_741,Giorgio Ippolita,Giorgio Ippolita,PRON,NOUN,nsubj,nsubj,explicit_ref_case,
1474,655,one-to-one,dn_684,iwsk_741,Giorgio Ippolita,MISSING,DET,MISSING,nmod,MISSING,leftover_source,
1475,656,one-to-one,dn_685,iwsk_742,Giorgio Ippolita,Giorgio Ippolita,NULL,NULL,nsubj,nsubj,zero_zero_semantic,0.3659385786384575
1476,656,one-to-one,dn_685,iwsk_742,MISSING,Giorgio Ippolita,MISSING,NULL,MISSING,nsubj,leftover_target,
1477,656,one-to-one,dn_685,iwsk_742,MISSING,Giorgio Ippolita,MISSING,NULL,MISSING,nsubj,leftover_target,
1478,656,one-to-one,dn_685,iwsk_742,MISSING,Giorgio Ippolita,MISSING,NULL,MISSING,nsubj,leftover_target,
1479,656,one-to-one,dn_685,iwsk_742,MISSING,Giorgio Ippolita,MISSING,NULL,MISSING,nsubj,leftover_target,
1480,658,one-to-one,dn_687,iwsk_744,MrMartlet,MrMartlet,PROPN,PROPN,nsubj,nsubj,explicit_full,
1481,658,one-to-one,dn_687,iwsk_744,MrsMartlet,MrsMartlet,PROPN,PROPN,nsubj,nsubj,explicit_full,
1482,659,one-to-one,dn_688,iwsk_745,another-traveller,another-traveller,NOUN,NOUN,nsubj,nsubj,explicit_full,
1483,659,one-to-one,dn_688,iwsk_745,MISSING,another-traveller,MISSING,NULL,MISSING,nsubj,leftover_target,
1484,660,one-to-one,dn_689,iwsk_746,MISSING,AlessandroMemmi,MISSING,NOUN,MISSING,obj,leftover_target,
1485,660,one-to-one,dn_689,iwsk_746,MrMartlet,MrMartlet,PROPN,PROPN,nsubj,nsubj,explicit_full,
1486,660,one-to-one,dn_689,iwsk_746,MISSING,MrMartlet,MISSING,PRON,MISSING,obj,leftover_target,
1487,660,one-to-one,dn_689,iwsk_746,MISSING,MrMartlet,MISSING,NULL,MISSING,nsubj,leftover_target,
1488,660,one-to-one,dn_689,iwsk_746,another-traveller,MISSING,NOUN,MISSING,obj,MISSING,leftover_source,
1489,660,one-to-one,dn_689,iwsk_746,MISSING,chorus,MISSING,NOUN,MISSING,nsubj,leftover_target,
1490,661,one-to-one,dn_690,iwsk_747,MrMartlet another-traveller,MISSING,NOUN,MISSING,nsubj,MISSING,leftover_source,
1491,661,one-to-one,dn_690,iwsk_747,MISSING,audience,MISSING,NOUN,MISSING,nsubj,leftover_target,
1492,661,one-to-one,dn_690,iwsk_747,MISSING,audience,MISSING,NULL,MISSING,nsubj,leftover_target,
1493,663,one-to-one,dn_692,iwsk_749,Giorgio,Giorgio,PROPN,PROPN,nsubj,nsubj,explicit_full,
1494,663,one-to-one,dn_692,iwsk_749,Giorgio,MISSING,PRON-REFLEX,MISSING,obj,MISSING,leftover_source,
1495,664,one-to-one,dn_693,iwsk_750,Giorgio,Giorgio,DET,PRON,nmod,nmod,explicit_ref_case,
1496,664,one-to-one,dn_693,iwsk_750,Giorgio,MISSING,PRON,MISSING,nsubj,MISSING,leftover_source,
1497,665,one-to-one,dn_694,iwsk_751,Giorgio,Giorgio,DET,PRON,nmod,nmod,explicit_ref_case,
1498,666,one-to-one,dn_695,iwsk_752,Giorgio,Giorgio,NULL,PRON,nsubj,nsubj,zero_to_tgt_anchor,
1499,666,one-to-one,dn_695,iwsk_752,MISSING,Giorgio,MISSING,PRON,MISSING,nmod,leftover_target,
1500,667,one-to-one,dn_696,iwsk_753,Giorgio,Giorgio,DET,PRON,nmod,nmod,explicit_ref_case,
1501,668,one-to-one,dn_697,iwsk_754,Giorgio,Giorgio,PRON,PRON,nsubj,nsubj,explicit_full,
1502,668,one-to-one,dn_697,iwsk_754,Giorgio,MISSING,DET,MISSING,nmod,MISSING,leftover_source,
1503,668,one-to-one,dn_697,iwsk_754,MISSING,Giorgio,MISSING,NULL,MISSING,nsubj,leftover_target,
1504,671,one-to-one,dn_700,iwsk_757,Giorgio,Giorgio,NULL,NULL,nsubj,nsubj,zero_zero_single,
1505,671,one-to-one,dn_700,iwsk_757,MrMartlet,MrMartlet,PROPN,PROPN,nsubj,nmod,explicit_ref_pos,
1506,672,one-to-one,dn_701,iwsk_758,Giorgio,MISSING,PRON,MISSING,obj,MISSING,leftover_source,
1507,672,one-to-one,dn_701,iwsk_758,Ippolita,Ippolita,PROPN,PROPN,nsubj,nsubj,explicit_full,
1508,673,one-to-one,dn_702,iwsk_759,MISSING,MrMartlet,MISSING,NULL,MISSING,nsubj,leftover_target,
1509,674,one-to-one,dn_703,iwsk_760,Ippolita,Ippolita,NULL,NULL,nsubj,nsubj,zero_zero_semantic,0.11090262119586651
1510,674,one-to-one,dn_703,iwsk_760,MISSING,Ippolita,MISSING,NULL,MISSING,nsubj,leftover_target,
1511,675,one-to-one,dn_704,iwsk_761,Giorgio,Giorgio,PRON,PRON,nsubj,nsubj,explicit_full,
1512,675,one-to-one,dn_704,iwsk_761,MISSING,Giorgio,MISSING,NULL,MISSING,nsubj,leftover_target,
1513,677,one-to-one,dn_706,iwsk_763,MISSING,Ippolita,MISSING,NULL,MISSING,nsubj,leftover_target,
1514,678,one-to-one,dn_707,iwsk_764,Giorgio,MISSING,PRON,MISSING,obj,MISSING,leftover_source,
1515,679,one-to-one,dn_708,iwsk_765,Giorgio,Giorgio,PRON,PRON,obj,obj,explicit_full,
1516,679,one-to-one,dn_708,iwsk_765,Ippolita,Ippolita,PRON,PRON,nsubj,nsubj,explicit_full,
1517,679,one-to-one,dn_708,iwsk_765,MISSING,Ippolita,MISSING,NULL,MISSING,nsubj,leftover_target,
1518,680,one-to-one,dn_709,iwsk_766,Giorgio,MISSING,PRON,MISSING,obj,MISSING,leftover_source,
1519,680,one-to-one,dn_709,iwsk_766,MISSING,Giorgio,MISSING,NULL,MISSING,nsubj,leftover_target,
1520,680,one-to-one,dn_709,iwsk_766,Ippolita,MISSING,DET,MISSING,nmod,MISSING,leftover_source,
1521,681,one-to-one,dn_710,iwsk_767,Giorgio,Giorgio,PROPN,PROPN,nsubj,nsubj,explicit_full,
1522,682,one-to-one,dn_711,iwsk_768,Ippolita,Ippolita,PRON,PRON,nsubj,nsubj,explicit_full,
1523,683,one-to-one,dn_712,iwsk_769,Ippolita,Ippolita,DET,PRON,nmod,nmod,explicit_ref_case,
1524,684,one-to-one,dn_713,iwsk_770,MISSING,Ippolita,MISSING,DET,MISSING,nmod,leftover_target,
1525,685,one-to-many,dn_714,iwsk_771 iwsk_772,Giorgio,Giorgio,PRON,PRON,obj,nsubj,explicit_ref_pos,
1526,685,one-to-many,dn_714,iwsk_771 iwsk_772,Ippolita,Ippolita,PRON,PRON,nsubj,nsubj,explicit_full,
1527,685,one-to-many,dn_714,iwsk_771 iwsk_772,Ippolita,Ippolita,NOUN,PRON,nmod,nmod,explicit_ref_case,
1528,685,one-to-many,dn_714,iwsk_771 iwsk_772,Ippolita,MISSING,PRON-REFLEX,MISSING,obj,MISSING,leftover_source,
1529,687,many-to-one,dn_716 dn_717,iwsk_774,Giorgio,MISSING,NULL,MISSING,nsubj,MISSING,leftover_source,
1530,687,many-to-one,dn_716 dn_717,iwsk_774,MISSING,Giorgio Ippolita,MISSING,NULL,MISSING,nsubj,leftover_target,
1531,688,one-to-one,dn_718,iwsk_775,Ippolita,Ippolita,PROPN,PROPN,nsubj,nsubj,explicit_full,
1532,690,many-to-one,dn_720 dn_722,iwsk_777,Giorgio,MISSING,NULL,MISSING,nsubj,MISSING,leftover_source,
1533,690,many-to-one,dn_720 dn_722,iwsk_777,Giorgio Ippolita,Giorgio Ippolita,NULL,NULL,nsubj,nsubj,zero_zero_single,
1534,692,many-to-one,dn_724 dn_725,iwsk_779,Giorgio,Giorgio,NULL,NULL,nsubj,nsubj,zero_zero_single,
1535,694,one-to-one,dn_727,iwsk_781,MISSING,man-on-the-train,MISSING,DET,MISSING,nmod,leftover_target,
1536,695,many-to-one,dn_728 dn_730,iwsk_782,Giorgio,Giorgio,PROPN,PROPN,nsubj,nsubj,explicit_full,
1537,695,many-to-one,dn_728 dn_730,iwsk_782,Giorgio,Giorgio,NULL,NULL,nsubj,nsubj,zero_zero_semantic,0.14508378516543996
1538,695,many-to-one,dn_728 dn_730,iwsk_782,Giorgio,MISSING,PRON-REFLEX,MISSING,obj,MISSING,leftover_source,
1539,695,many-to-one,dn_728 dn_730,iwsk_782,MISSING,Giorgio,MISSING,NULL,MISSING,nsubj,leftover_target,
1540,697,one-to-one,dn_731,iwsk_784,Giorgio,MISSING,NOUN,MISSING,vocative,MISSING,leftover_source,
1541,699,one-to-one,dn_733,iwsk_786,man-on-the-train,man-on-the-train,NOUN,NOUN,nsubj,nsubj,explicit_full,
1542,699,one-to-one,dn_733,iwsk_786,MISSING,man-on-the-train,MISSING,NULL,MISSING,nsubj,leftover_target,
1543,700,one-to-one,dn_734,iwsk_787,Giorgio,Giorgio,NULL,NULL,nsubj,nsubj,zero_zero_single,
1544,701,one-to-one,dn_735,iwsk_788,Giorgio,Giorgio,NULL,NULL,nsubj,nsubj,zero_zero_single,
1545,701,one-to-one,dn_735,iwsk_788,Giorgio,MISSING,NOUN,MISSING,vocative,MISSING,leftover_source,
1546,702,one-to-many,dn_736,iwsk_789 iwsk_790,Ippolita,Ippolita,PROPN,PROPN,nsubj,nsubj,explicit_full,
1547,702,one-to-many,dn_736,iwsk_789 iwsk_790,Ippolita,Ippolita,PRON-REFLEX,PRON,obj,obj,reflex_obj,
1548,702,one-to-many,dn_736,iwsk_789 iwsk_790,MISSING,Ippolita,MISSING,NULL,MISSING,nsubj,leftover_target,
1549,702,one-to-many,dn_736,iwsk_789 iwsk_790,MrMartlet MrsMartlet,MrMartlet MrsMartlet,NOUN,PROPN,nsubj,nsubj,explicit_ref_case,
1550,702,one-to-many,dn_736,iwsk_789 iwsk_790,MrMartlet MrsMartlet,MrMartlet MrsMartlet,NULL,NULL,nsubj,nsubj,zero_zero_single,
1551,703,one-to-one,dn_737,iwsk_791,Giorgio,Giorgio,NOUN,PROPN,obj,obj,explicit_ref_case,
1552,703,one-to-one,dn_737,iwsk_791,Ippolita,Ippolita,PRON,PRON,nmod,nmod,explicit_full,
1553,704,one-to-one,dn_738,iwsk_792,MISSING,Giorgio Ippolita,MISSING,NULL,MISSING,nsubj,leftover_target,
1554,705,one-to-one,dn_739,iwsk_793,MISSING,Giorgio Ippolita,MISSING,NULL,MISSING,nsubj,leftover_target,
1555,706,one-to-many,dn_740,iwsk_794 iwsk_795,Giorgio,Giorgio,PROPN,PROPN,nsubj,nsubj,explicit_full,
1556,706,one-to-many,dn_740,iwsk_794 iwsk_795,Ippolita,Ippolita,PROPN,PROPN,nsubj,nsubj,explicit_full,
1557,706,one-to-many,dn_740,iwsk_794 iwsk_795,MISSING,Ippolita,MISSING,NULL,MISSING,nsubj,leftover_target,
1558,706,one-to-many,dn_740,iwsk_794 iwsk_795,man-on-the-train,man-on-the-train,NOUN,NOUN,obj,obj,explicit_full,
1559,707,one-to-one,dn_741,iwsk_796,MrMartlet,MrMartlet,PROPN,PROPN,nsubj,nsubj,explicit_full,
1560,707,one-to-one,dn_741,iwsk_796,MISSING,MrMartlet,MISSING,NULL,MISSING,nsubj,leftover_target,
1561,708,one-to-many,dn_742,iwsk_797 iwsk_798,Ippolita,Ippolita,PROPN,PROPN,obj,obj,explicit_full,
1562,708,one-to-many,dn_742,iwsk_797 iwsk_798,MISSING,Ippolita,MISSING,PRON,MISSING,nsubj,leftover_target,
1563,708,one-to-many,dn_742,iwsk_797 iwsk_798,MrMartlet,MrMartlet,PRON,PRON,nsubj,nsubj,explicit_full,
1564,708,one-to-many,dn_742,iwsk_797 iwsk_798,MrMartlet,MISSING,PRON-REFLEX,MISSING,obj,MISSING,leftover_source,
1565,709,one-to-one,dn_743,iwsk_799,MrMartlet,MrMartlet,PROPN,PROPN,vocative,vocative,explicit_full,
1566,710,one-to-one,dn_744,iwsk_800,Ippolita,Ippolita,PRON,PRON,nsubj,nsubj,explicit_full,
1567,710,one-to-one,dn_744,iwsk_800,MISSING,Ippolita,MISSING,NULL,MISSING,nsubj,leftover_target,
1568,710,one-to-one,dn_744,iwsk_800,MISSING,Ippolita,MISSING,NULL,MISSING,nsubj,leftover_target,
1569,711,one-to-one,dn_745,iwsk_801,Ippolita,MISSING,PRON,MISSING,obj,MISSING,leftover_source,
1570,711,one-to-one,dn_745,iwsk_801,MISSING,Ippolita,MISSING,NULL,MISSING,nsubj,leftover_target,
1571,711,one-to-one,dn_745,iwsk_801,MrMartlet,MrMartlet,PRON,NOUN,obj,obj,explicit_ref_case,
1572,712,one-to-one,dn_746,iwsk_802,Ippolita,Ippolita,NULL,NULL,nsubj,nsubj,zero_zero_single,
1573,712,one-to-one,dn_746,iwsk_802,MrMartlet,MISSING,PRON,MISSING,obj,MISSING,leftover_source,
1574,713,one-to-one,dn_747,iwsk_803,Giorgio,Giorgio,PROPN,PROPN,obj,nmod,explicit_ref_pos,
1575,713,one-to-one,dn_747,iwsk_803,Ippolita,MISSING,PRON-REFLEX,MISSING,obj,MISSING,leftover_source,
1576,713,one-to-one,dn_747,iwsk_803,MISSING,Ippolita,MISSING,NULL,MISSING,nsubj,leftover_target,
1577,714,one-to-one,dn_748,iwsk_804,MISSING,Giorgio Ippolita,MISSING,NULL,MISSING,nsubj,leftover_target,
1578,715,one-to-one,dn_749,iwsk_805,station-worker,station-worker,NOUN,NOUN,nsubj,nsubj,explicit_full,
1579,718,one-to-one,dn_752,iwsk_808,Ippolita,Ippolita,PROPN,PROPN,nsubj,nsubj,explicit_full,
1580,720,one-to-one,dn_754,iwsk_810,Ippolita,Ippolita,PRON,PRON,nsubj,nsubj,explicit_full,
1581,720,one-to-one,dn_754,iwsk_810,Ippolita,Ippolita,NULL,NULL,nsubj,nsubj,zero_zero_single,
1582,721,one-to-one,dn_755,iwsk_811,Giorgio,Giorgio,PRON,PRON,nsubj,nsubj,explicit_full,
1583,721,one-to-one,dn_755,iwsk_811,Giorgio,MISSING,PRON,MISSING,obj,MISSING,leftover_source,
1584,721,one-to-one,dn_755,iwsk_811,MISSING,Ippolita,MISSING,PRON,MISSING,nmod,leftover_target,
1585,722,many-to-one,dn_756 dn_757,iwsk_812,Giorgio,Giorgio,PROPN,PROPN,vocative,vocative,explicit_full,
1586,722,many-to-one,dn_756 dn_757,iwsk_812,Giorgio,Giorgio,NULL,NULL,nsubj,nsubj,zero_zero_semantic,0.31775406308663195
1587,722,many-to-one,dn_756 dn_757,iwsk_812,Giorgio,Giorgio,NULL,NULL,nsubj,nsubj,zero_zero_semantic,0.21452107125393777
1588,722,many-to-one,dn_756 dn_757,iwsk_812,Giorgio,Giorgio,NULL,NULL,nsubj,nsubj,zero_zero_semantic,0.5328131103333651
1589,722,many-to-one,dn_756 dn_757,iwsk_812,Giorgio,MISSING,PRON-REFLEX,MISSING,obj,MISSING,leftover_source,
1590,722,many-to-one,dn_756 dn_757,iwsk_812,Giorgio,MISSING,PRON-REFLEX,MISSING,obj,MISSING,leftover_source,
1591,722,many-to-one,dn_756 dn_757,iwsk_812,Ippolita,Ippolita,PRON,PRON,obj,obj,explicit_full,
1592,723,one-to-one,dn_758,iwsk_813,Giorgio,MISSING,PRON,MISSING,obj,MISSING,leftover_source,
1593,723,one-to-one,dn_758,iwsk_813,Ippolita,Ippolita,PRON,PRON,nsubj,nsubj,explicit_full,
1594,723,one-to-one,dn_758,iwsk_813,MISSING,Ippolita,MISSING,NULL,MISSING,nsubj,leftover_target,
1595,723,one-to-one,dn_758,iwsk_813,MISSING,Ippolita,MISSING,NULL,MISSING,nsubj,leftover_target,
1596,724,one-to-one,dn_759,iwsk_814,Giorgio Ippolita,Giorgio Ippolita,PRON,NOUN,nsubj,nsubj,explicit_ref_case,
1597,724,one-to-one,dn_759,iwsk_814,Giorgio Ippolita,MISSING,PRON-REFLEX,MISSING,obj,MISSING,leftover_source,
1598,730,one-to-many,dn_765,iwsk_820 iwsk_821,Giorgio Ippolita,Giorgio Ippolita,NOUN,NOUN,nsubj,nsubj,explicit_full,
1599,730,one-to-many,dn_765,iwsk_820 iwsk_821,Giorgio Ippolita,MISSING,PRON-REFLEX,MISSING,obj,MISSING,leftover_source,
1600,733,one-to-one,dn_768,iwsk_825,Giorgio,MISSING,NULL,MISSING,nsubj,MISSING,leftover_source,
1601,734,one-to-one,dn_769,iwsk_826,Ippolita,Ippolita,PROPN,PROPN,nsubj,nsubj,explicit_full,
1602,734,one-to-one,dn_769,iwsk_826,MISSING,Ippolita,MISSING,NULL,MISSING,nsubj,leftover_target,
1603,736,one-to-one,dn_771,iwsk_828,Ippolita,Ippolita,PRON,PRON,obj,nsubj,explicit_ref_pos,
1604,737,one-to-one,dn_772,iwsk_829,Giorgio Ippolita,MISSING,NULL,MISSING,nsubj,MISSING,leftover_source,
1605,738,one-to-one,dn_773,iwsk_830,Giorgio,Giorgio,PROPN,PROPN,nsubj,nsubj,explicit_full,
1606,740,one-to-one,dn_775,iwsk_832,Giorgio,Giorgio,PRON,PRON,nsubj,nsubj,explicit_full,
1607,741,one-to-one,dn_776,iwsk_833,Giorgio Ippolita,Giorgio Ippolita,PRON,NOUN,obj,obj,explicit_ref_case,
1608,742,one-to-one,dn_777,iwsk_834,Giorgio Ippolita,Giorgio Ippolita,NULL,NULL,nsubj,nsubj,zero_zero_semantic,0.2506383493542671
1609,742,one-to-one,dn_777,iwsk_834,MISSING,Giorgio Ippolita,MISSING,NOUN,MISSING,nsubj,leftover_target,
1610,742,one-to-one,dn_777,iwsk_834,MISSING,Giorgio Ippolita,MISSING,NULL,MISSING,nsubj,leftover_target,
1611,743,one-to-one,dn_778,iwsk_835,Giorgio Ippolita,MISSING,NULL,MISSING,nsubj,MISSING,leftover_source,
1612,744,one-to-one,dn_779,iwsk_836,Giorgio,Giorgio,DET,PRON,nmod,nmod,explicit_ref_case,
1613,744,one-to-one,dn_779,iwsk_836,Ippolita,Ippolita,DET,PRON,nmod,nmod,explicit_ref_case,
1614,745,one-to-one,dn_780,iwsk_837,Giorgio,Giorgio,PROPN,PROPN,nsubj,nsubj,explicit_full,
1615,747,one-to-one,dn_782,iwsk_839,Ippolita,Ippolita,PRON,PRON,nsubj,nsubj,explicit_full,
1616,748,many-to-one,dn_783 dn_785,iwsk_841,Giorgio,Giorgio,NULL,PRON,nsubj,nsubj,zero_to_tgt_anchor,
1617,748,many-to-one,dn_783 dn_785,iwsk_841,MISSING,Giorgio,MISSING,PRON,MISSING,nmod,leftover_target,
1618,748,many-to-one,dn_783 dn_785,iwsk_841,Ippolita,Ippolita,PRON,PRON,obj,nsubj,explicit_ref_pos,
1619,749,one-to-one,dn_784,iwsk_840,Giorgio,Giorgio,PRON,PROPN,nsubj,nsubj,explicit_ref_case,
1620,749,one-to-one,dn_784,iwsk_840,MISSING,Giorgio,MISSING,NULL,MISSING,nsubj,leftover_target,
1621,749,one-to-one,dn_784,iwsk_840,MISSING,Giorgio,MISSING,NULL,MISSING,nsubj,leftover_target,
1622,749,one-to-one,dn_784,iwsk_840,MISSING,Giorgio,MISSING,NULL,MISSING,nsubj,leftover_target,
1623,751,many-to-one,dn_787 dn_788,iwsk_843,Giorgio,Giorgio,PRON,PRON,nsubj,nsubj,explicit_full,
1624,751,many-to-one,dn_787 dn_788,iwsk_843,Giorgio,Giorgio,NULL,NULL,nsubj,nsubj,zero_zero_semantic,0.2992315098628757
1625,751,many-to-one,dn_787 dn_788,iwsk_843,Giorgio,Giorgio,NULL,NULL,nsubj,nsubj,zero_zero_semantic,0.5207068222526273
1626,751,many-to-one,dn_787 dn_788,iwsk_843,Giorgio,Giorgio,NULL,NULL,nsubj,nsubj,zero_zero_semantic,0.5687717328153106
1627,752,one-to-one,dn_789,iwsk_844,Giorgio,Giorgio,NULL,NULL,nsubj,nsubj,zero_zero_single,
1628,752,one-to-one,dn_789,iwsk_844,Ippolita,Ippolita,PRON,PRON,obj,obj,explicit_full,
1629,753,one-to-one,dn_790,iwsk_845,Giorgio,Giorgio,NULL,PRON,nsubj,nsubj,zero_to_tgt_anchor,
1630,756,one-to-one,dn_793,iwsk_848,Giorgio,Giorgio,PRON,PRON,nsubj,nsubj,explicit_full,
1631,756,one-to-one,dn_793,iwsk_848,MISSING,Giorgio,MISSING,NULL,MISSING,nsubj,leftover_target,
1632,757,one-to-one,dn_794,iwsk_849,MISSING,Ippolita,MISSING,NULL,MISSING,nsubj,leftover_target,
1633,758,one-to-many,dn_795,iwsk_850 iwsk_851 iwsk_852,Giorgio,Giorgio,PRON,PRON,nsubj,nsubj,explicit_full,
1634,758,one-to-many,dn_795,iwsk_850 iwsk_851 iwsk_852,Giorgio,Giorgio,PRON,PRON,nsubj,nsubj,explicit_full,
1635,758,one-to-many,dn_795,iwsk_850 iwsk_851 iwsk_852,Giorgio,Giorgio,PRON,PRON,obj,nmod,explicit_ref_pos,
1636,758,one-to-many,dn_795,iwsk_850 iwsk_851 iwsk_852,MISSING,Giorgio,MISSING,NULL,MISSING,nsubj,leftover_target,
1637,758,one-to-many,dn_795,iwsk_850 iwsk_851 iwsk_852,Ippolita,Ippolita,PROPN,PROPN,nsubj,nsubj,explicit_full,
1638,758,one-to-many,dn_795,iwsk_850 iwsk_851 iwsk_852,MISSING,Ippolita,MISSING,NULL,MISSING,nsubj,leftover_target,
1639,758,one-to-many,dn_795,iwsk_850 iwsk_851 iwsk_852,MISSING,Ippolita,MISSING,NULL,MISSING,nsubj,leftover_target,
1640,758,one-to-many,dn_795,iwsk_850 iwsk_851 iwsk_852,MISSING,Ippolita,MISSING,NULL,MISSING,nsubj,leftover_target,
1641,760,one-to-one,dn_797,iwsk_854,Ippolita,Ippolita,NULL,NULL,nsubj,nsubj,zero_zero_single,
1642,761,one-to-one,dn_798,iwsk_855,Giorgio,Giorgio,PRON,PRON,nsubj,nsubj,explicit_full,
1643,762,one-to-one,dn_799,iwsk_856,Giorgio,Giorgio,PRON,PRON,nsubj,nsubj,explicit_full,
1644,763,one-to-one,dn_800,iwsk_857,Ippolita,Ippolita,PRON,PRON,nsubj,nsubj,explicit_full,
1645,764,one-to-many,dn_801,iwsk_858 iwsk_859 iwsk_860,Giorgio,Giorgio,PRON,NULL,nsubj,nsubj,zero_to_src_anchor,
1646,764,one-to-many,dn_801,iwsk_858 iwsk_859 iwsk_860,Ippolita,Ippolita,PRON,PRON,obj,obj,explicit_full,
1647,764,one-to-many,dn_801,iwsk_858 iwsk_859 iwsk_860,MISSING,Ippolita,MISSING,NULL,MISSING,nsubj,leftover_target,
1648,764,one-to-many,dn_801,iwsk_858 iwsk_859 iwsk_860,MISSING,Ippolita,MISSING,PRON,MISSING,nsubj,leftover_target,
1649,765,one-to-one,dn_802,iwsk_861,Ippolita,Ippolita,PRON,PRON,nsubj,nsubj,explicit_full,
1650,765,one-to-one,dn_802,iwsk_861,Ippolita,Ippolita,PROPN,PROPN,vocative,vocative,explicit_full,
1651,765,one-to-one,dn_802,iwsk_861,Ippolita,Ippolita,NULL,NULL,nsubj,nsubj,zero_zero_single,
1652,765,one-to-one,dn_802,iwsk_861,Ippolita,MISSING,PRON-REFLEX,MISSING,obj,MISSING,leftover_source,
1653,765,one-to-one,dn_802,iwsk_861,MISSING,Ippolita,MISSING,PRON,MISSING,nsubj,leftover_target,
1654,766,one-to-one,dn_803,iwsk_862,Giorgio,Giorgio,PRON,PRON,obj,nsubj,explicit_ref_pos,
1655,767,many-to-one,dn_804 dn_805,iwsk_863,Giorgio,MISSING,NULL,MISSING,nsubj,MISSING,leftover_source,
1656,767,many-to-one,dn_804 dn_805,iwsk_863,Ippolita,Ippolita,NOUN,NOUN,nsubj,nsubj,explicit_full,
1657,767,many-to-one,dn_804 dn_805,iwsk_863,Ippolita,MISSING,NULL,MISSING,nsubj,MISSING,leftover_source,
1658,768,one-to-one,dn_806,iwsk_864,Ippolita,MISSING,NULL,MISSING,nsubj,MISSING,leftover_source,
1659,769,one-to-many,dn_807,iwsk_865 iwsk_866 iwsk_867,MISSING,Giorgio,MISSING,PRON,MISSING,nsubj,leftover_target,
1660,769,one-to-many,dn_807,iwsk_865 iwsk_866 iwsk_867,Ippolita,MISSING,PRON,MISSING,obj,MISSING,leftover_source,
1661,770,one-to-one,dn_808,iwsk_868,Giorgio,Giorgio,NULL,PRON,nsubj,nsubj,zero_to_tgt_anchor,
1662,770,one-to-one,dn_808,iwsk_868,Giorgio,MISSING,NULL,MISSING,nsubj,MISSING,leftover_source,
1663,770,one-to-one,dn_808,iwsk_868,Giorgio,MISSING,NULL,MISSING,nsubj,MISSING,leftover_source,
1664,770,one-to-one,dn_808,iwsk_868,MISSING,Giorgio,MISSING,PRON,MISSING,obj,leftover_target,
1665,770,one-to-one,dn_808,iwsk_868,MISSING,Giorgio,MISSING,PRON,MISSING,nmod,leftover_target,
1666,770,one-to-one,dn_808,iwsk_868,Ippolita,Ippolita,PRON,PRON,obj,nsubj,explicit_ref_pos,
1667,770,one-to-one,dn_808,iwsk_868,Ippolita,MISSING,PRON,MISSING,obj,MISSING,leftover_source,
1668,770,one-to-one,dn_808,iwsk_868,Ippolita,MISSING,PRON,MISSING,obj,MISSING,leftover_source,
1669,770,one-to-one,dn_808,iwsk_868,Ippolitas-chaperon,Ippolitas-chaperon,NOUN,NOUN,obj,nsubj,explicit_ref_pos,
1670,771,one-to-one,dn_809,iwsk_869,Giorgio,Giorgio,NULL,NULL,nsubj,nsubj,zero_zero_single,
1671,772,one-to-one,dn_810,iwsk_870,MISSING,Giorgio,MISSING,PRON,MISSING,nsubj,leftover_target,
1672,772,one-to-one,dn_810,iwsk_870,Ippolita,Ippolita,PRON,PRON,nsubj,nsubj,explicit_full,
1673,772,one-to-one,dn_810,iwsk_870,Ippolita,MISSING,PRON-REFLEX,MISSING,obj,MISSING,leftover_source,
1674,772,one-to-one,dn_810,iwsk_870,MISSING,Ippolita,MISSING,NULL,MISSING,nsubj,leftover_target,
1675,773,many-to-one,dn_811 dn_812,iwsk_871,Giorgio,Giorgio,NULL,PRON,nsubj,nsubj,zero_to_tgt_anchor,
1676,773,many-to-one,dn_811 dn_812,iwsk_871,Ippolita,Ippolita,PRON,PRON,obj,obj,explicit_full,
1677,773,many-to-one,dn_811 dn_812,iwsk_871,Ippolita,MISSING,NULL,MISSING,nsubj,MISSING,leftover_source,
1678,774,one-to-many,dn_813,iwsk_872 iwsk_873 iwsk_874,Ippolita,Ippolita,PROPN,PROPN,nsubj,nsubj,explicit_full,
1679,774,one-to-many,dn_813,iwsk_872 iwsk_873 iwsk_874,MISSING,Ippolita,MISSING,NULL,MISSING,nsubj,leftover_target,
1680,774,one-to-many,dn_813,iwsk_872 iwsk_873 iwsk_874,MISSING,Ippolita,MISSING,NOUN,MISSING,nsubj,leftover_target,
1681,774,one-to-many,dn_813,iwsk_872 iwsk_873 iwsk_874,MISSING,Ippolita,MISSING,NULL,MISSING,nsubj,leftover_target,
1682,774,one-to-many,dn_813,iwsk_872 iwsk_873 iwsk_874,MISSING,Ippolita,MISSING,NULL,MISSING,nsubj,leftover_target,
1683,775,one-to-one,dn_814,iwsk_875,Ippolita,Ippolita,NULL,PRON,nsubj,nsubj,zero_to_tgt_anchor,
1684,776,one-to-one,dn_815,iwsk_876,Ippolita,Ippolita,PRON,PRON,nsubj,nsubj,explicit_full,
1685,777,one-to-one,dn_816,iwsk_877,Ippolita,Ippolita,NULL,NULL,nsubj,nsubj,zero_zero_semantic,0.32739323629511285
1686,777,one-to-one,dn_816,iwsk_877,Ippolita,MISSING,PRON-REFLEX,MISSING,obj,MISSING,leftover_source,
1687,777,one-to-one,dn_816,iwsk_877,MISSING,Ippolita,MISSING,NULL,MISSING,nsubj,leftover_target,
1688,778,one-to-one,dn_817,iwsk_878,Ippolita,Ippolita,NULL,PRON,nsubj,nsubj,zero_to_tgt_anchor,
1689,781,one-to-many,dn_820,iwsk_881 iwsk_882,Giorgio Ippolita,Giorgio Ippolita,PRON,NOUN,nsubj,nsubj,explicit_ref_case,
1690,782,one-to-one,dn_821,iwsk_883,Ippolita,Ippolita,PROPN,PROPN,nsubj,nsubj,explicit_full,
1691,783,one-to-one,dn_822,iwsk_884,Giorgio Ippolita,Giorgio Ippolita,DET,PRON,nmod,nmod,explicit_ref_case,
1692,783,one-to-one,dn_822,iwsk_884,Giorgio Ippolita,MISSING,PRON,MISSING,obj,MISSING,leftover_source,
1693,783,one-to-one,dn_822,iwsk_884,MISSING,Ippolita,MISSING,NULL,MISSING,nsubj,leftover_target,
1694,784,one-to-many,dn_823,iwsk_885 iwsk_886 iwsk_887,Giorgio Ippolita,Giorgio Ippolita,PRON,NOUN,nsubj,nsubj,explicit_ref_case,
1695,785,one-to-one,dn_824,iwsk_888,Giorgio Ippolita,Giorgio Ippolita,NOUN,NOUN,nmod,nmod,explicit_full,
1696,785,one-to-one,dn_824,iwsk_888,Giorgio Ippolita,Giorgio Ippolita,PRON,NULL,nsubj,nsubj,zero_to_src_anchor,
1697,785,one-to-one,dn_824,iwsk_888,MISSING,Giorgio Ippolita,MISSING,NULL,MISSING,nsubj,leftover_target,
1698,785,one-to-one,dn_824,iwsk_888,MISSING,Giorgio Ippolita,MISSING,NULL,MISSING,nsubj,leftover_target,
1699,785,one-to-one,dn_824,iwsk_888,MISSING,Giorgio Ippolita,MISSING,NULL,MISSING,nsubj,leftover_target,
1700,786,one-to-one,dn_825,iwsk_889,Giorgio Ippolita,Giorgio Ippolita,PRON,NOUN,nsubj,nsubj,explicit_ref_case,
1701,786,one-to-one,dn_825,iwsk_889,MISSING,Giorgio Ippolita,MISSING,NULL,MISSING,nsubj,leftover_target,
1702,786,one-to-one,dn_825,iwsk_889,MISSING,Giorgio Ippolita,MISSING,PRON,MISSING,obj,leftover_target,
1703,786,one-to-one,dn_825,iwsk_889,MISSING,Giorgio Ippolita,MISSING,NULL,MISSING,nsubj,leftover_target,
1704,788,one-to-many,dn_827,iwsk_891 iwsk_892,Giorgio Ippolita,Giorgio Ippolita,DET,NOUN,nmod,nmod,explicit_ref_case,
1705,788,one-to-many,dn_827,iwsk_891 iwsk_892,MISSING,Giorgio Ippolita,MISSING,PRON,MISSING,nmod,leftover_target,
1706,788,one-to-many,dn_827,iwsk_891 iwsk_892,MISSING,Giorgio Ippolita,MISSING,PRON,MISSING,nmod,leftover_target,
1707,789,one-to-one,dn_828,iwsk_893,Giorgio,Giorgio,NULL,NULL,nsubj,nsubj,zero_zero_single,
1708,790,one-to-one,dn_829,iwsk_894,Ippolita,Ippolita,PROPN,PROPN,nsubj,nsubj,explicit_full,
1709,790,one-to-one,dn_829,iwsk_894,MISSING,Ippolita,MISSING,NULL,MISSING,nsubj,leftover_target,
1710,791,one-to-one,dn_830,iwsk_895,Ippolita,Ippolita,PRON,PRON,nsubj,nsubj,explicit_full,
1711,792,one-to-one,dn_831,iwsk_896,Giorgio,Giorgio,PROPN,PROPN,nsubj,nsubj,explicit_full,
1712,792,one-to-one,dn_831,iwsk_896,MISSING,Giorgio,MISSING,NULL,MISSING,nsubj,leftover_target,
1713,792,one-to-one,dn_831,iwsk_896,Ippolita,Ippolita,PRON,PRON,obj,obj,explicit_full,
1714,793,one-to-one,dn_832,iwsk_897,Giorgio Ippolita,Giorgio Ippolita,PRON,NOUN,nsubj,nsubj,explicit_ref_case,
1715,794,one-to-one,dn_833,iwsk_898,Giorgio Ippolita,Giorgio Ippolita,NULL,NULL,nsubj,nsubj,zero_zero_semantic,0.376389521594141
1716,794,one-to-one,dn_833,iwsk_898,Giorgio Ippolita,MISSING,NULL,MISSING,nsubj,MISSING,leftover_source,
1717,795,one-to-one,dn_834,iwsk_899,MISSING,Giorgio Ippolita,MISSING,NULL,MISSING,nsubj,leftover_target,
1718,798,one-to-one,dn_837,iwsk_902,Ippolita,Ippolita,PROPN,PROPN,vocative,vocative,explicit_full,
1719,799,one-to-one,dn_838,iwsk_903,Giorgio,Giorgio,PROPN,PROPN,nsubj,nsubj,explicit_full,
1720,799,one-to-one,dn_838,iwsk_903,MISSING,Giorgio,MISSING,NULL,MISSING,nsubj,leftover_target,
1721,799,one-to-one,dn_838,iwsk_903,MISSING,Ippolita,MISSING,DET,MISSING,nmod,leftover_target,
1722,800,one-to-one,dn_839,iwsk_904,Giorgio,Giorgio,NULL,NULL,nsubj,nsubj,zero_zero_semantic,0.18754944359102557
1723,800,one-to-one,dn_839,iwsk_904,Giorgio,MISSING,NULL,MISSING,nsubj,MISSING,leftover_source,
1724,800,one-to-one,dn_839,iwsk_904,MISSING,Giorgio,MISSING,PRON,MISSING,nmod,leftover_target,
1725,800,one-to-one,dn_839,iwsk_904,Ippolita,MISSING,PRON-REFLEX,MISSING,obj,MISSING,leftover_source,
1726,800,one-to-one,dn_839,iwsk_904,Ippolita,MISSING,NULL,MISSING,nsubj,MISSING,leftover_source,
1727,800,one-to-one,dn_839,iwsk_904,MISSING,Ippolita,MISSING,PRON,MISSING,nmod,leftover_target,
1728,801,one-to-one,dn_840,iwsk_905,Giorgio,Giorgio,NULL,NULL,nsubj,nsubj,zero_zero_semantic,0.47181791312002636
1729,801,one-to-one,dn_840,iwsk_905,Giorgio,Giorgio,NULL,NULL,nsubj,nsubj,zero_zero_semantic,0.22841401557961266
1730,801,one-to-one,dn_840,iwsk_905,Ippolita,Ippolita,DET,PRON,nmod,nmod,explicit_ref_case,
1731,802,one-to-one,dn_841,iwsk_906,Giorgio,Giorgio,DET,PRON,nmod,obj,explicit_ref_only,
1732,802,one-to-one,dn_841,iwsk_906,Giorgios-younger-sister-Ippolita,Giorgios-younger-sister-Ippolita,NOUN,NOUN,nsubj,nsubj,explicit_full,
1733,802,one-to-one,dn_841,iwsk_906,Giorgios-younger-sister-Ippolita,MISSING,PRON-REFLEX,MISSING,obj,MISSING,leftover_source,
1734,803,one-to-one,dn_842,iwsk_907,Giorgio,Giorgio,PRON,PRON,obj,obj,explicit_full,
1735,804,one-to-one,dn_843,iwsk_908,Giorgio,Giorgio,NULL,NULL,nsubj,nsubj,zero_zero_single,
1736,804,one-to-one,dn_843,iwsk_908,MISSING,Giorgio,MISSING,PRON,MISSING,nsubj,leftover_target,
1737,805,one-to-one,dn_844,iwsk_909,Giorgio,Giorgio,DET,PRON,nmod,nmod,explicit_ref_case,
1738,806,one-to-one,dn_845,iwsk_910,Giorgio,Giorgio,DET,PRON,nmod,nmod,explicit_ref_case,
1739,806,one-to-one,dn_845,iwsk_910,Giorgios-younger-sister-Ippolita,Giorgios-younger-sister-Ippolita,NOUN,PRON,nmod,nmod,explicit_ref_case,
1740,807,one-to-many,dn_846,iwsk_911 iwsk_912 iwsk_913 iwsk_914 iwsk_915,Giorgio,Giorgio,PRON,PRON,nsubj,nsubj,explicit_full,
1741,807,one-to-many,dn_846,iwsk_911 iwsk_912 iwsk_913 iwsk_914 iwsk_915,Giorgio,Giorgio,PRON,PRON,obj,obj,explicit_full,
1742,807,one-to-many,dn_846,iwsk_911 iwsk_912 iwsk_913 iwsk_914 iwsk_915,Giorgio,Giorgio,PRON,PRON,obj,obj,explicit_full,
1743,807,one-to-many,dn_846,iwsk_911 iwsk_912 iwsk_913 iwsk_914 iwsk_915,Giorgio,Giorgio,PRON,PRON,obj,nsubj,explicit_ref_pos,
1744,807,one-to-many,dn_846,iwsk_911 iwsk_912 iwsk_913 iwsk_914 iwsk_915,Giorgio,Giorgio,NULL,NULL,nsubj,nsubj,zero_zero_semantic,0.425602526948678
1745,807,one-to-many,dn_846,iwsk_911 iwsk_912 iwsk_913 iwsk_914 iwsk_915,Giorgio,Giorgio,NULL,NULL,nsubj,nsubj,zero_zero_semantic,0.38022860928114915
1746,807,one-to-many,dn_846,iwsk_911 iwsk_912 iwsk_913 iwsk_914 iwsk_915,Giorgio,Giorgio,NULL,NULL,nsubj,nsubj,zero_zero_semantic,0.36236261393839686
1747,807,one-to-many,dn_846,iwsk_911 iwsk_912 iwsk_913 iwsk_914 iwsk_915,MISSING,Giorgio,MISSING,NULL,MISSING,nsubj,leftover_target,
1748,807,one-to-many,dn_846,iwsk_911 iwsk_912 iwsk_913 iwsk_914 iwsk_915,Ippolita,Ippolita,PRON,PRON,obj,obj,explicit_full,
1749,807,one-to-many,dn_846,iwsk_911 iwsk_912 iwsk_913 iwsk_914 iwsk_915,Ippolita,Ippolita,PRON,PRON,nsubj,nsubj,explicit_full,
1750,807,one-to-many,dn_846,iwsk_911 iwsk_912 iwsk_913 iwsk_914 iwsk_915,Ippolita,Ippolita,PRON,PRON,obj,nmod,explicit_ref_pos,
1751,807,one-to-many,dn_846,iwsk_911 iwsk_912 iwsk_913 iwsk_914 iwsk_915,Ippolita,Ippolita,NULL,NULL,nsubj,nsubj,zero_zero_semantic,0.2978251310017891
1752,807,one-to-many,dn_846,iwsk_911 iwsk_912 iwsk_913 iwsk_914 iwsk_915,Ippolita,MISSING,NULL,MISSING,nsubj,MISSING,leftover_source,
1753,809,one-to-many,dn_848,iwsk_917 iwsk_918,Giorgio,Giorgio,DET,PRON,nmod,nmod,explicit_ref_case,
1754,809,one-to-many,dn_848,iwsk_917 iwsk_918,Giorgio,Giorgio,NULL,NULL,nsubj,nsubj,zero_zero_semantic,0.28158201144402284
1755,809,one-to-many,dn_848,iwsk_917 iwsk_918,Giorgio,Giorgio,NULL,PRON,nsubj,nsubj,zero_to_tgt_anchor,
1756,809,one-to-many,dn_848,iwsk_917 iwsk_918,MISSING,Giorgio,MISSING,PRON,MISSING,nsubj,leftover_target,
1757,810,one-to-many,dn_849,iwsk_919 iwsk_920,Giorgio,Giorgio,NULL,NULL,nsubj,nsubj,zero_zero_semantic,0.2906355938662344
1758,810,one-to-many,dn_849,iwsk_919 iwsk_920,Giorgio,MISSING,NULL,MISSING,nsubj,MISSING,leftover_source,
1759,810,one-to-many,dn_849,iwsk_919 iwsk_920,MISSING,Giorgio,MISSING,PRON,MISSING,obj,leftover_target,
1760,810,one-to-many,dn_849,iwsk_919 iwsk_920,MISSING,Giorgio,MISSING,PRON,MISSING,obj,leftover_target,
1761,810,one-to-many,dn_849,iwsk_919 iwsk_920,GiovanniSgambati,MISSING,PROPN,MISSING,nmod,MISSING,leftover_source,
1762,810,one-to-many,dn_849,iwsk_919 iwsk_920,Ippolita,Ippolita,PRON,PRON,nsubj,nsubj,explicit_full,
1763,810,one-to-many,dn_849,iwsk_919 iwsk_920,Ippolita,MISSING,PRON,MISSING,obj,MISSING,leftover_source,
1764,810,one-to-many,dn_849,iwsk_919 iwsk_920,Ippolita,MISSING,PRON,MISSING,obj,MISSING,leftover_source,
1765,810,one-to-many,dn_849,iwsk_919 iwsk_920,MISSING,Ippolita,MISSING,NULL,MISSING,nsubj,leftover_target,
1766,811,one-to-one,dn_850,iwsk_921,Giorgio,Giorgio,PRON,PRON,obj,obj,explicit_full,
1767,811,one-to-one,dn_850,iwsk_921,Ippolita,Ippolita,NULL,PRON,nsubj,nsubj,zero_to_tgt_anchor,
1768,812,many-to-one,dn_851 dn_852,iwsk_922,Giorgio,MISSING,PRON,MISSING,obj,MISSING,leftover_source,
1769,812,many-to-one,dn_851 dn_852,iwsk_922,Giorgio Ippolita,MISSING,PRON-REFLEX,MISSING,obj,MISSING,leftover_source,
1770,812,many-to-one,dn_851 dn_852,iwsk_922,Giorgio Ippolita,MISSING,NULL,MISSING,nsubj,MISSING,leftover_source,
1771,812,many-to-one,dn_851 dn_852,iwsk_922,Ippolita,Ippolita,NULL,NULL,nsubj,nsubj,zero_zero_semantic,0.23847895683585735
1772,812,many-to-one,dn_851 dn_852,iwsk_922,Ippolita,MISSING,NULL,MISSING,nsubj,MISSING,leftover_source,
1773,812,many-to-one,dn_851 dn_852,iwsk_922,Ippolita,MISSING,PRON-REFLEX,MISSING,obj,MISSING,leftover_source,
1774,813,one-to-one,dn_853,iwsk_923,Ippolita,Ippolita,NULL,NULL,nsubj,nsubj,zero_zero_single,
1775,813,one-to-one,dn_853,iwsk_923,Ippolita,MISSING,PRON,MISSING,obj,MISSING,leftover_source,
1776,814,one-to-one,dn_854,iwsk_924,Cecilia,Cecilia,NOUN,NOUN,obj,obj,explicit_full,
1777,814,one-to-one,dn_854,iwsk_924,Ippolita,Ippolita,NULL,NULL,nsubj,nsubj,zero_zero_single,
1778,814,one-to-one,dn_854,iwsk_924,Ippolita,MISSING,PRON,MISSING,obj,MISSING,leftover_source,
1779,816,one-to-one,dn_856,iwsk_926,Cecilia,Cecilia,PROPN,PROPN,pred,pred,explicit_full,
1780,816,one-to-one,dn_856,iwsk_926,Cecilia,MISSING,NOUN,MISSING,pred,MISSING,leftover_source,
1781,816,one-to-one,dn_856,iwsk_926,Ippolita,MISSING,DET,MISSING,nmod,MISSING,leftover_source,
1782,817,one-to-one,dn_857,iwsk_927,Giorgio,Giorgio,PRON,PRON,nsubj,nsubj,explicit_full,
1783,817,one-to-one,dn_857,iwsk_927,Giorgio,MISSING,PRON-REFLEX,MISSING,obj,MISSING,leftover_source,
1784,817,one-to-one,dn_857,iwsk_927,Ippolita,Ippolita,PRON,PRON,obj,obj,explicit_full,
1785,818,one-to-one,dn_858,iwsk_928,Giorgio,Giorgio,NULL,PRON,nsubj,nsubj,zero_to_tgt_anchor,
1786,818,one-to-one,dn_858,iwsk_928,Giorgio Ippolita,MISSING,NOUN,MISSING,nsubj,MISSING,leftover_source,
1787,818,one-to-one,dn_858,iwsk_928,MISSING,Ippolita,MISSING,PRON,MISSING,obj,leftover_target,
1788,819,one-to-one,dn_859,iwsk_929,Ippolita,MISSING,NULL,MISSING,nsubj,MISSING,leftover_source,
1789,819,one-to-one,dn_859,iwsk_929,MISSING,Ippolita,MISSING,PRON,MISSING,nmod,leftover_target,
1790,820,one-to-one,dn_860,iwsk_930,Giorgio,Giorgio,PRON,PRON,obj,nsubj,explicit_ref_pos,
1791,821,one-to-one,dn_861,iwsk_931,Giorgio,Giorgio,NULL,PRON,nsubj,nsubj,zero_to_tgt_anchor,
1792,821,one-to-one,dn_861,iwsk_931,MISSING,Giorgio Ippolita,MISSING,PRON,MISSING,nsubj,leftover_target,
1793,822,one-to-one,dn_862,iwsk_932,Ippolita,Ippolita,NULL,NULL,nsubj,nsubj,zero_zero_single,
1794,822,one-to-one,dn_862,iwsk_932,Ippolita,MISSING,PRON-REFLEX,MISSING,obj,MISSING,leftover_source,
1795,824,one-to-one,dn_864,iwsk_934,Giorgio,Giorgio,DET,PRON,nmod,nmod,explicit_ref_case,
1796,825,one-to-one,dn_865,iwsk_935,Giorgio,Giorgio,NULL,NULL,nsubj,nsubj,zero_zero_single,
1797,825,one-to-one,dn_865,iwsk_935,MISSING,Giorgio,MISSING,PRON,MISSING,nsubj,leftover_target,
1798,825,one-to-one,dn_865,iwsk_935,MISSING,Giorgio Ippolita,MISSING,PRON,MISSING,nsubj,leftover_target,
1799,826,one-to-one,dn_866,iwsk_936,Giorgio,Giorgio,DET,PRON,obj,nsubj,explicit_ref_only,
1800,826,one-to-one,dn_866,iwsk_936,Giorgio,MISSING,NULL,MISSING,nsubj,MISSING,leftover_source,
1801,826,one-to-one,dn_866,iwsk_936,Giorgio,MISSING,NULL,MISSING,nsubj,MISSING,leftover_source,
1802,826,one-to-one,dn_866,iwsk_936,MISSING,Giorgio,MISSING,PRON,MISSING,nmod,leftover_target,
1803,826,one-to-one,dn_866,iwsk_936,Ippolita,Ippolita,PRON,PRON,obj,obj,explicit_full,
1804,827,one-to-one,dn_867,iwsk_937,Giorgio,Giorgio,PRON,NULL,nsubj,nsubj,zero_to_src_anchor,
1805,828,one-to-many,dn_868,iwsk_938 iwsk_939,Giorgio,Giorgio,DET,PRON,nmod,nsubj,explicit_ref_only,
1806,828,one-to-many,dn_868,iwsk_938 iwsk_939,MISSING,Giorgio,MISSING,NULL,MISSING,nsubj,leftover_target,
1807,828,one-to-many,dn_868,iwsk_938 iwsk_939,MISSING,Giorgio,MISSING,NULL,MISSING,nsubj,leftover_target,
1808,828,one-to-many,dn_868,iwsk_938 iwsk_939,MISSING,Giorgio,MISSING,NULL,MISSING,nsubj,leftover_target,
1809,829,one-to-many,dn_869,iwsk_940 iwsk_941,Giorgio,Giorgio,DET,PRON,nmod,nmod,explicit_ref_case,
1810,829,one-to-many,dn_869,iwsk_940 iwsk_941,Giorgio,Giorgio,PRON,PRON,obj,nsubj,explicit_ref_pos,
1811,830,many-to-one,dn_870 dn_871,iwsk_942,Beethoven,Beethoven,PROPN,PROPN,nmod,nmod,explicit_full,
1812,830,many-to-one,dn_870 dn_871,iwsk_942,Giorgio,Giorgio,PRON,PRON,obj,nsubj,explicit_ref_pos,
1813,830,many-to-one,dn_870 dn_871,iwsk_942,Giorgio,Giorgio,NULL,NULL,nsubj,nsubj,zero_zero_semantic,0.3018867271600512
1814,830,many-to-one,dn_870 dn_871,iwsk_942,Giorgio,Giorgio,NULL,NULL,nsubj,nsubj,zero_zero_semantic,0.18280504755891128
1815,830,many-to-one,dn_870 dn_871,iwsk_942,Giorgio,Giorgio,NULL,NULL,nsubj,nsubj,zero_zero_semantic,0.23071020116047242
1816,830,many-to-one,dn_870 dn_871,iwsk_942,Giorgio,MISSING,PRON-REFLEX,MISSING,obj,MISSING,leftover_source,
1817,830,many-to-one,dn_870 dn_871,iwsk_942,Giorgio,MISSING,PRON-REFLEX,MISSING,obj,MISSING,leftover_source,
1818,830,many-to-one,dn_870 dn_871,iwsk_942,Giorgio,MISSING,PRON-REFLEX,MISSING,obj,MISSING,leftover_source,
1819,830,many-to-one,dn_870 dn_871,iwsk_942,Giorgio,MISSING,DET,MISSING,nmod,MISSING,leftover_source,
1820,830,many-to-one,dn_870 dn_871,iwsk_942,MISSING,Giorgio,MISSING,NULL,MISSING,nsubj,leftover_target,
1821,830,many-to-one,dn_870 dn_871,iwsk_942,MISSING,Giorgio,MISSING,NULL,MISSING,nsubj,leftover_target,
1822,830,many-to-one,dn_870 dn_871,iwsk_942,MISSING,Giorgio,MISSING,NULL,MISSING,nsubj,leftover_target,
1823,830,many-to-one,dn_870 dn_871,iwsk_942,Ippolita,Ippolita,NOUN,PRON,nsubj,nmod,explicit_ref_only,
1824,831,one-to-many,dn_872,iwsk_943 iwsk_944,Giorgio,Giorgio,PRON,PRON,obj,nmod,explicit_ref_pos,
1825,831,one-to-many,dn_872,iwsk_943 iwsk_944,Giorgio,Giorgio,PRON,PRON,obj,nsubj,explicit_ref_pos,
1826,831,one-to-many,dn_872,iwsk_943 iwsk_944,Ippolita,Ippolita,PROPN,PROPN,nsubj,nsubj,explicit_full,
1827,831,one-to-many,dn_872,iwsk_943 iwsk_944,Ippolita,Ippolita,PRON,PRON,nsubj,nsubj,explicit_full,
1828,831,one-to-many,dn_872,iwsk_943 iwsk_944,MISSING,Ippolita,MISSING,NULL,MISSING,nsubj,leftover_target,
1829,832,one-to-one,dn_873,iwsk_945,Giorgio,MISSING,PRON,MISSING,obj,MISSING,leftover_source,
1830,833,one-to-one,dn_874,iwsk_946,Giorgio,MISSING,PRON,MISSING,obj,MISSING,leftover_source,
1831,834,one-to-one,dn_875,iwsk_947,Giorgio,Giorgio,DET,PRON,nmod,nsubj,explicit_ref_only,
1832,835,one-to-one,dn_876,iwsk_948,Giorgio,Giorgio,PROPN,PROPN,nsubj,nsubj,explicit_full,
1833,835,one-to-one,dn_876,iwsk_948,Giorgio,MISSING,NULL,MISSING,nsubj,MISSING,leftover_source,
1834,836,one-to-one,dn_877,iwsk_949,Giorgio,MISSING,PRON,MISSING,obj,MISSING,leftover_source,
1835,836,one-to-one,dn_877,iwsk_949,MISSING,Giorgio,MISSING,NULL,MISSING,nsubj,leftover_target,
1836,836,one-to-one,dn_877,iwsk_949,MISSING,Giorgio,MISSING,NULL,MISSING,nsubj,leftover_target,
1837,837,one-to-one,dn_878,iwsk_950,Ippolita,Ippolita,NULL,NULL,nsubj,nsubj,zero_zero_single,
1838,837,one-to-one,dn_878,iwsk_950,Ippolita,MISSING,PRON-REFLEX,MISSING,obj,MISSING,leftover_source,
1839,842,one-to-one,dn_883 dn_884,iwsk_955 iwsk_956,Ippolita,Ippolita,NULL,NULL,nsubj,nsubj,zero_zero_single,
1840,842,one-to-one,dn_883 dn_884,iwsk_955 iwsk_956,Ippolita,MISSING,PRON-REFLEX,MISSING,obj,MISSING,leftover_source,
1841,844,one-to-one,dn_886,iwsk_958,audience,audience,NOUN,NOUN,nsubj,nsubj,explicit_full,
1842,845,one-to-one,dn_887,iwsk_959,AlessandroMemmi,AlessandroMemmi,PROPN,PROPN,nsubj,nsubj,explicit_full,
1843,845,one-to-one,dn_887,iwsk_959,AlessandroMemmi,MISSING,NULL,MISSING,nsubj,MISSING,leftover_source,
1844,845,one-to-one,dn_887,iwsk_959,AlessandroMemmi,MISSING,DET,MISSING,nmod,MISSING,leftover_source,
1845,845,one-to-one,dn_887,iwsk_959,audience,audience,NOUN,NOUN,obj,obj,explicit_full,
1846,846,one-to-one,dn_888,iwsk_960,Ippolita,Ippolita,PRON,PRON,nsubj,nsubj,explicit_full,
1847,846,one-to-one,dn_888,iwsk_960,Ippolita,Ippolita,NOUN,PRON,vocative,nsubj,explicit_ref_only,
1848,846,one-to-one,dn_888,iwsk_960,MISSING,Ippolita,MISSING,NULL,MISSING,nsubj,leftover_target,
1849,846,one-to-one,dn_888,iwsk_960,audience,audience,NOUN,NOUN,obj,nmod,explicit_ref_pos,
1850,847,one-to-one,dn_889,iwsk_961,Ippolita,MISSING,NULL,MISSING,nsubj,MISSING,leftover_source,
1851,847,one-to-one,dn_889,iwsk_961,MrMartlet,MrMartlet,PROPN,PROPN,nsubj,nsubj,explicit_full,
1852,847,one-to-one,dn_889,iwsk_961,MrMartlet,MrMartlet,PROPN,PROPN,nsubj,nsubj,explicit_full,
1853,847,one-to-one,dn_889,iwsk_961,MrMartlet,MISSING,NULL,MISSING,nsubj,MISSING,leftover_source,
1854,847,one-to-one,dn_889,iwsk_961,MISSING,MrMartlet,MISSING,NOUN,MISSING,pred,leftover_target,
1855,847,one-to-one,dn_889,iwsk_961,MrsMartlet,MrsMartlet,NOUN,NOUN,nsubj,nsubj,explicit_full,
1856,848,one-to-one,dn_890,iwsk_962,Boll,Boll,PROPN,NOUN,nmod,nmod,explicit_ref_case,
1857,848,one-to-one,dn_890,iwsk_962,Boll,Boll,NOUN,NOUN,nsubj,nmod,explicit_ref_pos,
1858,848,one-to-one,dn_890,iwsk_962,Ippolita,Ippolita,NOUN,PRON,obj,nmod,explicit_ref_only,
1859,848,one-to-one,dn_890,iwsk_962,MargheritaTraubeBoll,MargheritaTraubeBoll,NOUN,NOUN,nsubj,nsubj,explicit_full,
1860,848,one-to-one,dn_890,iwsk_962,MargheritaTraubeBoll,MargheritaTraubeBoll,PROPN,PROPN,pred,pred,explicit_full,
1861,848,one-to-one,dn_890,iwsk_962,MargheritaTraubeBoll,MargheritaTraubeBoll,NOUN,NOUN,pred,pred,explicit_full,
1862,848,one-to-one,dn_890,iwsk_962,MargheritaTraubeBoll,MargheritaTraubeBoll,NOUN,NOUN,pred,pred,explicit_full,
1863,849,one-to-one,dn_891,iwsk_963,Fleichl,Fleichl,NOUN,NOUN,pred,pred,explicit_full,
1864,849,one-to-one,dn_891,iwsk_963,Fleichl,Fleichl,NOUN,NOUN,pred,pred,explicit_full,
1865,849,one-to-one,dn_891,iwsk_963,Fleichl,Fleichl,NOUN,NOUN,pred,pred,explicit_full,
1866,849,one-to-one,dn_891,iwsk_963,Fleichl,Fleichl,NOUN,NOUN,pred,pred,explicit_full,
1867,849,one-to-one,dn_891,iwsk_963,Fleichl,Fleichl,NOUN,NULL,nsubj,nsubj,zero_to_src_anchor,
1868,849,one-to-one,dn_891,iwsk_963,Fleichl,Fleichl,PROPN,NULL,nsubj,nsubj,zero_to_src_anchor,
1869,849,one-to-one,dn_891,iwsk_963,SebastianBach,SebastianBach,PROPN,PROPN,nmod,nmod,explicit_full,
1870,850,many-to-one,dn_892 dn_893,iwsk_964,Castracane,Castracane,NOUN,NOUN,nsubj,nsubj,explicit_full,
1871,850,many-to-one,dn_892 dn_893,iwsk_964,Castracane,Castracane,PROPN,PROPN,pred,pred,explicit_full,
1872,850,many-to-one,dn_892 dn_893,iwsk_964,Castracane,Castracane,NOUN,NOUN,pred,pred,explicit_full,
1873,850,many-to-one,dn_892 dn_893,iwsk_964,MISSING,Castracane,MISSING,DET,MISSING,nmod,leftover_target,
1874,850,many-to-one,dn_892 dn_893,iwsk_964,Cuboni,Cuboni,NOUN,PRON,nsubj,nsubj,explicit_ref_case,
1875,850,many-to-one,dn_892 dn_893,iwsk_964,Cuboni,Cuboni,NOUN,NOUN,nsubj,pred,explicit_ref_pos,
1876,850,many-to-one,dn_892 dn_893,iwsk_964,Cuboni,Cuboni,NOUN,NOUN,nsubj,pred,explicit_ref_pos,
1877,850,many-to-one,dn_892 dn_893,iwsk_964,Cuboni,Cuboni,PROPN,PROPN,nsubj,pred,explicit_ref_pos,
1878,850,many-to-one,dn_892 dn_893,iwsk_964,MISSING,Cuboni,MISSING,NULL,MISSING,nsubj,leftover_target,
1879,850,many-to-one,dn_892 dn_893,iwsk_964,MISSING,Cuboni,MISSING,NOUN,MISSING,pred,leftover_target,
1880,851,one-to-one,dn_894 dn_895,iwsk_965 iwsk_966,Blaserna,Blaserna,NOUN,NOUN,nsubj,nsubj,explicit_full,
1881,851,one-to-one,dn_894 dn_895,iwsk_965 iwsk_966,Blaserna,Blaserna,PROPN,NOUN,nsubj,nsubj,explicit_ref_case,
1882,851,one-to-one,dn_894 dn_895,iwsk_965 iwsk_966,Davis,Davis,PROPN,PROPN,nsubj,nsubj,explicit_full,
1883,851,one-to-one,dn_894 dn_895,iwsk_965 iwsk_966,Davis,Davis,NOUN,NOUN,nsubj,pred,explicit_ref_pos,
1884,851,one-to-one,dn_894 dn_895,iwsk_965 iwsk_966,Davis,MISSING,NOUN,MISSING,nsubj,MISSING,leftover_source,
1885,851,one-to-one,dn_894 dn_895,iwsk_965 iwsk_966,Helmholtz,Helmholtz,PROPN,PROPN,nmod,nmod,explicit_full,
1886,851,one-to-one,dn_894 dn_895,iwsk_965 iwsk_966,JacopoMoleschott,JacopoMoleschott,NOUN,NOUN,nsubj,nsubj,explicit_full,
1887,851,one-to-one,dn_894 dn_895,iwsk_965 iwsk_966,JacopoMoleschott,JacopoMoleschott,NOUN,NOUN,nsubj,pred,explicit_ref_pos,
1888,851,one-to-one,dn_894 dn_895,iwsk_965 iwsk_966,JacopoMoleschott,MISSING,PROPN,MISSING,nsubj,MISSING,leftover_source,
1889,852,many-to-one,dn_896 dn_897,iwsk_967,audience,audience,NOUN,NOUN,nsubj,nsubj,explicit_full,
1890,852,many-to-one,dn_896 dn_897,iwsk_967,audience,audience,NOUN,NOUN,pred,pred,explicit_full,
1891,852,many-to-one,dn_896 dn_897,iwsk_967,audience,audience,NOUN,NOUN,pred,pred,explicit_full,
1892,852,many-to-one,dn_896 dn_897,iwsk_967,audience,audience,NOUN,NOUN,pred,pred,explicit_full,
1893,852,many-to-one,dn_896 dn_897,iwsk_967,MISSING,audience,MISSING,NULL,MISSING,nsubj,leftover_target,
1894,853,one-to-one,dn_898,iwsk_968,Giorgio,Giorgio,PRON,PROPN,nsubj,nsubj,explicit_ref_case,
1895,853,one-to-one,dn_898,iwsk_968,Giorgio,MISSING,PRON-REFLEX,MISSING,obj,MISSING,leftover_source,
1896,853,one-to-one,dn_898,iwsk_968,Giorgio,MISSING,PRON,MISSING,nmod,MISSING,leftover_source,
1897,853,one-to-one,dn_898,iwsk_968,MISSING,Giorgio,MISSING,NULL,MISSING,nsubj,leftover_target,
1898,853,one-to-one,dn_898,iwsk_968,MISSING,Giorgio,MISSING,NULL,MISSING,nsubj,leftover_target,
1899,854,one-to-many,dn_899,iwsk_969 iwsk_970,AlessandroMemmi,MISSING,PROPN,MISSING,nsubj,MISSING,leftover_source,
1900,854,one-to-many,dn_899,iwsk_969 iwsk_970,audience,audience,NOUN,NOUN,nsubj,nsubj,explicit_full,
1901,854,one-to-many,dn_899,iwsk_969 iwsk_970,audience,audience,PRON,NOUN,nsubj,nsubj,explicit_ref_case,
1902,854,one-to-many,dn_899,iwsk_969 iwsk_970,audience,audience,PRON,NOUN,nsubj,nsubj,explicit_ref_case,
1903,854,one-to-many,dn_899,iwsk_969 iwsk_970,audience,audience,PRON,NOUN,nsubj,nsubj,explicit_ref_case,
1904,854,one-to-many,dn_899,iwsk_969 iwsk_970,audience,MISSING,DET,MISSING,nmod,MISSING,leftover_source,
1905,854,one-to-many,dn_899,iwsk_969 iwsk_970,chorus,MISSING,NOUN,MISSING,nmod,MISSING,leftover_source,
1906,855,one-to-one,dn_900,iwsk_971,chorus,chorus,NOUN,NOUN,nsubj,nsubj,explicit_full,
1907,856,one-to-one,dn_901,iwsk_972,maidens,maidens,NOUN,NOUN,nsubj,nsubj,explicit_full,
1908,856,one-to-one,dn_901,iwsk_972,maidens,MISSING,PRON-REFLEX,MISSING,obj,MISSING,leftover_source,
1909,856,one-to-one,dn_901,iwsk_972,MISSING,maidens,MISSING,NULL,MISSING,nsubj,leftover_target,
1910,857,one-to-one,dn_902,iwsk_973,maidens,MISSING,DET,MISSING,nmod,MISSING,leftover_source,
1911,857,one-to-one,dn_902,iwsk_973,violinists,violinists,NOUN,NOUN,nmod,nmod,explicit_full,
1912,859,one-to-one,dn_904,iwsk_975,AlessandroMemmi,AlessandroMemmi,PROPN,PROPN,nsubj,nsubj,explicit_full,
1913,859,one-to-one,dn_904,iwsk_975,AlessandroMemmi,MISSING,DET,MISSING,nmod,MISSING,leftover_source,
1914,859,one-to-one,dn_904,iwsk_975,MISSING,AlessandroMemmi,MISSING,NULL,MISSING,nsubj,leftover_target,
1915,862,many-to-one,dn_907 dn_908,iwsk_978,audience,audience,NOUN,NOUN,nmod,nsubj,explicit_ref_pos,
1916,862,many-to-one,dn_907 dn_908,iwsk_978,MISSING,audience,MISSING,NULL,MISSING,nsubj,leftover_target,
1917,866,one-to-many,dn_912,iwsk_982 iwsk_983,Giorgio Ippolita,Giorgio Ippolita,NOUN,NOUN,obj,obj,explicit_full,
1918,866,one-to-many,dn_912,iwsk_982 iwsk_983,audience,audience,NOUN,NOUN,obj,nmod,explicit_ref_pos,
1919,866,one-to-many,dn_912,iwsk_982 iwsk_983,MISSING,audience,MISSING,NOUN,MISSING,nmod,leftover_target,
1920,867,one-to-one,dn_913,iwsk_984,Giorgio,Giorgio,PRON,PRON,nsubj,nsubj,explicit_full,
1921,867,one-to-one,dn_913,iwsk_984,Giorgio,Giorgio,NULL,NULL,nsubj,nsubj,zero_zero_single,
1922,869,one-to-one,dn_915,iwsk_986,Giorgio,Giorgio,NULL,NULL,nsubj,nsubj,zero_zero_single,
1923,869,one-to-one,dn_915,iwsk_986,MISSING,Giorgio,MISSING,PRON,MISSING,nsubj,leftover_target,
1924,870,one-to-one,dn_916,iwsk_987,AlessandroMemmi,AlessandroMemmi,NOUN,NOUN,nsubj,nsubj,explicit_full,
1925,870,one-to-one,dn_916,iwsk_987,AlessandroMemmi,AlessandroMemmi,DET,PRON,nmod,nmod,explicit_ref_case,
1926,870,one-to-one,dn_916,iwsk_987,AlessandroMemmi,AlessandroMemmi,NULL,NULL,nsubj,nsubj,zero_zero_single,
1927,870,one-to-one,dn_916,iwsk_987,AlessandroMemmi,MISSING,NOUN,MISSING,nsubj,MISSING,leftover_source,
1928,870,one-to-one,dn_916,iwsk_987,AlessandroMemmi,MISSING,PRON-REFLEX,MISSING,obj,MISSING,leftover_source,
1929,870,one-to-one,dn_916,iwsk_987,Schopenhauer,Schopenhauer,PROPN,PROPN,nmod,nmod,explicit_full,
1930,870,one-to-one,dn_916,iwsk_987,SebastianBach,SebastianBach,PROPN,PROPN,nmod,nmod,explicit_full,
1931,870,one-to-one,dn_916,iwsk_987,audience,audience,NOUN,NOUN,obj,obj,explicit_full,
1932,870,one-to-one,dn_916,iwsk_987,audience,audience,DET,NOUN,nmod,nmod,explicit_ref_case,
1933,870,one-to-one,dn_916,iwsk_987,chorus,chorus,NOUN,NOUN,obj,obj,explicit_full,
1934,870,one-to-one,dn_916,iwsk_987,maidens,maidens,NOUN,NOUN,obj,obj,explicit_full,
1935,871,one-to-one,dn_917,iwsk_988,Hoffmann,Hoffmann,PROPN,PROPN,nmod,nmod,explicit_full,
1936,872,one-to-one,dn_918,iwsk_989,audience,audience,NOUN,NOUN,nsubj,nsubj,explicit_full,
1937,872,one-to-one,dn_918,iwsk_989,audience,audience,NULL,NULL,nsubj,nsubj,zero_zero_semantic,0.44949506240487613
1938,872,one-to-one,dn_918,iwsk_989,audience,audience,NULL,NULL,nsubj,nsubj,zero_zero_semantic,0.3276073821083254
1939,872,one-to-one,dn_918,iwsk_989,audience,MISSING,DET,MISSING,nmod,MISSING,leftover_source,
1940,872,one-to-one,dn_918,iwsk_989,audience,MISSING,PRON-REFLEX,MISSING,obj,MISSING,leftover_source,
1941,872,one-to-one,dn_918,iwsk_989,audience,MISSING,PRON-REFLEX,MISSING,obj,MISSING,leftover_source,
1942,872,one-to-one,dn_918,iwsk_989,audience,MISSING,DET,MISSING,nmod,MISSING,leftover_source,
1943,872,one-to-one,dn_918,iwsk_989,audience,MISSING,PRON-REFLEX,MISSING,obj,MISSING,leftover_source,
1944,872,one-to-one,dn_918,iwsk_989,MISSING,audience,MISSING,NULL,MISSING,nsubj,leftover_target,
1945,872,one-to-one,dn_918,iwsk_989,MISSING,audience,MISSING,NULL,MISSING,nsubj,leftover_target,
1946,872,one-to-one,dn_918,iwsk_989,MISSING,audience,MISSING,NULL,MISSING,nsubj,leftover_target,
1947,873,one-to-one,dn_919,iwsk_990,AlessandroMemmi,AlessandroMemmi,NOUN,NOUN,nmod,nmod,explicit_full,
1948,873,one-to-one,dn_919,iwsk_990,AlessandroMemmi,MISSING,NOUN,MISSING,nmod,MISSING,leftover_source,
1949,873,one-to-one,dn_919,iwsk_990,Giorgio,Giorgio,NOUN,NOUN,obj,nmod,explicit_ref_pos,
1950,873,one-to-one,dn_919,iwsk_990,Ippolita,Ippolita,NOUN,NOUN,obj,nmod,explicit_ref_pos,
1951,873,one-to-one,dn_919,iwsk_990,MISSING,audience,MISSING,NOUN,MISSING,nmod,leftover_target,
1952,874,one-to-one,dn_920,iwsk_991,AlessandroMemmi,AlessandroMemmi,NOUN,NOUN,nsubj,nsubj,explicit_full,
1953,874,one-to-one,dn_920,iwsk_991,Giorgio,Giorgio,NOUN,NOUN,obj,nsubj,explicit_ref_pos,
1954,874,one-to-one,dn_920,iwsk_991,Ippolita,Ippolita,PROPN,PROPN,obj,obj,explicit_full,
1955,875,one-to-one,dn_921,iwsk_992,Giorgio,Giorgio,PRON,PRON,nsubj,nsubj,explicit_full,
1956,875,one-to-one,dn_921,iwsk_992,Giorgio,MISSING,PRON-REFLEX,MISSING,obj,MISSING,leftover_source,
1957,875,one-to-one,dn_921,iwsk_992,MISSING,Giorgio,MISSING,NULL,MISSING,nsubj,leftover_target,
1958,875,one-to-one,dn_921,iwsk_992,MISSING,Giorgio,MISSING,NULL,MISSING,nsubj,leftover_target,
1959,876,one-to-one,dn_922,iwsk_993,Giorgio,Giorgio,PRON,PRON,obj,nsubj,explicit_ref_pos,
1960,876,one-to-one,dn_922,iwsk_993,Giorgio,MISSING,NULL,MISSING,nsubj,MISSING,leftover_source,
1961,877,one-to-one,dn_923,iwsk_994,Ippolita,Ippolita,PROPN,PROPN,nsubj,nsubj,explicit_full,
1962,878,one-to-one,dn_924,iwsk_998,MISSING,Giorgio,MISSING,NULL,MISSING,nsubj,leftover_target,
1963,878,one-to-one,dn_924,iwsk_998,Ippolita,MISSING,NULL,MISSING,nsubj,MISSING,leftover_source,
1964,879,one-to-one,dn_925,iwsk_995,Giorgio,Giorgio,NULL,NULL,nsubj,nsubj,zero_zero_single,
1965,879,one-to-one,dn_925,iwsk_995,Giorgio,MISSING,PRON-REFLEX,MISSING,obj,MISSING,leftover_source,
1966,882,one-to-one,dn_928,iwsk_999,Giorgio,Giorgio,NOUN,PROPN,obj,nmod,explicit_ref_only,
1967,882,one-to-one,dn_928,iwsk_999,Ippolita,Ippolita,PRON,PRON,nsubj,nsubj,explicit_full,
1968,882,one-to-one,dn_928,iwsk_999,Ippolita,Ippolita,NULL,NULL,nsubj,nsubj,zero_zero_single,
1969,882,one-to-one,dn_928,iwsk_999,Ippolita,MISSING,PRON-REFLEX,MISSING,obj,MISSING,leftover_source,
1970,883,one-to-one,dn_929,iwsk_1000,Giorgio,MISSING,NULL,MISSING,nsubj,MISSING,leftover_source,
1971,883,one-to-one,dn_929,iwsk_1000,Giorgio Ippolita,Giorgio Ippolita,NULL,NULL,nsubj,nsubj,zero_zero_single,
1972,885,one-to-one,dn_931,iwsk_1002,Giorgio Ippolita,Giorgio Ippolita,NULL,NULL,nsubj,nsubj,zero_zero_semantic,0.4388834277480371
1973,885,one-to-one,dn_931,iwsk_1002,Giorgio Ippolita,Giorgio Ippolita,NULL,NOUN,nsubj,nsubj,zero_to_tgt_anchor,
1974,885,one-to-one,dn_931,iwsk_1002,Giorgio Ippolita,MISSING,PRON-REFLEX,MISSING,obj,MISSING,leftover_source,
1975,886,one-to-one,dn_932,iwsk_1003,Giorgio Ippolita,MISSING,PRON,MISSING,obj,MISSING,leftover_source,
1976,889,one-to-one,dn_935,iwsk_1006,Giorgio Ippolita,Giorgio Ippolita,DET,PRON,nmod,nmod,explicit_ref_case,
1977,890,one-to-one,dn_936,iwsk_1007,Ippolita,Ippolita,PROPN,PROPN,nsubj,nsubj,explicit_full,
1978,890,one-to-one,dn_936,iwsk_1007,Ippolita,Ippolita,NULL,NULL,nsubj,nsubj,zero_zero_semantic,0.5081165730953217
1979,890,one-to-one,dn_936,iwsk_1007,Ippolita,MISSING,PRON-REFLEX,MISSING,obj,MISSING,leftover_source,
1980,890,one-to-one,dn_936,iwsk_1007,MISSING,Ippolita,MISSING,NULL,MISSING,nsubj,leftover_target,
1981,894,one-to-one,dn_940,iwsk_1011,MISSING,Giorgio,MISSING,NULL,MISSING,nsubj,leftover_target,
1982,894,one-to-one,dn_940,iwsk_1011,service-worker,service-worker,NOUN,NOUN,nsubj,nsubj,explicit_full,
1983,894,one-to-one,dn_940,iwsk_1011,service-worker,service-worker,PRON-REFLEX,PRON,obj,obj,reflex_obj,
1984,895,one-to-one,dn_941,iwsk_1012,Giorgio Ippolita,Giorgio Ippolita,NULL,NULL,nsubj,nsubj,zero_zero_single,
1985,896,one-to-one,dn_942,iwsk_1013,Giorgio,Giorgio,PROPN,PROPN,nsubj,nsubj,explicit_full,
1986,899,one-to-one,dn_945,iwsk_1016,Giorgio,Giorgio,PROPN,PROPN,nmod,nmod,explicit_full,
1987,899,one-to-one,dn_945,iwsk_1016,Ippolita,Ippolita,PROPN,PROPN,nsubj,nsubj,explicit_full,
1988,899,one-to-one,dn_945,iwsk_1016,Ippolita,Ippolita,NULL,NULL,nsubj,nsubj,zero_zero_single,
1989,900,one-to-one,dn_946,iwsk_1017,Giorgio,Giorgio,PRON,PRON,obj,obj,explicit_full,
1990,900,one-to-one,dn_946,iwsk_1017,MISSING,Giorgio Ippolita,MISSING,NOUN,MISSING,obj,leftover_target,
1991,900,one-to-one,dn_946,iwsk_1017,Ippolita,Ippolita,NULL,NULL,nsubj,nsubj,zero_zero_semantic,0.3173761904672618
1992,900,one-to-one,dn_946,iwsk_1017,Ippolita,MISSING,PRON-REFLEX,MISSING,obj,MISSING,leftover_source,
1993,900,one-to-one,dn_946,iwsk_1017,MISSING,Ippolita,MISSING,NULL,MISSING,nsubj,leftover_target,
1994,901,one-to-one,dn_947,iwsk_1019,Giorgio,Giorgio,PROPN,PROPN,nsubj,nsubj,explicit_full,
1995,901,one-to-one,dn_947,iwsk_1019,Ippolita,Ippolita,PRON,PRON,obj,nmod,explicit_ref_pos,
1996,902,one-to-one,dn_948,iwsk_1018,Giorgio Ippolita,Giorgio Ippolita,NULL,NULL,nsubj,nsubj,zero_zero_single,
1997,902,one-to-one,dn_948,iwsk_1018,Ippolita,MISSING,NULL,MISSING,nsubj,MISSING,leftover_source,
1998,904,one-to-one,dn_951,iwsk_1021,Giorgio,MISSING,NULL,MISSING,nsubj,MISSING,leftover_source,
1999,905,one-to-one,dn_952,iwsk_1022,Giorgio Ippolita,Giorgio Ippolita,NULL,NULL,nsubj,nsubj,zero_zero_semantic,0.2448335240284602
2000,905,one-to-one,dn_952,iwsk_1022,MISSING,Giorgio Ippolita,MISSING,NULL,MISSING,nsubj,leftover_target,
2001,906,one-to-one,dn_953,iwsk_1023,Ippolita,MISSING,PRON-REFLEX,MISSING,obj,MISSING,leftover_source,
2002,906,one-to-one,dn_953,iwsk_1023,Ippolita,MISSING,NULL,MISSING,nsubj,MISSING,leftover_source,
2003,907,one-to-one,dn_954,iwsk_1024,Giorgio,Giorgio,PRON,PROPN,nmod,nmod,explicit_ref_case,
2004,907,one-to-one,dn_954,iwsk_1024,Ippolita,Ippolita,PRON,PRON,nsubj,nsubj,explicit_full,
2005,907,one-to-one,dn_954,iwsk_1024,Ippolita,MISSING,PRON-REFLEX,MISSING,obj,MISSING,leftover_source,
2006,907,one-to-one,dn_954,iwsk_1024,MISSING,Ippolita,MISSING,NULL,MISSING,nsubj,leftover_target,
2007,908,many-to-one,dn_955 dn_956,iwsk_1025,Ippolita,Ippolita,DET,DET,nmod,nmod,explicit_full,
2008,908,many-to-one,dn_955 dn_956,iwsk_1025,Ippolita,Ippolita,NULL,NULL,nsubj,nsubj,zero_zero_semantic,0.37130742462781763
2009,908,many-to-one,dn_955 dn_956,iwsk_1025,MISSING,Ippolita,MISSING,DET,MISSING,nmod,leftover_target,
2010,908,many-to-one,dn_955 dn_956,iwsk_1025,MISSING,Ippolita,MISSING,PRON,MISSING,nsubj,leftover_target,
2011,908,many-to-one,dn_955 dn_956,iwsk_1025,MISSING,Ippolita,MISSING,NULL,MISSING,nsubj,leftover_target,
2012,909,one-to-one,dn_957,iwsk_1026,Giorgio,Giorgio,NOUN,NOUN,obj,obj,explicit_full,
2013,909,one-to-one,dn_957,iwsk_1026,Giorgio,Giorgio,PRON,PRON,nmod,nmod,explicit_full,
2014,909,one-to-one,dn_957,iwsk_1026,Giorgio,MISSING,PRON,MISSING,obj,MISSING,leftover_source,
2015,909,one-to-one,dn_957,iwsk_1026,Ippolita,Ippolita,PRON,PRON,nsubj,obj,explicit_ref_pos,
2016,909,one-to-one,dn_957,iwsk_1026,Ippolita,Ippolita,NULL,NULL,nsubj,nsubj,zero_zero_semantic,0.14309119534515818
2017,909,one-to-one,dn_957,iwsk_1026,Ippolita,Ippolita,NULL,NULL,nsubj,nsubj,zero_zero_semantic,0.2807953483770763
2018,909,one-to-one,dn_957,iwsk_1026,Ippolita,MISSING,DET,MISSING,nmod,MISSING,leftover_source,
2019,909,one-to-one,dn_957,iwsk_1026,MISSING,Ippolita,MISSING,NULL,MISSING,nsubj,leftover_target,
2020,909,one-to-one,dn_957,iwsk_1026,MISSING,Ippolita,MISSING,NULL,MISSING,nsubj,leftover_target,
2021,910,one-to-one,dn_958,iwsk_1027,Giorgio,Giorgio,PRON,PRON,nsubj,nsubj,explicit_full,
2022,910,one-to-one,dn_958,iwsk_1027,MISSING,Giorgio,MISSING,NULL,MISSING,nsubj,leftover_target,
2023,910,one-to-one,dn_958,iwsk_1027,MISSING,Giorgio,MISSING,NULL,MISSING,nsubj,leftover_target,
2024,910,one-to-one,dn_958,iwsk_1027,Ippolita,Ippolita,PRON,PRON,obj,obj,explicit_full,
2025,910,one-to-one,dn_958,iwsk_1027,MISSING,Ippolita,MISSING,PRON,MISSING,obj,leftover_target,
2026,911,one-to-one,dn_960,iwsk_1028,Giorgio,Giorgio,DET,NOUN,nmod,nmod,explicit_ref_case,
2027,911,one-to-one,dn_960,iwsk_1028,Ippolita,MISSING,PRON,MISSING,obj,MISSING,leftover_source,
2028,912,one-to-one,dn_961,iwsk_1029,MISSING,Giorgio,MISSING,NOUN,MISSING,nsubj,leftover_target,
2029,912,one-to-one,dn_961,iwsk_1029,Ippolita,MISSING,NULL,MISSING,nsubj,MISSING,leftover_source,
2030,913,one-to-one,dn_962,iwsk_1030,Giorgio,Giorgio,NULL,NULL,nsubj,nsubj,zero_zero_single,
2031,913,one-to-one,dn_962,iwsk_1030,Giorgio,MISSING,PRON,MISSING,nsubj,MISSING,leftover_source,
2032,913,one-to-one,dn_962,iwsk_1030,Giorgio,MISSING,PRON,MISSING,nmod,MISSING,leftover_source,
2033,915,one-to-one,dn_964,iwsk_1032,Ippolita,Ippolita,NULL,PRON,nsubj,nsubj,zero_to_tgt_anchor,
2034,916,one-to-one,dn_965,iwsk_1033,Giorgio,Giorgio,PRON,NOUN,nsubj,nsubj,explicit_ref_case,
2035,916,one-to-one,dn_965,iwsk_1033,Ippolita,Ippolita,PRON,PRON,obj,obj,explicit_full,
2036,917,one-to-one,dn_966,iwsk_1034,Giorgio,Giorgio,PRON,PRON,obj,obj,explicit_full,
2037,917,one-to-one,dn_966,iwsk_1034,Giorgio,Giorgio,PRON,NOUN,obj,obj,explicit_ref_case,
2038,917,one-to-one,dn_966,iwsk_1034,Giorgio,Giorgio,NULL,NULL,nsubj,nsubj,zero_zero_semantic,0.18347413555233186
2039,917,one-to-one,dn_966,iwsk_1034,Giorgio,Giorgio,NULL,NULL,nsubj,nsubj,zero_zero_semantic,0.3960328021021776
2040,917,one-to-one,dn_966,iwsk_1034,Giorgio,MISSING,PRON,MISSING,nsubj,MISSING,leftover_source,
2041,918,one-to-many,dn_967,iwsk_1035 iwsk_1036,Giorgio,Giorgio,DET,PRON,nmod,nmod,explicit_ref_case,
2042,918,one-to-many,dn_967,iwsk_1035 iwsk_1036,Giorgio,Giorgio,NULL,NULL,nsubj,nsubj,zero_zero_semantic,0.48760807397688666
2043,918,one-to-many,dn_967,iwsk_1035 iwsk_1036,Giorgio,Giorgio,NULL,NULL,nsubj,nsubj,zero_zero_semantic,0.5359098644551287
2044,918,one-to-many,dn_967,iwsk_1035 iwsk_1036,Giorgio,Giorgio,NULL,NOUN,nsubj,nsubj,zero_to_tgt_anchor,
2045,918,one-to-many,dn_967,iwsk_1035 iwsk_1036,Ippolita,Ippolita,PRON,PRON,obj,obj,explicit_full,
2046,918,one-to-many,dn_967,iwsk_1035 iwsk_1036,Ippolita,Ippolita,PRON,PRON,obj,obj,explicit_full,
2047,918,one-to-many,dn_967,iwsk_1035 iwsk_1036,Ippolita,MISSING,PRON,MISSING,obj,MISSING,leftover_source,
2048,919,one-to-many,dn_968,iwsk_1037 iwsk_1038 iwsk_1039 iwsk_1040 iwsk_1041,Giorgio,Giorgio,PRON,NOUN,obj,obj,explicit_ref_case,
2049,919,one-to-many,dn_968,iwsk_1037 iwsk_1038 iwsk_1039 iwsk_1040 iwsk_1041,Giorgio,Giorgio,PRON,NOUN,obj,obj,explicit_ref_case,
2050,919,one-to-many,dn_968,iwsk_1037 iwsk_1038 iwsk_1039 iwsk_1040 iwsk_1041,Giorgio,MISSING,PRON,MISSING,obj,MISSING,leftover_source,
2051,919,one-to-many,dn_968,iwsk_1037 iwsk_1038 iwsk_1039 iwsk_1040 iwsk_1041,Ippolita,Ippolita,PRON,PRON,nsubj,nsubj,explicit_full,
2052,919,one-to-many,dn_968,iwsk_1037 iwsk_1038 iwsk_1039 iwsk_1040 iwsk_1041,Ippolita,Ippolita,PRON,PRON,nsubj,nsubj,explicit_full,
2053,919,one-to-many,dn_968,iwsk_1037 iwsk_1038 iwsk_1039 iwsk_1040 iwsk_1041,Ippolita,Ippolita,DET,PRON,nmod,nmod,explicit_ref_case,
2054,919,one-to-many,dn_968,iwsk_1037 iwsk_1038 iwsk_1039 iwsk_1040 iwsk_1041,Ippolita,Ippolita,NULL,NULL,nsubj,nsubj,zero_zero_semantic,0.3956908007188231
2055,919,one-to-many,dn_968,iwsk_1037 iwsk_1038 iwsk_1039 iwsk_1040 iwsk_1041,Ippolita,Ippolita,NULL,NULL,nsubj,nsubj,zero_zero_semantic,0.13613212332279007
2056,919,one-to-many,dn_968,iwsk_1037 iwsk_1038 iwsk_1039 iwsk_1040 iwsk_1041,Ippolita,Ippolita,NULL,NULL,nsubj,nsubj,zero_zero_semantic,0.551909789153747
2057,919,one-to-many,dn_968,iwsk_1037 iwsk_1038 iwsk_1039 iwsk_1040 iwsk_1041,Ippolita,Ippolita,NULL,NULL,nsubj,nsubj,zero_zero_semantic,0.289987509607551
2058,919,one-to-many,dn_968,iwsk_1037 iwsk_1038 iwsk_1039 iwsk_1040 iwsk_1041,MISSING,Ippolita,MISSING,NOUN,MISSING,obj,leftover_target,
2059,919,one-to-many,dn_968,iwsk_1037 iwsk_1038 iwsk_1039 iwsk_1040 iwsk_1041,MISSING,Ippolita,MISSING,PRON,MISSING,obj,leftover_target,
2060,919,one-to-many,dn_968,iwsk_1037 iwsk_1038 iwsk_1039 iwsk_1040 iwsk_1041,MISSING,Ippolita,MISSING,PRON,MISSING,obj,leftover_target,
2061,920,one-to-one,dn_969,iwsk_1042,Giorgio Ippolita,Giorgio Ippolita,NULL,NULL,nsubj,nsubj,zero_zero_single,
2062,920,one-to-one,dn_969,iwsk_1042,Giorgio Ippolita,MISSING,PRON-REFLEX,MISSING,obj,MISSING,leftover_source,
2063,920,one-to-one,dn_969,iwsk_1042,MISSING,Giorgio Ippolita,MISSING,PRON,MISSING,nsubj,leftover_target,
2064,921,one-to-one,dn_970,iwsk_1043,Giorgio,Giorgio,NOUN,NOUN,nmod,nmod,explicit_full,
2065,921,one-to-one,dn_970,iwsk_1043,Giorgio,Giorgio,PRON,PROPN,obj,obj,explicit_ref_case,
2066,921,one-to-one,dn_970,iwsk_1043,Ippolita,Ippolita,PRON,PRON,nsubj,nsubj,explicit_full,
2067,921,one-to-one,dn_970,iwsk_1043,Ippolita,Ippolita,NULL,NULL,nsubj,nsubj,zero_zero_single,
2068,921,one-to-one,dn_970,iwsk_1043,Ippolita,MISSING,PRON-REFLEX,MISSING,obj,MISSING,leftover_source,
2069,922,one-to-many,dn_971,iwsk_1044 iwsk_1045 iwsk_1046,Giorgio,Giorgio,PRON,NOUN,nsubj,nsubj,explicit_ref_case,
2070,922,one-to-many,dn_971,iwsk_1044 iwsk_1045 iwsk_1046,MISSING,Giorgio,MISSING,DET,MISSING,nmod,leftover_target,
2071,922,one-to-many,dn_971,iwsk_1044 iwsk_1045 iwsk_1046,Giorgio Ippolita,Giorgio Ippolita,NULL,NULL,nsubj,nsubj,zero_zero_single,
2072,922,one-to-many,dn_971,iwsk_1044 iwsk_1045 iwsk_1046,Ippolita,Ippolita,PRON,PRON,obj,nmod,explicit_ref_pos,
2073,922,one-to-many,dn_971,iwsk_1044 iwsk_1045 iwsk_1046,Ippolita,Ippolita,PRON,PRON,obj,nmod,explicit_ref_pos,
2074,922,one-to-many,dn_971,iwsk_1044 iwsk_1045 iwsk_1046,Ippolita,MISSING,PRON,MISSING,obj,MISSING,leftover_source,
2075,922,one-to-many,dn_971,iwsk_1044 iwsk_1045 iwsk_1046,Ippolita,MISSING,PRON,MISSING,obj,MISSING,leftover_source,
2076,923,one-to-many,dn_972,iwsk_1047 iwsk_1048,Ippolita,Ippolita,PRON,PRON,nsubj,nsubj,explicit_full,
2077,923,one-to-many,dn_972,iwsk_1047 iwsk_1048,Ippolita,Ippolita,PRON,PRON,nmod,obj,explicit_ref_pos,
2078,923,one-to-many,dn_972,iwsk_1047 iwsk_1048,MISSING,Ippolita,MISSING,NULL,MISSING,nsubj,leftover_target,
2079,925,one-to-one,dn_974,iwsk_1050,Giorgio Ippolita,Giorgio Ippolita,PRON,PRON,nsubj,nsubj,explicit_full,
2080,925,one-to-one,dn_974,iwsk_1050,Giorgio Ippolita,MISSING,PRON-REFLEX,MISSING,obj,MISSING,leftover_source,
2081,926,one-to-one,dn_975,iwsk_1051,Giorgio,Giorgio,PRON,NOUN,nsubj,nsubj,explicit_ref_case,
2082,926,one-to-one,dn_975,iwsk_1051,Giorgio,MISSING,DET,MISSING,nmod,MISSING,leftover_source,
2083,926,one-to-one,dn_975,iwsk_1051,MISSING,Giorgio,MISSING,NULL,MISSING,nsubj,leftover_target,
2084,926,one-to-one,dn_975,iwsk_1051,Ippolita,Ippolita,PRON,PRON,obj,obj,explicit_full,
2085,927,one-to-one,dn_976,iwsk_1052,Giorgio Ippolita,Giorgio Ippolita,PRON,PRON,obj,nmod,explicit_ref_pos,
2086,927,one-to-one,dn_976,iwsk_1052,Giorgio Ippolita,MISSING,NULL,MISSING,nsubj,MISSING,leftover_source,
2087,929,one-to-one,dn_978,iwsk_1054,Giorgio Ippolita,Giorgio Ippolita,DET,PROPN,nmod,nmod,explicit_ref_case,
2088,929,one-to-one,dn_978,iwsk_1054,Giorgio Ippolita,MISSING,DET,MISSING,nmod,MISSING,leftover_source,
2089,930,one-to-one,dn_979,iwsk_1055,Giorgio Ippolita,Giorgio Ippolita,DET,PRON,nmod,nmod,explicit_ref_case,
2090,931,one-to-many,dn_980,iwsk_1056 iwsk_1057,Giorgio,Giorgio,PRON,NOUN,obj,obj,explicit_ref_case,
2091,931,one-to-many,dn_980,iwsk_1056 iwsk_1057,Giorgio,Giorgio,DET,PROPN,nmod,nmod,explicit_ref_case,
2092,931,one-to-many,dn_980,iwsk_1056 iwsk_1057,Giorgio,MISSING,PRON,MISSING,obj,MISSING,leftover_source,
2093,931,one-to-many,dn_980,iwsk_1056 iwsk_1057,Ippolita,Ippolita,PRON,PRON,nsubj,nsubj,explicit_full,
2094,931,one-to-many,dn_980,iwsk_1056 iwsk_1057,Ippolita,Ippolita,PRON,PRON,nsubj,nsubj,explicit_full,
2095,931,one-to-many,dn_980,iwsk_1056 iwsk_1057,Ippolita,Ippolita,NULL,NULL,nsubj,nsubj,zero_zero_single,
2096,931,one-to-many,dn_980,iwsk_1056 iwsk_1057,Ippolita,MISSING,PRON,MISSING,obj,MISSING,leftover_source,
2097,932,one-to-many,dn_981,iwsk_1058 iwsk_1059 iwsk_1060,Giorgio,Giorgio,PRON,NOUN,nsubj,nsubj,explicit_ref_case,
2098,932,one-to-many,dn_981,iwsk_1058 iwsk_1059 iwsk_1060,Giorgio,Giorgio,PRON,NOUN,nsubj,nsubj,explicit_ref_case,
2099,932,one-to-many,dn_981,iwsk_1058 iwsk_1059 iwsk_1060,Giorgio,MISSING,PRON,MISSING,obj,MISSING,leftover_source,
2100,932,one-to-many,dn_981,iwsk_1058 iwsk_1059 iwsk_1060,Ippolita,Ippolita,PRON,PRON,nsubj,nsubj,explicit_full,
2101,932,one-to-many,dn_981,iwsk_1058 iwsk_1059 iwsk_1060,Ippolita,Ippolita,PRON,PRON,obj,obj,explicit_full,
2102,932,one-to-many,dn_981,iwsk_1058 iwsk_1059 iwsk_1060,Ippolita,MISSING,PRON,MISSING,nsubj,MISSING,leftover_source,
2103,933,one-to-many,dn_982,iwsk_1061 iwsk_1062,Giorgio,Giorgio,PRON,NOUN,nsubj,nsubj,explicit_ref_case,
2104,933,one-to-many,dn_982,iwsk_1061 iwsk_1062,Giorgio,Giorgio,NULL,NULL,nsubj,nsubj,zero_zero_semantic,0.31819720066976986
2105,933,one-to-many,dn_982,iwsk_1061 iwsk_1062,Giorgio,MISSING,NULL,MISSING,nsubj,MISSING,leftover_source,
2106,933,one-to-many,dn_982,iwsk_1061 iwsk_1062,MISSING,Giorgio,MISSING,NOUN,MISSING,obj,leftover_target,
2107,933,one-to-many,dn_982,iwsk_1061 iwsk_1062,Ippolita,Ippolita,PRON,PRON,obj,obj,explicit_full,
2108,933,one-to-many,dn_982,iwsk_1061 iwsk_1062,Ippolita,Ippolita,PRON,PRON,obj,obj,explicit_full,
2109,933,one-to-many,dn_982,iwsk_1061 iwsk_1062,Ippolita,Ippolita,PRON,PRON,obj,nsubj,explicit_ref_pos,
2110,934,one-to-one,dn_983,iwsk_1063,Giorgio,Giorgio,DET,NOUN,nmod,nmod,explicit_ref_case,
2111,934,one-to-one,dn_983,iwsk_1063,Ippolita,Ippolita,PRON,PRON,nsubj,nsubj,explicit_full,
2112,934,one-to-one,dn_983,iwsk_1063,Ippolita,Ippolita,NOUN,NOUN,pred,pred,explicit_full,
2113,935,one-to-one,dn_984,iwsk_1064,Giorgio,Giorgio,PRON,NOUN,nsubj,nsubj,explicit_ref_case,
2114,935,one-to-one,dn_984,iwsk_1064,Giorgio,Giorgio,DET,PRON,nmod,nmod,explicit_ref_case,
2115,935,one-to-one,dn_984,iwsk_1064,Giorgio,MISSING,PRON-REFLEX,MISSING,obj,MISSING,leftover_source,
2116,935,one-to-one,dn_984,iwsk_1064,Ippolita,Ippolita,PRON,PRON,obj,obj,explicit_full,
2117,936,one-to-one,dn_985,iwsk_1065,Giorgio,Giorgio,PRON,NOUN,obj,nmod,explicit_ref_only,
2118,936,one-to-one,dn_985,iwsk_1065,Ippolita,Ippolita,PRON,PRON,nsubj,nmod,explicit_ref_pos,
2119,937,one-to-one,dn_986,iwsk_1066,Giorgio,Giorgio,PRON,PRON,obj,obj,explicit_full,
2120,937,one-to-one,dn_986,iwsk_1066,Giorgio,MISSING,PRON,MISSING,obj,MISSING,leftover_source,
2121,937,one-to-one,dn_986,iwsk_1066,Ippolita,Ippolita,PRON,PRON,nsubj,nsubj,explicit_full,
2122,937,one-to-one,dn_986,iwsk_1066,Ippolita,MISSING,PRON-REFLEX,MISSING,obj,MISSING,leftover_source,
2123,937,one-to-one,dn_986,iwsk_1066,MISSING,Ippolita,MISSING,NULL,MISSING,nsubj,leftover_target,
2124,938,one-to-one,dn_987,iwsk_1067,Giorgio,Giorgio,NULL,PRON,nsubj,nsubj,zero_to_tgt_anchor,
2125,939,many-to-one,dn_988 dn_989,iwsk_1068,Giorgio,Giorgio,PRON,PRON,nsubj,nsubj,explicit_full,
2126,939,many-to-one,dn_988 dn_989,iwsk_1068,Giorgio,Giorgio,NULL,NULL,nsubj,nsubj,zero_zero_single,
2127,940,one-to-one,dn_990,iwsk_1069,MISSING,Giorgio,MISSING,NULL,MISSING,nsubj,leftover_target,
2128,941,one-to-one,dn_991,iwsk_1070,Giorgio Ippolita,Giorgio Ippolita,NULL,NOUN,nsubj,nsubj,zero_to_tgt_anchor,
2129,942,one-to-many,dn_992,iwsk_1071 iwsk_1072 iwsk_1073,Giorgio Ippolita,Giorgio Ippolita,DET,NOUN,nmod,nmod,explicit_ref_case,
2130,942,one-to-many,dn_992,iwsk_1071 iwsk_1072 iwsk_1073,Giorgio Ippolita,Giorgio Ippolita,NULL,NULL,nsubj,nsubj,zero_zero_semantic,0.39448938133008554
2131,942,one-to-many,dn_992,iwsk_1071 iwsk_1072 iwsk_1073,Giorgio Ippolita,Giorgio Ippolita,NULL,NULL,nsubj,nsubj,zero_zero_semantic,0.06365370819969961
2132,942,one-to-many,dn_992,iwsk_1071 iwsk_1072 iwsk_1073,Giorgio Ippolita,Giorgio Ippolita,NULL,NULL,nsubj,nsubj,zero_zero_semantic,0.5536438554650196
2133,942,one-to-many,dn_992,iwsk_1071 iwsk_1072 iwsk_1073,Giorgio Ippolita,Giorgio Ippolita,NULL,NULL,nsubj,nsubj,zero_zero_semantic,0.13126199148925216
2134,942,one-to-many,dn_992,iwsk_1071 iwsk_1072 iwsk_1073,Giorgio Ippolita,Giorgio Ippolita,NULL,NULL,nsubj,nsubj,zero_zero_semantic,0.4177405433524972
2135,942,one-to-many,dn_992,iwsk_1071 iwsk_1072 iwsk_1073,Giorgio Ippolita,Giorgio Ippolita,NULL,NOUN,nsubj,nsubj,zero_to_tgt_anchor,
2136,942,one-to-many,dn_992,iwsk_1071 iwsk_1072 iwsk_1073,Giorgio Ippolita,MISSING,PRON-REFLEX,MISSING,obj,MISSING,leftover_source,
2137,942,one-to-many,dn_992,iwsk_1071 iwsk_1072 iwsk_1073,Giorgio Ippolita,MISSING,PRON-REFLEX,MISSING,obj,MISSING,leftover_source,
2138,942,one-to-many,dn_992,iwsk_1071 iwsk_1072 iwsk_1073,Giorgio Ippolita,MISSING,PRON-REFLEX,MISSING,obj,MISSING,leftover_source,
2139,942,one-to-many,dn_992,iwsk_1071 iwsk_1072 iwsk_1073,Giorgio Ippolita,MISSING,PRON-REFLEX,MISSING,obj,MISSING,leftover_source,
2140,942,one-to-many,dn_992,iwsk_1071 iwsk_1072 iwsk_1073,MISSING,Giorgio Ippolita,MISSING,NOUN,MISSING,nsubj,leftover_target,
2141,943,one-to-one,dn_993,iwsk_1074,Giorgio,MISSING,PRON,MISSING,obj,MISSING,leftover_source,
2142,943,one-to-one,dn_993,iwsk_1074,Giorgio Ippolita,Giorgio Ippolita,NULL,NULL,nsubj,nsubj,zero_zero_semantic,0.5661539863163766
2143,943,one-to-one,dn_993,iwsk_1074,Giorgio Ippolita,MISSING,DET,MISSING,nmod,MISSING,leftover_source,
2144,943,one-to-one,dn_993,iwsk_1074,MISSING,Giorgio Ippolita,MISSING,NULL,MISSING,nsubj,leftover_target,
2145,943,one-to-one,dn_993,iwsk_1074,MISSING,Giorgio Ippolita,MISSING,NULL,MISSING,nsubj,leftover_target,
2146,943,one-to-one,dn_993,iwsk_1074,MISSING,Giorgio Ippolita,MISSING,NULL,MISSING,nsubj,leftover_target,
2147,943,one-to-one,dn_993,iwsk_1074,Ippolita,MISSING,PRON,MISSING,obj,MISSING,leftover_source,
2148,944,many-to-one,dn_994 dn_995,iwsk_1075,Giorgio Ippolita,Giorgio Ippolita,NULL,NULL,nsubj,nsubj,zero_zero_semantic,0.4300516829738077
2149,944,many-to-one,dn_994 dn_995,iwsk_1075,MISSING,Giorgio Ippolita,MISSING,PRON,MISSING,nsubj,leftover_target,
2150,944,many-to-one,dn_994 dn_995,iwsk_1075,MISSING,Giorgio Ippolita,MISSING,NULL,MISSING,nsubj,leftover_target,
2151,944,many-to-one,dn_994 dn_995,iwsk_1075,Ippolita,MISSING,NULL,MISSING,nsubj,MISSING,leftover_source,
2152,944,many-to-one,dn_994 dn_995,iwsk_1075,Ippolita,MISSING,PROPN,MISSING,nsubj,MISSING,leftover_source,
2153,945,many-to-one,dn_996 dn_997,iwsk_1076,Giorgio,Giorgio,NULL,NULL,nsubj,nsubj,zero_zero_semantic,0.170969905597823
2154,945,many-to-one,dn_996 dn_997,iwsk_1076,Giorgio,Giorgio,NULL,NULL,nsubj,nsubj,zero_zero_semantic,0.37458921708118653
2155,945,many-to-one,dn_996 dn_997,iwsk_1076,Giorgio,MISSING,PRON-REFLEX,MISSING,obj,MISSING,leftover_source,
2156,945,many-to-one,dn_996 dn_997,iwsk_1076,Giorgio,MISSING,PROPN,MISSING,nsubj,MISSING,leftover_source,
2157,945,many-to-one,dn_996 dn_997,iwsk_1076,Giorgio,MISSING,PRON-REFLEX,MISSING,obj,MISSING,leftover_source,
2158,945,many-to-one,dn_996 dn_997,iwsk_1076,Giorgio,MISSING,NULL,MISSING,nsubj,MISSING,leftover_source,
2159,945,many-to-one,dn_996 dn_997,iwsk_1076,Ippolita,Ippolita,DET,PRON,nmod,nmod,explicit_ref_case,
2160,945,many-to-one,dn_996 dn_997,iwsk_1076,Ippolita,MISSING,PRON,MISSING,obj,MISSING,leftover_source,
2161,946,one-to-one,dn_998,iwsk_1077,Ippolita,Ippolita,PRON,PROPN,nsubj,nsubj,explicit_ref_case,
2162,947,one-to-one,dn_999,iwsk_1078,Giorgio,MISSING,PRON,MISSING,obj,MISSING,leftover_source,
2163,948,one-to-one,dn_1000,iwsk_1079,Giorgio,MISSING,PRON,MISSING,obj,MISSING,leftover_source,
2164,948,one-to-one,dn_1000,iwsk_1079,Ippolita,Ippolita,NULL,NULL,nsubj,nsubj,zero_zero_single,
2165,948,one-to-one,dn_1000,iwsk_1079,MISSING,Ippolita,MISSING,PRON,MISSING,nsubj,leftover_target,
2166,949,one-to-one,dn_1001,iwsk_1080,Giorgio,Giorgio,PRON,PRON,nsubj,nsubj,explicit_full,
2167,949,one-to-one,dn_1001,iwsk_1080,Ippolita,Ippolita,PRON,DET,obj,nmod,explicit_ref_only,
2168,950,one-to-one,dn_1002,iwsk_1081,Giorgio,Giorgio,PRON,PRON,obj,nmod,explicit_ref_pos,
2169,950,one-to-one,dn_1002,iwsk_1081,Ippolita,Ippolita,PRON,PRON,nsubj,nsubj,explicit_full,
2170,951,one-to-one,dn_1004,iwsk_1082,Giorgio,Giorgio,PRON,PRON,nsubj,nmod,explicit_ref_pos,
2171,952,one-to-one,dn_1005,iwsk_1083,Giorgio,Giorgio,PRON,PRON,obj,nmod,explicit_ref_pos,
2172,952,one-to-one,dn_1005,iwsk_1083,MISSING,Giorgio,MISSING,DET,MISSING,nmod,leftover_target,
2173,952,one-to-one,dn_1005,iwsk_1083,Ippolita,Ippolita,NULL,PRON,nsubj,nsubj,zero_to_tgt_anchor,
2174,953,one-to-one,dn_1006,iwsk_1084,Giorgio,Giorgio,PRON,NOUN,obj,nmod,explicit_ref_only,
2175,953,one-to-one,dn_1006,iwsk_1084,Giorgio,MISSING,PRON,MISSING,obj,MISSING,leftover_source,
2176,953,one-to-one,dn_1006,iwsk_1084,Ippolita,Ippolita,NULL,NULL,nsubj,nsubj,zero_zero_semantic,0.5804040688646452
2177,953,one-to-one,dn_1006,iwsk_1084,Ippolita,Ippolita,NULL,NULL,nsubj,nsubj,zero_zero_semantic,0.40364984190043773
2178,953,one-to-one,dn_1006,iwsk_1084,Ippolita,MISSING,PRON-REFLEX,MISSING,obj,MISSING,leftover_source,
2179,953,one-to-one,dn_1006,iwsk_1084,MISSING,Ippolita,MISSING,NULL,MISSING,nsubj,leftover_target,
2180,953,one-to-one,dn_1006,iwsk_1084,MISSING,Ippolita,MISSING,PRON,MISSING,nmod,leftover_target,
2181,954,one-to-one,dn_1007,iwsk_1085,Giorgio,Giorgio,PRON,PRON,nsubj,nsubj,explicit_full,
2182,954,one-to-one,dn_1007,iwsk_1085,MISSING,Giorgio,MISSING,NULL,MISSING,nsubj,leftover_target,
2183,954,one-to-one,dn_1007,iwsk_1085,Ippolita,Ippolita,PRON,PRON,nmod,nmod,explicit_full,
2184,955,one-to-one,dn_1008 dn_1009,iwsk_1086 iwsk_1087,Ippolita,Ippolita,PRON,PRON,nsubj,nsubj,explicit_full,
2185,955,one-to-one,dn_1008 dn_1009,iwsk_1086 iwsk_1087,Ippolita,Ippolita,NULL,NULL,nsubj,nsubj,zero_zero_semantic,0.48824426771850593
2186,955,one-to-one,dn_1008 dn_1009,iwsk_1086 iwsk_1087,MISSING,Ippolita,MISSING,DET,MISSING,nmod,leftover_target,
2187,955,one-to-one,dn_1008 dn_1009,iwsk_1086 iwsk_1087,MISSING,Ippolita,MISSING,NULL,MISSING,nsubj,leftover_target,
2188,956,one-to-one,dn_1010,iwsk_1088,Giorgio Ippolita,Giorgio Ippolita,PRON,NOUN,nsubj,nsubj,explicit_ref_case,
2189,956,one-to-one,dn_1010,iwsk_1088,MISSING,Giorgio Ippolita,MISSING,NULL,MISSING,nsubj,leftover_target,
2190,956,one-to-one,dn_1010,iwsk_1088,MISSING,Giorgio Ippolita,MISSING,NULL,MISSING,nsubj,leftover_target,
2191,957,one-to-one,dn_1011,iwsk_1089,Giorgio Ippolita,Giorgio Ippolita,PRON,NOUN,obj,obj,explicit_ref_case,
2192,958,one-to-one,dn_1012,iwsk_1090,Giorgio Ippolita,Giorgio Ippolita,NULL,NULL,nsubj,nsubj,zero_zero_single,
2193,958,one-to-one,dn_1012,iwsk_1090,Giorgio Ippolita,MISSING,PRON-REFLEX,MISSING,obj,MISSING,leftover_source,
2194,958,one-to-one,dn_1012,iwsk_1090,MISSING,Giorgio Ippolita,MISSING,PROPN,MISSING,nsubj,leftover_target,
2195,959,one-to-one,dn_1013,iwsk_1091,Ippolita,Ippolita,PRON,PRON,nsubj,nsubj,explicit_full,
2196,959,one-to-one,dn_1013,iwsk_1091,MISSING,Ippolita,MISSING,NULL,MISSING,nsubj,leftover_target,
2197,960,one-to-many,dn_1014,iwsk_1092 iwsk_1093,Giorgio Ippolita,Giorgio Ippolita,NULL,NULL,nsubj,nsubj,zero_zero_semantic,0.39938105787936745
2198,960,one-to-many,dn_1014,iwsk_1092 iwsk_1093,Giorgio Ippolita,Giorgio Ippolita,NULL,NOUN,nsubj,nsubj,zero_to_tgt_anchor,
2199,960,one-to-many,dn_1014,iwsk_1092 iwsk_1093,Giorgio Ippolita,MISSING,PRON-REFLEX,MISSING,obj,MISSING,leftover_source,
2200,961,one-to-one,dn_1015,iwsk_1094,Giorgio Ippolita,Giorgio Ippolita,NULL,NOUN,nsubj,nsubj,zero_to_tgt_anchor,
2201,961,one-to-one,dn_1015,iwsk_1094,Ippolita,Ippolita,PRON,PRON,nsubj,nsubj,explicit_full,
2202,961,one-to-one,dn_1015,iwsk_1094,Ippolita,MISSING,PRON,MISSING,obj,MISSING,leftover_source,
2203,961,one-to-one,dn_1015,iwsk_1094,MISSING,Ippolita,MISSING,NULL,MISSING,nsubj,leftover_target,
2204,961,one-to-one,dn_1015,iwsk_1094,MISSING,Ippolita,MISSING,NULL,MISSING,nsubj,leftover_target,
2205,962,one-to-one,dn_1016,iwsk_1095,Giorgio,Giorgio,PROPN,PROPN,obj,nmod,explicit_ref_pos,
2206,962,one-to-one,dn_1016,iwsk_1095,Giorgio,Giorgio,PRON,PRON,obj,nmod,explicit_ref_pos,
2207,963,one-to-many,dn_1017,iwsk_1096 iwsk_1097,Giorgio,Giorgio,PRON,PRON,nsubj,nsubj,explicit_full,
2208,963,one-to-many,dn_1017,iwsk_1096 iwsk_1097,Giorgio,Giorgio,NULL,NULL,nsubj,nsubj,zero_zero_semantic,0.6051224543804935
2209,963,one-to-many,dn_1017,iwsk_1096 iwsk_1097,Giorgio,Giorgio,NULL,NULL,nsubj,nsubj,zero_zero_semantic,0.27888793693370567
2210,963,one-to-many,dn_1017,iwsk_1096 iwsk_1097,Giorgio,MISSING,PRON-REFLEX,MISSING,obj,MISSING,leftover_source,
2211,963,one-to-many,dn_1017,iwsk_1096 iwsk_1097,Ippolita,Ippolita,PRON,PRON,obj,nmod,explicit_ref_pos,
2212,963,one-to-many,dn_1017,iwsk_1096 iwsk_1097,Ippolita,Ippolita,PRON,PRON,obj,nmod,explicit_ref_pos,
2213,964,one-to-many,dn_1018,iwsk_1098 iwsk_1099,Ippolita,Ippolita,PRON,PRON,nmod,nmod,explicit_full,
2214,964,one-to-many,dn_1018,iwsk_1098 iwsk_1099,Ippolita,Ippolita,PRON,PRON,nsubj,nsubj,explicit_full,
2215,966,one-to-many,dn_1020,iwsk_1101 iwsk_1102,Giorgio Ippolita,Giorgio Ippolita,PRON,PRON,nsubj,nsubj,explicit_full,
2216,966,one-to-many,dn_1020,iwsk_1101 iwsk_1102,Giorgio Ippolita,Giorgio Ippolita,NULL,NULL,nsubj,nsubj,zero_zero_single,
2217,968,one-to-one,dn_1022,iwsk_1104,Ippolita,Ippolita,PRON,PRON,nsubj,nsubj,explicit_full,
2218,968,one-to-one,dn_1022,iwsk_1104,MISSING,Ippolita,MISSING,NULL,MISSING,nsubj,leftover_target,
2219,970,one-to-one,dn_1024,iwsk_1106,MISSING,Giorgio,MISSING,NOUN,MISSING,nmod,leftover_target,
2220,970,one-to-one,dn_1024,iwsk_1106,Ippolita,Ippolita,PROPN,PRON,nsubj,nsubj,explicit_ref_case,
2221,970,one-to-one,dn_1024,iwsk_1106,Ippolita,MISSING,NULL,MISSING,nsubj,MISSING,leftover_source,
2222,971,one-to-one,dn_1025,iwsk_1107,Giorgio Ippolita,MISSING,NULL,MISSING,nsubj,MISSING,leftover_source,
2223,971,one-to-one,dn_1025,iwsk_1107,MISSING,Giorgio Ippolita,MISSING,NOUN,MISSING,obj,leftover_target,
2224,972,one-to-one,dn_1026,iwsk_1108,Giorgio Ippolita,MISSING,PRON,MISSING,obj,MISSING,leftover_source,
2225,972,one-to-one,dn_1026,iwsk_1108,MISSING,Giorgio Ippolita,MISSING,NULL,MISSING,nsubj,leftover_target,
2226,972,one-to-one,dn_1026,iwsk_1108,UNKNOWN,MISSING,NULL,MISSING,nsubj,MISSING,leftover_source,
2227,973,one-to-one,dn_1027,iwsk_1109,Giorgio,Giorgio,PROPN,PROPN,nmod,nmod,explicit_full,
2228,973,one-to-one,dn_1027,iwsk_1109,Ippolita,Ippolita,NULL,NULL,nsubj,nsubj,zero_zero_semantic,0.3803998073322848
2229,973,one-to-one,dn_1027,iwsk_1109,Ippolita,Ippolita,NULL,NULL,nsubj,nsubj,zero_zero_semantic,0.26257303723163306
2230,973,one-to-one,dn_1027,iwsk_1109,Ippolita,MISSING,PRON-REFLEX,MISSING,obj,MISSING,leftover_source,
2231,973,one-to-one,dn_1027,iwsk_1109,Ippolita,MISSING,PRON-REFLEX,MISSING,obj,MISSING,leftover_source,
2232,973,one-to-one,dn_1027,iwsk_1109,MISSING,Ippolita,MISSING,PRON,MISSING,nsubj,leftover_target,
2233,975,one-to-one,dn_1029,iwsk_1111,Giorgio Ippolita,Giorgio Ippolita,NULL,NULL,nsubj,nsubj,zero_zero_semantic,0.5377382455470925
2234,975,one-to-one,dn_1029,iwsk_1111,Giorgio Ippolita,Giorgio Ippolita,NULL,NULL,nsubj,nsubj,zero_zero_semantic,0.0629447757373757
2235,975,one-to-one,dn_1029,iwsk_1111,MISSING,Giorgio Ippolita,MISSING,NULL,MISSING,nsubj,leftover_target,
2236,976,one-to-one,dn_1030,iwsk_1112,Giorgio Ippolita,Giorgio Ippolita,PRON,NOUN,nsubj,nsubj,explicit_ref_case,
2237,976,one-to-one,dn_1030,iwsk_1112,Giorgio Ippolita,MISSING,NULL,MISSING,nsubj,MISSING,leftover_source,
2238,976,one-to-one,dn_1030,iwsk_1112,MISSING,Ippolita,MISSING,NULL,MISSING,nsubj,leftover_target,
2239,976,one-to-one,dn_1030,iwsk_1112,MISSING,Ippolita,MISSING,NULL,MISSING,nsubj,leftover_target,
2240,977,one-to-one,dn_1031,iwsk_1113,Giorgio Ippolita,Giorgio Ippolita,NULL,NULL,nsubj,nsubj,zero_zero_semantic,0.5007837895642627
2241,977,one-to-one,dn_1031,iwsk_1113,Giorgio Ippolita,MISSING,PRON-REFLEX,MISSING,obj,MISSING,leftover_source,
2242,977,one-to-one,dn_1031,iwsk_1113,MISSING,Giorgio Ippolita,MISSING,NULL,MISSING,nsubj,leftover_target,
2243,977,one-to-one,dn_1031,iwsk_1113,MISSING,Giorgio Ippolita,MISSING,NULL,MISSING,nsubj,leftover_target,
2244,978,one-to-one,dn_1032,iwsk_1114,Giorgio Ippolita,Giorgio Ippolita,NULL,NULL,nsubj,nsubj,zero_zero_semantic,0.28361099460755534
2245,978,one-to-one,dn_1032,iwsk_1114,MISSING,Giorgio Ippolita,MISSING,NULL,MISSING,nsubj,leftover_target,
2246,979,one-to-one,dn_1033,iwsk_1115,Giorgio Ippolita,Giorgio Ippolita,NULL,NOUN,nsubj,nsubj,zero_to_tgt_anchor,
2247,980,one-to-one,dn_1034,iwsk_1116,Giorgio Ippolita,Giorgio Ippolita,DET,PROPN,nmod,nmod,explicit_ref_case,
2248,980,one-to-one,dn_1034,iwsk_1116,Giorgio Ippolita,Giorgio Ippolita,NULL,NULL,nsubj,nsubj,zero_zero_semantic,0.45473236780045395
2249,980,one-to-one,dn_1034,iwsk_1116,MISSING,Giorgio Ippolita,MISSING,NULL,MISSING,nsubj,leftover_target,
2250,980,one-to-one,dn_1034,iwsk_1116,MISSING,Giorgio Ippolita,MISSING,NULL,MISSING,nsubj,leftover_target,
2251,981,one-to-one,dn_1035,iwsk_1117,Ippolita,MISSING,NULL,MISSING,nsubj,MISSING,leftover_source,
2252,982,one-to-one,dn_1036,iwsk_1118,Giorgio,Giorgio,PROPN,PROPN,nsubj,nsubj,explicit_full,
2253,982,one-to-one,dn_1036,iwsk_1118,MISSING,Giorgio,MISSING,NULL,MISSING,nsubj,leftover_target,
2254,983,one-to-one,dn_1037,iwsk_1119,Ippolita,Ippolita,PRON,PRON,nsubj,nsubj,explicit_full,
2255,983,one-to-one,dn_1037,iwsk_1119,Ippolita,Ippolita,NULL,PRON,nsubj,nsubj,zero_to_tgt_anchor,
2256,983,one-to-one,dn_1037,iwsk_1119,Ippolita,MISSING,PRON-REFLEX,MISSING,obj,MISSING,leftover_source,
2257,984,one-to-one,dn_1038,iwsk_1120,Giorgio Ippolita,Giorgio Ippolita,PRON,NOUN,obj,obj,explicit_ref_case,
2258,984,one-to-one,dn_1038,iwsk_1120,Giorgio Ippolita,MISSING,DET,MISSING,nmod,MISSING,leftover_source,
2259,984,one-to-one,dn_1038,iwsk_1120,Giorgio Ippolita,MISSING,DET,MISSING,obj,MISSING,leftover_source,
2260,986,one-to-many,dn_1040,iwsk_1122 iwsk_1124,Ippolita,Ippolita,PROPN,PROPN,nsubj,nsubj,explicit_full,
2261,986,one-to-many,dn_1040,iwsk_1122 iwsk_1124,MISSING,Ippolita,MISSING,NULL,MISSING,nsubj,leftover_target,
2262,987,one-to-one,dn_1041,iwsk_1123,Giorgio Ippolita,Giorgio Ippolita,NULL,PRON,nsubj,nsubj,zero_to_tgt_anchor,
2263,988,one-to-one,dn_1042,iwsk_1125,Ippolita,Ippolita,PRON,PRON,nsubj,nmod,explicit_ref_pos,
2264,989,one-to-one,dn_1043,iwsk_1126,Ippolita,Ippolita,NULL,NULL,nsubj,nsubj,zero_zero_semantic,0.6779902898409265
2265,989,one-to-one,dn_1043,iwsk_1126,Ippolita,Ippolita,NULL,NULL,nsubj,nsubj,zero_zero_semantic,0.30909420471801224
2266,989,one-to-one,dn_1043,iwsk_1126,MISSING,Ippolita,MISSING,PRON,MISSING,nsubj,leftover_target,
2267,990,one-to-one,dn_1044,iwsk_1127,Giorgio,Giorgio,PROPN,PROPN,nsubj,nsubj,explicit_full,
2268,990,one-to-one,dn_1044,iwsk_1127,MISSING,Giorgio,MISSING,PRON,MISSING,nmod,leftover_target,
2269,990,one-to-one,dn_1044,iwsk_1127,Ippolita,Ippolita,PRON,PRON,obj,nmod,explicit_ref_pos,
2270,991,one-to-many,dn_1045,iwsk_1128 iwsk_1129,Giorgio,Giorgio,PRON,PRON,nsubj,nsubj,explicit_full,
2271,991,one-to-many,dn_1045,iwsk_1128 iwsk_1129,Giorgio,Giorgio,NULL,NULL,nsubj,nsubj,zero_zero_semantic,0.2651204732406971
2272,991,one-to-many,dn_1045,iwsk_1128 iwsk_1129,Giorgio,MISSING,PRON,MISSING,obj,MISSING,leftover_source,
2273,991,one-to-many,dn_1045,iwsk_1128 iwsk_1129,MISSING,Giorgio,MISSING,NULL,MISSING,nsubj,leftover_target,
2274,991,one-to-many,dn_1045,iwsk_1128 iwsk_1129,MISSING,Giorgio,MISSING,NULL,MISSING,nsubj,leftover_target,
2275,991,one-to-many,dn_1045,iwsk_1128 iwsk_1129,Ippolita,Ippolita,PRON,PRON,obj,obj,explicit_full,
2276,992,one-to-one,dn_1046,iwsk_1130,Giorgio,Giorgio,NULL,NULL,nsubj,nsubj,zero_zero_single,
2277,993,one-to-one,dn_1047,iwsk_1131,Giorgio,MISSING,PRON,MISSING,obj,MISSING,leftover_source,
2278,993,one-to-one,dn_1047,iwsk_1131,Ippolita,Ippolita,PROPN,PROPN,nsubj,nsubj,explicit_full,
2279,994,one-to-one,dn_1048,iwsk_1132,Ippolita,Ippolita,PRON,PRON,obj,nmod,explicit_ref_pos,
2280,995,one-to-one,dn_1049,iwsk_1133,Giorgio,Giorgio,PRON,PRON,nsubj,nsubj,explicit_full,
2281,995,one-to-one,dn_1049,iwsk_1133,Ippolita,Ippolita,PRON,PRON,obj,nmod,explicit_ref_pos,
2282,996,one-to-one,dn_1050,iwsk_1134,Giorgio,Giorgio,PRON,PRON,obj,obj,explicit_full,
2283,996,one-to-one,dn_1050,iwsk_1134,Ippolita,Ippolita,PRON,PRON,nsubj,nsubj,explicit_full,
2284,996,one-to-one,dn_1050,iwsk_1134,Ippolita,MISSING,PRON-REFLEX,MISSING,obj,MISSING,leftover_source,
2285,996,one-to-one,dn_1050,iwsk_1134,Ippolita,MISSING,DET,MISSING,nmod,MISSING,leftover_source,
2286,996,one-to-one,dn_1050,iwsk_1134,Ippolita,MISSING,NULL,MISSING,nsubj,MISSING,leftover_source,
2287,996,one-to-one,dn_1050,iwsk_1134,MISSING,Ippolita Ippolitas-husband,MISSING,NOUN,MISSING,obj,leftover_target,
2288,996,one-to-one,dn_1050,iwsk_1134,Ippolitas-husband,Ippolitas-husband,NOUN,NOUN,obj,obj,explicit_full,
2289,997,one-to-one,dn_1051,iwsk_1135,Ippolita,Ippolita,PRON,NULL,nsubj,nsubj,zero_to_src_anchor,
2290,998,one-to-one,dn_1052,iwsk_1136,Ippolita,Ippolita,NULL,NULL,nsubj,nsubj,zero_zero_semantic,0.5264371509993628
2291,998,one-to-one,dn_1052,iwsk_1136,Ippolita,Ippolita,PRON,NULL,nsubj,nsubj,zero_to_src_anchor,
2292,998,one-to-one,dn_1052,iwsk_1136,Ippolita,MISSING,PRON-REFLEX,MISSING,obj,MISSING,leftover_source,
2293,1000,one-to-one,dn_1054,iwsk_1138,Ippolita,Ippolita,PRON,PRON,obj,obj,explicit_full,
2294,1001,one-to-one,dn_1055,iwsk_1139,Giorgio,Giorgio,PRON,PRON,nsubj,nmod,explicit_ref_pos,
2295,1004,one-to-many,dn_1058,iwsk_1142 iwsk_1143,Giorgio,Giorgio,NOUN,PRON,nsubj,nsubj,explicit_ref_case,
2296,1004,one-to-many,dn_1058,iwsk_1142 iwsk_1143,Giorgio,MISSING,NULL,MISSING,nsubj,MISSING,leftover_source,
2297,1004,one-to-many,dn_1058,iwsk_1142 iwsk_1143,MISSING,Giorgio,MISSING,NOUN,MISSING,obj,leftover_target,
2298,1004,one-to-many,dn_1058,iwsk_1142 iwsk_1143,Ippolita,Ippolita,PROPN,PROPN,nsubj,nsubj,explicit_full,
2299,1005,one-to-many,dn_1059,iwsk_1144 iwsk_1146,Giorgio,Giorgio,PRON,DET,obj,nmod,explicit_ref_only,
2300,1005,one-to-many,dn_1059,iwsk_1144 iwsk_1146,Giorgio,MISSING,PRON,MISSING,obj,MISSING,leftover_source,
2301,1005,one-to-many,dn_1059,iwsk_1144 iwsk_1146,Ippolita,Ippolita,PRON,PRON,nsubj,nsubj,explicit_full,
2302,1005,one-to-many,dn_1059,iwsk_1144 iwsk_1146,MISSING,Ippolita,MISSING,NULL,MISSING,nsubj,leftover_target,
2303,1006,one-to-one,dn_1060,iwsk_1145,Giorgio,Giorgio,PRON,NULL,nsubj,nsubj,zero_to_src_anchor,
2304,1007,one-to-one,dn_1061,iwsk_1147,Giorgio,Giorgio,PRON,PRON,nsubj,nsubj,explicit_full,
2305,1007,one-to-one,dn_1061,iwsk_1147,Giorgio,Giorgio,NULL,NULL,nsubj,nsubj,zero_zero_single,
2306,1007,one-to-one,dn_1061,iwsk_1147,Ippolita,Ippolita,PRON,PRON,obj,obj,explicit_full,
2307,1008,one-to-many,dn_1062,iwsk_1148 iwsk_1149,Giorgio,Giorgio,PRON,NULL,nsubj,nsubj,zero_to_src_anchor,
2308,1008,one-to-many,dn_1062,iwsk_1148 iwsk_1149,Giorgio,MISSING,PRON,MISSING,obj,MISSING,leftover_source,
2309,1008,one-to-many,dn_1062,iwsk_1148 iwsk_1149,Ippolita,Ippolita,PRON,PRON,nsubj,nsubj,explicit_full,
2310,1008,one-to-many,dn_1062,iwsk_1148 iwsk_1149,Ippolita,Ippolita,NULL,PRON,nsubj,nsubj,zero_to_tgt_anchor,
2311,1009,one-to-many,dn_1063,iwsk_1150 iwsk_1151,Giorgio,Giorgio,PRON,PRON,obj,nmod,explicit_ref_pos,
2312,1009,one-to-many,dn_1063,iwsk_1150 iwsk_1151,Ippolita,Ippolita,NULL,NULL,nsubj,nsubj,zero_zero_semantic,0.27283647100427255
2313,1009,one-to-many,dn_1063,iwsk_1150 iwsk_1151,Ippolita,Ippolita,NULL,NULL,nsubj,nsubj,zero_zero_semantic,0.5104669326768554
2314,1009,one-to-many,dn_1063,iwsk_1150 iwsk_1151,Ippolita,Ippolita,NULL,PRON,nsubj,nsubj,zero_to_tgt_anchor,
2315,1009,one-to-many,dn_1063,iwsk_1150 iwsk_1151,MISSING,Ippolita,MISSING,PRON,MISSING,nsubj,leftover_target,
2316,1010,one-to-one,dn_1064,iwsk_1152,MISSING,Giorgio Ippolita,MISSING,NULL,MISSING,nsubj,leftover_target,
2317,1011,one-to-one,dn_1065,iwsk_1153,Ippolita,Ippolita,NULL,NULL,nsubj,nsubj,zero_zero_semantic,0.3204315646392543
2318,1011,one-to-one,dn_1065,iwsk_1153,MISSING,Ippolita,MISSING,PRON,MISSING,nsubj,leftover_target,
2319,1011,one-to-one,dn_1065,iwsk_1153,MISSING,Ippolita,MISSING,NULL,MISSING,nsubj,leftover_target,
2320,1011,one-to-one,dn_1065,iwsk_1153,MISSING,Ippolita,MISSING,NULL,MISSING,nsubj,leftover_target,
2321,1012,one-to-one,dn_1066,iwsk_1154,Giorgio,Giorgio,NOUN,PRON,vocative,vocative,explicit_ref_case,
2322,1013,one-to-one,dn_1067,iwsk_1155,MISSING,Giorgio Ippolita,MISSING,NULL,MISSING,nsubj,leftover_target,
2323,1014,one-to-one,dn_1068,iwsk_1156,Giorgio,Giorgio,PRON,PROPN,obj,nmod,explicit_ref_only,
2324,1014,one-to-one,dn_1068,iwsk_1156,Ippolita,Ippolita,PRON,PRON,nsubj,nsubj,explicit_full,
2325,1014,one-to-one,dn_1068,iwsk_1156,Ippolita,MISSING,PRON-REFLEX,MISSING,obj,MISSING,leftover_source,
2326,1014,one-to-one,dn_1068,iwsk_1156,MISSING,Ippolita,MISSING,NULL,MISSING,nsubj,leftover_target,
2327,1015,one-to-one,dn_1069,iwsk_1157,Ippolita,Ippolita,NULL,NULL,nsubj,nsubj,zero_zero_semantic,0.37787038286526997
2328,1015,one-to-one,dn_1069,iwsk_1157,Ippolita,Ippolita,NULL,NULL,nsubj,nsubj,zero_zero_semantic,0.3501353487823949
2329,1017,one-to-one,dn_1071,iwsk_1159,Giorgio,Giorgio,NOUN,NOUN,vocative,vocative,explicit_full,
2330,1018,one-to-one,dn_1072,iwsk_1160,MISSING,Giorgio Ippolita,MISSING,PRON,MISSING,nmod,leftover_target,
2331,1019,one-to-one,dn_1073,iwsk_1161,Giorgio Ippolita,Giorgio Ippolita,NULL,PRON,nsubj,nsubj,zero_to_tgt_anchor,
2332,1020,one-to-one,dn_1074,iwsk_1162,Giorgio,Giorgio,PRON,PROPN,nsubj,nsubj,explicit_ref_case,
2333,1020,one-to-one,dn_1074,iwsk_1162,Giorgio,MISSING,PRON,MISSING,obj,MISSING,leftover_source,
2334,1020,one-to-one,dn_1074,iwsk_1162,MISSING,Ippolita,MISSING,PRON,MISSING,nmod,leftover_target,
2335,1021,one-to-one,dn_1075,iwsk_1163,Giorgio,Giorgio,NULL,NULL,nsubj,nsubj,zero_zero_single,
2336,1021,one-to-one,dn_1075,iwsk_1163,Giorgio,MISSING,PRON-REFLEX,MISSING,obj,MISSING,leftover_source,
2337,1024,one-to-one,dn_1079,iwsk_1166,Giorgio Ippolita,Giorgio Ippolita,NULL,PRON,nsubj,nsubj,zero_to_tgt_anchor,
2338,1025,one-to-many,dn_1080,iwsk_1167 iwsk_1168,Giorgio,Giorgio,PROPN,PROPN,nsubj,nsubj,explicit_full,
2339,1025,one-to-many,dn_1080,iwsk_1167 iwsk_1168,Giorgio,MISSING,PRON,MISSING,nmod,MISSING,leftover_source,
2340,1025,one-to-many,dn_1080,iwsk_1167 iwsk_1168,Giorgio,MISSING,PRON,MISSING,obj,MISSING,leftover_source,
2341,1025,one-to-many,dn_1080,iwsk_1167 iwsk_1168,Ippolita,Ippolita,NOUN,NOUN,nmod,nmod,explicit_full,
2342,1026,one-to-one,dn_1081,iwsk_1169,Giorgio,MISSING,PRON,MISSING,obj,MISSING,leftover_source,
2343,1028,one-to-one,dn_1083,iwsk_1171,Giorgio Ippolita,Giorgio Ippolita,NULL,NULL,nsubj,nsubj,zero_zero_single,
2344,1029,one-to-one,dn_1084,iwsk_1172,Giorgio,Giorgio,PRON,PRON,nsubj,nsubj,explicit_full,
2345,1029,one-to-one,dn_1084,iwsk_1172,Giorgio,Giorgio,NULL,NULL,nsubj,nsubj,zero_zero_single,
2346,1030,one-to-many,dn_1085,iwsk_1173 iwsk_1174,Giorgio,Giorgio,DET,PRON,nmod,nmod,explicit_ref_case,
2347,1030,one-to-many,dn_1085,iwsk_1173 iwsk_1174,Giorgio,Giorgio,DET,PRON,nmod,nsubj,explicit_ref_only,
2348,1030,one-to-many,dn_1085,iwsk_1173 iwsk_1174,Giorgio,Giorgio,NULL,NULL,nsubj,nsubj,zero_zero_semantic,0.3106641300980637
2349,1030,one-to-many,dn_1085,iwsk_1173 iwsk_1174,MISSING,Giorgio,MISSING,NULL,MISSING,nsubj,leftover_target,
2350,1030,one-to-many,dn_1085,iwsk_1173 iwsk_1174,MISSING,Giorgio,MISSING,NULL,MISSING,nsubj,leftover_target,
2351,1030,one-to-many,dn_1085,iwsk_1173 iwsk_1174,MISSING,Giorgio,MISSING,NULL,MISSING,nsubj,leftover_target,
2352,1031,one-to-one,dn_1086,iwsk_1175,Giorgio,Giorgio,PRON,PRON,obj,obj,explicit_full,
2353,1031,one-to-one,dn_1086,iwsk_1175,Giorgio,Giorgio,PRON,PRON,obj,nmod,explicit_ref_pos,
2354,1035,one-to-one,dn_1090,iwsk_1183,Ippolita,MISSING,PRON,MISSING,obj,MISSING,leftover_source,
2355,1036,one-to-many,dn_1091,iwsk_1184 iwsk_1186,Ippolita,Ippolita,PROPN,PROPN,nsubj,nsubj,explicit_full,
2356,1036,one-to-many,dn_1091,iwsk_1184 iwsk_1186,Ippolita,MISSING,PRON-REFLEX,MISSING,obj,MISSING,leftover_source,
2357,1036,one-to-many,dn_1091,iwsk_1184 iwsk_1186,MISSING,Ippolita,MISSING,NULL,MISSING,nsubj,leftover_target,
2358,1036,one-to-many,dn_1091,iwsk_1184 iwsk_1186,MISSING,Ippolita,MISSING,NULL,MISSING,nsubj,leftover_target,
2359,1037,one-to-one,dn_1092,iwsk_1185,Ippolita,Ippolita,NULL,NULL,nsubj,nsubj,zero_zero_single,
2360,1037,one-to-one,dn_1092,iwsk_1185,Ippolita,MISSING,PRON-REFLEX,MISSING,obj,MISSING,leftover_source,
2361,1038,one-to-one,dn_1093,iwsk_1187,Ippolita,Ippolita,PRON,PRON,nsubj,nsubj,explicit_full,
2362,1038,one-to-one,dn_1093,iwsk_1187,MISSING,Ippolita,MISSING,PRON,MISSING,nmod,leftover_target,
2363,1038,one-to-one,dn_1093,iwsk_1187,aunt-Giovianna,aunt-Giovianna,NOUN,PROPN,obj,nmod,explicit_ref_only,
2364,1039,one-to-many,dn_1094,iwsk_1188 iwsk_1189,Ippolita,Ippolita,PRON-REFLEX,PRON,obj,obj,reflex_obj,
2365,1039,one-to-many,dn_1094,iwsk_1188 iwsk_1189,Ippolita,MISSING,NULL,MISSING,nsubj,MISSING,leftover_source,
2366,1039,one-to-many,dn_1094,iwsk_1188 iwsk_1189,aunt-Giovianna,aunt-Giovianna,NOUN,NOUN,nsubj,vocative,explicit_ref_pos,
2367,1039,one-to-many,dn_1094,iwsk_1188 iwsk_1189,aunt-Giovianna,MISSING,NULL,MISSING,nsubj,MISSING,leftover_source,
2368,1039,one-to-many,dn_1094,iwsk_1188 iwsk_1189,MISSING,aunt-Giovianna,MISSING,NOUN,MISSING,nmod,leftover_target,
2369,1039,one-to-many,dn_1094,iwsk_1188 iwsk_1189,MISSING,aunt-Giovianna,MISSING,NOUN,MISSING,nmod,leftover_target,
2370,1040,many-to-one,dn_1095 dn_1096,iwsk_1190,Giorgio,Giorgio,PRON,PRON,nsubj,nsubj,explicit_full,
2371,1040,many-to-one,dn_1095 dn_1096,iwsk_1190,Ippolita,Ippolita,NULL,NULL,nsubj,nsubj,zero_zero_semantic,0.4144403672218323
2372,1040,many-to-one,dn_1095 dn_1096,iwsk_1190,Ippolita,Ippolita,NULL,NULL,nsubj,nsubj,zero_zero_semantic,0.45994260589281716
2373,1040,many-to-one,dn_1095 dn_1096,iwsk_1190,Ippolita,Ippolita,NULL,PRON,nsubj,nsubj,zero_to_tgt_anchor,
2374,1040,many-to-one,dn_1095 dn_1096,iwsk_1190,Ippolita,MISSING,PRON-REFLEX,MISSING,obj,MISSING,leftover_source,
2375,1040,many-to-one,dn_1095 dn_1096,iwsk_1190,Ippolita,MISSING,PRON-REFLEX,MISSING,obj,MISSING,leftover_source,
2376,1040,many-to-one,dn_1095 dn_1096,iwsk_1190,aunt-Giovianna,aunt-Giovianna,DET,NOUN,nmod,nsubj,explicit_ref_only,
2377,1040,many-to-one,dn_1095 dn_1096,iwsk_1190,aunt-Giovianna,MISSING,PRON,MISSING,obj,MISSING,leftover_source,
2378,1040,many-to-one,dn_1095 dn_1096,iwsk_1190,aunt-Giovianna,MISSING,NULL,MISSING,nsubj,MISSING,leftover_source,
2379,1041,one-to-one,dn_1097,iwsk_1191,aunt-Giovianna,aunt-Giovianna,NOUN,NOUN,vocative,vocative,explicit_full,
2380,1042,one-to-one,dn_1098,iwsk_1192,Ippolita,MISSING,NULL,MISSING,nsubj,MISSING,leftover_source,
2381,1042,one-to-one,dn_1098,iwsk_1192,aunt-Giovianna,aunt-Giovianna,DET,NOUN,nmod,nmod,explicit_ref_case,
2382,1042,one-to-one,dn_1098,iwsk_1192,aunt-Giovianna,MISSING,PRON,MISSING,obj,MISSING,leftover_source,
2383,1042,one-to-one,dn_1098,iwsk_1192,aunt-Giovianna,MISSING,DET,MISSING,nmod,MISSING,leftover_source,
2384,1042,one-to-one,dn_1098,iwsk_1192,MISSING,aunt-Giovianna,MISSING,NULL,MISSING,nsubj,leftover_target,
2385,1042,one-to-one,dn_1098,iwsk_1192,MISSING,aunt-Giovianna,MISSING,NULL,MISSING,nsubj,leftover_target,
2386,1043,one-to-many,dn_1099,iwsk_1193 iwsk_1194,Giorgio,Giorgio,PROPN,PROPN,obj,obj,explicit_full,
2387,1043,one-to-many,dn_1099,iwsk_1193 iwsk_1194,Ippolita,Ippolita,PRON,PRON,nsubj,nsubj,explicit_full,
2388,1043,one-to-many,dn_1099,iwsk_1193 iwsk_1194,Ippolita,MISSING,PRON-REFLEX,MISSING,obj,MISSING,leftover_source,
2389,1043,one-to-many,dn_1099,iwsk_1193 iwsk_1194,MISSING,Ippolita,MISSING,NULL,MISSING,nsubj,leftover_target,
2390,1043,one-to-many,dn_1099,iwsk_1193 iwsk_1194,MISSING,Ippolita,MISSING,NULL,MISSING,nsubj,leftover_target,
2391,1043,one-to-many,dn_1099,iwsk_1193 iwsk_1194,MISSING,Ippolita,MISSING,NULL,MISSING,nsubj,leftover_target,
2392,1043,one-to-many,dn_1099,iwsk_1193 iwsk_1194,MISSING,Ippolita,MISSING,NULL,MISSING,nsubj,leftover_target,
2393,1043,one-to-many,dn_1099,iwsk_1193 iwsk_1194,pavers,pavers,NOUN,NOUN,nsubj,nsubj,explicit_full,
2394,1044,one-to-one,dn_1100,iwsk_1195,Ippolita,MISSING,PRON-REFLEX,MISSING,obj,MISSING,leftover_source,
2395,1044,one-to-one,dn_1100,iwsk_1195,Ippolita,MISSING,NULL,MISSING,nsubj,MISSING,leftover_source,
2396,1044,one-to-one,dn_1100,iwsk_1195,MISSING,aunt-Giovianna,MISSING,NOUN,MISSING,nmod,leftover_target,
2397,1046,one-to-one,dn_1102,iwsk_1198,Ippolita,Ippolita,PRON,PRON,nsubj,nsubj,explicit_full,
2398,1047,many-to-one,dn_1103 dn_1104,iwsk_1199,Ippolita,Ippolita,PRON,PRON,obj,obj,explicit_full,
2399,1047,many-to-one,dn_1103 dn_1104,iwsk_1199,Ippolita,Ippolita,PRON,PRON,obj,nsubj,explicit_ref_pos,
2400,1047,many-to-one,dn_1103 dn_1104,iwsk_1199,Ippolita,Ippolita,NULL,NULL,nsubj,nsubj,zero_zero_semantic,0.45578897599724755
2401,1047,many-to-one,dn_1103 dn_1104,iwsk_1199,Ippolita,Ippolita,NULL,NULL,nsubj,nsubj,zero_zero_semantic,0.6007496348325757
2402,1048,one-to-one,dn_1105,iwsk_1200,Ippolita,Ippolita,PRON,PRON,nsubj,nsubj,explicit_full,
2403,1048,one-to-one,dn_1105,iwsk_1200,Ippolita,MISSING,PRON-REFLEX,MISSING,obj,MISSING,leftover_source,
2404,1048,one-to-one,dn_1105,iwsk_1200,MISSING,Ippolita,MISSING,NULL,MISSING,nsubj,leftover_target,
2405,1049,one-to-many,dn_1106,iwsk_1201 iwsk_1202,Ippolita,Ippolita,PRON,PRON,nsubj,nsubj,explicit_full,
2406,1049,one-to-many,dn_1106,iwsk_1201 iwsk_1202,Ippolita,Ippolita,PRON,PRON,obj,nmod,explicit_ref_pos,
2407,1049,one-to-many,dn_1106,iwsk_1201 iwsk_1202,MISSING,Ippolita,MISSING,NULL,MISSING,nsubj,leftover_target,
2408,1049,one-to-many,dn_1106,iwsk_1201 iwsk_1202,MISSING,Ippolita,MISSING,NULL,MISSING,nsubj,leftover_target,
2409,1051,one-to-one,dn_1109,iwsk_1204,Ippolita,Ippolita,PRON,PRON,obj,nmod,explicit_ref_pos,
2410,1052,one-to-one,dn_1110,iwsk_1205,Ippolita,Ippolita,NULL,NULL,nsubj,nsubj,zero_zero_semantic,0.22660204768180847
2411,1052,one-to-one,dn_1110,iwsk_1205,MISSING,Ippolita,MISSING,PRON,MISSING,nsubj,leftover_target,
2412,1052,one-to-one,dn_1110,iwsk_1205,MISSING,Ippolita,MISSING,NULL,MISSING,nsubj,leftover_target,
2413,1052,one-to-one,dn_1110,iwsk_1205,MISSING,Ippolita,MISSING,NULL,MISSING,nsubj,leftover_target,
2414,1053,one-to-one,dn_1111,iwsk_1206,Ippolita,Ippolita,PRON,PRON,obj,nmod,explicit_ref_pos,
2415,1053,one-to-one,dn_1111,iwsk_1206,Ippolita,MISSING,PRON,MISSING,obj,MISSING,leftover_source,
2416,1055,one-to-one,dn_1113,iwsk_1208,Ippolita,MISSING,NULL,MISSING,nsubj,MISSING,leftover_source,
2417,1055,one-to-one,dn_1113,iwsk_1208,Ippolita,MISSING,NULL,MISSING,nsubj,MISSING,leftover_source,
2418,1055,one-to-one,dn_1113,iwsk_1208,MISSING,Ippolita,MISSING,PRON,MISSING,nmod,leftover_target,
2419,1056,one-to-one,dn_1114,iwsk_1209,Ippolita,Ippolita,PRON,PRON,obj,nmod,explicit_ref_pos,
2420,1057,one-to-many,dn_1115,iwsk_1210 iwsk_1211,Ippolita,Ippolita,PRON,PRON,nsubj,nsubj,explicit_full,
2421,1057,one-to-many,dn_1115,iwsk_1210 iwsk_1211,MISSING,Ippolita,MISSING,NULL,MISSING,nsubj,leftover_target,
2422,1060,one-to-one,dn_1118,iwsk_1214,Ippolita,MISSING,PRON-REFLEX,MISSING,obj,MISSING,leftover_source,
2423,1060,one-to-one,dn_1118,iwsk_1214,Ippolita,MISSING,NULL,MISSING,nsubj,MISSING,leftover_source,
2424,1060,one-to-one,dn_1118,iwsk_1214,aunt-Giovianna,aunt-Giovianna,NOUN,NOUN,nmod,nsubj,explicit_ref_pos,
2425,1061,one-to-one,dn_1119,iwsk_1215,Clarice,Clarice,NOUN,NOUN,nsubj,nsubj,explicit_full,
2426,1061,one-to-one,dn_1119,iwsk_1215,Clarice,Clarice,NOUN,NOUN,nsubj,pred,explicit_ref_pos,
2427,1061,one-to-one,dn_1119,iwsk_1215,Clarice,Clarice,NOUN,PROPN,obj,pred,explicit_ref_only,
2428,1061,one-to-one,dn_1119,iwsk_1215,Clarice,MISSING,PRON-REFLEX,MISSING,obj,MISSING,leftover_source,
2429,1061,one-to-one,dn_1119,iwsk_1215,Ippolita,Ippolita,PRON,PRON,obj,nmod,explicit_ref_pos,
2430,1062,one-to-one,dn_1120,iwsk_1216,aunt-Giovianna,aunt-Giovianna,NOUN,NOUN,nsubj,nsubj,explicit_full,
2431,1063,one-to-one,dn_1121,iwsk_1217,Ippolita Clarice,Ippolita Clarice,PRON,PRON,nsubj,nsubj,explicit_full,
2432,1064,one-to-one,dn_1122,iwsk_1218,Ippolita Clarice,MISSING,PRON,MISSING,obj,MISSING,leftover_source,
2433,1065,one-to-one,dn_1123,iwsk_1219,Clarice,Clarice,PROPN,PROPN,nsubj,nsubj,explicit_full,
2434,1065,one-to-one,dn_1123,iwsk_1219,Clarice,Clarice,NULL,NULL,nsubj,nsubj,zero_zero_semantic,0.34499264612342373
2435,1065,one-to-one,dn_1123,iwsk_1219,MISSING,Clarice,MISSING,NULL,MISSING,nsubj,leftover_target,
2436,1066,one-to-many,dn_1124,iwsk_1220 iwsk_1221,Ippolita Clarice,Ippolita Clarice,PRON,PRON,nsubj,nsubj,explicit_full,
2437,1067,one-to-one,dn_1125,iwsk_1222,Clarice,Clarice,PROPN,PROPN,nsubj,nsubj,explicit_full,
2438,1068,one-to-one,dn_1126,iwsk_1223,Clarice,Clarice,NOUN,NOUN,pred,pred,explicit_full,
2439,1068,one-to-one,dn_1126,iwsk_1223,Clarice,Clarice,NULL,NULL,nsubj,nsubj,zero_zero_single,
2440,1069,one-to-one,dn_1127,iwsk_1224,Ippolita Clarice,Ippolita Clarice,PRON,PRON,nsubj,nsubj,explicit_full,
2441,1069,one-to-one,dn_1127,iwsk_1224,MISSING,Ippolita Clarice,MISSING,NULL,MISSING,nsubj,leftover_target,
2442,1070,one-to-one,dn_1128 dn_1129,iwsk_1225 iwsk_1226,Clarice,Clarice,PROPN,PROPN,nsubj,nsubj,explicit_full,
2443,1070,one-to-one,dn_1128 dn_1129,iwsk_1225 iwsk_1226,MISSING,Clarice,MISSING,PROPN,MISSING,nsubj,leftover_target,
2444,1070,one-to-one,dn_1128 dn_1129,iwsk_1225 iwsk_1226,MISSING,Clarice,MISSING,NULL,MISSING,nsubj,leftover_target,
2445,1070,one-to-one,dn_1128 dn_1129,iwsk_1225 iwsk_1226,Ippolita,Ippolita,PRON,PRON,obj,obj,explicit_full,
2446,1070,one-to-one,dn_1128 dn_1129,iwsk_1225 iwsk_1226,Ippolita,Ippolita,PRON,PRON,obj,nmod,explicit_ref_pos,
2447,1070,one-to-one,dn_1128 dn_1129,iwsk_1225 iwsk_1226,Ippolita,Ippolita,NULL,NULL,nsubj,nsubj,zero_zero_semantic,0.3019405781120852
2448,1070,one-to-one,dn_1128 dn_1129,iwsk_1225 iwsk_1226,Ippolita,Ippolita,NULL,NULL,nsubj,nsubj,zero_zero_semantic,0.49969925079827837
2449,1070,one-to-one,dn_1128 dn_1129,iwsk_1225 iwsk_1226,Ippolita Clarice,Ippolita Clarice,DET,PRON,nmod,nmod,explicit_ref_case,
2450,1072,one-to-one,dn_1131,iwsk_1228,Ippolita Clarice,Ippolita Clarice,PRON,PRON,nsubj,nsubj,explicit_full,
2451,1073,one-to-one,dn_1132,iwsk_1229,Ippolita Clarice,Ippolita Clarice,NULL,NULL,nsubj,nsubj,zero_zero_single,
2452,1073,one-to-one,dn_1132,iwsk_1229,aunt-Giovianna,aunt-Giovianna,NOUN,NOUN,nsubj,nmod,explicit_ref_pos,
2453,1074,one-to-one,dn_1133,iwsk_1230,Clarice,Clarice,PROPN,PROPN,nsubj,nsubj,explicit_full,
2454,1074,one-to-one,dn_1133,iwsk_1230,MISSING,Clarice,MISSING,NULL,MISSING,nsubj,leftover_target,
2455,1074,one-to-one,dn_1133,iwsk_1230,Ippolita,Ippolita,PRON,PRON,nsubj,nsubj,explicit_full,
2456,1074,one-to-one,dn_1133,iwsk_1230,Ippolita,MISSING,PRON-REFLEX,MISSING,obj,MISSING,leftover_source,
2457,1076,one-to-many,dn_1135,iwsk_1232 iwsk_1233,Ippolita,Ippolita,PRON,PRON,obj,obj,explicit_full,
2458,1076,one-to-many,dn_1135,iwsk_1232 iwsk_1233,Ippolita,Ippolita,PRON,PRON,obj,obj,explicit_full,
2459,1076,one-to-many,dn_1135,iwsk_1232 iwsk_1233,Ippolita,Ippolita,NULL,PRON,nsubj,nsubj,zero_to_tgt_anchor,
2460,1076,one-to-many,dn_1135,iwsk_1232 iwsk_1233,aunt-Giovianna,aunt-Giovianna,NOUN,NOUN,nsubj,nsubj,explicit_full,
2461,1076,one-to-many,dn_1135,iwsk_1232 iwsk_1233,aunt-Giovianna,aunt-Giovianna,PRON,NOUN,obj,obj,explicit_ref_case,
2462,1076,one-to-many,dn_1135,iwsk_1232 iwsk_1233,MISSING,aunt-Giovianna,MISSING,NULL,MISSING,nsubj,leftover_target,
2463,1077,one-to-one,dn_1136,iwsk_1234,Ippolita,Ippolita,NULL,NULL,nsubj,nsubj,zero_zero_single,
2464,1077,one-to-one,dn_1136,iwsk_1234,MISSING,Ippolita,MISSING,PRON,MISSING,nsubj,leftover_target,
2465,1078,one-to-one,dn_1137,iwsk_1235,Ippolita,MISSING,PRON,MISSING,obj,MISSING,leftover_source,
2466,1079,one-to-many,dn_1138,iwsk_1236 iwsk_1237,Ippolita,Ippolita,PRON,PRON,nsubj,nsubj,explicit_full,
2467,1079,one-to-many,dn_1138,iwsk_1236 iwsk_1237,Ippolita,Ippolita,PRON,PRON,obj,obj,explicit_full,
2468,1079,one-to-many,dn_1138,iwsk_1236 iwsk_1237,Ippolita,MISSING,PRON-REFLEX,MISSING,obj,MISSING,leftover_source,
2469,1079,one-to-many,dn_1138,iwsk_1236 iwsk_1237,Ippolita,MISSING,PRON,MISSING,obj,MISSING,leftover_source,
2470,1079,one-to-many,dn_1138,iwsk_1236 iwsk_1237,MISSING,Ippolita,MISSING,NULL,MISSING,nsubj,leftover_target,
2471,1079,one-to-many,dn_1138,iwsk_1236 iwsk_1237,MISSING,Ippolita,MISSING,NULL,MISSING,nsubj,leftover_target,
2472,1079,one-to-many,dn_1138,iwsk_1236 iwsk_1237,pavers,pavers,NOUN,NOUN,nsubj,nmod,explicit_ref_pos,
2473,1080,one-to-one,dn_1139,iwsk_1238,Giorgio Ippolita,Giorgio Ippolita,NOUN,NOUN,nsubj,nsubj,explicit_full,
2474,1080,one-to-one,dn_1139,iwsk_1238,MISSING,Giorgio Ippolita,MISSING,NULL,MISSING,nsubj,leftover_target,
2475,1081,one-to-one,dn_1140,iwsk_1239,Giorgio Ippolita,Giorgio Ippolita,NULL,PRON,nsubj,nsubj,zero_to_tgt_anchor,
2476,1082,one-to-one,dn_1141,iwsk_1240,Giorgio Ippolita,Giorgio Ippolita,NULL,NULL,nsubj,nsubj,zero_zero_single,
2477,1082,one-to-one,dn_1141,iwsk_1240,MISSING,Giorgio Ippolita,MISSING,NOUN,MISSING,obj,leftover_target,
2478,1083,one-to-one,dn_1142,iwsk_1241,Giorgio Ippolita,Giorgio Ippolita,NULL,PRON,nsubj,nsubj,zero_to_tgt_anchor,
2479,1084,one-to-one,dn_1143,iwsk_1242,Giorgio,Giorgio,PROPN,PROPN,obj,obj,explicit_full,
2480,1084,one-to-one,dn_1143,iwsk_1242,Giorgio,MISSING,PRON,MISSING,obj,MISSING,leftover_source,
2481,1084,one-to-one,dn_1143,iwsk_1242,Ippolita,Ippolita,PROPN,PROPN,nsubj,nsubj,explicit_full,
2482,1084,one-to-one,dn_1143,iwsk_1242,Ippolita,MISSING,DET,MISSING,nmod,MISSING,leftover_source,
2483,1084,one-to-one,dn_1143,iwsk_1242,Ippolita,MISSING,PRON-REFLEX,MISSING,obj,MISSING,leftover_source,
2484,1084,one-to-one,dn_1143,iwsk_1242,MISSING,Ippolita,MISSING,NULL,MISSING,nsubj,leftover_target,
2485,1085,one-to-one,dn_1144,iwsk_1243,Giorgio,MISSING,NULL,MISSING,nsubj,MISSING,leftover_source,
2486,1086,one-to-one,dn_1145,iwsk_1244,Giorgio,Giorgio,DET,PRON,nmod,nmod,explicit_ref_case,
2487,1087,one-to-one,dn_1146,iwsk_1245,Ippolita,Ippolita,PRON,PRON,obj,nsubj,explicit_ref_pos,
2488,1087,one-to-one,dn_1146,iwsk_1245,Ippolita,Ippolita,NULL,NULL,nsubj,nsubj,zero_zero_semantic,0.133837941872037
2489,1087,one-to-one,dn_1146,iwsk_1245,MISSING,Ippolita,MISSING,NULL,MISSING,nsubj,leftover_target,
2490,1088,one-to-one,dn_1147,iwsk_1248,Giorgio,Giorgio,PROPN,PROPN,nsubj,nsubj,explicit_full,
2491,1090,one-to-one,dn_1149,iwsk_1247,Ippolita,Ippolita,NULL,NULL,nsubj,nsubj,zero_zero_single,
2492,1092,one-to-one,dn_1151,iwsk_1250,Ippolita,MISSING,NULL,MISSING,nsubj,MISSING,leftover_source,
2493,1093,one-to-one,dn_1152,iwsk_1251,Ippolita,Ippolita,NULL,NULL,nsubj,nsubj,zero_zero_single,
2494,1093,one-to-one,dn_1152,iwsk_1251,Ippolitas-husband,Ippolitas-husband,NOUN,NOUN,nmod,obj,explicit_ref_pos,
2495,1094,one-to-one,dn_1153,iwsk_1252,Ippolita,Ippolita,NULL,NULL,nsubj,nsubj,zero_zero_single,
2496,1096,one-to-one,dn_1155,iwsk_1254,Giorgio,MISSING,PRON,MISSING,obj,MISSING,leftover_source,
2497,1096,one-to-one,dn_1155,iwsk_1254,Ippolita,Ippolita,NULL,NULL,nsubj,nsubj,zero_zero_single,
2498,1097,one-to-one,dn_1156,iwsk_1255,Giorgio,Giorgio,PROPN,PROPN,nsubj,nsubj,explicit_full,
2499,1098,many-to-one,dn_1157 dn_1158,iwsk_1256,Giorgio,Giorgio,PROPN,PROPN,nsubj,nsubj,explicit_full,
2500,1098,many-to-one,dn_1157 dn_1158,iwsk_1256,Giorgio,MISSING,PRON-REFLEX,MISSING,obj,MISSING,leftover_source,
2501,1098,many-to-one,dn_1157 dn_1158,iwsk_1256,MISSING,Giorgio,MISSING,NULL,MISSING,nsubj,leftover_target,
2502,1098,many-to-one,dn_1157 dn_1158,iwsk_1256,Ippolita,Ippolita,PRON,PRON,nsubj,nsubj,explicit_full,
2503,1098,many-to-one,dn_1157 dn_1158,iwsk_1256,Ippolita,Ippolita,PRON,NULL,nsubj,nsubj,zero_to_src_anchor,
2504,1098,many-to-one,dn_1157 dn_1158,iwsk_1256,Ippolita,MISSING,PRON,MISSING,obj,MISSING,leftover_source,
2505,1099,one-to-many,dn_1159,iwsk_1257 iwsk_1258,Giorgio,Giorgio,PRON,NULL,nsubj,nsubj,zero_to_src_anchor,
2506,1100,one-to-one,dn_1160,iwsk_1259,Ippolita,Ippolita,NULL,NULL,nsubj,nsubj,zero_zero_single,
2507,1101,one-to-one,dn_1161,iwsk_1260,Giorgio,Giorgio,PRON,NOUN,obj,obj,explicit_ref_case,
2508,1101,one-to-one,dn_1161,iwsk_1260,Ippolita,Ippolita,PRON,PRON,nsubj,nsubj,explicit_full,
2509,1101,one-to-one,dn_1161,iwsk_1260,Ippolita,Ippolita,NULL,NULL,nsubj,nsubj,zero_zero_semantic,0.2560211297840007
2510,1101,one-to-one,dn_1161,iwsk_1260,Ippolita,Ippolita,NULL,NULL,nsubj,nsubj,zero_zero_semantic,0.30815557867302723
2511,1101,one-to-one,dn_1161,iwsk_1260,Ippolita,MISSING,PRON-REFLEX,MISSING,obj,MISSING,leftover_source,
2512,1101,one-to-one,dn_1161,iwsk_1260,MISSING,Ippolita,MISSING,NULL,MISSING,nsubj,leftover_target,
2513,1102,one-to-one,dn_1162,iwsk_1261,Giorgio,MISSING,PRON,MISSING,obj,MISSING,leftover_source,
2514,1102,one-to-one,dn_1162,iwsk_1261,Giorgio,MISSING,NULL,MISSING,nsubj,MISSING,leftover_source,
2515,1102,one-to-one,dn_1162,iwsk_1261,Ippolita,Ippolita,NULL,NULL,nsubj,nsubj,zero_zero_semantic,0.09497401118278503
2516,1102,one-to-one,dn_1162,iwsk_1261,Ippolita,MISSING,PRON,MISSING,obj,MISSING,leftover_source,
2517,1102,one-to-one,dn_1162,iwsk_1261,MISSING,Ippolita,MISSING,NULL,MISSING,nsubj,leftover_target,
2518,1103,one-to-one,dn_1163,iwsk_1262,Giorgio,Giorgio,DET,PRON,nmod,nmod,explicit_ref_case,
2519,1103,one-to-one,dn_1163,iwsk_1262,Giorgio,Giorgio,NULL,NULL,nsubj,nsubj,zero_zero_single,
2520,1104,one-to-one,dn_1164,iwsk_1263,Giorgio,Giorgio,NULL,NULL,nsubj,nsubj,zero_zero_single,
2521,1104,one-to-one,dn_1164,iwsk_1263,Ippolita,MISSING,PRON,MISSING,obj,MISSING,leftover_source,
2522,1106,one-to-one,dn_1166,iwsk_1265,Giorgio,Giorgio,NULL,NULL,nsubj,nsubj,zero_zero_single,
2523,1106,one-to-one,dn_1166,iwsk_1265,Ippolita,MISSING,PRON,MISSING,obj,MISSING,leftover_source,
2524,1107,one-to-one,dn_1167,iwsk_1266,Ippolita,Ippolita,NULL,NULL,nsubj,nsubj,zero_zero_single,
2525,1107,one-to-one,dn_1167,iwsk_1266,Ippolita,MISSING,PRON,MISSING,obj,MISSING,leftover_source,
2526,1108,one-to-one,dn_1168,iwsk_1267,Giorgio,Giorgio,NOUN,NOUN,nmod,nmod,explicit_full,
2527,1108,one-to-one,dn_1168,iwsk_1267,MISSING,Giorgio,MISSING,NULL,MISSING,nsubj,leftover_target,
2528,1108,one-to-one,dn_1168,iwsk_1267,Ippolita,Ippolita,PRON,PRON,nsubj,nsubj,explicit_full,
2529,1109,one-to-many,dn_1169,iwsk_1268 iwsk_1269,Giorgio Ippolita,Giorgio Ippolita,NULL,NULL,nsubj,nsubj,zero_zero_semantic,0.14371966175788964
2530,1109,one-to-many,dn_1169,iwsk_1268 iwsk_1269,Giorgio Ippolita,Giorgio Ippolita,NULL,NULL,nsubj,nsubj,zero_zero_semantic,0.26861192694475666
2531,1109,one-to-many,dn_1169,iwsk_1268 iwsk_1269,MISSING,Ippolita,MISSING,NULL,MISSING,nsubj,leftover_target,
2532,1110,one-to-one,dn_1170,iwsk_1270,Giorgio Ippolita,Giorgio Ippolita,NULL,NULL,nsubj,nsubj,zero_zero_single,
2533,1110,one-to-one,dn_1170,iwsk_1270,Ippolita,MISSING,NULL,MISSING,nsubj,MISSING,leftover_source,
2534,1114,one-to-one,dn_1174,iwsk_1274,MISSING,Giorgio Ippolita,MISSING,NULL,MISSING,nsubj,leftover_target,
2535,1115,one-to-one,dn_1175,iwsk_1275,Pancrazio,Pancrazio,PROPN,PROPN,nsubj,nsubj,explicit_full,
2536,1116,one-to-one,dn_1176,iwsk_1276,Ippolita,Ippolita,PROPN,PROPN,nsubj,nsubj,explicit_full,
2537,1116,one-to-one,dn_1176,iwsk_1276,MISSING,Ippolita,MISSING,NULL,MISSING,nsubj,leftover_target,
2538,1117,one-to-one,dn_1177,iwsk_1277,Pancrazio,Pancrazio,PROPN,PROPN,nsubj,nsubj,explicit_full,
2539,1117,one-to-one,dn_1177,iwsk_1277,Pancrazio,MISSING,DET,MISSING,nmod,MISSING,leftover_source,
2540,1117,one-to-one,dn_1177,iwsk_1277,Pancrazio,MISSING,DET,MISSING,nmod,MISSING,leftover_source,
2541,1117,one-to-one,dn_1177,iwsk_1277,MISSING,Pancrazio,MISSING,NULL,MISSING,nsubj,leftover_target,
2542,1118,one-to-one,dn_1178,iwsk_1278,Pancrazio,Pancrazio,NULL,NULL,nsubj,nsubj,zero_zero_semantic,0.3085595228101896
2543,1118,one-to-one,dn_1178,iwsk_1278,Pancrazio,Pancrazio,NULL,NULL,nsubj,nsubj,zero_zero_semantic,0.12862243406150653
2544,1118,one-to-one,dn_1178,iwsk_1278,Pancrazio,Pancrazio,NULL,PRON,nsubj,nsubj,zero_to_tgt_anchor,
2545,1119,one-to-many,dn_1179,iwsk_1279 iwsk_1280,Pancrazio,MISSING,PRON,MISSING,nsubj,MISSING,leftover_source,
2546,1119,one-to-many,dn_1179,iwsk_1279 iwsk_1280,Pancrazio,MISSING,NULL,MISSING,nsubj,MISSING,leftover_source,
2547,1119,one-to-many,dn_1179,iwsk_1279 iwsk_1280,Pancrazio,MISSING,NULL,MISSING,nsubj,MISSING,leftover_source,
2548,1119,one-to-many,dn_1179,iwsk_1279 iwsk_1280,Pancrazio,MISSING,NULL,MISSING,nsubj,MISSING,leftover_source,
2549,1120,one-to-one,dn_1180,iwsk_1282,Giorgio,Giorgio,PROPN,PROPN,nsubj,nsubj,explicit_full,
2550,1121,one-to-one,dn_1181,iwsk_1281,MISSING,Giorgio,MISSING,PROPN,MISSING,nsubj,leftover_target,
2551,1121,one-to-one,dn_1181,iwsk_1281,Pancrazio,MISSING,PROPN,MISSING,nsubj,MISSING,leftover_source,
2552,1121,one-to-one,dn_1181,iwsk_1281,Pancrazio,MISSING,DET,MISSING,nmod,MISSING,leftover_source,
2553,1124,one-to-one,dn_1184,iwsk_1286,Ippolita,Ippolita,PROPN,PROPN,nsubj,nsubj,explicit_full,
2554,1126,one-to-one,dn_1186,iwsk_1288,Ippolita,Ippolita,PRON,PRON,nsubj,nsubj,explicit_full,
2555,1131,one-to-one,dn_1192,iwsk_1293,Giorgio,MISSING,NOUN,MISSING,vocative,MISSING,leftover_source,
2556,1132,one-to-one,dn_1193,iwsk_1294,Giorgio Ippolita,Giorgio Ippolita,PRON,NOUN,nsubj,nsubj,explicit_ref_case,
2557,1132,one-to-one,dn_1193,iwsk_1294,MISSING,Giorgio Ippolita,MISSING,NULL,MISSING,nsubj,leftover_target,
2558,1133,one-to-one,dn_1194,iwsk_1295,Giorgio,MISSING,PRON,MISSING,obj,MISSING,leftover_source,
2559,1133,one-to-one,dn_1194,iwsk_1295,Giorgio Ippolita,Giorgio Ippolita,NULL,NULL,nsubj,nsubj,zero_zero_semantic,0.6214740016983054
2560,1133,one-to-one,dn_1194,iwsk_1295,Giorgio Ippolita,Giorgio Ippolita,NULL,NULL,nsubj,nsubj,zero_zero_semantic,0.2977988824196797
2561,1133,one-to-one,dn_1194,iwsk_1295,Giorgio Ippolita,MISSING,PRON-REFLEX,MISSING,obj,MISSING,leftover_source,
2562,1133,one-to-one,dn_1194,iwsk_1295,Ippolita,MISSING,PRON,MISSING,obj,MISSING,leftover_source,
2563,1134,many-to-one,dn_1195 dn_1196,iwsk_1296,Giorgio,Giorgio,DET,PRON,nmod,nmod,explicit_ref_case,
2564,1134,many-to-one,dn_1195 dn_1196,iwsk_1296,Giorgio,Giorgio,PROPN,PROPN,obj,nsubj,explicit_ref_pos,
2565,1134,many-to-one,dn_1195 dn_1196,iwsk_1296,MISSING,Giorgio,MISSING,NULL,MISSING,nsubj,leftover_target,
2566,1135,one-to-one,dn_1197,iwsk_1297,Giorgio,Giorgio,DET,PRON,nmod,nmod,explicit_ref_case,
2567,1136,one-to-one,dn_1198,iwsk_1298,Giorgio,Giorgio,PRON,PRON,obj,obj,explicit_full,
2568,1137,one-to-one,dn_1199,iwsk_1299,Giorgio,Giorgio,PRON,PRON,obj,obj,explicit_full,
2569,1138,one-to-one,dn_1200,iwsk_1300,Giorgio,Giorgio,PRON,PRON,obj,obj,explicit_full,
2570,1138,one-to-one,dn_1200,iwsk_1300,Giorgio,MISSING,PRON,MISSING,obj,MISSING,leftover_source,
2571,1138,one-to-one,dn_1200,iwsk_1300,MISSING,Giorgio,MISSING,NULL,MISSING,nsubj,leftover_target,
2572,1138,one-to-one,dn_1200,iwsk_1300,MISSING,Giorgio,MISSING,NULL,MISSING,nsubj,leftover_target,
2573,1138,one-to-one,dn_1200,iwsk_1300,MISSING,Giorgio,MISSING,NULL,MISSING,nsubj,leftover_target,
2574,1138,one-to-one,dn_1200,iwsk_1300,MISSING,Giorgio,MISSING,NULL,MISSING,nsubj,leftover_target,
2575,1140,one-to-one,dn_1202,iwsk_1302,Giorgio,Giorgio,DET,PRON,nmod,nmod,explicit_ref_case,
2576,1140,one-to-one,dn_1202,iwsk_1302,MISSING,Giorgio,MISSING,NULL,MISSING,nsubj,leftover_target,
2577,1140,one-to-one,dn_1202,iwsk_1302,Ippolita,Ippolita,PRON,PRON,obj,obj,explicit_full,
2578,1141,one-to-many,dn_1203,iwsk_1303 iwsk_1304,Giorgio,Giorgio,PRON,PRON,obj,obj,explicit_full,
2579,1141,one-to-many,dn_1203,iwsk_1303 iwsk_1304,Giorgio,Giorgio,PRON,PRON,nsubj,nsubj,explicit_full,
2580,1141,one-to-many,dn_1203,iwsk_1303 iwsk_1304,Giorgio,Giorgio,DET,PRON,nmod,nmod,explicit_ref_case,
2581,1141,one-to-many,dn_1203,iwsk_1303 iwsk_1304,MISSING,Giorgio,MISSING,NULL,MISSING,nsubj,leftover_target,
2582,1142,one-to-one,dn_1204,iwsk_1305,Giorgio,Giorgio,PRON,PRON,obj,obj,explicit_full,
2583,1142,one-to-one,dn_1204,iwsk_1305,Giorgio,Giorgio,PRON,PRON,obj,obj,explicit_full,
2584,1143,one-to-one,dn_1205,iwsk_1306,MISSING,Giorgio,MISSING,PRON,MISSING,obj,leftover_target,
2585,1143,one-to-one,dn_1205,iwsk_1306,Ippolita,Ippolita,PRON,PRON,nsubj,nsubj,explicit_full,
2586,1143,one-to-one,dn_1205,iwsk_1306,MISSING,Ippolita,MISSING,NULL,MISSING,nsubj,leftover_target,
2587,1144,one-to-one,dn_1206,iwsk_1307,Giorgio,Giorgio,PRON,PRON,obj,obj,explicit_full,
2588,1145,one-to-one,dn_1207,iwsk_1308,Giorgio,Giorgio,PRON,PRON,nsubj,nsubj,explicit_full,
2589,1145,one-to-one,dn_1207,iwsk_1308,Giorgio,MISSING,DET,MISSING,nmod,MISSING,leftover_source,
2590,1145,one-to-one,dn_1207,iwsk_1308,Ippolita,Ippolita,PRON,PRON,obj,obj,explicit_full,
2591,1146,one-to-one,dn_1208,iwsk_1309,Giorgio,Giorgio,PRON,NULL,nsubj,nsubj,zero_to_src_anchor,
2592,1146,one-to-one,dn_1208,iwsk_1309,Giorgio,MISSING,PRON,MISSING,obj,MISSING,leftover_source,
2593,1146,one-to-one,dn_1208,iwsk_1309,Giorgio,MISSING,PRON,MISSING,obj,MISSING,leftover_source,
2594,1146,one-to-one,dn_1208,iwsk_1309,Ippolita,Ippolita,PRON,PRON,nsubj,nsubj,explicit_full,
2595,1147,one-to-one,dn_1209,iwsk_1310,Giorgio,Giorgio,PRON,PRON,nsubj,nsubj,explicit_full,
2596,1147,one-to-one,dn_1209,iwsk_1310,MISSING,Giorgio,MISSING,NULL,MISSING,nsubj,leftover_target,
2597,1148,one-to-one,dn_1210,iwsk_1311,Ippolita,Ippolita,PROPN,PROPN,nmod,nsubj,explicit_ref_pos,
2598,1148,one-to-one,dn_1210,iwsk_1311,MISSING,Ippolita,MISSING,NULL,MISSING,nsubj,leftover_target,
2599,1149,one-to-one,dn_1211,iwsk_1312,Giorgio,Giorgio,NULL,PRON,nsubj,nsubj,zero_to_tgt_anchor,
2600,1150,one-to-one,dn_1212,iwsk_1313,Giorgio,MISSING,NULL,MISSING,nsubj,MISSING,leftover_source,
2601,1150,one-to-one,dn_1212,iwsk_1313,Giorgio,MISSING,NULL,MISSING,nsubj,MISSING,leftover_source,
2602,1150,one-to-one,dn_1212,iwsk_1313,MISSING,Giorgio,MISSING,PRON,MISSING,obj,leftover_target,
2603,1151,one-to-one,dn_1213,iwsk_1314,Giorgio,Giorgio,NULL,NULL,nsubj,nsubj,zero_zero_semantic,0.33015259188815643
2604,1151,one-to-one,dn_1213,iwsk_1314,Giorgio,Giorgio,PRON,NULL,nsubj,nsubj,zero_to_src_anchor,
2605,1151,one-to-one,dn_1213,iwsk_1314,Giorgio,MISSING,PRON,MISSING,obj,MISSING,leftover_source,
2606,1151,one-to-one,dn_1213,iwsk_1314,MISSING,Giorgio,MISSING,NULL,MISSING,nsubj,leftover_target,
2607,1152,one-to-one,dn_1214,iwsk_1315,Giorgio,MISSING,NULL,MISSING,nsubj,MISSING,leftover_source,
2608,1153,one-to-many,dn_1215,iwsk_1316 iwsk_1317,Giorgio,Giorgio,DET,PRON,nmod,nmod,explicit_ref_case,
2609,1154,one-to-one,dn_1216,iwsk_1318,Giorgio,Giorgio,PRON,PRON,obj,nmod,explicit_ref_pos,
2610,1154,one-to-one,dn_1216,iwsk_1318,Giorgio,MISSING,PRON,MISSING,obj,MISSING,leftover_source,
2611,1156,one-to-one,dn_1218,iwsk_1320,Giorgio,MISSING,NULL,MISSING,nsubj,MISSING,leftover_source,
2612,1156,one-to-one,dn_1218,iwsk_1320,MISSING,Giorgio,MISSING,PRON,MISSING,obj,leftover_target,
2613,1157,one-to-one,dn_1219,iwsk_1321,Giorgio,Giorgio,PRON,PRON,nsubj,nsubj,explicit_full,
2614,1157,one-to-one,dn_1219,iwsk_1321,Giorgio,Giorgio,PRON,PRON,obj,obj,explicit_full,
2615,1157,one-to-one,dn_1219,iwsk_1321,Giorgio,MISSING,PRON,MISSING,obj,MISSING,leftover_source,
2616,1157,one-to-one,dn_1219,iwsk_1321,MISSING,Giorgio,MISSING,NULL,MISSING,nsubj,leftover_target,
2617,1157,one-to-one,dn_1219,iwsk_1321,MISSING,Giorgio,MISSING,NULL,MISSING,nsubj,leftover_target,
2618,1159,one-to-one,dn_1221,iwsk_1323,Giorgio,Giorgio,NULL,NULL,nsubj,nsubj,zero_zero_semantic,0.21668399742671424
2619,1159,one-to-one,dn_1221,iwsk_1323,Giorgio,Giorgio,NULL,PRON,nsubj,nsubj,zero_to_tgt_anchor,
2620,1159,one-to-one,dn_1221,iwsk_1323,Ippolita,Ippolita,PRON,PRON,nmod,nmod,explicit_full,
2621,1160,many-to-one,dn_1222 dn_1223,iwsk_1324,Giorgio,Giorgio,NULL,PRON,nsubj,nsubj,zero_to_tgt_anchor,
2622,1160,many-to-one,dn_1222 dn_1223,iwsk_1324,Ippolita,Ippolita,PRON,PRON,nsubj,nsubj,explicit_full,
2623,1160,many-to-one,dn_1222 dn_1223,iwsk_1324,Ippolita,Ippolita,DET,PRON,nmod,nmod,explicit_ref_case,
2624,1161,one-to-one,dn_1224,iwsk_1325,Giorgio,Giorgio,NULL,PRON,nsubj,nsubj,zero_to_tgt_anchor,
2625,1161,one-to-one,dn_1224,iwsk_1325,Ippolita,Ippolita,PRON,PRON,obj,obj,explicit_full,
2626,1162,many-to-one,dn_1225 dn_1226,iwsk_1326,Giorgio,Giorgio,NULL,NULL,nsubj,nsubj,zero_zero_single,
2627,1162,many-to-one,dn_1225 dn_1226,iwsk_1326,MISSING,Giorgio,MISSING,PRON,MISSING,nsubj,leftover_target,
2628,1162,many-to-one,dn_1225 dn_1226,iwsk_1326,Ippolita,Ippolita,DET,PRON,nmod,nmod,explicit_ref_case,
2629,1162,many-to-one,dn_1225 dn_1226,iwsk_1326,Ippolita,MISSING,DET,MISSING,nmod,MISSING,leftover_source,
2630,1162,many-to-one,dn_1225 dn_1226,iwsk_1326,Ippolita,MISSING,DET,MISSING,nmod,MISSING,leftover_source,
2631,1163,one-to-one,dn_1227,iwsk_1327,Giorgio,Giorgio,NULL,NULL,nsubj,nsubj,zero_zero_semantic,0.40928906202316284
2632,1163,one-to-one,dn_1227,iwsk_1327,Giorgio,Giorgio,NULL,NULL,nsubj,nsubj,zero_zero_semantic,0.15344867972182294
2633,1163,one-to-one,dn_1227,iwsk_1327,Ippolita,Ippolita,DET,PRON,nmod,nmod,explicit_ref_case,
2634,1164,one-to-one,dn_1228,iwsk_1328,Giorgio,Giorgio,PRON,PRON,obj,nmod,explicit_ref_pos,
2635,1164,one-to-one,dn_1228,iwsk_1328,Giorgio,Giorgio,PRON,NULL,nsubj,nsubj,zero_to_src_anchor,
2636,1164,one-to-one,dn_1228,iwsk_1328,Giorgio,MISSING,PRON,MISSING,obj,MISSING,leftover_source,
2637,1164,one-to-one,dn_1228,iwsk_1328,Giorgio,MISSING,PRON,MISSING,obj,MISSING,leftover_source,
2638,1164,one-to-one,dn_1228,iwsk_1328,Ippolita,Ippolita,DET,PRON,nmod,nmod,explicit_ref_case,
2639,1164,one-to-one,dn_1228,iwsk_1328,Ippolita,Ippolita,NULL,NULL,nsubj,nsubj,zero_zero_semantic,0.15563390015260034
2640,1164,one-to-one,dn_1228,iwsk_1328,Ippolita,Ippolita,NULL,NULL,nsubj,nsubj,zero_zero_semantic,0.4128222230487571
2641,1164,one-to-one,dn_1228,iwsk_1328,Ippolita,Ippolita,NULL,NULL,nsubj,nsubj,zero_zero_semantic,0.38947538200293724
2642,1164,one-to-one,dn_1228,iwsk_1328,Ippolita,MISSING,PRON,MISSING,nsubj,MISSING,leftover_source,
2643,1167,one-to-one,dn_1231,iwsk_1331,Giorgio,Giorgio,PRON,PRON,nsubj,nsubj,explicit_full,
2644,1167,one-to-one,dn_1231,iwsk_1331,Giorgio,Giorgio,PRON,NULL,nsubj,nsubj,zero_to_src_anchor,
2645,1167,one-to-one,dn_1231,iwsk_1331,Giorgio,MISSING,PRON,MISSING,nsubj,MISSING,leftover_source,
2646,1167,one-to-one,dn_1231,iwsk_1331,Ippolita,Ippolita,PRON,PRON,obj,obj,explicit_full,
2647,1167,one-to-one,dn_1231,iwsk_1331,Ippolita,Ippolita,PRON,PRON,obj,obj,explicit_full,
2648,1167,one-to-one,dn_1231,iwsk_1331,Ippolita,Ippolita,PRON,PRON,obj,nsubj,explicit_ref_pos,
2649,1170,one-to-one,dn_1234,iwsk_1334,Ippolita,Ippolita,PRON,PRON,nsubj,nsubj,explicit_full,
2650,1170,one-to-one,dn_1234,iwsk_1334,Ippolita,MISSING,NULL,MISSING,nsubj,MISSING,leftover_source,
2651,1171,one-to-one,dn_1235,iwsk_1335,MISSING,Ippolita,MISSING,NULL,MISSING,nsubj,leftover_target,
2652,1172,one-to-one,dn_1236,iwsk_1336,MISSING,Ippolita,MISSING,NULL,MISSING,nsubj,leftover_target,
2653,1173,one-to-one,dn_1237,iwsk_1337,Giorgio,Giorgio,NULL,NULL,nsubj,nsubj,zero_zero_single,
2654,1174,one-to-one,dn_1238,iwsk_1338,Giorgio,Giorgio,DET,PRON,nmod,nmod,explicit_ref_case,
2655,1175,one-to-one,dn_1239,iwsk_1339,Giorgio,Giorgio,PRON,PRON,nsubj,nsubj,explicit_full,
2656,1175,one-to-one,dn_1239,iwsk_1339,Giorgio,Giorgio,PRON,PRON,obj,obj,explicit_full,
2657,1175,one-to-one,dn_1239,iwsk_1339,Giorgio,Giorgio,PRON,PRON,obj,obj,explicit_full,
2658,1175,one-to-one,dn_1239,iwsk_1339,Giorgio,Giorgio,PRON,NULL,nsubj,nsubj,zero_to_src_anchor,
2659,1175,one-to-one,dn_1239,iwsk_1339,MISSING,Giorgio,MISSING,NULL,MISSING,nsubj,leftover_target,
2660,1175,one-to-one,dn_1239,iwsk_1339,MISSING,Giorgio,MISSING,NULL,MISSING,nsubj,leftover_target,
2661,1176,one-to-one,dn_1240,iwsk_1340,Giorgio,Giorgio,NULL,PRON,nsubj,nsubj,zero_to_tgt_anchor,
2662,1178,one-to-one,dn_1242,iwsk_1342,Giorgio,Giorgio,NULL,NULL,nsubj,nsubj,zero_zero_single,
2663,1178,one-to-one,dn_1242,iwsk_1342,Giorgio,MISSING,PRON-REFLEX,MISSING,obj,MISSING,leftover_source,
2664,1179,one-to-one,dn_1243,iwsk_1343,Ippolita,Ippolita,PROPN,PROPN,nsubj,nsubj,explicit_full,
2665,1180,one-to-one,dn_1244,iwsk_1344,Ippolita,Ippolita,PRON,PRON,nsubj,nsubj,explicit_full,
2666,1181,one-to-one,dn_1245,iwsk_1345,Giorgio,Giorgio,PROPN,PROPN,nsubj,nsubj,explicit_full,
2667,1181,one-to-one,dn_1245,iwsk_1345,Giorgio,Giorgio,PRON,PRON,obj,nmod,explicit_ref_pos,
2668,1181,one-to-one,dn_1245,iwsk_1345,Giorgio,Giorgio,NULL,NULL,nsubj,nsubj,zero_zero_semantic,0.3749155506484031
2669,1181,one-to-one,dn_1245,iwsk_1345,MISSING,Giorgio,MISSING,NULL,MISSING,nsubj,leftover_target,
2670,1181,one-to-one,dn_1245,iwsk_1345,MISSING,Giorgio,MISSING,NULL,MISSING,nsubj,leftover_target,
2671,1181,one-to-one,dn_1245,iwsk_1345,MISSING,Giorgio,MISSING,NULL,MISSING,nsubj,leftover_target,
2672,1181,one-to-one,dn_1245,iwsk_1345,MISSING,Giorgio,MISSING,NULL,MISSING,nsubj,leftover_target,
2673,1183,one-to-one,dn_1247,iwsk_1347,Giorgio,Giorgio,PRON,PRON,obj,nmod,explicit_ref_pos,
2674,1183,one-to-one,dn_1247,iwsk_1347,MISSING,Giorgio,MISSING,NULL,MISSING,nsubj,leftover_target,
2675,1184,one-to-one,dn_1248,iwsk_1348,Giorgio,Giorgio,PRON,PRON,obj,obj,explicit_full,
2676,1184,one-to-one,dn_1248,iwsk_1348,Ippolita,Ippolita,PROPN,PROPN,nmod,nsubj,explicit_ref_pos,
2677,1185,one-to-one,dn_1250,iwsk_1349,Giorgio,Giorgio,PRON,PRON,nsubj,nsubj,explicit_full,
2678,1185,one-to-one,dn_1250,iwsk_1349,Giorgio,MISSING,NULL,MISSING,nsubj,MISSING,leftover_source,
2679,1186,one-to-many,dn_1251,iwsk_1350 iwsk_1351,Giorgio,Giorgio,PRON,NULL,nsubj,nsubj,zero_to_src_anchor,
2680,1186,one-to-many,dn_1251,iwsk_1350 iwsk_1351,Giorgio,MISSING,PRON,MISSING,obj,MISSING,leftover_source,
2681,1186,one-to-many,dn_1251,iwsk_1350 iwsk_1351,Ippolita,Ippolita,PRON,PROPN,nsubj,nsubj,explicit_ref_case,
2682,1187,one-to-one,dn_1252,iwsk_1352,Giorgio,Giorgio,PRON,PRON,obj,obj,explicit_full,
2683,1187,one-to-one,dn_1252,iwsk_1352,Giorgio,Giorgio,NOUN,PRON,obj,nmod,explicit_ref_only,
2684,1187,one-to-one,dn_1252,iwsk_1352,Giorgio,MISSING,NOUN,MISSING,obj,MISSING,leftover_source,
2685,1188,one-to-many,dn_1253,iwsk_1353 iwsk_1354,Giorgio,Giorgio,NOUN,NOUN,obj,obj,explicit_full,
2686,1188,one-to-many,dn_1253,iwsk_1353 iwsk_1354,Giorgio,Giorgio,DET,PRON,nmod,nmod,explicit_ref_case,
2687,1188,one-to-many,dn_1253,iwsk_1353 iwsk_1354,Giorgio,Giorgio,PRON,PRON,nsubj,nmod,explicit_ref_pos,
2688,1188,one-to-many,dn_1253,iwsk_1353 iwsk_1354,Giorgio,Giorgio,NULL,NULL,nsubj,nsubj,zero_zero_semantic,0.4957848090381749
2689,1188,one-to-many,dn_1253,iwsk_1353 iwsk_1354,Giorgio,Giorgio,NULL,NULL,nsubj,nsubj,zero_zero_semantic,0.4658472234476632
2690,1188,one-to-many,dn_1253,iwsk_1353 iwsk_1354,Giorgio,Giorgio,NULL,NULL,nsubj,nsubj,zero_zero_semantic,0.2405464647002628
2691,1188,one-to-many,dn_1253,iwsk_1353 iwsk_1354,Giorgio,MISSING,PRON,MISSING,obj,MISSING,leftover_source,
2692,1190,one-to-one,dn_1255,iwsk_1356,Giorgio,MISSING,NOUN,MISSING,nmod,MISSING,leftover_source,
2693,1191,one-to-one,dn_1256,iwsk_1357,Giorgio,Giorgio,PRON,PRON,nsubj,nsubj,explicit_full,
2694,1195,one-to-one,dn_1260,iwsk_1362,Giorgio,Giorgio,PROPN,PROPN,nsubj,nsubj,explicit_full,
2695,1197,one-to-one,dn_1262,iwsk_1364,Giorgio,Giorgio,DET,PRON,nmod,nmod,explicit_ref_case,
2696,1198,one-to-many,dn_1263,iwsk_1365 iwsk_1366,Giorgio,MISSING,DET,MISSING,nmod,MISSING,leftover_source,
2697,1199,one-to-one,dn_1264,iwsk_1367,Giorgio,Giorgio,PRON,PRON,nsubj,nsubj,explicit_full,
2698,1199,one-to-one,dn_1264,iwsk_1367,Giorgio,Giorgio,PRON,PRON,nsubj,nsubj,explicit_full,
2699,1199,one-to-one,dn_1264,iwsk_1367,Giorgio,Giorgio,DET,PRON,nmod,nmod,explicit_ref_case,
2700,1199,one-to-one,dn_1264,iwsk_1367,MISSING,Giorgio,MISSING,NULL,MISSING,nsubj,leftover_target,
2701,1199,one-to-one,dn_1264,iwsk_1367,MISSING,Giorgio,MISSING,NULL,MISSING,nsubj,leftover_target,
2702,1200,one-to-one,dn_1265,iwsk_1368,Giorgio,Giorgio,NULL,NULL,nsubj,nsubj,zero_zero_semantic,0.3363896907163879
2703,1200,one-to-one,dn_1265,iwsk_1368,Giorgio,Giorgio,PRON,NULL,nsubj,nsubj,zero_to_src_anchor,
2704,1200,one-to-one,dn_1265,iwsk_1368,MISSING,Giorgio,MISSING,NULL,MISSING,nsubj,leftover_target,
2705,1201,one-to-one,dn_1266,iwsk_1369,Giorgio,MISSING,NULL,MISSING,nsubj,MISSING,leftover_source,
2706,1202,one-to-one,dn_1267,iwsk_1370,Giorgio,Giorgio,PRON,PRON,nsubj,nsubj,explicit_full,
2707,1202,one-to-one,dn_1267,iwsk_1370,MISSING,Giorgio,MISSING,NULL,MISSING,nsubj,leftover_target,
2708,1202,one-to-one,dn_1267,iwsk_1370,Ippolita,Ippolita,PRON,PRON,obj,obj,explicit_full,
2709,1203,one-to-one,dn_1268,iwsk_1371,MISSING,Giorgio,MISSING,NULL,MISSING,nsubj,leftover_target,
2710,1203,one-to-one,dn_1268,iwsk_1371,Ippolita,Ippolita,DET,PRON,nmod,nsubj,explicit_ref_only,
2711,1204,many-to-one,dn_1269 dn_1270 dn_1271,iwsk_1372,Giorgio,Giorgio,PRON,PRON,nsubj,nsubj,explicit_full,
2712,1204,many-to-one,dn_1269 dn_1270 dn_1271,iwsk_1372,MISSING,Giorgio,MISSING,NULL,MISSING,nsubj,leftover_target,
2713,1204,many-to-one,dn_1269 dn_1270 dn_1271,iwsk_1372,MISSING,Giorgio,MISSING,PRON,MISSING,nmod,leftover_target,
2714,1204,many-to-one,dn_1269 dn_1270 dn_1271,iwsk_1372,MISSING,Giorgio,MISSING,PRON,MISSING,nmod,leftover_target,
2715,1204,many-to-one,dn_1269 dn_1270 dn_1271,iwsk_1372,MISSING,Giorgio,MISSING,NULL,MISSING,nsubj,leftover_target,
2716,1204,many-to-one,dn_1269 dn_1270 dn_1271,iwsk_1372,Ippolita,Ippolita,PRON,PRON,nsubj,nsubj,explicit_full,
2717,1204,many-to-one,dn_1269 dn_1270 dn_1271,iwsk_1372,Ippolita,Ippolita,PRON,PRON,nsubj,nsubj,explicit_full,
2718,1204,many-to-one,dn_1269 dn_1270 dn_1271,iwsk_1372,Ippolita,Ippolita,NULL,NULL,nsubj,nsubj,zero_zero_semantic,0.3333277154547332
2719,1204,many-to-one,dn_1269 dn_1270 dn_1271,iwsk_1372,Ippolita,Ippolita,NULL,NULL,nsubj,nsubj,zero_zero_semantic,0.45927856529470756
2720,1204,many-to-one,dn_1269 dn_1270 dn_1271,iwsk_1372,Ippolita,MISSING,PRON,MISSING,obj,MISSING,leftover_source,
2721,1204,many-to-one,dn_1269 dn_1270 dn_1271,iwsk_1372,Ippolita,MISSING,PRON,MISSING,obj,MISSING,leftover_source,
2722,1204,many-to-one,dn_1269 dn_1270 dn_1271,iwsk_1372,Ippolita,MISSING,PRON,MISSING,obj,MISSING,leftover_source,
2723,1204,many-to-one,dn_1269 dn_1270 dn_1271,iwsk_1372,Ippolita,MISSING,PRON,MISSING,obj,MISSING,leftover_source,
2724,1204,many-to-one,dn_1269 dn_1270 dn_1271,iwsk_1372,Ippolita,MISSING,PRON,MISSING,obj,MISSING,leftover_source,
2725,1205,one-to-one,dn_1272,iwsk_1373,Giorgio,Giorgio,PRON,PRON,nsubj,nsubj,explicit_full,
2726,1205,one-to-one,dn_1272,iwsk_1373,Giorgio,MISSING,PRON-REFLEX,MISSING,obj,MISSING,leftover_source,
2727,1206,one-to-one,dn_1273,iwsk_1374,Ippolita,Ippolita,DET,PRON,nmod,nmod,explicit_ref_case,
2728,1206,one-to-one,dn_1273,iwsk_1374,Ippolitas-husband,Ippolitas-husband,NOUN,NOUN,nsubj,nsubj,explicit_full,
2729,1206,one-to-one,dn_1273,iwsk_1374,Ippolitas-husband,MISSING,NULL,MISSING,nsubj,MISSING,leftover_source,
2730,1206,one-to-one,dn_1273,iwsk_1374,Ippolitas-husbands-female-friend,Ippolitas-husbands-female-friend,NOUN,NOUN,obj,obj,explicit_full,
2731,1206,one-to-one,dn_1273,iwsk_1374,Ippolitas-husbands-male-friend,Ippolitas-husbands-male-friend,NOUN,NOUN,obj,obj,explicit_full,
2732,1207,one-to-one,dn_1274,iwsk_1375,Ippolita,Ippolita,PRON,PRON,obj,obj,explicit_full,
2733,1207,one-to-one,dn_1274,iwsk_1375,Ippolitas-husband Ippolitas-husbands-male-friend Ippolitas-husbands-female-friend,Ippolitas-husband Ippolitas-husbands-male-friend Ippolitas-husbands-female-friend,NULL,NULL,nsubj,nsubj,zero_zero_single,
2734,1207,one-to-one,dn_1274,iwsk_1375,MISSING,Ippolitas-husband Ippolitas-husbands-male-friend Ippolitas-husbands-female-friend,MISSING,PRON,MISSING,nsubj,leftover_target,
2735,1208,one-to-one,dn_1275,iwsk_1376,Giorgio,Giorgio,PRON,PRON,obj,nsubj,explicit_ref_pos,
2736,1208,one-to-one,dn_1275,iwsk_1376,Giorgio,Giorgio,NULL,NULL,nsubj,nsubj,zero_zero_semantic,0.7017802236904932
2737,1208,one-to-one,dn_1275,iwsk_1376,Giorgio,Giorgio,NULL,NULL,nsubj,nsubj,zero_zero_semantic,0.2895394629401754
2738,1208,one-to-one,dn_1275,iwsk_1376,Giorgio,MISSING,PRON-REFLEX,MISSING,obj,MISSING,leftover_source,
2739,1209,one-to-one,dn_1276,iwsk_1377,Giorgio,Giorgio,PRON,PRON,obj,nsubj,explicit_ref_pos,
2740,1209,one-to-one,dn_1276,iwsk_1377,MISSING,Giorgio,MISSING,NULL,MISSING,nsubj,leftover_target,
2741,1209,one-to-one,dn_1276,iwsk_1377,Ippolitas-husband Ippolitas-husbands-male-friend Ippolitas-husbands-female-friend,Ippolitas-husband Ippolitas-husbands-male-friend Ippolitas-husbands-female-friend,NOUN,PRON,nmod,nsubj,explicit_ref_only,
2742,1209,one-to-one,dn_1276,iwsk_1377,Ippolitas-husband Ippolitas-husbands-male-friend Ippolitas-husbands-female-friend,MISSING,NULL,MISSING,nsubj,MISSING,leftover_source,
2743,1210,one-to-one,dn_1277,iwsk_1378,Giorgio,Giorgio,PRON,PRON,obj,nmod,explicit_ref_pos,
2744,1210,one-to-one,dn_1277,iwsk_1378,Ippolita,Ippolita,PRON,PRON,nsubj,nsubj,explicit_full,
2745,1210,one-to-one,dn_1277,iwsk_1378,Ippolita,Ippolita,NULL,NULL,nsubj,nsubj,zero_zero_single,
2746,1210,one-to-one,dn_1277,iwsk_1378,Ippolitas-husband Ippolitas-husbands-male-friend Ippolitas-husbands-female-friend,Ippolitas-husband Ippolitas-husbands-male-friend Ippolitas-husbands-female-friend,PRON,PRON,nsubj,nsubj,explicit_full,
2747,1211,one-to-many,dn_1278,iwsk_1379 iwsk_1380 iwsk_1381,Giorgio,Giorgio,PRON,PRON,nsubj,nsubj,explicit_full,
2748,1211,one-to-many,dn_1278,iwsk_1379 iwsk_1380 iwsk_1381,Giorgio,Giorgio,NULL,NULL,nsubj,nsubj,zero_zero_single,
2749,1211,one-to-many,dn_1278,iwsk_1379 iwsk_1380 iwsk_1381,Ippolita,Ippolita,PROPN,PROPN,obj,nsubj,explicit_ref_pos,
2750,1211,one-to-many,dn_1278,iwsk_1379 iwsk_1380 iwsk_1381,MISSING,Ippolita,MISSING,PRON,MISSING,nmod,leftover_target,
2751,1211,one-to-many,dn_1278,iwsk_1379 iwsk_1380 iwsk_1381,Ippolitas-husband,Ippolitas-husband,NOUN,NOUN,obj,obj,explicit_full,
2752,1211,one-to-many,dn_1278,iwsk_1379 iwsk_1380 iwsk_1381,Ippolitas-husbands-female-friend,Ippolitas-husbands-female-friend,NOUN,NOUN,obj,nsubj,explicit_ref_pos,
2753,1211,one-to-many,dn_1278,iwsk_1379 iwsk_1380 iwsk_1381,Ippolitas-husbands-male-friend,Ippolitas-husbands-male-friend,NOUN,NOUN,obj,obj,explicit_full,
2754,1212,one-to-many,dn_1279,iwsk_1382 iwsk_1383 iwsk_1384 iwsk_1385,Giorgio,Giorgio,PRON,PRON,nsubj,nsubj,explicit_full,
2755,1212,one-to-many,dn_1279,iwsk_1382 iwsk_1383 iwsk_1384 iwsk_1385,Giorgio,Giorgio,NULL,NULL,nsubj,nsubj,zero_zero_semantic,0.20835764712216903
2756,1212,one-to-many,dn_1279,iwsk_1382 iwsk_1383 iwsk_1384 iwsk_1385,Giorgio,Giorgio,NULL,PRON,nsubj,nsubj,zero_to_tgt_anchor,
2757,1212,one-to-many,dn_1279,iwsk_1382 iwsk_1383 iwsk_1384 iwsk_1385,MISSING,Giorgio,MISSING,PRON,MISSING,nmod,leftover_target,
2758,1212,one-to-many,dn_1279,iwsk_1382 iwsk_1383 iwsk_1384 iwsk_1385,Ippolita,Ippolita,NOUN,NOUN,nsubj,nsubj,explicit_full,
2759,1212,one-to-many,dn_1279,iwsk_1382 iwsk_1383 iwsk_1384 iwsk_1385,MISSING,Ippolita,MISSING,NULL,MISSING,nsubj,leftover_target,
2760,1212,one-to-many,dn_1279,iwsk_1382 iwsk_1383 iwsk_1384 iwsk_1385,Ippolitas-husband Ippolitas-husbands-male-friend Ippolitas-husbands-female-friend,Ippolitas-husband Ippolitas-husbands-male-friend Ippolitas-husbands-female-friend,DET,NOUN,nmod,nmod,explicit_ref_case,
2761,1212,one-to-many,dn_1279,iwsk_1382 iwsk_1383 iwsk_1384 iwsk_1385,Ippolitas-husband Ippolitas-husbands-male-friend Ippolitas-husbands-female-friend,Ippolitas-husband Ippolitas-husbands-male-friend Ippolitas-husbands-female-friend,DET,PRON,nmod,nmod,explicit_ref_case,
2762,1212,one-to-many,dn_1279,iwsk_1382 iwsk_1383 iwsk_1384 iwsk_1385,Ippolitas-husband Ippolitas-husbands-male-friend Ippolitas-husbands-female-friend,Ippolitas-husband Ippolitas-husbands-male-friend Ippolitas-husbands-female-friend,DET,PROPN,nmod,nmod,explicit_ref_case,
2763,1212,one-to-many,dn_1279,iwsk_1382 iwsk_1383 iwsk_1384 iwsk_1385,Ippolitas-husband Ippolitas-husbands-male-friend Ippolitas-husbands-female-friend,MISSING,PRON,MISSING,obj,MISSING,leftover_source,
2764,1212,one-to-many,dn_1279,iwsk_1382 iwsk_1383 iwsk_1384 iwsk_1385,Ippolitas-husband Ippolitas-husbands-male-friend Ippolitas-husbands-female-friend,MISSING,DET,MISSING,nmod,MISSING,leftover_source,
2765,1213,one-to-one,dn_1280,iwsk_1386,Giorgio,MISSING,NULL,MISSING,nsubj,MISSING,leftover_source,
2766,1214,one-to-one,dn_1281,iwsk_1387,Giorgio,Giorgio,NULL,PRON,nsubj,nsubj,zero_to_tgt_anchor,
2767,1215,one-to-one,dn_1282,iwsk_1388,Giorgio,MISSING,NULL,MISSING,nsubj,MISSING,leftover_source,
2768,1215,one-to-one,dn_1282,iwsk_1388,Ippolita,Ippolita,PRON,PRON,obj,obj,explicit_full,
2769,1216,one-to-one,dn_1283,iwsk_1389,Giorgio,MISSING,NULL,MISSING,nsubj,MISSING,leftover_source,
2770,1217,one-to-one,dn_1284,iwsk_1390,Giorgio,Giorgio,NULL,NULL,nsubj,nsubj,zero_zero_semantic,0.17549300062305787
2771,1217,one-to-one,dn_1284,iwsk_1390,Giorgio,Giorgio,NULL,PRON,nsubj,nsubj,zero_to_tgt_anchor,
2772,1220,one-to-one,dn_1287,iwsk_1393,Giorgio,Giorgio,NULL,NULL,nsubj,nsubj,zero_zero_semantic,0.24884235824386916
2773,1220,one-to-one,dn_1287,iwsk_1393,MISSING,Giorgio,MISSING,NULL,MISSING,nsubj,leftover_target,
2774,1220,one-to-one,dn_1287,iwsk_1393,Ippolita,MISSING,PRON,MISSING,obj,MISSING,leftover_source,
2775,1220,one-to-one,dn_1287,iwsk_1393,Ippolita,MISSING,PRON,MISSING,obj,MISSING,leftover_source,
2776,1222,one-to-one,dn_1289,iwsk_1395,Giorgio,Giorgio,PRON,PRON,obj,obj,explicit_full,
2777,1222,one-to-one,dn_1289,iwsk_1395,Ippolita,Ippolita,PRON,PRON,nsubj,nsubj,explicit_full,
2778,1222,one-to-one,dn_1289,iwsk_1395,Ippolita,MISSING,NULL,MISSING,nsubj,MISSING,leftover_source,
2779,1223,one-to-one,dn_1290,iwsk_1396,Ippolita,Ippolita,NULL,NULL,nsubj,nsubj,zero_zero_semantic,0.3545554302551422
2780,1223,one-to-one,dn_1290,iwsk_1396,MISSING,Ippolita,MISSING,NULL,MISSING,nsubj,leftover_target,
2781,1224,one-to-one,dn_1291,iwsk_1397,MISSING,Giorgio,MISSING,PRON,MISSING,obj,leftover_target,
2782,1224,one-to-one,dn_1291,iwsk_1397,Ippolita,Ippolita,PRON,PRON,nsubj,nsubj,explicit_full,
2783,1225,one-to-one,dn_1292,iwsk_1398,Ippolita,Ippolita,NULL,NULL,nsubj,nsubj,zero_zero_single,
2784,1226,one-to-one,dn_1293,iwsk_1399,Ippolita,Ippolita,NULL,NULL,nsubj,nsubj,zero_zero_single,
2785,1227,one-to-one,dn_1294,iwsk_1400,Giorgio,Giorgio,PRON,PRON,nsubj,nsubj,explicit_full,
2786,1228,one-to-one,dn_1295,iwsk_1401,Giorgio,MISSING,NULL,MISSING,nsubj,MISSING,leftover_source,
2787,1228,one-to-one,dn_1295,iwsk_1401,Giorgio,MISSING,NULL,MISSING,nsubj,MISSING,leftover_source,
2788,1228,one-to-one,dn_1295,iwsk_1401,MISSING,Giorgio,MISSING,PRON,MISSING,obj,leftover_target,
2789,1228,one-to-one,dn_1295,iwsk_1401,Ippolita,MISSING,PRON,MISSING,obj,MISSING,leftover_source,
2790,1229,one-to-one,dn_1296,iwsk_1402,Giorgio,Giorgio,NULL,NULL,nsubj,nsubj,zero_zero_semantic,0.3401868388704632
2791,1229,one-to-one,dn_1296,iwsk_1402,Giorgio,Giorgio,NULL,PRON,nsubj,nsubj,zero_to_tgt_anchor,
2792,1229,one-to-one,dn_1296,iwsk_1402,Giorgio,MISSING,NULL,MISSING,nsubj,MISSING,leftover_source,
2793,1230,one-to-one,dn_1297,iwsk_1403,Giorgio,Giorgio,NULL,PRON,nsubj,nsubj,zero_to_tgt_anchor,
2794,1232,one-to-one,dn_1299,iwsk_1405,Ippolita,Ippolita,PROPN,PROPN,nsubj,nsubj,explicit_full,
2795,1233,one-to-one,dn_1300,iwsk_1406,Ippolita,Ippolita,PRON,PRON,nsubj,nsubj,explicit_full,
2796,1233,one-to-one,dn_1300,iwsk_1406,Ippolita,MISSING,NULL,MISSING,nsubj,MISSING,leftover_source,
2797,1235,one-to-one,dn_1302,iwsk_1408,Giorgio,Giorgio,PRON,PRON,nsubj,nsubj,explicit_full,
2798,1237,one-to-one,dn_1304,iwsk_1410,Giorgio,Giorgio,NULL,NULL,nsubj,nsubj,zero_zero_single,
2799,1237,one-to-one,dn_1304,iwsk_1410,MISSING,Giorgio,MISSING,PRON,MISSING,nsubj,leftover_target,
2800,1238,one-to-one,dn_1305,iwsk_1411,Giorgio,Giorgio,NULL,NULL,nsubj,nsubj,zero_zero_single,
2801,1238,one-to-one,dn_1305,iwsk_1411,Ippolita,Ippolita,DET,PRON,nmod,nmod,explicit_ref_case,
2802,1238,one-to-one,dn_1305,iwsk_1411,Ippolita,MISSING,DET,MISSING,nmod,MISSING,leftover_source,
2803,1239,one-to-many,dn_1306,iwsk_1412 iwsk_1413,Giorgio,Giorgio,NULL,NULL,nsubj,nsubj,zero_zero_single,
2804,1239,one-to-many,dn_1306,iwsk_1412 iwsk_1413,Ippolita,MISSING,PRON,MISSING,obj,MISSING,leftover_source,
2805,1240,one-to-one,dn_1307,iwsk_1414,Giorgio,Giorgio,NULL,NULL,nsubj,nsubj,zero_zero_single,
2806,1242,one-to-one,dn_1309,iwsk_1416,Ippolita,Ippolita,DET,PRON,nmod,nmod,explicit_ref_case,
2807,1245,one-to-one,dn_1312,iwsk_1419,Giorgio Ippolita,Giorgio Ippolita,NULL,NULL,nsubj,nsubj,zero_zero_single,
2808,1245,one-to-one,dn_1312,iwsk_1419,Giorgio Ippolita,MISSING,PRON-REFLEX,MISSING,obj,MISSING,leftover_source,
2809,1245,one-to-one,dn_1312,iwsk_1419,MISSING,Giorgio Ippolita,MISSING,PRON,MISSING,nsubj,leftover_target,
2810,1246,one-to-one,dn_1313,iwsk_1420,Giorgio,Giorgio,NULL,NULL,nsubj,nsubj,zero_zero_single,
2811,1246,one-to-one,dn_1313,iwsk_1420,Giorgio,MISSING,PRON-REFLEX,MISSING,obj,MISSING,leftover_source,
2812,1247,one-to-one,dn_1314,iwsk_1421,Giorgio Ippolita,Giorgio Ippolita,NULL,NULL,nsubj,nsubj,zero_zero_single,
2813,1248,one-to-one,dn_1315,iwsk_1422,Ippolitas-sister-in-law,Ippolitas-sister-in-law,NOUN,NOUN,nsubj,vocative,explicit_ref_pos,
2814,1249,one-to-one,dn_1316,iwsk_1423,Giorgio,MISSING,PRON-REFLEX,MISSING,obj,MISSING,leftover_source,
2815,1249,one-to-one,dn_1316,iwsk_1423,Giorgio,MISSING,NULL,MISSING,nsubj,MISSING,leftover_source,
2816,1249,one-to-one,dn_1316,iwsk_1423,MISSING,Giorgio Ippolita,MISSING,PRON,MISSING,nsubj,leftover_target,
2817,1250,one-to-one,dn_1317,iwsk_1424,Giorgio,Giorgio,PRON,PRON,nsubj,nsubj,explicit_full,
2818,1250,one-to-one,dn_1317,iwsk_1424,MISSING,Giorgio,MISSING,NULL,MISSING,nsubj,leftover_target,
2819,1250,one-to-one,dn_1317,iwsk_1424,MISSING,Giorgio,MISSING,NULL,MISSING,nsubj,leftover_target,
2820,1252,one-to-one,dn_1319,iwsk_1426,Giorgio Ippolita,Giorgio Ippolita,PRON,NOUN,nsubj,nsubj,explicit_ref_case,
2821,1252,one-to-one,dn_1319,iwsk_1426,MISSING,Giorgio Ippolita,MISSING,NULL,MISSING,nsubj,leftover_target,
2822,1253,one-to-one,dn_1320,iwsk_1427,Giorgio,Giorgio,NULL,PRON,nsubj,nsubj,zero_to_tgt_anchor,
2823,1254,one-to-one,dn_1321,iwsk_1428,Giorgio,Giorgio,PRON,PRON,obj,nmod,explicit_ref_pos,
2824,1256,one-to-one,dn_1323,iwsk_1430,Giorgio,Giorgio,NULL,PRON,nsubj,nsubj,zero_to_tgt_anchor,
2825,1257,one-to-one,dn_1324,iwsk_1431,Ippolita,Ippolita,NULL,PRON,nsubj,nsubj,zero_to_tgt_anchor,
2826,1258,one-to-one,dn_1325,iwsk_1432,Ippolita,Ippolita,PRON,PRON,nsubj,nsubj,explicit_full,
2827,1259,one-to-one,dn_1326,iwsk_1433,Giorgio Ippolita,Giorgio Ippolita,DET,PRON,nmod,nmod,explicit_ref_case,
2828,1259,one-to-one,dn_1326,iwsk_1433,Giorgio Ippolita,Giorgio Ippolita,NULL,NULL,nsubj,nsubj,zero_zero_single,
2829,1259,one-to-one,dn_1326,iwsk_1433,MISSING,Ippolita,MISSING,PRON,MISSING,nsubj,leftover_target,
2830,1260,one-to-one,dn_1327,iwsk_1434,Giorgio Ippolita,Giorgio Ippolita,NULL,NOUN,nsubj,nsubj,zero_to_tgt_anchor,
2831,1261,one-to-one,dn_1328,iwsk_1435,Giorgio,Giorgio,PRON,PRON,obj,nmod,explicit_ref_pos,
2832,1261,one-to-one,dn_1328,iwsk_1435,Giorgio,MISSING,NULL,MISSING,nsubj,MISSING,leftover_source,
2833,1261,one-to-one,dn_1328,iwsk_1435,Giorgio,MISSING,PRON,MISSING,obj,MISSING,leftover_source,
2834,1263,one-to-one,dn_1330,iwsk_1437,Giorgio,Giorgio,DET,PRON,nmod,nmod,explicit_ref_case,
2835,1263,one-to-one,dn_1330,iwsk_1437,Giorgio,Giorgio,NULL,PRON,nsubj,nsubj,zero_to_tgt_anchor,
2836,1263,one-to-one,dn_1330,iwsk_1437,Ippolita,Ippolita,PRON,PRON,nsubj,nsubj,explicit_full,
2837,1263,one-to-one,dn_1330,iwsk_1437,MISSING,Ippolita,MISSING,NULL,MISSING,nsubj,leftover_target,
2838,1265,one-to-one,dn_1332,iwsk_1439,Ippolita,Ippolita,DET,PRON,nmod,nmod,explicit_ref_case,
2839,1266,one-to-one,dn_1333,iwsk_1440,Ippolita,Ippolita,DET,PRON,nmod,nmod,explicit_ref_case,
2840,1266,one-to-one,dn_1333,iwsk_1440,MISSING,Ippolita,MISSING,PRON,MISSING,nmod,leftover_target,
2841,1267,one-to-many,dn_1334,iwsk_1441 iwsk_1442,CaterinaCornaro,CaterinaCornaro,PROPN,PROPN,nsubj,nsubj,explicit_full,
2842,1267,one-to-many,dn_1334,iwsk_1441 iwsk_1442,CaterinaCornaro,CaterinaCornaro,NULL,NULL,nsubj,nsubj,zero_zero_semantic,0.1699258590251906
2843,1267,one-to-many,dn_1334,iwsk_1441 iwsk_1442,MISSING,CaterinaCornaro,MISSING,NULL,MISSING,nsubj,leftover_target,
2844,1267,one-to-many,dn_1334,iwsk_1441 iwsk_1442,Giorgio,Giorgio,PRON,PRON,nsubj,nsubj,explicit_full,
2845,1267,one-to-many,dn_1334,iwsk_1441 iwsk_1442,Giorgio,MISSING,NULL,MISSING,nsubj,MISSING,leftover_source,
2846,1267,one-to-many,dn_1334,iwsk_1441 iwsk_1442,Giorgio,MISSING,NULL,MISSING,nsubj,MISSING,leftover_source,
2847,1267,one-to-many,dn_1334,iwsk_1441 iwsk_1442,Ippolita,Ippolita,PRON,PRON,obj,obj,explicit_full,
2848,1268,one-to-one,dn_1335,iwsk_1443,CaterinaCornaro,CaterinaCornaro,NOUN,PROPN,nmod,nmod,explicit_ref_case,
2849,1268,one-to-one,dn_1335,iwsk_1443,Giorgio,Giorgio,DET,PRON,nmod,nmod,explicit_ref_case,
2850,1268,one-to-one,dn_1335,iwsk_1443,Giorgio,Giorgio,NULL,NULL,nsubj,nsubj,zero_zero_semantic,0.495525099115734
2851,1268,one-to-one,dn_1335,iwsk_1443,Giorgio,Giorgio,NULL,NULL,nsubj,nsubj,zero_zero_semantic,0.3461666682731923
2852,1268,one-to-one,dn_1335,iwsk_1443,MISSING,Giorgio,MISSING,PRON,MISSING,nsubj,leftover_target,
2853,1269,one-to-one,dn_1336,iwsk_1444,Ippolita,Ippolita,PRON,PRON,nsubj,nsubj,explicit_full,
2854,1269,one-to-one,dn_1336,iwsk_1444,Ippolita,MISSING,PRON-REFLEX,MISSING,obj,MISSING,leftover_source,
2855,1270,one-to-one,dn_1337,iwsk_1445,Ippolita,Ippolita,PROPN,PROPN,vocative,vocative,explicit_full,
2856,1271,one-to-many,dn_1338,iwsk_1446 iwsk_1447,Giorgio,Giorgio,PRON,PRON,nsubj,nsubj,explicit_full,
2857,1271,one-to-many,dn_1338,iwsk_1446 iwsk_1447,Ippolita,Ippolita,PRON,PRON,nsubj,nsubj,explicit_full,
2858,1271,one-to-many,dn_1338,iwsk_1446 iwsk_1447,Ippolita,Ippolita,DET,PRON,nmod,nmod,explicit_ref_case,
2859,1271,one-to-many,dn_1338,iwsk_1446 iwsk_1447,Ippolita,Ippolita,DET,PRON,nmod,nmod,explicit_ref_case,
2860,1273,one-to-one,dn_1340,iwsk_1449,PaoloVeronese,PaoloVeronese,PROPN,PROPN,nmod,nmod,explicit_full,
2861,1274,one-to-one,dn_1341,iwsk_1450,Giorgio,MISSING,PRON,MISSING,obj,MISSING,leftover_source,
2862,1274,one-to-one,dn_1341,iwsk_1450,Giorgio Ippolita,Giorgio Ippolita,DET,PROPN,nmod,nsubj,explicit_ref_only,
2863,1274,one-to-one,dn_1341,iwsk_1450,PaoloVeronese,MISSING,PROPN,MISSING,nsubj,MISSING,leftover_source,
2864,1275,one-to-one,dn_1342,iwsk_1451,Giorgio Ippolita,Giorgio Ippolita,NULL,PRON,nsubj,nsubj,zero_to_tgt_anchor,
2865,1276,one-to-one,dn_1343,iwsk_1452,Giorgio Ippolita,Giorgio Ippolita,PRON,PRON,obj,nsubj,explicit_ref_pos,
2866,1276,one-to-one,dn_1343,iwsk_1452,Giorgio Ippolita,Giorgio Ippolita,NULL,NULL,nsubj,nsubj,zero_zero_semantic,0.19925234033226294
2867,1276,one-to-one,dn_1343,iwsk_1452,MISSING,Giorgio Ippolita,MISSING,NULL,MISSING,nsubj,leftover_target,
2868,1277,one-to-one,dn_1344,iwsk_1453,Ippolita,Ippolita,NULL,NULL,nsubj,nsubj,zero_zero_single,
2869,1278,one-to-one,dn_1345,iwsk_1454,Giorgio Ippolita,Giorgio Ippolita,NULL,NULL,nsubj,nsubj,zero_zero_semantic,0.48626889877773016
2870,1278,one-to-one,dn_1345,iwsk_1454,Giorgio Ippolita,Giorgio Ippolita,NULL,PRON,nsubj,nsubj,zero_to_tgt_anchor,
2871,1278,one-to-one,dn_1345,iwsk_1454,Giorgio Ippolita,MISSING,PRON-REFLEX,MISSING,obj,MISSING,leftover_source,
2872,1278,one-to-one,dn_1345,iwsk_1454,Giorgio Ippolita,MISSING,PRON-REFLEX,MISSING,obj,MISSING,leftover_source,
2873,1280,one-to-one,dn_1347,iwsk_1456,Ippolita,Ippolita,PRON,PRON,nsubj,nsubj,explicit_full,
2874,1281,many-to-one,dn_1348 dn_1349,iwsk_1457,Giorgio,MISSING,NULL,MISSING,nsubj,MISSING,leftover_source,
2875,1282,one-to-one,dn_1350,iwsk_1458,Ippolita,Ippolita,PROPN,PROPN,nsubj,nsubj,explicit_full,
2876,1283,one-to-one,dn_1351,iwsk_1459,Giorgio,Giorgio,PRON,PRON,nsubj,obj,explicit_ref_pos,
2877,1283,one-to-one,dn_1351,iwsk_1459,Ippolita,Ippolita,DET,PRON,nmod,nsubj,explicit_ref_only,
2878,1284,one-to-one,dn_1352,iwsk_1460,Ippolita,Ippolita,NULL,NULL,nsubj,nsubj,zero_zero_semantic,0.3313232368001571
2879,1284,one-to-one,dn_1352,iwsk_1460,Ippolita,MISSING,DET,MISSING,nmod,MISSING,leftover_source,
2880,1284,one-to-one,dn_1352,iwsk_1460,MISSING,Ippolita,MISSING,NULL,MISSING,nsubj,leftover_target,
2881,1284,one-to-one,dn_1352,iwsk_1460,MISSING,Ippolita,MISSING,NULL,MISSING,nsubj,leftover_target,
2882,1284,one-to-one,dn_1352,iwsk_1460,MISSING,Ippolita,MISSING,NULL,MISSING,nsubj,leftover_target,
2883,1285,one-to-one,dn_1353,iwsk_1461,Ippolita,Ippolita,NULL,PRON,nsubj,nsubj,zero_to_tgt_anchor,
2884,1286,one-to-one,dn_1354,iwsk_1462,Ippolita,Ippolita,NULL,PRON,nsubj,nsubj,zero_to_tgt_anchor,
2885,1286,one-to-one,dn_1354,iwsk_1462,Ippolita,MISSING,NULL,MISSING,nsubj,MISSING,leftover_source,
2886,1287,one-to-one,dn_1355,iwsk_1463,Giorgio,Giorgio,PRON,PRON,obj,obj,explicit_full,
2887,1287,one-to-one,dn_1355,iwsk_1463,Ippolita,Ippolita,NULL,NULL,nsubj,nsubj,zero_zero_semantic,0.21539508837101756
2888,1287,one-to-one,dn_1355,iwsk_1463,Ippolita,Ippolita,NULL,NULL,nsubj,nsubj,zero_zero_semantic,0.3248272369524475
2889,1287,one-to-one,dn_1355,iwsk_1463,Ippolita,Ippolita,PRON-REFLEX,PRON,obj,obj,reflex_obj,
2890,1288,one-to-one,dn_1356,iwsk_1464,Giorgio,Giorgio,NULL,NULL,nsubj,nsubj,zero_zero_single,
2891,1288,one-to-one,dn_1356,iwsk_1464,Giorgio,MISSING,PRON-REFLEX,MISSING,obj,MISSING,leftover_source,
2892,1289,one-to-one,dn_1357,iwsk_1465,Giorgio,Giorgio,PRON,PRON,obj,obj,explicit_full,
2893,1289,one-to-one,dn_1357,iwsk_1465,Ippolita,Ippolita,PRON,PRON,obj,nsubj,explicit_ref_pos,
2894,1289,one-to-one,dn_1357,iwsk_1465,Ippolita,MISSING,NULL,MISSING,nsubj,MISSING,leftover_source,
2895,1289,one-to-one,dn_1357,iwsk_1465,Ippolita,MISSING,NULL,MISSING,nsubj,MISSING,leftover_source,
2896,1290,one-to-one,dn_1358,iwsk_1466,Giorgio,Giorgio,PRON,PRON,nsubj,nsubj,explicit_full,
2897,1290,one-to-one,dn_1358,iwsk_1466,Ippolita,Ippolita,PRON,PRON,obj,obj,explicit_full,
2898,1291,one-to-one,dn_1359,iwsk_1467,Giorgio,Giorgio,PRON,NULL,nsubj,nsubj,zero_to_src_anchor,
2899,1291,one-to-one,dn_1359,iwsk_1467,Ippolita,Ippolita,PRON,PRON,nsubj,nsubj,explicit_full,
2900,1291,one-to-one,dn_1359,iwsk_1467,MISSING,Ippolita,MISSING,NULL,MISSING,nsubj,leftover_target,
2901,1296,one-to-one,dn_1364,iwsk_1472,Giorgio,Giorgio,DET,PRON,nmod,nmod,explicit_ref_case,
2902,1296,one-to-one,dn_1364,iwsk_1472,Ippolita,Ippolita,PRON,NULL,nsubj,nsubj,zero_to_src_anchor,
2903,1297,one-to-one,dn_1365,iwsk_1473,Ippolita,Ippolita,PRON,PRON,nsubj,nsubj,explicit_full,
2904,1297,one-to-one,dn_1365,iwsk_1473,Ippolita,MISSING,PRON-REFLEX,MISSING,obj,MISSING,leftover_source,
2905,1298,one-to-one,dn_1366,iwsk_1474,Giorgio,Giorgio,PROPN,PROPN,nsubj,nsubj,explicit_full,
2906,1298,one-to-one,dn_1366,iwsk_1474,Ippolita,Ippolita,PRON,PRON,obj,nmod,explicit_ref_pos,
2907,1299,one-to-one,dn_1367,iwsk_1475,Giorgio Ippolita,Giorgio Ippolita,DET,NOUN,nmod,nsubj,explicit_ref_only,
2908,1299,one-to-one,dn_1367,iwsk_1475,Giorgio Ippolita,Giorgio Ippolita,NULL,NULL,nsubj,nsubj,zero_zero_single,
2909,1300,one-to-many,dn_1368,iwsk_1476 iwsk_1477,Giorgio Ippolita,Giorgio Ippolita,PRON,PROPN,nsubj,nsubj,explicit_ref_case,
2910,1300,one-to-many,dn_1368,iwsk_1476 iwsk_1477,Giorgio Ippolita,Giorgio Ippolita,DET,NOUN,nmod,nmod,explicit_ref_case,
2911,1300,one-to-many,dn_1368,iwsk_1476 iwsk_1477,Giorgio Ippolita,Giorgio Ippolita,NULL,NULL,nsubj,nsubj,zero_zero_semantic,0.3804854636593741
2912,1300,one-to-many,dn_1368,iwsk_1476 iwsk_1477,MISSING,Giorgio Ippolita,MISSING,NULL,MISSING,nsubj,leftover_target,
2913,1300,one-to-many,dn_1368,iwsk_1476 iwsk_1477,MISSING,Giorgio Ippolita,MISSING,NULL,MISSING,nsubj,leftover_target,
2914,1301,one-to-one,dn_1369,iwsk_1478,Ippolita,Ippolita,PROPN,PROPN,nmod,nmod,explicit_full,
2915,1302,one-to-one,dn_1370,iwsk_1479,Ippolita,Ippolita,PRON,PRON,nmod,nmod,explicit_full,
2916,1303,one-to-many,dn_1371,iwsk_1480 iwsk_1481,Giorgio,Giorgio,PRON,PRON,nsubj,nsubj,explicit_full,
2917,1303,one-to-many,dn_1371,iwsk_1480 iwsk_1481,Giorgio,Giorgio,DET,PRON,nmod,nmod,explicit_ref_case,
2918,1303,one-to-many,dn_1371,iwsk_1480 iwsk_1481,Giorgio,Giorgio,PRON,PRON,obj,nmod,explicit_ref_pos,
2919,1303,one-to-many,dn_1371,iwsk_1480 iwsk_1481,Giorgio,Giorgio,NULL,NULL,nsubj,nsubj,zero_zero_semantic,0.26580321047096883
2920,1303,one-to-many,dn_1371,iwsk_1480 iwsk_1481,Giorgio,Giorgio,NULL,NULL,nsubj,nsubj,zero_zero_semantic,0.33190226154650077
2921,1303,one-to-many,dn_1371,iwsk_1480 iwsk_1481,Giorgio,MISSING,PRON,MISSING,obj,MISSING,leftover_source,
2922,1303,one-to-many,dn_1371,iwsk_1480 iwsk_1481,Ippolita,Ippolita,DET,PRON,nmod,nmod,explicit_ref_case,
2923,1303,one-to-many,dn_1371,iwsk_1480 iwsk_1481,Ippolita,Ippolita,PRON,NULL,nsubj,nsubj,zero_to_src_anchor,
2924,1303,one-to-many,dn_1371,iwsk_1480 iwsk_1481,Ippolita,MISSING,DET,MISSING,nmod,MISSING,leftover_source,
2925,1303,one-to-many,dn_1371,iwsk_1480 iwsk_1481,MISSING,Ippolita,MISSING,NULL,MISSING,nsubj,leftover_target,
2926,1304,one-to-one,dn_1372,iwsk_1482,MISSING,Giorgio,MISSING,PRON,MISSING,nmod,leftover_target,
2927,1304,one-to-one,dn_1372,iwsk_1482,Ippolita,Ippolita,NULL,NULL,nsubj,nsubj,zero_zero_single,
2928,1304,one-to-one,dn_1372,iwsk_1482,Ippolita,MISSING,PRON,MISSING,nsubj,MISSING,leftover_source,
2929,1305,one-to-one,dn_1373,iwsk_1483,Giorgio,Giorgio,DET,NOUN,nmod,nmod,explicit_ref_case,
2930,1305,one-to-one,dn_1373,iwsk_1483,Ippolita,Ippolita,PRON,PRON,nsubj,nsubj,explicit_full,
2931,1305,one-to-one,dn_1373,iwsk_1483,Ippolita,Ippolita,DET,PRON,nmod,nmod,explicit_ref_case,
2932,1306,one-to-one,dn_1374,iwsk_1484,Ippolita,Ippolita,NULL,NULL,nsubj,nsubj,zero_zero_single,
2933,1306,one-to-one,dn_1374,iwsk_1484,Ippolita,MISSING,PRON,MISSING,nsubj,MISSING,leftover_source,
2934,1307,one-to-one,dn_1375,iwsk_1485,MISSING,Giorgio,MISSING,PRON,MISSING,nmod,leftover_target,
2935,1310,one-to-many,dn_1378,iwsk_1488 iwsk_1489,Ippolita,Ippolita,PROPN,PROPN,nmod,nmod,explicit_full,
2936,1310,one-to-many,dn_1378,iwsk_1488 iwsk_1489,MISSING,Ippolita,MISSING,PRON,MISSING,nmod,leftover_target,
2937,1310,one-to-many,dn_1378,iwsk_1488 iwsk_1489,Ippolitas-husband,Ippolitas-husband,NOUN,NOUN,nsubj,nsubj,explicit_full,
2938,1310,one-to-many,dn_1378,iwsk_1488 iwsk_1489,Ippolitas-husband,MISSING,PRON,MISSING,nmod,MISSING,leftover_source,
2939,1310,one-to-many,dn_1378,iwsk_1488 iwsk_1489,Ippolitas-husband,MISSING,DET,MISSING,nmod,MISSING,leftover_source,
2940,1310,one-to-many,dn_1378,iwsk_1488 iwsk_1489,MISSING,Ippolitas-husband,MISSING,NULL,MISSING,nsubj,leftover_target,
2941,1310,one-to-many,dn_1378,iwsk_1488 iwsk_1489,MISSING,Ippolitas-husband,MISSING,NULL,MISSING,nsubj,leftover_target,
2942,1310,one-to-many,dn_1378,iwsk_1488 iwsk_1489,MISSING,Ippolitas-husband,MISSING,NULL,MISSING,nsubj,leftover_target,
2943,1311,one-to-one,dn_1379,iwsk_1490,Ippolita,Ippolita,PROPN,PROPN,nsubj,nsubj,explicit_full,
2944,1311,one-to-one,dn_1379,iwsk_1490,Ippolita,MISSING,PRON,MISSING,obj,MISSING,leftover_source,
2945,1311,one-to-one,dn_1379,iwsk_1490,MISSING,Ippolita,MISSING,NULL,MISSING,nsubj,leftover_target,
2946,1311,one-to-one,dn_1379,iwsk_1490,Ippolitas-mother,Ippolitas-mother,NOUN,NOUN,nmod,nmod,explicit_full,
2947,1311,one-to-one,dn_1379,iwsk_1490,Ippolitas-sister,Ippolitas-sister,NOUN,NOUN,obj,nmod,explicit_ref_pos,
2948,1312,one-to-one,dn_1380,iwsk_1491,Ippolita,MISSING,PRON,MISSING,obj,MISSING,leftover_source,
2949,1312,one-to-one,dn_1380,iwsk_1491,MISSING,Ippolita,MISSING,NULL,MISSING,nsubj,leftover_target,
2950,1314,one-to-one,dn_1382,iwsk_1493,Giorgio,Giorgio,PRON,PRON,nsubj,nmod,explicit_ref_pos,
2951,1314,one-to-one,dn_1382,iwsk_1493,MISSING,Giorgio,MISSING,NULL,MISSING,nsubj,leftover_target,
2952,1314,one-to-one,dn_1382,iwsk_1493,Ippolita,Ippolita,PRON,PRON,nsubj,nsubj,explicit_full,
2953,1315,one-to-one,dn_1383,iwsk_1494,Giorgio,Giorgio,DET,PRON,nmod,nmod,explicit_ref_case,
2954,1315,one-to-one,dn_1383,iwsk_1494,MISSING,Ippolita,MISSING,PRON,MISSING,nmod,leftover_target,
2955,1316,one-to-many,dn_1384,iwsk_1495 iwsk_1496,Giorgio,Giorgio,PRON,PRON,nsubj,obj,explicit_ref_pos,
2956,1316,one-to-many,dn_1384,iwsk_1495 iwsk_1496,Giorgio,Giorgio,PRON,PRON,nsubj,obj,explicit_ref_pos,
2957,1316,one-to-many,dn_1384,iwsk_1495 iwsk_1496,Ippolita,Ippolita,DET,PRON,nmod,nmod,explicit_ref_case,
2958,1316,one-to-many,dn_1384,iwsk_1495 iwsk_1496,Ippolita,Ippolita,DET,PRON,nmod,nmod,explicit_ref_case,
2959,1316,one-to-many,dn_1384,iwsk_1495 iwsk_1496,Ippolita,Ippolita,PRON,PRON,obj,nsubj,explicit_ref_pos,
2960,1316,one-to-many,dn_1384,iwsk_1495 iwsk_1496,Ippolita,MISSING,PRON-REFLEX,MISSING,obj,MISSING,leftover_source,
2961,1316,one-to-many,dn_1384,iwsk_1495 iwsk_1496,MISSING,Ippolita,MISSING,NULL,MISSING,nsubj,leftover_target,
2962,1317,one-to-many,dn_1385,iwsk_1497 iwsk_1498,Giorgio,Giorgio,PRON,PRON,nsubj,obj,explicit_ref_pos,
2963,1317,one-to-many,dn_1385,iwsk_1497 iwsk_1498,Giorgio,Giorgio,NULL,NULL,nsubj,nsubj,zero_zero_semantic,0.2879935539359056
2964,1317,one-to-many,dn_1385,iwsk_1497 iwsk_1498,Giorgio,Giorgio,PRON,NULL,nsubj,nsubj,zero_to_src_anchor,
2965,1317,one-to-many,dn_1385,iwsk_1497 iwsk_1498,Giorgio,MISSING,PRON,MISSING,nsubj,MISSING,leftover_source,
2966,1317,one-to-many,dn_1385,iwsk_1497 iwsk_1498,Ippolita,MISSING,PRON,MISSING,obj,MISSING,leftover_source,
2967,1318,one-to-one,dn_1386,iwsk_1499,Giorgio,Giorgio,PRON,PRON,obj,obj,explicit_full,
2968,1318,one-to-one,dn_1386,iwsk_1499,Giorgio,MISSING,NULL,MISSING,nsubj,MISSING,leftover_source,
2969,1318,one-to-one,dn_1386,iwsk_1499,MISSING,Ippolita,MISSING,PRON,MISSING,nsubj,leftover_target,
2970,1319,one-to-one,dn_1387,iwsk_1500,Giorgio,Giorgio,NULL,NULL,nsubj,nsubj,zero_zero_single,
2971,1319,one-to-one,dn_1387,iwsk_1500,MISSING,Giorgio,MISSING,PRON,MISSING,nmod,leftover_target,
2972,1319,one-to-one,dn_1387,iwsk_1500,Ippolita,Ippolita,DET,PRON,nmod,nmod,explicit_ref_case,
2973,1321,one-to-one,dn_1389,iwsk_1502,Giorgio,Giorgio,NULL,PRON,nsubj,nsubj,zero_to_tgt_anchor,
2974,1321,one-to-one,dn_1389,iwsk_1502,Ippolita,MISSING,PRON,MISSING,obj,MISSING,leftover_source,
2975,1322,one-to-one,dn_1390,iwsk_1503,Giorgio,Giorgio,NULL,NULL,nsubj,nsubj,zero_zero_semantic,0.32066684451542404
2976,1322,one-to-one,dn_1390,iwsk_1503,MISSING,Giorgio,MISSING,PRON,MISSING,nmod,leftover_target,
2977,1322,one-to-one,dn_1390,iwsk_1503,MISSING,Giorgio,MISSING,NULL,MISSING,nsubj,leftover_target,
2978,1322,one-to-one,dn_1390,iwsk_1503,MISSING,Giorgio,MISSING,NULL,MISSING,nsubj,leftover_target,
2979,1322,one-to-one,dn_1390,iwsk_1503,MISSING,Giorgio,MISSING,NULL,MISSING,nsubj,leftover_target,
2980,1322,one-to-one,dn_1390,iwsk_1503,MISSING,Giorgio,MISSING,NULL,MISSING,nsubj,leftover_target,
2981,1322,one-to-one,dn_1390,iwsk_1503,MISSING,Giorgio,MISSING,NULL,MISSING,nsubj,leftover_target,
2982,1322,one-to-one,dn_1390,iwsk_1503,Ippolita,Ippolita,PRON,PRON,obj,obj,explicit_full,
2983,1322,one-to-one,dn_1390,iwsk_1503,Ippolita,Ippolita,DET,PRON,obj,nmod,explicit_ref_only,
2984,1322,one-to-one,dn_1390,iwsk_1503,Ippolita,Ippolita,DET,PRON,obj,nmod,explicit_ref_only,
2985,1323,one-to-one,dn_1391,iwsk_1504,Giorgio,MISSING,NULL,MISSING,nsubj,MISSING,leftover_source,
2986,1323,one-to-one,dn_1391,iwsk_1504,MISSING,Giorgio,MISSING,PRON,MISSING,obj,leftover_target,
2987,1323,one-to-one,dn_1391,iwsk_1504,MISSING,Giorgio,MISSING,PRON,MISSING,obj,leftover_target,
2988,1324,one-to-one,dn_1392,iwsk_1505,Giorgio,Giorgio,DET,PRON,nmod,nmod,explicit_ref_case,
2989,1324,one-to-one,dn_1392,iwsk_1505,Ippolita,Ippolita,NOUN,NOUN,vocative,vocative,explicit_full,
2990,1325,one-to-one,dn_1393,iwsk_1506,Giorgio,Giorgio,NULL,NULL,nsubj,nsubj,zero_zero_semantic,0.28214724907026767
2991,1325,one-to-one,dn_1393,iwsk_1506,Giorgio,Giorgio,NULL,NULL,nsubj,nsubj,zero_zero_semantic,0.3141704744025831
2992,1325,one-to-one,dn_1393,iwsk_1506,Giorgio,MISSING,PRON-REFLEX,MISSING,obj,MISSING,leftover_source,
2993,1325,one-to-one,dn_1393,iwsk_1506,Giorgio,MISSING,PRON-REFLEX,MISSING,obj,MISSING,leftover_source,
2994,1325,one-to-one,dn_1393,iwsk_1506,Giorgio,MISSING,PRON-REFLEX,MISSING,obj,MISSING,leftover_source,
2995,1325,one-to-one,dn_1393,iwsk_1506,MISSING,Giorgio,MISSING,PRON,MISSING,nsubj,leftover_target,
2996,1325,one-to-one,dn_1393,iwsk_1506,MISSING,Giorgio,MISSING,NULL,MISSING,nsubj,leftover_target,
2997,1325,one-to-one,dn_1393,iwsk_1506,MISSING,Giorgio,MISSING,NULL,MISSING,nsubj,leftover_target,
2998,1325,one-to-one,dn_1393,iwsk_1506,MISSING,Giorgio,MISSING,NULL,MISSING,nsubj,leftover_target,
2999,1326,one-to-one,dn_1394,iwsk_1507,Giorgio,Giorgio,PRON,PRON,obj,nsubj,explicit_ref_pos,
3000,1326,one-to-one,dn_1394,iwsk_1507,Giorgio,Giorgio,NULL,NULL,nsubj,nsubj,zero_zero_semantic,0.27508064934724497
3001,1326,one-to-one,dn_1394,iwsk_1507,MISSING,Giorgio,MISSING,NULL,MISSING,nsubj,leftover_target,
3002,1328,one-to-many,dn_1396,iwsk_1509 iwsk_1510,Giorgio,MISSING,NULL,MISSING,nsubj,MISSING,leftover_source,
3003,1328,one-to-many,dn_1396,iwsk_1509 iwsk_1510,Giorgio,MISSING,NULL,MISSING,nsubj,MISSING,leftover_source,
3004,1328,one-to-many,dn_1396,iwsk_1509 iwsk_1510,MISSING,Giorgio,MISSING,PRON,MISSING,obj,leftover_target,
3005,1328,one-to-many,dn_1396,iwsk_1509 iwsk_1510,Ippolita,Ippolita,DET,PRON,obj,nmod,explicit_ref_only,
3006,1330,one-to-one,dn_1398,iwsk_1512,Giorgio,MISSING,PRON,MISSING,obj,MISSING,leftover_source,
3007,1330,one-to-one,dn_1398,iwsk_1512,Ippolita,Ippolita,PRON,PRON,nsubj,nsubj,explicit_full,
3008,1330,one-to-one,dn_1398,iwsk_1512,MISSING,Ippolita,MISSING,NULL,MISSING,nsubj,leftover_target,
3009,1331,one-to-one,dn_1399,iwsk_1513,Giorgio,Giorgio,DET,PRON,obj,nmod,explicit_ref_only,
3010,1331,one-to-one,dn_1399,iwsk_1513,Ippolita,MISSING,PRON,MISSING,obj,MISSING,leftover_source,
3011,1331,one-to-one,dn_1399,iwsk_1513,MISSING,Ippolita,MISSING,NULL,MISSING,nsubj,leftover_target,
3012,1332,one-to-many,dn_1400,iwsk_1514 iwsk_1515 iwsk_1516,Giorgio,Giorgio,PRON,PRON,obj,obj,explicit_full,
3013,1332,one-to-many,dn_1400,iwsk_1514 iwsk_1515 iwsk_1516,Giorgio,Giorgio,PRON,PRON,obj,obj,explicit_full,
3014,1332,one-to-many,dn_1400,iwsk_1514 iwsk_1515 iwsk_1516,Ippolita,Ippolita,PRON,PRON,nsubj,nsubj,explicit_full,
3015,1332,one-to-many,dn_1400,iwsk_1514 iwsk_1515 iwsk_1516,Ippolita,Ippolita,NULL,NULL,nsubj,nsubj,zero_zero_single,
3016,1333,one-to-one,dn_1401,iwsk_1517,Ippolita,Ippolita,NULL,PRON,nsubj,nsubj,zero_to_tgt_anchor,
3017,1333,one-to-one,dn_1401,iwsk_1517,Ippolita,MISSING,NULL,MISSING,nsubj,MISSING,leftover_source,
3018,1334,one-to-one,dn_1402,iwsk_1518,Ippolita,Ippolita,NULL,NULL,nsubj,nsubj,zero_zero_semantic,0.19965014262841296
3019,1334,one-to-one,dn_1402,iwsk_1518,Ippolita,Ippolita,NULL,NULL,nsubj,nsubj,zero_zero_semantic,0.19509818713159421
3020,1334,one-to-one,dn_1402,iwsk_1518,Ippolita,MISSING,PRON,MISSING,nsubj,MISSING,leftover_source,
3021,1335,one-to-one,dn_1403,iwsk_1519,Giorgio,Giorgio,PRON,PRON,nsubj,nsubj,explicit_full,
3022,1335,one-to-one,dn_1403,iwsk_1519,Giorgio,Giorgio,PRON,PRON,obj,nmod,explicit_ref_pos,
3023,1335,one-to-one,dn_1403,iwsk_1519,Giorgio,MISSING,PRON,MISSING,obj,MISSING,leftover_source,
3024,1335,one-to-one,dn_1403,iwsk_1519,Ippolita,Ippolita,PRON,PRON,nsubj,nsubj,explicit_full,
3025,1336,one-to-one,dn_1404,iwsk_1520,Giorgio,MISSING,PRON,MISSING,obj,MISSING,leftover_source,
3026,1336,one-to-one,dn_1404,iwsk_1520,Ippolita,Ippolita,NULL,NULL,nsubj,nsubj,zero_zero_single,
3027,1337,one-to-one,dn_1405,iwsk_1521,Giorgio,Giorgio,PRON,PRON,obj,obj,explicit_full,
3028,1337,one-to-one,dn_1405,iwsk_1521,Giorgio,MISSING,PRON,MISSING,obj,MISSING,leftover_source,
3029,1337,one-to-one,dn_1405,iwsk_1521,Ippolita,Ippolita,NULL,NULL,nsubj,nsubj,zero_zero_semantic,0.28486128224105367
3030,1337,one-to-one,dn_1405,iwsk_1521,Ippolita,Ippolita,NULL,NULL,nsubj,nsubj,zero_zero_semantic,0.5593694959887229
3031,1337,one-to-one,dn_1405,iwsk_1521,Ippolita,Ippolita,NULL,NULL,nsubj,nsubj,zero_zero_semantic,0.0905059658068813
3032,1337,one-to-one,dn_1405,iwsk_1521,Ippolita,MISSING,NULL,MISSING,nsubj,MISSING,leftover_source,
3033,1338,one-to-one,dn_1406,iwsk_1522,Ippolita,Ippolita,PRON,PRON,nsubj,nsubj,explicit_full,
3034,1338,one-to-one,dn_1406,iwsk_1522,MISSING,Ippolita,MISSING,NULL,MISSING,nsubj,leftover_target,
3035,1339,one-to-one,dn_1407,iwsk_1523,Ippolita,Ippolita,PROPN,PRON,vocative,vocative,explicit_ref_case,
3036,1339,one-to-one,dn_1407,iwsk_1523,Ippolita,MISSING,NULL,MISSING,nsubj,MISSING,leftover_source,
3037,1340,one-to-one,dn_1408,iwsk_1524,Ippolita,Ippolita,PRON,PRON,nsubj,nsubj,explicit_full,
3038,1343,one-to-one,dn_1411,iwsk_1527,Giorgio,Giorgio,PRON,PRON,nsubj,nsubj,explicit_full,
3039,1343,one-to-one,dn_1411,iwsk_1527,Giorgios-friend,Giorgios-friend,NOUN,NOUN,nsubj,obj,explicit_ref_pos,
3040,1344,one-to-one,dn_1412,iwsk_1529,Giorgio,Giorgio,PRON,PRON,nsubj,nsubj,explicit_full,
3041,1346,many-to-one,dn_1414 dn_1416,iwsk_1531,Giorgios-friend,Giorgios-friend,NOUN,NOUN,nsubj,nsubj,explicit_full,
3042,1346,many-to-one,dn_1414 dn_1416,iwsk_1531,Giorgios-friend,Giorgios-friend,NULL,NULL,nsubj,nsubj,zero_zero_single,
3043,1346,many-to-one,dn_1414 dn_1416,iwsk_1531,Giorgios-friend,MISSING,PRON-REFLEX,MISSING,obj,MISSING,leftover_source,
3044,1349,one-to-many,dn_1418,iwsk_1533 iwsk_1535,Giorgio,Giorgio,PRON,PRON,obj,nsubj,explicit_ref_pos,
3045,1349,one-to-many,dn_1418,iwsk_1533 iwsk_1535,Giorgio,Giorgio,NULL,NULL,nsubj,nsubj,zero_zero_semantic,0.3609335294243885
3046,1349,one-to-many,dn_1418,iwsk_1533 iwsk_1535,MISSING,Giorgio,MISSING,NULL,MISSING,nsubj,leftover_target,
3047,1349,one-to-many,dn_1418,iwsk_1533 iwsk_1535,Giorgios-friend,Giorgios-friend,NOUN,NOUN,nmod,obj,explicit_ref_pos,
3048,1349,one-to-many,dn_1418,iwsk_1533 iwsk_1535,Ippolita,Ippolita,PRON,PRON,obj,obj,explicit_full,
3049,1352,one-to-one,dn_1421,iwsk_1537,Ippolita,Ippolita,PRON,PRON,nsubj,nsubj,explicit_full,
3050,1352,one-to-one,dn_1421,iwsk_1537,Ippolita,MISSING,NULL,MISSING,nsubj,MISSING,leftover_source,
3051,1355,many-to-one,dn_1424 dn_1425,iwsk_1540,Giorgio,Giorgio,PRON,PRON,obj,nmod,explicit_ref_pos,
3052,1355,many-to-one,dn_1424 dn_1425,iwsk_1540,Giorgio,Giorgio,NULL,NULL,nsubj,nsubj,zero_zero_semantic,0.47096605889853976
3053,1355,many-to-one,dn_1424 dn_1425,iwsk_1540,MISSING,Giorgio,MISSING,NULL,MISSING,nsubj,leftover_target,
3054,1356,one-to-one,dn_1427,iwsk_1541,Ippolita,Ippolita,PRON,PRON,nsubj,nsubj,explicit_full,
3055,1356,one-to-one,dn_1427,iwsk_1541,Ippolita,MISSING,NULL,MISSING,nsubj,MISSING,leftover_source,
3056,1357,one-to-one,dn_1428,iwsk_1542,Giorgio,Giorgio,NULL,NULL,nsubj,nsubj,zero_zero_single,
3057,1357,one-to-one,dn_1428,iwsk_1542,MISSING,Giorgio,MISSING,PRON,MISSING,nsubj,leftover_target,
3058,1357,one-to-one,dn_1428,iwsk_1542,Ippolita,Ippolita,DET,PRON,nmod,nmod,explicit_ref_case,
3059,1358,one-to-one,dn_1429,iwsk_1543,Ippolita,Ippolita,PRON,PRON,nsubj,nsubj,explicit_full,
3060,1359,one-to-one,dn_1430,iwsk_1544,Giorgio,Giorgio,PRON,PRON,nsubj,nsubj,explicit_full,
3061,1359,one-to-one,dn_1430,iwsk_1544,MISSING,Giorgio,MISSING,NULL,MISSING,nsubj,leftover_target,
3062,1359,one-to-one,dn_1430,iwsk_1544,Ippolita,Ippolita,PRON,PRON,nsubj,nsubj,explicit_full,
3063,1359,one-to-one,dn_1430,iwsk_1544,Ippolita,MISSING,DET,MISSING,nmod,MISSING,leftover_source,
3064,1360,one-to-one,dn_1431,iwsk_1545,Ippolita,Ippolita,NULL,NULL,nsubj,nsubj,zero_zero_single,
3065,1360,one-to-one,dn_1431,iwsk_1545,Ippolita,MISSING,PRON,MISSING,obj,MISSING,leftover_source,
3066,1361,one-to-one,dn_1432,iwsk_1546,Giorgio,Giorgio,DET,PRON,nmod,nsubj,explicit_ref_only,
3067,1361,one-to-one,dn_1432,iwsk_1546,Ippolita,MISSING,NULL,MISSING,nsubj,MISSING,leftover_source,
3068,1361,one-to-one,dn_1432,iwsk_1546,MISSING,Ippolita,MISSING,PRON,MISSING,obj,leftover_target,
3069,1363,one-to-one,dn_1434,iwsk_1548,pilgrims,pilgrims,NOUN,NOUN,nsubj,nsubj,explicit_full,
3070,1363,one-to-one,dn_1434,iwsk_1548,MISSING,pilgrims,MISSING,NULL,MISSING,nsubj,leftover_target,
3071,1363,one-to-one,dn_1434,iwsk_1548,MISSING,pilgrims,MISSING,NULL,MISSING,nsubj,leftover_target,
3072,1364,one-to-one,dn_1435,iwsk_1549,Ippolita,MISSING,NOUN,MISSING,obj,MISSING,leftover_source,
3073,1365,one-to-one,dn_1436,iwsk_1550,Giorgio,Giorgio,NULL,NULL,nsubj,nsubj,zero_zero_semantic,0.1963934472356087
3074,1365,one-to-one,dn_1436,iwsk_1550,MISSING,Giorgio,MISSING,NULL,MISSING,nsubj,leftover_target,
3075,1365,one-to-one,dn_1436,iwsk_1550,Ippolita,MISSING,PRON,MISSING,obj,MISSING,leftover_source,
3076,1366,one-to-many,dn_1437,iwsk_1551 iwsk_1552,Giorgio,Giorgio,PRON,PRON,nsubj,nsubj,explicit_full,
3077,1368,one-to-one,dn_1439,iwsk_1554,Ippolita,Ippolita,NULL,NULL,nsubj,nsubj,zero_zero_semantic,0.1875883835554123
3078,1368,one-to-one,dn_1439,iwsk_1554,MISSING,Ippolita,MISSING,NULL,MISSING,nsubj,leftover_target,
3079,1371,one-to-one,dn_1442,iwsk_1557,Giorgio,Giorgio,DET,PRON,nmod,nsubj,explicit_ref_only,
3080,1371,one-to-one,dn_1442,iwsk_1557,Giorgio,Giorgio,NULL,NULL,nsubj,nsubj,zero_zero_single,
3081,1371,one-to-one,dn_1442,iwsk_1557,Giorgio,MISSING,PRON-REFLEX,MISSING,obj,MISSING,leftover_source,
3082,1372,one-to-one,dn_1443,iwsk_1558,Giorgio,MISSING,PRON,MISSING,obj,MISSING,leftover_source,
3083,1372,one-to-one,dn_1443,iwsk_1558,Ippolita,Ippolita,PRON,PRON,nsubj,nsubj,explicit_full,
3084,1373,one-to-one,dn_1444,iwsk_1559,Giorgio,Giorgio,NULL,NULL,nsubj,nsubj,zero_zero_semantic,0.3223092324539074
3085,1373,one-to-one,dn_1444,iwsk_1559,Giorgio,Giorgio,NULL,PRON,nsubj,nsubj,zero_to_tgt_anchor,
3086,1373,one-to-one,dn_1444,iwsk_1559,Ippolita,Ippolita,DET,PRON,nmod,nmod,explicit_ref_case,
3087,1373,one-to-one,dn_1444,iwsk_1559,Ippolita,MISSING,DET,MISSING,nmod,MISSING,leftover_source,
3088,1374,one-to-one,dn_1445,iwsk_1560,Giorgio,Giorgio,NULL,PRON,nsubj,nsubj,zero_to_tgt_anchor,
3089,1377,one-to-one,dn_1448,iwsk_1563,Giorgio,Giorgio,NULL,PRON,nsubj,nsubj,zero_to_tgt_anchor,
3090,1377,one-to-one,dn_1448,iwsk_1563,Ippolita,MISSING,PRON,MISSING,obj,MISSING,leftover_source,
3091,1378,one-to-one,dn_1449,iwsk_1564,Giorgio,MISSING,PRON,MISSING,obj,MISSING,leftover_source,
3092,1378,one-to-one,dn_1449,iwsk_1564,Giorgio,MISSING,PRON,MISSING,obj,MISSING,leftover_source,
3093,1378,one-to-one,dn_1449,iwsk_1564,MISSING,Giorgio,MISSING,NULL,MISSING,nsubj,leftover_target,
3094,1379,one-to-one,dn_1450,iwsk_1565,Giorgio,Giorgio,NULL,NULL,nsubj,nsubj,zero_zero_semantic,0.32993614520017917
3095,1379,one-to-one,dn_1450,iwsk_1565,Giorgio,MISSING,PRON-REFLEX,MISSING,obj,MISSING,leftover_source,
3096,1379,one-to-one,dn_1450,iwsk_1565,Giorgio,MISSING,NULL,MISSING,nsubj,MISSING,leftover_source,
3097,1380,one-to-one,dn_1451,iwsk_1566,Giorgio,Giorgio,NULL,NULL,nsubj,nsubj,zero_zero_semantic,0.32670408487319946
3098,1380,one-to-one,dn_1451,iwsk_1566,MISSING,Giorgio,MISSING,NULL,MISSING,nsubj,leftover_target,
3099,1380,one-to-one,dn_1451,iwsk_1566,MISSING,Giorgio,MISSING,NULL,MISSING,nsubj,leftover_target,
3100,1381,one-to-many,dn_1452,iwsk_1567 iwsk_1568,Giorgio,Giorgio,NULL,NULL,nsubj,nsubj,zero_zero_semantic,0.46281968476517577
3101,1381,one-to-many,dn_1452,iwsk_1567 iwsk_1568,Giorgio,Giorgio,NULL,NULL,nsubj,nsubj,zero_zero_semantic,0.2912351476812668
3102,1381,one-to-many,dn_1452,iwsk_1567 iwsk_1568,Giorgio,MISSING,PRON-REFLEX,MISSING,obj,MISSING,leftover_source,
3103,1381,one-to-many,dn_1452,iwsk_1567 iwsk_1568,MISSING,Giorgio,MISSING,PRON,MISSING,nsubj,leftover_target,
3104,1381,one-to-many,dn_1452,iwsk_1567 iwsk_1568,MISSING,Giorgio,MISSING,PRON,MISSING,nsubj,leftover_target,
3105,1382,one-to-one,dn_1453,iwsk_1569,Giorgio,Giorgio,NULL,NULL,nsubj,nsubj,zero_zero_single,
3106,1382,one-to-one,dn_1453,iwsk_1569,Ippolita,Ippolita,PRON,PRON,obj,nmod,explicit_ref_pos,
3107,1383,one-to-one,dn_1454,iwsk_1570,Cristina,Cristina,PROPN,PROPN,nsubj,nsubj,explicit_full,
3108,1383,one-to-one,dn_1454,iwsk_1570,Cristina,Cristina,NULL,NULL,nsubj,nsubj,zero_zero_single,
3109,1383,one-to-one,dn_1454,iwsk_1570,Cristina,MISSING,NOUN,MISSING,nsubj,MISSING,leftover_source,
3110,1383,one-to-one,dn_1454,iwsk_1570,Giorgio,Giorgio,PRON,PRON,obj,nmod,explicit_ref_pos,
3111,1383,one-to-one,dn_1454,iwsk_1570,Giorgio,MISSING,PRON,MISSING,obj,MISSING,leftover_source,
3112,1384,one-to-many,dn_1455,iwsk_1571 iwsk_1572,Giorgio,Giorgio,PRON,PRON,nsubj,nsubj,explicit_full,
3113,1384,one-to-many,dn_1455,iwsk_1571 iwsk_1572,Giorgio,Giorgio,NULL,NULL,nsubj,nsubj,zero_zero_semantic,0.37899865267940946
3114,1384,one-to-many,dn_1455,iwsk_1571 iwsk_1572,Giorgio,Giorgio,NULL,NULL,nsubj,nsubj,zero_zero_semantic,0.3336111312767245
3115,1384,one-to-many,dn_1455,iwsk_1571 iwsk_1572,Giorgio,MISSING,PRON-REFLEX,MISSING,obj,MISSING,leftover_source,
3116,1384,one-to-many,dn_1455,iwsk_1571 iwsk_1572,Giorgio,MISSING,DET,MISSING,nmod,MISSING,leftover_source,
3117,1384,one-to-many,dn_1455,iwsk_1571 iwsk_1572,Ippolita,Ippolita,DET,PRON,nmod,nmod,explicit_ref_case,
3118,1384,one-to-many,dn_1455,iwsk_1571 iwsk_1572,Ippolita,Ippolita,DET,PRON,nmod,nmod,explicit_ref_case,
3119,1385,one-to-one,dn_1456,iwsk_1573,Cristina,Cristina,NOUN,NOUN,obj,obj,explicit_full,
3120,1385,one-to-one,dn_1456,iwsk_1573,Giorgio,Giorgio,NULL,PRON,nsubj,nsubj,zero_to_tgt_anchor,
3121,1386,one-to-one,dn_1457,iwsk_1574,Cristina,Cristina,DET,NOUN,nmod,nmod,explicit_ref_case,
3122,1386,one-to-one,dn_1457,iwsk_1574,Giorgio,MISSING,PRON,MISSING,obj,MISSING,leftover_source,
3123,1386,one-to-one,dn_1457,iwsk_1574,MISSING,Giorgio,MISSING,NULL,MISSING,nsubj,leftover_target,
3124,1386,one-to-one,dn_1457,iwsk_1574,MISSING,Giorgio,MISSING,NULL,MISSING,nsubj,leftover_target,
3125,1386,one-to-one,dn_1457,iwsk_1574,MISSING,Giorgio,MISSING,NULL,MISSING,nsubj,leftover_target,
3126,1386,one-to-one,dn_1457,iwsk_1574,Ippolita,Ippolita,DET,PRON,nmod,nmod,explicit_ref_case,
3127,1387,one-to-one,dn_1458,iwsk_1575,Giorgio,Giorgio,NULL,NULL,nsubj,nsubj,zero_zero_single,
3128,1387,one-to-one,dn_1458,iwsk_1575,Ippolita,Ippolita,PRON,PRON,obj,obj,explicit_full,
3129,1388,one-to-one,dn_1459,iwsk_1576,MISSING,Giorgio,MISSING,NULL,MISSING,nsubj,leftover_target,
3130,1388,one-to-one,dn_1459,iwsk_1576,Ippolita,Ippolita,PRON,PRON,nsubj,nsubj,explicit_full,
3131,1391,one-to-one,dn_1462,iwsk_1579,Giorgio,Giorgio,NULL,NULL,nsubj,nsubj,zero_zero_single,
3132,1391,one-to-one,dn_1462,iwsk_1579,MISSING,Giorgio,MISSING,PRON,MISSING,nsubj,leftover_target,
3133,1392,one-to-one,dn_1463,iwsk_1580,Cristina,Cristina,NOUN,NOUN,obj,nsubj,explicit_ref_pos,
3134,1392,one-to-one,dn_1463,iwsk_1580,Giorgio,Giorgio,DET,PRON,nmod,nmod,explicit_ref_case,
3135,1392,one-to-one,dn_1463,iwsk_1580,Giorgio,Giorgio,NULL,NULL,nsubj,nsubj,zero_zero_semantic,0.42652491262325876
3136,1392,one-to-one,dn_1463,iwsk_1580,Giorgio,MISSING,NULL,MISSING,nsubj,MISSING,leftover_source,
3137,1392,one-to-one,dn_1463,iwsk_1580,Giorgio,MISSING,PRON,MISSING,obj,MISSING,leftover_source,
3138,1393,one-to-one,dn_1464,iwsk_1581,Ippolita,Ippolita,DET,PRON,nmod,nmod,explicit_ref_case,
3139,1394,one-to-one,dn_1465,iwsk_1582,boys,boys,NOUN,NOUN,nmod,nmod,explicit_full,
3140,1394,one-to-one,dn_1465,iwsk_1582,women,women,NOUN,NOUN,nmod,nmod,explicit_full,
3141,1394,one-to-one,dn_1465,iwsk_1582,women boys,MISSING,PRON-REFLEX,MISSING,obj,MISSING,leftover_source,
3142,1396,one-to-one,dn_1467,iwsk_1585,Giorgio,Giorgio,PRON,PRON,obj,obj,explicit_full,
3143,1396,one-to-one,dn_1467,iwsk_1585,Ippolita,Ippolita,NULL,PRON,nsubj,nsubj,zero_to_tgt_anchor,
3144,1396,one-to-one,dn_1467,iwsk_1585,Ippolita,MISSING,PRON-REFLEX,MISSING,obj,MISSING,leftover_source,
3145,1397,one-to-one,dn_1468,iwsk_1586,Giorgio,Giorgio,PRON,PRON,obj,obj,explicit_full,
3146,1398,one-to-one,dn_1469,iwsk_1587,Giorgio,Giorgio,PRON,PRON,obj,obj,explicit_full,
3147,1398,one-to-one,dn_1469,iwsk_1587,Giorgio,Giorgio,PRON,PRON,obj,obj,explicit_full,
3148,1398,one-to-one,dn_1469,iwsk_1587,Giorgio,MISSING,PRON,MISSING,obj,MISSING,leftover_source,
3149,1398,one-to-one,dn_1469,iwsk_1587,Ippolita,Ippolita,DET,PRON,nmod,nmod,explicit_ref_case,
3150,1399,one-to-one,dn_1470,iwsk_1588,Ippolita,Ippolita,DET,PRON,nmod,nmod,explicit_ref_case,
3151,1400,one-to-one,dn_1471,iwsk_1589,Ippolita,Ippolita,PRON,PRON,obj,obj,explicit_full,
3152,1400,one-to-one,dn_1471,iwsk_1589,Ippolita,Ippolita,PRON,PRON,obj,obj,explicit_full,
3153,1400,one-to-one,dn_1471,iwsk_1589,Ippolita,MISSING,PRON,MISSING,obj,MISSING,leftover_source,
3154,1400,one-to-one,dn_1471,iwsk_1589,MISSING,Ippolita,MISSING,NULL,MISSING,nsubj,leftover_target,
3155,1401,one-to-many,dn_1472,iwsk_1590 iwsk_1591,Giorgio,Giorgio,PRON,PRON,obj,obj,explicit_full,
3156,1401,one-to-many,dn_1472,iwsk_1590 iwsk_1591,Giorgio,Giorgio,PRON,PRON,obj,obj,explicit_full,
3157,1401,one-to-many,dn_1472,iwsk_1590 iwsk_1591,Giorgio,Giorgio,PRON,PRON,obj,obj,explicit_full,
3158,1401,one-to-many,dn_1472,iwsk_1590 iwsk_1591,Giorgio,Giorgio,DET,PRON,nmod,nmod,explicit_ref_case,
3159,1401,one-to-many,dn_1472,iwsk_1590 iwsk_1591,Giorgio,MISSING,PRON,MISSING,obj,MISSING,leftover_source,
3160,1401,one-to-many,dn_1472,iwsk_1590 iwsk_1591,Giorgio,MISSING,PRON,MISSING,obj,MISSING,leftover_source,
3161,1401,one-to-many,dn_1472,iwsk_1590 iwsk_1591,Ippolita,Ippolita,DET,PRON,nmod,nsubj,explicit_ref_only,
3162,1401,one-to-many,dn_1472,iwsk_1590 iwsk_1591,Ippolita,Ippolita,NULL,NULL,nsubj,nsubj,zero_zero_semantic,0.47015876820767366
3163,1401,one-to-many,dn_1472,iwsk_1590 iwsk_1591,Ippolita,Ippolita,NULL,NULL,nsubj,nsubj,zero_zero_semantic,0.17767988803604884
3164,1401,one-to-many,dn_1472,iwsk_1590 iwsk_1591,Ippolita,Ippolita,NULL,NULL,nsubj,nsubj,zero_zero_semantic,0.23479944729820168
3165,1401,one-to-many,dn_1472,iwsk_1590 iwsk_1591,Ippolita,Ippolita,NULL,NULL,nsubj,nsubj,zero_zero_semantic,0.17632510173542226
3166,1401,one-to-many,dn_1472,iwsk_1590 iwsk_1591,Ippolita,Ippolita,NULL,NULL,nsubj,nsubj,zero_zero_semantic,0.23095270905855708
3167,1401,one-to-many,dn_1472,iwsk_1590 iwsk_1591,Ippolita,Ippolita,NULL,NULL,nsubj,nsubj,zero_zero_semantic,0.22480816582489277
3168,1401,one-to-many,dn_1472,iwsk_1590 iwsk_1591,Ippolita,MISSING,DET,MISSING,nmod,MISSING,leftover_source,
3169,1401,one-to-many,dn_1472,iwsk_1590 iwsk_1591,MISSING,Ippolita,MISSING,NULL,MISSING,nsubj,leftover_target,
3170,1403,one-to-many,dn_1474,iwsk_1593 iwsk_1594,Giorgio,Giorgio,PRON,PRON,nsubj,nsubj,explicit_full,
3171,1403,one-to-many,dn_1474,iwsk_1593 iwsk_1594,Giorgio,Giorgio,PRON,PRON,obj,obj,explicit_full,
3172,1403,one-to-many,dn_1474,iwsk_1593 iwsk_1594,Giorgio,Giorgio,NULL,NULL,nsubj,nsubj,zero_zero_semantic,0.30780033670097434
3173,1403,one-to-many,dn_1474,iwsk_1593 iwsk_1594,Giorgio,Giorgio,NULL,NULL,nsubj,nsubj,zero_zero_semantic,0.25004274491380457
3174,1403,one-to-many,dn_1474,iwsk_1593 iwsk_1594,MISSING,Giorgio,MISSING,PRON,MISSING,nmod,leftover_target,
3175,1404,one-to-one,dn_1475,iwsk_1595,Giorgio,Giorgio,NULL,PRON,nsubj,nsubj,zero_to_tgt_anchor,
3176,1404,one-to-one,dn_1475,iwsk_1595,Giorgio,MISSING,PRON-REFLEX,MISSING,obj,MISSING,leftover_source,
3177,1405,one-to-one,dn_1476,iwsk_1596,Giorgio,Giorgio,PRON,PRON,obj,obj,explicit_full,
3178,1405,one-to-one,dn_1476,iwsk_1596,Giorgio,MISSING,PRON,MISSING,obj,MISSING,leftover_source,
3179,1405,one-to-one,dn_1476,iwsk_1596,Giorgio,MISSING,PRON,MISSING,nsubj,MISSING,leftover_source,
3180,1408,one-to-many,dn_1479,iwsk_1599 iwsk_1600,Giorgio,Giorgio,DET,PRON,nmod,nmod,explicit_ref_case,
3181,1408,one-to-many,dn_1479,iwsk_1599 iwsk_1600,Giorgio,Giorgio,DET,PRON,nmod,nmod,explicit_ref_case,
3182,1408,one-to-many,dn_1479,iwsk_1599 iwsk_1600,Giorgio,MISSING,DET,MISSING,nmod,MISSING,leftover_source,
3183,1409,one-to-one,dn_1480,iwsk_1601,Giorgio,Giorgio,PRON,PRON,obj,nsubj,explicit_ref_pos,
3184,1409,one-to-one,dn_1480,iwsk_1601,MISSING,Giorgio,MISSING,NULL,MISSING,nsubj,leftover_target,
3185,1411,one-to-one,dn_1482,iwsk_1603,Giorgio,Giorgio,PRON,PRON,nsubj,nsubj,explicit_full,
3186,1411,one-to-one,dn_1482,iwsk_1603,MISSING,Giorgio,MISSING,NULL,MISSING,nsubj,leftover_target,
3187,1412,one-to-one,dn_1483,iwsk_1604,Giorgio,Giorgio,PRON,PRON,nsubj,nsubj,explicit_full,
3188,1413,one-to-one,dn_1484,iwsk_1605,MISSING,Giorgio,MISSING,NULL,MISSING,nsubj,leftover_target,
3189,1413,one-to-one,dn_1484,iwsk_1605,Ippolita,Ippolita,PRON,PRON,obj,obj,explicit_full,
3190,1413,one-to-one,dn_1484,iwsk_1605,Ippolita,Ippolita,DET,PRON,nmod,nmod,explicit_ref_case,
3191,1413,one-to-one,dn_1484,iwsk_1605,Ippolita,Ippolita,DET,PRON,nmod,nmod,explicit_ref_case,
3192,1413,one-to-one,dn_1484,iwsk_1605,Ippolita,Ippolita,DET,PRON,nmod,obj,explicit_ref_only,
3193,1414,one-to-one,dn_1485,iwsk_1606,Giorgio,Giorgio,PRON,PRON,obj,obj,explicit_full,
3194,1414,one-to-one,dn_1485,iwsk_1606,Giorgio,MISSING,NULL,MISSING,nsubj,MISSING,leftover_source,
3195,1414,one-to-one,dn_1485,iwsk_1606,MISSING,Giorgio,MISSING,PRON,MISSING,nmod,leftover_target,
3196,1414,one-to-one,dn_1485,iwsk_1606,Ippolita,Ippolita,DET,PRON,nmod,nmod,explicit_ref_case,
3197,1414,one-to-one,dn_1485,iwsk_1606,Ippolita,MISSING,PRON,MISSING,obj,MISSING,leftover_source,
3198,1415,one-to-one,dn_1486,iwsk_1607,Giorgio,Giorgio,NULL,PRON,nsubj,nsubj,zero_to_tgt_anchor,
3199,1416,one-to-one,dn_1487,iwsk_1608,Giorgio,Giorgio,DET,PRON,nmod,nmod,explicit_ref_case,
3200,1417,one-to-one,dn_1488,iwsk_1609,Giorgio,Giorgio,NULL,NULL,nsubj,nsubj,zero_zero_semantic,0.4166781725252376
3201,1417,one-to-one,dn_1488,iwsk_1609,Giorgio,Giorgio,NULL,PRON,nsubj,nsubj,zero_to_tgt_anchor,
3202,1417,one-to-one,dn_1488,iwsk_1609,Giorgio,MISSING,NULL,MISSING,nsubj,MISSING,leftover_source,
3203,1418,one-to-many,dn_1489,iwsk_1610 iwsk_1611,Giorgio,Giorgio,PRON,PRON,nmod,nmod,explicit_full,
3204,1419,one-to-one,dn_1490,iwsk_1612,Giorgio,Giorgio,PRON,PRON,obj,obj,explicit_full,
3205,1420,one-to-one,dn_1491,iwsk_1613,Giorgio,MISSING,NULL,MISSING,nsubj,MISSING,leftover_source,
3206,1420,one-to-one,dn_1491,iwsk_1613,MISSING,Giorgio,MISSING,PRON,MISSING,nmod,leftover_target,
3207,1421,one-to-one,dn_1492,iwsk_1614,Giorgio,Giorgio,NULL,NULL,nsubj,nsubj,zero_zero_single,
3208,1422,one-to-one,dn_1493,iwsk_1615,Giorgio,Giorgio,NULL,NULL,nsubj,nsubj,zero_zero_semantic,0.582475427481328
3209,1422,one-to-one,dn_1493,iwsk_1615,MISSING,Giorgio,MISSING,NULL,MISSING,nsubj,leftover_target,
3210,1422,one-to-one,dn_1493,iwsk_1615,MISSING,Giorgio,MISSING,PRON,MISSING,nsubj,leftover_target,
3211,1423,one-to-one,dn_1494,iwsk_1616,Giorgio,Giorgio,PRON,PRON,obj,obj,explicit_full,
3212,1425,one-to-one,dn_1496,iwsk_1618,Giorgio,Giorgio,PRON,PRON,nmod,nmod,explicit_full,
3213,1425,one-to-one,dn_1496,iwsk_1618,Giorgio,Giorgio,NULL,NULL,nsubj,nsubj,zero_zero_semantic,0.3276248761528247
3214,1425,one-to-one,dn_1496,iwsk_1618,MISSING,Giorgio,MISSING,NULL,MISSING,nsubj,leftover_target,
3215,1426,one-to-one,dn_1497,iwsk_1619,Demetrio,Demetrio,PROPN,PROPN,nmod,nmod,explicit_full,
3216,1426,one-to-one,dn_1497,iwsk_1619,Giorgio,Giorgio,DET,PRON,nmod,nmod,explicit_ref_case,
3217,1426,one-to-one,dn_1497,iwsk_1619,Giorgio,MISSING,PRON,MISSING,obj,MISSING,leftover_source,
3218,1427,one-to-one,dn_1498,iwsk_1620,Giorgio,MISSING,PRON,MISSING,nmod,MISSING,leftover_source,
3219,1427,one-to-one,dn_1498,iwsk_1620,Giorgio,MISSING,PRON,MISSING,nmod,MISSING,leftover_source,
3220,1427,one-to-one,dn_1498,iwsk_1620,MISSING,Giorgio,MISSING,NULL,MISSING,nsubj,leftover_target,
3221,1427,one-to-one,dn_1498,iwsk_1620,MISSING,Giorgio,MISSING,NULL,MISSING,nsubj,leftover_target,
3222,1427,one-to-one,dn_1498,iwsk_1620,MISSING,Giorgio,MISSING,NULL,MISSING,nsubj,leftover_target,
3223,1429,one-to-many,dn_1500,iwsk_1622 iwsk_1623,Giorgio,Giorgio,NULL,NULL,nsubj,nsubj,zero_zero_semantic,0.3263459915339394
3224,1429,one-to-many,dn_1500,iwsk_1622 iwsk_1623,Giorgio,Giorgio,NULL,PRON,nsubj,nsubj,zero_to_tgt_anchor,
3225,1429,one-to-many,dn_1500,iwsk_1622 iwsk_1623,MISSING,Giorgio,MISSING,PRON,MISSING,nsubj,leftover_target,
3226,1430,one-to-one,dn_1501,iwsk_1624,Giorgio,Giorgio,PROPN,PROPN,nsubj,nsubj,explicit_full,
3227,1430,one-to-one,dn_1501,iwsk_1624,Ippolita,Ippolita,PROPN,PROPN,obj,nsubj,explicit_ref_pos,
3228,1431,one-to-one,dn_1502,iwsk_1625,Giorgio,MISSING,PRON,MISSING,obj,MISSING,leftover_source,
3229,1431,one-to-one,dn_1502,iwsk_1625,Ippolita,Ippolita,NOUN,PRON,nsubj,nmod,explicit_ref_only,
3230,1432,one-to-one,dn_1503,iwsk_1626,Giorgio,Giorgio,PRON,PRON,obj,obj,explicit_full,
3231,1432,one-to-one,dn_1503,iwsk_1626,Ippolita,Ippolita,PRON,PRON,nsubj,nsubj,explicit_full,
3232,1432,one-to-one,dn_1503,iwsk_1626,MISSING,Ippolita,MISSING,NULL,MISSING,nsubj,leftover_target,
3233,1433,one-to-one,dn_1504,iwsk_1627,Ippolita,MISSING,NULL,MISSING,nsubj,MISSING,leftover_source,
3234,1434,one-to-one,dn_1505,iwsk_1628,Ippolita,Ippolita,PRON,PRON,obj,nmod,explicit_ref_pos,
3235,1435,one-to-one,dn_1506,iwsk_1629,Ippolita,Ippolita,NULL,PRON,nsubj,nsubj,zero_to_tgt_anchor,
3236,1436,one-to-many,dn_1507,iwsk_1630 iwsk_1631,Giorgio,Giorgio,DET,PRON,nmod,nmod,explicit_ref_case,
3237,1436,one-to-many,dn_1507,iwsk_1630 iwsk_1631,Giorgio,Giorgio,NULL,NULL,nsubj,nsubj,zero_zero_single,
3238,1436,one-to-many,dn_1507,iwsk_1630 iwsk_1631,MISSING,Giorgio,MISSING,PRON,MISSING,nsubj,leftover_target,
3239,1437,one-to-one,dn_1508,iwsk_1632,Giorgio,Giorgio,NULL,PRON,nsubj,nsubj,zero_to_tgt_anchor,
3240,1438,one-to-one,dn_1509,iwsk_1633,Giorgio,Giorgio,DET,PRON,nmod,nmod,explicit_ref_case,
3241,1438,one-to-one,dn_1509,iwsk_1633,Giorgio,MISSING,DET,MISSING,nmod,MISSING,leftover_source,
3242,1438,one-to-one,dn_1509,iwsk_1633,Giorgio,MISSING,DET,MISSING,nmod,MISSING,leftover_source,
3243,1439,one-to-one,dn_1510,iwsk_1634,Giorgio,Giorgio,NULL,PRON,nsubj,nsubj,zero_to_tgt_anchor,
3244,1439,one-to-one,dn_1510,iwsk_1634,Ippolita,Ippolita,DET,PRON,nmod,nmod,explicit_ref_case,
3245,1440,one-to-one,dn_1511,iwsk_1635,Giorgio,Giorgio,PRON,PRON,obj,obj,explicit_full,
3246,1440,one-to-one,dn_1511,iwsk_1635,MISSING,Giorgio,MISSING,PRON,MISSING,obj,leftover_target,
3247,1440,one-to-one,dn_1511,iwsk_1635,Ippolita,Ippolita,DET,PRON,nmod,nmod,explicit_ref_case,
3248,1441,many-to-one,dn_1512 dn_1513,iwsk_1636,Giorgio,Giorgio,PRON,PRON,nsubj,nsubj,explicit_full,
3249,1441,many-to-one,dn_1512 dn_1513,iwsk_1636,Giorgio,MISSING,NULL,MISSING,nsubj,MISSING,leftover_source,
3250,1441,many-to-one,dn_1512 dn_1513,iwsk_1636,Ippolita,Ippolita,PRON,PRON,obj,obj,explicit_full,
3251,1441,many-to-one,dn_1512 dn_1513,iwsk_1636,Ippolita,MISSING,PRON,MISSING,obj,MISSING,leftover_source,
3252,1442,one-to-one,dn_1514,iwsk_1637,Giorgio,MISSING,NULL,MISSING,nsubj,MISSING,leftover_source,
3253,1445,one-to-one,dn_1517,iwsk_1640,Giorgio,Giorgio,PROPN,PROPN,nsubj,nsubj,explicit_full,
3254,1445,one-to-one,dn_1517,iwsk_1640,Giorgio,Giorgio,NULL,NULL,nsubj,nsubj,zero_zero_semantic,0.4543089404836431
3255,1445,one-to-one,dn_1517,iwsk_1640,Giorgio,MISSING,PRON,MISSING,obj,MISSING,leftover_source,
3256,1445,one-to-one,dn_1517,iwsk_1640,MISSING,Giorgio,MISSING,NULL,MISSING,nsubj,leftover_target,
3257,1446,one-to-one,dn_1518,iwsk_1641,Giorgio,MISSING,PRON,MISSING,obj,MISSING,leftover_source,
3258,1446,one-to-one,dn_1518,iwsk_1641,Ippolita,Ippolita,PROPN,PROPN,nsubj,nsubj,explicit_full,
3259,1447,one-to-many,dn_1519,iwsk_1642 iwsk_1643 iwsk_1644 iwsk_1645 iwsk_1646,Ippolita,Ippolita,PRON,PRON,nsubj,nsubj,explicit_full,
3260,1447,one-to-many,dn_1519,iwsk_1642 iwsk_1643 iwsk_1644 iwsk_1645 iwsk_1646,Ippolita,Ippolita,PRON,PRON,obj,nsubj,explicit_ref_pos,
3261,1447,one-to-many,dn_1519,iwsk_1642 iwsk_1643 iwsk_1644 iwsk_1645 iwsk_1646,Ippolita,MISSING,PRON-REFLEX,MISSING,obj,MISSING,leftover_source,
3262,1447,one-to-many,dn_1519,iwsk_1642 iwsk_1643 iwsk_1644 iwsk_1645 iwsk_1646,Ippolita,MISSING,PRON,MISSING,obj,MISSING,leftover_source,
3263,1447,one-to-many,dn_1519,iwsk_1642 iwsk_1643 iwsk_1644 iwsk_1645 iwsk_1646,Ippolita,MISSING,PRON-REFLEX,MISSING,obj,MISSING,leftover_source,
3264,1447,one-to-many,dn_1519,iwsk_1642 iwsk_1643 iwsk_1644 iwsk_1645 iwsk_1646,Ippolita,MISSING,NULL,MISSING,nsubj,MISSING,leftover_source,
3265,1447,one-to-many,dn_1519,iwsk_1642 iwsk_1643 iwsk_1644 iwsk_1645 iwsk_1646,Ippolita,MISSING,PRON,MISSING,obj,MISSING,leftover_source,
3266,1447,one-to-many,dn_1519,iwsk_1642 iwsk_1643 iwsk_1644 iwsk_1645 iwsk_1646,Ippolita Ippolitas-husband,MISSING,NULL,MISSING,nsubj,MISSING,leftover_source,
3267,1447,one-to-many,dn_1519,iwsk_1642 iwsk_1643 iwsk_1644 iwsk_1645 iwsk_1646,Ippolitas-husband,Ippolitas-husband,NOUN,NOUN,nsubj,nsubj,explicit_full,
3268,1447,one-to-many,dn_1519,iwsk_1642 iwsk_1643 iwsk_1644 iwsk_1645 iwsk_1646,Ippolitas-husband,Ippolitas-husband,PRON,NOUN,obj,obj,explicit_ref_case,
3269,1447,one-to-many,dn_1519,iwsk_1642 iwsk_1643 iwsk_1644 iwsk_1645 iwsk_1646,Ippolitas-husband,MISSING,PRON,MISSING,obj,MISSING,leftover_source,
3270,1447,one-to-many,dn_1519,iwsk_1642 iwsk_1643 iwsk_1644 iwsk_1645 iwsk_1646,MISSING,Ippolitas-husband,MISSING,NULL,MISSING,nsubj,leftover_target,
3271,1447,one-to-many,dn_1519,iwsk_1642 iwsk_1643 iwsk_1644 iwsk_1645 iwsk_1646,MISSING,Ippolitas-husband,MISSING,NULL,MISSING,nsubj,leftover_target,
3272,1448,one-to-one,dn_1520 dn_1521,iwsk_1647 iwsk_1648 iwsk_1649,MISSING,Giorgio,MISSING,NULL,MISSING,nsubj,leftover_target,
3273,1448,one-to-one,dn_1520 dn_1521,iwsk_1647 iwsk_1648 iwsk_1649,Ippolita,Ippolita,PRON,PRON,obj,nsubj,explicit_ref_pos,
3274,1448,one-to-one,dn_1520 dn_1521,iwsk_1647 iwsk_1648 iwsk_1649,Ippolita,Ippolita,NULL,NULL,nsubj,nsubj,zero_zero_single,
3275,1448,one-to-one,dn_1520 dn_1521,iwsk_1647 iwsk_1648 iwsk_1649,Ippolita,MISSING,PRON-REFLEX,MISSING,obj,MISSING,leftover_source,
3276,1448,one-to-one,dn_1520 dn_1521,iwsk_1647 iwsk_1648 iwsk_1649,Ippolita,MISSING,PRON,MISSING,obj,MISSING,leftover_source,
3277,1448,one-to-one,dn_1520 dn_1521,iwsk_1647 iwsk_1648 iwsk_1649,Ippolitas-husband,Ippolitas-husband,NOUN,NOUN,obj,obj,explicit_full,
3278,1448,one-to-one,dn_1520 dn_1521,iwsk_1647 iwsk_1648 iwsk_1649,MISSING,Ippolitas-husband,MISSING,PRON,MISSING,nmod,leftover_target,
3279,1448,one-to-one,dn_1520 dn_1521,iwsk_1647 iwsk_1648 iwsk_1649,MISSING,Ippolitas-husband,MISSING,NULL,MISSING,nsubj,leftover_target,
3280,1449,one-to-one,dn_1522,iwsk_1650,Giorgio,Giorgio,PROPN,PROPN,vocative,vocative,explicit_full,
3281,1449,one-to-one,dn_1522,iwsk_1650,MISSING,Giorgio,MISSING,NULL,MISSING,nsubj,leftover_target,
3282,1449,one-to-one,dn_1522,iwsk_1650,MISSING,Giorgio,MISSING,NULL,MISSING,nsubj,leftover_target,
3283,1450,one-to-one,dn_1523,iwsk_1651,Giorgio,Giorgio,NOUN,PROPN,nmod,nmod,explicit_ref_case,
3284,1450,one-to-one,dn_1523,iwsk_1651,Ippolita,Ippolita,PRON,PRON,nsubj,nsubj,explicit_full,
3285,1450,one-to-one,dn_1523,iwsk_1651,Ippolita,MISSING,PRON,MISSING,obj,MISSING,leftover_source,
3286,1450,one-to-one,dn_1523,iwsk_1651,MISSING,Ippolita,MISSING,NULL,MISSING,nsubj,leftover_target,
3287,1450,one-to-one,dn_1523,iwsk_1651,MISSING,Ippolita,MISSING,NULL,MISSING,nsubj,leftover_target,
3288,1451,one-to-one,dn_1524,iwsk_1652,Giorgio Ippolita,Giorgio Ippolita,NULL,NULL,nsubj,nsubj,zero_zero_single,
3289,1452,one-to-one,dn_1525,iwsk_1653,Giorgio,Giorgio,PRON,PROPN,nsubj,nsubj,explicit_ref_case,
3290,1452,one-to-one,dn_1525,iwsk_1653,Giorgio,MISSING,NULL,MISSING,nsubj,MISSING,leftover_source,
3291,1453,one-to-one,dn_1526,iwsk_1654,Giorgio,MISSING,NULL,MISSING,nsubj,MISSING,leftover_source,
3292,1453,one-to-one,dn_1526,iwsk_1654,MISSING,Giorgio,MISSING,PRON,MISSING,obj,leftover_target,
3293,1454,one-to-many,dn_1527,iwsk_1655 iwsk_1656,Giorgio,Giorgio,NULL,NULL,nsubj,nsubj,zero_zero_semantic,0.2403665302843644
3294,1454,one-to-many,dn_1527,iwsk_1655 iwsk_1656,Giorgio,MISSING,NULL,MISSING,nsubj,MISSING,leftover_source,
3295,1454,one-to-many,dn_1527,iwsk_1655 iwsk_1656,Giorgio,MISSING,PRON-REFLEX,MISSING,obj,MISSING,leftover_source,
3296,1454,one-to-many,dn_1527,iwsk_1655 iwsk_1656,Ippolita,Ippolita,PRON,PRON,obj,obj,explicit_full,
3297,1454,one-to-many,dn_1527,iwsk_1655 iwsk_1656,Ippolitas-husband,Ippolitas-husband,NOUN,NOUN,nmod,nsubj,explicit_ref_pos,
3298,1455,one-to-one,dn_1528,iwsk_1657,Giorgio,Giorgio,DET,PRON,nmod,nmod,explicit_ref_case,
3299,1455,one-to-one,dn_1528,iwsk_1657,Giorgio,Giorgio,NULL,NULL,nsubj,nsubj,zero_zero_single,
3300,1455,one-to-one,dn_1528,iwsk_1657,MISSING,Giorgio,MISSING,PRON,MISSING,nsubj,leftover_target,
3301,1455,one-to-one,dn_1528,iwsk_1657,Ippolita,Ippolita,PRON,PRON,obj,obj,explicit_full,
3302,1455,one-to-one,dn_1528,iwsk_1657,Ippolita,MISSING,PRON,MISSING,obj,MISSING,leftover_source,
3303,1456,one-to-one,dn_1529,iwsk_1658,MISSING,Giorgio,MISSING,PRON,MISSING,nsubj,leftover_target,
3304,1457,one-to-one,dn_1530,iwsk_1659,Giorgio,Giorgio,DET,PRON,nmod,nmod,explicit_ref_case,
3305,1457,one-to-one,dn_1530,iwsk_1659,Giorgio,MISSING,NULL,MISSING,nsubj,MISSING,leftover_source,
3306,1458,one-to-one,dn_1531,iwsk_1660,Giorgio,Giorgio,PRON,PRON,obj,obj,explicit_full,
3307,1458,one-to-one,dn_1531,iwsk_1660,Giorgio,Giorgio,NULL,NULL,nsubj,nsubj,zero_zero_single,
3308,1458,one-to-one,dn_1531,iwsk_1660,Ippolita,Ippolita,PRON,PRON,obj,nsubj,explicit_ref_pos,
3309,1459,one-to-one,dn_1532,iwsk_1661,Ippolita,Ippolita,NULL,NULL,nsubj,nsubj,zero_zero_semantic,0.2244171413683122
3310,1459,one-to-one,dn_1532,iwsk_1661,Ippolita,Ippolita,NULL,NULL,nsubj,nsubj,zero_zero_semantic,0.18577551614335985
3311,1459,one-to-one,dn_1532,iwsk_1661,Ippolita,MISSING,PRON,MISSING,obj,MISSING,leftover_source,
3312,1460,one-to-one,dn_1533,iwsk_1662,Giorgio,Giorgio,PRON,PRON,nsubj,nsubj,explicit_full,
3313,1461,one-to-one,dn_1534,iwsk_1663,Giorgio,Giorgio,DET,PRON,nmod,nmod,explicit_ref_case,
3314,1461,one-to-one,dn_1534,iwsk_1663,MISSING,Giorgio,MISSING,PRON,MISSING,nmod,leftover_target,
3315,1461,one-to-one,dn_1534,iwsk_1663,Ippolita,Ippolita,PRON,PRON,obj,obj,explicit_full,
3316,1461,one-to-one,dn_1534,iwsk_1663,Ippolita,Ippolita,PRON,PRON,obj,obj,explicit_full,
3317,1461,one-to-one,dn_1534,iwsk_1663,Ippolita,Ippolita,PRON,PRON,obj,obj,explicit_full,
3318,1461,one-to-one,dn_1534,iwsk_1663,Ippolita,Ippolita,PRON,PRON,obj,obj,explicit_full,
3319,1464,one-to-one,dn_1537,iwsk_1666,MISSING,Giorgio,MISSING,PRON,MISSING,nsubj,leftover_target,
3320,1465,one-to-one,dn_1538,iwsk_1667,Ippolita,Ippolita,PROPN,PROPN,vocative,vocative,explicit_full,
3321,1465,one-to-one,dn_1538,iwsk_1667,Ippolita,Ippolita,NULL,NULL,nsubj,nsubj,zero_zero_semantic,0.35985960420863383
3322,1465,one-to-one,dn_1538,iwsk_1667,Ippolita,Ippolita,NULL,NULL,nsubj,nsubj,zero_zero_semantic,0.5225832528081433
3323,1466,one-to-one,dn_1539,iwsk_1668,Giorgio,Giorgio,NULL,NULL,nsubj,nsubj,zero_zero_semantic,0.13090534852101254
3324,1466,one-to-one,dn_1539,iwsk_1668,MISSING,Giorgio,MISSING,PRON,MISSING,nsubj,leftover_target,
3325,1466,one-to-one,dn_1539,iwsk_1668,MISSING,Giorgio,MISSING,NULL,MISSING,nsubj,leftover_target,
3326,1466,one-to-one,dn_1539,iwsk_1668,Ippolita,Ippolita,PRON,PRON,obj,obj,explicit_full,
3327,1466,one-to-one,dn_1539,iwsk_1668,Ippolita,Ippolita,PRON,PRON,obj,obj,explicit_full,
3328,1466,one-to-one,dn_1539,iwsk_1668,Ippolita,Ippolita,PRON,PRON,obj,obj,explicit_full,
3329,1467,one-to-one,dn_1540,iwsk_1669,Giorgio,Giorgio,NULL,NULL,nsubj,nsubj,zero_zero_single,
3330,1467,one-to-one,dn_1540,iwsk_1669,Ippolita,Ippolita,PRON,PRON,obj,obj,explicit_full,
3331,1468,one-to-one,dn_1541,iwsk_1670,Giorgio,Giorgio,PRON,PRON,obj,obj,explicit_full,
3332,1468,one-to-one,dn_1541,iwsk_1670,Ippolita,Ippolita,DET,PRON,nmod,nsubj,explicit_ref_only,
3333,1468,one-to-one,dn_1541,iwsk_1670,Ippolita,Ippolita,NULL,NULL,nsubj,nsubj,zero_zero_single,
3334,1469,one-to-one,dn_1542,iwsk_1671,Giorgio,Giorgio,PRON,PRON,nsubj,nsubj,explicit_full,
3335,1469,one-to-one,dn_1542,iwsk_1671,MISSING,Giorgio,MISSING,NULL,MISSING,nsubj,leftover_target,
3336,1469,one-to-one,dn_1542,iwsk_1671,MISSING,Giorgio,MISSING,NULL,MISSING,nsubj,leftover_target,
3337,1470,one-to-one,dn_1543,iwsk_1672,Giorgio,Giorgio,PRON,PRON,obj,nmod,explicit_ref_pos,
3338,1470,one-to-one,dn_1543,iwsk_1672,Giorgio,Giorgio,NULL,NULL,nsubj,nsubj,zero_zero_single,
3339,1470,one-to-one,dn_1543,iwsk_1672,Giorgio,MISSING,PRON,MISSING,obj,MISSING,leftover_source,
3340,1470,one-to-one,dn_1543,iwsk_1672,Ippolita,Ippolita,DET,PRON,nmod,nmod,explicit_ref_case,
3341,1470,one-to-one,dn_1543,iwsk_1672,Ippolitas-husband,Ippolitas-husband,DET,DET,nmod,nmod,explicit_full,
3342,1473,one-to-one,dn_1546,iwsk_1675,Giorgio,Giorgio,PROPN,PROPN,vocative,vocative,explicit_full,
3343,1473,one-to-one,dn_1546,iwsk_1675,MISSING,Ippolita,MISSING,NULL,MISSING,nsubj,leftover_target,
3344,1474,one-to-one,dn_1547,iwsk_1676,Giorgio Ippolita,MISSING,NULL,MISSING,nsubj,MISSING,leftover_source,
3345,1474,one-to-one,dn_1547,iwsk_1676,MISSING,Ippolita,MISSING,NULL,MISSING,nsubj,leftover_target,
3346,1475,one-to-many,dn_1548,iwsk_1677 iwsk_1678,Giorgio,Giorgio,NOUN,NOUN,nmod,nmod,explicit_full,
3347,1475,one-to-many,dn_1548,iwsk_1677 iwsk_1678,Giorgio,MISSING,PRON,MISSING,obj,MISSING,leftover_source,
3348,1475,one-to-many,dn_1548,iwsk_1677 iwsk_1678,Ippolita,Ippolita,PROPN,PROPN,nsubj,nsubj,explicit_full,
3349,1475,one-to-many,dn_1548,iwsk_1677 iwsk_1678,Ippolita,Ippolita,NULL,NULL,nsubj,nsubj,zero_zero_semantic,0.2923915810426887
3350,1475,one-to-many,dn_1548,iwsk_1677 iwsk_1678,Ippolita,MISSING,DET,MISSING,nmod,MISSING,leftover_source,
3351,1475,one-to-many,dn_1548,iwsk_1677 iwsk_1678,MISSING,Ippolita,MISSING,NULL,MISSING,nsubj,leftover_target,
3352,1475,one-to-many,dn_1548,iwsk_1677 iwsk_1678,MISSING,Ippolita,MISSING,NULL,MISSING,nsubj,leftover_target,
3353,1476,one-to-one,dn_1549,iwsk_1679,Giorgio,Giorgio,PROPN,PROPN,vocative,vocative,explicit_full,
3354,1476,one-to-one,dn_1549,iwsk_1679,Giorgio,MISSING,PRON,MISSING,obj,MISSING,leftover_source,
3355,1476,one-to-one,dn_1549,iwsk_1679,Ippolita,Ippolita,NULL,NULL,nsubj,nsubj,zero_zero_single,
3356,1477,one-to-one,dn_1550,iwsk_1680,Giorgio,Giorgio,PRON,PRON,obj,obj,explicit_full,
3357,1477,one-to-one,dn_1550,iwsk_1680,Ippolita,Ippolita,PRON,PRON,nsubj,nsubj,explicit_full,
3358,1478,one-to-many,dn_1551,iwsk_1681 iwsk_1682,Giorgio,Giorgio,PRON,PRON,nsubj,nsubj,explicit_full,
3359,1478,one-to-many,dn_1551,iwsk_1681 iwsk_1682,Giorgio,Giorgio,NULL,NULL,nsubj,nsubj,zero_zero_semantic,0.629935053335466
3360,1478,one-to-many,dn_1551,iwsk_1681 iwsk_1682,Giorgio,MISSING,PRON,MISSING,obj,MISSING,leftover_source,
3361,1478,one-to-many,dn_1551,iwsk_1681 iwsk_1682,Giorgio,MISSING,NULL,MISSING,nsubj,MISSING,leftover_source,
3362,1479,one-to-one,dn_1552,iwsk_1683,Giorgio Ippolita,Giorgio Ippolita,NULL,NULL,nsubj,nsubj,zero_zero_single,
3363,1479,one-to-one,dn_1552,iwsk_1683,MISSING,Giorgio Ippolita,MISSING,PRON,MISSING,nsubj,leftover_target,
3364,1480,one-to-one,dn_1553,iwsk_1684,Giorgio Ippolita,Giorgio Ippolita,NULL,NULL,nsubj,nsubj,zero_zero_single,
3365,1481,one-to-one,dn_1554,iwsk_1685,Giorgio Ippolita,Giorgio Ippolita,NULL,NOUN,nsubj,nsubj,zero_to_tgt_anchor,
3366,1482,one-to-one,dn_1555,iwsk_1686,Giorgio Ippolita,MISSING,PRON,MISSING,obj,MISSING,leftover_source,
3367,1482,one-to-one,dn_1555,iwsk_1686,MISSING,Giorgio Ippolita,MISSING,NULL,MISSING,nsubj,leftover_target,
3368,1483,one-to-one,dn_1556,iwsk_1687,Giorgio Ippolita,MISSING,PRON,MISSING,obj,MISSING,leftover_source,
3369,1484,one-to-one,dn_1557,iwsk_1688,Giorgio Ippolita,Giorgio Ippolita,PRON,NOUN,nsubj,nsubj,explicit_ref_case,
3370,1484,one-to-one,dn_1557,iwsk_1688,Giorgio Ippolita,MISSING,DET,MISSING,nmod,MISSING,leftover_source,
3371,1484,one-to-one,dn_1557,iwsk_1688,Giorgio Ippolita,MISSING,DET,MISSING,nmod,MISSING,leftover_source,
3372,1484,one-to-one,dn_1557,iwsk_1688,MISSING,Giorgio Ippolita,MISSING,NULL,MISSING,nsubj,leftover_target,
3373,1484,one-to-one,dn_1557,iwsk_1688,MISSING,Giorgio Ippolita,MISSING,NULL,MISSING,nsubj,leftover_target,
3374,1485,one-to-one,dn_1558,iwsk_1689,Giorgio Ippolita,Giorgio Ippolita,DET,PROPN,nmod,nmod,explicit_ref_case,
3375,1485,one-to-one,dn_1558,iwsk_1689,Giorgio Ippolita,MISSING,DET,MISSING,nmod,MISSING,leftover_source,
3376,1486,one-to-one,dn_1559,iwsk_1690,Giorgio,Giorgio,PROPN,PROPN,nsubj,nsubj,explicit_full,
3377,1488,one-to-one,dn_1561,iwsk_1692,Ippolita,Ippolita,PROPN,PROPN,nsubj,nsubj,explicit_full,
3378,1489,one-to-one,dn_1562,iwsk_1693,Ippolita,Ippolita,NULL,PRON,nsubj,nsubj,zero_to_tgt_anchor,
3379,1490,one-to-one,dn_1563,iwsk_1694,Giorgio,MISSING,DET,MISSING,nmod,MISSING,leftover_source,
3380,1490,one-to-one,dn_1563,iwsk_1694,Ippolita,Ippolita,PRON,PRON,obj,nmod,explicit_ref_pos,
3381,1490,one-to-one,dn_1563,iwsk_1694,MISSING,Ippolita,MISSING,PRON,MISSING,nsubj,leftover_target,
3382,1491,one-to-one,dn_1564,iwsk_1695,Giorgio Ippolita,Giorgio Ippolita,PRON,NOUN,nsubj,nsubj,explicit_ref_case,
3383,1491,one-to-one,dn_1564,iwsk_1695,Giorgio Ippolita,Giorgio Ippolita,PRON,NOUN,nmod,nmod,explicit_ref_case,
3384,1491,one-to-one,dn_1564,iwsk_1695,Giorgio Ippolita,MISSING,PRON,MISSING,obj,MISSING,leftover_source,
3385,1491,one-to-one,dn_1564,iwsk_1695,Giorgio Ippolita,MISSING,PRON,MISSING,obj,MISSING,leftover_source,
3386,1491,one-to-one,dn_1564,iwsk_1695,Giorgio Ippolita,MISSING,PRON,MISSING,obj,MISSING,leftover_source,
3387,1491,one-to-one,dn_1564,iwsk_1695,MISSING,Giorgio Ippolita,MISSING,NULL,MISSING,nsubj,leftover_target,
3388,1492,one-to-one,dn_1565,iwsk_1696,Giorgio Ippolita,Giorgio Ippolita,NULL,NULL,nsubj,nsubj,zero_zero_semantic,0.5202860469333759
3389,1492,one-to-one,dn_1565,iwsk_1696,Giorgio Ippolita,Giorgio Ippolita,NULL,NOUN,nsubj,nsubj,zero_to_tgt_anchor,
3390,1492,one-to-one,dn_1565,iwsk_1696,pavers,pavers,NOUN,NOUN,nsubj,nmod,explicit_ref_pos,
3391,1493,one-to-one,dn_1566,iwsk_1697,Giorgio Ippolita,MISSING,DET,MISSING,nmod,MISSING,leftover_source,
3392,1494,one-to-one,dn_1567,iwsk_1699,Giorgio,Giorgio,PROPN,PROPN,nsubj,nsubj,explicit_full,
3393,1494,one-to-one,dn_1567,iwsk_1699,Giorgio,MISSING,PRON,MISSING,obj,MISSING,leftover_source,
3394,1494,one-to-one,dn_1567,iwsk_1699,MISSING,Giorgio,MISSING,NULL,MISSING,nsubj,leftover_target,
3395,1495,one-to-one,dn_1568,iwsk_1698,MISSING,Giorgio,MISSING,NULL,MISSING,nsubj,leftover_target,
3396,1496,one-to-one,dn_1569,iwsk_1700,Giorgio,Giorgio,PRON,PRON,obj,obj,explicit_full,
3397,1496,one-to-one,dn_1569,iwsk_1700,Giorgio,Giorgio,PRON,PRON,obj,obj,explicit_full,
3398,1496,one-to-one,dn_1569,iwsk_1700,Giorgio,Giorgio,PRON,NULL,nsubj,nsubj,zero_to_src_anchor,
3399,1496,one-to-one,dn_1569,iwsk_1700,Giorgio,MISSING,PRON,MISSING,nsubj,MISSING,leftover_source,
3400,1497,one-to-one,dn_1570,iwsk_1701,Giorgio,Giorgio,PRON,PRON,obj,obj,explicit_full,
3401,1498,one-to-one,dn_1571,iwsk_1702,Giorgio,Giorgio,PRON,PRON,nsubj,nsubj,explicit_full,
3402,1499,one-to-one,dn_1572,iwsk_1703,Giorgio Ippolita,Giorgio Ippolita,PRON,PROPN,nsubj,nsubj,explicit_ref_case,
3403,1499,one-to-one,dn_1572,iwsk_1703,Giorgio Ippolita,MISSING,PRON-REFLEX,MISSING,obj,MISSING,leftover_source,
3404,1500,one-to-one,dn_1573,iwsk_1704,Giorgio,Giorgio,PRON,PRON,nsubj,nsubj,explicit_full,
3405,1500,one-to-one,dn_1573,iwsk_1704,Giorgio,MISSING,DET,MISSING,nmod,MISSING,leftover_source,
3406,1500,one-to-one,dn_1573,iwsk_1704,MISSING,Giorgio,MISSING,NULL,MISSING,nsubj,leftover_target,
3407,1501,one-to-one,dn_1574,iwsk_1705,Giorgio,Giorgio,NULL,PRON,nsubj,nsubj,zero_to_tgt_anchor,
3408,1502,one-to-one,dn_1575,iwsk_1706,Giorgio,Giorgio,PRON,PRON,nsubj,nmod,explicit_ref_pos,
3409,1502,one-to-one,dn_1575,iwsk_1706,Giorgio,MISSING,PRON,MISSING,obj,MISSING,leftover_source,
3410,1503,one-to-one,dn_1576,iwsk_1707,Giorgio,Giorgio,NULL,NULL,nsubj,nsubj,zero_zero_single,
3411,1504,one-to-one,dn_1577,iwsk_1708,AlfonsoExili,AlfonsoExili,PROPN,PROPN,obj,nsubj,explicit_ref_pos,
3412,1504,one-to-one,dn_1577,iwsk_1708,Giorgio,Giorgio,PRON,PRON,obj,obj,explicit_full,
3413,1504,one-to-one,dn_1577,iwsk_1708,Giorgio,Giorgio,DET,PRON,nmod,nmod,explicit_ref_case,
3414,1504,one-to-one,dn_1577,iwsk_1708,Giorgio,MISSING,NULL,MISSING,nsubj,MISSING,leftover_source,
3415,1505,one-to-one,dn_1578,iwsk_1709,Giorgio,MISSING,PRON,MISSING,obj,MISSING,leftover_source,
3416,1505,one-to-one,dn_1578,iwsk_1709,Ippolita,Ippolita,PROPN,PROPN,nsubj,nsubj,explicit_full,
3417,1505,one-to-one,dn_1578,iwsk_1709,Ippolita,Ippolita,NULL,NULL,nsubj,nsubj,zero_zero_single,
3418,1507,one-to-one,dn_1580,iwsk_1711,Giorgio,Giorgio,PRON,PRON,obj,obj,explicit_full,
3419,1507,one-to-one,dn_1580,iwsk_1711,Ippolita,Ippolita,PRON,PRON,nsubj,nsubj,explicit_full,
3420,1508,one-to-one,dn_1581,iwsk_1712,MISSING,Giorgio Ippolita,MISSING,NULL,MISSING,nsubj,leftover_target,
3421,1508,one-to-one,dn_1581,iwsk_1712,Ippolita,Ippolita,PRON,NULL,nsubj,nsubj,zero_to_src_anchor,
3422,1509,one-to-one,dn_1582,iwsk_1713,Giorgio,Giorgio,DET,PRON,nmod,nmod,explicit_ref_case,
3423,1509,one-to-one,dn_1582,iwsk_1713,Giorgio,MISSING,PRON,MISSING,obj,MISSING,leftover_source,
3424,1509,one-to-one,dn_1582,iwsk_1713,Ippolita,Ippolita,PRON,PRON,nsubj,nsubj,explicit_full,
3425,1510,one-to-many,dn_1583,iwsk_1714 iwsk_1715,Giorgio,Giorgio,DET,PRON,nmod,nmod,explicit_ref_case,
3426,1510,one-to-many,dn_1583,iwsk_1714 iwsk_1715,Giorgio,Giorgio,PRON,PRON,obj,nmod,explicit_ref_pos,
3427,1510,one-to-many,dn_1583,iwsk_1714 iwsk_1715,Ippolita,Ippolita,PRON,PRON,nsubj,nsubj,explicit_full,
3428,1510,one-to-many,dn_1583,iwsk_1714 iwsk_1715,Ippolita,Ippolita,NULL,NULL,nsubj,nsubj,zero_zero_single,
3429,1511,one-to-one,dn_1584,iwsk_1716,Giorgio,Giorgio,PRON,PRON,nsubj,nsubj,explicit_full,
3430,1511,one-to-one,dn_1584,iwsk_1716,Giorgio,MISSING,PRON,MISSING,obj,MISSING,leftover_source,
3431,1511,one-to-one,dn_1584,iwsk_1716,MISSING,Giorgio,MISSING,NULL,MISSING,nsubj,leftover_target,
3432,1511,one-to-one,dn_1584,iwsk_1716,MISSING,Giorgio,MISSING,NULL,MISSING,nsubj,leftover_target,
3433,1511,one-to-one,dn_1584,iwsk_1716,Ippolita,Ippolita,PROPN,PROPN,obj,nmod,explicit_ref_pos,
3434,1511,one-to-one,dn_1584,iwsk_1716,Ippolita,Ippolita,PRON,DET,obj,nmod,explicit_ref_only,
3435,1512,many-to-one,dn_1585 dn_1586,iwsk_1717,Giorgio,MISSING,PRON,MISSING,obj,MISSING,leftover_source,
3436,1512,many-to-one,dn_1585 dn_1586,iwsk_1717,Ippolita,Ippolita,NULL,NULL,nsubj,nsubj,zero_zero_semantic,0.43105208089477137
3437,1512,many-to-one,dn_1585 dn_1586,iwsk_1717,Ippolita,MISSING,NULL,MISSING,nsubj,MISSING,leftover_source,
3438,1513,one-to-one,dn_1587,iwsk_1718,Giorgio,Giorgio,NULL,NULL,nsubj,nsubj,zero_zero_single,
3439,1513,one-to-one,dn_1587,iwsk_1718,MISSING,Giorgio,MISSING,PRON,MISSING,nsubj,leftover_target,
3440,1515,one-to-one,dn_1590,iwsk_1720,Giorgio,Giorgio,PROPN,PROPN,nsubj,nsubj,explicit_full,
3441,1515,one-to-one,dn_1590,iwsk_1720,Giorgio,MISSING,NULL,MISSING,nsubj,MISSING,leftover_source,
3442,1515,one-to-one,dn_1590,iwsk_1720,Ippolita,Ippolita,PRON,PRON,obj,nmod,explicit_ref_pos,
3443,1516,one-to-one,dn_1592,iwsk_1721,Ippolita,Ippolita,PRON,PRON,nsubj,nsubj,explicit_full,
3444,1517,one-to-many,dn_1594,iwsk_1722 iwsk_1723,Ippolita,Ippolita,PRON,PRON,obj,nsubj,explicit_ref_pos,
3445,1517,one-to-many,dn_1594,iwsk_1722 iwsk_1723,Ippolita,MISSING,NULL,MISSING,nsubj,MISSING,leftover_source,
3446,1517,one-to-many,dn_1594,iwsk_1722 iwsk_1723,Ippolita,MISSING,NULL,MISSING,nsubj,MISSING,leftover_source,
3447,1518,one-to-one,dn_1595,iwsk_1724,Giorgio,Giorgio,PRON,PRON,nsubj,nsubj,explicit_full,
3448,1519,one-to-one,dn_1596,iwsk_1725,Ippolita,Ippolita,PRON,PRON,nsubj,nsubj,explicit_full,
3449,1520,one-to-one,dn_1597,iwsk_1726,Giorgio,Giorgio,PROPN,PROPN,nsubj,nsubj,explicit_full,
3450,1520,one-to-one,dn_1597,iwsk_1726,Giorgio,MISSING,DET,MISSING,nmod,MISSING,leftover_source,
3451,1520,one-to-one,dn_1597,iwsk_1726,Ippolita,Ippolita,PRON,PRON,obj,obj,explicit_full,
3452,1521,one-to-one,dn_1598,iwsk_1727,Giorgio,Giorgio,PRON,PRON,obj,obj,explicit_full,
3453,1521,one-to-one,dn_1598,iwsk_1727,Ippolita,Ippolita,PRON,PRON,nsubj,nsubj,explicit_full,
3454,1522,one-to-many,dn_1599,iwsk_1728 iwsk_1729,Giorgio,Giorgio,PRON,PRON,obj,obj,explicit_full,
3455,1522,one-to-many,dn_1599,iwsk_1728 iwsk_1729,Giorgio,Giorgio,PRON,PRON,nsubj,obj,explicit_ref_pos,
3456,1522,one-to-many,dn_1599,iwsk_1728 iwsk_1729,Ippolita,Ippolita,DET,PRON,nmod,nmod,explicit_ref_case,
3457,1522,one-to-many,dn_1599,iwsk_1728 iwsk_1729,Ippolita,Ippolita,DET,PRON,nmod,nmod,explicit_ref_case,
3458,1522,one-to-many,dn_1599,iwsk_1728 iwsk_1729,Ippolita,MISSING,PRON,MISSING,obj,MISSING,leftover_source,
3459,1522,one-to-many,dn_1599,iwsk_1728 iwsk_1729,Ippolita,MISSING,PRON,MISSING,nsubj,MISSING,leftover_source,
3460,1523,one-to-one,dn_1600,iwsk_1730,Ippolita,Ippolita,PRON,PRON,nsubj,nsubj,explicit_full,
3461,1523,one-to-one,dn_1600,iwsk_1730,Ippolita,MISSING,PRON,MISSING,obj,MISSING,leftover_source,
3462,1523,one-to-one,dn_1600,iwsk_1730,MISSING,Ippolita,MISSING,NULL,MISSING,nsubj,leftover_target,
3463,1524,one-to-one,dn_1601,iwsk_1731,Giorgio,Giorgio,PRON,PRON,nsubj,nsubj,explicit_full,
3464,1525,one-to-one,dn_1602,iwsk_1732,Giorgio,Giorgio,PRON,PROPN,nsubj,nsubj,explicit_ref_case,
3465,1525,one-to-one,dn_1602,iwsk_1732,MISSING,Giorgio,MISSING,NULL,MISSING,nsubj,leftover_target,
3466,1525,one-to-one,dn_1602,iwsk_1732,Ippolita,Ippolita,PRON,PRON,obj,nmod,explicit_ref_pos,
3467,1526,one-to-one,dn_1603,iwsk_1733,Giorgio,Giorgio,DET,PRON,nmod,nmod,explicit_ref_case,
3468,1526,one-to-one,dn_1603,iwsk_1733,Ippolita,Ippolita,PRON,PRON,nsubj,obj,explicit_ref_pos,
3469,1527,one-to-one,dn_1604,iwsk_1734,Giorgio,Giorgio,NOUN,NOUN,nmod,nmod,explicit_full,
3470,1527,one-to-one,dn_1604,iwsk_1734,Ippolita,Ippolita,PRON,PRON,nsubj,obj,explicit_ref_pos,
3471,1528,one-to-one,dn_1605,iwsk_1735,Giorgio Ippolita,Giorgio Ippolita,NULL,NOUN,nsubj,nsubj,zero_to_tgt_anchor,
3472,1528,one-to-one,dn_1605,iwsk_1735,Giorgio Ippolita,MISSING,NULL,MISSING,nsubj,MISSING,leftover_source,
3473,1528,one-to-one,dn_1605,iwsk_1735,Ippolita,Ippolita,NULL,NULL,nsubj,nsubj,zero_zero_single,
3474,1528,one-to-one,dn_1605,iwsk_1735,MISSING,Ippolita,MISSING,PRON,MISSING,nsubj,leftover_target,
3475,1529,one-to-one,dn_1606,iwsk_1736,Giorgio,MISSING,PRON,MISSING,obj,MISSING,leftover_source,
3476,1529,one-to-one,dn_1606,iwsk_1736,Ippolita,Ippolita,NULL,PRON,nsubj,nsubj,zero_to_tgt_anchor,
3477,1530,one-to-one,dn_1607,iwsk_1737,Giorgio Ippolita,Giorgio Ippolita,NULL,NULL,nsubj,nsubj,zero_zero_single,
3478,1530,one-to-one,dn_1607,iwsk_1737,MISSING,Giorgio Ippolita,MISSING,NOUN,MISSING,nsubj,leftover_target,
3479,1531,one-to-one,dn_1608,iwsk_1738,Giorgio Ippolita,Giorgio Ippolita,DET,NOUN,nmod,nmod,explicit_ref_case,
3480,1532,one-to-one,dn_1609,iwsk_1739,Giorgio,Giorgio,PRON,PRON,obj,obj,explicit_full,
3481,1532,one-to-one,dn_1609,iwsk_1739,Ippolita,Ippolita,NULL,NULL,nsubj,nsubj,zero_zero_single,
3482,1533,one-to-one,dn_1610,iwsk_1740,Giorgio,Giorgio,PROPN,PROPN,nsubj,nsubj,explicit_full,
3483,1534,one-to-many,dn_1611,iwsk_1741 iwsk_1742,Giorgio Ippolita,Giorgio Ippolita,NULL,NULL,nsubj,nsubj,zero_zero_semantic,0.15564539386166465
3484,1534,one-to-many,dn_1611,iwsk_1741 iwsk_1742,Giorgio Ippolita,Giorgio Ippolita,NULL,NULL,nsubj,nsubj,zero_zero_semantic,0.35925782223542535
3485,1534,one-to-many,dn_1611,iwsk_1741 iwsk_1742,Giorgio Ippolita,MISSING,NULL,MISSING,nsubj,MISSING,leftover_source,
3486,1535,one-to-one,dn_1612,iwsk_1743,Giorgio,Giorgio,PRON,PRON,obj,nmod,explicit_ref_pos,
3487,1535,one-to-one,dn_1612,iwsk_1743,Ippolita,Ippolita,PRON,PRON,nsubj,nsubj,explicit_full,
3488,1536,one-to-one,dn_1613,iwsk_1744,Ippolita,Ippolita,PRON,PRON,nsubj,nsubj,explicit_full,
3489,1537,one-to-one,dn_1615,iwsk_1745,Ippolita,MISSING,PRON,MISSING,obj,MISSING,leftover_source,
3490,1538,one-to-one,dn_1616,iwsk_1746,Giorgio,Giorgio,DET,PRON,nmod,nmod,explicit_ref_case,
3491,1538,one-to-one,dn_1616,iwsk_1746,Ippolita,Ippolita,PRON,PRON,nsubj,nsubj,explicit_full,
3492,1539,one-to-one,dn_1617,iwsk_1747,Giorgio Ippolita,Giorgio Ippolita,NULL,NOUN,nsubj,nsubj,zero_to_tgt_anchor,
3493,1539,one-to-one,dn_1617,iwsk_1747,Ippolita,MISSING,PRON,MISSING,obj,MISSING,leftover_source,
3494,1540,one-to-one,dn_1618,iwsk_1748,Giorgio Ippolita,Giorgio Ippolita,NULL,NULL,nsubj,nsubj,zero_zero_single,
3495,1541,one-to-one,dn_1619,iwsk_1749,Ippolita,Ippolita,PROPN,PROPN,nsubj,nsubj,explicit_full,
3496,1541,one-to-one,dn_1619,iwsk_1749,Ippolita,MISSING,DET,MISSING,nmod,MISSING,leftover_source,
3497,1541,one-to-one,dn_1619,iwsk_1749,MISSING,Ippolita,MISSING,NULL,MISSING,nsubj,leftover_target,
3498,1542,one-to-one,dn_1620,iwsk_1750,MISSING,Giorgio Ippolita,MISSING,NULL,MISSING,nsubj,leftover_target,
3499,1544,one-to-one,dn_1622,iwsk_1752,MISSING,Ippolita,MISSING,NULL,MISSING,nsubj,leftover_target,
3500,1544,one-to-one,dn_1622,iwsk_1752,MISSING,Ippolita,MISSING,NULL,MISSING,nsubj,leftover_target,
3501,1545,one-to-many,dn_1623,iwsk_1753 iwsk_1754,Giorgio,Giorgio,PROPN,PROPN,nsubj,nsubj,explicit_full,
3502,1545,one-to-many,dn_1623,iwsk_1753 iwsk_1754,Giorgio,Giorgio,NULL,NULL,nsubj,nsubj,zero_zero_single,
3503,1545,one-to-many,dn_1623,iwsk_1753 iwsk_1754,Ippolita,Ippolita,PRON,PRON,nsubj,nsubj,explicit_full,
3504,1545,one-to-many,dn_1623,iwsk_1753 iwsk_1754,Ippolita,Ippolita,PRON,PROPN,nsubj,nsubj,explicit_ref_case,
3505,1545,one-to-many,dn_1623,iwsk_1753 iwsk_1754,Ippolita,Ippolita,NULL,NULL,nsubj,nsubj,zero_zero_single,
3506,1545,one-to-many,dn_1623,iwsk_1753 iwsk_1754,Ippolita,MISSING,PRON,MISSING,obj,MISSING,leftover_source,
3507,1545,one-to-many,dn_1623,iwsk_1753 iwsk_1754,Ippolita,MISSING,PRON,MISSING,obj,MISSING,leftover_source,
3508,1547,one-to-one,dn_1625,iwsk_1756,Ippolita,Ippolita,PRON,PRON,nsubj,nsubj,explicit_full,
3509,1547,one-to-one,dn_1625,iwsk_1756,MISSING,Ippolita,MISSING,NULL,MISSING,nsubj,leftover_target,
3510,1549,one-to-one,dn_1627,iwsk_1758,Giorgio,Giorgio,NULL,NULL,nsubj,nsubj,zero_zero_single,
3511,1550,one-to-one,dn_1628,iwsk_1759,Giorgio,Giorgio,PROPN,PROPN,obj,obj,explicit_full,
3512,1550,one-to-one,dn_1628,iwsk_1759,Ippolita,Ippolita,PRON,PRON,nsubj,nsubj,explicit_full,
3513,1550,one-to-one,dn_1628,iwsk_1759,MISSING,Ippolita,MISSING,NULL,MISSING,nsubj,leftover_target,
3514,1552,one-to-one,dn_1630,iwsk_1761,Ippolita,Ippolita,NULL,NULL,nsubj,nsubj,zero_zero_single,
3515,1553,one-to-one,dn_1631,iwsk_1762,Pancrazio,Pancrazio,PROPN,PROPN,nsubj,nsubj,explicit_full,
3516,1554,one-to-one,dn_1632,iwsk_1763,Giorgio,Giorgio,PROPN,PROPN,obj,obj,explicit_full,
3517,1554,one-to-one,dn_1632,iwsk_1763,Pancrazio,Pancrazio,NULL,NULL,nsubj,nsubj,zero_zero_single,
3518,1555,one-to-one,dn_1633,iwsk_1764,Giorgio,Giorgio,NOUN,NOUN,nmod,nmod,explicit_full,
3519,1555,one-to-one,dn_1633,iwsk_1764,Pancrazio,Pancrazio,PRON,NULL,nsubj,nsubj,zero_to_src_anchor,
3520,1555,one-to-one,dn_1633,iwsk_1764,Pancrazio,MISSING,PRON,MISSING,obj,MISSING,leftover_source,
3521,1555,one-to-one,dn_1633,iwsk_1764,MISSING,Pancrazio,MISSING,NULL,MISSING,nsubj,leftover_target,
3522,1556,one-to-many,dn_1634,iwsk_1765 iwsk_1766 iwsk_1767,Pancrazio,Pancrazio,NULL,NULL,nsubj,nsubj,zero_zero_semantic,0.4857805894345653
3523,1556,one-to-many,dn_1634,iwsk_1765 iwsk_1766 iwsk_1767,Pancrazio,MISSING,PRON,MISSING,obj,MISSING,leftover_source,
3524,1556,one-to-many,dn_1634,iwsk_1765 iwsk_1766 iwsk_1767,Pancrazio,MISSING,PRON,MISSING,obj,MISSING,leftover_source,
3525,1556,one-to-many,dn_1634,iwsk_1765 iwsk_1766 iwsk_1767,MISSING,Pancrazio,MISSING,NULL,MISSING,nsubj,leftover_target,
3526,1557,one-to-one,dn_1635,iwsk_1768,Giorgio Ippolita,Giorgio Ippolita,PRON,NOUN,obj,nsubj,explicit_ref_only,
3527,1557,one-to-one,dn_1635,iwsk_1768,Giorgio Ippolita,MISSING,PRON,MISSING,obj,MISSING,leftover_source,
3528,1557,one-to-one,dn_1635,iwsk_1768,Pancrazio,Pancrazio,NULL,NULL,nsubj,nsubj,zero_zero_single,
3529,1558,many-to-one,dn_1636 dn_1637,iwsk_1769,Pancrazio,Pancrazio,PROPN,PROPN,nsubj,nsubj,explicit_full,
3530,1558,many-to-one,dn_1636 dn_1637,iwsk_1769,MISSING,Pancrazio,MISSING,NULL,MISSING,nsubj,leftover_target,
3531,1559,one-to-one,dn_1638,iwsk_1771,Ippolita,Ippolita,PROPN,PROPN,nsubj,nsubj,explicit_full,
3532,1559,one-to-one,dn_1638,iwsk_1771,Ippolita,MISSING,NULL,MISSING,nsubj,MISSING,leftover_source,
3533,1560,one-to-one,dn_1639,iwsk_1770,Giorgio Ippolita,Giorgio Ippolita,NULL,NULL,nsubj,nsubj,zero_zero_single,
3534,1561,one-to-one,dn_1640,iwsk_1772,Pancrazio,Pancrazio,PROPN,PROPN,nsubj,nsubj,explicit_full,
3535,1562,one-to-one,dn_1641,iwsk_1773,Ippolita,Ippolita,NOUN,NOUN,obj,obj,explicit_full,
3536,1562,one-to-one,dn_1641,iwsk_1773,Pancrazio,Pancrazio,NULL,NULL,nsubj,nsubj,zero_zero_semantic,0.41583121291228703
3537,1562,one-to-one,dn_1641,iwsk_1773,MISSING,Pancrazio,MISSING,NULL,MISSING,nsubj,leftover_target,
3538,1563,one-to-one,dn_1642,iwsk_1774,Pancrazio,Pancrazio,PRON,DET,obj,nmod,explicit_ref_only,
3539,1564,one-to-one,dn_1643,iwsk_1775,MISSING,Giorgio,MISSING,PROPN,MISSING,nsubj,leftover_target,
3540,1564,one-to-one,dn_1643,iwsk_1775,MISSING,Giorgio,MISSING,NULL,MISSING,nsubj,leftover_target,
3541,1564,one-to-one,dn_1643,iwsk_1775,Pancrazio,MISSING,PRON,MISSING,nsubj,MISSING,leftover_source,
3542,1566,one-to-one,dn_1645,iwsk_1777,Giorgio Ippolita,Giorgio Ippolita,NOUN,NOUN,nsubj,nsubj,explicit_full,
3543,1566,one-to-one,dn_1645,iwsk_1777,Giorgio Ippolita,Giorgio Ippolita,NULL,NULL,nsubj,nsubj,zero_zero_semantic,0.3219098494533531
3544,1566,one-to-one,dn_1645,iwsk_1777,MISSING,Giorgio Ippolita,MISSING,NULL,MISSING,nsubj,leftover_target,
3545,1566,one-to-one,dn_1645,iwsk_1777,MISSING,Giorgio Ippolita,MISSING,NULL,MISSING,nsubj,leftover_target,
3546,1566,one-to-one,dn_1645,iwsk_1777,MISSING,Giorgio Ippolita,MISSING,NULL,MISSING,nsubj,leftover_target,
3547,1567,one-to-one,dn_1646,iwsk_1778,Giorgio Ippolita,MISSING,PRON,MISSING,obj,MISSING,leftover_source,
3548,1567,one-to-one,dn_1646,iwsk_1778,Pancrazio,Pancrazio,NOUN,NOUN,nsubj,nsubj,explicit_full,
3549,1568,one-to-one,dn_1647,iwsk_1779,Pancrazio,Pancrazio,NULL,NULL,nsubj,nsubj,zero_zero_single,
3550,1569,one-to-one,dn_1648,iwsk_1780,Giorgio,Giorgio,PROPN,PROPN,nsubj,nsubj,explicit_full,
3551,1569,one-to-one,dn_1648,iwsk_1780,MISSING,Giorgio,MISSING,NULL,MISSING,nsubj,leftover_target,
3552,1570,one-to-one,dn_1649,iwsk_1781,Giorgio Ippolita,Giorgio Ippolita,NULL,NULL,nsubj,nsubj,zero_zero_semantic,0.1550252970594626
3553,1570,one-to-one,dn_1649,iwsk_1781,Giorgio Ippolita,Giorgio Ippolita,NULL,NULL,nsubj,nsubj,zero_zero_semantic,0.24027608524967026
3554,1571,one-to-one,dn_1650,iwsk_1782,Giorgio Ippolita,Giorgio Ippolita,NULL,NULL,nsubj,nsubj,zero_zero_single,
3555,1573,one-to-one,dn_1652,iwsk_1784,Giorgio Ippolita,Giorgio Ippolita,PRON,NOUN,obj,nsubj,explicit_ref_only,
3556,1573,one-to-one,dn_1652,iwsk_1784,Giorgio Ippolita,MISSING,PRON-REFLEX,MISSING,obj,MISSING,leftover_source,
3557,1573,one-to-one,dn_1652,iwsk_1784,Giorgio Ippolita,MISSING,NULL,MISSING,nsubj,MISSING,leftover_source,
