,sentence_pair,alignment_type,source_sentence_ids,target_sentence_ids,source_ref,target_ref,source_pos,target_pos,source_case,target_case,pair_type,zero_pair_cost
0,1,one-to-one,dn_0,wk_0,Ippolita,Ippolita,PROPN,PROPN,nsubj,nsubj,explicit_full,
1,1,one-to-one,dn_0,wk_0,Ippolita,Ippolita,NULL,NULL,nsubj,nsubj,zero_zero_semantic,0.6568367493017228
2,1,one-to-one,dn_0,wk_0,MISSING,Ippolita,MISSING,NULL,MISSING,nsubj,leftover_target,
3,1,one-to-one,dn_0,wk_0,crowd-of-men,crowd-of-men,NOUN,NOUN,obj,nsubj,explicit_ref_pos,
4,1,one-to-one,dn_0,wk_0,MISSING,crowd-of-men,MISSING,NULL,MISSING,nsubj,leftover_target,
5,3,one-to-one,dn_2,wk_2,Giorgio,Giorgio,PROPN,PROPN,nmod,nmod,explicit_full,
6,3,one-to-one,dn_2,wk_2,Giorgio,Giorgio,PRON,PRON,obj,obj,explicit_full,
7,3,one-to-one,dn_2,wk_2,Ippolita,Ippolita,PRON,PRON,nsubj,nsubj,explicit_full,
8,3,one-to-one,dn_2,wk_2,Ippolita,Ippolita,NULL,NULL,nsubj,nsubj,zero_zero_single,
9,4,one-to-one,dn_3,wk_3,Giorgio,Giorgio,PROPN,PROPN,nsubj,nsubj,explicit_full,
10,4,one-to-one,dn_3,wk_3,MISSING,Giorgio,MISSING,NULL,MISSING,nsubj,leftover_target,
11,4,one-to-one,dn_3,wk_3,crowd-of-men,crowd-of-men,NOUN,NOUN,nmod,nmod,explicit_full,
12,5,one-to-one,dn_4,wk_4,suicidal-man,suicidal-man,PRON,PRON,nsubj,nsubj,explicit_full,
13,5,one-to-one,dn_4,wk_4,suicidal-man,MISSING,PRON-REFLEX,MISSING,obj,MISSING,leftover_source,
14,6,one-to-one,dn_5,wk_5,Giorgio,Giorgio,NULL,NULL,nsubj,nsubj,zero_zero_single,
15,7,one-to-one,dn_6,wk_6,Giorgio Ippolita,Giorgio Ippolita,NULL,NULL,nsubj,nsubj,zero_zero_single,
16,7,one-to-one,dn_6,wk_6,Ippolita,MISSING,NULL,MISSING,nsubj,MISSING,leftover_source,
17,8,many-to-one,dn_7 dn_8,wk_7,Ippolita,Ippolita,PRON,PROPN,nsubj,nsubj,explicit_ref_case,
18,8,many-to-one,dn_7 dn_8,wk_7,Ippolita,Ippolita,NULL,NULL,nsubj,nsubj,zero_zero_single,
19,9,one-to-one,dn_9,wk_8,Giorgio Ippolita,Giorgio Ippolita,NULL,NULL,nsubj,nsubj,zero_zero_single,
20,10,one-to-one,dn_10,wk_9,Giorgio Ippolita,Giorgio Ippolita,NULL,NOUN,nsubj,nsubj,zero_to_tgt_anchor,
21,11,one-to-one,dn_11,wk_10,Ippolita,Ippolita,PROPN,PROPN,nsubj,nsubj,explicit_full,
22,11,one-to-one,dn_11,wk_10,MISSING,Ippolita,MISSING,NULL,MISSING,nsubj,leftover_target,
23,11,one-to-one,dn_11,wk_10,crowd-of-men,crowd-of-men,NOUN,NOUN,obj,nmod,explicit_ref_pos,
24,15,one-to-one,dn_15,wk_14,Giorgio,Giorgio,PROPN,PROPN,nsubj,nsubj,explicit_full,
25,16,one-to-one,dn_16,wk_15,suicidal-man,suicidal-man,PRON,PRON,nsubj,nsubj,explicit_full,
26,16,one-to-one,dn_16,wk_15,suicidal-man,MISSING,PRON-REFLEX,MISSING,obj,MISSING,leftover_source,
27,16,one-to-one,dn_16,wk_15,MISSING,suicidal-man,MISSING,NULL,MISSING,nsubj,leftover_target,
28,17,one-to-one,dn_17,wk_16,Giorgio Ippolita,Giorgio Ippolita,PRON,NOUN,nsubj,nsubj,explicit_ref_case,
29,17,one-to-one,dn_17,wk_16,Giorgio Ippolita,MISSING,PRON-REFLEX,MISSING,obj,MISSING,leftover_source,
30,17,one-to-one,dn_17,wk_16,crowd-of-men,crowd-of-men,NOUN,NOUN,nmod,nmod,explicit_full,
31,18,one-to-one,dn_18,wk_17,crowd-of-men,crowd-of-men,NOUN,NOUN,nsubj,nsubj,explicit_full,
32,18,one-to-one,dn_18,wk_17,MISSING,crowd-of-men,MISSING,NULL,MISSING,nsubj,leftover_target,
33,18,one-to-one,dn_18,wk_17,MISSING,crowd-of-men,MISSING,NULL,MISSING,nsubj,leftover_target,
34,19,one-to-one,dn_19,wk_18,crowd-of-men,crowd-of-men,NOUN,NOUN,pred,pred,explicit_full,
35,19,one-to-one,dn_19,wk_18,crowd-of-men,crowd-of-men,NULL,NULL,nsubj,nsubj,zero_zero_single,
36,20,one-to-many,dn_20,wk_19 wk_20,crowd-of-men,crowd-of-men,DET,NOUN,nmod,obj,explicit_ref_only,
37,20,one-to-many,dn_20,wk_19 wk_20,crowd-of-men,MISSING,DET,MISSING,nmod,MISSING,leftover_source,
38,21,one-to-one,dn_21,wk_21,young-man,young-man,NOUN,NOUN,nsubj,nsubj,explicit_full,
39,22,one-to-one,dn_22,wk_22,suicidal-man,MISSING,NULL,MISSING,nsubj,MISSING,leftover_source,
40,23,one-to-many,dn_23,wk_23 wk_24,man-from-the-crowd,man-from-the-crowd,NOUN,NOUN,nsubj,nsubj,explicit_full,
41,23,one-to-many,dn_23,wk_23 wk_24,man-from-the-crowd,MISSING,NULL,MISSING,nsubj,MISSING,leftover_source,
42,23,one-to-many,dn_23,wk_23 wk_24,man-from-the-crowd,MISSING,PRON-REFLEX,MISSING,obj,MISSING,leftover_source,
43,23,one-to-many,dn_23,wk_23 wk_24,MISSING,man-from-the-crowd,MISSING,DET,MISSING,nmod,leftover_target,
44,23,one-to-many,dn_23,wk_23 wk_24,young-man,young-man,PRON,NOUN,nsubj,nsubj,explicit_ref_case,
45,23,one-to-many,dn_23,wk_23 wk_24,young-man,MISSING,PRON,MISSING,obj,MISSING,leftover_source,
46,23,one-to-many,dn_23,wk_23 wk_24,young-man,MISSING,PRON-REFLEX,MISSING,obj,MISSING,leftover_source,
47,24,one-to-one,dn_24,wk_25,suicidal-man,MISSING,NULL,MISSING,nsubj,MISSING,leftover_source,
48,25,one-to-one,dn_25,wk_26,UNKNOWN,UNKNOWN,NULL,NULL,nsubj,nsubj,zero_zero_single,
49,25,one-to-one,dn_25,wk_26,suicidal-man,MISSING,PRON,MISSING,obj,MISSING,leftover_source,
50,28,one-to-one,dn_28,wk_29,suicidal-man,suicidal-man,NULL,NULL,nsubj,nsubj,zero_zero_single,
51,29,one-to-one,dn_29,wk_30,suicidal-man,suicidal-man,NULL,NULL,nsubj,nsubj,zero_zero_single,
52,30,one-to-one,dn_30,wk_31,man-with-a-pipe,man-with-a-pipe,NOUN,NOUN,nsubj,nsubj,explicit_full,
53,30,one-to-one,dn_30,wk_31,man-with-a-pipe,man-with-a-pipe,NULL,NULL,nsubj,nsubj,zero_zero_semantic,0.23985535619015094
54,30,one-to-one,dn_30,wk_31,man-with-a-pipe,MISSING,PRON-REFLEX,MISSING,obj,MISSING,leftover_source,
55,30,one-to-one,dn_30,wk_31,man-with-a-pipe,MISSING,PRON-REFLEX,MISSING,obj,MISSING,leftover_source,
56,30,one-to-one,dn_30,wk_31,MISSING,man-with-a-pipe,MISSING,NULL,MISSING,nsubj,leftover_target,
57,32,one-to-one,dn_32,wk_33,man-with-a-pipe,man-with-a-pipe,DET,DET,nmod,nmod,explicit_full,
58,32,one-to-one,dn_32,wk_33,man-with-a-pipe,man-with-a-pipe,DET,NOUN,nmod,nmod,explicit_ref_case,
59,34,one-to-one,dn_34,wk_35,cart-driver,cart-driver,NOUN,NOUN,nsubj,nsubj,explicit_full,
60,34,one-to-one,dn_34,wk_35,cart-driver,MISSING,PRON-REFLEX,MISSING,obj,MISSING,leftover_source,
61,35,one-to-one,dn_35,wk_36,crowd-of-men,crowd-of-men,NOUN,NOUN,nsubj,nsubj,explicit_full,
62,35,one-to-one,dn_35,wk_36,MISSING,crowd-of-men,MISSING,NULL,MISSING,nsubj,leftover_target,
63,36,one-to-one,dn_36,wk_37,crowd-of-men,MISSING,NULL,MISSING,nsubj,MISSING,leftover_source,
64,36,one-to-one,dn_36,wk_37,MISSING,crowd-of-men,MISSING,PRON,MISSING,obj,leftover_target,
65,38,one-to-one,dn_38,wk_39,cart-driver,cart-driver,NOUN,NOUN,nsubj,nsubj,explicit_full,
66,38,one-to-one,dn_38,wk_39,MISSING,cart-driver,MISSING,NULL,MISSING,nsubj,leftover_target,
67,38,one-to-one,dn_38,wk_39,MISSING,cart-driver,MISSING,NULL,MISSING,nsubj,leftover_target,
68,38,one-to-one,dn_38,wk_39,MISSING,cart-driver,MISSING,NULL,MISSING,nsubj,leftover_target,
69,40,one-to-one,dn_40,wk_41,man-with-a-pipe,man-with-a-pipe,NOUN,NOUN,nsubj,nsubj,explicit_full,
70,41,one-to-one,dn_41,wk_42,cart-driver,cart-driver,NOUN,NOUN,nsubj,nsubj,explicit_full,
71,41,one-to-one,dn_41,wk_42,cart-driver,MISSING,PRON-REFLEX,MISSING,obj,MISSING,leftover_source,
72,41,one-to-one,dn_41,wk_42,MISSING,cart-driver,MISSING,NULL,MISSING,nsubj,leftover_target,
73,41,one-to-one,dn_41,wk_42,crowd-of-men,crowd-of-men,PRON,NOUN,nsubj,obj,explicit_ref_only,
74,45,one-to-one,dn_45,wk_46,MISSING,crowd-of-men,MISSING,DET,MISSING,nmod,leftover_target,
75,46,one-to-one,dn_46,wk_47,Giorgio,Giorgio,PROPN,PROPN,vocative,vocative,explicit_full,
76,46,one-to-one,dn_46,wk_47,Giorgio Ippolita,Giorgio Ippolita,NULL,NULL,nsubj,nsubj,zero_zero_single,
77,47,one-to-one,dn_47,wk_48,Giorgio,Giorgio,NOUN,NOUN,obj,obj,explicit_full,
78,47,one-to-one,dn_47,wk_48,Giorgio,MISSING,PRON-REFLEX,MISSING,obj,MISSING,leftover_source,
79,47,one-to-one,dn_47,wk_48,MISSING,Giorgio,MISSING,NULL,MISSING,nsubj,leftover_target,
80,47,one-to-one,dn_47,wk_48,Ippolita,Ippolita,PROPN,PROPN,nsubj,nsubj,explicit_full,
81,47,one-to-one,dn_47,wk_48,MISSING,Ippolita,MISSING,NULL,MISSING,nsubj,leftover_target,
82,47,one-to-one,dn_47,wk_48,MISSING,Ippolita,MISSING,NULL,MISSING,nsubj,leftover_target,
83,47,one-to-one,dn_47,wk_48,crowd-of-men,crowd-of-men,NOUN,NOUN,nmod,nmod,explicit_full,
84,48,one-to-one,dn_48,wk_49,Giorgio Ippolita,Giorgio Ippolita,NULL,NULL,nsubj,nsubj,zero_zero_single,
85,48,one-to-one,dn_48,wk_49,MISSING,Giorgio Ippolita,MISSING,NOUN,MISSING,nsubj,leftover_target,
86,49,one-to-many,dn_49,wk_50 wk_51,Giorgio Ippolita,Giorgio Ippolita,DET,NOUN,nmod,nmod,explicit_ref_case,
87,49,one-to-many,dn_49,wk_50 wk_51,Giorgio Ippolita,Giorgio Ippolita,DET,NOUN,obj,nmod,explicit_ref_only,
88,50,one-to-one,dn_50,wk_52,Giorgio,Giorgio,PRON,PROPN,nsubj,nsubj,explicit_ref_case,
89,52,one-to-one,dn_52,wk_54,Ippolita,Ippolita,PRON,PROPN,nsubj,nsubj,explicit_ref_case,
90,54,one-to-one,dn_54,wk_56,Giorgio Ippolita,Giorgio Ippolita,DET,NOUN,nmod,obj,explicit_ref_only,
91,55,one-to-one,dn_55,wk_57,Ippolita,Ippolita,PRON,PROPN,nsubj,nsubj,explicit_ref_case,
92,55,one-to-one,dn_55,wk_57,MISSING,Ippolita,MISSING,NULL,MISSING,nsubj,leftover_target,
93,58,one-to-one,dn_58,wk_60,Giorgio,Giorgio,PROPN,PROPN,nsubj,nsubj,explicit_full,
94,58,one-to-one,dn_58,wk_60,Ippolita,MISSING,PRON,MISSING,obj,MISSING,leftover_source,
95,59,one-to-one,dn_59,wk_61,MISSING,Giorgio Ippolita,MISSING,PRON,MISSING,nmod,leftover_target,
96,60,one-to-one,dn_60,wk_62,Ippolita,Ippolita,PRON,PRON,nsubj,nsubj,explicit_full,
97,60,one-to-one,dn_60,wk_62,MISSING,Ippolita,MISSING,NULL,MISSING,nsubj,leftover_target,
98,61,one-to-one,dn_61,wk_63,Ippolita,Ippolita,PRON,PRON,obj,nsubj,explicit_ref_pos,
99,62,one-to-one,dn_62,wk_64,Giorgio,Giorgio,PRON,PRON,obj,nsubj,explicit_ref_pos,
100,63,one-to-one,dn_63,wk_65,Giorgio,MISSING,PRON,MISSING,nmod,MISSING,leftover_source,
101,63,one-to-one,dn_63,wk_65,MISSING,Giorgio,MISSING,NULL,MISSING,nsubj,leftover_target,
102,64,one-to-one,dn_64,wk_66,Giorgio,Giorgio,PRON,PRON,nsubj,nsubj,explicit_full,
103,64,one-to-one,dn_64,wk_66,MISSING,Giorgio,MISSING,NULL,MISSING,nsubj,leftover_target,
104,64,one-to-one,dn_64,wk_66,Ippolita,Ippolita,PRON,NOUN,obj,obj,explicit_ref_case,
105,65,many-to-one,dn_65 dn_66,wk_67,Giorgio,Giorgio,PRON,PRON,obj,nsubj,explicit_ref_pos,
106,65,many-to-one,dn_65 dn_66,wk_67,Ippolita,Ippolita,NULL,NULL,nsubj,nsubj,zero_zero_single,
107,66,one-to-one,dn_67,wk_68,Ippolita,Ippolita,PRON,PROPN,nsubj,nsubj,explicit_ref_case,
108,66,one-to-one,dn_67,wk_68,MISSING,Ippolita,MISSING,NULL,MISSING,nsubj,leftover_target,
109,67,one-to-one,dn_68,wk_69,Ippolita,Ippolita,NULL,NULL,nsubj,nsubj,zero_zero_single,
110,68,one-to-one,dn_69,wk_70,Ippolita,Ippolita,PRON,PRON,nsubj,nsubj,explicit_full,
111,68,one-to-one,dn_69,wk_70,Ippolita,Ippolita,NULL,PRON,nsubj,nsubj,zero_to_tgt_anchor,
112,69,one-to-many,dn_70,wk_71 wk_72 wk_73,Giorgio,Giorgio,PRON,PRON,nsubj,nsubj,explicit_full,
113,69,one-to-many,dn_70,wk_71 wk_72 wk_73,Giorgio Ippolita,Giorgio Ippolita,PRON,NOUN,nsubj,nsubj,explicit_ref_case,
114,69,one-to-many,dn_70,wk_71 wk_72 wk_73,Giorgio Ippolita,MISSING,PRON-REFLEX,MISSING,obj,MISSING,leftover_source,
115,69,one-to-many,dn_70,wk_71 wk_72 wk_73,MISSING,Giorgio Ippolita,MISSING,NULL,MISSING,nsubj,leftover_target,
116,71,one-to-one,dn_72,wk_75,Giorgio,Giorgio,PRON,PRON,nsubj,nsubj,explicit_full,
117,71,one-to-one,dn_72,wk_75,Giorgio,Giorgio,NULL,NULL,nsubj,nsubj,zero_zero_semantic,0.3461984111504121
118,71,one-to-one,dn_72,wk_75,Giorgio,MISSING,NULL,MISSING,nsubj,MISSING,leftover_source,
119,71,one-to-one,dn_72,wk_75,Ippolita,Ippolita,PRON,PRON,nsubj,nsubj,explicit_full,
120,71,one-to-one,dn_72,wk_75,Ippolita,Ippolita,PRON,PRON,obj,obj,explicit_full,
121,71,one-to-one,dn_72,wk_75,Ippolita,Ippolita,PRON,PRON,nsubj,nsubj,explicit_full,
122,71,one-to-one,dn_72,wk_75,Ippolita,Ippolita,PRON,PRON,obj,nmod,explicit_ref_pos,
123,71,one-to-one,dn_72,wk_75,Ippolita,MISSING,PRON,MISSING,obj,MISSING,leftover_source,
124,73,one-to-one,dn_74,wk_77,Ippolita,Ippolita,PROPN,PROPN,vocative,vocative,explicit_full,
125,75,one-to-one,dn_76,wk_79,Ippolita,Ippolita,NOUN,NOUN,nsubj,nsubj,explicit_full,
126,75,one-to-one,dn_76,wk_79,Ippolita,Ippolita,NULL,NULL,nsubj,nsubj,zero_zero_single,
127,75,one-to-one,dn_76,wk_79,Ippolita,MISSING,PRON-REFLEX,MISSING,obj,MISSING,leftover_source,
128,76,one-to-one,dn_77,wk_80,Giorgio,MISSING,PRON,MISSING,obj,MISSING,leftover_source,
129,76,one-to-one,dn_77,wk_80,Giorgio Ippolita,Giorgio Ippolita,NOUN,NOUN,nsubj,nsubj,explicit_full,
130,76,one-to-one,dn_77,wk_80,Ippolita,MISSING,PRON,MISSING,obj,MISSING,leftover_source,
131,77,one-to-one,dn_78 dn_79,wk_81 wk_82,Giorgio Ippolita,Giorgio Ippolita,PRON,NOUN,nsubj,nsubj,explicit_ref_case,
132,77,one-to-one,dn_78 dn_79,wk_81 wk_82,Giorgio Ippolita,Giorgio Ippolita,PRON,NOUN,obj,obj,explicit_ref_case,
133,77,one-to-one,dn_78 dn_79,wk_81 wk_82,Giorgio Ippolita,Giorgio Ippolita,NULL,NULL,nsubj,nsubj,zero_zero_semantic,0.36871637551417635
134,77,one-to-one,dn_78 dn_79,wk_81 wk_82,Giorgio Ippolita,Giorgio Ippolita,PRON-REFLEX,NOUN,obj,obj,reflex_obj,
135,77,one-to-one,dn_78 dn_79,wk_81 wk_82,Giorgio Ippolita,MISSING,PRON-REFLEX,MISSING,obj,MISSING,leftover_source,
136,77,one-to-one,dn_78 dn_79,wk_81 wk_82,Giorgio Ippolita,MISSING,PRON-REFLEX,MISSING,obj,MISSING,leftover_source,
137,77,one-to-one,dn_78 dn_79,wk_81 wk_82,Giorgio Ippolita,MISSING,PRON-REFLEX,MISSING,obj,MISSING,leftover_source,
138,77,one-to-one,dn_78 dn_79,wk_81 wk_82,Giorgio Ippolita,MISSING,PRON-REFLEX,MISSING,obj,MISSING,leftover_source,
139,77,one-to-one,dn_78 dn_79,wk_81 wk_82,MISSING,Giorgio Ippolita,MISSING,NULL,MISSING,nsubj,leftover_target,
140,77,one-to-one,dn_78 dn_79,wk_81 wk_82,MISSING,Giorgio Ippolita,MISSING,NULL,MISSING,nsubj,leftover_target,
141,77,one-to-one,dn_78 dn_79,wk_81 wk_82,MISSING,Giorgio Ippolita,MISSING,NULL,MISSING,nsubj,leftover_target,
142,77,one-to-one,dn_78 dn_79,wk_81 wk_82,MISSING,Giorgio Ippolita,MISSING,NULL,MISSING,nsubj,leftover_target,
143,77,one-to-one,dn_78 dn_79,wk_81 wk_82,MISSING,Giorgio Ippolita,MISSING,NULL,MISSING,nsubj,leftover_target,
144,77,one-to-one,dn_78 dn_79,wk_81 wk_82,MISSING,Giorgio Ippolita,MISSING,NULL,MISSING,nsubj,leftover_target,
145,77,one-to-one,dn_78 dn_79,wk_81 wk_82,MISSING,Giorgio Ippolita,MISSING,NULL,MISSING,nsubj,leftover_target,
146,78,one-to-many,dn_80,wk_83 wk_84,Giorgio,Giorgio,PROPN,PROPN,nsubj,nsubj,explicit_full,
147,78,one-to-many,dn_80,wk_83 wk_84,MISSING,Giorgio,MISSING,NULL,MISSING,nsubj,leftover_target,
148,78,one-to-many,dn_80,wk_83 wk_84,Ippolita,Ippolita,PROPN,PROPN,nsubj,nsubj,explicit_full,
149,78,one-to-many,dn_80,wk_83 wk_84,Ippolita,Ippolita,PRON,PRON,obj,obj,explicit_full,
150,78,one-to-many,dn_80,wk_83 wk_84,Ippolita,Ippolita,NULL,NULL,nsubj,nsubj,zero_zero_semantic,0.4477132764089015
151,78,one-to-many,dn_80,wk_83 wk_84,Ippolita,MISSING,PRON-REFLEX,MISSING,obj,MISSING,leftover_source,
152,78,one-to-many,dn_80,wk_83 wk_84,Ippolita,MISSING,PRON-REFLEX,MISSING,obj,MISSING,leftover_source,
153,78,one-to-many,dn_80,wk_83 wk_84,MISSING,Ippolita,MISSING,NULL,MISSING,nsubj,leftover_target,
154,78,one-to-many,dn_80,wk_83 wk_84,MISSING,Ippolita,MISSING,NULL,MISSING,nsubj,leftover_target,
155,80,one-to-one,dn_82,wk_86,Giorgio,Giorgio,PRON,PRON,nsubj,nsubj,explicit_full,
156,80,one-to-one,dn_82,wk_86,MISSING,Giorgio,MISSING,NULL,MISSING,nsubj,leftover_target,
157,81,one-to-one,dn_83,wk_87,Ippolita,Ippolita,PRON,PRON,nsubj,nsubj,explicit_full,
158,81,one-to-one,dn_83,wk_87,Ippolita,Ippolita,PRON,NULL,nsubj,nsubj,zero_to_src_anchor,
159,82,one-to-one,dn_84,wk_88,Giorgio,Giorgio,PRON,PRON,obj,obj,explicit_full,
160,82,one-to-one,dn_84,wk_88,Giorgio,Giorgio,PRON,PRON,obj,nmod,explicit_ref_pos,
161,82,one-to-one,dn_84,wk_88,Ippolita,Ippolita,PRON,NULL,nsubj,nsubj,zero_to_src_anchor,
162,82,one-to-one,dn_84,wk_88,Ippolita,Ippolita,PRON,NULL,nsubj,nsubj,zero_to_src_anchor,
163,82,one-to-one,dn_84,wk_88,Ippolita,MISSING,PRON,MISSING,obj,MISSING,leftover_source,
164,82,one-to-one,dn_84,wk_88,MISSING,Ippolita,MISSING,NULL,MISSING,nsubj,leftover_target,
165,83,one-to-many,dn_85,wk_89 wk_90,Giorgio,Giorgio,PRON,PRON,obj,obj,explicit_full,
166,83,one-to-many,dn_85,wk_89 wk_90,Giorgio,Giorgio,PRON,PRON,nsubj,nmod,explicit_ref_pos,
167,83,one-to-many,dn_85,wk_89 wk_90,Ippolita,Ippolita,DET,PRON,nmod,nmod,explicit_ref_case,
168,83,one-to-many,dn_85,wk_89 wk_90,Ippolita,Ippolita,NULL,NULL,nsubj,nsubj,zero_zero_semantic,0.5622002210511837
169,83,one-to-many,dn_85,wk_89 wk_90,Ippolita,Ippolita,NULL,NULL,nsubj,nsubj,zero_zero_semantic,0.24968984247997839
170,83,one-to-many,dn_85,wk_89 wk_90,Ippolita,MISSING,NULL,MISSING,nsubj,MISSING,leftover_source,
171,83,one-to-many,dn_85,wk_89 wk_90,Ippolita,MISSING,PRON,MISSING,obj,MISSING,leftover_source,
172,84,one-to-one,dn_86,wk_91,Giorgio,Giorgio,PRON,PRON,obj,nmod,explicit_ref_pos,
173,84,one-to-one,dn_86,wk_91,Ippolita,Ippolita,PRON,PRON,nsubj,nsubj,explicit_full,
174,85,one-to-many,dn_87,wk_92 wk_93,Giorgio,Giorgio,PRON,PRON,obj,obj,explicit_full,
175,85,one-to-many,dn_87,wk_92 wk_93,Giorgio,Giorgio,PRON,PROPN,nsubj,nsubj,explicit_ref_case,
176,85,one-to-many,dn_87,wk_92 wk_93,MISSING,Giorgio,MISSING,NULL,MISSING,nsubj,leftover_target,
177,85,one-to-many,dn_87,wk_92 wk_93,Ippolita,Ippolita,DET,NOUN,nmod,obj,explicit_ref_only,
178,86,one-to-many,dn_88,wk_94 wk_95,Giorgio,Giorgio,PRON,PRON,nsubj,nsubj,explicit_full,
179,86,one-to-many,dn_88,wk_94 wk_95,Giorgio,Giorgio,PRON,PRON,nsubj,nsubj,explicit_full,
180,86,one-to-many,dn_88,wk_94 wk_95,Giorgio,Giorgio,DET,PRON,nmod,nmod,explicit_ref_case,
181,86,one-to-many,dn_88,wk_94 wk_95,Giorgio,Giorgio,DET,PRON,nmod,nmod,explicit_ref_case,
182,86,one-to-many,dn_88,wk_94 wk_95,Giorgio,MISSING,DET,MISSING,nmod,MISSING,leftover_source,
183,86,one-to-many,dn_88,wk_94 wk_95,Giorgio,MISSING,PRON,MISSING,obj,MISSING,leftover_source,
184,86,one-to-many,dn_88,wk_94 wk_95,MISSING,Giorgio,MISSING,NULL,MISSING,nsubj,leftover_target,
185,86,one-to-many,dn_88,wk_94 wk_95,MISSING,Giorgio,MISSING,NULL,MISSING,nsubj,leftover_target,
186,86,one-to-many,dn_88,wk_94 wk_95,MISSING,Giorgio,MISSING,NULL,MISSING,nsubj,leftover_target,
187,86,one-to-many,dn_88,wk_94 wk_95,MISSING,Ippolita,MISSING,NOUN,MISSING,nmod,leftover_target,
188,87,one-to-one,dn_89,wk_96,Giorgio,Giorgio,DET,PRON,nmod,nmod,explicit_ref_case,
189,87,one-to-one,dn_89,wk_96,MISSING,Giorgio,MISSING,PRON,MISSING,nmod,leftover_target,
190,88,one-to-one,dn_90,wk_97,Giorgio,Giorgio,DET,PRON,nmod,nmod,explicit_ref_case,
191,88,one-to-one,dn_90,wk_97,Giorgio,Giorgio,PRON,PRON,nsubj,obj,explicit_ref_pos,
192,88,one-to-one,dn_90,wk_97,MISSING,Giorgio,MISSING,NULL,MISSING,nsubj,leftover_target,
193,88,one-to-one,dn_90,wk_97,MISSING,Giorgio,MISSING,NULL,MISSING,nsubj,leftover_target,
194,89,one-to-one,dn_91,wk_98,Giorgio,Giorgio,NULL,PRON,nsubj,nsubj,zero_to_tgt_anchor,
195,90,one-to-one,dn_92,wk_99,Giorgio,Giorgio,PRON,NULL,nsubj,nsubj,zero_to_src_anchor,
196,90,one-to-one,dn_92,wk_99,Ippolita,Ippolita,PRON,PRON,obj,obj,explicit_full,
197,91,one-to-one,dn_93,wk_100,Ippolita,Ippolita,PRON,PRON,nsubj,nmod,explicit_ref_pos,
198,95,one-to-many,dn_97,wk_104 wk_105,Giorgio,Giorgio,PRON,PRON,obj,obj,explicit_full,
199,95,one-to-many,dn_97,wk_104 wk_105,Ippolita,Ippolita,PRON,PRON,nsubj,nsubj,explicit_full,
200,96,one-to-one,dn_98,wk_106,MISSING,Giorgio Ippolita,MISSING,PRON,MISSING,nmod,leftover_target,
201,97,one-to-one,dn_99,wk_107,Ippolita,Ippolita,NULL,NULL,nsubj,nsubj,zero_zero_single,
202,98,one-to-one,dn_100,wk_108,Ippolita,Ippolita,PRON,PRON,nsubj,nsubj,explicit_full,
203,99,one-to-one,dn_101,wk_109,Giorgio,Giorgio,PRON,PRON,nsubj,nsubj,explicit_full,
204,99,one-to-one,dn_101,wk_109,MISSING,Giorgio,MISSING,NULL,MISSING,nsubj,leftover_target,
205,101,one-to-one,dn_103,wk_111,Giorgio Ippolita,Giorgio Ippolita,NULL,NULL,nsubj,nsubj,zero_zero_semantic,0.3935484818436883
206,101,one-to-one,dn_103,wk_111,Giorgio Ippolita,Giorgio Ippolita,NULL,NOUN,nsubj,nsubj,zero_to_tgt_anchor,
207,102,one-to-one,dn_104,wk_112,Ippolita,Ippolita,PROPN,PROPN,nsubj,nsubj,explicit_full,
208,102,one-to-one,dn_104,wk_112,Ippolita,MISSING,PRON-REFLEX,MISSING,obj,MISSING,leftover_source,
209,102,one-to-one,dn_104,wk_112,MISSING,Ippolita,MISSING,NULL,MISSING,nsubj,leftover_target,
210,105,one-to-one,dn_107,wk_117,Giorgio,Giorgio,PROPN,PROPN,nsubj,nsubj,explicit_full,
211,105,one-to-one,dn_107,wk_117,MISSING,Giorgio,MISSING,NULL,MISSING,nsubj,leftover_target,
212,105,one-to-one,dn_107,wk_117,MISSING,Giorgio,MISSING,NULL,MISSING,nsubj,leftover_target,
213,105,one-to-one,dn_107,wk_117,Ippolita,MISSING,NOUN,MISSING,obj,MISSING,leftover_source,
214,106,one-to-one,dn_108,wk_118,Giorgio Ippolita,Giorgio Ippolita,PRON,NULL,nsubj,nsubj,zero_to_src_anchor,
215,107,one-to-one,dn_109,wk_119,Giorgio,Giorgio,PRON,PRON,nsubj,nsubj,explicit_full,
216,108,many-to-one,dn_110 dn_111,wk_120,Ippolita,Ippolita,PROPN,PROPN,nsubj,nsubj,explicit_full,
217,108,many-to-one,dn_110 dn_111,wk_120,Ippolita,Ippolita,NULL,NULL,nsubj,nsubj,zero_zero_semantic,0.2278527329526126
218,108,many-to-one,dn_110 dn_111,wk_120,Ippolita,MISSING,DET,MISSING,nmod,MISSING,leftover_source,
219,108,many-to-one,dn_110 dn_111,wk_120,MISSING,Ippolita,MISSING,NULL,MISSING,nsubj,leftover_target,
220,109,one-to-one,dn_112,wk_121,MISSING,Giorgio,MISSING,NULL,MISSING,nsubj,leftover_target,
221,110,one-to-one,dn_113,wk_122,Giorgio,Giorgio,PROPN,PROPN,obj,nmod,explicit_ref_pos,
222,110,one-to-one,dn_113,wk_122,Ippolita,Ippolita,NULL,NULL,nsubj,nsubj,zero_zero_single,
223,111,one-to-one,dn_114,wk_123,Giorgio Ippolita,Giorgio Ippolita,PRON,NOUN,nsubj,nsubj,explicit_ref_case,
224,111,one-to-one,dn_114,wk_123,Giorgio Ippolita,MISSING,PRON-REFLEX,MISSING,obj,MISSING,leftover_source,
225,111,one-to-one,dn_114,wk_123,MISSING,Giorgio Ippolita,MISSING,NOUN,MISSING,nmod,leftover_target,
226,111,one-to-one,dn_114,wk_123,MISSING,Giorgio Ippolita,MISSING,NULL,MISSING,nsubj,leftover_target,
227,112,one-to-many,dn_115,wk_124 wk_125,Giorgio,Giorgio,NOUN,NOUN,nsubj,nsubj,explicit_full,
228,112,one-to-many,dn_115,wk_124 wk_125,MISSING,Giorgio,MISSING,NOUN,MISSING,obj,leftover_target,
229,112,one-to-many,dn_115,wk_124 wk_125,Ippolita,Ippolita,PRON,PRON,nsubj,nsubj,explicit_full,
230,112,one-to-many,dn_115,wk_124 wk_125,Ippolita,Ippolita,PRON,PRON,nsubj,nsubj,explicit_full,
231,112,one-to-many,dn_115,wk_124 wk_125,MISSING,Ippolita,MISSING,PRON,MISSING,nmod,leftover_target,
232,113,one-to-one,dn_116,wk_126,Giorgio,Giorgio,DET,PRON,nmod,nmod,explicit_ref_case,
233,113,one-to-one,dn_116,wk_126,Giorgio,Giorgio,PRON,PRON,nsubj,obj,explicit_ref_pos,
234,113,one-to-one,dn_116,wk_126,Giorgio,MISSING,PRON,MISSING,nsubj,MISSING,leftover_source,
235,113,one-to-one,dn_116,wk_126,Ippolita,Ippolita,NULL,NULL,nsubj,nsubj,zero_zero_semantic,0.38342329153889104
236,113,one-to-one,dn_116,wk_126,MISSING,Ippolita,MISSING,PROPN,MISSING,nsubj,leftover_target,
237,113,one-to-one,dn_116,wk_126,MISSING,Ippolita,MISSING,NULL,MISSING,nsubj,leftover_target,
238,114,one-to-one,dn_117,wk_127,Giorgio,MISSING,NULL,MISSING,nsubj,MISSING,leftover_source,
239,115,one-to-one,dn_118,wk_128,Giorgio,Giorgio,PRON,PRON,nsubj,nsubj,explicit_full,
240,115,one-to-one,dn_118,wk_128,MISSING,Ippolita,MISSING,DET,MISSING,nmod,leftover_target,
241,116,one-to-many,dn_119,wk_129 wk_130,Giorgio,Giorgio,PRON,PRON,obj,obj,explicit_full,
242,116,one-to-many,dn_119,wk_129 wk_130,Giorgio,Giorgio,PRON,PRON,nmod,nmod,explicit_full,
243,116,one-to-many,dn_119,wk_129 wk_130,Giorgio,Giorgio,PRON,PRON,obj,obj,explicit_full,
244,116,one-to-many,dn_119,wk_129 wk_130,Giorgio,Giorgio,PRON,PRON,nsubj,nmod,explicit_ref_pos,
245,116,one-to-many,dn_119,wk_129 wk_130,Giorgio,MISSING,PRON-REFLEX,MISSING,obj,MISSING,leftover_source,
246,116,one-to-many,dn_119,wk_129 wk_130,MISSING,Giorgio,MISSING,NULL,MISSING,nsubj,leftover_target,
247,116,one-to-many,dn_119,wk_129 wk_130,MISSING,Ippolita,MISSING,PRON,MISSING,nsubj,leftover_target,
248,117,one-to-one,dn_120,wk_131,Giorgio,MISSING,NULL,MISSING,nsubj,MISSING,leftover_source,
249,118,one-to-one,dn_121,wk_132,Giorgio,Giorgio,PRON,PRON,obj,nmod,explicit_ref_pos,
250,118,one-to-one,dn_121,wk_132,Ippolita,Ippolita,PROPN,PROPN,nsubj,nsubj,explicit_full,
251,118,one-to-one,dn_121,wk_132,Ippolita,MISSING,DET,MISSING,nmod,MISSING,leftover_source,
252,118,one-to-one,dn_121,wk_132,MISSING,Ippolita,MISSING,NULL,MISSING,nsubj,leftover_target,
253,119,one-to-one,dn_122,wk_133,Giorgio,MISSING,NULL,MISSING,nsubj,MISSING,leftover_source,
254,120,one-to-one,dn_123,wk_134,Giorgio,Giorgio,PRON,PRON,nsubj,nsubj,explicit_full,
255,121,one-to-one,dn_124,wk_135,Giorgio,Giorgio,NULL,NULL,nsubj,nsubj,zero_zero_single,
256,122,one-to-one,dn_125,wk_136,Giorgio,Giorgio,DET,PRON,nmod,nmod,explicit_ref_case,
257,123,one-to-one,dn_126,wk_137,Giorgio,Giorgio,PRON,PRON,nsubj,nsubj,explicit_full,
258,123,one-to-one,dn_126,wk_137,Giorgio,Giorgio,PRON,PRON,obj,obj,explicit_full,
259,123,one-to-one,dn_126,wk_137,Giorgio,MISSING,PRON-REFLEX,MISSING,obj,MISSING,leftover_source,
260,123,one-to-one,dn_126,wk_137,MISSING,Giorgio,MISSING,NULL,MISSING,nsubj,leftover_target,
261,124,one-to-one,dn_127,wk_138,Giorgio,Giorgio,DET,PRON,nmod,nmod,explicit_ref_case,
262,124,one-to-one,dn_127,wk_138,MISSING,Giorgio,MISSING,NULL,MISSING,nsubj,leftover_target,
263,124,one-to-one,dn_127,wk_138,Ippolita,Ippolita,NOUN,PRON,obj,obj,explicit_ref_case,
264,125,one-to-one,dn_128,wk_139,Giorgio,Giorgio,PRON,PRON,nsubj,nsubj,explicit_full,
265,125,one-to-one,dn_128,wk_139,MISSING,Giorgio,MISSING,NULL,MISSING,nsubj,leftover_target,
266,125,one-to-one,dn_128,wk_139,MISSING,Giorgio,MISSING,NULL,MISSING,nsubj,leftover_target,
267,125,one-to-one,dn_128,wk_139,Ippolita,Ippolita,PRON,PRON,obj,obj,explicit_full,
268,126,one-to-one,dn_129,wk_140,Giorgio,Giorgio,DET,PRON,nmod,nmod,explicit_ref_case,
269,127,one-to-one,dn_130,wk_141,Giorgio,Giorgio,PRON,PRON,nsubj,nsubj,explicit_full,
270,127,one-to-one,dn_130,wk_141,Giorgio,MISSING,PRON-REFLEX,MISSING,obj,MISSING,leftover_source,
271,127,one-to-one,dn_130,wk_141,Ippolita,Ippolita,NOUN,NOUN,obj,nmod,explicit_ref_pos,
272,128,one-to-one,dn_131,wk_142,Giorgio,Giorgio,DET,PRON,nmod,nmod,explicit_ref_case,
273,129,one-to-one,dn_132,wk_143,Giorgio,Giorgio,PRON,PRON,nsubj,nsubj,explicit_full,
274,130,one-to-one,dn_133,wk_144,Giorgio,Giorgio,PRON,PRON,nsubj,nsubj,explicit_full,
275,130,one-to-one,dn_133,wk_144,Giorgio,MISSING,PRON,MISSING,obj,MISSING,leftover_source,
276,130,one-to-one,dn_133,wk_144,MISSING,Giorgio,MISSING,NULL,MISSING,nsubj,leftover_target,
277,130,one-to-one,dn_133,wk_144,Ippolita,Ippolita,PROPN,PROPN,nsubj,nsubj,explicit_full,
278,131,one-to-one,dn_134,wk_145,Giorgio,Giorgio,PROPN,PROPN,vocative,vocative,explicit_full,
279,131,one-to-one,dn_134,wk_145,Giorgio,Giorgio,PRON,PRON,obj,obj,explicit_full,
280,131,one-to-one,dn_134,wk_145,Giorgio,MISSING,PRON,MISSING,nsubj,MISSING,leftover_source,
281,131,one-to-one,dn_134,wk_145,Ippolita,Ippolita,PRON,PRON,nsubj,nsubj,explicit_full,
282,132,many-to-one,dn_135 dn_136,wk_146,Giorgio,Giorgio,PRON,NULL,nsubj,nsubj,zero_to_src_anchor,
283,132,many-to-one,dn_135 dn_136,wk_146,Giorgio,MISSING,PRON,MISSING,obj,MISSING,leftover_source,
284,132,many-to-one,dn_135 dn_136,wk_146,Ippolita,Ippolita,NULL,NULL,nsubj,nsubj,zero_zero_single,
285,132,many-to-one,dn_135 dn_136,wk_146,Ippolita,MISSING,PRON,MISSING,nsubj,MISSING,leftover_source,
286,133,one-to-one,dn_137,wk_147,Giorgio,Giorgio,PRON,PRON,nsubj,nsubj,explicit_full,
287,134,one-to-one,dn_138,wk_148,Giorgio,Giorgio,PRON,PRON,obj,obj,explicit_full,
288,134,one-to-one,dn_138,wk_148,Giorgio,Giorgio,DET,PRON,nmod,nmod,explicit_ref_case,
289,134,one-to-one,dn_138,wk_148,Ippolita,Ippolita,PRON,PRON,nsubj,nsubj,explicit_full,
290,134,one-to-one,dn_138,wk_148,Ippolita,MISSING,NULL,MISSING,nsubj,MISSING,leftover_source,
291,135,one-to-one,dn_139,wk_149,Giorgio,Giorgio,PRON,PRON,obj,obj,explicit_full,
292,135,one-to-one,dn_139,wk_149,Giorgio,Giorgio,DET,PRON,nmod,nmod,explicit_ref_case,
293,135,one-to-one,dn_139,wk_149,Ippolita,Ippolita,PRON,PRON,nsubj,nsubj,explicit_full,
294,135,one-to-one,dn_139,wk_149,Ippolita,MISSING,NULL,MISSING,nsubj,MISSING,leftover_source,
295,136,one-to-one,dn_140,wk_150,Giorgio,Giorgio,PRON,PRON,nsubj,nsubj,explicit_full,
296,136,one-to-one,dn_140,wk_150,Ippolita,Ippolita,PRON,PRON,obj,nmod,explicit_ref_pos,
297,138,one-to-one,dn_142,wk_152,MISSING,Giorgio,MISSING,NULL,MISSING,nsubj,leftover_target,
298,138,one-to-one,dn_142,wk_152,MISSING,Giorgio,MISSING,NULL,MISSING,nsubj,leftover_target,
299,139,one-to-one,dn_143,wk_153,Giorgio,Giorgio,PRON,PRON,nsubj,nsubj,explicit_full,
300,139,one-to-one,dn_143,wk_153,Giorgio,Giorgio,PRON,PRON,nsubj,nsubj,explicit_full,
301,140,one-to-one,dn_144,wk_154,Giorgio,Giorgio,PRON,PRON,obj,nmod,explicit_ref_pos,
302,140,one-to-one,dn_144,wk_154,Ippolita,Ippolita,PRON,PRON,nsubj,nsubj,explicit_full,
303,140,one-to-one,dn_144,wk_154,MISSING,Ippolita,MISSING,NOUN,MISSING,pred,leftover_target,
304,141,one-to-many,dn_145,wk_155 wk_156,Giorgio,Giorgio,PRON,PRON,obj,obj,explicit_full,
305,141,one-to-many,dn_145,wk_155 wk_156,Giorgio,Giorgio,PRON,PRON,obj,nsubj,explicit_ref_pos,
306,141,one-to-many,dn_145,wk_155 wk_156,Ippolita,Ippolita,PRON,PRON,nsubj,nsubj,explicit_full,
307,141,one-to-many,dn_145,wk_155 wk_156,Ippolita,Ippolita,PRON,PRON,obj,nmod,explicit_ref_pos,
308,142,one-to-one,dn_146,wk_157,Giorgio,Giorgio,PRON,PRON,nsubj,nsubj,explicit_full,
309,142,one-to-one,dn_146,wk_157,Ippolita,Ippolita,DET,PRON,nmod,nmod,explicit_ref_case,
310,142,one-to-one,dn_146,wk_157,Ippolita,Ippolita,DET,PRON,nmod,nmod,explicit_ref_case,
311,142,one-to-one,dn_146,wk_157,Ippolita,Ippolita,DET,PRON,nmod,nmod,explicit_ref_case,
312,144,one-to-one,dn_149,wk_159,Giorgio,Giorgio,PRON,PRON,obj,obj,explicit_full,
313,144,one-to-one,dn_149,wk_159,Ippolita,Ippolita,PRON,PRON,nsubj,nsubj,explicit_full,
314,145,one-to-many,dn_150,wk_160 wk_161,Giorgio Ippolita,Giorgio Ippolita,PRON,PRON,nsubj,nsubj,explicit_full,
315,145,one-to-many,dn_150,wk_160 wk_161,MISSING,Giorgio Ippolita,MISSING,NOUN,MISSING,nsubj,leftover_target,
316,145,one-to-many,dn_150,wk_160 wk_161,MISSING,Giorgio Ippolita,MISSING,NOUN,MISSING,obj,leftover_target,
317,145,one-to-many,dn_150,wk_160 wk_161,MISSING,Giorgio Ippolita,MISSING,NOUN,MISSING,pred,leftover_target,
318,145,one-to-many,dn_150,wk_160 wk_161,MISSING,Giorgio Ippolita,MISSING,NULL,MISSING,nsubj,leftover_target,
319,146,one-to-many,dn_151,wk_162 wk_163,Giorgio,Giorgio,PRON,PRON,nsubj,nsubj,explicit_full,
320,146,one-to-many,dn_151,wk_162 wk_163,Giorgio,Giorgio,DET,PRON,nmod,nmod,explicit_ref_case,
321,146,one-to-many,dn_151,wk_162 wk_163,Ippolita,Ippolita,DET,DET,nmod,nmod,explicit_full,
322,146,one-to-many,dn_151,wk_162 wk_163,MISSING,Ippolita,MISSING,PRON,MISSING,nmod,leftover_target,
323,146,one-to-many,dn_151,wk_162 wk_163,MISSING,Ippolita,MISSING,NULL,MISSING,nsubj,leftover_target,
324,147,one-to-many,dn_152,wk_164 wk_165,Giorgio,Giorgio,DET,PRON,nmod,nmod,explicit_ref_case,
325,147,one-to-many,dn_152,wk_164 wk_165,Giorgio,Giorgio,DET,PRON,nmod,nmod,explicit_ref_case,
326,147,one-to-many,dn_152,wk_164 wk_165,Giorgio,Giorgio,NULL,PRON,nsubj,nsubj,zero_to_tgt_anchor,
327,147,one-to-many,dn_152,wk_164 wk_165,Ippolita,Ippolita,PRON,PRON,obj,obj,explicit_full,
328,147,one-to-many,dn_152,wk_164 wk_165,Ippolita,Ippolita,PRON,PRON,obj,nmod,explicit_ref_pos,
329,148,one-to-many,dn_153,wk_166 wk_167,Giorgio,Giorgio,PRON,PRON,nsubj,obj,explicit_ref_pos,
330,148,one-to-many,dn_153,wk_166 wk_167,Ippolita,Ippolita,PRON,PRON,obj,obj,explicit_full,
331,148,one-to-many,dn_153,wk_166 wk_167,Ippolita,Ippolita,DET,PRON,nmod,nmod,explicit_ref_case,
332,149,one-to-one,dn_154,wk_168,Giorgio,Giorgio,PRON,PRON,nsubj,obj,explicit_ref_pos,
333,149,one-to-one,dn_154,wk_168,Ippolita,Ippolita,DET,PRON,nmod,nmod,explicit_ref_case,
334,150,one-to-one,dn_155,wk_169,Giorgio,Giorgio,PRON,PRON,nsubj,nsubj,explicit_full,
335,150,one-to-one,dn_155,wk_169,MISSING,Ippolita,MISSING,PRON,MISSING,nmod,leftover_target,
336,151,one-to-many,dn_156,wk_170 wk_171,Giorgio,Giorgio,PRON,PRON,obj,obj,explicit_full,
337,151,one-to-many,dn_156,wk_170 wk_171,Giorgio,Giorgio,NULL,NULL,nsubj,nsubj,zero_zero_semantic,0.14234864363422642
338,151,one-to-many,dn_156,wk_170 wk_171,Giorgio,Giorgio,NULL,NULL,nsubj,nsubj,zero_zero_semantic,0.24578781775602698
339,151,one-to-many,dn_156,wk_170 wk_171,Giorgio,Giorgio,NULL,NULL,nsubj,nsubj,zero_zero_semantic,0.29743871599573146
340,151,one-to-many,dn_156,wk_170 wk_171,Giorgio,Giorgio,NULL,NULL,nsubj,nsubj,zero_zero_semantic,0.15687075012028343
341,151,one-to-many,dn_156,wk_170 wk_171,Giorgio,Giorgio,NULL,NULL,nsubj,nsubj,zero_zero_semantic,0.17702107548863505
342,151,one-to-many,dn_156,wk_170 wk_171,Giorgio,Giorgio,NULL,NULL,nsubj,nsubj,zero_zero_semantic,0.23459603835972573
343,151,one-to-many,dn_156,wk_170 wk_171,Giorgio,MISSING,PRON-REFLEX,MISSING,obj,MISSING,leftover_source,
344,151,one-to-many,dn_156,wk_170 wk_171,Giorgio,MISSING,PRON-REFLEX,MISSING,obj,MISSING,leftover_source,
345,151,one-to-many,dn_156,wk_170 wk_171,Ippolita,Ippolita,PRON,PRON,obj,obj,explicit_full,
346,151,one-to-many,dn_156,wk_170 wk_171,Ippolita,Ippolita,PRON,PRON,obj,obj,explicit_full,
347,151,one-to-many,dn_156,wk_170 wk_171,Ippolita,Ippolita,DET,PRON,nmod,nmod,explicit_ref_case,
348,151,one-to-many,dn_156,wk_170 wk_171,Ippolita,Ippolita,PRON,PRON,obj,nsubj,explicit_ref_pos,
349,151,one-to-many,dn_156,wk_170 wk_171,Ippolita,Ippolita,PRON,PRON,obj,nmod,explicit_ref_pos,
350,152,one-to-one,dn_157,wk_172,Giorgio,Giorgio,PRON,PRON,obj,obj,explicit_full,
351,153,many-to-one,dn_158 dn_159,wk_173,Giorgio,Giorgio,PRON,PRON,nsubj,nsubj,explicit_full,
352,153,many-to-one,dn_158 dn_159,wk_173,Giorgio,Giorgio,PRON,NULL,nsubj,nsubj,zero_to_src_anchor,
353,153,many-to-one,dn_158 dn_159,wk_173,Giorgio,MISSING,DET,MISSING,nmod,MISSING,leftover_source,
354,153,many-to-one,dn_158 dn_159,wk_173,Ippolita,Ippolita,PRON,PRON,obj,obj,explicit_full,
355,153,many-to-one,dn_158 dn_159,wk_173,Ippolita,MISSING,PRON,MISSING,obj,MISSING,leftover_source,
356,154,one-to-one,dn_160,wk_174,Giorgio,Giorgio,PRON,PRON,obj,nmod,explicit_ref_pos,
357,154,one-to-one,dn_160,wk_174,Giorgio,MISSING,NULL,MISSING,nsubj,MISSING,leftover_source,
358,154,one-to-one,dn_160,wk_174,Giorgio,MISSING,PRON,MISSING,obj,MISSING,leftover_source,
359,154,one-to-one,dn_160,wk_174,Ippolita,Ippolita,PRON,PRON,obj,nmod,explicit_ref_pos,
360,155,one-to-one,dn_161,wk_175,Giorgio,Giorgio,PRON,PRON,obj,obj,explicit_full,
361,155,one-to-one,dn_161,wk_175,Ippolita,Ippolita,PRON,PRON,nsubj,nsubj,explicit_full,
362,155,one-to-one,dn_161,wk_175,Ippolita,Ippolita,NULL,NULL,nsubj,nsubj,zero_zero_semantic,0.2751248854850278
363,155,one-to-one,dn_161,wk_175,Ippolita,Ippolita,NULL,NULL,nsubj,nsubj,zero_zero_semantic,0.26091011349902005
364,155,one-to-one,dn_161,wk_175,Ippolita,MISSING,PRON,MISSING,obj,MISSING,leftover_source,
365,156,one-to-one,dn_162,wk_176,Giorgio,Giorgio,PRON,PRON,nsubj,nsubj,explicit_full,
366,158,one-to-one,dn_164,wk_178,Giorgio,Giorgio,PRON,PRON,obj,nsubj,explicit_ref_pos,
367,158,one-to-one,dn_164,wk_178,Giorgio,MISSING,PRON,MISSING,obj,MISSING,leftover_source,
368,158,one-to-one,dn_164,wk_178,MISSING,Giorgio,MISSING,NULL,MISSING,nsubj,leftover_target,
369,158,one-to-one,dn_164,wk_178,Ippolita,Ippolita,PRON,PRON,nsubj,nsubj,explicit_full,
370,158,one-to-one,dn_164,wk_178,Ippolita,MISSING,NULL,MISSING,nsubj,MISSING,leftover_source,
371,158,one-to-one,dn_164,wk_178,MISSING,Ippolita,MISSING,PRON,MISSING,obj,leftover_target,
372,159,one-to-many,dn_165,wk_179 wk_180,Giorgio,Giorgio,PRON,PRON,nsubj,nsubj,explicit_full,
373,159,one-to-many,dn_165,wk_179 wk_180,Giorgio,Giorgio,NULL,NULL,nsubj,nsubj,zero_zero_semantic,0.48217978720363003
374,159,one-to-many,dn_165,wk_179 wk_180,Giorgio,Giorgio,NULL,NULL,nsubj,nsubj,zero_zero_semantic,0.583288027049692
375,159,one-to-many,dn_165,wk_179 wk_180,Giorgio,Giorgio,NULL,NULL,nsubj,nsubj,zero_zero_semantic,0.27323764700946507
376,159,one-to-many,dn_165,wk_179 wk_180,Giorgio,MISSING,PRON-REFLEX,MISSING,obj,MISSING,leftover_source,
377,159,one-to-many,dn_165,wk_179 wk_180,Giorgio,MISSING,NULL,MISSING,nsubj,MISSING,leftover_source,
378,159,one-to-many,dn_165,wk_179 wk_180,MISSING,Giorgio,MISSING,PRON,MISSING,nmod,leftover_target,
379,159,one-to-many,dn_165,wk_179 wk_180,Ippolita,Ippolita,PRON,PRON,obj,obj,explicit_full,
380,159,one-to-many,dn_165,wk_179 wk_180,Ippolita,Ippolita,DET,PRON,nmod,nmod,explicit_ref_case,
381,159,one-to-many,dn_165,wk_179 wk_180,MISSING,Ippolita,MISSING,PRON,MISSING,nmod,leftover_target,
382,160,one-to-one,dn_166,wk_181,Giorgio Ippolita,Giorgio Ippolita,PRON,NOUN,obj,nmod,explicit_ref_only,
383,161,one-to-one,dn_167,wk_182,Giorgio,Giorgio,PRON,PRON,nsubj,nsubj,explicit_full,
384,161,one-to-one,dn_167,wk_182,Ippolita,Ippolita,PRON,PRON,obj,obj,explicit_full,
385,162,one-to-many,dn_168,wk_183 wk_184,Ippolita,Ippolita,NULL,NULL,nsubj,nsubj,zero_zero_single,
386,163,one-to-one,dn_169,wk_185,Giorgio,MISSING,PRON,MISSING,obj,MISSING,leftover_source,
387,163,one-to-one,dn_169,wk_185,Ippolita,Ippolita,PRON,PRON,nsubj,nsubj,explicit_full,
388,164,one-to-many,dn_170,wk_186 wk_187,Giorgio,Giorgio,NULL,PRON,nsubj,nsubj,zero_to_tgt_anchor,
389,165,one-to-one,dn_171,wk_188,Giorgio,Giorgio,DET,PRON,nmod,nmod,explicit_ref_case,
390,165,one-to-one,dn_171,wk_188,Giorgio,Giorgio,PRON,PRON,nsubj,obj,explicit_ref_pos,
391,165,one-to-one,dn_171,wk_188,Ippolita,Ippolita,DET,PRON,nmod,nmod,explicit_ref_case,
392,165,one-to-one,dn_171,wk_188,Ippolita,Ippolita,PRON,PRON,nsubj,obj,explicit_ref_pos,
393,167,one-to-one,dn_173,wk_190,Giorgio,Giorgio,PRON,PRON,nsubj,nmod,explicit_ref_pos,
394,167,one-to-one,dn_173,wk_190,Giorgio,Giorgio,NULL,NULL,nsubj,nsubj,zero_zero_semantic,0.27572784588966537
395,167,one-to-one,dn_173,wk_190,Giorgio,Giorgio,NULL,NULL,nsubj,nsubj,zero_zero_semantic,0.27758465265427834
396,167,one-to-one,dn_173,wk_190,Giorgio,MISSING,PRON-REFLEX,MISSING,obj,MISSING,leftover_source,
397,167,one-to-one,dn_173,wk_190,MISSING,Giorgio,MISSING,NULL,MISSING,nsubj,leftover_target,
398,167,one-to-one,dn_173,wk_190,MISSING,Giorgio,MISSING,NULL,MISSING,nsubj,leftover_target,
399,167,one-to-one,dn_173,wk_190,MISSING,Giorgio,MISSING,NULL,MISSING,nsubj,leftover_target,
400,167,one-to-one,dn_173,wk_190,Ippolita,Ippolita,PRON,PRON,nmod,nmod,explicit_full,
401,167,one-to-one,dn_173,wk_190,Ippolita,Ippolita,PRON,PRON,obj,obj,explicit_full,
402,167,one-to-one,dn_173,wk_190,Ippolita,Ippolita,DET,PRON,nmod,nmod,explicit_ref_case,
403,167,one-to-one,dn_173,wk_190,Ippolita,MISSING,PRON,MISSING,obj,MISSING,leftover_source,
404,170,one-to-one,dn_176,wk_193,Ippolita,Ippolita,PROPN,PROPN,nsubj,nsubj,explicit_full,
405,171,one-to-one,dn_177,wk_194,Ippolita,Ippolita,PRON,PRON,nsubj,nsubj,explicit_full,
406,172,one-to-one,dn_178,wk_195,Ippolita,Ippolita,PRON,PRON,nsubj,nsubj,explicit_full,
407,173,one-to-one,dn_179,wk_196,Ippolita,Ippolita,NULL,PRON,nsubj,nsubj,zero_to_tgt_anchor,
408,174,one-to-one,dn_180,wk_197,Giorgio,Giorgio,NOUN,NOUN,obj,obj,explicit_full,
409,175,one-to-one,dn_181,wk_198,Ippolita,Ippolita,PROPN,PROPN,nsubj,nsubj,explicit_full,
410,176,one-to-one,dn_182,wk_199,Giorgio,Giorgio,PRON,PRON,nsubj,nsubj,explicit_full,
411,177,one-to-one,dn_183,wk_200,Giorgio,Giorgio,DET,PRON,nmod,nmod,explicit_ref_case,
412,177,one-to-one,dn_183,wk_200,Giorgio,Giorgio,PRON,NULL,nsubj,nsubj,zero_to_src_anchor,
413,178,one-to-many,dn_184,wk_201 wk_202,Giorgio,Giorgio,DET,PRON,nmod,nmod,explicit_ref_case,
414,178,one-to-many,dn_184,wk_201 wk_202,Giorgio,Giorgio,PRON,PRON,obj,nsubj,explicit_ref_pos,
415,178,one-to-many,dn_184,wk_201 wk_202,Giorgio,MISSING,PRON,MISSING,obj,MISSING,leftover_source,
416,178,one-to-many,dn_184,wk_201 wk_202,MISSING,Giorgio,MISSING,NULL,MISSING,nsubj,leftover_target,
417,178,one-to-many,dn_184,wk_201 wk_202,Ippolita,Ippolita,PRON,PRON,nsubj,nsubj,explicit_full,
418,178,one-to-many,dn_184,wk_201 wk_202,Ippolita,Ippolita,PRON,PRON,nsubj,obj,explicit_ref_pos,
419,178,one-to-many,dn_184,wk_201 wk_202,MISSING,Ippolita,MISSING,NULL,MISSING,nsubj,leftover_target,
420,179,one-to-one,dn_185,wk_203,Giorgio,Giorgio,PRON,PRON,nsubj,nsubj,explicit_full,
421,179,one-to-one,dn_185,wk_203,Giorgio,MISSING,DET,MISSING,nmod,MISSING,leftover_source,
422,180,one-to-many,dn_186,wk_204 wk_205,Giorgio,Giorgio,NULL,NULL,nsubj,nsubj,zero_zero_semantic,0.3770307090246316
423,180,one-to-many,dn_186,wk_204 wk_205,Giorgio,MISSING,NULL,MISSING,nsubj,MISSING,leftover_source,
424,180,one-to-many,dn_186,wk_204 wk_205,MISSING,Giorgio,MISSING,PRON,MISSING,nmod,leftover_target,
425,181,one-to-one,dn_187,wk_206,Giorgio,Giorgio,PRON,PRON,nsubj,nmod,explicit_ref_pos,
426,182,one-to-one,dn_188,wk_207,Giorgio,Giorgio,PRON,PRON,nsubj,nsubj,explicit_full,
427,183,one-to-one,dn_189,wk_208,Ippolita,Ippolita,PRON,PRON,nsubj,nsubj,explicit_full,
428,183,one-to-one,dn_189,wk_208,Ippolita,Ippolita,NULL,NULL,nsubj,nsubj,zero_zero_semantic,0.4604953373478686
429,183,one-to-one,dn_189,wk_208,MISSING,Ippolita,MISSING,NULL,MISSING,nsubj,leftover_target,
430,185,one-to-one,dn_191,wk_210,Ippolita,Ippolita,NULL,NULL,nsubj,nsubj,zero_zero_semantic,0.1564349146450267
431,185,one-to-one,dn_191,wk_210,Ippolita,Ippolita,NULL,PRON,nsubj,nsubj,zero_to_tgt_anchor,
432,185,one-to-one,dn_191,wk_210,Ippolita,MISSING,PRON-REFLEX,MISSING,obj,MISSING,leftover_source,
433,186,one-to-one,dn_192,wk_211,Ippolita,MISSING,PRON,MISSING,obj,MISSING,leftover_source,
434,186,one-to-one,dn_192,wk_211,MISSING,Ippolita,MISSING,NULL,MISSING,nsubj,leftover_target,
435,187,one-to-one,dn_193,wk_212,Giorgio,Giorgio,PROPN,PROPN,nsubj,obj,explicit_ref_pos,
436,187,one-to-one,dn_193,wk_212,Ippolita,Ippolita,PRON,NULL,nsubj,nsubj,zero_to_src_anchor,
437,187,one-to-one,dn_193,wk_212,Ippolita,MISSING,PRON-REFLEX,MISSING,obj,MISSING,leftover_source,
438,188,one-to-one,dn_194,wk_213,Giorgio,Giorgio,NOUN,NOUN,obj,obj,explicit_full,
439,188,one-to-one,dn_194,wk_213,Ippolita,Ippolita,PRON,PRON,nsubj,nsubj,explicit_full,
440,188,one-to-one,dn_194,wk_213,MISSING,Ippolita,MISSING,NULL,MISSING,nsubj,leftover_target,
441,189,one-to-one,dn_195,wk_214,Giorgio,MISSING,NULL,MISSING,nsubj,MISSING,leftover_source,
442,190,one-to-one,dn_196,wk_215,Ippolita,Ippolita,PRON,PRON,nsubj,nsubj,explicit_full,
443,190,one-to-one,dn_196,wk_215,MISSING,Ippolita,MISSING,NULL,MISSING,nsubj,leftover_target,
444,191,one-to-one,dn_197,wk_216,Giorgio,Giorgio,PRON,PRON,nsubj,nmod,explicit_ref_pos,
445,191,one-to-one,dn_197,wk_216,Ippolita,MISSING,PRON,MISSING,obj,MISSING,leftover_source,
446,192,one-to-one,dn_198,wk_217,Giorgio,Giorgio,PRON,PRON,nsubj,nsubj,explicit_full,
447,193,one-to-one,dn_199,wk_218,Giorgio Ippolita,Giorgio Ippolita,PRON,NOUN,nsubj,nsubj,explicit_ref_case,
448,193,one-to-one,dn_199,wk_218,Giorgio Ippolita,Giorgio Ippolita,NULL,NULL,nsubj,nsubj,zero_zero_single,
449,193,one-to-one,dn_199,wk_218,MISSING,Giorgio Ippolita,MISSING,NOUN,MISSING,nsubj,leftover_target,
450,198,one-to-one,dn_204,wk_223,Giorgio,Giorgio,PROPN,PROPN,nsubj,nsubj,explicit_full,
451,199,one-to-one,dn_205,wk_224,Giorgio,Giorgio,PRON,PRON,obj,obj,explicit_full,
452,199,one-to-one,dn_205,wk_224,Ippolita,Ippolita,PRON,PRON,nsubj,nsubj,explicit_full,
453,200,one-to-one,dn_206,wk_225,Ippolita,Ippolita,NULL,NULL,nsubj,nsubj,zero_zero_single,
454,201,one-to-one,dn_207,wk_226,Giorgio,Giorgio,PRON,PRON,nsubj,nsubj,explicit_full,
455,201,one-to-one,dn_207,wk_226,Ippolita,Ippolita,PRON,NULL,nsubj,nsubj,zero_to_src_anchor,
456,202,one-to-one,dn_208,wk_227,MISSING,Ippolita,MISSING,NULL,MISSING,nsubj,leftover_target,
457,203,one-to-one,dn_209,wk_228,Giorgio,Giorgio,PRON,PRON,obj,nmod,explicit_ref_pos,
458,204,one-to-one,dn_210,wk_229,Giorgio,Giorgio,PRON,PRON,nsubj,nmod,explicit_ref_pos,
459,204,one-to-one,dn_210,wk_229,Giorgio,MISSING,PRON,MISSING,obj,MISSING,leftover_source,
460,204,one-to-one,dn_210,wk_229,MISSING,Giorgio,MISSING,NULL,MISSING,nsubj,leftover_target,
461,205,one-to-one,dn_211,wk_230,Giorgio,MISSING,NULL,MISSING,nsubj,MISSING,leftover_source,
462,207,many-to-one,dn_213 dn_214,wk_232,Ippolita,Ippolita,DET,PRON,nmod,nmod,explicit_ref_case,
463,208,one-to-one,dn_215,wk_233,Giorgio,Giorgio,PRON,PRON,nsubj,nsubj,explicit_full,
464,208,one-to-one,dn_215,wk_233,Ippolita,Ippolita,PRON,PROPN,obj,nmod,explicit_ref_only,
465,209,one-to-one,dn_216,wk_234,Ippolita,Ippolita,NULL,PRON,nsubj,nsubj,zero_to_tgt_anchor,
466,210,one-to-one,dn_217,wk_235,Ippolita,MISSING,NULL,MISSING,nsubj,MISSING,leftover_source,
467,211,one-to-one,dn_218,wk_236,Giorgio,MISSING,PRON,MISSING,obj,MISSING,leftover_source,
468,211,one-to-one,dn_218,wk_236,MISSING,Giorgio,MISSING,NULL,MISSING,nsubj,leftover_target,
469,211,one-to-one,dn_218,wk_236,Ippolita,MISSING,NULL,MISSING,nsubj,MISSING,leftover_source,
470,211,one-to-one,dn_218,wk_236,MISSING,Ippolita,MISSING,PRON,MISSING,obj,leftover_target,
471,212,one-to-one,dn_219,wk_237,Giorgio,MISSING,PRON,MISSING,obj,MISSING,leftover_source,
472,212,one-to-one,dn_219,wk_237,MISSING,Giorgio,MISSING,NULL,MISSING,nsubj,leftover_target,
473,212,one-to-one,dn_219,wk_237,Ippolita,Ippolita,PRON,PRON,nsubj,nmod,explicit_ref_pos,
474,212,one-to-one,dn_219,wk_237,Ippolita,MISSING,PRON-REFLEX,MISSING,obj,MISSING,leftover_source,
475,212,one-to-one,dn_219,wk_237,Ippolita,MISSING,NULL,MISSING,nsubj,MISSING,leftover_source,
476,213,one-to-one,dn_220,wk_238,Giorgio,Giorgio,NULL,NULL,nsubj,nsubj,zero_zero_single,
477,213,one-to-one,dn_220,wk_238,Giorgio,MISSING,PRON-REFLEX,MISSING,obj,MISSING,leftover_source,
478,213,one-to-one,dn_220,wk_238,Ippolita,Ippolita,PRON,PRON,nsubj,nsubj,explicit_full,
479,213,one-to-one,dn_220,wk_238,Ippolita,MISSING,DET,MISSING,nmod,MISSING,leftover_source,
480,215,one-to-one,dn_222,wk_240,Giorgio,Giorgio,DET,PRON,nmod,nmod,explicit_ref_case,
481,216,one-to-one,dn_223,wk_241,Giorgio,Giorgio,NULL,NULL,nsubj,nsubj,zero_zero_semantic,0.3258890033914493
482,216,one-to-one,dn_223,wk_241,MISSING,Giorgio,MISSING,NULL,MISSING,nsubj,leftover_target,
483,216,one-to-one,dn_223,wk_241,MISSING,Giorgio,MISSING,NULL,MISSING,nsubj,leftover_target,
484,216,one-to-one,dn_223,wk_241,Ippolita,Ippolita,NOUN,NOUN,nmod,nmod,explicit_full,
485,217,one-to-many,dn_224,wk_242 wk_243,MISSING,Giorgio,MISSING,NULL,MISSING,nsubj,leftover_target,
486,217,one-to-many,dn_224,wk_242 wk_243,MISSING,Giorgio,MISSING,NULL,MISSING,nsubj,leftover_target,
487,217,one-to-many,dn_224,wk_242 wk_243,MISSING,Giorgio,MISSING,NULL,MISSING,nsubj,leftover_target,
488,217,one-to-many,dn_224,wk_242 wk_243,Ippolita,MISSING,PRON,MISSING,nsubj,MISSING,leftover_source,
489,218,one-to-one,dn_225,wk_244,Ippolita,Ippolita,NULL,NULL,nsubj,nsubj,zero_zero_single,
490,219,one-to-one,dn_226,wk_245,Ippolita,Ippolita,DET,PRON,nmod,nmod,explicit_ref_case,
491,220,one-to-one,dn_227,wk_246,Ippolita,Ippolita,PRON,PRON,nmod,nmod,explicit_full,
492,221,one-to-many,dn_228,wk_247 wk_248,Giorgio,MISSING,PRON,MISSING,obj,MISSING,leftover_source,
493,221,one-to-many,dn_228,wk_247 wk_248,Giorgio,MISSING,PRON,MISSING,obj,MISSING,leftover_source,
494,221,one-to-many,dn_228,wk_247 wk_248,MISSING,Giorgio,MISSING,NULL,MISSING,nsubj,leftover_target,
495,221,one-to-many,dn_228,wk_247 wk_248,Ippolita,Ippolita,DET,PRON,nmod,nmod,explicit_ref_case,
496,222,one-to-one,dn_229,wk_249,Ippolita,Ippolita,DET,PRON,nmod,nmod,explicit_ref_case,
497,223,many-to-one,dn_230 dn_231,wk_250,Giorgio,Giorgio,NULL,NULL,nsubj,nsubj,zero_zero_single,
498,223,many-to-one,dn_230 dn_231,wk_250,Ippolita,MISSING,NULL,MISSING,nsubj,MISSING,leftover_source,
499,224,one-to-one,dn_232,wk_251,Giorgio,Giorgio,PRON,NULL,nsubj,nsubj,zero_to_src_anchor,
500,224,one-to-one,dn_232,wk_251,Ippolita,MISSING,PRON,MISSING,obj,MISSING,leftover_source,
501,224,one-to-one,dn_232,wk_251,MISSING,Ippolita,MISSING,NULL,MISSING,nsubj,leftover_target,
502,225,one-to-one,dn_233,wk_252,Giorgio,MISSING,PRON,MISSING,obj,MISSING,leftover_source,
503,225,one-to-one,dn_233,wk_252,Ippolita,Ippolita,DET,PRON,nmod,nmod,explicit_ref_case,
504,226,many-to-one,dn_234 dn_235,wk_253,Ippolita,Ippolita,PRON,PRON,nsubj,obj,explicit_ref_pos,
505,228,one-to-one,dn_237,wk_255,Giorgio,MISSING,PRON,MISSING,obj,MISSING,leftover_source,
506,228,one-to-one,dn_237,wk_255,MISSING,Giorgio,MISSING,NULL,MISSING,nsubj,leftover_target,
507,228,one-to-one,dn_237,wk_255,MISSING,Ippolita,MISSING,PRON,MISSING,nmod,leftover_target,
508,229,one-to-one,dn_238,wk_256,Giorgio,MISSING,PRON,MISSING,obj,MISSING,leftover_source,
509,229,one-to-one,dn_238,wk_256,Ippolita,Ippolita,PRON,PRON,nsubj,nsubj,explicit_full,
510,230,many-to-one,dn_239 dn_240,wk_257,Giorgio,Giorgio,NULL,NULL,nsubj,nsubj,zero_zero_single,
511,230,many-to-one,dn_239 dn_240,wk_257,Giorgio,MISSING,PRON,MISSING,obj,MISSING,leftover_source,
512,230,many-to-one,dn_239 dn_240,wk_257,Ippolita,Ippolita,PRON,PRON,nsubj,nsubj,explicit_full,
513,230,many-to-one,dn_239 dn_240,wk_257,Ippolita,Ippolita,DET,PRON,nmod,nsubj,explicit_ref_only,
514,230,many-to-one,dn_239 dn_240,wk_257,Ippolita,Ippolita,NULL,NULL,nsubj,nsubj,zero_zero_semantic,0.6268101547256255
515,230,many-to-one,dn_239 dn_240,wk_257,Ippolita,MISSING,DET,MISSING,nmod,MISSING,leftover_source,
516,230,many-to-one,dn_239 dn_240,wk_257,MISSING,Ippolita,MISSING,NULL,MISSING,nsubj,leftover_target,
517,230,many-to-one,dn_239 dn_240,wk_257,Ippolitas-sister,Ippolitas-sister,NOUN,NOUN,nmod,nmod,explicit_full,
518,230,many-to-one,dn_239 dn_240,wk_257,Ippolitas-sister,Ippolitas-sister,NOUN,NOUN,nmod,nmod,explicit_full,
519,231,one-to-one,dn_241,wk_258,MISSING,Ippolita,MISSING,NULL,MISSING,nsubj,leftover_target,
520,232,one-to-one,dn_242,wk_260,Giorgio,Giorgio,PRON,PRON,obj,obj,explicit_full,
521,232,one-to-one,dn_242,wk_260,Ippolita,Ippolita,PRON,PRON,nsubj,nsubj,explicit_full,
522,232,one-to-one,dn_242,wk_260,Ippolita,Ippolita,NULL,NULL,nsubj,nsubj,zero_zero_single,
523,233,many-to-one,dn_243 dn_244,wk_261,Giorgio,MISSING,NULL,MISSING,nsubj,MISSING,leftover_source,
524,233,many-to-one,dn_243 dn_244,wk_261,Ippolita,Ippolita,DET,PRON,nmod,obj,explicit_ref_only,
525,233,many-to-one,dn_243 dn_244,wk_261,Ippolita,MISSING,DET,MISSING,nmod,MISSING,leftover_source,
526,234,one-to-one,dn_245,wk_262,Giorgio,Giorgio,PRON,PRON,nsubj,nsubj,explicit_full,
527,234,one-to-one,dn_245,wk_262,Giorgio,Giorgio,NULL,NULL,nsubj,nsubj,zero_zero_semantic,0.44008746734420184
528,234,one-to-one,dn_245,wk_262,MISSING,Giorgio,MISSING,NULL,MISSING,nsubj,leftover_target,
529,235,one-to-one,dn_246,wk_263,Giorgio,Giorgio,PRON,PRON,obj,nmod,explicit_ref_pos,
530,235,one-to-one,dn_246,wk_263,MISSING,Giorgio,MISSING,NULL,MISSING,nsubj,leftover_target,
531,236,one-to-one,dn_247,wk_264,MISSING,Giorgio,MISSING,PRON,MISSING,nmod,leftover_target,
532,236,one-to-one,dn_247,wk_264,MISSING,Ippolita,MISSING,PROPN,MISSING,nmod,leftover_target,
533,236,one-to-one,dn_247,wk_264,MISSING,Ippolita,MISSING,PRON,MISSING,nsubj,leftover_target,
534,236,one-to-one,dn_247,wk_264,MISSING,Ippolita,MISSING,NULL,MISSING,nsubj,leftover_target,
535,237,one-to-one,dn_248,wk_265,Giorgio,Giorgio,PRON,PRON,nsubj,nmod,explicit_ref_pos,
536,237,one-to-one,dn_248,wk_265,Ippolita,Ippolita,PROPN,PROPN,nsubj,nsubj,explicit_full,
537,237,one-to-one,dn_248,wk_265,MISSING,Ippolita,MISSING,PRON,MISSING,nmod,leftover_target,
538,237,one-to-one,dn_248,wk_265,MISSING,Ippolita,MISSING,PRON,MISSING,nmod,leftover_target,
539,237,one-to-one,dn_248,wk_265,MISSING,Ippolita,MISSING,NULL,MISSING,nsubj,leftover_target,
540,237,one-to-one,dn_248,wk_265,Ippolitas-brother-in-law,Ippolitas-brother-in-law,NOUN,NOUN,nmod,nmod,explicit_full,
541,237,one-to-one,dn_248,wk_265,Ippolitas-brother-in-laws-friends,Ippolitas-brother-in-laws-friends,NOUN,NOUN,obj,obj,explicit_full,
542,237,one-to-one,dn_248,wk_265,Ippolitas-brother-in-laws-friends,Ippolitas-brother-in-laws-friends,NOUN,NOUN,obj,obj,explicit_full,
543,237,one-to-one,dn_248,wk_265,Ippolitas-brother-in-laws-friends,Ippolitas-brother-in-laws-friends,NOUN,NOUN,obj,obj,explicit_full,
544,238,one-to-one,dn_249,wk_266,Ippolita,Ippolita,DET,PRON,nmod,nmod,explicit_ref_case,
545,239,one-to-one,dn_250,wk_267,Giorgio,MISSING,PRON,MISSING,obj,MISSING,leftover_source,
546,240,one-to-one,dn_251,wk_268,MISSING,Ippolita,MISSING,NULL,MISSING,nsubj,leftover_target,
547,241,one-to-one,dn_252,wk_269,MISSING,Ippolita,MISSING,PRON,MISSING,obj,leftover_target,
548,241,one-to-one,dn_252,wk_269,Ippolita Ippolitas-sister Ippolitas-brother-in-law,MISSING,PRON,MISSING,obj,MISSING,leftover_source,
549,241,one-to-one,dn_252,wk_269,Ippolita Ippolitas-sister Ippolitas-brother-in-law,MISSING,PRON,MISSING,obj,MISSING,leftover_source,
550,241,one-to-one,dn_252,wk_269,Ippolitas-brother-in-laws-friends,Ippolitas-brother-in-laws-friends,NOUN,NOUN,nsubj,nsubj,explicit_full,
551,241,one-to-one,dn_252,wk_269,Ippolitas-brother-in-laws-friends,Ippolitas-brother-in-laws-friends,NULL,NULL,nsubj,nsubj,zero_zero_semantic,0.6276392021403187
552,241,one-to-one,dn_252,wk_269,MISSING,Ippolitas-brother-in-laws-friends,MISSING,NULL,MISSING,nsubj,leftover_target,
553,242,one-to-one,dn_253,wk_270,Giorgio,Giorgio,PRON,PRON,nsubj,nsubj,explicit_full,
554,243,one-to-one,dn_254,wk_271,Giorgio,MISSING,PRON,MISSING,obj,MISSING,leftover_source,
555,244,one-to-one,dn_255,wk_272,Ippolita,Ippolita,PROPN,PROPN,nsubj,nmod,explicit_ref_pos,
556,244,one-to-one,dn_255,wk_272,Ippolitas-brother-in-laws-friends,Ippolitas-brother-in-laws-friends,PRON,NOUN,obj,obj,explicit_ref_case,
557,245,one-to-one,dn_256,wk_273,Ippolita,Ippolita,PRON,PRON,nsubj,nsubj,explicit_full,
558,245,one-to-one,dn_256,wk_273,Ippolita,Ippolita,NULL,NULL,nsubj,nsubj,zero_zero_semantic,0.3951871511401196
559,245,one-to-one,dn_256,wk_273,Ippolita,Ippolita,NULL,NULL,nsubj,nsubj,zero_zero_semantic,0.29811622655218706
560,245,one-to-one,dn_256,wk_273,Ippolita,Ippolita,NULL,NULL,nsubj,nsubj,zero_zero_semantic,0.0792093782014334
561,245,one-to-one,dn_256,wk_273,Ippolita,MISSING,PRON-REFLEX,MISSING,obj,MISSING,leftover_source,
562,245,one-to-one,dn_256,wk_273,Ippolita,MISSING,NULL,MISSING,nsubj,MISSING,leftover_source,
563,245,one-to-one,dn_256,wk_273,Ippolitas-brother-in-laws-friends,Ippolitas-brother-in-laws-friends,PRON,PRON,obj,obj,explicit_full,
564,245,one-to-one,dn_256,wk_273,Ippolitas-brother-in-laws-friends,Ippolitas-brother-in-laws-friends,PRON,NOUN,obj,obj,explicit_ref_case,
565,246,one-to-one,dn_257,wk_274,Giorgio,Giorgio,DET,PRON,nmod,nmod,explicit_ref_case,
566,246,one-to-one,dn_257,wk_274,Giorgio,Giorgio,PRON,PRON,obj,nmod,explicit_ref_pos,
567,246,one-to-one,dn_257,wk_274,Giorgio,MISSING,PRON,MISSING,obj,MISSING,leftover_source,
568,246,one-to-one,dn_257,wk_274,MISSING,Giorgio,MISSING,NULL,MISSING,nsubj,leftover_target,
569,246,one-to-one,dn_257,wk_274,Ippolita,Ippolita,NOUN,NOUN,nsubj,nmod,explicit_ref_pos,
570,246,one-to-one,dn_257,wk_274,Ippolita,Ippolita,PRON,NULL,nsubj,nsubj,zero_to_src_anchor,
571,246,one-to-one,dn_257,wk_274,Ippolitas-brother-in-laws-friends,Ippolitas-brother-in-laws-friends,NOUN,NOUN,obj,nmod,explicit_ref_pos,
572,247,one-to-one,dn_258,wk_275,Ippolita,Ippolita,PRON,PRON,nsubj,nsubj,explicit_full,
573,248,one-to-one,dn_259,wk_276,Ippolita,Ippolita,NULL,NULL,nsubj,nsubj,zero_zero_single,
574,249,one-to-one,dn_260,wk_277,Ippolita,Ippolita,NULL,NULL,nsubj,nsubj,zero_zero_single,
575,250,one-to-one,dn_261,wk_278,Ippolita,Ippolita,PRON,PRON,nsubj,nmod,explicit_ref_pos,
576,250,one-to-one,dn_261,wk_278,Ippolita,Ippolita,PRON,PRON,nsubj,obj,explicit_ref_pos,
577,250,one-to-one,dn_261,wk_278,MISSING,Ippolita,MISSING,NULL,MISSING,nsubj,leftover_target,
578,250,one-to-one,dn_261,wk_278,Ippolitas-brother-in-laws-friends,Ippolitas-brother-in-laws-friends,NOUN,NOUN,obj,obj,explicit_full,
579,250,one-to-one,dn_261,wk_278,MISSING,Ippolitas-brother-in-laws-friends,MISSING,NOUN,MISSING,obj,leftover_target,
580,252,one-to-one,dn_263,wk_280,Giorgio,Giorgio,NOUN,PRON,nsubj,nsubj,explicit_ref_case,
581,252,one-to-one,dn_263,wk_280,MISSING,Giorgio,MISSING,NULL,MISSING,nsubj,leftover_target,
582,253,one-to-many,dn_264,wk_281 wk_282,Giorgio,Giorgio,PRON,PRON,obj,obj,explicit_full,
583,253,one-to-many,dn_264,wk_281 wk_282,Ippolita,Ippolita,PRON,PRON,obj,obj,explicit_full,
584,253,one-to-many,dn_264,wk_281 wk_282,Ippolitas-brother-in-laws-friends,Ippolitas-brother-in-laws-friends,NULL,NULL,nsubj,nsubj,zero_zero_single,
585,253,one-to-many,dn_264,wk_281 wk_282,MISSING,Ippolitas-brother-in-laws-friends,MISSING,NOUN,MISSING,nsubj,leftover_target,
586,254,one-to-one,dn_265,wk_283,Giorgio,Giorgio,PRON,PRON,nsubj,obj,explicit_ref_pos,
587,254,one-to-one,dn_265,wk_283,Ippolita,Ippolita,PRON,PRON,obj,obj,explicit_full,
588,254,one-to-one,dn_265,wk_283,Ippolita,Ippolita,PRON,PRON,obj,obj,explicit_full,
589,254,one-to-one,dn_265,wk_283,Ippolitas-brother-in-laws-friends,Ippolitas-brother-in-laws-friends,NOUN,NOUN,nsubj,nsubj,explicit_full,
590,254,one-to-one,dn_265,wk_283,MISSING,Ippolitas-brother-in-laws-friends,MISSING,NULL,MISSING,nsubj,leftover_target,
591,255,one-to-many,dn_266,wk_284 wk_285 wk_286,Ippolita,Ippolita,PRON,PRON,nsubj,nsubj,explicit_full,
592,255,one-to-many,dn_266,wk_284 wk_285 wk_286,Ippolita,Ippolita,NULL,NULL,nsubj,nsubj,zero_zero_single,
593,256,one-to-one,dn_267,wk_287,Ippolita,Ippolita,PRON,PRON,nsubj,nsubj,explicit_full,
594,256,one-to-one,dn_267,wk_287,MISSING,Ippolita,MISSING,NULL,MISSING,nsubj,leftover_target,
595,256,one-to-one,dn_267,wk_287,Ippolitas-brother-in-laws-friends,Ippolitas-brother-in-laws-friends,NOUN,NOUN,obj,obj,explicit_full,
596,261,one-to-one,dn_272,wk_294,Giorgio,Giorgio,PRON,PRON,obj,nsubj,explicit_ref_pos,
597,261,one-to-one,dn_272,wk_294,Ippolita,Ippolita,PRON,NOUN,obj,obj,explicit_ref_case,
598,262,one-to-one,dn_273,wk_295,Giorgio,Giorgio,DET,PRON,nmod,nsubj,explicit_ref_only,
599,262,one-to-one,dn_273,wk_295,MISSING,Ippolita,MISSING,PRON,MISSING,obj,leftover_target,
600,263,one-to-many,dn_274,wk_296 wk_297,Giorgio,MISSING,PRON,MISSING,nsubj,MISSING,leftover_source,
601,263,one-to-many,dn_274,wk_296 wk_297,Giorgio,MISSING,DET,MISSING,nmod,MISSING,leftover_source,
602,264,one-to-one,dn_275,wk_298,Giorgio,Giorgio,PRON,PRON,nsubj,nsubj,explicit_full,
603,264,one-to-one,dn_275,wk_298,Giorgio,Giorgio,NULL,NULL,nsubj,nsubj,zero_zero_single,
604,264,one-to-one,dn_275,wk_298,Giorgio,MISSING,PRON,MISSING,nsubj,MISSING,leftover_source,
605,264,one-to-one,dn_275,wk_298,Ippolita,Ippolita,PROPN,PROPN,obj,obj,explicit_full,
606,265,one-to-one,dn_276,wk_299,Giorgio,Giorgio,PRON,PRON,nsubj,nsubj,explicit_full,
607,265,one-to-one,dn_276,wk_299,Giorgio,Giorgio,NULL,NULL,nsubj,nsubj,zero_zero_semantic,0.5901453722177482
608,265,one-to-one,dn_276,wk_299,Giorgio,MISSING,NULL,MISSING,nsubj,MISSING,leftover_source,
609,265,one-to-one,dn_276,wk_299,Ippolita,Ippolita,PRON,PRON,obj,obj,explicit_full,
610,265,one-to-one,dn_276,wk_299,Ippolita,Ippolita,PRON,PRON,obj,nsubj,explicit_ref_pos,
611,266,one-to-one,dn_277,wk_300,Giorgio,Giorgio,PRON,NOUN,nsubj,nmod,explicit_ref_only,
612,266,one-to-one,dn_277,wk_300,Giorgio,Giorgio,NULL,NULL,nsubj,nsubj,zero_zero_semantic,0.5620043355112381
613,266,one-to-one,dn_277,wk_300,Giorgio,MISSING,PRON,MISSING,obj,MISSING,leftover_source,
614,266,one-to-one,dn_277,wk_300,MISSING,Giorgio,MISSING,NULL,MISSING,nsubj,leftover_target,
615,266,one-to-one,dn_277,wk_300,MISSING,Giorgio,MISSING,NULL,MISSING,nsubj,leftover_target,
616,267,many-to-one,dn_278 dn_279,wk_301,Giorgio,Giorgio,PRON,NULL,nsubj,nsubj,zero_to_src_anchor,
617,267,many-to-one,dn_278 dn_279,wk_301,Giorgio,MISSING,DET,MISSING,nmod,MISSING,leftover_source,
618,267,many-to-one,dn_278 dn_279,wk_301,MISSING,Giorgio,MISSING,NULL,MISSING,nsubj,leftover_target,
619,269,one-to-one,dn_281,wk_303,Giorgio,MISSING,DET,MISSING,nmod,MISSING,leftover_source,
620,270,one-to-one,dn_282,wk_304,Giorgio,Giorgio,PRON,NULL,nsubj,nsubj,zero_to_src_anchor,
621,270,one-to-one,dn_282,wk_304,Giorgio,MISSING,DET,MISSING,nmod,MISSING,leftover_source,
622,270,one-to-one,dn_282,wk_304,Giorgio,MISSING,DET,MISSING,nmod,MISSING,leftover_source,
623,270,one-to-one,dn_282,wk_304,Ippolita,Ippolita,PROPN,PROPN,obj,obj,explicit_full,
624,271,one-to-one,dn_283,wk_305,Ippolita,Ippolita,PRON,PROPN,nsubj,nsubj,explicit_ref_case,
625,271,one-to-one,dn_283,wk_305,MISSING,Ippolita,MISSING,NULL,MISSING,nsubj,leftover_target,
626,272,one-to-many,dn_284,wk_306 wk_307,Giorgio,Giorgio,PRON,PRON,nsubj,nsubj,explicit_full,
627,272,one-to-many,dn_284,wk_306 wk_307,Giorgio,Giorgio,NULL,NULL,nsubj,nsubj,zero_zero_semantic,0.17154609604902074
628,272,one-to-many,dn_284,wk_306 wk_307,Giorgio,Giorgio,PRON,NULL,nsubj,nsubj,zero_to_src_anchor,
629,272,one-to-many,dn_284,wk_306 wk_307,Giorgio,Giorgio,PRON,NULL,nsubj,nsubj,zero_to_src_anchor,
630,272,one-to-many,dn_284,wk_306 wk_307,Giorgio,MISSING,DET,MISSING,nmod,MISSING,leftover_source,
631,272,one-to-many,dn_284,wk_306 wk_307,Ippolita,Ippolita,NOUN,NOUN,obj,nmod,explicit_ref_pos,
632,272,one-to-many,dn_284,wk_306 wk_307,Ippolita,Ippolita,PRON,NOUN,obj,nmod,explicit_ref_only,
633,272,one-to-many,dn_284,wk_306 wk_307,Ippolita,Ippolita,PRON,NOUN,obj,nsubj,explicit_ref_only,
634,273,one-to-one,dn_285,wk_308,Giorgio,Giorgio,PRON,NOUN,nsubj,nsubj,explicit_ref_case,
635,273,one-to-one,dn_285,wk_308,Giorgio,MISSING,DET,MISSING,nmod,MISSING,leftover_source,
636,273,one-to-one,dn_285,wk_308,MISSING,Giorgio,MISSING,NULL,MISSING,nsubj,leftover_target,
637,273,one-to-one,dn_285,wk_308,Ippolita,Ippolita,NOUN,NOUN,nmod,nmod,explicit_full,
638,274,many-to-one,dn_286 dn_287,wk_309,Giorgio,MISSING,PRON,MISSING,obj,MISSING,leftover_source,
639,275,one-to-one,dn_288,wk_310,MISSING,Giorgio,MISSING,NULL,MISSING,nsubj,leftover_target,
640,275,one-to-one,dn_288,wk_310,MISSING,Giorgio,MISSING,NULL,MISSING,nsubj,leftover_target,
641,275,one-to-one,dn_288,wk_310,MISSING,Giorgio,MISSING,NULL,MISSING,nsubj,leftover_target,
642,275,one-to-one,dn_288,wk_310,Ippolita,Ippolita,PRON,NOUN,nsubj,nsubj,explicit_ref_case,
643,275,one-to-one,dn_288,wk_310,Ippolita,MISSING,PRON,MISSING,nmod,MISSING,leftover_source,
644,275,one-to-one,dn_288,wk_310,Ippolita,MISSING,NULL,MISSING,nsubj,MISSING,leftover_source,
645,275,one-to-one,dn_288,wk_310,Ippolita,MISSING,DET,MISSING,nmod,MISSING,leftover_source,
646,276,one-to-one,dn_289,wk_311,Giorgio,Giorgio,PRON,NOUN,nsubj,nsubj,explicit_ref_case,
647,276,one-to-one,dn_289,wk_311,MISSING,Giorgio,MISSING,NULL,MISSING,nsubj,leftover_target,
648,277,one-to-one,dn_290,wk_312,Giorgio,MISSING,PRON,MISSING,obj,MISSING,leftover_source,
649,277,one-to-one,dn_290,wk_312,Ippolita,Ippolita,PROPN,PROPN,nsubj,nsubj,explicit_full,
650,277,one-to-one,dn_290,wk_312,MISSING,Ippolita,MISSING,NULL,MISSING,nsubj,leftover_target,
651,278,one-to-one,dn_291,wk_313,Giorgio,MISSING,NULL,MISSING,nsubj,MISSING,leftover_source,
652,279,one-to-one,dn_292,wk_314,Giorgio,Giorgio,NULL,NULL,nsubj,nsubj,zero_zero_single,
653,280,one-to-one,dn_293,wk_315,Giorgio,Giorgio,PRON,NOUN,nsubj,nsubj,explicit_ref_case,
654,281,one-to-one,dn_294,wk_316,Ippolita,Ippolita,PRON,NOUN,obj,nmod,explicit_ref_only,
655,284,many-to-one,dn_297 dn_298,wk_319,Ippolita,Ippolita,PROPN,PROPN,nsubj,nsubj,explicit_full,
656,284,many-to-one,dn_297 dn_298,wk_319,Ippolita,MISSING,NULL,MISSING,nsubj,MISSING,leftover_source,
657,285,one-to-one,dn_299,wk_320,Giorgio,MISSING,NULL,MISSING,nsubj,MISSING,leftover_source,
658,285,one-to-one,dn_299,wk_320,Giorgio Ippolita,Giorgio Ippolita,NULL,NULL,nsubj,nsubj,zero_zero_single,
659,286,one-to-one,dn_300,wk_321,Giorgio,Giorgio,PRON,NOUN,nsubj,nsubj,explicit_ref_case,
660,287,one-to-one,dn_301,wk_322,Giorgio Ippolita,Giorgio Ippolita,NULL,NULL,nsubj,nsubj,zero_zero_single,
661,288,many-to-one,dn_302 dn_303,wk_323,Giorgio Ippolita,Giorgio Ippolita,NULL,NULL,nsubj,nsubj,zero_zero_semantic,0.4242341553881055
662,288,many-to-one,dn_302 dn_303,wk_323,Giorgio Ippolita,Giorgio Ippolita,NULL,NOUN,nsubj,nsubj,zero_to_tgt_anchor,
663,288,many-to-one,dn_302 dn_303,wk_323,Giorgio Ippolita,MISSING,PRON-REFLEX,MISSING,obj,MISSING,leftover_source,
664,288,many-to-one,dn_302 dn_303,wk_323,Giorgio Ippolita,MISSING,PRON-REFLEX,MISSING,obj,MISSING,leftover_source,
665,288,many-to-one,dn_302 dn_303,wk_323,Giorgio Ippolita,MISSING,NULL,MISSING,nsubj,MISSING,leftover_source,
666,289,one-to-one,dn_304,wk_324,Ippolita,Ippolita,PROPN,PROPN,nsubj,nsubj,explicit_full,
667,289,one-to-one,dn_304,wk_324,MISSING,Ippolita,MISSING,NULL,MISSING,nsubj,leftover_target,
668,289,one-to-one,dn_304,wk_324,MISSING,Ippolita,MISSING,NULL,MISSING,nsubj,leftover_target,
669,290,one-to-one,dn_305,wk_325,Giorgio,Giorgio,NOUN,NOUN,vocative,vocative,explicit_full,
670,290,one-to-one,dn_305,wk_325,Ippolita,MISSING,DET,MISSING,nmod,MISSING,leftover_source,
671,291,one-to-one,dn_306,wk_326,Ippolita,Ippolita,NULL,NULL,nsubj,nsubj,zero_zero_single,
672,291,one-to-one,dn_306,wk_326,Ippolita,MISSING,PRON-REFLEX,MISSING,obj,MISSING,leftover_source,
673,291,one-to-one,dn_306,wk_326,MISSING,Ippolita,MISSING,PRON,MISSING,nsubj,leftover_target,
674,295,many-to-one,dn_310 dn_311,wk_330,Giorgio,Giorgio,NULL,NULL,nsubj,nsubj,zero_zero_single,
675,295,many-to-one,dn_310 dn_311,wk_330,Ippolita,MISSING,PRON,MISSING,nsubj,MISSING,leftover_source,
676,296,one-to-one,dn_312,wk_331,Giorgio,Giorgio,NULL,NULL,nsubj,nsubj,zero_zero_single,
677,297,one-to-one,dn_313,wk_332,Giorgio,Giorgio,PRON,PRON,nsubj,nsubj,explicit_full,
678,298,one-to-one,dn_314,wk_333,Giorgio,MISSING,PRON,MISSING,nsubj,MISSING,leftover_source,
679,298,one-to-one,dn_314,wk_333,Giorgio,MISSING,NULL,MISSING,nsubj,MISSING,leftover_source,
680,299,one-to-one,dn_315,wk_334,Giorgio,MISSING,PRON,MISSING,obj,MISSING,leftover_source,
681,299,one-to-one,dn_315,wk_334,Giorgio Ippolita,Giorgio Ippolita,PRON,PRON,obj,obj,explicit_full,
682,299,one-to-one,dn_315,wk_334,Giorgio Ippolita,Giorgio Ippolita,NULL,NULL,nsubj,nsubj,zero_zero_semantic,0.20070503837504375
683,299,one-to-one,dn_315,wk_334,Giorgio Ippolita,Giorgio Ippolita,NULL,NULL,nsubj,nsubj,zero_zero_semantic,0.26125847074717085
684,299,one-to-one,dn_315,wk_334,MISSING,Giorgio Ippolita,MISSING,NOUN,MISSING,nsubj,leftover_target,
685,299,one-to-one,dn_315,wk_334,MISSING,Giorgio Ippolita,MISSING,NULL,MISSING,nsubj,leftover_target,
686,299,one-to-one,dn_315,wk_334,MISSING,Giorgio Ippolita,MISSING,NULL,MISSING,nsubj,leftover_target,
687,299,one-to-one,dn_315,wk_334,MISSING,Giorgio Ippolita,MISSING,NULL,MISSING,nsubj,leftover_target,
688,299,one-to-one,dn_315,wk_334,Ippolita,MISSING,PRON,MISSING,obj,MISSING,leftover_source,
689,300,one-to-one,dn_316,wk_335,Giorgio Ippolita,Giorgio Ippolita,PRON,PRON,nsubj,nsubj,explicit_full,
690,300,one-to-one,dn_316,wk_335,Giorgio Ippolita,MISSING,DET,MISSING,nmod,MISSING,leftover_source,
691,301,one-to-one,dn_317,wk_336,Giorgio,Giorgio,PRON,PRON,nsubj,nmod,explicit_ref_pos,
692,301,one-to-one,dn_317,wk_336,Giorgio,MISSING,PRON,MISSING,obj,MISSING,leftover_source,
693,301,one-to-one,dn_317,wk_336,Ippolita,Ippolita,NULL,NULL,nsubj,nsubj,zero_zero_single,
694,302,one-to-one,dn_318,wk_337,Ippolita,Ippolita,PROPN,PROPN,nsubj,nsubj,explicit_full,
695,303,one-to-one,dn_319,wk_338,Giorgio,Giorgio,NOUN,PRON,nsubj,nsubj,explicit_ref_case,
696,303,one-to-one,dn_319,wk_338,Giorgio,MISSING,PRON-REFLEX,MISSING,obj,MISSING,leftover_source,
697,303,one-to-one,dn_319,wk_338,Giorgio,MISSING,PRON-REFLEX,MISSING,obj,MISSING,leftover_source,
698,303,one-to-one,dn_319,wk_338,MISSING,Giorgio,MISSING,NULL,MISSING,nsubj,leftover_target,
699,303,one-to-one,dn_319,wk_338,MISSING,Giorgio,MISSING,NULL,MISSING,nsubj,leftover_target,
700,303,one-to-one,dn_319,wk_338,MISSING,Giorgio,MISSING,NULL,MISSING,nsubj,leftover_target,
701,303,one-to-one,dn_319,wk_338,MISSING,Ippolita,MISSING,PRON,MISSING,obj,leftover_target,
702,304,one-to-one,dn_320,wk_339,MISSING,Ippolita,MISSING,NULL,MISSING,nsubj,leftover_target,
703,305,one-to-one,dn_321,wk_340,Giorgio,MISSING,PRON,MISSING,obj,MISSING,leftover_source,
704,306,one-to-one,dn_322,wk_341,Giorgio,Giorgio,PRON,PRON,nsubj,nsubj,explicit_full,
705,306,one-to-one,dn_322,wk_341,Giorgio,Giorgio,NULL,NULL,nsubj,nsubj,zero_zero_semantic,0.5913808032033736
706,306,one-to-one,dn_322,wk_341,Giorgio,MISSING,NULL,MISSING,nsubj,MISSING,leftover_source,
707,306,one-to-one,dn_322,wk_341,MISSING,Giorgio,MISSING,PRON,MISSING,obj,leftover_target,
708,306,one-to-one,dn_322,wk_341,Ippolita,Ippolita,PRON,PRON,obj,obj,explicit_full,
709,307,one-to-one,dn_323,wk_342,Giorgio,Giorgio,PRON,PRON,nsubj,nsubj,explicit_full,
710,307,one-to-one,dn_323,wk_342,Giorgio,Giorgio,NULL,NULL,nsubj,nsubj,zero_zero_semantic,0.5266361716743683
711,307,one-to-one,dn_323,wk_342,MISSING,Giorgio,MISSING,NULL,MISSING,nsubj,leftover_target,
712,307,one-to-one,dn_323,wk_342,MISSING,Giorgio,MISSING,NULL,MISSING,nsubj,leftover_target,
713,307,one-to-one,dn_323,wk_342,MISSING,Giorgio,MISSING,NULL,MISSING,nsubj,leftover_target,
714,307,one-to-one,dn_323,wk_342,MISSING,Giorgio,MISSING,PRON,MISSING,obj,leftover_target,
715,307,one-to-one,dn_323,wk_342,MISSING,Ippolita,MISSING,PRON,MISSING,obj,leftover_target,
716,308,one-to-one,dn_324,wk_343,Giorgio,Giorgio,PRON,PRON,obj,nsubj,explicit_ref_pos,
717,308,one-to-one,dn_324,wk_343,Giorgio,MISSING,NULL,MISSING,nsubj,MISSING,leftover_source,
718,309,one-to-one,dn_325,wk_344,Giorgio,Giorgio,NULL,NULL,nsubj,nsubj,zero_zero_semantic,0.6873777004877268
719,309,one-to-one,dn_325,wk_344,Giorgio,Giorgio,PRON,NULL,nsubj,nsubj,zero_to_src_anchor,
720,309,one-to-one,dn_325,wk_344,Ippolita,Ippolita,PRON,PRON,obj,obj,explicit_full,
721,310,one-to-one,dn_326,wk_345,Giorgio,Giorgio,PRON,PRON,obj,obj,explicit_full,
722,310,one-to-one,dn_326,wk_345,Giorgio,Giorgio,NULL,NULL,nsubj,nsubj,zero_zero_single,
723,310,one-to-one,dn_326,wk_345,MISSING,Giorgio,MISSING,PRON,MISSING,nsubj,leftover_target,
724,311,one-to-one,dn_327,wk_346,Giorgio,MISSING,PRON,MISSING,obj,MISSING,leftover_source,
725,312,one-to-one,dn_328,wk_347,Giorgio,Giorgio,PROPN,PROPN,vocative,vocative,explicit_full,
726,313,one-to-one,dn_329,wk_348,Giorgio,Giorgio,PRON,PRON,obj,nmod,explicit_ref_pos,
727,313,one-to-one,dn_329,wk_348,Ippolita,Ippolita,PROPN,PROPN,nsubj,nsubj,explicit_full,
728,313,one-to-one,dn_329,wk_348,MISSING,Ippolita,MISSING,NULL,MISSING,nsubj,leftover_target,
729,313,one-to-one,dn_329,wk_348,MISSING,Ippolita,MISSING,NULL,MISSING,nsubj,leftover_target,
730,314,one-to-one,dn_330,wk_349,Giorgio,Giorgio,PRON,PRON,nsubj,nsubj,explicit_full,
731,315,one-to-many,dn_331,wk_350 wk_351,Giorgio,Giorgio,NULL,PRON,nsubj,nsubj,zero_to_tgt_anchor,
732,315,one-to-many,dn_331,wk_350 wk_351,Giorgio,MISSING,NULL,MISSING,nsubj,MISSING,leftover_source,
733,315,one-to-many,dn_331,wk_350 wk_351,Giorgio Ippolita,Giorgio Ippolita,NULL,NULL,nsubj,nsubj,zero_zero_single,
734,315,one-to-many,dn_331,wk_350 wk_351,Giorgio Ippolita,MISSING,PRON-REFLEX,MISSING,obj,MISSING,leftover_source,
735,315,one-to-many,dn_331,wk_350 wk_351,MISSING,Giorgio Ippolita,MISSING,NOUN,MISSING,nsubj,leftover_target,
736,315,one-to-many,dn_331,wk_350 wk_351,suicidal-man,suicidal-man,NOUN,NOUN,nmod,nsubj,explicit_ref_pos,
737,316,one-to-one,dn_332,wk_352,Ippolita,Ippolita,NULL,NULL,nsubj,nsubj,zero_zero_single,
738,317,one-to-one,dn_333,wk_353,Giorgio,Giorgio,PRON,PRON,obj,nmod,explicit_ref_pos,
739,317,one-to-one,dn_333,wk_353,Ippolita,Ippolita,PRON,PRON,nsubj,nsubj,explicit_full,
740,319,one-to-one,dn_335,wk_355,Giorgio,Giorgio,PRON,PRON,nsubj,nsubj,explicit_full,
741,319,one-to-one,dn_335,wk_355,Giorgio,Giorgio,NULL,NULL,nsubj,nsubj,zero_zero_semantic,0.3330694444563197
742,319,one-to-one,dn_335,wk_355,Giorgio,Giorgio,NULL,NULL,nsubj,nsubj,zero_zero_semantic,0.4708044139390019
743,319,one-to-one,dn_335,wk_355,Giorgio,MISSING,PRON-REFLEX,MISSING,obj,MISSING,leftover_source,
744,319,one-to-one,dn_335,wk_355,Giorgio,MISSING,PRON-REFLEX,MISSING,obj,MISSING,leftover_source,
745,319,one-to-one,dn_335,wk_355,Giorgio,MISSING,PRON-REFLEX,MISSING,obj,MISSING,leftover_source,
746,319,one-to-one,dn_335,wk_355,Ippolita,Ippolita,PRON,PROPN,obj,nmod,explicit_ref_only,
747,320,one-to-one,dn_336,wk_356,Giorgio,Giorgio,NULL,NULL,nsubj,nsubj,zero_zero_single,
748,320,one-to-one,dn_336,wk_356,Giorgio,MISSING,PRON,MISSING,nsubj,MISSING,leftover_source,
749,321,many-to-one,dn_337 dn_338,wk_357,suicidal-man,suicidal-man,NOUN,NOUN,nmod,nmod,explicit_full,
750,321,many-to-one,dn_337 dn_338,wk_357,suicidal-man,suicidal-man,NOUN,NOUN,obj,nmod,explicit_ref_pos,
751,322,one-to-one,dn_339,wk_358,suicidal-man,suicidal-man,PRON,NULL,nsubj,nsubj,zero_to_src_anchor,
752,323,one-to-one,dn_340,wk_359,suicidal-man,suicidal-man,NULL,NULL,nsubj,nsubj,zero_zero_single,
753,323,one-to-one,dn_340,wk_359,suicidal-man,MISSING,PRON-REFLEX,MISSING,obj,MISSING,leftover_source,
754,324,one-to-one,dn_341,wk_360,Giorgio,Giorgio,PRON,PRON,obj,nmod,explicit_ref_pos,
755,324,one-to-one,dn_341,wk_360,Giorgio,MISSING,NULL,MISSING,nsubj,MISSING,leftover_source,
756,324,one-to-one,dn_341,wk_360,MISSING,suicidal-man,MISSING,NULL,MISSING,nsubj,leftover_target,
757,325,one-to-one,dn_342,wk_361,Giorgio,MISSING,PRON,MISSING,obj,MISSING,leftover_source,
758,326,one-to-many,dn_343,wk_362 wk_363,Demetrio,Demetrio,PROPN,PROPN,obj,nmod,explicit_ref_pos,
759,326,one-to-many,dn_343,wk_362 wk_363,MISSING,Demetrio,MISSING,NULL,MISSING,nsubj,leftover_target,
760,326,one-to-many,dn_343,wk_362 wk_363,MISSING,Demetrio,MISSING,NOUN,MISSING,nsubj,leftover_target,
761,326,one-to-many,dn_343,wk_362 wk_363,Giorgio,Giorgio,DET,PRON,nmod,nmod,explicit_ref_case,
762,326,one-to-many,dn_343,wk_362 wk_363,Giorgio,MISSING,NULL,MISSING,nsubj,MISSING,leftover_source,
763,326,one-to-many,dn_343,wk_362 wk_363,Giorgio,MISSING,DET,MISSING,nmod,MISSING,leftover_source,
764,326,one-to-many,dn_343,wk_362 wk_363,Giorgios-father,Giorgios-father,NOUN,NOUN,nmod,nmod,explicit_full,
765,328,one-to-one,dn_345,wk_365,Giorgio,Giorgio,PRON,NULL,nsubj,nsubj,zero_to_src_anchor,
766,328,one-to-one,dn_345,wk_365,Giorgio,MISSING,PRON-REFLEX,MISSING,obj,MISSING,leftover_source,
767,329,one-to-one,dn_346,wk_366,MISSING,Giorgio,MISSING,NULL,MISSING,nsubj,leftover_target,
768,329,one-to-one,dn_346,wk_366,MISSING,Giorgio,MISSING,NULL,MISSING,nsubj,leftover_target,
769,329,one-to-one,dn_346,wk_366,MISSING,Giorgio,MISSING,NULL,MISSING,nsubj,leftover_target,
770,330,one-to-one,dn_347,wk_367,MISSING,Giorgio,MISSING,NULL,MISSING,nsubj,leftover_target,
771,330,one-to-one,dn_347,wk_367,MISSING,Giorgio,MISSING,NULL,MISSING,nsubj,leftover_target,
772,331,one-to-one,dn_348,wk_368,Giorgio,Giorgio,NULL,NULL,nsubj,nsubj,zero_zero_semantic,0.2774314529129437
773,331,one-to-one,dn_348,wk_368,Giorgio,Giorgio,NULL,PRON,nsubj,nsubj,zero_to_tgt_anchor,
774,332,one-to-one,dn_349,wk_369,Giorgio,MISSING,NULL,MISSING,nsubj,MISSING,leftover_source,
775,333,one-to-one,dn_350,wk_370,Giorgio,MISSING,PRON,MISSING,obj,MISSING,leftover_source,
776,334,one-to-one,dn_351,wk_371,MISSING,Giorgio,MISSING,NULL,MISSING,nsubj,leftover_target,
777,334,one-to-one,dn_351,wk_371,MISSING,Giorgio,MISSING,NULL,MISSING,nsubj,leftover_target,
778,334,one-to-one,dn_351,wk_371,MISSING,Giorgio,MISSING,NULL,MISSING,nsubj,leftover_target,
779,334,one-to-one,dn_351,wk_371,MISSING,Giorgio,MISSING,NULL,MISSING,nsubj,leftover_target,
780,334,one-to-one,dn_351,wk_371,MISSING,Giorgio,MISSING,NULL,MISSING,nsubj,leftover_target,
781,335,one-to-one,dn_352,wk_372,Giorgio,MISSING,PRON,MISSING,obj,MISSING,leftover_source,
782,336,one-to-many,dn_353,wk_373 wk_374,Giorgio,Giorgio,PRON,PRON,obj,obj,explicit_full,
783,336,one-to-many,dn_353,wk_373 wk_374,Giorgio,Giorgio,PRON,PRON,obj,nsubj,explicit_ref_pos,
784,336,one-to-many,dn_353,wk_373 wk_374,Giorgio,Giorgio,NULL,NULL,nsubj,nsubj,zero_zero_semantic,0.3101693242788315
785,336,one-to-many,dn_353,wk_373 wk_374,Giorgio,MISSING,PRON-REFLEX,MISSING,obj,MISSING,leftover_source,
786,336,one-to-many,dn_353,wk_373 wk_374,Giorgio,MISSING,NULL,MISSING,nsubj,MISSING,leftover_source,
787,336,one-to-many,dn_353,wk_373 wk_374,Ippolita,Ippolita,PROPN,DET,nmod,nmod,explicit_ref_case,
788,336,one-to-many,dn_353,wk_373 wk_374,MISSING,Ippolita,MISSING,PROPN,MISSING,nsubj,leftover_target,
789,337,one-to-one,dn_354,wk_375,Giorgio,Giorgio,NULL,NULL,nsubj,nsubj,zero_zero_semantic,0.3276682981422969
790,337,one-to-one,dn_354,wk_375,Giorgio,Giorgio,NULL,NULL,nsubj,nsubj,zero_zero_semantic,0.32312408614726296
791,337,one-to-one,dn_354,wk_375,Giorgio,MISSING,PRON-REFLEX,MISSING,obj,MISSING,leftover_source,
792,337,one-to-one,dn_354,wk_375,Giorgio,MISSING,DET,MISSING,nmod,MISSING,leftover_source,
793,337,one-to-one,dn_354,wk_375,Giorgio,MISSING,PRON,MISSING,obj,MISSING,leftover_source,
794,337,one-to-one,dn_354,wk_375,Ippolita,Ippolita,PRON,PRON,obj,obj,explicit_full,
795,337,one-to-one,dn_354,wk_375,Ippolita,Ippolita,PRON,PRON,nmod,nmod,explicit_full,
796,338,one-to-one,dn_355,wk_376,Giorgio,Giorgio,PRON,DET,obj,nmod,explicit_ref_only,
797,338,one-to-one,dn_355,wk_376,Ippolita,Ippolita,PRON,PRON,nsubj,nsubj,explicit_full,
798,338,one-to-one,dn_355,wk_376,Ippolita,MISSING,PRON-REFLEX,MISSING,obj,MISSING,leftover_source,
799,339,one-to-one,dn_356,wk_377,Giorgio Ippolita,Giorgio Ippolita,PRON,NOUN,nsubj,nsubj,explicit_ref_case,
800,339,one-to-one,dn_356,wk_377,Giorgio Ippolita,MISSING,PRON-REFLEX,MISSING,obj,MISSING,leftover_source,
801,339,one-to-one,dn_356,wk_377,Giorgio Ippolita,MISSING,PRON-REFLEX,MISSING,obj,MISSING,leftover_source,
802,339,one-to-one,dn_356,wk_377,MISSING,Giorgio Ippolita,MISSING,NULL,MISSING,nsubj,leftover_target,
803,340,one-to-one,dn_357,wk_378,guardians,guardians,NULL,NULL,nsubj,nsubj,zero_zero_single,
804,341,one-to-one,dn_358,wk_379,guardians,guardians,NULL,NULL,nsubj,nsubj,zero_zero_single,
805,342,one-to-one,dn_359,wk_380,guardians,guardians,NOUN,NOUN,nmod,nmod,explicit_full,
806,343,one-to-one,dn_360,wk_381,guardians,guardians,NULL,NULL,nsubj,nsubj,zero_zero_single,
807,344,one-to-many,dn_361,wk_382 wk_383,Giorgio Ippolita,Giorgio Ippolita,NOUN,NOUN,obj,obj,explicit_full,
808,344,one-to-many,dn_361,wk_382 wk_383,MISSING,Giorgio Ippolita,MISSING,NULL,MISSING,nsubj,leftover_target,
809,344,one-to-many,dn_361,wk_382 wk_383,guardians,guardians,NOUN,NOUN,obj,nsubj,explicit_ref_pos,
810,344,one-to-many,dn_361,wk_382 wk_383,MISSING,guardians,MISSING,DET,MISSING,nmod,leftover_target,
811,345,one-to-one,dn_362,wk_384,Giorgio Ippolita,Giorgio Ippolita,NOUN,NOUN,nsubj,nsubj,explicit_full,
812,345,one-to-one,dn_362,wk_384,Giorgio Ippolita,Giorgio Ippolita,NULL,NULL,nsubj,nsubj,zero_zero_semantic,0.348066344526079
813,345,one-to-one,dn_362,wk_384,Giorgio Ippolita,MISSING,PRON-REFLEX,MISSING,obj,MISSING,leftover_source,
814,345,one-to-one,dn_362,wk_384,Giorgio Ippolita,MISSING,NULL,MISSING,nsubj,MISSING,leftover_source,
815,346,one-to-one,dn_363,wk_385,MISSING,guardians,MISSING,DET,MISSING,nmod,leftover_target,
816,347,one-to-one,dn_364,wk_386,guardians,guardians,NULL,NULL,nsubj,nsubj,zero_zero_single,
817,349,one-to-one,dn_366,wk_388,Ippolita,Ippolita,PROPN,PROPN,nsubj,nsubj,explicit_full,
818,349,one-to-one,dn_366,wk_388,MISSING,Ippolita,MISSING,NULL,MISSING,nsubj,leftover_target,
819,354,one-to-one,dn_371,wk_393,Giorgio,MISSING,PRON,MISSING,obj,MISSING,leftover_source,
820,354,one-to-one,dn_371,wk_393,Ippolita,Ippolita,PRON,NULL,nsubj,nsubj,zero_to_src_anchor,
821,355,one-to-one,dn_372,wk_394,Giorgio,Giorgio,PROPN,PROPN,nsubj,nsubj,explicit_full,
822,356,one-to-one,dn_373,wk_395,Ippolita,Ippolita,NULL,NULL,nsubj,nsubj,zero_zero_single,
823,357,one-to-one,dn_374,wk_396,MISSING,Giorgio,MISSING,NULL,MISSING,nsubj,leftover_target,
824,357,one-to-one,dn_374,wk_396,Ippolita,MISSING,NULL,MISSING,nsubj,MISSING,leftover_source,
825,358,one-to-one,dn_375,wk_397,Ippolita,Ippolita,NULL,NULL,nsubj,nsubj,zero_zero_single,
826,359,one-to-one,dn_376,wk_398,Giorgio,Giorgio,PRON,NULL,nsubj,nsubj,zero_to_src_anchor,
827,359,one-to-one,dn_376,wk_398,Ippolita,Ippolita,PRON,NULL,nsubj,nsubj,zero_to_src_anchor,
828,360,one-to-one,dn_377,wk_399,Ippolita,Ippolita,NULL,NULL,nsubj,nsubj,zero_zero_single,
829,361,one-to-one,dn_378,wk_400,Giorgio Ippolita,Giorgio Ippolita,NULL,NULL,nsubj,nsubj,zero_zero_semantic,0.27542799259677075
830,361,one-to-one,dn_378,wk_400,Giorgio Ippolita,Giorgio Ippolita,NULL,NOUN,nsubj,nsubj,zero_to_tgt_anchor,
831,361,one-to-one,dn_378,wk_400,Giorgio Ippolita,MISSING,PRON-REFLEX,MISSING,obj,MISSING,leftover_source,
832,361,one-to-one,dn_378,wk_400,Giorgio Ippolita,MISSING,PRON-REFLEX,MISSING,obj,MISSING,leftover_source,
833,362,one-to-one,dn_379,wk_401,Giorgio,Giorgio,PRON,PRON,nsubj,nsubj,explicit_full,
834,363,one-to-one,dn_380,wk_402,Giorgio,MISSING,PRON,MISSING,obj,MISSING,leftover_source,
835,363,one-to-one,dn_380,wk_402,MISSING,Giorgio,MISSING,NULL,MISSING,nsubj,leftover_target,
836,363,one-to-one,dn_380,wk_402,Ippolita,MISSING,NULL,MISSING,nsubj,MISSING,leftover_source,
837,364,one-to-one,dn_381,wk_403,Giorgio Ippolita,Giorgio Ippolita,PRON,NOUN,obj,nsubj,explicit_ref_only,
838,364,one-to-one,dn_381,wk_403,Giorgio Ippolita,Giorgio Ippolita,NULL,NULL,nsubj,nsubj,zero_zero_single,
839,365,one-to-one,dn_382,wk_404,Giorgio,Giorgio,PRON,PRON,nsubj,nsubj,explicit_full,
840,366,one-to-one,dn_383,wk_405,MISSING,Giorgio,MISSING,NULL,MISSING,nsubj,leftover_target,
841,367,one-to-one,dn_384,wk_406,Ippolita,Ippolita,PRON,PRON,nsubj,nsubj,explicit_full,
842,369,one-to-one,dn_386,wk_408,Giorgio,Giorgio,NULL,NULL,nsubj,nsubj,zero_zero_single,
843,369,one-to-one,dn_386,wk_408,Ippolita,Ippolita,PRON,NOUN,obj,nmod,explicit_ref_only,
844,371,many-to-one,dn_388 dn_389,wk_410,Giorgio Ippolita,Giorgio Ippolita,NULL,NOUN,nsubj,nsubj,zero_to_tgt_anchor,
845,371,many-to-one,dn_388 dn_389,wk_410,Giorgio Ippolita,MISSING,PRON-REFLEX,MISSING,obj,MISSING,leftover_source,
846,371,many-to-one,dn_388 dn_389,wk_410,Giorgio Ippolita,MISSING,NULL,MISSING,nsubj,MISSING,leftover_source,
847,372,one-to-one,dn_390,wk_411,Ippolita,Ippolita,PRON,PRON,nsubj,nsubj,explicit_full,
848,373,one-to-one,dn_391,wk_412,Giorgio,Giorgio,PRON,PRON,nsubj,nsubj,explicit_full,
849,373,one-to-one,dn_391,wk_412,Ippolita,Ippolita,PRON,PROPN,obj,nmod,explicit_ref_only,
850,373,one-to-one,dn_391,wk_412,Ippolita,MISSING,PRON-REFLEX,MISSING,obj,MISSING,leftover_source,
851,374,one-to-one,dn_392,wk_413,Giorgio,Giorgio,PRON,PRON,obj,obj,explicit_full,
852,374,one-to-one,dn_392,wk_413,Ippolita,Ippolita,PRON,PRON,nsubj,nsubj,explicit_full,
853,375,one-to-one,dn_393,wk_414,Giorgio,Giorgio,PRON,PRON,obj,nmod,explicit_ref_pos,
854,375,one-to-one,dn_393,wk_414,Giorgio,Giorgio,NULL,PRON,nsubj,nsubj,zero_to_tgt_anchor,
855,375,one-to-one,dn_393,wk_414,Ippolita,Ippolita,PRON,NOUN,obj,obj,explicit_ref_case,
856,375,one-to-one,dn_393,wk_414,Ippolita,Ippolita,NOUN,NOUN,pred,obj,explicit_ref_pos,
857,375,one-to-one,dn_393,wk_414,Ippolita,Ippolita,NULL,NULL,nsubj,nsubj,zero_zero_semantic,0.22968347014292426
858,375,one-to-one,dn_393,wk_414,Ippolita,Ippolita,NULL,NULL,nsubj,nsubj,zero_zero_semantic,0.27176774699712236
859,375,one-to-one,dn_393,wk_414,Ippolita,Ippolita,NULL,NULL,nsubj,nsubj,zero_zero_semantic,0.5127010395100338
860,375,one-to-one,dn_393,wk_414,Ippolita,Ippolita,NULL,NULL,nsubj,nsubj,zero_zero_semantic,0.1385970394948955
861,375,one-to-one,dn_393,wk_414,Ippolita,MISSING,PRON-REFLEX,MISSING,obj,MISSING,leftover_source,
862,375,one-to-one,dn_393,wk_414,Ippolita,MISSING,NOUN,MISSING,pred,MISSING,leftover_source,
863,376,one-to-one,dn_394,wk_415,Giorgio,MISSING,PRON,MISSING,nsubj,MISSING,leftover_source,
864,376,one-to-one,dn_394,wk_415,Ippolita,Ippolita,PRON,PRON,obj,nmod,explicit_ref_pos,
865,377,one-to-one,dn_395,wk_416,Ippolita,Ippolita,PRON,PRON,obj,obj,explicit_full,
866,377,one-to-one,dn_395,wk_416,Ippolita,MISSING,PRON,MISSING,obj,MISSING,leftover_source,
867,377,one-to-one,dn_395,wk_416,Ippolita,MISSING,PRON,MISSING,obj,MISSING,leftover_source,
868,378,one-to-one,dn_396,wk_417,Giorgio,MISSING,PRON,MISSING,obj,MISSING,leftover_source,
869,379,one-to-one,dn_397,wk_418,Giorgio,MISSING,PRON,MISSING,obj,MISSING,leftover_source,
870,380,one-to-one,dn_398,wk_419,Giorgio Ippolita,Giorgio Ippolita,PRON,PRON,nsubj,nsubj,explicit_full,
871,380,one-to-one,dn_398,wk_419,Giorgio Ippolita,Giorgio Ippolita,DET,PRON,nmod,nmod,explicit_ref_case,
872,380,one-to-one,dn_398,wk_419,Giorgio Ippolita,Giorgio Ippolita,DET,PRON,nmod,nmod,explicit_ref_case,
873,380,one-to-one,dn_398,wk_419,Giorgio Ippolita,MISSING,PRON,MISSING,obj,MISSING,leftover_source,
874,380,one-to-one,dn_398,wk_419,MISSING,Giorgio Ippolita,MISSING,NULL,MISSING,nsubj,leftover_target,
875,380,one-to-one,dn_398,wk_419,MISSING,Giorgio Ippolita,MISSING,NULL,MISSING,nsubj,leftover_target,
876,381,one-to-many,dn_399,wk_420 wk_421,Giorgio,Giorgio,PROPN,PROPN,nsubj,nsubj,explicit_full,
877,381,one-to-many,dn_399,wk_420 wk_421,Giorgio,Giorgio,PRON,PRON,obj,obj,explicit_full,
878,381,one-to-many,dn_399,wk_420 wk_421,butler,butler,NOUN,NOUN,nsubj,nsubj,explicit_full,
879,382,one-to-one,dn_400,wk_422,Giorgio,Giorgio,PRON,PRON,nsubj,nsubj,explicit_full,
880,382,one-to-one,dn_400,wk_422,Giorgio,MISSING,PRON-REFLEX,MISSING,obj,MISSING,leftover_source,
881,382,one-to-one,dn_400,wk_422,MISSING,Giorgio,MISSING,NULL,MISSING,nsubj,leftover_target,
882,383,one-to-one,dn_401,wk_423,Giorgio,Giorgio,NULL,NULL,nsubj,nsubj,zero_zero_single,
883,383,one-to-one,dn_401,wk_423,MISSING,butler,MISSING,NULL,MISSING,nsubj,leftover_target,
884,384,one-to-one,dn_402,wk_424,Giorgio,MISSING,PRON,MISSING,obj,MISSING,leftover_source,
885,384,one-to-one,dn_402,wk_424,butler,butler,NULL,NULL,nsubj,nsubj,zero_zero_single,
886,385,one-to-one,dn_403,wk_425,AlfonsoExili,AlfonsoExili,NOUN,NOUN,nmod,nmod,explicit_full,
887,385,one-to-one,dn_403,wk_425,Giorgio,MISSING,NULL,MISSING,nsubj,MISSING,leftover_source,
888,386,one-to-one,dn_404,wk_426,AlfonsoExili,AlfonsoExili,NULL,NULL,nsubj,nsubj,zero_zero_single,
889,386,one-to-one,dn_404,wk_426,Giorgio,Giorgio,PROPN,PROPN,vocative,vocative,explicit_full,
890,386,one-to-one,dn_404,wk_426,Giorgio,MISSING,NULL,MISSING,nsubj,MISSING,leftover_source,
891,387,one-to-one,dn_405,wk_427,AlfonsoExili,AlfonsoExili,NULL,NULL,nsubj,nsubj,zero_zero_single,
892,387,one-to-one,dn_405,wk_427,Giorgio,MISSING,PRON,MISSING,obj,MISSING,leftover_source,
893,388,one-to-one,dn_406,wk_428,AlfonsoExili,AlfonsoExili,PROPN,PROPN,nmod,nmod,explicit_full,
894,388,one-to-one,dn_406,wk_428,Giorgio,MISSING,NULL,MISSING,nsubj,MISSING,leftover_source,
895,388,one-to-one,dn_406,wk_428,Giorgio,MISSING,DET,MISSING,nmod,MISSING,leftover_source,
896,389,one-to-one,dn_407,wk_429,AlfonsoExili,AlfonsoExili,NOUN,NOUN,pred,pred,explicit_full,
897,389,one-to-one,dn_407,wk_429,AlfonsoExili,AlfonsoExili,PROPN,NOUN,nsubj,nsubj,explicit_ref_case,
898,389,one-to-one,dn_407,wk_429,AlfonsoExili,MISSING,NOUN,MISSING,pred,MISSING,leftover_source,
899,389,one-to-one,dn_407,wk_429,AlfonsoExili,MISSING,PRON-REFLEX,MISSING,obj,MISSING,leftover_source,
900,389,one-to-one,dn_407,wk_429,AlfonsoExili,MISSING,NOUN,MISSING,pred,MISSING,leftover_source,
901,389,one-to-one,dn_407,wk_429,MISSING,AlfonsoExili,MISSING,NULL,MISSING,nsubj,leftover_target,
902,389,one-to-one,dn_407,wk_429,MISSING,AlfonsoExili,MISSING,NULL,MISSING,nsubj,leftover_target,
903,389,one-to-one,dn_407,wk_429,MISSING,AlfonsoExili,MISSING,NULL,MISSING,nsubj,leftover_target,
904,389,one-to-one,dn_407,wk_429,Giorgio,MISSING,DET,MISSING,nmod,MISSING,leftover_source,
905,390,one-to-many,dn_408,wk_430 wk_431,AlfonsoExili,AlfonsoExili,DET,DET,nmod,nmod,explicit_full,
906,390,one-to-many,dn_408,wk_430 wk_431,AlfonsoExili,AlfonsoExili,DET,DET,nmod,nmod,explicit_full,
907,390,one-to-many,dn_408,wk_430 wk_431,AlfonsoExili,MISSING,PRON,MISSING,nsubj,MISSING,leftover_source,
908,390,one-to-many,dn_408,wk_430 wk_431,AlfonsoExili,MISSING,NOUN,MISSING,pred,MISSING,leftover_source,
909,390,one-to-many,dn_408,wk_430 wk_431,AlfonsoExili,MISSING,NULL,MISSING,nsubj,MISSING,leftover_source,
910,390,one-to-many,dn_408,wk_430 wk_431,AlfonsoExili,MISSING,DET,MISSING,nmod,MISSING,leftover_source,
911,391,one-to-one,dn_409,wk_432,AlfonsoExili,AlfonsoExili,NULL,NULL,nsubj,nsubj,zero_zero_semantic,0.3376579137062127
912,391,one-to-one,dn_409,wk_432,AlfonsoExili,AlfonsoExili,NULL,NULL,nsubj,nsubj,zero_zero_semantic,0.34580713382340167
913,391,one-to-one,dn_409,wk_432,AlfonsoExili,AlfonsoExili,NULL,NULL,nsubj,nsubj,zero_zero_semantic,0.4232447160741919
914,391,one-to-one,dn_409,wk_432,AlfonsoExili,AlfonsoExili,NULL,NULL,nsubj,nsubj,zero_zero_semantic,0.35726784626253816
915,391,one-to-one,dn_409,wk_432,AlfonsoExili,MISSING,PRON-REFLEX,MISSING,obj,MISSING,leftover_source,
916,391,one-to-one,dn_409,wk_432,MISSING,AlfonsoExili,MISSING,PROPN,MISSING,nsubj,leftover_target,
917,391,one-to-one,dn_409,wk_432,butler,butler,NOUN,NOUN,nsubj,nsubj,explicit_full,
918,392,one-to-one,dn_410,wk_433,AlfonsoExili,AlfonsoExili,NULL,NULL,nsubj,nsubj,zero_zero_single,
919,392,one-to-one,dn_410,wk_433,Giorgio,Giorgio,PROPN,PROPN,vocative,vocative,explicit_full,
920,392,one-to-one,dn_410,wk_433,Giorgio,Giorgio,PRON,PRON,obj,obj,explicit_full,
921,393,one-to-one,dn_411,wk_434,AlfonsoExili,AlfonsoExili,NULL,NULL,nsubj,nsubj,zero_zero_single,
922,394,one-to-one,dn_412,wk_435,AlfonsoExili,MISSING,PRON,MISSING,obj,MISSING,leftover_source,
923,394,one-to-one,dn_412,wk_435,Giorgio,Giorgio,NULL,NULL,nsubj,nsubj,zero_zero_single,
924,397,one-to-one,dn_415,wk_438,Giorgio,Giorgio,PROPN,PROPN,vocative,vocative,explicit_full,
925,398,one-to-one,dn_416,wk_439,AlfonsoExili,MISSING,PRON,MISSING,nsubj,MISSING,leftover_source,
926,398,one-to-one,dn_416,wk_439,AlfonsoExili,MISSING,DET,MISSING,nmod,MISSING,leftover_source,
927,399,one-to-many,dn_417,wk_440 wk_441,AlfonsoExili,AlfonsoExili,NOUN,NOUN,obj,obj,explicit_full,
928,399,one-to-many,dn_417,wk_440 wk_441,AlfonsoExili,AlfonsoExili,PRON,PROPN,obj,obj,explicit_ref_case,
929,399,one-to-many,dn_417,wk_440 wk_441,AlfonsoExili,AlfonsoExili,PRON,PROPN,obj,obj,explicit_ref_case,
930,399,one-to-many,dn_417,wk_440 wk_441,AlfonsoExili,MISSING,PRON,MISSING,obj,MISSING,leftover_source,
931,399,one-to-many,dn_417,wk_440 wk_441,Giorgio,Giorgio,PROPN,PROPN,nsubj,nsubj,explicit_full,
932,399,one-to-many,dn_417,wk_440 wk_441,Giorgio,Giorgio,NULL,NULL,nsubj,nsubj,zero_zero_semantic,0.40829567246464216
933,399,one-to-many,dn_417,wk_440 wk_441,Giorgio,Giorgio,PRON,NULL,nsubj,nsubj,zero_to_src_anchor,
934,399,one-to-many,dn_417,wk_440 wk_441,Giorgio,MISSING,PRON-REFLEX,MISSING,obj,MISSING,leftover_source,
935,399,one-to-many,dn_417,wk_440 wk_441,MISSING,Giorgio,MISSING,NULL,MISSING,nsubj,leftover_target,
936,400,one-to-one,dn_418,wk_442,AlfonsoExili,MISSING,NULL,MISSING,nsubj,MISSING,leftover_source,
937,400,one-to-one,dn_418,wk_442,Giorgio,MISSING,PRON,MISSING,obj,MISSING,leftover_source,
938,401,one-to-one,dn_419,wk_443,AlfonsoExili,AlfonsoExili,PROPN,PROPN,nsubj,nsubj,explicit_full,
939,402,one-to-one,dn_420,wk_444,Giorgio,Giorgio,NULL,NULL,nsubj,nsubj,zero_zero_single,
940,403,one-to-one,dn_421,wk_445,AlfonsoExili,AlfonsoExili,NULL,NULL,nsubj,nsubj,zero_zero_single,
941,404,one-to-one,dn_422,wk_446,AlfonsoExili,MISSING,PRON,MISSING,obj,MISSING,leftover_source,
942,404,one-to-one,dn_422,wk_446,Giorgio,Giorgio,NULL,NULL,nsubj,nsubj,zero_zero_single,
943,405,one-to-one,dn_423,wk_447,AlfonsoExili,AlfonsoExili,NULL,NULL,nsubj,nsubj,zero_zero_semantic,0.16876252125471067
944,405,one-to-one,dn_423,wk_447,AlfonsoExili,MISSING,DET,MISSING,nmod,MISSING,leftover_source,
945,405,one-to-one,dn_423,wk_447,MISSING,AlfonsoExili,MISSING,NULL,MISSING,nsubj,leftover_target,
946,405,one-to-one,dn_423,wk_447,Giorgio,MISSING,PRON,MISSING,obj,MISSING,leftover_source,
947,406,one-to-one,dn_424,wk_448,Giorgio,Giorgio,PROPN,PROPN,nsubj,nsubj,explicit_full,
948,407,one-to-one,dn_425,wk_449,Giorgio,Giorgio,NULL,NULL,nsubj,nsubj,zero_zero_single,
949,407,one-to-one,dn_425,wk_449,butler,butler,NOUN,NOUN,obj,obj,explicit_full,
950,408,one-to-one,dn_426,wk_450,butler,butler,NOUN,NOUN,nsubj,nsubj,explicit_full,
951,409,one-to-one,dn_427,wk_451,butler,butler,NULL,NULL,nsubj,nsubj,zero_zero_semantic,0.30594737899880253
952,409,one-to-one,dn_427,wk_451,MISSING,butler,MISSING,NULL,MISSING,nsubj,leftover_target,
953,410,one-to-one,dn_428,wk_452,butler,butler,NOUN,NOUN,nsubj,nsubj,explicit_full,
954,411,many-to-one,dn_429 dn_430,wk_453,Giorgio,MISSING,PRON,MISSING,obj,MISSING,leftover_source,
955,411,many-to-one,dn_429 dn_430,wk_453,butler,butler,NULL,NULL,nsubj,nsubj,zero_zero_semantic,0.1695177885038512
956,411,many-to-one,dn_429 dn_430,wk_453,butler,butler,NULL,NULL,nsubj,nsubj,zero_zero_semantic,0.22577132511706577
957,412,one-to-one,dn_431,wk_454,butler,butler,NOUN,NOUN,nsubj,nsubj,explicit_full,
958,413,one-to-one,dn_432,wk_455,butler,butler,NULL,NULL,nsubj,nsubj,zero_zero_single,
959,414,one-to-one,dn_433,wk_456,AlfonsoExili,AlfonsoExili,PROPN,PROPN,nsubj,nsubj,explicit_full,
960,414,one-to-one,dn_433,wk_456,MISSING,AlfonsoExili,MISSING,NULL,MISSING,nsubj,leftover_target,
961,414,one-to-one,dn_433,wk_456,MISSING,AlfonsoExili,MISSING,NULL,MISSING,nsubj,leftover_target,
962,414,one-to-one,dn_433,wk_456,butler,butler,NOUN,NOUN,nsubj,nsubj,explicit_full,
963,415,one-to-one,dn_434,wk_457,AlfonsoExili,MISSING,PRON,MISSING,obj,MISSING,leftover_source,
964,415,one-to-one,dn_434,wk_457,Giorgio,Giorgio,NULL,NULL,nsubj,nsubj,zero_zero_single,
965,417,one-to-one,dn_436,wk_459,AlfonsoExili,AlfonsoExili,NULL,NULL,nsubj,nsubj,zero_zero_single,
966,419,one-to-one,dn_438,wk_461,AlfonsoExili,AlfonsoExili,NULL,NULL,nsubj,nsubj,zero_zero_single,
967,420,one-to-one,dn_439,wk_462,AlfonsoExili,MISSING,PRON,MISSING,obj,MISSING,leftover_source,
968,420,one-to-one,dn_439,wk_462,Giorgio,Giorgio,PROPN,PROPN,nsubj,nsubj,explicit_full,
969,420,one-to-one,dn_439,wk_462,Giorgio,Giorgio,NULL,NULL,nsubj,nsubj,zero_zero_single,
970,421,one-to-one,dn_440,wk_463,AlfonsoExili,AlfonsoExili,PROPN,PROPN,nsubj,nsubj,explicit_full,
971,421,one-to-one,dn_440,wk_463,MISSING,AlfonsoExili,MISSING,NULL,MISSING,nsubj,leftover_target,
972,421,one-to-one,dn_440,wk_463,MISSING,AlfonsoExili,MISSING,NULL,MISSING,nsubj,leftover_target,
973,422,one-to-one,dn_441,wk_464,AlfonsoExili,AlfonsoExili,NULL,NULL,nsubj,nsubj,zero_zero_single,
974,423,one-to-one,dn_442,wk_465,Giorgio,Giorgio,PRON,PRON,nsubj,nsubj,explicit_full,
975,424,one-to-one,dn_443,wk_466,AlfonsoExili,AlfonsoExili,NULL,PROPN,nsubj,nsubj,zero_to_tgt_anchor,
976,424,one-to-one,dn_443,wk_466,AlfonsoExili,MISSING,PRON-REFLEX,MISSING,obj,MISSING,leftover_source,
977,425,one-to-one,dn_444,wk_467,Giorgio,MISSING,PRON,MISSING,nsubj,MISSING,leftover_source,
978,426,one-to-one,dn_445,wk_468,AlfonsoExili,AlfonsoExili,NULL,NULL,nsubj,nsubj,zero_zero_semantic,0.1471927240779323
979,426,one-to-one,dn_445,wk_468,AlfonsoExili,AlfonsoExili,NULL,NULL,nsubj,nsubj,zero_zero_semantic,0.2377892993598856
980,426,one-to-one,dn_445,wk_468,AlfonsoExili,AlfonsoExili,NULL,NULL,nsubj,nsubj,zero_zero_semantic,0.4828439857754656
981,426,one-to-one,dn_445,wk_468,AlfonsoExili,MISSING,PRON-REFLEX,MISSING,obj,MISSING,leftover_source,
982,426,one-to-one,dn_445,wk_468,AlfonsoExili,MISSING,PRON-REFLEX,MISSING,obj,MISSING,leftover_source,
983,426,one-to-one,dn_445,wk_468,AlfonsoExili,MISSING,PRON-REFLEX,MISSING,obj,MISSING,leftover_source,
984,426,one-to-one,dn_445,wk_468,MISSING,AlfonsoExili,MISSING,NULL,MISSING,nsubj,leftover_target,
985,427,one-to-one,dn_446,wk_469,Giorgio,MISSING,DET,MISSING,nmod,MISSING,leftover_source,
986,428,one-to-one,dn_447,wk_470,Ippolita,Ippolita,PRON,NOUN,nsubj,nsubj,explicit_ref_case,
987,428,one-to-one,dn_447,wk_470,Ippolita,MISSING,NULL,MISSING,nsubj,MISSING,leftover_source,
988,429,one-to-one,dn_448,wk_471,AlfonsoExili,AlfonsoExili,PROPN,PROPN,vocative,vocative,explicit_full,
989,429,one-to-one,dn_448,wk_471,AlfonsoExili,AlfonsoExili,NULL,NULL,nsubj,nsubj,zero_zero_single,
990,430,one-to-one,dn_449,wk_472,Giorgio,Giorgio,NULL,NULL,nsubj,nsubj,zero_zero_single,
991,431,one-to-one,dn_450,wk_473,Ippolita,Ippolita,PRON,PRON,vocative,nsubj,explicit_ref_pos,
992,431,one-to-one,dn_450,wk_473,MISSING,Ippolita,MISSING,NOUN,MISSING,pred,leftover_target,
993,432,one-to-one,dn_451,wk_474,MISSING,Ippolita,MISSING,NULL,MISSING,nsubj,leftover_target,
994,433,one-to-one,dn_452,wk_475,Ippolita,Ippolita,NULL,NULL,nsubj,nsubj,zero_zero_single,
995,434,one-to-one,dn_453,wk_476,AlfonsoExili,AlfonsoExili,NULL,NULL,nsubj,nsubj,zero_zero_single,
996,434,one-to-one,dn_453,wk_476,Ippolita,MISSING,PRON,MISSING,obj,MISSING,leftover_source,
997,435,one-to-one,dn_454,wk_477,Ippolita,Ippolita,NULL,NULL,nsubj,nsubj,zero_zero_single,
998,436,one-to-one,dn_455,wk_478,AlfonsoExili,MISSING,PRON,MISSING,obj,MISSING,leftover_source,
999,436,one-to-one,dn_455,wk_478,Ippolita,MISSING,NULL,MISSING,nsubj,MISSING,leftover_source,
1000,436,one-to-one,dn_455,wk_478,Ippolitas-sister,Ippolitas-sister,NOUN,NOUN,obj,nsubj,explicit_ref_pos,
1001,437,one-to-one,dn_456,wk_479,AlfonsoExili,AlfonsoExili,PRON,PROPN,nsubj,nsubj,explicit_ref_case,
1002,437,one-to-one,dn_456,wk_479,AlfonsoExili,AlfonsoExili,NULL,NULL,nsubj,nsubj,zero_zero_single,
1003,437,one-to-one,dn_456,wk_479,AlfonsoExili,MISSING,PRON-REFLEX,MISSING,obj,MISSING,leftover_source,
1004,438,one-to-one,dn_457,wk_480,AlfonsoExili,AlfonsoExili,NULL,NULL,nsubj,nsubj,zero_zero_single,
1005,439,one-to-one,dn_458,wk_481,Ippolita,Ippolita,NULL,NULL,nsubj,nsubj,zero_zero_single,
1006,439,one-to-one,dn_458,wk_481,Ippolitas-husband,Ippolitas-husband,NOUN,NOUN,obj,obj,explicit_full,
1007,440,many-to-one,dn_459 dn_460,wk_482,AlfonsoExili,AlfonsoExili,NULL,NULL,nsubj,nsubj,zero_zero_single,
1008,440,many-to-one,dn_459 dn_460,wk_482,Ippolita,Ippolita,NULL,NULL,nsubj,nsubj,zero_zero_semantic,0.28701037869733925
1009,440,many-to-one,dn_459 dn_460,wk_482,Ippolita,Ippolita,NULL,NULL,nsubj,nsubj,zero_zero_semantic,0.20221142733798309
1010,441,one-to-one,dn_461,wk_483,AlfonsoExili,MISSING,NULL,MISSING,nsubj,MISSING,leftover_source,
1011,441,one-to-one,dn_461,wk_483,MISSING,AlfonsoExili,MISSING,PRON,MISSING,obj,leftover_target,
1012,441,one-to-one,dn_461,wk_483,Ippolita,MISSING,PRON,MISSING,obj,MISSING,leftover_source,
1013,442,one-to-one,dn_462,wk_484,Giorgio,Giorgio,DET,PRON,nmod,nmod,explicit_ref_case,
1014,442,one-to-one,dn_462,wk_484,Giorgio,Giorgio,NULL,NULL,nsubj,nsubj,zero_zero_single,
1015,443,one-to-one,dn_463,wk_485,Monti,Monti,PROPN,NOUN,vocative,nsubj,explicit_ref_only,
1016,444,one-to-one,dn_464,wk_486,Giorgio,Giorgio,PRON,PRON,nsubj,nsubj,explicit_full,
1017,444,one-to-one,dn_464,wk_486,Monti,Monti,PRON,PRON,obj,obj,explicit_full,
1018,445,one-to-one,dn_465,wk_487,Monti,Monti,NOUN,NOUN,pred,pred,explicit_full,
1019,445,one-to-one,dn_465,wk_487,Monti,Monti,NOUN,NOUN,pred,pred,explicit_full,
1020,445,one-to-one,dn_465,wk_487,MISSING,Monti,MISSING,NULL,MISSING,nsubj,leftover_target,
1021,445,one-to-one,dn_465,wk_487,MISSING,Monti,MISSING,NULL,MISSING,nsubj,leftover_target,
1022,446,one-to-one,dn_466,wk_488,MISSING,AlfonsoExili,MISSING,NULL,MISSING,nsubj,leftover_target,
1023,446,one-to-one,dn_466,wk_488,Ippolita,Ippolita,PRON,PRON,obj,nmod,explicit_ref_pos,
1024,446,one-to-one,dn_466,wk_488,Monti,Monti,NULL,PRON,nsubj,nsubj,zero_to_tgt_anchor,
1025,447,many-to-one,dn_467 dn_468,wk_489,Giorgio,MISSING,PRON,MISSING,nsubj,MISSING,leftover_source,
1026,448,one-to-one,dn_469,wk_490,Monti,Monti,PROPN,NOUN,nsubj,nsubj,explicit_ref_case,
1027,448,one-to-one,dn_469,wk_490,MISSING,Monti,MISSING,NULL,MISSING,nsubj,leftover_target,
1028,449,one-to-one,dn_470,wk_491,AlfonsoExili,AlfonsoExili,NULL,PROPN,nsubj,nsubj,zero_to_tgt_anchor,
1029,450,one-to-one,dn_471,wk_492,AlfonsoExili,AlfonsoExili,NULL,NULL,nsubj,nsubj,zero_zero_semantic,0.412491501462286
1030,450,one-to-one,dn_471,wk_492,MISSING,AlfonsoExili,MISSING,NULL,MISSING,nsubj,leftover_target,
1031,451,one-to-one,dn_472,wk_493,Giorgio,Giorgio,PROPN,PROPN,vocative,vocative,explicit_full,
1032,451,one-to-one,dn_472,wk_493,Giorgio,Giorgio,NULL,NULL,nsubj,nsubj,zero_zero_single,
1033,452,one-to-one,dn_473,wk_494,Giorgio,Giorgio,PROPN,PROPN,nsubj,nsubj,explicit_full,
1034,452,one-to-one,dn_473,wk_494,Giorgio,Giorgio,NULL,NULL,nsubj,nsubj,zero_zero_semantic,0.5470483181929437
1035,452,one-to-one,dn_473,wk_494,MISSING,Giorgio,MISSING,NULL,MISSING,nsubj,leftover_target,
1036,453,one-to-one,dn_474,wk_495,AlfonsoExili,AlfonsoExili,PROPN,PROPN,nsubj,obj,explicit_ref_pos,
1037,453,one-to-one,dn_474,wk_495,Giorgio,Giorgio,PRON,NULL,nsubj,nsubj,zero_to_src_anchor,
1038,454,one-to-one,dn_475,wk_496,Giorgio,Giorgio,PROPN,PROPN,vocative,vocative,explicit_full,
1039,455,one-to-one,dn_476,wk_497,Giorgio,Giorgio,PRON,PRON,nsubj,nsubj,explicit_full,
1040,455,one-to-one,dn_476,wk_497,Giorgio,MISSING,PRON-REFLEX,MISSING,obj,MISSING,leftover_source,
1041,456,many-to-one,dn_477 dn_478,wk_498,AlfonsoExili,AlfonsoExili,NULL,NULL,nsubj,nsubj,zero_zero_single,
1042,457,one-to-one,dn_479,wk_499,AlfonsoExili,AlfonsoExili,NULL,NULL,nsubj,nsubj,zero_zero_single,
1043,457,one-to-one,dn_479,wk_499,AlfonsoExili,MISSING,PRON,MISSING,obj,MISSING,leftover_source,
1044,458,one-to-one,dn_480,wk_500,AlfonsoExili,AlfonsoExili,NULL,NULL,nsubj,nsubj,zero_zero_single,
1045,458,one-to-one,dn_480,wk_500,AlfonsoExili,MISSING,PRON,MISSING,obj,MISSING,leftover_source,
1046,459,one-to-one,dn_481,wk_501,AlfonsoExili,AlfonsoExili,PROPN,PROPN,nsubj,nsubj,explicit_full,
1047,459,one-to-one,dn_481,wk_501,AlfonsoExili,MISSING,PRON-REFLEX,MISSING,obj,MISSING,leftover_source,
1048,459,one-to-one,dn_481,wk_501,MISSING,AlfonsoExili,MISSING,NULL,MISSING,nsubj,leftover_target,
1049,460,many-to-one,dn_482 dn_483,wk_502,Giorgio,MISSING,NULL,MISSING,nsubj,MISSING,leftover_source,
1050,461,one-to-one,dn_484,wk_503,AlfonsoExili,AlfonsoExili,NULL,NULL,nsubj,nsubj,zero_zero_semantic,0.17231127370819735
1051,461,one-to-one,dn_484,wk_503,AlfonsoExili,AlfonsoExili,NULL,NULL,nsubj,nsubj,zero_zero_semantic,0.38944899508893716
1052,461,one-to-one,dn_484,wk_503,AlfonsoExili,AlfonsoExili,NULL,NULL,nsubj,nsubj,zero_zero_semantic,0.21730632791117233
1053,461,one-to-one,dn_484,wk_503,AlfonsoExili,MISSING,PRON-REFLEX,MISSING,obj,MISSING,leftover_source,
1054,461,one-to-one,dn_484,wk_503,MISSING,AlfonsoExili,MISSING,NULL,MISSING,nsubj,leftover_target,
1055,461,one-to-one,dn_484,wk_503,MISSING,AlfonsoExili,MISSING,NULL,MISSING,nsubj,leftover_target,
1056,462,one-to-one,dn_485,wk_504,MISSING,Giorgio,MISSING,PRON,MISSING,nsubj,leftover_target,
1057,463,one-to-one,dn_486,wk_505,AlfonsoExili,AlfonsoExili,DET,PROPN,nmod,nsubj,explicit_ref_only,
1058,463,one-to-one,dn_486,wk_505,AlfonsoExili,MISSING,NULL,MISSING,nsubj,MISSING,leftover_source,
1059,465,one-to-one,dn_488,wk_508,AlfonsoExili,AlfonsoExili,NULL,PRON,nsubj,nsubj,zero_to_tgt_anchor,
1060,465,one-to-one,dn_488,wk_508,Giorgio,Giorgio,PROPN,PROPN,nsubj,nsubj,explicit_full,
1061,465,one-to-one,dn_488,wk_508,Giorgio,MISSING,DET,MISSING,nmod,MISSING,leftover_source,
1062,466,one-to-one,dn_489,wk_509,AlfonsoExili,AlfonsoExili,NOUN,NOUN,nsubj,nsubj,explicit_full,
1063,466,one-to-one,dn_489,wk_509,AlfonsoExili,MISSING,PRON-REFLEX,MISSING,obj,MISSING,leftover_source,
1064,467,one-to-one,dn_490,wk_510,Giorgio,Giorgio,PRON,PRON,nsubj,nsubj,explicit_full,
1065,468,one-to-one,dn_491,wk_511,AlfonsoExili,AlfonsoExili,NULL,NULL,nsubj,nsubj,zero_zero_single,
1066,469,one-to-one,dn_492,wk_512,AlfonsoExili,AlfonsoExili,NULL,NULL,nsubj,nsubj,zero_zero_semantic,0.6206584517345872
1067,469,one-to-one,dn_492,wk_512,AlfonsoExili,AlfonsoExili,NULL,NULL,nsubj,nsubj,zero_zero_semantic,0.23216398211808698
1068,469,one-to-one,dn_492,wk_512,MISSING,AlfonsoExili,MISSING,NULL,MISSING,nsubj,leftover_target,
1069,469,one-to-one,dn_492,wk_512,Giorgio,Giorgio,PROPN,PROPN,obj,obj,explicit_full,
1070,471,one-to-one,dn_494,wk_514,MISSING,Giorgio Ippolita,MISSING,NULL,MISSING,nsubj,leftover_target,
1071,472,one-to-one,dn_495,wk_515,Ippolita,Ippolita,PROPN,PROPN,nsubj,nsubj,explicit_full,
1072,473,one-to-one,dn_496,wk_516,Giorgio Ippolita,Giorgio Ippolita,PRON,NOUN,nsubj,obj,explicit_ref_only,
1073,473,one-to-one,dn_496,wk_516,MISSING,Giorgio Ippolita,MISSING,NULL,MISSING,nsubj,leftover_target,
1074,474,one-to-one,dn_497,wk_517,Giorgio,Giorgio,PROPN,PROPN,nsubj,nsubj,explicit_full,
1075,475,one-to-one,dn_498,wk_518,Ippolita,Ippolita,NULL,NULL,nsubj,nsubj,zero_zero_single,
1076,475,one-to-one,dn_498,wk_518,Ippolita,MISSING,PRON-REFLEX,MISSING,obj,MISSING,leftover_source,
1077,476,one-to-one,dn_499,wk_519,Ippolita,Ippolita,NULL,NULL,nsubj,nsubj,zero_zero_single,
1078,476,one-to-one,dn_499,wk_519,Ippolita,MISSING,PRON-REFLEX,MISSING,obj,MISSING,leftover_source,
1079,478,one-to-one,dn_501,wk_521,Giorgio,Giorgio,PRON,PRON,obj,nmod,explicit_ref_pos,
1080,478,one-to-one,dn_501,wk_521,Ippolita,Ippolita,PRON,PRON,nsubj,nsubj,explicit_full,
1081,479,one-to-one,dn_502,wk_522,Giorgio,Giorgio,PRON,PRON,obj,nmod,explicit_ref_pos,
1082,479,one-to-one,dn_502,wk_522,Ippolita,Ippolita,PRON,PRON,nsubj,nsubj,explicit_full,
1083,479,one-to-one,dn_502,wk_522,Ippolita,Ippolita,NULL,NULL,nsubj,nsubj,zero_zero_single,
1084,479,one-to-one,dn_502,wk_522,Ippolita,MISSING,PRON,MISSING,obj,MISSING,leftover_source,
1085,480,one-to-one,dn_503,wk_523,Ippolita,Ippolita,NULL,NULL,nsubj,nsubj,zero_zero_single,
1086,480,one-to-one,dn_503,wk_523,MISSING,Ippolita,MISSING,PRON,MISSING,nsubj,leftover_target,
1087,481,one-to-one,dn_504,wk_524,Ippolita,Ippolita,NULL,NULL,nsubj,nsubj,zero_zero_single,
1088,482,one-to-one,dn_505,wk_525,Ippolita,Ippolita,NULL,NULL,nsubj,nsubj,zero_zero_semantic,0.28348352313041686
1089,482,one-to-one,dn_505,wk_525,MISSING,Ippolita,MISSING,PRON,MISSING,nsubj,leftover_target,
1090,482,one-to-one,dn_505,wk_525,MISSING,Ippolita,MISSING,NULL,MISSING,nsubj,leftover_target,
1091,483,many-to-one,dn_506 dn_507,wk_526,Giorgio,MISSING,PRON,MISSING,nsubj,MISSING,leftover_source,
1092,483,many-to-one,dn_506 dn_507,wk_526,Ippolita,Ippolita,PRON,PRON,obj,obj,explicit_full,
1093,483,many-to-one,dn_506 dn_507,wk_526,Ippolitas-family,Ippolitas-family,NULL,NOUN,nsubj,nsubj,zero_to_tgt_anchor,
1094,484,one-to-one,dn_508,wk_527,Giorgio,Giorgio,PRON,PRON,obj,obj,explicit_full,
1095,484,one-to-one,dn_508,wk_527,Ippolita,Ippolita,NULL,PRON,nsubj,nsubj,zero_to_tgt_anchor,
1096,485,one-to-one,dn_509,wk_528,Ippolita Ippolitas-family,Ippolita Ippolitas-family,NULL,NULL,nsubj,nsubj,zero_zero_single,
1097,486,one-to-one,dn_510,wk_529,MISSING,Giorgio,MISSING,NULL,MISSING,nsubj,leftover_target,
1098,486,one-to-one,dn_510,wk_529,Giorgio Ippolita,MISSING,PRON-REFLEX,MISSING,obj,MISSING,leftover_source,
1099,486,one-to-one,dn_510,wk_529,Giorgio Ippolita,MISSING,NULL,MISSING,nsubj,MISSING,leftover_source,
1100,486,one-to-one,dn_510,wk_529,MISSING,Ippolita,MISSING,PRON,MISSING,nsubj,leftover_target,
1101,490,one-to-one,dn_514,wk_533,Giorgio,MISSING,DET,MISSING,nmod,MISSING,leftover_source,
1102,491,one-to-one,dn_515,wk_534,Giorgio,Giorgio,NULL,NULL,nsubj,nsubj,zero_zero_semantic,0.5772220686078071
1103,491,one-to-one,dn_515,wk_534,Giorgio,Giorgio,NULL,NULL,nsubj,nsubj,zero_zero_semantic,0.2610380295737117
1104,491,one-to-one,dn_515,wk_534,Giorgio,MISSING,PRON,MISSING,nsubj,MISSING,leftover_source,
1105,492,one-to-one,dn_516,wk_535,Giorgio,Giorgio,NULL,PRON,nsubj,nsubj,zero_to_tgt_anchor,
1106,492,one-to-one,dn_516,wk_535,Giorgio,MISSING,NULL,MISSING,nsubj,MISSING,leftover_source,
1107,492,one-to-one,dn_516,wk_535,Ippolita,Ippolita,PRON,PRON,obj,obj,explicit_full,
1108,492,one-to-one,dn_516,wk_535,Ippolita,MISSING,PRON,MISSING,obj,MISSING,leftover_source,
1109,493,one-to-one,dn_517,wk_536,Giorgio,Giorgio,NULL,NULL,nsubj,nsubj,zero_zero_single,
1110,493,one-to-one,dn_517,wk_536,Giorgio,MISSING,PRON-REFLEX,MISSING,obj,MISSING,leftover_source,
1111,494,one-to-one,dn_518,wk_537,Giorgio,Giorgio,NULL,NULL,nsubj,nsubj,zero_zero_single,
1112,494,one-to-one,dn_518,wk_537,Giorgio,MISSING,PRON-REFLEX,MISSING,obj,MISSING,leftover_source,
1113,495,one-to-one,dn_519,wk_538,Ippolita,Ippolita,NULL,NULL,nsubj,nsubj,zero_zero_semantic,0.45889259207079997
1114,495,one-to-one,dn_519,wk_538,Ippolita,Ippolita,NULL,NULL,nsubj,nsubj,zero_zero_semantic,0.5967699946140862
1115,495,one-to-one,dn_519,wk_538,Ippolita,MISSING,PRON-REFLEX,MISSING,obj,MISSING,leftover_source,
1116,496,one-to-one,dn_520,wk_539,Ippolita,Ippolita,PRON,PRON,nsubj,nsubj,explicit_full,
1117,497,one-to-one,dn_521,wk_540,Ippolita,Ippolita,DET,PRON,nmod,nmod,explicit_ref_case,
1118,497,one-to-one,dn_521,wk_540,Ippolita,Ippolita,NULL,NULL,nsubj,nsubj,zero_zero_single,
1119,497,one-to-one,dn_521,wk_540,Ippolitas-husband,Ippolitas-husband,NOUN,NOUN,nsubj,nsubj,explicit_full,
1120,498,one-to-one,dn_522,wk_541,Giorgio,MISSING,PRON,MISSING,obj,MISSING,leftover_source,
1121,498,one-to-one,dn_522,wk_541,MISSING,Giorgio,MISSING,NULL,MISSING,nsubj,leftover_target,
1122,498,one-to-one,dn_522,wk_541,Ippolita,MISSING,NULL,MISSING,nsubj,MISSING,leftover_source,
1123,499,one-to-one,dn_523,wk_542,Ippolita,Ippolita,NULL,NULL,nsubj,nsubj,zero_zero_semantic,0.1924087579277019
1124,499,one-to-one,dn_523,wk_542,Ippolita,MISSING,NULL,MISSING,nsubj,MISSING,leftover_source,
1125,500,one-to-one,dn_524,wk_543,MISSING,Giorgio,MISSING,PRON,MISSING,nmod,leftover_target,
1126,500,one-to-one,dn_524,wk_543,Ippolita,Ippolita,NULL,NULL,nsubj,nsubj,zero_zero_semantic,0.3737060960257453
1127,500,one-to-one,dn_524,wk_543,Ippolita,MISSING,NULL,MISSING,nsubj,MISSING,leftover_source,
1128,502,one-to-one,dn_526,wk_545,MISSING,Ippolita,MISSING,PRON,MISSING,nsubj,leftover_target,
1129,503,one-to-one,dn_527,wk_546,Giorgio,Giorgio,PRON,PRON,nsubj,vocative,explicit_ref_pos,
1130,503,one-to-one,dn_527,wk_546,Giorgio,MISSING,DET,MISSING,nmod,MISSING,leftover_source,
1131,503,one-to-one,dn_527,wk_546,Giorgio Ippolita,Giorgio Ippolita,NULL,PRON,nsubj,nsubj,zero_to_tgt_anchor,
1132,504,one-to-one,dn_528,wk_547,Giorgio,MISSING,PRON,MISSING,nsubj,MISSING,leftover_source,
1133,505,one-to-one,dn_529,wk_548,Ippolita,Ippolita,PRON,PRON,nsubj,nsubj,explicit_full,
1134,506,one-to-one,dn_530,wk_549,Giorgio,Giorgio,PROPN,PROPN,nsubj,nsubj,explicit_full,
1135,508,one-to-one,dn_532,wk_551,Giorgio,Giorgio,NULL,NULL,nsubj,nsubj,zero_zero_single,
1136,508,one-to-one,dn_532,wk_551,MISSING,Giorgio,MISSING,PRON,MISSING,nsubj,leftover_target,
1137,508,one-to-one,dn_532,wk_551,MISSING,Ippolita,MISSING,PROPN,MISSING,nsubj,leftover_target,
1138,508,one-to-one,dn_532,wk_551,MISSING,Ippolita,MISSING,PRON,MISSING,nmod,leftover_target,
1139,508,one-to-one,dn_532,wk_551,Ippolitas-husband,Ippolitas-husband,NOUN,NOUN,obj,nmod,explicit_ref_pos,
1140,509,one-to-one,dn_533,wk_552,Ippolita,Ippolita,PRON,PRON,nsubj,nsubj,explicit_full,
1141,509,one-to-one,dn_533,wk_552,Ippolita,MISSING,NULL,MISSING,nsubj,MISSING,leftover_source,
1142,510,one-to-one,dn_534,wk_553,Giorgio,Giorgio,PRON,NULL,nsubj,nsubj,zero_to_src_anchor,
1143,511,one-to-one,dn_535,wk_554,Giorgio,Giorgio,PRON,PRON,obj,obj,explicit_full,
1144,511,one-to-one,dn_535,wk_554,Ippolitas-husband,Ippolitas-husband,NOUN,NOUN,nsubj,nsubj,explicit_full,
1145,512,one-to-one,dn_536,wk_555,Giorgio,Giorgio,PRON,PRON,obj,nsubj,explicit_ref_pos,
1146,512,one-to-one,dn_536,wk_555,Giorgio,MISSING,DET,MISSING,nmod,MISSING,leftover_source,
1147,512,one-to-one,dn_536,wk_555,MISSING,Ippolita,MISSING,PRON,MISSING,nmod,leftover_target,
1148,512,one-to-one,dn_536,wk_555,MISSING,Ippolita,MISSING,PROPN,MISSING,obj,leftover_target,
1149,512,one-to-one,dn_536,wk_555,Ippolitas-husband,Ippolitas-husband,PRON,NOUN,nsubj,nsubj,explicit_ref_case,
1150,513,one-to-one,dn_537,wk_556,Giorgio,MISSING,PRON-REFLEX,MISSING,obj,MISSING,leftover_source,
1151,513,one-to-one,dn_537,wk_556,Giorgio,MISSING,NULL,MISSING,nsubj,MISSING,leftover_source,
1152,514,one-to-one,dn_538,wk_557,Giorgio,Giorgio,PRON,NULL,nsubj,nsubj,zero_to_src_anchor,
1153,516,many-to-one,dn_540 dn_541,wk_559,Giorgio,Giorgio,PRON,PRON,nsubj,nsubj,explicit_full,
1154,516,many-to-one,dn_540 dn_541,wk_559,Giorgio,MISSING,DET,MISSING,nmod,MISSING,leftover_source,
1155,516,many-to-one,dn_540 dn_541,wk_559,MISSING,Giorgio,MISSING,NULL,MISSING,nsubj,leftover_target,
1156,516,many-to-one,dn_540 dn_541,wk_559,Ippolita,Ippolita,PROPN,PROPN,nmod,nmod,explicit_full,
1157,516,many-to-one,dn_540 dn_541,wk_559,Ippolita,MISSING,PRON,MISSING,nsubj,MISSING,leftover_source,
1158,517,many-to-one,dn_542 dn_543,wk_560,Giorgio Ippolita,Giorgio Ippolita,NULL,NULL,nsubj,nsubj,zero_zero_semantic,0.3209820880520682
1159,517,many-to-one,dn_542 dn_543,wk_560,MISSING,Giorgio Ippolita,MISSING,NULL,MISSING,nsubj,leftover_target,
1160,519,one-to-one,dn_545,wk_562,Ippolita,Ippolita,PRON,PRON,nsubj,nsubj,explicit_full,
1161,519,one-to-one,dn_545,wk_562,Ippolita,MISSING,NOUN,MISSING,nmod,MISSING,leftover_source,
1162,519,one-to-one,dn_545,wk_562,Ippolitas-mother,Ippolitas-mother,NOUN,NOUN,obj,obj,explicit_full,
1163,520,one-to-many,dn_546,wk_563 wk_564,Ippolita,Ippolita,NULL,NULL,nsubj,nsubj,zero_zero_single,
1164,520,one-to-many,dn_546,wk_563 wk_564,Ippolitas-mother,MISSING,NULL,MISSING,nsubj,MISSING,leftover_source,
1165,520,one-to-many,dn_546,wk_563 wk_564,Ippolitas-mother,MISSING,NOUN,MISSING,vocative,MISSING,leftover_source,
1166,521,one-to-one,dn_547,wk_565,Ippolita,Ippolita,NULL,NULL,nsubj,nsubj,zero_zero_single,
1167,521,one-to-one,dn_547,wk_565,Ippolitas-mother,MISSING,PRON,MISSING,obj,MISSING,leftover_source,
1168,522,one-to-one,dn_548,wk_566,Ippolita,Ippolita,NULL,NULL,nsubj,nsubj,zero_zero_single,
1169,522,one-to-one,dn_548,wk_566,Ippolitas-mother,MISSING,PRON,MISSING,obj,MISSING,leftover_source,
1170,523,one-to-one,dn_549,wk_567,Giorgio,Giorgio,NULL,NULL,nsubj,nsubj,zero_zero_single,
1171,524,one-to-one,dn_550,wk_568,Ippolita,Ippolita,PRON,PRON,nsubj,nsubj,explicit_full,
1172,524,one-to-one,dn_550,wk_568,Ippolita,Ippolita,NULL,NULL,nsubj,nsubj,zero_zero_single,
1173,525,one-to-one,dn_551,wk_569,Giorgio,Giorgio,PRON,PROPN,nsubj,nsubj,explicit_ref_case,
1174,525,one-to-one,dn_551,wk_569,MISSING,Giorgio,MISSING,NULL,MISSING,nsubj,leftover_target,
1175,525,one-to-one,dn_551,wk_569,Ippolita,MISSING,PRON,MISSING,obj,MISSING,leftover_source,
1176,526,one-to-one,dn_552,wk_570,Giorgio,Giorgio,PRON,PRON,obj,nsubj,explicit_ref_pos,
1177,526,one-to-one,dn_552,wk_570,Ippolita,Ippolita,PRON,PRON,nsubj,nsubj,explicit_full,
1178,526,one-to-one,dn_552,wk_570,Ippolitas-mother,Ippolitas-mother,NOUN,NOUN,obj,obj,explicit_full,
1179,527,one-to-one,dn_553,wk_571,Giorgio,Giorgio,NULL,NULL,nsubj,nsubj,zero_zero_semantic,0.30966395352567944
1180,527,one-to-one,dn_553,wk_571,MISSING,Giorgio,MISSING,NULL,MISSING,nsubj,leftover_target,
1181,527,one-to-one,dn_553,wk_571,MISSING,Ippolita,MISSING,PRON,MISSING,nmod,leftover_target,
1182,527,one-to-one,dn_553,wk_571,Ippolitas-husband,Ippolitas-husband,NOUN,NOUN,nmod,nmod,explicit_full,
1183,528,one-to-one,dn_554,wk_572,Giorgio,Giorgio,DET,PRON,nmod,nmod,explicit_ref_case,
1184,528,one-to-one,dn_554,wk_572,Giorgio,Giorgio,PRON,NULL,nsubj,nsubj,zero_to_src_anchor,
1185,528,one-to-one,dn_554,wk_572,Ippolita,Ippolita,DET,PRON,nmod,nsubj,explicit_ref_only,
1186,529,one-to-one,dn_555,wk_573,Giorgio,Giorgio,DET,PRON,nmod,nmod,explicit_ref_case,
1187,529,one-to-one,dn_555,wk_573,Giorgio,Giorgio,DET,PRON,nmod,nsubj,explicit_ref_only,
1188,529,one-to-one,dn_555,wk_573,Giorgio,Giorgio,NULL,NULL,nsubj,nsubj,zero_zero_semantic,0.3784808548970945
1189,529,one-to-one,dn_555,wk_573,Giorgio,MISSING,NULL,MISSING,nsubj,MISSING,leftover_source,
1190,529,one-to-one,dn_555,wk_573,Giorgio,MISSING,PRON-REFLEX,MISSING,obj,MISSING,leftover_source,
1191,529,one-to-one,dn_555,wk_573,Ippolita,Ippolita,PRON,PRON,obj,obj,explicit_full,
1192,529,one-to-one,dn_555,wk_573,Ippolita,MISSING,NULL,MISSING,nsubj,MISSING,leftover_source,
1193,530,one-to-one,dn_556,wk_574,Giorgio,Giorgio,PRON,PRON,nsubj,nsubj,explicit_full,
1194,530,one-to-one,dn_556,wk_574,Giorgio,Giorgio,NULL,NULL,nsubj,nsubj,zero_zero_semantic,0.1379902068412665
1195,530,one-to-one,dn_556,wk_574,Giorgio,Giorgio,NULL,NULL,nsubj,nsubj,zero_zero_semantic,0.6665670531265664
1196,530,one-to-one,dn_556,wk_574,MISSING,Giorgio,MISSING,NULL,MISSING,nsubj,leftover_target,
1197,530,one-to-one,dn_556,wk_574,Ippolita,Ippolita,PRON,PRON,obj,obj,explicit_full,
1198,530,one-to-one,dn_556,wk_574,Ippolita,Ippolita,PRON,PRON,obj,nsubj,explicit_ref_pos,
1199,530,one-to-one,dn_556,wk_574,Ippolita,Ippolita,PRON,NOUN,obj,pred,explicit_ref_only,
1200,530,one-to-one,dn_556,wk_574,Ippolita,MISSING,PRON,MISSING,obj,MISSING,leftover_source,
1201,532,one-to-one,dn_558,wk_576,Ippolita,Ippolita,PRON,PRON,nsubj,nsubj,explicit_full,
1202,533,one-to-one,dn_559,wk_577,Giorgio Ippolita,MISSING,NULL,MISSING,nsubj,MISSING,leftover_source,
1203,534,one-to-one,dn_560,wk_578,Giorgio,Giorgio,PRON,PRON,nsubj,vocative,explicit_ref_pos,
1204,534,one-to-one,dn_560,wk_578,Giorgio,Giorgio,NULL,NULL,nsubj,nsubj,zero_zero_single,
1205,536,one-to-one,dn_562,wk_580,Giorgio,MISSING,NULL,MISSING,nsubj,MISSING,leftover_source,
1206,536,one-to-one,dn_562,wk_580,Giorgio,MISSING,NULL,MISSING,nsubj,MISSING,leftover_source,
1207,536,one-to-one,dn_562,wk_580,MISSING,Giorgio Ippolita,MISSING,NULL,MISSING,nsubj,leftover_target,
1208,537,one-to-one,dn_563,wk_581,Giorgio Ippolita,Giorgio Ippolita,NULL,NULL,nsubj,nsubj,zero_zero_single,
1209,538,one-to-one,dn_564,wk_582,Giorgio,Giorgio,PRON,PRON,nsubj,nmod,explicit_ref_pos,
1210,538,one-to-one,dn_564,wk_582,Ippolita,Ippolita,PRON,PRON,nsubj,nsubj,explicit_full,
1211,538,one-to-one,dn_564,wk_582,Ippolita,Ippolita,NULL,NULL,nsubj,nsubj,zero_zero_semantic,0.530511600630624
1212,538,one-to-one,dn_564,wk_582,Ippolita,Ippolita,NULL,NULL,nsubj,nsubj,zero_zero_semantic,0.28545128703117373
1213,538,one-to-one,dn_564,wk_582,Ippolita,MISSING,PRON-REFLEX,MISSING,obj,MISSING,leftover_source,
1214,539,one-to-one,dn_565,wk_583,Ippolita,Ippolita,NULL,NULL,nsubj,nsubj,zero_zero_single,
1215,540,one-to-many,dn_566,wk_584 wk_585,Giorgio,Giorgio,PRON,PRON,nsubj,nsubj,explicit_full,
1216,540,one-to-many,dn_566,wk_584 wk_585,Ippolita,Ippolita,PRON,PROPN,obj,nmod,explicit_ref_only,
1217,541,one-to-many,dn_567,wk_586 wk_587,Giorgio,Giorgio,NULL,NULL,nsubj,nsubj,zero_zero_semantic,0.21336375074139957
1218,541,one-to-many,dn_567,wk_586 wk_587,MISSING,Giorgio,MISSING,NULL,MISSING,nsubj,leftover_target,
1219,542,one-to-one,dn_568,wk_588,Giorgio,Giorgio,NULL,NULL,nsubj,nsubj,zero_zero_single,
1220,542,one-to-one,dn_568,wk_588,Ippolita,Ippolita,PRON,PRON,nsubj,nsubj,explicit_full,
1221,543,one-to-one,dn_569,wk_589,Ippolita,Ippolita,NULL,NULL,nsubj,nsubj,zero_zero_single,
1222,544,one-to-one,dn_570,wk_590,Ippolita,Ippolita,NULL,NULL,nsubj,nsubj,zero_zero_single,
1223,545,one-to-one,dn_571,wk_591,Ippolita,Ippolita,DET,PRON,nmod,nmod,explicit_ref_case,
1224,545,one-to-one,dn_571,wk_591,Ippolita,Ippolita,PRON,NULL,nsubj,nsubj,zero_to_src_anchor,
1225,546,one-to-one,dn_572,wk_592,Giorgio,Giorgio,PRON,PRON,nsubj,nsubj,explicit_full,
1226,546,one-to-one,dn_572,wk_592,Giorgio,Giorgio,DET,PRON,nmod,nmod,explicit_ref_case,
1227,548,one-to-one,dn_574,wk_594,Giorgio,Giorgio,PRON,PRON,obj,obj,explicit_full,
1228,548,one-to-one,dn_574,wk_594,Ippolita,Ippolita,PRON,PRON,nsubj,nsubj,explicit_full,
1229,548,one-to-one,dn_574,wk_594,Ippolita,Ippolita,PRON,PRON,obj,obj,explicit_full,
1230,548,one-to-one,dn_574,wk_594,Ippolita,Ippolita,NULL,NULL,nsubj,nsubj,zero_zero_semantic,0.2575108409401409
1231,548,one-to-one,dn_574,wk_594,Ippolita,MISSING,NULL,MISSING,nsubj,MISSING,leftover_source,
1232,548,one-to-one,dn_574,wk_594,Ippolita,MISSING,PRON,MISSING,obj,MISSING,leftover_source,
1233,549,one-to-one,dn_575,wk_595,AlfonsoExili,AlfonsoExili,PROPN,NOUN,nsubj,nsubj,explicit_ref_case,
1234,549,one-to-one,dn_575,wk_595,Monti,Monti,NOUN,NOUN,nsubj,nsubj,explicit_full,
1235,549,one-to-one,dn_575,wk_595,Monti,MISSING,PRON,MISSING,obj,MISSING,leftover_source,
1236,550,one-to-one,dn_576,wk_596,Ippolita,Ippolita,PRON,PRON,nsubj,nsubj,explicit_full,
1237,551,one-to-one,dn_577,wk_597,Ippolita,Ippolita,NULL,PRON,nsubj,nsubj,zero_to_tgt_anchor,
1238,551,one-to-one,dn_577,wk_597,Ippolita,MISSING,PRON-REFLEX,MISSING,obj,MISSING,leftover_source,
1239,552,one-to-one,dn_578,wk_598,Ippolita,Ippolita,PRON,PRON,obj,nsubj,explicit_ref_pos,
1240,552,one-to-one,dn_578,wk_598,Ippolita,Ippolita,NULL,NULL,nsubj,nsubj,zero_zero_single,
1241,552,one-to-one,dn_578,wk_598,MISSING,Ippolita,MISSING,PRON,MISSING,nmod,leftover_target,
1242,553,one-to-one,dn_579,wk_599,CountessAlbertini,CountessAlbertini,NOUN,PROPN,nsubj,nmod,explicit_ref_only,
1243,553,one-to-one,dn_579,wk_599,Giorgio,Giorgio,PRON,PRON,obj,nsubj,explicit_ref_pos,
1244,554,one-to-one,dn_580,wk_600,CountessAlbertini,CountessAlbertini,PRON,NOUN,nsubj,nsubj,explicit_ref_case,
1245,554,one-to-one,dn_580,wk_600,CountessAlbertini,CountessAlbertini,NULL,NULL,nsubj,nsubj,zero_zero_semantic,0.4168972693609469
1246,554,one-to-one,dn_580,wk_600,MISSING,CountessAlbertini,MISSING,NULL,MISSING,nsubj,leftover_target,
1247,554,one-to-one,dn_580,wk_600,MISSING,CountessAlbertini,MISSING,NULL,MISSING,nsubj,leftover_target,
1248,554,one-to-one,dn_580,wk_600,MISSING,CountessAlbertini,MISSING,NULL,MISSING,nsubj,leftover_target,
1249,554,one-to-one,dn_580,wk_600,CountessAlbertinis-husband,CountessAlbertinis-husband,NOUN,NOUN,obj,obj,explicit_full,
1250,555,one-to-one,dn_581,wk_601,Giorgio,Giorgio,PRON,PRON,obj,nsubj,explicit_ref_pos,
1251,555,one-to-one,dn_581,wk_601,MISSING,Giorgio,MISSING,PRON,MISSING,nmod,leftover_target,
1252,555,one-to-one,dn_581,wk_601,MISSING,Giorgio,MISSING,NULL,MISSING,nsubj,leftover_target,
1253,556,one-to-one,dn_582,wk_602,Giorgio,Giorgio,PRON,NULL,nsubj,nsubj,zero_to_src_anchor,
1254,556,one-to-one,dn_582,wk_602,MISSING,Giorgio,MISSING,NULL,MISSING,nsubj,leftover_target,
1255,556,one-to-one,dn_582,wk_602,MISSING,Giorgio,MISSING,NULL,MISSING,nsubj,leftover_target,
1256,557,one-to-one,dn_583,wk_603,Giorgio,Giorgio,DET,NOUN,nmod,nmod,explicit_ref_case,
1257,558,one-to-one,dn_584,wk_604,Giorgio,Giorgio,PRON,PRON,nsubj,nsubj,explicit_full,
1258,558,one-to-one,dn_584,wk_604,MISSING,Giorgio,MISSING,NULL,MISSING,nsubj,leftover_target,
1259,560,one-to-one,dn_586,wk_606,Ippolita,Ippolita,PRON,PRON,nsubj,nsubj,explicit_full,
1260,560,one-to-one,dn_586,wk_606,Ippolita,MISSING,PRON,MISSING,obj,MISSING,leftover_source,
1261,560,one-to-one,dn_586,wk_606,MISSING,Ippolita,MISSING,NULL,MISSING,nsubj,leftover_target,
1262,561,one-to-one,dn_587,wk_607,Ippolita,Ippolita,PRON,NULL,nsubj,nsubj,zero_to_src_anchor,
1263,564,many-to-one,dn_591 dn_592,wk_611,Giorgio,Giorgio,NOUN,NOUN,nmod,nmod,explicit_full,
1264,564,many-to-one,dn_591 dn_592,wk_611,Ippolita,Ippolita,PRON,PRON,nsubj,nsubj,explicit_full,
1265,564,many-to-one,dn_591 dn_592,wk_611,Ippolita,Ippolita,NULL,NULL,nsubj,nsubj,zero_zero_semantic,0.2854510078752449
1266,564,many-to-one,dn_591 dn_592,wk_611,Ippolita,MISSING,PRON-REFLEX,MISSING,obj,MISSING,leftover_source,
1267,564,many-to-one,dn_591 dn_592,wk_611,MISSING,Ippolita,MISSING,NULL,MISSING,nsubj,leftover_target,
1268,564,many-to-one,dn_591 dn_592,wk_611,MISSING,Ippolita,MISSING,NULL,MISSING,nsubj,leftover_target,
1269,564,many-to-one,dn_591 dn_592,wk_611,MISSING,Ippolita,MISSING,DET,MISSING,nmod,leftover_target,
1270,564,many-to-one,dn_591 dn_592,wk_611,MISSING,Ippolita,MISSING,NULL,MISSING,nsubj,leftover_target,
1271,564,many-to-one,dn_591 dn_592,wk_611,MISSING,Ippolita,MISSING,NULL,MISSING,nsubj,leftover_target,
1272,565,one-to-one,dn_593,wk_612,Ippolita,Ippolita,PRON,PRON,nsubj,nsubj,explicit_full,
1273,565,one-to-one,dn_593,wk_612,Ippolita,MISSING,NULL,MISSING,nsubj,MISSING,leftover_source,
1274,568,one-to-one,dn_597,wk_615,Giorgio Ippolita,Giorgio Ippolita,PRON,NULL,nsubj,nsubj,zero_to_src_anchor,
1275,568,one-to-one,dn_597,wk_615,Ippolita,MISSING,NULL,MISSING,nsubj,MISSING,leftover_source,
1276,569,one-to-one,dn_598,wk_616,Giorgio,Giorgio,PROPN,PROPN,obj,nsubj,explicit_ref_pos,
1277,570,one-to-one,dn_599,wk_617,Giorgio,Giorgio,PRON,PRON,nsubj,nsubj,explicit_full,
1278,570,one-to-one,dn_599,wk_617,Giorgio,MISSING,PRON-REFLEX,MISSING,obj,MISSING,leftover_source,
1279,571,one-to-one,dn_600,wk_618,Giorgio,Giorgio,NULL,NULL,nsubj,nsubj,zero_zero_semantic,0.4220239276197507
1280,571,one-to-one,dn_600,wk_618,Giorgio,Giorgio,NULL,PRON,nsubj,nsubj,zero_to_tgt_anchor,
1281,571,one-to-one,dn_600,wk_618,Ippolita,Ippolita,PROPN,PROPN,nmod,nmod,explicit_full,
1282,573,one-to-one,dn_602,wk_620,Ippolita,Ippolita,NULL,PRON,nsubj,nsubj,zero_to_tgt_anchor,
1283,576,one-to-one,dn_606,wk_630,Ippolita,Ippolita,PROPN,PROPN,nsubj,nsubj,explicit_full,
1284,576,one-to-one,dn_606,wk_630,Ippolita,Ippolita,NULL,NULL,nsubj,nsubj,zero_zero_single,
1285,578,many-to-one,dn_608 dn_609,wk_632,Giorgio,Giorgio,PRON,NULL,nsubj,nsubj,zero_to_src_anchor,
1286,579,one-to-one,dn_610,wk_633,Giorgio,Giorgio,NULL,NULL,nsubj,nsubj,zero_zero_semantic,0.2279175053501884
1287,579,one-to-one,dn_610,wk_633,Giorgio,Giorgio,NULL,NULL,nsubj,nsubj,zero_zero_semantic,0.4368901952142248
1288,579,one-to-one,dn_610,wk_633,Giorgio,Giorgio,PRON,NULL,nsubj,nsubj,zero_to_src_anchor,
1289,579,one-to-one,dn_610,wk_633,Giorgio,MISSING,PRON,MISSING,obj,MISSING,leftover_source,
1290,581,one-to-many,dn_612,wk_635 wk_636,Giorgio,Giorgio,PRON,PRON,nsubj,nsubj,explicit_full,
1291,581,one-to-many,dn_612,wk_635 wk_636,Giorgio,Giorgio,NULL,PRON,nsubj,nsubj,zero_to_tgt_anchor,
1292,582,one-to-one,dn_613 dn_614,wk_637 wk_638,MISSING,Giorgio,MISSING,NULL,MISSING,nsubj,leftover_target,
1293,582,one-to-one,dn_613 dn_614,wk_637 wk_638,MISSING,Giorgio,MISSING,NULL,MISSING,nsubj,leftover_target,
1294,583,one-to-one,dn_615,wk_639,MISSING,Giorgio,MISSING,NULL,MISSING,nsubj,leftover_target,
1295,583,one-to-one,dn_615,wk_639,MISSING,Giorgio,MISSING,NULL,MISSING,nsubj,leftover_target,
1296,584,one-to-one,dn_616,wk_640,Ippolita,Ippolita,PROPN,PROPN,nsubj,nsubj,explicit_full,
1297,584,one-to-one,dn_616,wk_640,MISSING,Ippolita,MISSING,NULL,MISSING,nsubj,leftover_target,
1298,585,one-to-one,dn_617,wk_641,Ippolita,Ippolita,PRON,PRON,nsubj,nsubj,explicit_full,
1299,586,one-to-one,dn_618,wk_642,Ippolita,Ippolita,PRON,PRON,nsubj,nsubj,explicit_full,
1300,587,one-to-one,dn_619,wk_643,Giorgio,Giorgio,NULL,NULL,nsubj,nsubj,zero_zero_single,
1301,587,one-to-one,dn_619,wk_643,Ippolita,Ippolita,PRON,PRON,obj,obj,explicit_full,
1302,588,one-to-one,dn_620,wk_644,Giorgio,Giorgio,NOUN,NOUN,nmod,nmod,explicit_full,
1303,588,one-to-one,dn_620,wk_644,Giorgio,Giorgio,PRON,PRON,obj,nmod,explicit_ref_pos,
1304,588,one-to-one,dn_620,wk_644,Ippolita,Ippolita,PRON,PRON,nsubj,nsubj,explicit_full,
1305,588,one-to-one,dn_620,wk_644,Ippolita,Ippolita,NULL,NULL,nsubj,nsubj,zero_zero_semantic,0.28902258430863476
1306,588,one-to-one,dn_620,wk_644,Ippolita,MISSING,PRON-REFLEX,MISSING,obj,MISSING,leftover_source,
1307,588,one-to-one,dn_620,wk_644,MISSING,Ippolita,MISSING,NULL,MISSING,nsubj,leftover_target,
1308,588,one-to-one,dn_620,wk_644,MISSING,Ippolita,MISSING,NULL,MISSING,nsubj,leftover_target,
1309,589,one-to-one,dn_621,wk_645,Giorgio,Giorgio,NULL,NULL,nsubj,nsubj,zero_zero_single,
1310,589,one-to-one,dn_621,wk_645,Ippolita,MISSING,PRON,MISSING,obj,MISSING,leftover_source,
1311,590,many-to-one,dn_622 dn_623,wk_646,Giorgio,Giorgio,PRON,PRON,nsubj,nsubj,explicit_full,
1312,590,many-to-one,dn_622 dn_623,wk_646,Giorgio,Giorgio,NULL,NULL,nsubj,nsubj,zero_zero_single,
1313,590,many-to-one,dn_622 dn_623,wk_646,Ippolita,Ippolita,PRON,PRON,obj,nmod,explicit_ref_pos,
1314,590,many-to-one,dn_622 dn_623,wk_646,Ippolita,Ippolita,PRON,DET,obj,nmod,explicit_ref_only,
1315,591,one-to-one,dn_624,wk_647,Ippolita,MISSING,NULL,MISSING,nsubj,MISSING,leftover_source,
1316,591,one-to-one,dn_624,wk_647,MISSING,Ippolita,MISSING,PRON,MISSING,nmod,leftover_target,
1317,592,one-to-one,dn_625,wk_648,Giorgio,Giorgio,NULL,NULL,nsubj,nsubj,zero_zero_single,
1318,592,one-to-one,dn_625,wk_648,MISSING,Giorgio,MISSING,PRON,MISSING,nsubj,leftover_target,
1319,593,one-to-one,dn_626,wk_649,Giorgio,Giorgio,PRON,PRON,nsubj,nsubj,explicit_full,
1320,593,one-to-one,dn_626,wk_649,Giorgio,MISSING,NULL,MISSING,nsubj,MISSING,leftover_source,
1321,593,one-to-one,dn_626,wk_649,Ippolita,Ippolita,PROPN,PROPN,obj,obj,explicit_full,
1322,593,one-to-one,dn_626,wk_649,Ippolita,Ippolita,PRON,PRON,nmod,nsubj,explicit_ref_pos,
1323,594,one-to-one,dn_627,wk_650,Giorgio,Giorgio,NULL,PRON,nsubj,nsubj,zero_to_tgt_anchor,
1324,594,one-to-one,dn_627,wk_650,Ippolita,Ippolita,PRON,PRON,obj,obj,explicit_full,
1325,595,one-to-one,dn_628,wk_651,Giorgio,Giorgio,PRON,PRON,nsubj,nsubj,explicit_full,
1326,595,one-to-one,dn_628,wk_651,Ippolita,Ippolita,PRON,PRON,nsubj,nsubj,explicit_full,
1327,595,one-to-one,dn_628,wk_651,Ippolita,Ippolita,PRON,PROPN,obj,obj,explicit_ref_case,
1328,596,one-to-one,dn_629,wk_652,Giorgio,Giorgio,NULL,NULL,nsubj,nsubj,zero_zero_single,
1329,596,one-to-one,dn_629,wk_652,Ippolita,MISSING,PRON,MISSING,obj,MISSING,leftover_source,
1330,597,one-to-one,dn_630,wk_653,Ippolita,Ippolita,PRON,PRON,nsubj,nsubj,explicit_full,
1331,600,one-to-one,dn_633,wk_656,Giorgio,MISSING,PRON,MISSING,nsubj,MISSING,leftover_source,
1332,600,one-to-one,dn_633,wk_656,Giorgio Ippolita,Giorgio Ippolita,PRON,NOUN,nsubj,nsubj,explicit_ref_case,
1333,600,one-to-one,dn_633,wk_656,Giorgio Ippolita,Giorgio Ippolita,NULL,NULL,nsubj,nsubj,zero_zero_semantic,0.46792799385073924
1334,600,one-to-one,dn_633,wk_656,MISSING,Giorgio Ippolita,MISSING,NULL,MISSING,nsubj,leftover_target,
1335,600,one-to-one,dn_633,wk_656,MISSING,Giorgio Ippolita,MISSING,NULL,MISSING,nsubj,leftover_target,
1336,600,one-to-one,dn_633,wk_656,MISSING,Giorgio Ippolita,MISSING,NULL,MISSING,nsubj,leftover_target,
1337,601,one-to-one,dn_634,wk_657,Giorgio Ippolita,Giorgio Ippolita,NULL,NULL,nsubj,nsubj,zero_zero_single,
1338,602,many-to-one,dn_635 dn_636,wk_658,Giorgio,Giorgio,PROPN,PROPN,nsubj,nsubj,explicit_full,
1339,603,many-to-one,dn_637 dn_638 dn_639,wk_659,Giorgio,Giorgio,PRON,PRON,nsubj,nsubj,explicit_full,
1340,603,many-to-one,dn_637 dn_638 dn_639,wk_659,Giorgio,Giorgio,PRON,PRON,nsubj,nsubj,explicit_full,
1341,603,many-to-one,dn_637 dn_638 dn_639,wk_659,MISSING,Giorgio Ippolita,MISSING,NULL,MISSING,nsubj,leftover_target,
1342,603,many-to-one,dn_637 dn_638 dn_639,wk_659,Ippolita,Ippolita,PROPN,PROPN,nsubj,nsubj,explicit_full,
1343,603,many-to-one,dn_637 dn_638 dn_639,wk_659,Ippolita,Ippolita,PROPN,PROPN,nsubj,nsubj,explicit_full,
1344,603,many-to-one,dn_637 dn_638 dn_639,wk_659,Ippolita,MISSING,DET,MISSING,nmod,MISSING,leftover_source,
1345,603,many-to-one,dn_637 dn_638 dn_639,wk_659,aunt-Giovianna,aunt-Giovianna,NOUN,NOUN,nmod,nmod,explicit_full,
1346,606,one-to-one,dn_642,wk_662,Giorgio Ippolita,Giorgio Ippolita,NULL,NULL,nsubj,nsubj,zero_zero_single,
1347,606,one-to-one,dn_642,wk_662,MISSING,Giorgio Ippolita,MISSING,NOUN,MISSING,nsubj,leftover_target,
1348,607,one-to-many,dn_643,wk_663 wk_664,Giorgio Ippolita,Giorgio Ippolita,PRON,NOUN,obj,nsubj,explicit_ref_only,
1349,607,one-to-many,dn_643,wk_663 wk_664,Giorgio Ippolita,Giorgio Ippolita,NULL,NULL,nsubj,nsubj,zero_zero_semantic,0.287846005268586
1350,607,one-to-many,dn_643,wk_663 wk_664,Giorgio Ippolita,MISSING,PRON-REFLEX,MISSING,obj,MISSING,leftover_source,
1351,607,one-to-many,dn_643,wk_663 wk_664,MISSING,Giorgio Ippolita,MISSING,NULL,MISSING,nsubj,leftover_target,
1352,607,one-to-many,dn_643,wk_663 wk_664,stations-crowd,stations-crowd,NOUN,NOUN,obj,nmod,explicit_ref_pos,
1353,608,one-to-one,dn_644,wk_665,Giorgio Ippolita,MISSING,PRON,MISSING,obj,MISSING,leftover_source,
1354,608,one-to-one,dn_644,wk_665,MISSING,Giorgio Ippolita,MISSING,NULL,MISSING,nsubj,leftover_target,
1355,608,one-to-one,dn_644,wk_665,stations-crowd,MISSING,NULL,MISSING,nsubj,MISSING,leftover_source,
1356,609,many-to-one,dn_645 dn_646,wk_666,Giorgio,MISSING,NULL,MISSING,nsubj,MISSING,leftover_source,
1357,609,many-to-one,dn_645 dn_646,wk_666,Giorgio Ippolita,MISSING,PRON,MISSING,obj,MISSING,leftover_source,
1358,609,many-to-one,dn_645 dn_646,wk_666,MISSING,Giorgio Ippolita,MISSING,NULL,MISSING,nsubj,leftover_target,
1359,609,many-to-one,dn_645 dn_646,wk_666,stations-crowd,MISSING,NULL,MISSING,nsubj,MISSING,leftover_source,
1360,610,one-to-many,dn_647,wk_667 wk_668,Ippolita,Ippolita,PROPN,PROPN,nsubj,nsubj,explicit_full,
1361,610,one-to-many,dn_647,wk_667 wk_668,Ippolita,Ippolita,PRON,PRON,obj,obj,explicit_full,
1362,610,one-to-many,dn_647,wk_667 wk_668,Ippolita,Ippolita,NULL,NULL,nsubj,nsubj,zero_zero_single,
1363,610,one-to-many,dn_647,wk_667 wk_668,Ippolita,MISSING,PRON,MISSING,nmod,MISSING,leftover_source,
1364,612,one-to-one,dn_649,wk_670,Ippolita,Ippolita,NULL,PRON,nsubj,nsubj,zero_to_tgt_anchor,
1365,613,one-to-one,dn_650,wk_671,Giorgio Ippolita,Giorgio Ippolita,NULL,NULL,nsubj,nsubj,zero_zero_semantic,0.49491552511850995
1366,613,one-to-one,dn_650,wk_671,Giorgio Ippolita,Giorgio Ippolita,NULL,NULL,nsubj,nsubj,zero_zero_semantic,0.2769648240867004
1367,613,one-to-one,dn_650,wk_671,Giorgio Ippolita,MISSING,PRON-REFLEX,MISSING,obj,MISSING,leftover_source,
1368,613,one-to-one,dn_650,wk_671,MISSING,Giorgio Ippolita,MISSING,NOUN,MISSING,nsubj,leftover_target,
1369,613,one-to-one,dn_650,wk_671,MrMartlet MrsMartlet another-traveller,MrMartlet MrsMartlet another-traveller,NOUN,NOUN,obj,nsubj,explicit_ref_pos,
1370,614,one-to-one,dn_651,wk_672,Giorgio,Giorgio,PROPN,PROPN,nsubj,nsubj,explicit_full,
1371,614,one-to-one,dn_651,wk_672,MISSING,Giorgio,MISSING,NULL,MISSING,nsubj,leftover_target,
1372,614,one-to-one,dn_651,wk_672,MrMartlet,MrMartlet,NOUN,NOUN,obj,obj,explicit_full,
1373,614,one-to-one,dn_651,wk_672,MrsMartlet,MrsMartlet,NOUN,NOUN,obj,obj,explicit_full,
1374,615,one-to-one,dn_652,wk_673,MrMartlet MrsMartlet,MISSING,NULL,MISSING,nsubj,MISSING,leftover_source,
1375,616,one-to-one,dn_653,wk_674,Giorgio,Giorgio,NOUN,DET,nmod,nmod,explicit_ref_case,
1376,616,one-to-one,dn_653,wk_674,MISSING,Giorgio,MISSING,NOUN,MISSING,obj,leftover_target,
1377,616,one-to-one,dn_653,wk_674,Ippolita,Ippolita,PROPN,PROPN,nsubj,nsubj,explicit_full,
1378,616,one-to-one,dn_653,wk_674,Ippolita,MISSING,PRON-REFLEX,MISSING,obj,MISSING,leftover_source,
1379,616,one-to-one,dn_653,wk_674,MISSING,Ippolita,MISSING,NULL,MISSING,nsubj,leftover_target,
1380,617,one-to-one,dn_654,wk_675,Giorgio,Giorgio,NULL,NULL,nsubj,nsubj,zero_zero_single,
1381,617,one-to-one,dn_654,wk_675,Ippolita,MISSING,PRON,MISSING,obj,MISSING,leftover_source,
1382,618,one-to-one,dn_655,wk_676,Ippolita,Ippolita,PRON,PRON,nsubj,nsubj,explicit_full,
1383,618,one-to-one,dn_655,wk_676,MISSING,Ippolita,MISSING,NULL,MISSING,nsubj,leftover_target,
1384,618,one-to-one,dn_655,wk_676,MrMartlet MrsMartlet,MrMartlet MrsMartlet,NOUN,NOUN,obj,obj,explicit_full,
1385,619,one-to-one,dn_656,wk_677,MrMartlet,MrMartlet,NOUN,NOUN,nsubj,nsubj,explicit_full,
1386,619,one-to-one,dn_656,wk_677,MrMartlet,MrMartlet,NOUN,NOUN,pred,pred,explicit_full,
1387,619,one-to-one,dn_656,wk_677,MISSING,MrMartlet,MISSING,NULL,MISSING,nsubj,leftover_target,
1388,619,one-to-one,dn_656,wk_677,MISSING,MrMartlet,MISSING,NULL,MISSING,nsubj,leftover_target,
1389,620,one-to-many,dn_657,wk_678 wk_679,MrsMartlet,MrsMartlet,NOUN,NOUN,nsubj,nsubj,explicit_full,
1390,620,one-to-many,dn_657,wk_678 wk_679,MrsMartlet,MrsMartlet,DET,DET,nmod,nmod,explicit_full,
1391,620,one-to-many,dn_657,wk_678 wk_679,MrsMartlet,MrsMartlet,NULL,NULL,nsubj,nsubj,zero_zero_single,
1392,620,one-to-many,dn_657,wk_678 wk_679,MrsMartlet,MISSING,DET,MISSING,nmod,MISSING,leftover_source,
1393,621,one-to-one,dn_658,wk_680,MrMartlet,MrMartlet,NOUN,NOUN,nmod,nmod,explicit_full,
1394,622,one-to-one,dn_659,wk_681,Giorgio,Giorgio,PROPN,PROPN,nmod,nmod,explicit_full,
1395,622,one-to-one,dn_659,wk_681,MrMartlet,MrMartlet,PRON,NOUN,nsubj,nsubj,explicit_ref_case,
1396,623,one-to-one,dn_660,wk_682,Ippolita,Ippolita,PROPN,PROPN,nsubj,nsubj,explicit_full,
1397,623,one-to-one,dn_660,wk_682,Ippolita,MISSING,DET,MISSING,nmod,MISSING,leftover_source,
1398,624,one-to-one,dn_661,wk_683,Ippolita,Ippolita,NULL,NULL,nsubj,nsubj,zero_zero_single,
1399,624,one-to-one,dn_661,wk_683,Ippolita,MISSING,PRON,MISSING,nsubj,MISSING,leftover_source,
1400,624,one-to-one,dn_661,wk_683,MrMartlet MrsMartlet,MrMartlet MrsMartlet,NOUN,NOUN,obj,obj,explicit_full,
1401,625,one-to-many,dn_662,wk_684 wk_685,Ippolita,Ippolita,DET,PRON,nmod,nmod,explicit_ref_case,
1402,625,one-to-many,dn_662,wk_684 wk_685,Ippolita,Ippolita,NULL,NULL,nsubj,nsubj,zero_zero_semantic,0.30713840228607336
1403,625,one-to-many,dn_662,wk_684 wk_685,Ippolita,Ippolita,NULL,PRON,nsubj,nsubj,zero_to_tgt_anchor,
1404,625,one-to-many,dn_662,wk_684 wk_685,MrMartlet MrsMartlet,MrMartlet MrsMartlet,NOUN,NOUN,nsubj,nsubj,explicit_full,
1405,626,many-to-one,dn_663 dn_664,wk_686,Giorgio,MISSING,NULL,MISSING,nsubj,MISSING,leftover_source,
1406,626,many-to-one,dn_663 dn_664,wk_686,Ippolita,MISSING,PRON,MISSING,obj,MISSING,leftover_source,
1407,626,many-to-one,dn_663 dn_664,wk_686,MrMartlet MrsMartlet,MISSING,NULL,MISSING,nsubj,MISSING,leftover_source,
1408,627,one-to-one,dn_665,wk_687,Giorgio,Giorgio,NOUN,NOUN,nsubj,nmod,explicit_ref_pos,
1409,627,one-to-one,dn_665,wk_687,Ippolita,Ippolita,NULL,PRON,nsubj,nsubj,zero_to_tgt_anchor,
1410,628,one-to-one,dn_666,wk_688,MrMartlet MrsMartlet,MrMartlet MrsMartlet,PROPN,PROPN,nsubj,nsubj,explicit_full,
1411,629,one-to-one,dn_667,wk_689,MrMartlet,MrMartlet,PROPN,PROPN,nsubj,nsubj,explicit_full,
1412,629,one-to-one,dn_667,wk_689,MrsMartlet,MrsMartlet,NOUN,NOUN,obj,nsubj,explicit_ref_pos,
1413,630,one-to-one,dn_668,wk_690,Giorgio Ippolita,MISSING,PRON,MISSING,obj,MISSING,leftover_source,
1414,630,one-to-one,dn_668,wk_690,MISSING,Giorgio Ippolita,MISSING,NULL,MISSING,nsubj,leftover_target,
1415,630,one-to-one,dn_668,wk_690,MrMartlet MrsMartlet,MISSING,NULL,MISSING,nsubj,MISSING,leftover_source,
1416,630,one-to-one,dn_668,wk_690,MISSING,MrMartlet MrsMartlet,MISSING,NOUN,MISSING,obj,leftover_target,
1417,631,one-to-one,dn_669,wk_691,MISSING,Ippolita,MISSING,NULL,MISSING,nsubj,leftover_target,
1418,631,one-to-one,dn_669,wk_691,MrMartlet MrsMartlet,MISSING,NULL,MISSING,nsubj,MISSING,leftover_source,
1419,631,one-to-one,dn_669,wk_691,MrMartlet MrsMartlet,MISSING,NULL,MISSING,nsubj,MISSING,leftover_source,
1420,632,one-to-one,dn_670,wk_692,Ippolita,Ippolita,NULL,NULL,nsubj,nsubj,zero_zero_single,
1421,632,one-to-one,dn_670,wk_692,Ippolita,MISSING,PRON,MISSING,nsubj,MISSING,leftover_source,
1422,632,one-to-one,dn_670,wk_692,MrMartlet MrsMartlet,MISSING,PRON,MISSING,obj,MISSING,leftover_source,
1423,633,one-to-many,dn_671,wk_693 wk_694,Giorgio,Giorgio,PRON,NULL,nsubj,nsubj,zero_to_src_anchor,
1424,633,one-to-many,dn_671,wk_693 wk_694,Ippolita,Ippolita,PRON,PRON,obj,obj,explicit_full,
1425,633,one-to-many,dn_671,wk_693 wk_694,MrMartlet MrsMartlet,MrMartlet MrsMartlet,PRON,NULL,nsubj,nsubj,zero_to_src_anchor,
1426,634,one-to-one,dn_672,wk_695,Ippolita,Ippolita,NULL,NULL,nsubj,nsubj,zero_zero_single,
1427,635,one-to-one,dn_673,wk_696,Ippolita,Ippolita,PRON,PRON,obj,nmod,explicit_ref_pos,
1428,636,one-to-one,dn_674,wk_697,Ippolita,Ippolita,PRON,PRON,obj,nsubj,explicit_ref_pos,
1429,636,one-to-one,dn_674,wk_697,MISSING,Ippolita,MISSING,PRON,MISSING,nsubj,leftover_target,
1430,637,one-to-one,dn_675,wk_698,Ippolita,Ippolita,PRON,PRON,nsubj,nsubj,explicit_full,
1431,637,one-to-one,dn_675,wk_698,MISSING,Ippolita,MISSING,NULL,MISSING,nsubj,leftover_target,
1432,637,one-to-one,dn_675,wk_698,MrMartlet MrsMartlet,MrMartlet MrsMartlet,NOUN,NOUN,obj,obj,explicit_full,
1433,639,one-to-one,dn_677,wk_700,Ippolita,Ippolita,NULL,NULL,nsubj,nsubj,zero_zero_semantic,0.4431847943102612
1434,639,one-to-one,dn_677,wk_700,Ippolita,Ippolita,NULL,NULL,nsubj,nsubj,zero_zero_semantic,0.29788074564115674
1435,639,one-to-one,dn_677,wk_700,Ippolita,MISSING,PRON-REFLEX,MISSING,obj,MISSING,leftover_source,
1436,639,one-to-one,dn_677,wk_700,MISSING,Ippolita,MISSING,PRON,MISSING,nsubj,leftover_target,
1437,640,one-to-one,dn_678,wk_701,Ippolita,MISSING,NULL,MISSING,nsubj,MISSING,leftover_source,
1438,641,one-to-many,dn_679,wk_702 wk_703 wk_704 wk_705,AlessandroMemmi,AlessandroMemmi,NOUN,NOUN,nsubj,nsubj,explicit_full,
1439,641,one-to-many,dn_679,wk_702 wk_703 wk_704 wk_705,SebastianBach,SebastianBach,PROPN,PROPN,nmod,nmod,explicit_full,
1440,641,one-to-many,dn_679,wk_702 wk_703 wk_704 wk_705,audience,audience,NOUN,NOUN,nsubj,nsubj,explicit_full,
1441,641,one-to-many,dn_679,wk_702 wk_703 wk_704 wk_705,MISSING,audience,MISSING,NULL,MISSING,nsubj,leftover_target,
1442,641,one-to-many,dn_679,wk_702 wk_703 wk_704 wk_705,maidens,maidens,NOUN,NOUN,nsubj,nsubj,explicit_full,
1443,641,one-to-many,dn_679,wk_702 wk_703 wk_704 wk_705,violinists,violinists,NOUN,NOUN,nsubj,nsubj,explicit_full,
1444,641,one-to-many,dn_679,wk_702 wk_703 wk_704 wk_705,MISSING,violinists,MISSING,NULL,MISSING,nsubj,leftover_target,
1445,642,one-to-one,dn_680,wk_706,Giorgio,Giorgio,NOUN,NOUN,obj,obj,explicit_full,
1446,642,one-to-one,dn_680,wk_706,Ippolita,Ippolita,PRON,PRON,nsubj,nsubj,explicit_full,
1447,642,one-to-one,dn_680,wk_706,Ippolita,MISSING,PRON,MISSING,obj,MISSING,leftover_source,
1448,642,one-to-one,dn_680,wk_706,MISSING,Ippolita,MISSING,NULL,MISSING,nsubj,leftover_target,
1449,642,one-to-one,dn_680,wk_706,MISSING,Ippolita,MISSING,NULL,MISSING,nsubj,leftover_target,
1450,643,one-to-one,dn_681,wk_707,Giorgio,Giorgio,PRON,PRON,nsubj,nsubj,explicit_full,
1451,643,one-to-one,dn_681,wk_707,Giorgio,Giorgio,NULL,NULL,nsubj,nsubj,zero_zero_single,
1452,644,one-to-one,dn_682,wk_708,Giorgio,Giorgio,PRON,PRON,obj,obj,explicit_full,
1453,644,one-to-one,dn_682,wk_708,Giorgio,MISSING,PRON,MISSING,obj,MISSING,leftover_source,
1454,644,one-to-one,dn_682,wk_708,Ippolita,Ippolita,PRON,PRON,nsubj,nsubj,explicit_full,
1455,644,one-to-one,dn_682,wk_708,MISSING,Ippolita,MISSING,PRON,MISSING,nmod,leftover_target,
1456,644,one-to-one,dn_682,wk_708,MISSING,Ippolita,MISSING,NULL,MISSING,nsubj,leftover_target,
1457,645,one-to-one,dn_683,wk_709,Giorgio,Giorgio,PRON,PRON,nsubj,nsubj,explicit_full,
1458,645,one-to-one,dn_683,wk_709,Giorgio,Giorgio,NULL,NULL,nsubj,nsubj,zero_zero_single,
1459,645,one-to-one,dn_683,wk_709,Ippolita,Ippolita,PRON,PRON,obj,nmod,explicit_ref_pos,
1460,645,one-to-one,dn_683,wk_709,Ippolita,Ippolita,PRON,PRON,obj,nmod,explicit_ref_pos,
1461,646,one-to-one,dn_684,wk_710,Giorgio Ippolita,Giorgio Ippolita,PRON,NOUN,nsubj,nsubj,explicit_ref_case,
1462,646,one-to-one,dn_684,wk_710,Giorgio Ippolita,MISSING,DET,MISSING,nmod,MISSING,leftover_source,
1463,646,one-to-one,dn_684,wk_710,MISSING,Giorgio Ippolita,MISSING,NULL,MISSING,nsubj,leftover_target,
1464,646,one-to-one,dn_684,wk_710,MISSING,Giorgio Ippolita,MISSING,NULL,MISSING,nsubj,leftover_target,
1465,647,one-to-one,dn_685,wk_711,Giorgio Ippolita,Giorgio Ippolita,NULL,NULL,nsubj,nsubj,zero_zero_semantic,0.4001358645456331
1466,647,one-to-one,dn_685,wk_711,MISSING,Giorgio Ippolita,MISSING,NOUN,MISSING,nsubj,leftover_target,
1467,647,one-to-one,dn_685,wk_711,MISSING,Giorgio Ippolita,MISSING,NULL,MISSING,nsubj,leftover_target,
1468,647,one-to-one,dn_685,wk_711,MISSING,Giorgio Ippolita,MISSING,NULL,MISSING,nsubj,leftover_target,
1469,649,one-to-one,dn_687,wk_713,MrMartlet,MrMartlet,PROPN,PROPN,nsubj,nsubj,explicit_full,
1470,649,one-to-one,dn_687,wk_713,MrsMartlet,MrsMartlet,PROPN,PROPN,nsubj,nsubj,explicit_full,
1471,650,one-to-one,dn_688,wk_714,another-traveller,another-traveller,NOUN,NOUN,nsubj,nsubj,explicit_full,
1472,650,one-to-one,dn_688,wk_714,MISSING,another-traveller,MISSING,NULL,MISSING,nsubj,leftover_target,
1473,650,one-to-one,dn_688,wk_714,MISSING,another-traveller,MISSING,NULL,MISSING,nsubj,leftover_target,
1474,651,one-to-one,dn_689,wk_715,MrMartlet,MrMartlet,PROPN,PROPN,nsubj,nsubj,explicit_full,
1475,651,one-to-one,dn_689,wk_715,MISSING,MrMartlet,MISSING,NULL,MISSING,nsubj,leftover_target,
1476,651,one-to-one,dn_689,wk_715,another-traveller,MISSING,NOUN,MISSING,obj,MISSING,leftover_source,
1477,652,one-to-one,dn_690,wk_716,MrMartlet another-traveller,MrMartlet another-traveller,NOUN,NOUN,nsubj,nsubj,explicit_full,
1478,652,one-to-one,dn_690,wk_716,MISSING,MrMartlet another-traveller,MISSING,NULL,MISSING,nsubj,leftover_target,
1479,652,one-to-one,dn_690,wk_716,MISSING,MrMartlet another-traveller,MISSING,NULL,MISSING,nsubj,leftover_target,
1480,654,one-to-one,dn_692,wk_718,Giorgio,Giorgio,PROPN,PROPN,nsubj,nsubj,explicit_full,
1481,654,one-to-one,dn_692,wk_718,Giorgio,MISSING,PRON-REFLEX,MISSING,obj,MISSING,leftover_source,
1482,655,one-to-one,dn_693,wk_719,Giorgio,Giorgio,PRON,NULL,nsubj,nsubj,zero_to_src_anchor,
1483,655,one-to-one,dn_693,wk_719,Giorgio,MISSING,DET,MISSING,nmod,MISSING,leftover_source,
1484,655,one-to-one,dn_693,wk_719,MISSING,Giorgio,MISSING,NULL,MISSING,nsubj,leftover_target,
1485,656,one-to-one,dn_694,wk_720,Giorgio,MISSING,DET,MISSING,nmod,MISSING,leftover_source,
1486,656,one-to-one,dn_694,wk_720,MISSING,Giorgio,MISSING,NULL,MISSING,nsubj,leftover_target,
1487,657,one-to-one,dn_695,wk_721,Giorgio,MISSING,NULL,MISSING,nsubj,MISSING,leftover_source,
1488,658,one-to-one,dn_696,wk_722,Giorgio,MISSING,DET,MISSING,nmod,MISSING,leftover_source,
1489,659,one-to-one,dn_697,wk_723,Giorgio,Giorgio,PRON,PRON,nsubj,nsubj,explicit_full,
1490,659,one-to-one,dn_697,wk_723,Giorgio,MISSING,DET,MISSING,nmod,MISSING,leftover_source,
1491,659,one-to-one,dn_697,wk_723,MISSING,Giorgio,MISSING,NULL,MISSING,nsubj,leftover_target,
1492,662,many-to-one,dn_700 dn_702,wk_726,Giorgio,Giorgio,NULL,NULL,nsubj,nsubj,zero_zero_single,
1493,662,many-to-one,dn_700 dn_702,wk_726,MrMartlet,MrMartlet,PROPN,PROPN,nsubj,nsubj,explicit_full,
1494,663,one-to-one,dn_703,wk_727,Ippolita,Ippolita,NULL,NULL,nsubj,nsubj,zero_zero_semantic,0.23637464527900404
1495,663,one-to-one,dn_703,wk_727,MISSING,Ippolita,MISSING,NULL,MISSING,nsubj,leftover_target,
1496,664,one-to-one,dn_704,wk_728,Giorgio,Giorgio,PRON,PRON,nsubj,nsubj,explicit_full,
1497,666,one-to-one,dn_706,wk_730,MISSING,Ippolita,MISSING,NULL,MISSING,nsubj,leftover_target,
1498,667,one-to-one,dn_707,wk_731,Giorgio,MISSING,PRON,MISSING,obj,MISSING,leftover_source,
1499,668,one-to-one,dn_708,wk_732,Giorgio,Giorgio,PRON,PRON,obj,obj,explicit_full,
1500,668,one-to-one,dn_708,wk_732,Ippolita,Ippolita,PRON,NULL,nsubj,nsubj,zero_to_src_anchor,
1501,669,one-to-one,dn_709,wk_733,Giorgio,Giorgio,PRON,PRON,obj,nsubj,explicit_ref_pos,
1502,669,one-to-one,dn_709,wk_733,Ippolita,MISSING,DET,MISSING,nmod,MISSING,leftover_source,
1503,670,one-to-one,dn_710,wk_734,Giorgio,Giorgio,PROPN,PROPN,nsubj,nsubj,explicit_full,
1504,671,one-to-one,dn_711,wk_735,Ippolita,Ippolita,PRON,PRON,nsubj,nsubj,explicit_full,
1505,672,one-to-one,dn_712,wk_736,Ippolita,Ippolita,DET,PRON,nmod,nmod,explicit_ref_case,
1506,674,one-to-many,dn_714,wk_738 wk_739,Giorgio,MISSING,PRON,MISSING,obj,MISSING,leftover_source,
1507,674,one-to-many,dn_714,wk_738 wk_739,MISSING,Giorgio,MISSING,NULL,MISSING,nsubj,leftover_target,
1508,674,one-to-many,dn_714,wk_738 wk_739,Ippolita,Ippolita,PRON,PRON,nsubj,nsubj,explicit_full,
1509,674,one-to-many,dn_714,wk_738 wk_739,Ippolita,Ippolita,NOUN,PRON,nmod,nmod,explicit_ref_case,
1510,674,one-to-many,dn_714,wk_738 wk_739,Ippolita,MISSING,PRON-REFLEX,MISSING,obj,MISSING,leftover_source,
1511,676,many-to-one,dn_716 dn_717,wk_741,Giorgio,MISSING,NULL,MISSING,nsubj,MISSING,leftover_source,
1512,677,one-to-one,dn_718,wk_742,Ippolita,Ippolita,PROPN,PROPN,nsubj,nsubj,explicit_full,
1513,679,one-to-one,dn_720,wk_744,Giorgio,MISSING,NULL,MISSING,nsubj,MISSING,leftover_source,
1514,680,one-to-one,dn_721,wk_745,Ippolita,Ippolita,PRON,PROPN,nsubj,nsubj,explicit_ref_case,
1515,681,one-to-one,dn_722,wk_746,Giorgio Ippolita,Giorgio Ippolita,NULL,NULL,nsubj,nsubj,zero_zero_single,
1516,681,one-to-one,dn_722,wk_746,MISSING,Giorgio Ippolita,MISSING,PRON,MISSING,nsubj,leftover_target,
1517,683,many-to-one,dn_724 dn_725,wk_748,Giorgio,Giorgio,NULL,NULL,nsubj,nsubj,zero_zero_single,
1518,685,one-to-one,dn_727,wk_750,MISSING,man-on-the-train,MISSING,NOUN,MISSING,nsubj,leftover_target,
1519,686,one-to-one,dn_728,wk_751,Giorgio,Giorgio,PROPN,PROPN,nsubj,nsubj,explicit_full,
1520,686,one-to-one,dn_728,wk_751,Giorgio,MISSING,PRON-REFLEX,MISSING,obj,MISSING,leftover_source,
1521,686,one-to-one,dn_728,wk_751,MISSING,Giorgio,MISSING,NULL,MISSING,nsubj,leftover_target,
1522,686,one-to-one,dn_728,wk_751,MISSING,Giorgio,MISSING,NULL,MISSING,nsubj,leftover_target,
1523,687,many-to-one,dn_729 dn_730,wk_752,Giorgio,MISSING,NULL,MISSING,nsubj,MISSING,leftover_source,
1524,688,many-to-one,dn_731 dn_732,wk_753,Giorgio,MISSING,NOUN,MISSING,vocative,MISSING,leftover_source,
1525,689,one-to-one,dn_733,wk_754,man-on-the-train,man-on-the-train,NOUN,NOUN,nsubj,nsubj,explicit_full,
1526,689,one-to-one,dn_733,wk_754,MISSING,man-on-the-train,MISSING,NULL,MISSING,nsubj,leftover_target,
1527,690,many-to-one,dn_734 dn_735,wk_755,Giorgio,Giorgio,NULL,NULL,nsubj,nsubj,zero_zero_semantic,0.36466130018234255
1528,690,many-to-one,dn_734 dn_735,wk_755,Giorgio,MISSING,NULL,MISSING,nsubj,MISSING,leftover_source,
1529,690,many-to-one,dn_734 dn_735,wk_755,Giorgio,MISSING,NOUN,MISSING,vocative,MISSING,leftover_source,
1530,691,one-to-one,dn_736,wk_756,Ippolita,Ippolita,PROPN,PROPN,nsubj,nsubj,explicit_full,
1531,691,one-to-one,dn_736,wk_756,Ippolita,MISSING,PRON-REFLEX,MISSING,obj,MISSING,leftover_source,
1532,691,one-to-one,dn_736,wk_756,MISSING,Ippolita,MISSING,PRON,MISSING,nmod,leftover_target,
1533,691,one-to-one,dn_736,wk_756,MrMartlet MrsMartlet,MrMartlet MrsMartlet,NOUN,NOUN,nsubj,nsubj,explicit_full,
1534,691,one-to-one,dn_736,wk_756,MrMartlet MrsMartlet,MrMartlet MrsMartlet,NULL,NULL,nsubj,nsubj,zero_zero_single,
1535,692,one-to-one,dn_737,wk_757,Giorgio,Giorgio,NOUN,NOUN,obj,obj,explicit_full,
1536,692,one-to-one,dn_737,wk_757,Ippolita,Ippolita,PRON,PRON,nmod,nmod,explicit_full,
1537,693,one-to-one,dn_738,wk_758,MISSING,Giorgio Ippolita,MISSING,NULL,MISSING,nsubj,leftover_target,
1538,694,one-to-one,dn_739,wk_759,MISSING,Giorgio Ippolita,MISSING,NULL,MISSING,nsubj,leftover_target,
1539,695,one-to-many,dn_740,wk_760 wk_761 wk_762,Giorgio,Giorgio,PROPN,PROPN,nsubj,nsubj,explicit_full,
1540,695,one-to-many,dn_740,wk_760 wk_761 wk_762,MISSING,Giorgio Ippolita,MISSING,NULL,MISSING,nsubj,leftover_target,
1541,695,one-to-many,dn_740,wk_760 wk_761 wk_762,Ippolita,Ippolita,PROPN,PROPN,nsubj,nsubj,explicit_full,
1542,695,one-to-many,dn_740,wk_760 wk_761 wk_762,man-on-the-train,man-on-the-train,NOUN,NOUN,obj,obj,explicit_full,
1543,696,one-to-one,dn_741,wk_763,MISSING,Ippolita,MISSING,PRON,MISSING,nmod,leftover_target,
1544,696,one-to-one,dn_741,wk_763,MrMartlet,MrMartlet,PROPN,PROPN,nsubj,nsubj,explicit_full,
1545,697,one-to-many,dn_742,wk_764 wk_765,Ippolita,Ippolita,PROPN,PROPN,obj,obj,explicit_full,
1546,697,one-to-many,dn_742,wk_764 wk_765,MISSING,Ippolita,MISSING,PRON,MISSING,nsubj,leftover_target,
1547,697,one-to-many,dn_742,wk_764 wk_765,MISSING,Ippolita,MISSING,NULL,MISSING,nsubj,leftover_target,
1548,697,one-to-many,dn_742,wk_764 wk_765,MrMartlet,MrMartlet,PRON,PROPN,nsubj,nsubj,explicit_ref_case,
1549,697,one-to-many,dn_742,wk_764 wk_765,MrMartlet,MISSING,PRON-REFLEX,MISSING,obj,MISSING,leftover_source,
1550,698,one-to-one,dn_743,wk_766,MrMartlet,MrMartlet,PROPN,PROPN,vocative,vocative,explicit_full,
1551,699,one-to-one,dn_744,wk_767,Ippolita,Ippolita,PRON,PRON,nsubj,nsubj,explicit_full,
1552,699,one-to-one,dn_744,wk_767,MISSING,Ippolita,MISSING,NULL,MISSING,nsubj,leftover_target,
1553,699,one-to-one,dn_744,wk_767,MISSING,Ippolita,MISSING,NULL,MISSING,nsubj,leftover_target,
1554,699,one-to-one,dn_744,wk_767,MISSING,Ippolita,MISSING,NULL,MISSING,nsubj,leftover_target,
1555,700,one-to-one,dn_745,wk_768,Ippolita,MISSING,PRON,MISSING,obj,MISSING,leftover_source,
1556,700,one-to-one,dn_745,wk_768,MISSING,Ippolita,MISSING,NULL,MISSING,nsubj,leftover_target,
1557,700,one-to-one,dn_745,wk_768,MrMartlet,MISSING,PRON,MISSING,obj,MISSING,leftover_source,
1558,701,one-to-one,dn_746,wk_769,Ippolita,Ippolita,NULL,NULL,nsubj,nsubj,zero_zero_single,
1559,701,one-to-one,dn_746,wk_769,MrMartlet,MISSING,PRON,MISSING,obj,MISSING,leftover_source,
1560,702,one-to-one,dn_747,wk_770,Giorgio,Giorgio,PROPN,PROPN,obj,obj,explicit_full,
1561,702,one-to-one,dn_747,wk_770,Ippolita,MISSING,PRON-REFLEX,MISSING,obj,MISSING,leftover_source,
1562,702,one-to-one,dn_747,wk_770,MISSING,Ippolita,MISSING,NULL,MISSING,nsubj,leftover_target,
1563,702,one-to-one,dn_747,wk_770,MISSING,Ippolita,MISSING,NULL,MISSING,nsubj,leftover_target,
1564,703,one-to-one,dn_748,wk_771,MISSING,Giorgio Ippolita,MISSING,NULL,MISSING,nsubj,leftover_target,
1565,704,one-to-one,dn_749,wk_772,station-worker,station-worker,NOUN,NOUN,nsubj,nsubj,explicit_full,
1566,707,one-to-one,dn_752,wk_775,Ippolita,Ippolita,PROPN,PROPN,nsubj,nsubj,explicit_full,
1567,709,one-to-one,dn_754,wk_777,Ippolita,Ippolita,PRON,PRON,nsubj,nsubj,explicit_full,
1568,709,one-to-one,dn_754,wk_777,Ippolita,MISSING,NULL,MISSING,nsubj,MISSING,leftover_source,
1569,710,one-to-one,dn_755,wk_778,Giorgio,Giorgio,PRON,PRON,nsubj,nsubj,explicit_full,
1570,710,one-to-one,dn_755,wk_778,Giorgio,MISSING,PRON,MISSING,obj,MISSING,leftover_source,
1571,710,one-to-one,dn_755,wk_778,MISSING,Ippolita,MISSING,PRON,MISSING,nmod,leftover_target,
1572,711,many-to-one,dn_756 dn_757,wk_779,Giorgio,Giorgio,NULL,NULL,nsubj,nsubj,zero_zero_semantic,0.3996724834044774
1573,711,many-to-one,dn_756 dn_757,wk_779,Giorgio,Giorgio,NULL,NULL,nsubj,nsubj,zero_zero_semantic,0.3417912243870692
1574,711,many-to-one,dn_756 dn_757,wk_779,Giorgio,MISSING,PRON-REFLEX,MISSING,obj,MISSING,leftover_source,
1575,711,many-to-one,dn_756 dn_757,wk_779,Giorgio,MISSING,PROPN,MISSING,vocative,MISSING,leftover_source,
1576,711,many-to-one,dn_756 dn_757,wk_779,Giorgio,MISSING,NULL,MISSING,nsubj,MISSING,leftover_source,
1577,711,many-to-one,dn_756 dn_757,wk_779,Giorgio,MISSING,PRON-REFLEX,MISSING,obj,MISSING,leftover_source,
1578,711,many-to-one,dn_756 dn_757,wk_779,Ippolita,Ippolita,PRON,PRON,obj,nmod,explicit_ref_pos,
1579,712,one-to-one,dn_758,wk_780,Giorgio,MISSING,PRON,MISSING,obj,MISSING,leftover_source,
1580,712,one-to-one,dn_758,wk_780,Ippolita,Ippolita,PRON,PRON,nsubj,nsubj,explicit_full,
1581,712,one-to-one,dn_758,wk_780,MISSING,Ippolita,MISSING,NULL,MISSING,nsubj,leftover_target,
1582,713,one-to-one,dn_759,wk_781,Giorgio Ippolita,Giorgio Ippolita,PRON,NOUN,nsubj,nsubj,explicit_ref_case,
1583,713,one-to-one,dn_759,wk_781,Giorgio Ippolita,MISSING,PRON-REFLEX,MISSING,obj,MISSING,leftover_source,
1584,719,one-to-many,dn_765,wk_787 wk_788,Giorgio Ippolita,Giorgio Ippolita,NOUN,NOUN,nsubj,nsubj,explicit_full,
1585,719,one-to-many,dn_765,wk_787 wk_788,Giorgio Ippolita,MISSING,PRON-REFLEX,MISSING,obj,MISSING,leftover_source,
1586,722,one-to-one,dn_768,wk_792,Giorgio,Giorgio,NULL,NULL,nsubj,nsubj,zero_zero_single,
1587,723,one-to-one,dn_769,wk_793,Ippolita,Ippolita,PROPN,PROPN,nsubj,nsubj,explicit_full,
1588,723,one-to-one,dn_769,wk_793,MISSING,Ippolita,MISSING,NULL,MISSING,nsubj,leftover_target,
1589,725,one-to-one,dn_771,wk_795,Ippolita,Ippolita,PRON,PRON,obj,nsubj,explicit_ref_pos,
1590,726,one-to-one,dn_772,wk_796,Giorgio Ippolita,Giorgio Ippolita,NULL,NULL,nsubj,nsubj,zero_zero_single,
1591,727,one-to-one,dn_773,wk_797,Giorgio,Giorgio,PROPN,PROPN,nsubj,nsubj,explicit_full,
1592,729,one-to-one,dn_775,wk_799,Giorgio,Giorgio,PRON,PRON,nsubj,nsubj,explicit_full,
1593,730,one-to-one,dn_776,wk_800,Giorgio Ippolita,Giorgio Ippolita,PRON,NOUN,obj,obj,explicit_ref_case,
1594,731,one-to-one,dn_777,wk_801,Giorgio Ippolita,Giorgio Ippolita,NULL,NULL,nsubj,nsubj,zero_zero_semantic,0.24427878601210457
1595,731,one-to-one,dn_777,wk_801,MISSING,Giorgio Ippolita,MISSING,NOUN,MISSING,nsubj,leftover_target,
1596,731,one-to-one,dn_777,wk_801,MISSING,Giorgio Ippolita,MISSING,NULL,MISSING,nsubj,leftover_target,
1597,732,one-to-one,dn_778,wk_802,Giorgio Ippolita,MISSING,NULL,MISSING,nsubj,MISSING,leftover_source,
1598,733,one-to-one,dn_779,wk_803,Giorgio,Giorgio,DET,PRON,nmod,nmod,explicit_ref_case,
1599,733,one-to-one,dn_779,wk_803,MISSING,Giorgio Ippolita,MISSING,PRON,MISSING,nmod,leftover_target,
1600,733,one-to-one,dn_779,wk_803,Ippolita,MISSING,DET,MISSING,nmod,MISSING,leftover_source,
1601,734,one-to-one,dn_780,wk_804,Giorgio,Giorgio,PROPN,PROPN,nsubj,nsubj,explicit_full,
1602,736,one-to-one,dn_782,wk_806,Ippolita,Ippolita,PRON,PRON,nsubj,nsubj,explicit_full,
1603,737,one-to-one,dn_783,wk_807,Giorgio,Giorgio,NULL,NULL,nsubj,nsubj,zero_zero_single,
1604,737,one-to-one,dn_783,wk_807,MISSING,Giorgio,MISSING,PRON,MISSING,nmod,leftover_target,
1605,737,one-to-one,dn_783,wk_807,Ippolita,Ippolita,PRON,PRON,obj,nsubj,explicit_ref_pos,
1606,738,one-to-one,dn_784,wk_808,Giorgio,Giorgio,PRON,PRON,nsubj,nsubj,explicit_full,
1607,738,one-to-one,dn_784,wk_808,MISSING,Giorgio,MISSING,NULL,MISSING,nsubj,leftover_target,
1608,738,one-to-one,dn_784,wk_808,MISSING,Giorgio,MISSING,NULL,MISSING,nsubj,leftover_target,
1609,738,one-to-one,dn_784,wk_808,MISSING,Giorgio,MISSING,NULL,MISSING,nsubj,leftover_target,
1610,741,one-to-one,dn_787,wk_811,Giorgio,Giorgio,PRON,PRON,nsubj,nsubj,explicit_full,
1611,741,one-to-one,dn_787,wk_811,Giorgio,Giorgio,NULL,NULL,nsubj,nsubj,zero_zero_semantic,0.2790834517908745
1612,741,one-to-one,dn_787,wk_811,Giorgio,Giorgio,NULL,NULL,nsubj,nsubj,zero_zero_semantic,0.29861132064982066
1613,742,one-to-one,dn_788,wk_812,Giorgio,Giorgio,NULL,NULL,nsubj,nsubj,zero_zero_semantic,0.30726987683564294
1614,742,one-to-one,dn_788,wk_812,MISSING,Giorgio,MISSING,NULL,MISSING,nsubj,leftover_target,
1615,742,one-to-one,dn_788,wk_812,MISSING,Giorgio,MISSING,NULL,MISSING,nsubj,leftover_target,
1616,742,one-to-one,dn_788,wk_812,MISSING,Giorgio,MISSING,NULL,MISSING,nsubj,leftover_target,
1617,743,one-to-one,dn_789,wk_813,Giorgio,Giorgio,NULL,NULL,nsubj,nsubj,zero_zero_single,
1618,743,one-to-one,dn_789,wk_813,Ippolita,Ippolita,PRON,PRON,obj,obj,explicit_full,
1619,744,one-to-one,dn_790,wk_814,Giorgio,Giorgio,NULL,PRON,nsubj,nsubj,zero_to_tgt_anchor,
1620,746,one-to-one,dn_793,wk_816,Giorgio,Giorgio,PRON,PRON,nsubj,nsubj,explicit_full,
1621,746,one-to-one,dn_793,wk_816,MISSING,Giorgio,MISSING,NULL,MISSING,nsubj,leftover_target,
1622,748,one-to-many,dn_795,wk_818 wk_819 wk_820,Giorgio,Giorgio,PRON,PRON,nsubj,nsubj,explicit_full,
1623,748,one-to-many,dn_795,wk_818 wk_819 wk_820,Giorgio,Giorgio,PRON,PRON,obj,obj,explicit_full,
1624,748,one-to-many,dn_795,wk_818 wk_819 wk_820,Giorgio,Giorgio,PRON,PRON,nsubj,nmod,explicit_ref_pos,
1625,748,one-to-many,dn_795,wk_818 wk_819 wk_820,MISSING,Giorgio,MISSING,NULL,MISSING,nsubj,leftover_target,
1626,748,one-to-many,dn_795,wk_818 wk_819 wk_820,Ippolita,Ippolita,PROPN,PROPN,nsubj,nsubj,explicit_full,
1627,748,one-to-many,dn_795,wk_818 wk_819 wk_820,MISSING,Ippolita,MISSING,NULL,MISSING,nsubj,leftover_target,
1628,748,one-to-many,dn_795,wk_818 wk_819 wk_820,MISSING,Ippolita,MISSING,PRON,MISSING,nsubj,leftover_target,
1629,750,many-to-one,dn_797 dn_798,wk_822,Giorgio,Giorgio,PRON,PRON,nsubj,nsubj,explicit_full,
1630,750,many-to-one,dn_797 dn_798,wk_822,MISSING,Giorgio,MISSING,NULL,MISSING,nsubj,leftover_target,
1631,750,many-to-one,dn_797 dn_798,wk_822,Ippolita,MISSING,NULL,MISSING,nsubj,MISSING,leftover_source,
1632,751,one-to-one,dn_799,wk_823,Giorgio,Giorgio,PRON,PRON,nsubj,nsubj,explicit_full,
1633,751,one-to-one,dn_799,wk_823,MISSING,Giorgio,MISSING,NULL,MISSING,nsubj,leftover_target,
1634,752,one-to-one,dn_800,wk_824,Ippolita,Ippolita,PRON,PRON,nsubj,nsubj,explicit_full,
1635,753,many-to-one,dn_801 dn_802,wk_825,Giorgio,Giorgio,PRON,NULL,nsubj,nsubj,zero_to_src_anchor,
1636,753,many-to-one,dn_801 dn_802,wk_825,Ippolita,Ippolita,PRON,PRON,obj,obj,explicit_full,
1637,753,many-to-one,dn_801 dn_802,wk_825,Ippolita,Ippolita,PRON,PRON,nsubj,obj,explicit_ref_pos,
1638,753,many-to-one,dn_801 dn_802,wk_825,Ippolita,Ippolita,PROPN,PRON,vocative,nmod,explicit_ref_only,
1639,753,many-to-one,dn_801 dn_802,wk_825,Ippolita,MISSING,PRON-REFLEX,MISSING,obj,MISSING,leftover_source,
1640,753,many-to-one,dn_801 dn_802,wk_825,Ippolita,MISSING,NULL,MISSING,nsubj,MISSING,leftover_source,
1641,754,one-to-one,dn_803,wk_826,Giorgio,MISSING,PRON,MISSING,obj,MISSING,leftover_source,
1642,754,one-to-one,dn_803,wk_826,MISSING,Giorgio,MISSING,NULL,MISSING,nsubj,leftover_target,
1643,754,one-to-one,dn_803,wk_826,MISSING,Ippolita,MISSING,PRON,MISSING,obj,leftover_target,
1644,755,one-to-one,dn_804,wk_827,Giorgio,Giorgio,NULL,PRON,nsubj,nsubj,zero_to_tgt_anchor,
1645,756,one-to-one,dn_805,wk_828,Ippolita,Ippolita,NOUN,NOUN,nsubj,nsubj,explicit_full,
1646,756,one-to-one,dn_805,wk_828,Ippolita,MISSING,NULL,MISSING,nsubj,MISSING,leftover_source,
1647,757,one-to-many,dn_806,wk_829 wk_830,Ippolita,MISSING,NULL,MISSING,nsubj,MISSING,leftover_source,
1648,758,one-to-many,dn_807,wk_831 wk_832,MISSING,Giorgio,MISSING,NULL,MISSING,nsubj,leftover_target,
1649,758,one-to-many,dn_807,wk_831 wk_832,Ippolita,Ippolita,PRON,PRON,obj,nmod,explicit_ref_pos,
1650,758,one-to-many,dn_807,wk_831 wk_832,MISSING,Ippolitas-chaperon,MISSING,NOUN,MISSING,obj,leftover_target,
1651,759,one-to-many,dn_808,wk_833 wk_834,Giorgio,Giorgio,NULL,NULL,nsubj,nsubj,zero_zero_semantic,0.2501556932926178
1652,759,one-to-many,dn_808,wk_833 wk_834,Giorgio,MISSING,NULL,MISSING,nsubj,MISSING,leftover_source,
1653,759,one-to-many,dn_808,wk_833 wk_834,Giorgio,MISSING,NULL,MISSING,nsubj,MISSING,leftover_source,
1654,759,one-to-many,dn_808,wk_833 wk_834,MISSING,Giorgio,MISSING,PRON,MISSING,nmod,leftover_target,
1655,759,one-to-many,dn_808,wk_833 wk_834,Ippolita,Ippolita,PRON,PRON,obj,obj,explicit_full,
1656,759,one-to-many,dn_808,wk_833 wk_834,Ippolita,Ippolita,PRON,PRON,obj,nsubj,explicit_ref_pos,
1657,759,one-to-many,dn_808,wk_833 wk_834,Ippolita,MISSING,PRON,MISSING,obj,MISSING,leftover_source,
1658,759,one-to-many,dn_808,wk_833 wk_834,Ippolitas-chaperon,MISSING,NOUN,MISSING,obj,MISSING,leftover_source,
1659,760,many-to-one,dn_809 dn_810,wk_835,Giorgio,Giorgio,NULL,NULL,nsubj,nsubj,zero_zero_single,
1660,760,many-to-one,dn_809 dn_810,wk_835,Ippolita,Ippolita,PRON,PRON,nsubj,nsubj,explicit_full,
1661,760,many-to-one,dn_809 dn_810,wk_835,Ippolita,MISSING,PRON-REFLEX,MISSING,obj,MISSING,leftover_source,
1662,760,many-to-one,dn_809 dn_810,wk_835,MISSING,Ippolita,MISSING,PRON,MISSING,nmod,leftover_target,
1663,761,many-to-one,dn_811 dn_812,wk_836,Giorgio,MISSING,NULL,MISSING,nsubj,MISSING,leftover_source,
1664,761,many-to-one,dn_811 dn_812,wk_836,MISSING,Giorgio,MISSING,PRON,MISSING,nmod,leftover_target,
1665,761,many-to-one,dn_811 dn_812,wk_836,Ippolita,Ippolita,PRON,PRON,obj,nmod,explicit_ref_pos,
1666,761,many-to-one,dn_811 dn_812,wk_836,Ippolita,MISSING,NULL,MISSING,nsubj,MISSING,leftover_source,
1667,762,one-to-many,dn_813,wk_837 wk_838,Ippolita,Ippolita,PROPN,PROPN,nsubj,nsubj,explicit_full,
1668,763,one-to-one,dn_814,wk_839,Ippolita,Ippolita,NULL,NULL,nsubj,nsubj,zero_zero_single,
1669,764,one-to-one,dn_815,wk_840,Ippolita,Ippolita,PRON,PRON,nsubj,nsubj,explicit_full,
1670,765,one-to-one,dn_816,wk_841,Ippolita,Ippolita,NULL,NULL,nsubj,nsubj,zero_zero_semantic,0.1663530776455272
1671,765,one-to-one,dn_816,wk_841,Ippolita,MISSING,PRON-REFLEX,MISSING,obj,MISSING,leftover_source,
1672,765,one-to-one,dn_816,wk_841,MISSING,Ippolita,MISSING,PRON,MISSING,nsubj,leftover_target,
1673,765,one-to-one,dn_816,wk_841,MISSING,Ippolita,MISSING,NULL,MISSING,nsubj,leftover_target,
1674,766,one-to-one,dn_817,wk_842,Ippolita,Ippolita,NULL,NULL,nsubj,nsubj,zero_zero_single,
1675,766,one-to-one,dn_817,wk_842,MISSING,Ippolita,MISSING,PRON,MISSING,nsubj,leftover_target,
1676,769,one-to-many,dn_820,wk_845 wk_846,Giorgio Ippolita,Giorgio Ippolita,PRON,NOUN,nsubj,nsubj,explicit_ref_case,
1677,770,one-to-one,dn_821,wk_847,Ippolita,Ippolita,PROPN,PROPN,nsubj,nsubj,explicit_full,
1678,771,one-to-one,dn_822,wk_848,Giorgio Ippolita,Giorgio Ippolita,DET,PRON,nmod,nmod,explicit_ref_case,
1679,771,one-to-one,dn_822,wk_848,Giorgio Ippolita,MISSING,PRON,MISSING,obj,MISSING,leftover_source,
1680,771,one-to-one,dn_822,wk_848,MISSING,Ippolita,MISSING,NULL,MISSING,nsubj,leftover_target,
1681,772,one-to-many,dn_823,wk_849 wk_850 wk_851,Giorgio Ippolita,Giorgio Ippolita,PRON,NOUN,nsubj,nsubj,explicit_ref_case,
1682,772,one-to-many,dn_823,wk_849 wk_850 wk_851,MISSING,Giorgio Ippolita,MISSING,NULL,MISSING,nsubj,leftover_target,
1683,773,one-to-one,dn_824,wk_852,Giorgio Ippolita,Giorgio Ippolita,NOUN,NOUN,nmod,nmod,explicit_full,
1684,773,one-to-one,dn_824,wk_852,Giorgio Ippolita,MISSING,PRON,MISSING,nsubj,MISSING,leftover_source,
1685,774,one-to-one,dn_825,wk_853,Giorgio Ippolita,Giorgio Ippolita,PRON,PRON,nsubj,nmod,explicit_ref_pos,
1686,774,one-to-one,dn_825,wk_853,MISSING,Giorgio Ippolita,MISSING,NULL,MISSING,nsubj,leftover_target,
1687,774,one-to-one,dn_825,wk_853,MISSING,Giorgio Ippolita,MISSING,PRON,MISSING,nmod,leftover_target,
1688,775,one-to-one,dn_826,wk_854,MISSING,Giorgio Ippolita,MISSING,NOUN,MISSING,nmod,leftover_target,
1689,775,one-to-one,dn_826,wk_854,MISSING,Giorgio Ippolita,MISSING,NULL,MISSING,nsubj,leftover_target,
1690,776,one-to-many,dn_827,wk_855 wk_856,Giorgio Ippolita,Giorgio Ippolita,DET,NOUN,nmod,nmod,explicit_ref_case,
1691,776,one-to-many,dn_827,wk_855 wk_856,MISSING,Giorgio Ippolita,MISSING,NOUN,MISSING,nmod,leftover_target,
1692,777,one-to-one,dn_828,wk_857,Giorgio,Giorgio,NULL,NULL,nsubj,nsubj,zero_zero_single,
1693,778,one-to-one,dn_829,wk_858,Ippolita,Ippolita,PROPN,PROPN,nsubj,nsubj,explicit_full,
1694,778,one-to-one,dn_829,wk_858,MISSING,Ippolita,MISSING,NULL,MISSING,nsubj,leftover_target,
1695,779,one-to-one,dn_830,wk_859,Ippolita,Ippolita,PRON,PRON,nsubj,nsubj,explicit_full,
1696,780,one-to-one,dn_831,wk_860,Giorgio,Giorgio,PROPN,PROPN,nsubj,nsubj,explicit_full,
1697,780,one-to-one,dn_831,wk_860,MISSING,Giorgio,MISSING,NULL,MISSING,nsubj,leftover_target,
1698,780,one-to-one,dn_831,wk_860,Ippolita,Ippolita,PRON,PRON,obj,obj,explicit_full,
1699,781,one-to-one,dn_832,wk_861,Giorgio Ippolita,Giorgio Ippolita,PRON,PRON,nsubj,nsubj,explicit_full,
1700,781,one-to-one,dn_832,wk_861,MISSING,Giorgio Ippolita,MISSING,NULL,MISSING,nsubj,leftover_target,
1701,782,one-to-one,dn_833,wk_862,Giorgio Ippolita,Giorgio Ippolita,NULL,NULL,nsubj,nsubj,zero_zero_semantic,0.45366578765974697
1702,782,one-to-one,dn_833,wk_862,Giorgio Ippolita,Giorgio Ippolita,NULL,NOUN,nsubj,nsubj,zero_to_tgt_anchor,
1703,786,one-to-one,dn_837,wk_866,Ippolita,Ippolita,PROPN,PROPN,vocative,nsubj,explicit_ref_pos,
1704,787,one-to-one,dn_838,wk_867,Giorgio,Giorgio,PROPN,PROPN,nsubj,nsubj,explicit_full,
1705,787,one-to-one,dn_838,wk_867,MISSING,Giorgio,MISSING,NULL,MISSING,nsubj,leftover_target,
1706,787,one-to-one,dn_838,wk_867,MISSING,Ippolita,MISSING,DET,MISSING,nmod,leftover_target,
1707,788,one-to-one,dn_839,wk_868,Giorgio,Giorgio,NULL,NULL,nsubj,nsubj,zero_zero_semantic,0.216699679906223
1708,788,one-to-one,dn_839,wk_868,Giorgio,MISSING,NULL,MISSING,nsubj,MISSING,leftover_source,
1709,788,one-to-one,dn_839,wk_868,Ippolita,MISSING,PRON-REFLEX,MISSING,obj,MISSING,leftover_source,
1710,788,one-to-one,dn_839,wk_868,Ippolita,MISSING,NULL,MISSING,nsubj,MISSING,leftover_source,
1711,788,one-to-one,dn_839,wk_868,MISSING,Ippolita,MISSING,PRON,MISSING,nmod,leftover_target,
1712,789,one-to-one,dn_840,wk_869,Giorgio,Giorgio,NULL,PRON,nsubj,nsubj,zero_to_tgt_anchor,
1713,789,one-to-one,dn_840,wk_869,Giorgio,MISSING,NULL,MISSING,nsubj,MISSING,leftover_source,
1714,789,one-to-one,dn_840,wk_869,Ippolita,Ippolita,DET,PRON,nmod,nmod,explicit_ref_case,
1715,790,one-to-one,dn_841,wk_870,Giorgio,Giorgio,DET,PRON,nmod,nmod,explicit_ref_case,
1716,790,one-to-one,dn_841,wk_870,Giorgios-younger-sister-Ippolita,Giorgios-younger-sister-Ippolita,NOUN,NOUN,nsubj,nsubj,explicit_full,
1717,790,one-to-one,dn_841,wk_870,Giorgios-younger-sister-Ippolita,MISSING,PRON-REFLEX,MISSING,obj,MISSING,leftover_source,
1718,791,one-to-one,dn_842,wk_871,Giorgio,Giorgio,PRON,PRON,obj,obj,explicit_full,
1719,792,one-to-one,dn_843,wk_872,Giorgio,Giorgio,NULL,PRON,nsubj,nsubj,zero_to_tgt_anchor,
1720,793,one-to-many,dn_844,wk_873 wk_874,Giorgio,Giorgio,DET,PRON,nmod,nmod,explicit_ref_case,
1721,794,one-to-one,dn_845,wk_875,Giorgio,Giorgio,DET,PRON,nmod,nmod,explicit_ref_case,
1722,794,one-to-one,dn_845,wk_875,Giorgios-younger-sister-Ippolita,Giorgios-younger-sister-Ippolita,NOUN,NOUN,nmod,nmod,explicit_full,
1723,795,one-to-many,dn_846,wk_876 wk_877,Giorgio,Giorgio,PRON,PRON,nsubj,nsubj,explicit_full,
1724,795,one-to-many,dn_846,wk_876 wk_877,Giorgio,Giorgio,PRON,PRON,obj,obj,explicit_full,
1725,795,one-to-many,dn_846,wk_876 wk_877,Giorgio,Giorgio,PRON,PRON,obj,obj,explicit_full,
1726,795,one-to-many,dn_846,wk_876 wk_877,Giorgio,Giorgio,NULL,NULL,nsubj,nsubj,zero_zero_semantic,0.7005333812738691
1727,795,one-to-many,dn_846,wk_876 wk_877,Giorgio,Giorgio,NULL,NULL,nsubj,nsubj,zero_zero_semantic,0.3456025495621406
1728,795,one-to-many,dn_846,wk_876 wk_877,Giorgio,MISSING,NULL,MISSING,nsubj,MISSING,leftover_source,
1729,795,one-to-many,dn_846,wk_876 wk_877,Giorgio,MISSING,PRON,MISSING,obj,MISSING,leftover_source,
1730,795,one-to-many,dn_846,wk_876 wk_877,Ippolita,Ippolita,PRON,PRON,obj,obj,explicit_full,
1731,795,one-to-many,dn_846,wk_876 wk_877,Ippolita,Ippolita,PRON,PRON,nsubj,nsubj,explicit_full,
1732,795,one-to-many,dn_846,wk_876 wk_877,Ippolita,Ippolita,NULL,NULL,nsubj,nsubj,zero_zero_semantic,0.29874981877371853
1733,795,one-to-many,dn_846,wk_876 wk_877,Ippolita,MISSING,PRON,MISSING,obj,MISSING,leftover_source,
1734,795,one-to-many,dn_846,wk_876 wk_877,Ippolita,MISSING,NULL,MISSING,nsubj,MISSING,leftover_source,
1735,797,one-to-one,dn_848,wk_879,Giorgio,Giorgio,DET,PRON,nmod,nsubj,explicit_ref_only,
1736,797,one-to-one,dn_848,wk_879,Giorgio,Giorgio,NULL,PRON,nsubj,nsubj,zero_to_tgt_anchor,
1737,797,one-to-one,dn_848,wk_879,Giorgio,MISSING,NULL,MISSING,nsubj,MISSING,leftover_source,
1738,798,one-to-many,dn_849,wk_880 wk_881,Giorgio,Giorgio,NULL,NULL,nsubj,nsubj,zero_zero_semantic,0.24997605640747966
1739,798,one-to-many,dn_849,wk_880 wk_881,Giorgio,MISSING,NULL,MISSING,nsubj,MISSING,leftover_source,
1740,798,one-to-many,dn_849,wk_880 wk_881,GiovanniSgambati,GiovanniSgambati,PROPN,PROPN,nmod,nmod,explicit_full,
1741,798,one-to-many,dn_849,wk_880 wk_881,Ippolita,Ippolita,PRON,PRON,nsubj,nsubj,explicit_full,
1742,798,one-to-many,dn_849,wk_880 wk_881,Ippolita,Ippolita,PRON,PRON,obj,nmod,explicit_ref_pos,
1743,798,one-to-many,dn_849,wk_880 wk_881,Ippolita,MISSING,PRON,MISSING,obj,MISSING,leftover_source,
1744,799,one-to-one,dn_850,wk_882,Giorgio,Giorgio,PRON,PRON,obj,nmod,explicit_ref_pos,
1745,799,one-to-one,dn_850,wk_882,Ippolita,Ippolita,NULL,PRON,nsubj,nsubj,zero_to_tgt_anchor,
1746,800,many-to-one,dn_851 dn_852,wk_883,Giorgio,Giorgio,PRON,PRON,obj,nmod,explicit_ref_pos,
1747,800,many-to-one,dn_851 dn_852,wk_883,Giorgio Ippolita,MISSING,PRON-REFLEX,MISSING,obj,MISSING,leftover_source,
1748,800,many-to-one,dn_851 dn_852,wk_883,Giorgio Ippolita,MISSING,NULL,MISSING,nsubj,MISSING,leftover_source,
1749,800,many-to-one,dn_851 dn_852,wk_883,Ippolita,Ippolita,NULL,PRON,nsubj,nsubj,zero_to_tgt_anchor,
1750,800,many-to-one,dn_851 dn_852,wk_883,Ippolita,Ippolita,NULL,PRON,nsubj,nsubj,zero_to_tgt_anchor,
1751,800,many-to-one,dn_851 dn_852,wk_883,Ippolita,MISSING,PRON-REFLEX,MISSING,obj,MISSING,leftover_source,
1752,801,one-to-one,dn_853,wk_884,Ippolita,Ippolita,NULL,NULL,nsubj,nsubj,zero_zero_single,
1753,801,one-to-one,dn_853,wk_884,Ippolita,MISSING,PRON,MISSING,obj,MISSING,leftover_source,
1754,802,one-to-one,dn_854,wk_885,Cecilia,Cecilia,NOUN,NOUN,obj,obj,explicit_full,
1755,802,one-to-one,dn_854,wk_885,Ippolita,Ippolita,PRON,PRON,obj,nsubj,explicit_ref_pos,
1756,802,one-to-one,dn_854,wk_885,Ippolita,MISSING,NULL,MISSING,nsubj,MISSING,leftover_source,
1757,803,many-to-one,dn_855 dn_856,wk_886,Cecilia,Cecilia,PROPN,PROPN,pred,pred,explicit_full,
1758,803,many-to-one,dn_855 dn_856,wk_886,Cecilia,Cecilia,NOUN,NOUN,pred,pred,explicit_full,
1759,803,many-to-one,dn_855 dn_856,wk_886,Ippolita,Ippolita,DET,PRON,nmod,nmod,explicit_ref_case,
1760,804,one-to-one,dn_857,wk_887,Giorgio,Giorgio,PRON,PRON,nsubj,nsubj,explicit_full,
1761,804,one-to-one,dn_857,wk_887,Giorgio,MISSING,PRON-REFLEX,MISSING,obj,MISSING,leftover_source,
1762,804,one-to-one,dn_857,wk_887,Ippolita,Ippolita,PRON,PRON,obj,obj,explicit_full,
1763,805,one-to-one,dn_858,wk_888,Giorgio,MISSING,NULL,MISSING,nsubj,MISSING,leftover_source,
1764,805,one-to-one,dn_858,wk_888,Giorgio Ippolita,Giorgio Ippolita,NOUN,NOUN,nsubj,nmod,explicit_ref_pos,
1765,806,one-to-one,dn_859,wk_889,Ippolita,MISSING,NULL,MISSING,nsubj,MISSING,leftover_source,
1766,806,one-to-one,dn_859,wk_889,MISSING,Ippolita,MISSING,PRON,MISSING,nmod,leftover_target,
1767,807,one-to-one,dn_860,wk_890,Giorgio,MISSING,PRON,MISSING,obj,MISSING,leftover_source,
1768,808,one-to-one,dn_861,wk_891,Giorgio,MISSING,NULL,MISSING,nsubj,MISSING,leftover_source,
1769,808,one-to-one,dn_861,wk_891,MISSING,Giorgio,MISSING,PRON,MISSING,nmod,leftover_target,
1770,809,one-to-one,dn_862,wk_892,Ippolita,Ippolita,NULL,NULL,nsubj,nsubj,zero_zero_single,
1771,809,one-to-one,dn_862,wk_892,Ippolita,MISSING,PRON-REFLEX,MISSING,obj,MISSING,leftover_source,
1772,811,one-to-one,dn_864,wk_894,Giorgio,Giorgio,DET,PRON,nmod,nmod,explicit_ref_case,
1773,812,one-to-one,dn_865,wk_895,Giorgio,Giorgio,NULL,NULL,nsubj,nsubj,zero_zero_semantic,0.28851404564177735
1774,812,one-to-one,dn_865,wk_895,MISSING,Giorgio,MISSING,PRON,MISSING,nsubj,leftover_target,
1775,812,one-to-one,dn_865,wk_895,MISSING,Giorgio,MISSING,NULL,MISSING,nsubj,leftover_target,
1776,813,one-to-one,dn_866,wk_896,Giorgio,Giorgio,DET,PRON,obj,nsubj,explicit_ref_only,
1777,813,one-to-one,dn_866,wk_896,Giorgio,Giorgio,NULL,NULL,nsubj,nsubj,zero_zero_semantic,0.39350893292502453
1778,813,one-to-one,dn_866,wk_896,Giorgio,MISSING,NULL,MISSING,nsubj,MISSING,leftover_source,
1779,813,one-to-one,dn_866,wk_896,Ippolita,Ippolita,PRON,PRON,obj,nsubj,explicit_ref_pos,
1780,814,one-to-one,dn_867,wk_897,Giorgio,Giorgio,PRON,PRON,nsubj,nsubj,explicit_full,
1781,814,one-to-one,dn_867,wk_897,MISSING,Giorgio,MISSING,NULL,MISSING,nsubj,leftover_target,
1782,815,one-to-one,dn_868,wk_898,Giorgio,Giorgio,DET,PRON,nmod,obj,explicit_ref_only,
1783,816,one-to-one,dn_869,wk_899,Giorgio,Giorgio,PRON,PRON,obj,nsubj,explicit_ref_pos,
1784,816,one-to-one,dn_869,wk_899,Giorgio,MISSING,DET,MISSING,nmod,MISSING,leftover_source,
1785,816,one-to-one,dn_869,wk_899,MISSING,Giorgio,MISSING,NULL,MISSING,nsubj,leftover_target,
1786,816,one-to-one,dn_869,wk_899,MISSING,Giorgio,MISSING,NULL,MISSING,nsubj,leftover_target,
1787,817,one-to-one,dn_870,wk_900,Giorgio,Giorgio,PRON,PRON,obj,obj,explicit_full,
1788,817,one-to-one,dn_870,wk_900,Giorgio,Giorgio,NULL,NULL,nsubj,nsubj,zero_zero_single,
1789,817,one-to-one,dn_870,wk_900,Giorgio,MISSING,PRON-REFLEX,MISSING,obj,MISSING,leftover_source,
1790,818,one-to-one,dn_871,wk_901,Beethoven,MISSING,PROPN,MISSING,nmod,MISSING,leftover_source,
1791,818,one-to-one,dn_871,wk_901,Giorgio,Giorgio,DET,PRON,nmod,nsubj,explicit_ref_only,
1792,818,one-to-one,dn_871,wk_901,Giorgio,Giorgio,NULL,NULL,nsubj,nsubj,zero_zero_semantic,0.377800538328835
1793,818,one-to-one,dn_871,wk_901,Giorgio,Giorgio,NULL,NULL,nsubj,nsubj,zero_zero_semantic,0.11700362385826815
1794,818,one-to-one,dn_871,wk_901,Giorgio,MISSING,PRON-REFLEX,MISSING,obj,MISSING,leftover_source,
1795,818,one-to-one,dn_871,wk_901,Giorgio,MISSING,PRON-REFLEX,MISSING,obj,MISSING,leftover_source,
1796,818,one-to-one,dn_871,wk_901,MISSING,Giorgio,MISSING,NULL,MISSING,nsubj,leftover_target,
1797,818,one-to-one,dn_871,wk_901,Ippolita,MISSING,NOUN,MISSING,nsubj,MISSING,leftover_source,
1798,819,one-to-many,dn_872,wk_902 wk_903,Giorgio,Giorgio,PRON,PRON,obj,nsubj,explicit_ref_pos,
1799,819,one-to-many,dn_872,wk_902 wk_903,Giorgio,MISSING,PRON,MISSING,obj,MISSING,leftover_source,
1800,819,one-to-many,dn_872,wk_902 wk_903,MISSING,Giorgio,MISSING,NULL,MISSING,nsubj,leftover_target,
1801,819,one-to-many,dn_872,wk_902 wk_903,Ippolita,Ippolita,PROPN,PROPN,nsubj,nsubj,explicit_full,
1802,819,one-to-many,dn_872,wk_902 wk_903,Ippolita,Ippolita,PRON,NULL,nsubj,nsubj,zero_to_src_anchor,
1803,819,one-to-many,dn_872,wk_902 wk_903,MISSING,Ippolita,MISSING,NULL,MISSING,nsubj,leftover_target,
1804,820,one-to-one,dn_873,wk_904,Giorgio,Giorgio,PRON,PROPN,obj,nsubj,explicit_ref_only,
1805,820,one-to-one,dn_873,wk_904,MISSING,Giorgio,MISSING,NULL,MISSING,nsubj,leftover_target,
1806,821,one-to-one,dn_874,wk_905,Giorgio,Giorgio,PRON,PRON,obj,obj,explicit_full,
1807,822,one-to-one,dn_875,wk_906,Giorgio,Giorgio,DET,PRON,nmod,nsubj,explicit_ref_only,
1808,823,one-to-one,dn_876,wk_907,Giorgio,Giorgio,PROPN,PROPN,nsubj,nsubj,explicit_full,
1809,823,one-to-one,dn_876,wk_907,Giorgio,MISSING,NULL,MISSING,nsubj,MISSING,leftover_source,
1810,824,one-to-one,dn_877,wk_908,Giorgio,Giorgio,PRON,PRON,obj,nsubj,explicit_ref_pos,
1811,825,one-to-one,dn_878,wk_909,Ippolita,Ippolita,NULL,NULL,nsubj,nsubj,zero_zero_single,
1812,825,one-to-one,dn_878,wk_909,Ippolita,MISSING,PRON-REFLEX,MISSING,obj,MISSING,leftover_source,
1813,829,one-to-one,dn_883,wk_913,Ippolita,Ippolita,NULL,NULL,nsubj,nsubj,zero_zero_single,
1814,829,one-to-one,dn_883,wk_913,Ippolita,MISSING,PRON-REFLEX,MISSING,obj,MISSING,leftover_source,
1815,832,one-to-one,dn_886,wk_916,audience,audience,NOUN,NOUN,nsubj,nsubj,explicit_full,
1816,832,one-to-one,dn_886,wk_916,MISSING,audience,MISSING,NULL,MISSING,nsubj,leftover_target,
1817,833,one-to-one,dn_887,wk_917,AlessandroMemmi,AlessandroMemmi,PROPN,PROPN,nsubj,nsubj,explicit_full,
1818,833,one-to-one,dn_887,wk_917,AlessandroMemmi,MISSING,NULL,MISSING,nsubj,MISSING,leftover_source,
1819,833,one-to-one,dn_887,wk_917,AlessandroMemmi,MISSING,DET,MISSING,nmod,MISSING,leftover_source,
1820,833,one-to-one,dn_887,wk_917,audience,audience,NOUN,NOUN,obj,obj,explicit_full,
1821,834,one-to-one,dn_888,wk_918,Ippolita,Ippolita,PRON,PRON,nsubj,nsubj,explicit_full,
1822,834,one-to-one,dn_888,wk_918,Ippolita,Ippolita,NOUN,PRON,vocative,nsubj,explicit_ref_only,
1823,834,one-to-one,dn_888,wk_918,MISSING,Ippolita,MISSING,NULL,MISSING,nsubj,leftover_target,
1824,834,one-to-one,dn_888,wk_918,audience,audience,NOUN,NOUN,obj,nmod,explicit_ref_pos,
1825,835,one-to-one,dn_889,wk_919,Ippolita,MISSING,NULL,MISSING,nsubj,MISSING,leftover_source,
1826,835,one-to-one,dn_889,wk_919,MrMartlet,MrMartlet,PROPN,PROPN,nsubj,nsubj,explicit_full,
1827,835,one-to-one,dn_889,wk_919,MrMartlet,MrMartlet,PROPN,PRON,nsubj,nsubj,explicit_ref_case,
1828,835,one-to-one,dn_889,wk_919,MrMartlet,MISSING,NULL,MISSING,nsubj,MISSING,leftover_source,
1829,835,one-to-one,dn_889,wk_919,MrsMartlet,MrsMartlet,NOUN,PROPN,nsubj,nsubj,explicit_ref_case,
1830,836,one-to-one,dn_890,wk_920,Boll,Boll,NOUN,NOUN,nsubj,nsubj,explicit_full,
1831,836,one-to-one,dn_890,wk_920,Boll,MISSING,PROPN,MISSING,nmod,MISSING,leftover_source,
1832,836,one-to-one,dn_890,wk_920,Ippolita,Ippolita,NOUN,PRON,obj,nmod,explicit_ref_only,
1833,836,one-to-one,dn_890,wk_920,MargheritaTraubeBoll,MargheritaTraubeBoll,PROPN,PROPN,pred,pred,explicit_full,
1834,836,one-to-one,dn_890,wk_920,MargheritaTraubeBoll,MargheritaTraubeBoll,NOUN,NOUN,pred,pred,explicit_full,
1835,836,one-to-one,dn_890,wk_920,MargheritaTraubeBoll,MargheritaTraubeBoll,NOUN,NULL,nsubj,nsubj,zero_to_src_anchor,
1836,836,one-to-one,dn_890,wk_920,MargheritaTraubeBoll,MISSING,NOUN,MISSING,pred,MISSING,leftover_source,
1837,836,one-to-one,dn_890,wk_920,MISSING,MargheritaTraubeBoll,MISSING,NULL,MISSING,nsubj,leftover_target,
1838,837,one-to-one,dn_891,wk_921,Fleichl,Fleichl,NOUN,NOUN,nsubj,nsubj,explicit_full,
1839,837,one-to-one,dn_891,wk_921,Fleichl,Fleichl,NOUN,NOUN,pred,pred,explicit_full,
1840,837,one-to-one,dn_891,wk_921,Fleichl,Fleichl,NOUN,NOUN,pred,pred,explicit_full,
1841,837,one-to-one,dn_891,wk_921,Fleichl,Fleichl,NOUN,NOUN,pred,pred,explicit_full,
1842,837,one-to-one,dn_891,wk_921,Fleichl,Fleichl,NOUN,PROPN,pred,pred,explicit_ref_case,
1843,837,one-to-one,dn_891,wk_921,Fleichl,Fleichl,PROPN,NULL,nsubj,nsubj,zero_to_src_anchor,
1844,837,one-to-one,dn_891,wk_921,MISSING,Fleichl,MISSING,NULL,MISSING,nsubj,leftover_target,
1845,837,one-to-one,dn_891,wk_921,SebastianBach,SebastianBach,PROPN,PROPN,nmod,nmod,explicit_full,
1846,838,one-to-one,dn_892,wk_922,Castracane,Castracane,NOUN,NOUN,nsubj,nsubj,explicit_full,
1847,838,one-to-one,dn_892,wk_922,Castracane,Castracane,PROPN,PROPN,pred,pred,explicit_full,
1848,838,one-to-one,dn_892,wk_922,Castracane,Castracane,NOUN,NOUN,pred,pred,explicit_full,
1849,839,one-to-one,dn_893,wk_923,Cuboni,Cuboni,NOUN,NOUN,nsubj,nsubj,explicit_full,
1850,839,one-to-one,dn_893,wk_923,Cuboni,Cuboni,PROPN,PROPN,nsubj,nsubj,explicit_full,
1851,839,one-to-one,dn_893,wk_923,Cuboni,Cuboni,NOUN,NOUN,nsubj,pred,explicit_ref_pos,
1852,839,one-to-one,dn_893,wk_923,Cuboni,Cuboni,NOUN,NOUN,nsubj,pred,explicit_ref_pos,
1853,839,one-to-one,dn_893,wk_923,MISSING,Cuboni,MISSING,NOUN,MISSING,pred,leftover_target,
1854,840,one-to-one,dn_894,wk_924,JacopoMoleschott,JacopoMoleschott,PROPN,PROPN,nsubj,nsubj,explicit_full,
1855,840,one-to-one,dn_894,wk_924,JacopoMoleschott,JacopoMoleschott,NOUN,NOUN,nsubj,nsubj,explicit_full,
1856,840,one-to-one,dn_894,wk_924,JacopoMoleschott,JacopoMoleschott,NOUN,NOUN,nsubj,pred,explicit_ref_pos,
1857,841,one-to-many,dn_895,wk_925 wk_926,Blaserna,Blaserna,PROPN,PROPN,nsubj,nsubj,explicit_full,
1858,841,one-to-many,dn_895,wk_925 wk_926,Blaserna,Blaserna,NOUN,NULL,nsubj,nsubj,zero_to_src_anchor,
1859,841,one-to-many,dn_895,wk_925 wk_926,Davis,Davis,PROPN,PROPN,nsubj,nsubj,explicit_full,
1860,841,one-to-many,dn_895,wk_925 wk_926,Davis,Davis,NOUN,NOUN,nsubj,pred,explicit_ref_pos,
1861,841,one-to-many,dn_895,wk_925 wk_926,Davis,MISSING,NOUN,MISSING,nsubj,MISSING,leftover_source,
1862,841,one-to-many,dn_895,wk_925 wk_926,Helmholtz,MISSING,PROPN,MISSING,nmod,MISSING,leftover_source,
1863,842,many-to-one,dn_896 dn_897,wk_927,audience,audience,NOUN,NOUN,nsubj,nsubj,explicit_full,
1864,842,many-to-one,dn_896 dn_897,wk_927,audience,audience,NOUN,NOUN,pred,pred,explicit_full,
1865,842,many-to-one,dn_896 dn_897,wk_927,audience,audience,NOUN,NOUN,pred,pred,explicit_full,
1866,842,many-to-one,dn_896 dn_897,wk_927,audience,audience,NOUN,NOUN,pred,pred,explicit_full,
1867,842,many-to-one,dn_896 dn_897,wk_927,MISSING,audience,MISSING,NOUN,MISSING,pred,leftover_target,
1868,843,one-to-one,dn_898,wk_928,Giorgio,Giorgio,PRON,PRON,nsubj,nsubj,explicit_full,
1869,843,one-to-one,dn_898,wk_928,Giorgio,MISSING,PRON-REFLEX,MISSING,obj,MISSING,leftover_source,
1870,843,one-to-one,dn_898,wk_928,Giorgio,MISSING,PRON,MISSING,nmod,MISSING,leftover_source,
1871,843,one-to-one,dn_898,wk_928,MISSING,Giorgio,MISSING,NULL,MISSING,nsubj,leftover_target,
1872,843,one-to-one,dn_898,wk_928,MISSING,Giorgio,MISSING,NULL,MISSING,nsubj,leftover_target,
1873,844,one-to-many,dn_899,wk_929 wk_930,AlessandroMemmi,AlessandroMemmi,PROPN,NOUN,nsubj,nmod,explicit_ref_only,
1874,844,one-to-many,dn_899,wk_929 wk_930,audience,audience,NOUN,NOUN,nsubj,nsubj,explicit_full,
1875,844,one-to-many,dn_899,wk_929 wk_930,audience,audience,PRON,NOUN,nsubj,nsubj,explicit_ref_case,
1876,844,one-to-many,dn_899,wk_929 wk_930,audience,audience,PRON,NOUN,nsubj,nsubj,explicit_ref_case,
1877,844,one-to-many,dn_899,wk_929 wk_930,audience,audience,PRON,NOUN,nsubj,nsubj,explicit_ref_case,
1878,844,one-to-many,dn_899,wk_929 wk_930,audience,MISSING,DET,MISSING,nmod,MISSING,leftover_source,
1879,844,one-to-many,dn_899,wk_929 wk_930,MISSING,audience,MISSING,NULL,MISSING,nsubj,leftover_target,
1880,844,one-to-many,dn_899,wk_929 wk_930,chorus,MISSING,NOUN,MISSING,nmod,MISSING,leftover_source,
1881,845,many-to-one,dn_900 dn_901,wk_931,chorus,chorus,NOUN,NOUN,nsubj,nsubj,explicit_full,
1882,845,many-to-one,dn_900 dn_901,wk_931,MISSING,chorus,MISSING,NULL,MISSING,nsubj,leftover_target,
1883,845,many-to-one,dn_900 dn_901,wk_931,maidens,maidens,NOUN,NOUN,nsubj,nsubj,explicit_full,
1884,845,many-to-one,dn_900 dn_901,wk_931,maidens,MISSING,PRON-REFLEX,MISSING,obj,MISSING,leftover_source,
1885,845,many-to-one,dn_900 dn_901,wk_931,MISSING,maidens,MISSING,NULL,MISSING,nsubj,leftover_target,
1886,846,one-to-one,dn_902,wk_932,maidens,MISSING,DET,MISSING,nmod,MISSING,leftover_source,
1887,846,one-to-one,dn_902,wk_932,violinists,violinists,NOUN,NOUN,nmod,nmod,explicit_full,
1888,848,one-to-one,dn_904,wk_934,AlessandroMemmi,AlessandroMemmi,PROPN,PROPN,nsubj,nsubj,explicit_full,
1889,848,one-to-one,dn_904,wk_934,AlessandroMemmi,MISSING,DET,MISSING,nmod,MISSING,leftover_source,
1890,848,one-to-one,dn_904,wk_934,MISSING,AlessandroMemmi,MISSING,NULL,MISSING,nsubj,leftover_target,
1891,848,one-to-one,dn_904,wk_934,MISSING,AlessandroMemmi,MISSING,NULL,MISSING,nsubj,leftover_target,
1892,851,one-to-one,dn_908,wk_937,audience,audience,NOUN,NOUN,nmod,nmod,explicit_full,
1893,855,one-to-many,dn_912,wk_941 wk_942,Giorgio Ippolita,Giorgio Ippolita,NOUN,NOUN,obj,obj,explicit_full,
1894,855,one-to-many,dn_912,wk_941 wk_942,audience,audience,NOUN,NOUN,obj,nmod,explicit_ref_pos,
1895,855,one-to-many,dn_912,wk_941 wk_942,MISSING,audience,MISSING,NOUN,MISSING,nmod,leftover_target,
1896,856,one-to-one,dn_913,wk_943,Giorgio,Giorgio,PRON,PRON,nsubj,nsubj,explicit_full,
1897,856,one-to-one,dn_913,wk_943,Giorgio,Giorgio,NULL,NULL,nsubj,nsubj,zero_zero_single,
1898,857,one-to-one,dn_914,wk_944,MISSING,Ippolita,MISSING,NULL,MISSING,nsubj,leftover_target,
1899,858,one-to-one,dn_915,wk_945,Giorgio,Giorgio,NULL,NULL,nsubj,nsubj,zero_zero_single,
1900,858,one-to-one,dn_915,wk_945,MISSING,Giorgio,MISSING,PRON,MISSING,nsubj,leftover_target,
1901,859,one-to-one,dn_916,wk_946,AlessandroMemmi,AlessandroMemmi,NOUN,NOUN,nsubj,nsubj,explicit_full,
1902,859,one-to-one,dn_916,wk_946,AlessandroMemmi,AlessandroMemmi,DET,PRON,nmod,nmod,explicit_ref_case,
1903,859,one-to-one,dn_916,wk_946,AlessandroMemmi,AlessandroMemmi,NULL,NULL,nsubj,nsubj,zero_zero_single,
1904,859,one-to-one,dn_916,wk_946,AlessandroMemmi,MISSING,NOUN,MISSING,nsubj,MISSING,leftover_source,
1905,859,one-to-one,dn_916,wk_946,AlessandroMemmi,MISSING,PRON-REFLEX,MISSING,obj,MISSING,leftover_source,
1906,859,one-to-one,dn_916,wk_946,MISSING,Giorgio Ippolita,MISSING,PRON,MISSING,obj,leftover_target,
1907,859,one-to-one,dn_916,wk_946,Schopenhauer,MISSING,PROPN,MISSING,nmod,MISSING,leftover_source,
1908,859,one-to-one,dn_916,wk_946,SebastianBach,SebastianBach,PROPN,PROPN,nmod,nmod,explicit_full,
1909,859,one-to-one,dn_916,wk_946,audience,audience,NOUN,NOUN,obj,obj,explicit_full,
1910,859,one-to-one,dn_916,wk_946,audience,audience,DET,PRON,nmod,nmod,explicit_ref_case,
1911,859,one-to-one,dn_916,wk_946,chorus,chorus,NOUN,NOUN,obj,obj,explicit_full,
1912,859,one-to-one,dn_916,wk_946,maidens,maidens,NOUN,NOUN,obj,nsubj,explicit_ref_pos,
1913,860,one-to-one,dn_917,wk_947,Hoffmann,Hoffmann,PROPN,PRON,nmod,nmod,explicit_ref_case,
1914,861,one-to-one,dn_918,wk_948,audience,audience,NOUN,NOUN,nsubj,nsubj,explicit_full,
1915,861,one-to-one,dn_918,wk_948,audience,audience,DET,PRON,nmod,nmod,explicit_ref_case,
1916,861,one-to-one,dn_918,wk_948,audience,audience,NULL,NULL,nsubj,nsubj,zero_zero_semantic,0.4156608249248584
1917,861,one-to-one,dn_918,wk_948,audience,audience,NULL,NULL,nsubj,nsubj,zero_zero_semantic,0.38183514460776574
1918,861,one-to-one,dn_918,wk_948,audience,MISSING,PRON-REFLEX,MISSING,obj,MISSING,leftover_source,
1919,861,one-to-one,dn_918,wk_948,audience,MISSING,PRON-REFLEX,MISSING,obj,MISSING,leftover_source,
1920,861,one-to-one,dn_918,wk_948,audience,MISSING,DET,MISSING,nmod,MISSING,leftover_source,
1921,861,one-to-one,dn_918,wk_948,audience,MISSING,PRON-REFLEX,MISSING,obj,MISSING,leftover_source,
1922,861,one-to-one,dn_918,wk_948,MISSING,audience,MISSING,NULL,MISSING,nsubj,leftover_target,
1923,861,one-to-one,dn_918,wk_948,MISSING,audience,MISSING,NULL,MISSING,nsubj,leftover_target,
1924,861,one-to-one,dn_918,wk_948,MISSING,audience,MISSING,NULL,MISSING,nsubj,leftover_target,
1925,862,one-to-one,dn_919,wk_949,AlessandroMemmi,AlessandroMemmi,NOUN,NOUN,nmod,nmod,explicit_full,
1926,862,one-to-one,dn_919,wk_949,AlessandroMemmi,AlessandroMemmi,NOUN,NOUN,nmod,nmod,explicit_full,
1927,862,one-to-one,dn_919,wk_949,Giorgio,Giorgio,NOUN,NOUN,obj,obj,explicit_full,
1928,862,one-to-one,dn_919,wk_949,Ippolita,Ippolita,NOUN,NOUN,obj,obj,explicit_full,
1929,862,one-to-one,dn_919,wk_949,MISSING,audience,MISSING,NOUN,MISSING,nmod,leftover_target,
1930,863,one-to-one,dn_920,wk_950,AlessandroMemmi,AlessandroMemmi,NOUN,NOUN,nsubj,nsubj,explicit_full,
1931,863,one-to-one,dn_920,wk_950,MISSING,AlessandroMemmi,MISSING,NULL,MISSING,nsubj,leftover_target,
1932,863,one-to-one,dn_920,wk_950,Giorgio,Giorgio,NOUN,NOUN,obj,obj,explicit_full,
1933,863,one-to-one,dn_920,wk_950,Ippolita,Ippolita,PROPN,PROPN,obj,obj,explicit_full,
1934,864,one-to-one,dn_921,wk_951,Giorgio,Giorgio,PRON,PRON,nsubj,nsubj,explicit_full,
1935,864,one-to-one,dn_921,wk_951,Giorgio,MISSING,PRON-REFLEX,MISSING,obj,MISSING,leftover_source,
1936,864,one-to-one,dn_921,wk_951,MISSING,Giorgio,MISSING,NULL,MISSING,nsubj,leftover_target,
1937,865,one-to-one,dn_922,wk_952,Giorgio,Giorgio,NULL,NULL,nsubj,nsubj,zero_zero_single,
1938,865,one-to-one,dn_922,wk_952,Giorgio,MISSING,PRON,MISSING,obj,MISSING,leftover_source,
1939,866,one-to-one,dn_923,wk_953,Ippolita,Ippolita,PROPN,PROPN,nsubj,nsubj,explicit_full,
1940,867,one-to-one,dn_924,wk_954,Ippolita,Ippolita,NULL,NULL,nsubj,nsubj,zero_zero_single,
1941,868,one-to-one,dn_925,wk_955,Giorgio,Giorgio,NULL,NULL,nsubj,nsubj,zero_zero_single,
1942,868,one-to-one,dn_925,wk_955,Giorgio,MISSING,PRON-REFLEX,MISSING,obj,MISSING,leftover_source,
1943,870,one-to-one,dn_928,wk_957,Giorgio,Giorgio,NOUN,PROPN,obj,nmod,explicit_ref_only,
1944,870,one-to-one,dn_928,wk_957,Ippolita,Ippolita,PRON,PRON,nsubj,nsubj,explicit_full,
1945,870,one-to-one,dn_928,wk_957,Ippolita,Ippolita,NULL,NULL,nsubj,nsubj,zero_zero_single,
1946,870,one-to-one,dn_928,wk_957,Ippolita,MISSING,PRON-REFLEX,MISSING,obj,MISSING,leftover_source,
1947,871,one-to-one,dn_929,wk_958,Giorgio,MISSING,NULL,MISSING,nsubj,MISSING,leftover_source,
1948,871,one-to-one,dn_929,wk_958,Giorgio Ippolita,Giorgio Ippolita,NULL,NULL,nsubj,nsubj,zero_zero_single,
1949,873,one-to-one,dn_931,wk_960,Giorgio Ippolita,Giorgio Ippolita,NULL,NULL,nsubj,nsubj,zero_zero_semantic,0.3767252426190549
1950,873,one-to-one,dn_931,wk_960,Giorgio Ippolita,Giorgio Ippolita,NULL,NOUN,nsubj,nsubj,zero_to_tgt_anchor,
1951,873,one-to-one,dn_931,wk_960,Giorgio Ippolita,MISSING,PRON-REFLEX,MISSING,obj,MISSING,leftover_source,
1952,874,one-to-one,dn_932,wk_961,Giorgio Ippolita,Giorgio Ippolita,PRON,NOUN,obj,obj,explicit_ref_case,
1953,877,one-to-one,dn_935,wk_966,Giorgio Ippolita,Giorgio Ippolita,DET,PRON,nmod,nmod,explicit_ref_case,
1954,878,one-to-one,dn_936,wk_967,Ippolita,Ippolita,PROPN,PROPN,nsubj,nsubj,explicit_full,
1955,878,one-to-one,dn_936,wk_967,Ippolita,Ippolita,NULL,NULL,nsubj,nsubj,zero_zero_single,
1956,878,one-to-one,dn_936,wk_967,Ippolita,MISSING,PRON-REFLEX,MISSING,obj,MISSING,leftover_source,
1957,882,one-to-one,dn_940,wk_971,service-worker,service-worker,NOUN,NOUN,nsubj,nsubj,explicit_full,
1958,882,one-to-one,dn_940,wk_971,service-worker,MISSING,PRON-REFLEX,MISSING,obj,MISSING,leftover_source,
1959,882,one-to-one,dn_940,wk_971,MISSING,service-worker,MISSING,NULL,MISSING,nsubj,leftover_target,
1960,883,one-to-one,dn_941,wk_972,Giorgio Ippolita,Giorgio Ippolita,NULL,NULL,nsubj,nsubj,zero_zero_single,
1961,884,one-to-one,dn_942,wk_973,Giorgio,Giorgio,PROPN,PROPN,nsubj,nsubj,explicit_full,
1962,884,one-to-one,dn_942,wk_973,MISSING,service-worker,MISSING,NOUN,MISSING,obj,leftover_target,
1963,887,one-to-one,dn_945,wk_976,Giorgio,Giorgio,PROPN,PROPN,nmod,nmod,explicit_full,
1964,887,one-to-one,dn_945,wk_976,Ippolita,Ippolita,PROPN,PROPN,nsubj,nsubj,explicit_full,
1965,887,one-to-one,dn_945,wk_976,Ippolita,Ippolita,NULL,NULL,nsubj,nsubj,zero_zero_single,
1966,888,one-to-one,dn_946,wk_977,Giorgio,Giorgio,PRON,PRON,obj,obj,explicit_full,
1967,888,one-to-one,dn_946,wk_977,MISSING,Giorgio Ippolita,MISSING,NOUN,MISSING,obj,leftover_target,
1968,888,one-to-one,dn_946,wk_977,Ippolita,Ippolita,NULL,NULL,nsubj,nsubj,zero_zero_semantic,0.1735776456559233
1969,888,one-to-one,dn_946,wk_977,Ippolita,MISSING,PRON-REFLEX,MISSING,obj,MISSING,leftover_source,
1970,888,one-to-one,dn_946,wk_977,MISSING,Ippolita,MISSING,NULL,MISSING,nsubj,leftover_target,
1971,888,one-to-one,dn_946,wk_977,MISSING,Ippolita,MISSING,NULL,MISSING,nsubj,leftover_target,
1972,889,one-to-one,dn_947,wk_978,Giorgio,Giorgio,PROPN,PROPN,nsubj,nsubj,explicit_full,
1973,889,one-to-one,dn_947,wk_978,MISSING,Giorgio,MISSING,NULL,MISSING,nsubj,leftover_target,
1974,889,one-to-one,dn_947,wk_978,Ippolita,Ippolita,PRON,PRON,obj,nmod,explicit_ref_pos,
1975,890,one-to-one,dn_948,wk_979,Giorgio Ippolita,Giorgio Ippolita,NULL,NULL,nsubj,nsubj,zero_zero_single,
1976,890,one-to-one,dn_948,wk_979,Ippolita,MISSING,NULL,MISSING,nsubj,MISSING,leftover_source,
1977,892,one-to-one,dn_950,wk_981,Ippolita,Ippolita,PRON,PRON,nsubj,nsubj,explicit_full,
1978,893,one-to-one,dn_951,wk_982,Giorgio,MISSING,NULL,MISSING,nsubj,MISSING,leftover_source,
1979,894,one-to-one,dn_952,wk_983,Giorgio Ippolita,Giorgio Ippolita,NULL,NULL,nsubj,nsubj,zero_zero_single,
1980,895,one-to-one,dn_953,wk_984,Ippolita,Ippolita,NULL,NULL,nsubj,nsubj,zero_zero_single,
1981,895,one-to-one,dn_953,wk_984,Ippolita,MISSING,PRON-REFLEX,MISSING,obj,MISSING,leftover_source,
1982,896,one-to-one,dn_954,wk_985,Giorgio,Giorgio,PRON,PRON,nmod,nmod,explicit_full,
1983,896,one-to-one,dn_954,wk_985,MISSING,Giorgio,MISSING,PRON,MISSING,obj,leftover_target,
1984,896,one-to-one,dn_954,wk_985,Ippolita,Ippolita,PRON,PRON,nsubj,nsubj,explicit_full,
1985,896,one-to-one,dn_954,wk_985,Ippolita,MISSING,PRON-REFLEX,MISSING,obj,MISSING,leftover_source,
1986,896,one-to-one,dn_954,wk_985,MISSING,Ippolita,MISSING,NULL,MISSING,nsubj,leftover_target,
1987,897,many-to-one,dn_955 dn_956,wk_986,Ippolita,Ippolita,DET,PRON,nmod,nsubj,explicit_ref_only,
1988,897,many-to-one,dn_955 dn_956,wk_986,Ippolita,Ippolita,NULL,NULL,nsubj,nsubj,zero_zero_single,
1989,898,one-to-many,dn_957,wk_987 wk_988 wk_989,Giorgio,Giorgio,NOUN,NOUN,obj,obj,explicit_full,
1990,898,one-to-many,dn_957,wk_987 wk_988 wk_989,Giorgio,Giorgio,PRON,PRON,nmod,nmod,explicit_full,
1991,898,one-to-many,dn_957,wk_987 wk_988 wk_989,Giorgio,Giorgio,PRON,NOUN,obj,nmod,explicit_ref_only,
1992,898,one-to-many,dn_957,wk_987 wk_988 wk_989,Ippolita,Ippolita,PRON,PRON,nsubj,nsubj,explicit_full,
1993,898,one-to-many,dn_957,wk_987 wk_988 wk_989,Ippolita,Ippolita,DET,PRON,nmod,nsubj,explicit_ref_only,
1994,898,one-to-many,dn_957,wk_987 wk_988 wk_989,Ippolita,Ippolita,NULL,NULL,nsubj,nsubj,zero_zero_semantic,0.21578390922261392
1995,898,one-to-many,dn_957,wk_987 wk_988 wk_989,Ippolita,Ippolita,NULL,NULL,nsubj,nsubj,zero_zero_semantic,0.5265380517871626
1996,898,one-to-many,dn_957,wk_987 wk_988 wk_989,MISSING,Ippolita,MISSING,PRON,MISSING,obj,leftover_target,
1997,899,one-to-one,dn_958,wk_990,Giorgio,Giorgio,PRON,PRON,nsubj,nsubj,explicit_full,
1998,899,one-to-one,dn_958,wk_990,MISSING,Giorgio,MISSING,NULL,MISSING,nsubj,leftover_target,
1999,899,one-to-one,dn_958,wk_990,MISSING,Giorgio,MISSING,NULL,MISSING,nsubj,leftover_target,
2000,899,one-to-one,dn_958,wk_990,Ippolita,Ippolita,PRON,PRON,obj,obj,explicit_full,
2001,899,one-to-one,dn_958,wk_990,MISSING,Ippolita,MISSING,NULL,MISSING,nsubj,leftover_target,
2002,900,one-to-one,dn_959,wk_991,Ippolita,Ippolita,NULL,PRON,nsubj,nsubj,zero_to_tgt_anchor,
2003,901,one-to-one,dn_960,wk_992,Giorgio,Giorgio,DET,PRON,nmod,nmod,explicit_ref_case,
2004,901,one-to-one,dn_960,wk_992,Ippolita,Ippolita,PRON,PRON,obj,nmod,explicit_ref_pos,
2005,901,one-to-one,dn_960,wk_992,MISSING,Ippolita,MISSING,NULL,MISSING,nsubj,leftover_target,
2006,902,one-to-one,dn_961,wk_993,Ippolita,MISSING,NULL,MISSING,nsubj,MISSING,leftover_source,
2007,903,one-to-many,dn_962,wk_994 wk_995,Giorgio,Giorgio,PRON,PRON,nsubj,nsubj,explicit_full,
2008,903,one-to-many,dn_962,wk_994 wk_995,Giorgio,Giorgio,NULL,NULL,nsubj,nsubj,zero_zero_single,
2009,903,one-to-many,dn_962,wk_994 wk_995,Giorgio,MISSING,PRON,MISSING,nmod,MISSING,leftover_source,
2010,905,one-to-one,dn_964,wk_997,Ippolita,Ippolita,NULL,PRON,nsubj,nsubj,zero_to_tgt_anchor,
2011,906,one-to-one,dn_965,wk_998,Giorgio,Giorgio,PRON,NOUN,nsubj,nsubj,explicit_ref_case,
2012,906,one-to-one,dn_965,wk_998,Ippolita,Ippolita,PRON,PRON,obj,obj,explicit_full,
2013,907,one-to-many,dn_966,wk_999 wk_1000,Giorgio,Giorgio,PRON,PRON,obj,obj,explicit_full,
2014,907,one-to-many,dn_966,wk_999 wk_1000,Giorgio,Giorgio,PRON,NOUN,nsubj,nsubj,explicit_ref_case,
2015,907,one-to-many,dn_966,wk_999 wk_1000,Giorgio,Giorgio,NULL,NULL,nsubj,nsubj,zero_zero_semantic,0.18889244901969135
2016,907,one-to-many,dn_966,wk_999 wk_1000,Giorgio,Giorgio,NULL,NULL,nsubj,nsubj,zero_zero_semantic,0.3151503504283967
2017,907,one-to-many,dn_966,wk_999 wk_1000,Giorgio,MISSING,PRON,MISSING,obj,MISSING,leftover_source,
2018,907,one-to-many,dn_966,wk_999 wk_1000,MISSING,Giorgio,MISSING,NULL,MISSING,nsubj,leftover_target,
2019,908,one-to-many,dn_967,wk_1001 wk_1002,Giorgio,Giorgio,DET,NOUN,nmod,nsubj,explicit_ref_only,
2020,908,one-to-many,dn_967,wk_1001 wk_1002,Giorgio,Giorgio,NULL,NULL,nsubj,nsubj,zero_zero_semantic,0.14035813339005887
2021,908,one-to-many,dn_967,wk_1001 wk_1002,Giorgio,MISSING,NULL,MISSING,nsubj,MISSING,leftover_source,
2022,908,one-to-many,dn_967,wk_1001 wk_1002,Giorgio,MISSING,NULL,MISSING,nsubj,MISSING,leftover_source,
2023,908,one-to-many,dn_967,wk_1001 wk_1002,MISSING,Giorgio,MISSING,NOUN,MISSING,obj,leftover_target,
2024,908,one-to-many,dn_967,wk_1001 wk_1002,Ippolita,Ippolita,PRON,PRON,obj,obj,explicit_full,
2025,908,one-to-many,dn_967,wk_1001 wk_1002,Ippolita,Ippolita,PRON,PRON,obj,obj,explicit_full,
2026,908,one-to-many,dn_967,wk_1001 wk_1002,Ippolita,Ippolita,PRON,PRON,obj,nmod,explicit_ref_pos,
2027,909,one-to-many,dn_968,wk_1003 wk_1004,Giorgio,Giorgio,PRON,NOUN,obj,obj,explicit_ref_case,
2028,909,one-to-many,dn_968,wk_1003 wk_1004,Giorgio,Giorgio,PRON,NOUN,obj,obj,explicit_ref_case,
2029,909,one-to-many,dn_968,wk_1003 wk_1004,Giorgio,Giorgio,PRON,NOUN,obj,nmod,explicit_ref_only,
2030,909,one-to-many,dn_968,wk_1003 wk_1004,Ippolita,Ippolita,PRON,PRON,nsubj,nsubj,explicit_full,
2031,909,one-to-many,dn_968,wk_1003 wk_1004,Ippolita,Ippolita,PRON,PRON,nsubj,nsubj,explicit_full,
2032,909,one-to-many,dn_968,wk_1003 wk_1004,Ippolita,Ippolita,DET,PRON,nmod,nmod,explicit_ref_case,
2033,909,one-to-many,dn_968,wk_1003 wk_1004,Ippolita,Ippolita,NULL,NULL,nsubj,nsubj,zero_zero_semantic,0.5728395605604204
2034,909,one-to-many,dn_968,wk_1003 wk_1004,Ippolita,Ippolita,NULL,NULL,nsubj,nsubj,zero_zero_semantic,0.2239823086867686
2035,909,one-to-many,dn_968,wk_1003 wk_1004,Ippolita,Ippolita,NULL,NULL,nsubj,nsubj,zero_zero_semantic,0.28618235766717676
2036,909,one-to-many,dn_968,wk_1003 wk_1004,Ippolita,Ippolita,NULL,NULL,nsubj,nsubj,zero_zero_semantic,0.13895278597298388
2037,910,one-to-one,dn_969,wk_1005,Giorgio Ippolita,Giorgio Ippolita,NULL,NULL,nsubj,nsubj,zero_zero_single,
2038,910,one-to-one,dn_969,wk_1005,Giorgio Ippolita,MISSING,PRON-REFLEX,MISSING,obj,MISSING,leftover_source,
2039,910,one-to-one,dn_969,wk_1005,MISSING,Giorgio Ippolita,MISSING,PRON,MISSING,nsubj,leftover_target,
2040,911,one-to-one,dn_970,wk_1006,Giorgio,Giorgio,NOUN,NOUN,nmod,nmod,explicit_full,
2041,911,one-to-one,dn_970,wk_1006,Giorgio,MISSING,PRON,MISSING,obj,MISSING,leftover_source,
2042,911,one-to-one,dn_970,wk_1006,Ippolita,Ippolita,PRON,PRON,nsubj,nsubj,explicit_full,
2043,911,one-to-one,dn_970,wk_1006,Ippolita,Ippolita,NULL,NULL,nsubj,nsubj,zero_zero_single,
2044,911,one-to-one,dn_970,wk_1006,Ippolita,MISSING,PRON-REFLEX,MISSING,obj,MISSING,leftover_source,
2045,911,one-to-one,dn_970,wk_1006,MISSING,Ippolita,MISSING,PRON,MISSING,nmod,leftover_target,
2046,912,one-to-many,dn_971,wk_1007 wk_1008 wk_1009,Giorgio,Giorgio,PRON,NOUN,nsubj,nsubj,explicit_ref_case,
2047,912,one-to-many,dn_971,wk_1007 wk_1008 wk_1009,MISSING,Giorgio,MISSING,DET,MISSING,nmod,leftover_target,
2048,912,one-to-many,dn_971,wk_1007 wk_1008 wk_1009,MISSING,Giorgio,MISSING,DET,MISSING,nmod,leftover_target,
2049,912,one-to-many,dn_971,wk_1007 wk_1008 wk_1009,Giorgio Ippolita,Giorgio Ippolita,NULL,PRON,nsubj,nsubj,zero_to_tgt_anchor,
2050,912,one-to-many,dn_971,wk_1007 wk_1008 wk_1009,Ippolita,Ippolita,PRON,PRON,obj,nmod,explicit_ref_pos,
2051,912,one-to-many,dn_971,wk_1007 wk_1008 wk_1009,Ippolita,Ippolita,PRON,PRON,obj,nmod,explicit_ref_pos,
2052,912,one-to-many,dn_971,wk_1007 wk_1008 wk_1009,Ippolita,Ippolita,PRON,PRON,obj,nsubj,explicit_ref_pos,
2053,912,one-to-many,dn_971,wk_1007 wk_1008 wk_1009,Ippolita,MISSING,PRON,MISSING,obj,MISSING,leftover_source,
2054,913,one-to-one,dn_972,wk_1010,Ippolita,Ippolita,PRON,PRON,nmod,nmod,explicit_full,
2055,913,one-to-one,dn_972,wk_1010,Ippolita,Ippolita,PRON,NULL,nsubj,nsubj,zero_to_src_anchor,
2056,915,one-to-many,dn_974,wk_1012 wk_1013,Giorgio Ippolita,Giorgio Ippolita,PRON,PRON,nsubj,nsubj,explicit_full,
2057,915,one-to-many,dn_974,wk_1012 wk_1013,Giorgio Ippolita,MISSING,PRON-REFLEX,MISSING,obj,MISSING,leftover_source,
2058,916,one-to-many,dn_975,wk_1014 wk_1015,Giorgio,Giorgio,DET,DET,nmod,nmod,explicit_full,
2059,916,one-to-many,dn_975,wk_1014 wk_1015,Giorgio,Giorgio,PRON,NOUN,nsubj,nsubj,explicit_ref_case,
2060,916,one-to-many,dn_975,wk_1014 wk_1015,Ippolita,Ippolita,PRON,PRON,obj,obj,explicit_full,
2061,916,one-to-many,dn_975,wk_1014 wk_1015,MISSING,Ippolita,MISSING,PRON,MISSING,obj,leftover_target,
2062,917,many-to-one,dn_976 dn_977,wk_1016,Giorgio Ippolita,Giorgio Ippolita,PRON,PRON,obj,nsubj,explicit_ref_pos,
2063,917,many-to-one,dn_976 dn_977,wk_1016,Giorgio Ippolita,MISSING,NULL,MISSING,nsubj,MISSING,leftover_source,
2064,918,one-to-one,dn_978,wk_1017,Giorgio Ippolita,Giorgio Ippolita,DET,PRON,nmod,nmod,explicit_ref_case,
2065,918,one-to-one,dn_978,wk_1017,Giorgio Ippolita,MISSING,DET,MISSING,nmod,MISSING,leftover_source,
2066,919,one-to-one,dn_979,wk_1018,Giorgio Ippolita,Giorgio Ippolita,DET,PRON,nmod,nmod,explicit_ref_case,
2067,920,one-to-many,dn_980,wk_1019 wk_1020 wk_1021,Giorgio,Giorgio,PRON,PRON,obj,obj,explicit_full,
2068,920,one-to-many,dn_980,wk_1019 wk_1020 wk_1021,Giorgio,Giorgio,PRON,NOUN,obj,obj,explicit_ref_case,
2069,920,one-to-many,dn_980,wk_1019 wk_1020 wk_1021,Giorgio,Giorgio,DET,NOUN,nmod,nmod,explicit_ref_case,
2070,920,one-to-many,dn_980,wk_1019 wk_1020 wk_1021,Ippolita,Ippolita,PRON,PRON,nsubj,nsubj,explicit_full,
2071,920,one-to-many,dn_980,wk_1019 wk_1020 wk_1021,Ippolita,Ippolita,PRON,PRON,nsubj,nsubj,explicit_full,
2072,920,one-to-many,dn_980,wk_1019 wk_1020 wk_1021,Ippolita,Ippolita,NULL,NULL,nsubj,nsubj,zero_zero_single,
2073,920,one-to-many,dn_980,wk_1019 wk_1020 wk_1021,Ippolita,MISSING,PRON,MISSING,obj,MISSING,leftover_source,
2074,921,one-to-many,dn_981,wk_1022 wk_1023,Giorgio,Giorgio,PRON,NOUN,nsubj,nsubj,explicit_ref_case,
2075,921,one-to-many,dn_981,wk_1022 wk_1023,Giorgio,Giorgio,PRON,NOUN,nsubj,nsubj,explicit_ref_case,
2076,921,one-to-many,dn_981,wk_1022 wk_1023,Giorgio,Giorgio,PRON,NOUN,obj,nmod,explicit_ref_only,
2077,921,one-to-many,dn_981,wk_1022 wk_1023,Ippolita,Ippolita,PRON,PRON,nsubj,nsubj,explicit_full,
2078,921,one-to-many,dn_981,wk_1022 wk_1023,Ippolita,Ippolita,PRON,PRON,obj,nmod,explicit_ref_pos,
2079,921,one-to-many,dn_981,wk_1022 wk_1023,Ippolita,MISSING,PRON,MISSING,nsubj,MISSING,leftover_source,
2080,922,one-to-many,dn_982,wk_1024 wk_1025,Giorgio,Giorgio,PRON,NOUN,nsubj,nsubj,explicit_ref_case,
2081,922,one-to-many,dn_982,wk_1024 wk_1025,Giorgio,Giorgio,NULL,NULL,nsubj,nsubj,zero_zero_semantic,0.14572061874282377
2082,922,one-to-many,dn_982,wk_1024 wk_1025,Giorgio,MISSING,NULL,MISSING,nsubj,MISSING,leftover_source,
2083,922,one-to-many,dn_982,wk_1024 wk_1025,Ippolita,Ippolita,PRON,PRON,obj,obj,explicit_full,
2084,922,one-to-many,dn_982,wk_1024 wk_1025,Ippolita,Ippolita,PRON,PRON,obj,obj,explicit_full,
2085,922,one-to-many,dn_982,wk_1024 wk_1025,Ippolita,MISSING,PRON,MISSING,obj,MISSING,leftover_source,
2086,923,one-to-one,dn_983,wk_1026,Giorgio,Giorgio,DET,NOUN,nmod,nmod,explicit_ref_case,
2087,923,one-to-one,dn_983,wk_1026,Ippolita,Ippolita,PRON,PRON,nsubj,nsubj,explicit_full,
2088,923,one-to-one,dn_983,wk_1026,Ippolita,Ippolita,NOUN,NOUN,pred,pred,explicit_full,
2089,924,one-to-one,dn_984,wk_1027,Giorgio,Giorgio,PRON,NOUN,nsubj,nsubj,explicit_ref_case,
2090,924,one-to-one,dn_984,wk_1027,Giorgio,Giorgio,DET,PRON,nmod,nmod,explicit_ref_case,
2091,924,one-to-one,dn_984,wk_1027,Giorgio,MISSING,PRON-REFLEX,MISSING,obj,MISSING,leftover_source,
2092,924,one-to-one,dn_984,wk_1027,Ippolita,Ippolita,PRON,PRON,obj,obj,explicit_full,
2093,925,one-to-one,dn_985,wk_1028,Giorgio,Giorgio,PRON,NOUN,obj,nmod,explicit_ref_only,
2094,925,one-to-one,dn_985,wk_1028,Ippolita,Ippolita,PRON,PRON,nsubj,nmod,explicit_ref_pos,
2095,926,one-to-one,dn_986,wk_1029,Giorgio,Giorgio,PRON,PRON,obj,obj,explicit_full,
2096,926,one-to-one,dn_986,wk_1029,Giorgio,MISSING,PRON,MISSING,obj,MISSING,leftover_source,
2097,926,one-to-one,dn_986,wk_1029,Ippolita,Ippolita,PRON,PROPN,nsubj,nsubj,explicit_ref_case,
2098,926,one-to-one,dn_986,wk_1029,Ippolita,MISSING,PRON-REFLEX,MISSING,obj,MISSING,leftover_source,
2099,926,one-to-one,dn_986,wk_1029,MISSING,Ippolita,MISSING,NULL,MISSING,nsubj,leftover_target,
2100,926,one-to-one,dn_986,wk_1029,MISSING,Ippolita,MISSING,NULL,MISSING,nsubj,leftover_target,
2101,927,one-to-one,dn_987,wk_1030,Giorgio,Giorgio,NULL,PRON,nsubj,nsubj,zero_to_tgt_anchor,
2102,928,one-to-one,dn_988,wk_1031,Giorgio,Giorgio,PRON,PRON,nsubj,nsubj,explicit_full,
2103,928,one-to-one,dn_988,wk_1031,MISSING,Giorgio,MISSING,NULL,MISSING,nsubj,leftover_target,
2104,928,one-to-one,dn_988,wk_1031,MISSING,Giorgio,MISSING,NULL,MISSING,nsubj,leftover_target,
2105,928,one-to-one,dn_988,wk_1031,MISSING,Giorgio,MISSING,NULL,MISSING,nsubj,leftover_target,
2106,929,one-to-one,dn_989,wk_1032,Giorgio,Giorgio,NULL,PRON,nsubj,nsubj,zero_to_tgt_anchor,
2107,930,one-to-one,dn_990,wk_1033,MISSING,Giorgio,MISSING,NULL,MISSING,nsubj,leftover_target,
2108,931,one-to-one,dn_991,wk_1034,Giorgio Ippolita,Giorgio Ippolita,NULL,NULL,nsubj,nsubj,zero_zero_single,
2109,931,one-to-one,dn_991,wk_1034,MISSING,Giorgio Ippolita,MISSING,NOUN,MISSING,nsubj,leftover_target,
2110,932,one-to-many,dn_992,wk_1035 wk_1036 wk_1037,Giorgio Ippolita,Giorgio Ippolita,DET,NOUN,nmod,nsubj,explicit_ref_only,
2111,932,one-to-many,dn_992,wk_1035 wk_1036 wk_1037,Giorgio Ippolita,Giorgio Ippolita,NULL,NULL,nsubj,nsubj,zero_zero_semantic,0.2826816292765256
2112,932,one-to-many,dn_992,wk_1035 wk_1036 wk_1037,Giorgio Ippolita,Giorgio Ippolita,NULL,NULL,nsubj,nsubj,zero_zero_semantic,0.2332559090228989
2113,932,one-to-many,dn_992,wk_1035 wk_1036 wk_1037,Giorgio Ippolita,Giorgio Ippolita,NULL,NULL,nsubj,nsubj,zero_zero_semantic,0.16732691280969703
2114,932,one-to-many,dn_992,wk_1035 wk_1036 wk_1037,Giorgio Ippolita,Giorgio Ippolita,NULL,NULL,nsubj,nsubj,zero_zero_semantic,0.2695564468255001
2115,932,one-to-many,dn_992,wk_1035 wk_1036 wk_1037,Giorgio Ippolita,Giorgio Ippolita,NULL,NOUN,nsubj,nsubj,zero_to_tgt_anchor,
2116,932,one-to-many,dn_992,wk_1035 wk_1036 wk_1037,Giorgio Ippolita,Giorgio Ippolita,PRON-REFLEX,NOUN,obj,obj,reflex_obj,
2117,932,one-to-many,dn_992,wk_1035 wk_1036 wk_1037,Giorgio Ippolita,MISSING,PRON-REFLEX,MISSING,obj,MISSING,leftover_source,
2118,932,one-to-many,dn_992,wk_1035 wk_1036 wk_1037,Giorgio Ippolita,MISSING,PRON-REFLEX,MISSING,obj,MISSING,leftover_source,
2119,932,one-to-many,dn_992,wk_1035 wk_1036 wk_1037,Giorgio Ippolita,MISSING,NULL,MISSING,nsubj,MISSING,leftover_source,
2120,932,one-to-many,dn_992,wk_1035 wk_1036 wk_1037,Giorgio Ippolita,MISSING,PRON-REFLEX,MISSING,obj,MISSING,leftover_source,
2121,933,one-to-one,dn_993,wk_1038,Giorgio,MISSING,PRON,MISSING,obj,MISSING,leftover_source,
2122,933,one-to-one,dn_993,wk_1038,Giorgio Ippolita,Giorgio Ippolita,DET,NOUN,nmod,nsubj,explicit_ref_only,
2123,933,one-to-one,dn_993,wk_1038,Giorgio Ippolita,Giorgio Ippolita,NULL,NULL,nsubj,nsubj,zero_zero_semantic,0.3292000006700592
2124,933,one-to-one,dn_993,wk_1038,MISSING,Giorgio Ippolita,MISSING,NULL,MISSING,nsubj,leftover_target,
2125,933,one-to-one,dn_993,wk_1038,MISSING,Giorgio Ippolita,MISSING,NULL,MISSING,nsubj,leftover_target,
2126,933,one-to-one,dn_993,wk_1038,Ippolita,MISSING,PRON,MISSING,obj,MISSING,leftover_source,
2127,934,one-to-one,dn_994,wk_1039,Giorgio Ippolita,Giorgio Ippolita,NULL,NOUN,nsubj,nsubj,zero_to_tgt_anchor,
2128,935,one-to-one,dn_995,wk_1040,Ippolita,Ippolita,PROPN,PROPN,nsubj,nsubj,explicit_full,
2129,935,one-to-one,dn_995,wk_1040,Ippolita,MISSING,NULL,MISSING,nsubj,MISSING,leftover_source,
2130,936,one-to-one,dn_996,wk_1041,Giorgio,Giorgio,NULL,NULL,nsubj,nsubj,zero_zero_semantic,0.10356861149722879
2131,936,one-to-one,dn_996,wk_1041,Giorgio,Giorgio,NULL,NULL,nsubj,nsubj,zero_zero_semantic,0.44336920474916197
2132,936,one-to-one,dn_996,wk_1041,Giorgio,MISSING,PRON-REFLEX,MISSING,obj,MISSING,leftover_source,
2133,936,one-to-one,dn_996,wk_1041,Ippolita,Ippolita,DET,PRON,nmod,nmod,explicit_ref_case,
2134,937,one-to-one,dn_997,wk_1042,Giorgio,Giorgio,PROPN,PROPN,nsubj,nsubj,explicit_full,
2135,937,one-to-one,dn_997,wk_1042,Giorgio,Giorgio,NULL,NULL,nsubj,nsubj,zero_zero_single,
2136,937,one-to-one,dn_997,wk_1042,Giorgio,MISSING,PRON-REFLEX,MISSING,obj,MISSING,leftover_source,
2137,937,one-to-one,dn_997,wk_1042,Ippolita,Ippolita,PRON,PRON,obj,nmod,explicit_ref_pos,
2138,938,one-to-one,dn_998,wk_1043,Ippolita,Ippolita,PRON,PRON,nsubj,nsubj,explicit_full,
2139,939,one-to-one,dn_999,wk_1044,Giorgio,MISSING,PRON,MISSING,obj,MISSING,leftover_source,
2140,940,one-to-one,dn_1000,wk_1045,Giorgio,MISSING,PRON,MISSING,obj,MISSING,leftover_source,
2141,940,one-to-one,dn_1000,wk_1045,Ippolita,Ippolita,NULL,NULL,nsubj,nsubj,zero_zero_single,
2142,941,one-to-one,dn_1001,wk_1046,Giorgio,Giorgio,PRON,PRON,nsubj,nsubj,explicit_full,
2143,941,one-to-one,dn_1001,wk_1046,Ippolita,Ippolita,PRON,DET,obj,nmod,explicit_ref_only,
2144,942,many-to-one,dn_1002 dn_1003,wk_1047,Giorgio,Giorgio,PRON,PRON,obj,nmod,explicit_ref_pos,
2145,942,many-to-one,dn_1002 dn_1003,wk_1047,Ippolita,Ippolita,PRON,PROPN,nsubj,nsubj,explicit_ref_case,
2146,942,many-to-one,dn_1002 dn_1003,wk_1047,Ippolita,Ippolita,NULL,NULL,nsubj,nsubj,zero_zero_single,
2147,943,one-to-one,dn_1004,wk_1048,Giorgio,Giorgio,PRON,PRON,nsubj,nmod,explicit_ref_pos,
2148,944,many-to-one,dn_1005 dn_1006,wk_1049,Giorgio,Giorgio,PRON,PRON,obj,obj,explicit_full,
2149,944,many-to-one,dn_1005 dn_1006,wk_1049,Giorgio,Giorgio,PRON,PRON,obj,obj,explicit_full,
2150,944,many-to-one,dn_1005 dn_1006,wk_1049,Giorgio,Giorgio,PRON,PRON,obj,nmod,explicit_ref_pos,
2151,944,many-to-one,dn_1005 dn_1006,wk_1049,Ippolita,Ippolita,NULL,NULL,nsubj,nsubj,zero_zero_semantic,0.335438339034162
2152,944,many-to-one,dn_1005 dn_1006,wk_1049,Ippolita,Ippolita,NULL,NULL,nsubj,nsubj,zero_zero_semantic,0.5551337019713318
2153,944,many-to-one,dn_1005 dn_1006,wk_1049,Ippolita,Ippolita,NULL,NULL,nsubj,nsubj,zero_zero_semantic,0.15016477580629647
2154,944,many-to-one,dn_1005 dn_1006,wk_1049,Ippolita,MISSING,PRON-REFLEX,MISSING,obj,MISSING,leftover_source,
2155,944,many-to-one,dn_1005 dn_1006,wk_1049,MISSING,Ippolita,MISSING,PRON,MISSING,nsubj,leftover_target,
2156,944,many-to-one,dn_1005 dn_1006,wk_1049,MISSING,Ippolita,MISSING,NULL,MISSING,nsubj,leftover_target,
2157,945,one-to-one,dn_1007,wk_1050,Giorgio,Giorgio,PRON,PRON,nsubj,nsubj,explicit_full,
2158,945,one-to-one,dn_1007,wk_1050,MISSING,Giorgio,MISSING,NULL,MISSING,nsubj,leftover_target,
2159,945,one-to-one,dn_1007,wk_1050,Ippolita,Ippolita,PRON,PRON,nmod,nmod,explicit_full,
2160,946,one-to-one,dn_1008 dn_1009,wk_1051 wk_1052,MISSING,Giorgio,MISSING,NULL,MISSING,nsubj,leftover_target,
2161,946,one-to-one,dn_1008 dn_1009,wk_1051 wk_1052,Ippolita,Ippolita,PRON,PRON,nsubj,nsubj,explicit_full,
2162,946,one-to-one,dn_1008 dn_1009,wk_1051 wk_1052,Ippolita,Ippolita,NULL,NULL,nsubj,nsubj,zero_zero_single,
2163,947,one-to-one,dn_1010,wk_1053,Giorgio Ippolita,Giorgio Ippolita,PRON,NOUN,nsubj,nsubj,explicit_ref_case,
2164,947,one-to-one,dn_1010,wk_1053,MISSING,Giorgio Ippolita,MISSING,NULL,MISSING,nsubj,leftover_target,
2165,947,one-to-one,dn_1010,wk_1053,MISSING,Giorgio Ippolita,MISSING,NULL,MISSING,nsubj,leftover_target,
2166,948,one-to-one,dn_1011,wk_1054,Giorgio Ippolita,Giorgio Ippolita,PRON,NOUN,obj,obj,explicit_ref_case,
2167,949,one-to-one,dn_1012,wk_1055,Giorgio Ippolita,Giorgio Ippolita,NULL,NOUN,nsubj,nsubj,zero_to_tgt_anchor,
2168,949,one-to-one,dn_1012,wk_1055,Giorgio Ippolita,MISSING,PRON-REFLEX,MISSING,obj,MISSING,leftover_source,
2169,950,one-to-one,dn_1013,wk_1056,Ippolita,Ippolita,PRON,PRON,nsubj,nsubj,explicit_full,
2170,950,one-to-one,dn_1013,wk_1056,MISSING,Ippolita,MISSING,NULL,MISSING,nsubj,leftover_target,
2171,951,one-to-many,dn_1014,wk_1057 wk_1058,Giorgio Ippolita,Giorgio Ippolita,NULL,NULL,nsubj,nsubj,zero_zero_semantic,0.40171586037118795
2172,951,one-to-many,dn_1014,wk_1057 wk_1058,Giorgio Ippolita,Giorgio Ippolita,NULL,NOUN,nsubj,nsubj,zero_to_tgt_anchor,
2173,951,one-to-many,dn_1014,wk_1057 wk_1058,Giorgio Ippolita,Giorgio Ippolita,PRON-REFLEX,NOUN,obj,obj,reflex_obj,
2174,952,one-to-one,dn_1015,wk_1059,Giorgio Ippolita,MISSING,NULL,MISSING,nsubj,MISSING,leftover_source,
2175,952,one-to-one,dn_1015,wk_1059,MISSING,Giorgio Ippolita,MISSING,NOUN,MISSING,obj,leftover_target,
2176,952,one-to-one,dn_1015,wk_1059,Ippolita,Ippolita,PRON,PROPN,nsubj,nsubj,explicit_ref_case,
2177,952,one-to-one,dn_1015,wk_1059,Ippolita,MISSING,PRON,MISSING,obj,MISSING,leftover_source,
2178,952,one-to-one,dn_1015,wk_1059,MISSING,Ippolita,MISSING,NULL,MISSING,nsubj,leftover_target,
2179,953,one-to-one,dn_1016,wk_1060,Giorgio,Giorgio,PROPN,PROPN,obj,obj,explicit_full,
2180,953,one-to-one,dn_1016,wk_1060,Giorgio,MISSING,PRON,MISSING,obj,MISSING,leftover_source,
2181,953,one-to-one,dn_1016,wk_1060,MISSING,Ippolita,MISSING,NULL,MISSING,nsubj,leftover_target,
2182,954,one-to-one,dn_1017,wk_1061,Giorgio,Giorgio,PRON,PRON,nsubj,nsubj,explicit_full,
2183,954,one-to-one,dn_1017,wk_1061,Giorgio,Giorgio,NULL,NULL,nsubj,nsubj,zero_zero_semantic,0.555222099176561
2184,954,one-to-one,dn_1017,wk_1061,Giorgio,MISSING,PRON-REFLEX,MISSING,obj,MISSING,leftover_source,
2185,954,one-to-one,dn_1017,wk_1061,Giorgio,MISSING,NULL,MISSING,nsubj,MISSING,leftover_source,
2186,954,one-to-one,dn_1017,wk_1061,Ippolita,Ippolita,PRON,PRON,obj,nmod,explicit_ref_pos,
2187,954,one-to-one,dn_1017,wk_1061,Ippolita,Ippolita,PRON,PRON,obj,nmod,explicit_ref_pos,
2188,955,one-to-many,dn_1018,wk_1062 wk_1063,Ippolita,Ippolita,PRON,PRON,nmod,nmod,explicit_full,
2189,955,one-to-many,dn_1018,wk_1062 wk_1063,Ippolita,Ippolita,PRON,PRON,nsubj,nsubj,explicit_full,
2190,956,one-to-one,dn_1019,wk_1064,MISSING,Giorgio,MISSING,NULL,MISSING,nsubj,leftover_target,
2191,957,one-to-one,dn_1020,wk_1065,Giorgio Ippolita,Giorgio Ippolita,NULL,NULL,nsubj,nsubj,zero_zero_single,
2192,957,one-to-one,dn_1020,wk_1065,Giorgio Ippolita,MISSING,PRON,MISSING,nsubj,MISSING,leftover_source,
2193,959,one-to-one,dn_1022,wk_1067,Ippolita,Ippolita,PRON,PRON,nsubj,nsubj,explicit_full,
2194,959,one-to-one,dn_1022,wk_1067,MISSING,Ippolita,MISSING,NULL,MISSING,nsubj,leftover_target,
2195,961,one-to-one,dn_1024,wk_1069,MISSING,Giorgio,MISSING,NOUN,MISSING,nmod,leftover_target,
2196,961,one-to-one,dn_1024,wk_1069,Ippolita,Ippolita,PROPN,PRON,nsubj,nsubj,explicit_ref_case,
2197,961,one-to-one,dn_1024,wk_1069,Ippolita,Ippolita,NULL,NULL,nsubj,nsubj,zero_zero_single,
2198,962,one-to-one,dn_1025,wk_1070,Giorgio Ippolita,Giorgio Ippolita,NULL,NOUN,nsubj,nsubj,zero_to_tgt_anchor,
2199,963,one-to-one,dn_1026,wk_1071,Giorgio Ippolita,Giorgio Ippolita,PRON,PRON,obj,nsubj,explicit_ref_pos,
2200,963,one-to-one,dn_1026,wk_1071,UNKNOWN,MISSING,NULL,MISSING,nsubj,MISSING,leftover_source,
2201,964,one-to-one,dn_1027,wk_1072,Giorgio,Giorgio,PROPN,PROPN,nmod,nmod,explicit_full,
2202,964,one-to-one,dn_1027,wk_1072,Ippolita,Ippolita,NULL,NULL,nsubj,nsubj,zero_zero_semantic,0.376780220247097
2203,964,one-to-one,dn_1027,wk_1072,Ippolita,Ippolita,NULL,PRON,nsubj,nsubj,zero_to_tgt_anchor,
2204,964,one-to-one,dn_1027,wk_1072,Ippolita,MISSING,PRON-REFLEX,MISSING,obj,MISSING,leftover_source,
2205,964,one-to-one,dn_1027,wk_1072,Ippolita,MISSING,PRON-REFLEX,MISSING,obj,MISSING,leftover_source,
2206,965,one-to-one,dn_1028,wk_1073,MISSING,Giorgio,MISSING,NULL,MISSING,nsubj,leftover_target,
2207,966,one-to-one,dn_1029,wk_1074,Giorgio Ippolita,Giorgio Ippolita,NULL,NULL,nsubj,nsubj,zero_zero_semantic,0.1626704331664812
2208,966,one-to-one,dn_1029,wk_1074,Giorgio Ippolita,Giorgio Ippolita,NULL,NULL,nsubj,nsubj,zero_zero_semantic,0.05067999079113915
2209,966,one-to-one,dn_1029,wk_1074,MISSING,Giorgio Ippolita,MISSING,NULL,MISSING,nsubj,leftover_target,
2210,967,one-to-one,dn_1030,wk_1075,Giorgio Ippolita,Giorgio Ippolita,PRON,NOUN,nsubj,nsubj,explicit_ref_case,
2211,967,one-to-one,dn_1030,wk_1075,Giorgio Ippolita,Giorgio Ippolita,NULL,NULL,nsubj,nsubj,zero_zero_semantic,0.370798008782523
2212,967,one-to-one,dn_1030,wk_1075,MISSING,Giorgio Ippolita,MISSING,NULL,MISSING,nsubj,leftover_target,
2213,968,one-to-one,dn_1031,wk_1076,Giorgio Ippolita,Giorgio Ippolita,NULL,NULL,nsubj,nsubj,zero_zero_single,
2214,968,one-to-one,dn_1031,wk_1076,Giorgio Ippolita,MISSING,PRON-REFLEX,MISSING,obj,MISSING,leftover_source,
2215,968,one-to-one,dn_1031,wk_1076,MISSING,Giorgio Ippolita,MISSING,NOUN,MISSING,nsubj,leftover_target,
2216,969,many-to-one,dn_1032 dn_1033,wk_1077,Giorgio Ippolita,Giorgio Ippolita,NULL,NULL,nsubj,nsubj,zero_zero_semantic,0.25771895481480495
2217,969,many-to-one,dn_1032 dn_1033,wk_1077,Giorgio Ippolita,Giorgio Ippolita,NULL,NULL,nsubj,nsubj,zero_zero_semantic,0.6729027780393759
2218,970,one-to-many,dn_1034,wk_1078 wk_1079,Giorgio Ippolita,Giorgio Ippolita,DET,NOUN,nmod,nsubj,explicit_ref_only,
2219,970,one-to-many,dn_1034,wk_1078 wk_1079,Giorgio Ippolita,Giorgio Ippolita,NULL,NULL,nsubj,nsubj,zero_zero_single,
2220,971,one-to-one,dn_1035,wk_1080,Ippolita,MISSING,NULL,MISSING,nsubj,MISSING,leftover_source,
2221,972,one-to-one,dn_1036,wk_1081,Giorgio,Giorgio,PROPN,PROPN,nsubj,nsubj,explicit_full,
2222,972,one-to-one,dn_1036,wk_1081,MISSING,Giorgio,MISSING,NULL,MISSING,nsubj,leftover_target,
2223,972,one-to-one,dn_1036,wk_1081,MISSING,Ippolita,MISSING,PRON,MISSING,nmod,leftover_target,
2224,973,one-to-one,dn_1037,wk_1082,MISSING,Giorgio,MISSING,PRON,MISSING,nmod,leftover_target,
2225,973,one-to-one,dn_1037,wk_1082,Ippolita,Ippolita,PRON,PRON,nsubj,nsubj,explicit_full,
2226,973,one-to-one,dn_1037,wk_1082,Ippolita,MISSING,PRON-REFLEX,MISSING,obj,MISSING,leftover_source,
2227,973,one-to-one,dn_1037,wk_1082,Ippolita,MISSING,NULL,MISSING,nsubj,MISSING,leftover_source,
2228,974,one-to-one,dn_1038,wk_1083,Giorgio Ippolita,Giorgio Ippolita,PRON,NOUN,obj,nsubj,explicit_ref_only,
2229,974,one-to-one,dn_1038,wk_1083,Giorgio Ippolita,MISSING,DET,MISSING,nmod,MISSING,leftover_source,
2230,974,one-to-one,dn_1038,wk_1083,Giorgio Ippolita,MISSING,DET,MISSING,obj,MISSING,leftover_source,
2231,976,one-to-one,dn_1040,wk_1085,Ippolita,Ippolita,PROPN,PROPN,nsubj,nsubj,explicit_full,
2232,976,one-to-one,dn_1040,wk_1085,MISSING,Ippolita,MISSING,NULL,MISSING,nsubj,leftover_target,
2233,977,one-to-one,dn_1041,wk_1086,Giorgio Ippolita,Giorgio Ippolita,NULL,NULL,nsubj,nsubj,zero_zero_single,
2234,978,one-to-one,dn_1042,wk_1087,Ippolita,Ippolita,PRON,DET,nsubj,nmod,explicit_ref_only,
2235,979,one-to-one,dn_1043,wk_1088,Ippolita,Ippolita,NULL,NULL,nsubj,nsubj,zero_zero_semantic,0.4860379303373942
2236,979,one-to-one,dn_1043,wk_1088,Ippolita,Ippolita,NULL,NULL,nsubj,nsubj,zero_zero_semantic,0.31245416097016654
2237,979,one-to-one,dn_1043,wk_1088,MISSING,Ippolita,MISSING,PRON,MISSING,nsubj,leftover_target,
2238,979,one-to-one,dn_1043,wk_1088,MISSING,Ippolita,MISSING,NULL,MISSING,nsubj,leftover_target,
2239,980,one-to-one,dn_1044,wk_1089,Giorgio,Giorgio,PROPN,PROPN,nsubj,nsubj,explicit_full,
2240,980,one-to-one,dn_1044,wk_1089,Ippolita,Ippolita,PRON,PRON,obj,nmod,explicit_ref_pos,
2241,981,one-to-many,dn_1045,wk_1090 wk_1091,Giorgio,Giorgio,PRON,PRON,nsubj,nsubj,explicit_full,
2242,981,one-to-many,dn_1045,wk_1090 wk_1091,Giorgio,Giorgio,NULL,NULL,nsubj,nsubj,zero_zero_semantic,0.3504376931884621
2243,981,one-to-many,dn_1045,wk_1090 wk_1091,Giorgio,MISSING,PRON,MISSING,obj,MISSING,leftover_source,
2244,981,one-to-many,dn_1045,wk_1090 wk_1091,MISSING,Giorgio,MISSING,NULL,MISSING,nsubj,leftover_target,
2245,981,one-to-many,dn_1045,wk_1090 wk_1091,Ippolita,MISSING,PRON,MISSING,obj,MISSING,leftover_source,
2246,982,one-to-one,dn_1046,wk_1092,Giorgio,Giorgio,NULL,NULL,nsubj,nsubj,zero_zero_single,
2247,983,one-to-one,dn_1047,wk_1093,Giorgio,MISSING,PRON,MISSING,obj,MISSING,leftover_source,
2248,983,one-to-one,dn_1047,wk_1093,Ippolita,Ippolita,PROPN,PROPN,nsubj,nsubj,explicit_full,
2249,984,one-to-one,dn_1048,wk_1094,Ippolita,Ippolita,PRON,PRON,obj,nmod,explicit_ref_pos,
2250,985,one-to-one,dn_1049,wk_1095,Giorgio,Giorgio,PRON,PRON,nsubj,nsubj,explicit_full,
2251,985,one-to-one,dn_1049,wk_1095,Ippolita,Ippolita,PRON,PRON,obj,nmod,explicit_ref_pos,
2252,986,one-to-one,dn_1050,wk_1096,Giorgio,MISSING,PRON,MISSING,obj,MISSING,leftover_source,
2253,986,one-to-one,dn_1050,wk_1096,MISSING,Giorgio Ippolita,MISSING,PRON,MISSING,obj,leftover_target,
2254,986,one-to-one,dn_1050,wk_1096,Ippolita,Ippolita,PRON,PRON,nsubj,nsubj,explicit_full,
2255,986,one-to-one,dn_1050,wk_1096,Ippolita,MISSING,PRON-REFLEX,MISSING,obj,MISSING,leftover_source,
2256,986,one-to-one,dn_1050,wk_1096,Ippolita,MISSING,DET,MISSING,nmod,MISSING,leftover_source,
2257,986,one-to-one,dn_1050,wk_1096,Ippolita,MISSING,NULL,MISSING,nsubj,MISSING,leftover_source,
2258,986,one-to-one,dn_1050,wk_1096,Ippolitas-husband,Ippolitas-husband,NOUN,NOUN,obj,nmod,explicit_ref_pos,
2259,987,one-to-one,dn_1051 dn_1052,wk_1097 wk_1098,Ippolita,Ippolita,PRON,PRON,nsubj,nsubj,explicit_full,
2260,987,one-to-one,dn_1051 dn_1052,wk_1097 wk_1098,Ippolita,Ippolita,NULL,NULL,nsubj,nsubj,zero_zero_semantic,0.21874436757593768
2261,987,one-to-one,dn_1051 dn_1052,wk_1097 wk_1098,Ippolita,Ippolita,PRON,NULL,nsubj,nsubj,zero_to_src_anchor,
2262,987,one-to-one,dn_1051 dn_1052,wk_1097 wk_1098,Ippolita,MISSING,PRON-REFLEX,MISSING,obj,MISSING,leftover_source,
2263,987,one-to-one,dn_1051 dn_1052,wk_1097 wk_1098,MISSING,Ippolita,MISSING,NULL,MISSING,nsubj,leftover_target,
2264,989,one-to-one,dn_1054,wk_1100,Ippolita,Ippolita,PRON,PRON,obj,obj,explicit_full,
2265,990,one-to-one,dn_1055,wk_1101,Giorgio,Giorgio,PRON,PRON,nsubj,nsubj,explicit_full,
2266,990,one-to-one,dn_1055,wk_1101,MISSING,Giorgio,MISSING,NULL,MISSING,nsubj,leftover_target,
2267,993,one-to-many,dn_1058,wk_1104 wk_1105,Giorgio,Giorgio,NOUN,PRON,nsubj,nsubj,explicit_ref_case,
2268,993,one-to-many,dn_1058,wk_1104 wk_1105,Giorgio,MISSING,NULL,MISSING,nsubj,MISSING,leftover_source,
2269,993,one-to-many,dn_1058,wk_1104 wk_1105,MISSING,Giorgio,MISSING,NOUN,MISSING,obj,leftover_target,
2270,993,one-to-many,dn_1058,wk_1104 wk_1105,Ippolita,Ippolita,PROPN,PROPN,nsubj,nsubj,explicit_full,
2271,994,one-to-one,dn_1059,wk_1106,Giorgio,Giorgio,PRON,PROPN,obj,nmod,explicit_ref_only,
2272,994,one-to-one,dn_1059,wk_1106,Giorgio,MISSING,PRON,MISSING,obj,MISSING,leftover_source,
2273,994,one-to-one,dn_1059,wk_1106,Ippolita,Ippolita,PRON,PRON,nsubj,nsubj,explicit_full,
2274,994,one-to-one,dn_1059,wk_1106,MISSING,Ippolita,MISSING,NULL,MISSING,nsubj,leftover_target,
2275,995,one-to-one,dn_1060,wk_1107,Giorgio,Giorgio,PRON,PRON,nsubj,nsubj,explicit_full,
2276,996,one-to-one,dn_1061,wk_1108,Giorgio,Giorgio,PRON,PRON,nsubj,nsubj,explicit_full,
2277,996,one-to-one,dn_1061,wk_1108,Giorgio,Giorgio,NULL,NULL,nsubj,nsubj,zero_zero_semantic,0.3497002629770173
2278,996,one-to-one,dn_1061,wk_1108,MISSING,Giorgio,MISSING,NULL,MISSING,nsubj,leftover_target,
2279,996,one-to-one,dn_1061,wk_1108,Ippolita,Ippolita,PRON,PRON,obj,obj,explicit_full,
2280,997,one-to-many,dn_1062,wk_1109 wk_1110,Giorgio,Giorgio,PRON,PRON,obj,obj,explicit_full,
2281,997,one-to-many,dn_1062,wk_1109 wk_1110,Giorgio,MISSING,PRON,MISSING,nsubj,MISSING,leftover_source,
2282,997,one-to-many,dn_1062,wk_1109 wk_1110,Ippolita,Ippolita,PRON,PRON,nsubj,nsubj,explicit_full,
2283,997,one-to-many,dn_1062,wk_1109 wk_1110,Ippolita,Ippolita,NULL,NULL,nsubj,nsubj,zero_zero_single,
2284,998,one-to-one,dn_1063,wk_1111,Giorgio,Giorgio,PRON,PRON,obj,nmod,explicit_ref_pos,
2285,998,one-to-one,dn_1063,wk_1111,MISSING,Giorgio,MISSING,PRON,MISSING,nmod,leftover_target,
2286,998,one-to-one,dn_1063,wk_1111,Ippolita,Ippolita,NULL,NULL,nsubj,nsubj,zero_zero_semantic,0.35140720329114367
2287,998,one-to-one,dn_1063,wk_1111,Ippolita,Ippolita,NULL,PRON,nsubj,nsubj,zero_to_tgt_anchor,
2288,998,one-to-one,dn_1063,wk_1111,Ippolita,MISSING,NULL,MISSING,nsubj,MISSING,leftover_source,
2289,1000,one-to-one,dn_1065,wk_1113,Ippolita,Ippolita,NULL,NULL,nsubj,nsubj,zero_zero_semantic,0.33601239443786685
2290,1000,one-to-one,dn_1065,wk_1113,MISSING,Ippolita,MISSING,PROPN,MISSING,nsubj,leftover_target,
2291,1000,one-to-one,dn_1065,wk_1113,MISSING,Ippolita,MISSING,NULL,MISSING,nsubj,leftover_target,
2292,1001,many-to-one,dn_1066 dn_1067,wk_1114,Giorgio,MISSING,NOUN,MISSING,vocative,MISSING,leftover_source,
2293,1001,many-to-one,dn_1066 dn_1067,wk_1114,MISSING,Giorgio Ippolita,MISSING,NULL,MISSING,nsubj,leftover_target,
2294,1002,one-to-one,dn_1068,wk_1115,Giorgio,Giorgio,PRON,PROPN,obj,obj,explicit_ref_case,
2295,1002,one-to-one,dn_1068,wk_1115,Ippolita,Ippolita,PRON,PRON,nsubj,nsubj,explicit_full,
2296,1002,one-to-one,dn_1068,wk_1115,Ippolita,MISSING,PRON-REFLEX,MISSING,obj,MISSING,leftover_source,
2297,1003,one-to-one,dn_1069,wk_1116,Ippolita,Ippolita,NULL,NULL,nsubj,nsubj,zero_zero_semantic,0.3436409458518028
2298,1003,one-to-one,dn_1069,wk_1116,Ippolita,Ippolita,NULL,NULL,nsubj,nsubj,zero_zero_semantic,0.4076257442886179
2299,1005,many-to-one,dn_1071 dn_1072 dn_1073,wk_1118,Giorgio,MISSING,NOUN,MISSING,vocative,MISSING,leftover_source,
2300,1005,many-to-one,dn_1071 dn_1072 dn_1073,wk_1118,Giorgio Ippolita,Giorgio Ippolita,NULL,NULL,nsubj,nsubj,zero_zero_single,
2301,1006,one-to-one,dn_1074,wk_1119,Giorgio,Giorgio,PRON,PRON,nsubj,nsubj,explicit_full,
2302,1006,one-to-one,dn_1074,wk_1119,Giorgio,MISSING,PRON,MISSING,obj,MISSING,leftover_source,
2303,1006,one-to-one,dn_1074,wk_1119,MISSING,Ippolita,MISSING,DET,MISSING,nmod,leftover_target,
2304,1007,one-to-one,dn_1075,wk_1120,Giorgio,Giorgio,NULL,NULL,nsubj,nsubj,zero_zero_single,
2305,1007,one-to-one,dn_1075,wk_1120,Giorgio,MISSING,PRON-REFLEX,MISSING,obj,MISSING,leftover_source,
2306,1007,one-to-one,dn_1075,wk_1120,MISSING,Giorgio,MISSING,PRON,MISSING,nsubj,leftover_target,
2307,1011,one-to-one,dn_1079,wk_1124,Giorgio Ippolita,Giorgio Ippolita,NULL,NULL,nsubj,nsubj,zero_zero_single,
2308,1012,one-to-one,dn_1080,wk_1125,Giorgio,Giorgio,PROPN,PROPN,nsubj,nsubj,explicit_full,
2309,1012,one-to-one,dn_1080,wk_1125,Giorgio,MISSING,PRON,MISSING,nmod,MISSING,leftover_source,
2310,1012,one-to-one,dn_1080,wk_1125,Giorgio,MISSING,PRON,MISSING,obj,MISSING,leftover_source,
2311,1012,one-to-one,dn_1080,wk_1125,Ippolita,Ippolita,NOUN,NOUN,nmod,nsubj,explicit_ref_pos,
2312,1013,one-to-one,dn_1081,wk_1126,Giorgio,MISSING,PRON,MISSING,obj,MISSING,leftover_source,
2313,1013,one-to-one,dn_1081,wk_1126,MISSING,Giorgio,MISSING,NULL,MISSING,nsubj,leftover_target,
2314,1014,many-to-one,dn_1082 dn_1083,wk_1127,Giorgio Ippolita,Giorgio Ippolita,NULL,NULL,nsubj,nsubj,zero_zero_single,
2315,1015,one-to-one,dn_1084,wk_1128,Giorgio,Giorgio,NULL,NULL,nsubj,nsubj,zero_zero_semantic,0.24906138281027476
2316,1015,one-to-one,dn_1084,wk_1128,Giorgio,Giorgio,PRON,NULL,nsubj,nsubj,zero_to_src_anchor,
2317,1016,one-to-one,dn_1085,wk_1129,Giorgio,Giorgio,DET,PRON,nmod,nmod,explicit_ref_case,
2318,1016,one-to-one,dn_1085,wk_1129,Giorgio,Giorgio,DET,PRON,nmod,nsubj,explicit_ref_only,
2319,1016,one-to-one,dn_1085,wk_1129,Giorgio,Giorgio,NULL,NULL,nsubj,nsubj,zero_zero_semantic,0.20371078719717509
2320,1016,one-to-one,dn_1085,wk_1129,MISSING,Giorgio,MISSING,NULL,MISSING,nsubj,leftover_target,
2321,1016,one-to-one,dn_1085,wk_1129,MISSING,Giorgio,MISSING,NULL,MISSING,nsubj,leftover_target,
2322,1016,one-to-one,dn_1085,wk_1129,MISSING,Giorgio,MISSING,NULL,MISSING,nsubj,leftover_target,
2323,1017,one-to-one,dn_1086,wk_1130,Giorgio,Giorgio,PRON,PRON,obj,obj,explicit_full,
2324,1017,one-to-one,dn_1086,wk_1130,Giorgio,MISSING,PRON,MISSING,obj,MISSING,leftover_source,
2325,1017,one-to-one,dn_1086,wk_1130,MISSING,Giorgio,MISSING,NULL,MISSING,nsubj,leftover_target,
2326,1021,one-to-one,dn_1090,wk_1138,Ippolita,MISSING,PRON,MISSING,obj,MISSING,leftover_source,
2327,1022,one-to-many,dn_1091,wk_1139 wk_1140,Ippolita,Ippolita,PROPN,PROPN,nsubj,nsubj,explicit_full,
2328,1022,one-to-many,dn_1091,wk_1139 wk_1140,Ippolita,MISSING,PRON-REFLEX,MISSING,obj,MISSING,leftover_source,
2329,1022,one-to-many,dn_1091,wk_1139 wk_1140,MISSING,Ippolita,MISSING,NULL,MISSING,nsubj,leftover_target,
2330,1023,one-to-one,dn_1092,wk_1141,Ippolita,Ippolita,NULL,NULL,nsubj,nsubj,zero_zero_single,
2331,1023,one-to-one,dn_1092,wk_1141,Ippolita,MISSING,PRON-REFLEX,MISSING,obj,MISSING,leftover_source,
2332,1023,one-to-one,dn_1092,wk_1141,MISSING,Ippolita,MISSING,PRON,MISSING,nsubj,leftover_target,
2333,1024,one-to-one,dn_1093,wk_1142,Ippolita,Ippolita,PRON,PRON,nsubj,nsubj,explicit_full,
2334,1024,one-to-one,dn_1093,wk_1142,aunt-Giovianna,aunt-Giovianna,NOUN,NOUN,obj,nmod,explicit_ref_pos,
2335,1025,one-to-one,dn_1094,wk_1143,Ippolita,MISSING,PRON-REFLEX,MISSING,obj,MISSING,leftover_source,
2336,1025,one-to-one,dn_1094,wk_1143,Ippolita,MISSING,NULL,MISSING,nsubj,MISSING,leftover_source,
2337,1025,one-to-one,dn_1094,wk_1143,aunt-Giovianna,aunt-Giovianna,NOUN,NOUN,nsubj,nsubj,explicit_full,
2338,1025,one-to-one,dn_1094,wk_1143,aunt-Giovianna,aunt-Giovianna,NULL,NULL,nsubj,nsubj,zero_zero_single,
2339,1025,one-to-one,dn_1094,wk_1143,MISSING,aunt-Giovianna,MISSING,NOUN,MISSING,vocative,leftover_target,
2340,1026,one-to-one,dn_1095,wk_1144,Giorgio,MISSING,PRON,MISSING,nsubj,MISSING,leftover_source,
2341,1026,one-to-one,dn_1095,wk_1144,Ippolita,Ippolita,NULL,PRON,nsubj,nsubj,zero_to_tgt_anchor,
2342,1026,one-to-one,dn_1095,wk_1144,Ippolita,Ippolita,NULL,PRON,nsubj,nsubj,zero_to_tgt_anchor,
2343,1026,one-to-one,dn_1095,wk_1144,Ippolita,MISSING,PRON-REFLEX,MISSING,obj,MISSING,leftover_source,
2344,1026,one-to-one,dn_1095,wk_1144,aunt-Giovianna,aunt-Giovianna,DET,NOUN,nmod,nsubj,explicit_ref_only,
2345,1026,one-to-one,dn_1095,wk_1144,aunt-Giovianna,MISSING,PRON,MISSING,obj,MISSING,leftover_source,
2346,1027,one-to-one,dn_1096,wk_1145,Ippolita,MISSING,PRON-REFLEX,MISSING,obj,MISSING,leftover_source,
2347,1027,one-to-one,dn_1096,wk_1145,Ippolita,MISSING,NULL,MISSING,nsubj,MISSING,leftover_source,
2348,1027,one-to-one,dn_1096,wk_1145,aunt-Giovianna,aunt-Giovianna,NULL,NOUN,nsubj,nsubj,zero_to_tgt_anchor,
2349,1028,one-to-one,dn_1097,wk_1146,aunt-Giovianna,aunt-Giovianna,NOUN,NOUN,vocative,vocative,explicit_full,
2350,1029,one-to-one,dn_1098,wk_1147,Ippolita,MISSING,NULL,MISSING,nsubj,MISSING,leftover_source,
2351,1029,one-to-one,dn_1098,wk_1147,aunt-Giovianna,MISSING,PRON,MISSING,obj,MISSING,leftover_source,
2352,1029,one-to-one,dn_1098,wk_1147,aunt-Giovianna,MISSING,DET,MISSING,nmod,MISSING,leftover_source,
2353,1029,one-to-one,dn_1098,wk_1147,aunt-Giovianna,MISSING,DET,MISSING,nmod,MISSING,leftover_source,
2354,1029,one-to-one,dn_1098,wk_1147,MISSING,aunt-Giovianna,MISSING,NULL,MISSING,nsubj,leftover_target,
2355,1029,one-to-one,dn_1098,wk_1147,MISSING,aunt-Giovianna,MISSING,NULL,MISSING,nsubj,leftover_target,
2356,1030,one-to-many,dn_1099,wk_1148 wk_1149,Giorgio,Giorgio,PROPN,PROPN,obj,obj,explicit_full,
2357,1030,one-to-many,dn_1099,wk_1148 wk_1149,Ippolita,Ippolita,PRON,PROPN,nsubj,nsubj,explicit_ref_case,
2358,1030,one-to-many,dn_1099,wk_1148 wk_1149,Ippolita,MISSING,PRON-REFLEX,MISSING,obj,MISSING,leftover_source,
2359,1030,one-to-many,dn_1099,wk_1148 wk_1149,MISSING,Ippolita,MISSING,NULL,MISSING,nsubj,leftover_target,
2360,1030,one-to-many,dn_1099,wk_1148 wk_1149,MISSING,Ippolita,MISSING,NULL,MISSING,nsubj,leftover_target,
2361,1030,one-to-many,dn_1099,wk_1148 wk_1149,MISSING,Ippolita,MISSING,NULL,MISSING,nsubj,leftover_target,
2362,1030,one-to-many,dn_1099,wk_1148 wk_1149,pavers,pavers,NOUN,NOUN,nsubj,nmod,explicit_ref_pos,
2363,1031,one-to-one,dn_1100,wk_1150,Ippolita,MISSING,PRON-REFLEX,MISSING,obj,MISSING,leftover_source,
2364,1031,one-to-one,dn_1100,wk_1150,Ippolita,MISSING,NULL,MISSING,nsubj,MISSING,leftover_source,
2365,1033,one-to-one,dn_1102,wk_1152,Ippolita,Ippolita,PRON,PRON,nsubj,nsubj,explicit_full,
2366,1033,one-to-one,dn_1102,wk_1152,MISSING,Ippolita,MISSING,NULL,MISSING,nsubj,leftover_target,
2367,1034,many-to-one,dn_1103 dn_1104,wk_1153,Ippolita,Ippolita,PRON,PRON,obj,nsubj,explicit_ref_pos,
2368,1034,many-to-one,dn_1103 dn_1104,wk_1153,Ippolita,Ippolita,PRON,PRON,obj,nsubj,explicit_ref_pos,
2369,1034,many-to-one,dn_1103 dn_1104,wk_1153,Ippolita,Ippolita,NULL,NULL,nsubj,nsubj,zero_zero_semantic,0.34974324504534404
2370,1034,many-to-one,dn_1103 dn_1104,wk_1153,Ippolita,Ippolita,NULL,NULL,nsubj,nsubj,zero_zero_semantic,0.5337004410723845
2371,1035,one-to-one,dn_1105 dn_1106,wk_1154 wk_1155 wk_1156,Ippolita,Ippolita,PRON,PRON,nsubj,nsubj,explicit_full,
2372,1035,one-to-one,dn_1105 dn_1106,wk_1154 wk_1155 wk_1156,Ippolita,Ippolita,PRON,PRON,obj,obj,explicit_full,
2373,1035,one-to-one,dn_1105 dn_1106,wk_1154 wk_1155 wk_1156,Ippolita,Ippolita,PRON,PRON,nsubj,nsubj,explicit_full,
2374,1035,one-to-one,dn_1105 dn_1106,wk_1154 wk_1155 wk_1156,Ippolita,MISSING,PRON-REFLEX,MISSING,obj,MISSING,leftover_source,
2375,1035,one-to-one,dn_1105 dn_1106,wk_1154 wk_1155 wk_1156,MISSING,Ippolita,MISSING,NULL,MISSING,nsubj,leftover_target,
2376,1035,one-to-one,dn_1105 dn_1106,wk_1154 wk_1155 wk_1156,MISSING,Ippolita,MISSING,NULL,MISSING,nsubj,leftover_target,
2377,1037,many-to-one,dn_1109 dn_1110,wk_1158,Ippolita,Ippolita,NULL,NULL,nsubj,nsubj,zero_zero_semantic,0.28006203842864574
2378,1037,many-to-one,dn_1109 dn_1110,wk_1158,Ippolita,MISSING,PRON,MISSING,obj,MISSING,leftover_source,
2379,1037,many-to-one,dn_1109 dn_1110,wk_1158,MISSING,Ippolita,MISSING,NULL,MISSING,nsubj,leftover_target,
2380,1037,many-to-one,dn_1109 dn_1110,wk_1158,MISSING,Ippolita,MISSING,NULL,MISSING,nsubj,leftover_target,
2381,1037,many-to-one,dn_1109 dn_1110,wk_1158,MISSING,Ippolita,MISSING,NULL,MISSING,nsubj,leftover_target,
2382,1037,many-to-one,dn_1109 dn_1110,wk_1158,MISSING,Ippolita,MISSING,NULL,MISSING,nsubj,leftover_target,
2383,1038,one-to-one,dn_1111,wk_1159,Ippolita,Ippolita,PRON,PRON,obj,nmod,explicit_ref_pos,
2384,1038,one-to-one,dn_1111,wk_1159,Ippolita,MISSING,PRON,MISSING,obj,MISSING,leftover_source,
2385,1040,one-to-one,dn_1113,wk_1161,Ippolita,Ippolita,NULL,NULL,nsubj,nsubj,zero_zero_semantic,0.48992922423141344
2386,1040,one-to-one,dn_1113,wk_1161,Ippolita,Ippolita,NULL,NULL,nsubj,nsubj,zero_zero_semantic,0.3317117209137954
2387,1041,one-to-one,dn_1114,wk_1162,Ippolita,Ippolita,PRON,PRON,obj,nmod,explicit_ref_pos,
2388,1042,one-to-one,dn_1115,wk_1163,Ippolita,Ippolita,PRON,PROPN,nsubj,nsubj,explicit_ref_case,
2389,1042,one-to-one,dn_1115,wk_1163,MISSING,Ippolita,MISSING,NULL,MISSING,nsubj,leftover_target,
2390,1042,one-to-one,dn_1115,wk_1163,MISSING,Ippolita,MISSING,NULL,MISSING,nsubj,leftover_target,
2391,1043,one-to-one,dn_1116,wk_1164,MISSING,Ippolita,MISSING,PRON,MISSING,nsubj,leftover_target,
2392,1045,one-to-one,dn_1118,wk_1166,Ippolita,Ippolita,NULL,NULL,nsubj,nsubj,zero_zero_single,
2393,1045,one-to-one,dn_1118,wk_1166,Ippolita,MISSING,PRON-REFLEX,MISSING,obj,MISSING,leftover_source,
2394,1045,one-to-one,dn_1118,wk_1166,aunt-Giovianna,aunt-Giovianna,NOUN,NOUN,nmod,nsubj,explicit_ref_pos,
2395,1046,one-to-many,dn_1119,wk_1167 wk_1168,Clarice,Clarice,NOUN,NOUN,nsubj,nsubj,explicit_full,
2396,1046,one-to-many,dn_1119,wk_1167 wk_1168,Clarice,Clarice,NOUN,NOUN,nsubj,pred,explicit_ref_pos,
2397,1046,one-to-many,dn_1119,wk_1167 wk_1168,Clarice,Clarice,NOUN,NOUN,obj,pred,explicit_ref_pos,
2398,1046,one-to-many,dn_1119,wk_1167 wk_1168,Clarice,MISSING,PRON-REFLEX,MISSING,obj,MISSING,leftover_source,
2399,1046,one-to-many,dn_1119,wk_1167 wk_1168,MISSING,Clarice,MISSING,NULL,MISSING,nsubj,leftover_target,
2400,1046,one-to-many,dn_1119,wk_1167 wk_1168,Ippolita,Ippolita,PRON,PRON,obj,obj,explicit_full,
2401,1047,one-to-one,dn_1120,wk_1169,aunt-Giovianna,aunt-Giovianna,NOUN,NOUN,nsubj,nsubj,explicit_full,
2402,1047,one-to-one,dn_1120,wk_1169,MISSING,aunt-Giovianna,MISSING,NULL,MISSING,nsubj,leftover_target,
2403,1048,many-to-one,dn_1121 dn_1122,wk_1170,Ippolita Clarice,Ippolita Clarice,PRON,PRON,nsubj,nsubj,explicit_full,
2404,1048,many-to-one,dn_1121 dn_1122,wk_1170,Ippolita Clarice,Ippolita Clarice,PRON,PRON,obj,nmod,explicit_ref_pos,
2405,1048,many-to-one,dn_1121 dn_1122,wk_1170,MISSING,Ippolita Clarice,MISSING,NULL,MISSING,nsubj,leftover_target,
2406,1048,many-to-one,dn_1121 dn_1122,wk_1170,MISSING,Ippolita Clarice,MISSING,NULL,MISSING,nsubj,leftover_target,
2407,1048,many-to-one,dn_1121 dn_1122,wk_1170,MISSING,Ippolita Clarice,MISSING,NULL,MISSING,nsubj,leftover_target,
2408,1049,one-to-one,dn_1123,wk_1171,Clarice,Clarice,PROPN,PROPN,nsubj,nsubj,explicit_full,
2409,1049,one-to-one,dn_1123,wk_1171,Clarice,Clarice,NULL,NULL,nsubj,nsubj,zero_zero_single,
2410,1050,one-to-one,dn_1124,wk_1172,Ippolita Clarice,Ippolita Clarice,PRON,NOUN,nsubj,nsubj,explicit_ref_case,
2411,1050,one-to-one,dn_1124,wk_1172,MISSING,Ippolita Clarice,MISSING,NULL,MISSING,nsubj,leftover_target,
2412,1051,one-to-one,dn_1125,wk_1173,Clarice,Clarice,PROPN,PROPN,nsubj,nsubj,explicit_full,
2413,1052,one-to-one,dn_1126,wk_1174,Clarice,Clarice,NOUN,NOUN,pred,pred,explicit_full,
2414,1052,one-to-one,dn_1126,wk_1174,Clarice,Clarice,NULL,NULL,nsubj,nsubj,zero_zero_single,
2415,1053,one-to-one,dn_1127,wk_1175,Ippolita Clarice,Ippolita Clarice,PRON,PRON,nsubj,nsubj,explicit_full,
2416,1053,one-to-one,dn_1127,wk_1175,MISSING,Ippolita Clarice,MISSING,NULL,MISSING,nsubj,leftover_target,
2417,1053,one-to-one,dn_1127,wk_1175,MISSING,Ippolita Clarice,MISSING,NULL,MISSING,nsubj,leftover_target,
2418,1054,one-to-one,dn_1128,wk_1176,Ippolita Clarice,Ippolita Clarice,DET,PRON,nmod,nmod,explicit_ref_case,
2419,1055,one-to-many,dn_1129,wk_1177 wk_1178,Clarice,Clarice,PROPN,PROPN,nsubj,nsubj,explicit_full,
2420,1055,one-to-many,dn_1129,wk_1177 wk_1178,MISSING,Clarice,MISSING,NULL,MISSING,nsubj,leftover_target,
2421,1055,one-to-many,dn_1129,wk_1177 wk_1178,MISSING,Clarice,MISSING,NULL,MISSING,nsubj,leftover_target,
2422,1055,one-to-many,dn_1129,wk_1177 wk_1178,Ippolita,Ippolita,PRON,PRON,obj,obj,explicit_full,
2423,1055,one-to-many,dn_1129,wk_1177 wk_1178,Ippolita,Ippolita,PRON,PRON,obj,nmod,explicit_ref_pos,
2424,1055,one-to-many,dn_1129,wk_1177 wk_1178,Ippolita,Ippolita,NULL,NULL,nsubj,nsubj,zero_zero_semantic,0.3209091583446227
2425,1055,one-to-many,dn_1129,wk_1177 wk_1178,Ippolita,Ippolita,NULL,NULL,nsubj,nsubj,zero_zero_semantic,0.5461357442964394
2426,1055,one-to-many,dn_1129,wk_1177 wk_1178,MISSING,Ippolita Clarice,MISSING,NULL,MISSING,nsubj,leftover_target,
2427,1055,one-to-many,dn_1129,wk_1177 wk_1178,MISSING,Ippolita Clarice,MISSING,NULL,MISSING,nsubj,leftover_target,
2428,1056,one-to-one,dn_1130,wk_1179,MISSING,Clarice,MISSING,PROPN,MISSING,nmod,leftover_target,
2429,1057,many-to-one,dn_1131 dn_1132,wk_1180,Ippolita Clarice,Ippolita Clarice,PRON,PRON,nsubj,nsubj,explicit_full,
2430,1057,many-to-one,dn_1131 dn_1132,wk_1180,Ippolita Clarice,Ippolita Clarice,NULL,NULL,nsubj,nsubj,zero_zero_single,
2431,1057,many-to-one,dn_1131 dn_1132,wk_1180,aunt-Giovianna,aunt-Giovianna,NOUN,NOUN,nsubj,nsubj,explicit_full,
2432,1058,one-to-one,dn_1133,wk_1181,Clarice,Clarice,PROPN,PROPN,nsubj,nsubj,explicit_full,
2433,1058,one-to-one,dn_1133,wk_1181,MISSING,Clarice,MISSING,NULL,MISSING,nsubj,leftover_target,
2434,1058,one-to-one,dn_1133,wk_1181,Ippolita,Ippolita,PRON,PRON,nsubj,nsubj,explicit_full,
2435,1058,one-to-one,dn_1133,wk_1181,Ippolita,MISSING,PRON-REFLEX,MISSING,obj,MISSING,leftover_source,
2436,1060,one-to-many,dn_1135,wk_1183 wk_1184,Ippolita,Ippolita,PRON,PRON,obj,obj,explicit_full,
2437,1060,one-to-many,dn_1135,wk_1183 wk_1184,Ippolita,Ippolita,PRON,PRON,obj,nsubj,explicit_ref_pos,
2438,1060,one-to-many,dn_1135,wk_1183 wk_1184,Ippolita,Ippolita,NULL,PRON,nsubj,nsubj,zero_to_tgt_anchor,
2439,1060,one-to-many,dn_1135,wk_1183 wk_1184,aunt-Giovianna,aunt-Giovianna,NOUN,NOUN,nsubj,nsubj,explicit_full,
2440,1060,one-to-many,dn_1135,wk_1183 wk_1184,aunt-Giovianna,aunt-Giovianna,PRON,NOUN,obj,obj,explicit_ref_case,
2441,1060,one-to-many,dn_1135,wk_1183 wk_1184,MISSING,aunt-Giovianna,MISSING,NULL,MISSING,nsubj,leftover_target,
2442,1061,one-to-one,dn_1136,wk_1185,Ippolita,Ippolita,NULL,NULL,nsubj,nsubj,zero_zero_single,
2443,1061,one-to-one,dn_1136,wk_1185,MISSING,Ippolita,MISSING,PRON,MISSING,nsubj,leftover_target,
2444,1062,one-to-one,dn_1137,wk_1186,Ippolita,MISSING,PRON,MISSING,obj,MISSING,leftover_source,
2445,1063,one-to-many,dn_1138,wk_1187 wk_1188 wk_1189,Ippolita,Ippolita,PRON,PRON,obj,obj,explicit_full,
2446,1063,one-to-many,dn_1138,wk_1187 wk_1188 wk_1189,Ippolita,Ippolita,PRON,PROPN,nsubj,nsubj,explicit_ref_case,
2447,1063,one-to-many,dn_1138,wk_1187 wk_1188 wk_1189,Ippolita,MISSING,PRON-REFLEX,MISSING,obj,MISSING,leftover_source,
2448,1063,one-to-many,dn_1138,wk_1187 wk_1188 wk_1189,Ippolita,MISSING,PRON,MISSING,obj,MISSING,leftover_source,
2449,1063,one-to-many,dn_1138,wk_1187 wk_1188 wk_1189,MISSING,Ippolita,MISSING,NULL,MISSING,nsubj,leftover_target,
2450,1063,one-to-many,dn_1138,wk_1187 wk_1188 wk_1189,MISSING,Ippolita,MISSING,NULL,MISSING,nsubj,leftover_target,
2451,1063,one-to-many,dn_1138,wk_1187 wk_1188 wk_1189,pavers,pavers,NOUN,NOUN,nsubj,nsubj,explicit_full,
2452,1064,one-to-one,dn_1139,wk_1190,Giorgio Ippolita,Giorgio Ippolita,NOUN,NOUN,nsubj,nsubj,explicit_full,
2453,1064,one-to-one,dn_1139,wk_1190,MISSING,Giorgio Ippolita,MISSING,NULL,MISSING,nsubj,leftover_target,
2454,1065,one-to-one,dn_1140,wk_1191,Giorgio Ippolita,Giorgio Ippolita,NULL,NOUN,nsubj,nsubj,zero_to_tgt_anchor,
2455,1066,one-to-one,dn_1141,wk_1192,Giorgio Ippolita,Giorgio Ippolita,NULL,NULL,nsubj,nsubj,zero_zero_single,
2456,1066,one-to-one,dn_1141,wk_1192,MISSING,Giorgio Ippolita,MISSING,PRON,MISSING,nsubj,leftover_target,
2457,1066,one-to-one,dn_1141,wk_1192,MISSING,Giorgio Ippolita,MISSING,NOUN,MISSING,nsubj,leftover_target,
2458,1067,one-to-one,dn_1142,wk_1193,Giorgio Ippolita,Giorgio Ippolita,NULL,NOUN,nsubj,nsubj,zero_to_tgt_anchor,
2459,1068,one-to-one,dn_1143,wk_1194,Giorgio,Giorgio,PROPN,PROPN,obj,obj,explicit_full,
2460,1068,one-to-one,dn_1143,wk_1194,Giorgio,MISSING,PRON,MISSING,obj,MISSING,leftover_source,
2461,1068,one-to-one,dn_1143,wk_1194,Ippolita,Ippolita,PROPN,PROPN,nsubj,nsubj,explicit_full,
2462,1068,one-to-one,dn_1143,wk_1194,Ippolita,MISSING,DET,MISSING,nmod,MISSING,leftover_source,
2463,1068,one-to-one,dn_1143,wk_1194,Ippolita,MISSING,PRON-REFLEX,MISSING,obj,MISSING,leftover_source,
2464,1068,one-to-one,dn_1143,wk_1194,MISSING,Ippolita,MISSING,NULL,MISSING,nsubj,leftover_target,
2465,1069,many-to-one,dn_1144 dn_1145,wk_1195,Giorgio,Giorgio,DET,PRON,nmod,nmod,explicit_ref_case,
2466,1069,many-to-one,dn_1144 dn_1145,wk_1195,Giorgio,MISSING,NULL,MISSING,nsubj,MISSING,leftover_source,
2467,1070,one-to-one,dn_1146,wk_1196,Ippolita,Ippolita,NULL,NULL,nsubj,nsubj,zero_zero_single,
2468,1070,one-to-one,dn_1146,wk_1196,Ippolita,MISSING,PRON,MISSING,obj,MISSING,leftover_source,
2469,1071,one-to-one,dn_1147,wk_1197,Giorgio,Giorgio,PROPN,PROPN,nsubj,nsubj,explicit_full,
2470,1073,one-to-one,dn_1149,wk_1199,Ippolita,Ippolita,NULL,NULL,nsubj,nsubj,zero_zero_single,
2471,1075,one-to-one,dn_1151,wk_1201,Ippolita,Ippolita,NULL,NULL,nsubj,nsubj,zero_zero_single,
2472,1076,one-to-many,dn_1152,wk_1202 wk_1203,Ippolita,Ippolita,NULL,NULL,nsubj,nsubj,zero_zero_semantic,0.36166246629527776
2473,1076,one-to-many,dn_1152,wk_1202 wk_1203,MISSING,Ippolita,MISSING,NULL,MISSING,nsubj,leftover_target,
2474,1076,one-to-many,dn_1152,wk_1202 wk_1203,MISSING,Ippolita,MISSING,PRON,MISSING,nmod,leftover_target,
2475,1076,one-to-many,dn_1152,wk_1202 wk_1203,MISSING,Ippolita,MISSING,NULL,MISSING,nsubj,leftover_target,
2476,1076,one-to-many,dn_1152,wk_1202 wk_1203,Ippolitas-husband,Ippolitas-husband,NOUN,NOUN,nmod,nmod,explicit_full,
2477,1077,one-to-one,dn_1153,wk_1204,Ippolita,Ippolita,NULL,NULL,nsubj,nsubj,zero_zero_single,
2478,1079,one-to-one,dn_1155,wk_1206,Giorgio,MISSING,PRON,MISSING,obj,MISSING,leftover_source,
2479,1079,one-to-one,dn_1155,wk_1206,Ippolita,Ippolita,NULL,NULL,nsubj,nsubj,zero_zero_single,
2480,1080,one-to-one,dn_1156,wk_1207,Giorgio,Giorgio,PROPN,PROPN,nsubj,nsubj,explicit_full,
2481,1081,one-to-one,dn_1157,wk_1208,Ippolita,Ippolita,PRON,PRON,nsubj,nsubj,explicit_full,
2482,1081,one-to-one,dn_1157,wk_1208,MISSING,Ippolita,MISSING,NULL,MISSING,nsubj,leftover_target,
2483,1082,one-to-one,dn_1158,wk_1209,Giorgio,Giorgio,PROPN,PROPN,nsubj,nsubj,explicit_full,
2484,1082,one-to-one,dn_1158,wk_1209,Giorgio,MISSING,PRON-REFLEX,MISSING,obj,MISSING,leftover_source,
2485,1082,one-to-one,dn_1158,wk_1209,MISSING,Giorgio,MISSING,NULL,MISSING,nsubj,leftover_target,
2486,1082,one-to-one,dn_1158,wk_1209,Ippolita,Ippolita,PRON,PRON,nsubj,nsubj,explicit_full,
2487,1082,one-to-one,dn_1158,wk_1209,Ippolita,MISSING,PRON,MISSING,obj,MISSING,leftover_source,
2488,1083,many-to-one,dn_1159 dn_1160,wk_1210,Giorgio,Giorgio,PRON,PRON,nsubj,obj,explicit_ref_pos,
2489,1083,many-to-one,dn_1159 dn_1160,wk_1210,Ippolita,Ippolita,NULL,NULL,nsubj,nsubj,zero_zero_semantic,0.1280205851793289
2490,1083,many-to-one,dn_1159 dn_1160,wk_1210,MISSING,Ippolita,MISSING,NULL,MISSING,nsubj,leftover_target,
2491,1084,one-to-one,dn_1161,wk_1211,Giorgio,Giorgio,PRON,NOUN,obj,obj,explicit_ref_case,
2492,1084,one-to-one,dn_1161,wk_1211,Ippolita,Ippolita,PRON,PRON,nsubj,nsubj,explicit_full,
2493,1084,one-to-one,dn_1161,wk_1211,Ippolita,Ippolita,NULL,NULL,nsubj,nsubj,zero_zero_semantic,0.36401569170615594
2494,1084,one-to-one,dn_1161,wk_1211,Ippolita,MISSING,PRON-REFLEX,MISSING,obj,MISSING,leftover_source,
2495,1084,one-to-one,dn_1161,wk_1211,Ippolita,MISSING,NULL,MISSING,nsubj,MISSING,leftover_source,
2496,1085,one-to-one,dn_1162,wk_1212,Giorgio,MISSING,PRON,MISSING,obj,MISSING,leftover_source,
2497,1085,one-to-one,dn_1162,wk_1212,Giorgio,MISSING,NULL,MISSING,nsubj,MISSING,leftover_source,
2498,1085,one-to-one,dn_1162,wk_1212,Ippolita,Ippolita,NULL,NULL,nsubj,nsubj,zero_zero_single,
2499,1085,one-to-one,dn_1162,wk_1212,Ippolita,MISSING,PRON,MISSING,obj,MISSING,leftover_source,
2500,1086,one-to-one,dn_1163,wk_1213,Giorgio,Giorgio,DET,PRON,nmod,nmod,explicit_ref_case,
2501,1086,one-to-one,dn_1163,wk_1213,Giorgio,Giorgio,NULL,NULL,nsubj,nsubj,zero_zero_single,
2502,1087,one-to-one,dn_1164,wk_1214,Giorgio,MISSING,NULL,MISSING,nsubj,MISSING,leftover_source,
2503,1087,one-to-one,dn_1164,wk_1214,Ippolita,MISSING,PRON,MISSING,obj,MISSING,leftover_source,
2504,1089,many-to-one,dn_1166 dn_1167,wk_1216,Giorgio,MISSING,NULL,MISSING,nsubj,MISSING,leftover_source,
2505,1089,many-to-one,dn_1166 dn_1167,wk_1216,Ippolita,Ippolita,NULL,NULL,nsubj,nsubj,zero_zero_semantic,0.036815885549241846
2506,1089,many-to-one,dn_1166 dn_1167,wk_1216,Ippolita,MISSING,PRON,MISSING,obj,MISSING,leftover_source,
2507,1089,many-to-one,dn_1166 dn_1167,wk_1216,Ippolita,MISSING,PRON,MISSING,obj,MISSING,leftover_source,
2508,1089,many-to-one,dn_1166 dn_1167,wk_1216,MISSING,Ippolita,MISSING,NULL,MISSING,nsubj,leftover_target,
2509,1090,one-to-one,dn_1168,wk_1217,Giorgio,Giorgio,NOUN,NOUN,nmod,nsubj,explicit_ref_pos,
2510,1090,one-to-one,dn_1168,wk_1217,Ippolita,Ippolita,PRON,PRON,nsubj,nsubj,explicit_full,
2511,1090,one-to-one,dn_1168,wk_1217,MISSING,Ippolita,MISSING,NULL,MISSING,nsubj,leftover_target,
2512,1091,one-to-one,dn_1169,wk_1218,Giorgio Ippolita,Giorgio Ippolita,NULL,NULL,nsubj,nsubj,zero_zero_semantic,0.13587217611856148
2513,1091,one-to-one,dn_1169,wk_1218,Giorgio Ippolita,Giorgio Ippolita,NULL,NULL,nsubj,nsubj,zero_zero_semantic,0.24202839298047282
2514,1092,one-to-one,dn_1170,wk_1219,Giorgio Ippolita,Giorgio Ippolita,NULL,NULL,nsubj,nsubj,zero_zero_single,
2515,1092,one-to-one,dn_1170,wk_1219,Ippolita,MISSING,NULL,MISSING,nsubj,MISSING,leftover_source,
2516,1097,one-to-one,dn_1175,wk_1224,Pancrazio,Pancrazio,PROPN,PROPN,nsubj,nsubj,explicit_full,
2517,1098,one-to-one,dn_1176,wk_1225,Ippolita,Ippolita,PROPN,PROPN,nsubj,nsubj,explicit_full,
2518,1098,one-to-one,dn_1176,wk_1225,MISSING,Ippolita,MISSING,NULL,MISSING,nsubj,leftover_target,
2519,1099,one-to-one,dn_1177,wk_1226,Pancrazio,Pancrazio,PROPN,PROPN,nsubj,nsubj,explicit_full,
2520,1099,one-to-one,dn_1177,wk_1226,Pancrazio,MISSING,DET,MISSING,nmod,MISSING,leftover_source,
2521,1099,one-to-one,dn_1177,wk_1226,Pancrazio,MISSING,DET,MISSING,nmod,MISSING,leftover_source,
2522,1099,one-to-one,dn_1177,wk_1226,MISSING,Pancrazio,MISSING,NULL,MISSING,nsubj,leftover_target,
2523,1100,one-to-one,dn_1178,wk_1227,Pancrazio,Pancrazio,NULL,NULL,nsubj,nsubj,zero_zero_semantic,0.25859385138412694
2524,1100,one-to-one,dn_1178,wk_1227,Pancrazio,Pancrazio,NULL,NULL,nsubj,nsubj,zero_zero_semantic,0.25109625258853535
2525,1100,one-to-one,dn_1178,wk_1227,Pancrazio,Pancrazio,NULL,NULL,nsubj,nsubj,zero_zero_semantic,0.31028178274338125
2526,1100,one-to-one,dn_1178,wk_1227,MISSING,Pancrazio,MISSING,NULL,MISSING,nsubj,leftover_target,
2527,1101,one-to-many,dn_1179,wk_1228 wk_1229,Pancrazio,Pancrazio,PRON,PRON,nsubj,nsubj,explicit_full,
2528,1101,one-to-many,dn_1179,wk_1228 wk_1229,Pancrazio,Pancrazio,NULL,NULL,nsubj,nsubj,zero_zero_semantic,0.3673231811571588
2529,1101,one-to-many,dn_1179,wk_1228 wk_1229,Pancrazio,Pancrazio,NULL,PROPN,nsubj,nsubj,zero_to_tgt_anchor,
2530,1101,one-to-many,dn_1179,wk_1228 wk_1229,Pancrazio,MISSING,NULL,MISSING,nsubj,MISSING,leftover_source,
2531,1102,one-to-one,dn_1180,wk_1230,Giorgio,Giorgio,PROPN,PROPN,nsubj,nsubj,explicit_full,
2532,1103,one-to-one,dn_1181,wk_1231,Pancrazio,Pancrazio,PROPN,PROPN,nsubj,nsubj,explicit_full,
2533,1103,one-to-one,dn_1181,wk_1231,Pancrazio,Pancrazio,DET,PRON,nmod,nsubj,explicit_ref_only,
2534,1106,one-to-one,dn_1184,wk_1235,Ippolita,Ippolita,PROPN,PROPN,nsubj,nsubj,explicit_full,
2535,1108,one-to-one,dn_1186,wk_1237,Ippolita,Ippolita,PRON,PRON,nsubj,nsubj,explicit_full,
2536,1111,one-to-one,dn_1189,wk_1240,Giorgio,Giorgio,PROPN,PROPN,nsubj,nsubj,explicit_full,
2537,1114,one-to-one,dn_1192,wk_1243,Giorgio,MISSING,NOUN,MISSING,vocative,MISSING,leftover_source,
2538,1115,one-to-one,dn_1193,wk_1244,Giorgio Ippolita,Giorgio Ippolita,PRON,NOUN,nsubj,nsubj,explicit_ref_case,
2539,1116,one-to-one,dn_1194,wk_1245,Giorgio,MISSING,PRON,MISSING,obj,MISSING,leftover_source,
2540,1116,one-to-one,dn_1194,wk_1245,Giorgio Ippolita,Giorgio Ippolita,NULL,NULL,nsubj,nsubj,zero_zero_semantic,0.19811885171296317
2541,1116,one-to-one,dn_1194,wk_1245,Giorgio Ippolita,Giorgio Ippolita,NULL,NULL,nsubj,nsubj,zero_zero_semantic,0.31246294951840736
2542,1116,one-to-one,dn_1194,wk_1245,Giorgio Ippolita,MISSING,PRON-REFLEX,MISSING,obj,MISSING,leftover_source,
2543,1116,one-to-one,dn_1194,wk_1245,MISSING,Giorgio Ippolita,MISSING,NOUN,MISSING,nsubj,leftover_target,
2544,1116,one-to-one,dn_1194,wk_1245,MISSING,Giorgio Ippolita,MISSING,NULL,MISSING,nsubj,leftover_target,
2545,1116,one-to-one,dn_1194,wk_1245,Ippolita,MISSING,PRON,MISSING,obj,MISSING,leftover_source,
2546,1117,many-to-one,dn_1195 dn_1196,wk_1246,Giorgio,Giorgio,DET,PRON,nmod,nmod,explicit_ref_case,
2547,1117,many-to-one,dn_1195 dn_1196,wk_1246,Giorgio,Giorgio,PROPN,PROPN,obj,nsubj,explicit_ref_pos,
2548,1117,many-to-one,dn_1195 dn_1196,wk_1246,MISSING,Giorgio,MISSING,NULL,MISSING,nsubj,leftover_target,
2549,1118,one-to-one,dn_1197,wk_1247,Giorgio,Giorgio,DET,PRON,nmod,nmod,explicit_ref_case,
2550,1119,one-to-one,dn_1198,wk_1248,Giorgio,Giorgio,PRON,PRON,obj,obj,explicit_full,
2551,1119,one-to-one,dn_1198,wk_1248,MISSING,Giorgio,MISSING,NULL,MISSING,nsubj,leftover_target,
2552,1120,one-to-one,dn_1199,wk_1249,Giorgio,MISSING,PRON,MISSING,obj,MISSING,leftover_source,
2553,1121,one-to-one,dn_1200,wk_1250,Giorgio,Giorgio,PRON,PRON,obj,obj,explicit_full,
2554,1121,one-to-one,dn_1200,wk_1250,Giorgio,MISSING,PRON,MISSING,obj,MISSING,leftover_source,
2555,1123,one-to-one,dn_1202,wk_1252,Giorgio,Giorgio,DET,PRON,nmod,nsubj,explicit_ref_only,
2556,1123,one-to-one,dn_1202,wk_1252,Ippolita,Ippolita,PRON,PRON,obj,obj,explicit_full,
2557,1124,one-to-many,dn_1203,wk_1253 wk_1254,Giorgio,Giorgio,PRON,PRON,obj,obj,explicit_full,
2558,1124,one-to-many,dn_1203,wk_1253 wk_1254,Giorgio,Giorgio,PRON,PRON,nsubj,nsubj,explicit_full,
2559,1124,one-to-many,dn_1203,wk_1253 wk_1254,Giorgio,MISSING,DET,MISSING,nmod,MISSING,leftover_source,
2560,1124,one-to-many,dn_1203,wk_1253 wk_1254,MISSING,Giorgio,MISSING,NULL,MISSING,nsubj,leftover_target,
2561,1124,one-to-many,dn_1203,wk_1253 wk_1254,MISSING,Giorgio,MISSING,NULL,MISSING,nsubj,leftover_target,
2562,1125,many-to-one,dn_1204 dn_1205,wk_1255,Giorgio,Giorgio,PRON,PRON,obj,obj,explicit_full,
2563,1125,many-to-one,dn_1204 dn_1205,wk_1255,Giorgio,Giorgio,PRON,PRON,obj,obj,explicit_full,
2564,1125,many-to-one,dn_1204 dn_1205,wk_1255,Ippolita,Ippolita,PRON,PRON,nsubj,nsubj,explicit_full,
2565,1126,one-to-one,dn_1206,wk_1256,Giorgio,Giorgio,PRON,PRON,obj,obj,explicit_full,
2566,1127,one-to-one,dn_1207,wk_1257,Giorgio,Giorgio,DET,PRON,nmod,nmod,explicit_ref_case,
2567,1127,one-to-one,dn_1207,wk_1257,Giorgio,MISSING,PRON,MISSING,nsubj,MISSING,leftover_source,
2568,1127,one-to-one,dn_1207,wk_1257,Ippolita,Ippolita,PRON,PRON,obj,obj,explicit_full,
2569,1128,many-to-one,dn_1208 dn_1209,wk_1258,Giorgio,Giorgio,PRON,PRON,nsubj,nsubj,explicit_full,
2570,1128,many-to-one,dn_1208 dn_1209,wk_1258,Giorgio,Giorgio,PRON,PRON,obj,nmod,explicit_ref_pos,
2571,1128,many-to-one,dn_1208 dn_1209,wk_1258,Giorgio,Giorgio,PRON,NULL,nsubj,nsubj,zero_to_src_anchor,
2572,1128,many-to-one,dn_1208 dn_1209,wk_1258,Giorgio,MISSING,PRON,MISSING,obj,MISSING,leftover_source,
2573,1128,many-to-one,dn_1208 dn_1209,wk_1258,Ippolita,Ippolita,PRON,PRON,nsubj,nsubj,explicit_full,
2574,1129,one-to-one,dn_1210,wk_1259,Ippolita,Ippolita,PROPN,PROPN,nmod,nsubj,explicit_ref_pos,
2575,1129,one-to-one,dn_1210,wk_1259,MISSING,Ippolita,MISSING,NULL,MISSING,nsubj,leftover_target,
2576,1130,one-to-one,dn_1211,wk_1260,Giorgio,Giorgio,NULL,PRON,nsubj,nsubj,zero_to_tgt_anchor,
2577,1131,one-to-one,dn_1212,wk_1261,Giorgio,MISSING,NULL,MISSING,nsubj,MISSING,leftover_source,
2578,1131,one-to-one,dn_1212,wk_1261,Giorgio,MISSING,NULL,MISSING,nsubj,MISSING,leftover_source,
2579,1132,one-to-one,dn_1213,wk_1262,Giorgio,Giorgio,PRON,PRON,nsubj,nsubj,explicit_full,
2580,1132,one-to-one,dn_1213,wk_1262,Giorgio,MISSING,PRON,MISSING,obj,MISSING,leftover_source,
2581,1132,one-to-one,dn_1213,wk_1262,Giorgio,MISSING,NULL,MISSING,nsubj,MISSING,leftover_source,
2582,1133,one-to-one,dn_1214,wk_1263,Giorgio,MISSING,NULL,MISSING,nsubj,MISSING,leftover_source,
2583,1134,one-to-one,dn_1215,wk_1264,Giorgio,MISSING,DET,MISSING,nmod,MISSING,leftover_source,
2584,1135,one-to-one,dn_1216,wk_1265,Giorgio,MISSING,PRON,MISSING,obj,MISSING,leftover_source,
2585,1135,one-to-one,dn_1216,wk_1265,Giorgio,MISSING,PRON,MISSING,obj,MISSING,leftover_source,
2586,1136,many-to-one,dn_1217 dn_1218,wk_1266,Giorgio,MISSING,NULL,MISSING,nsubj,MISSING,leftover_source,
2587,1136,many-to-one,dn_1217 dn_1218,wk_1266,MISSING,Giorgio,MISSING,PRON,MISSING,obj,leftover_target,
2588,1137,one-to-one,dn_1219,wk_1267,Giorgio,Giorgio,PRON,PRON,obj,obj,explicit_full,
2589,1137,one-to-one,dn_1219,wk_1267,Giorgio,MISSING,PRON,MISSING,nsubj,MISSING,leftover_source,
2590,1137,one-to-one,dn_1219,wk_1267,Giorgio,MISSING,PRON,MISSING,obj,MISSING,leftover_source,
2591,1139,one-to-one,dn_1221,wk_1269,Giorgio,Giorgio,NULL,NULL,nsubj,nsubj,zero_zero_semantic,0.20389903205282547
2592,1139,one-to-one,dn_1221,wk_1269,Giorgio,Giorgio,NULL,NULL,nsubj,nsubj,zero_zero_semantic,0.30041535500607464
2593,1139,one-to-one,dn_1221,wk_1269,Ippolita,Ippolita,PRON,PRON,nmod,nmod,explicit_full,
2594,1140,many-to-one,dn_1222 dn_1223,wk_1270,Giorgio,Giorgio,NULL,NULL,nsubj,nsubj,zero_zero_semantic,0.2289276341707618
2595,1140,many-to-one,dn_1222 dn_1223,wk_1270,MISSING,Giorgio,MISSING,NULL,MISSING,nsubj,leftover_target,
2596,1140,many-to-one,dn_1222 dn_1223,wk_1270,Ippolita,Ippolita,PRON,PRON,nsubj,nsubj,explicit_full,
2597,1140,many-to-one,dn_1222 dn_1223,wk_1270,Ippolita,Ippolita,DET,PRON,nmod,nmod,explicit_ref_case,
2598,1141,one-to-one,dn_1224,wk_1271,Giorgio,Giorgio,NULL,PRON,nsubj,nsubj,zero_to_tgt_anchor,
2599,1141,one-to-one,dn_1224,wk_1271,Ippolita,Ippolita,PRON,PRON,obj,obj,explicit_full,
2600,1142,many-to-one,dn_1225 dn_1226,wk_1272,Giorgio,Giorgio,NULL,NULL,nsubj,nsubj,zero_zero_single,
2601,1142,many-to-one,dn_1225 dn_1226,wk_1272,Ippolita,Ippolita,DET,PRON,nmod,nmod,explicit_ref_case,
2602,1142,many-to-one,dn_1225 dn_1226,wk_1272,Ippolita,Ippolita,DET,PRON,nmod,nmod,explicit_ref_case,
2603,1142,many-to-one,dn_1225 dn_1226,wk_1272,Ippolita,Ippolita,DET,PRON,nmod,nmod,explicit_ref_case,
2604,1143,one-to-one,dn_1227,wk_1273,Giorgio,Giorgio,NULL,PRON,nsubj,nsubj,zero_to_tgt_anchor,
2605,1143,one-to-one,dn_1227,wk_1273,Giorgio,MISSING,NULL,MISSING,nsubj,MISSING,leftover_source,
2606,1143,one-to-one,dn_1227,wk_1273,Ippolita,Ippolita,DET,PRON,nmod,nsubj,explicit_ref_only,
2607,1143,one-to-one,dn_1227,wk_1273,MISSING,Ippolita,MISSING,NULL,MISSING,nsubj,leftover_target,
2608,1144,one-to-one,dn_1228,wk_1274,Giorgio,Giorgio,PRON,NULL,nsubj,nsubj,zero_to_src_anchor,
2609,1144,one-to-one,dn_1228,wk_1274,Giorgio,MISSING,PRON,MISSING,obj,MISSING,leftover_source,
2610,1144,one-to-one,dn_1228,wk_1274,Giorgio,MISSING,PRON,MISSING,obj,MISSING,leftover_source,
2611,1144,one-to-one,dn_1228,wk_1274,Giorgio,MISSING,PRON,MISSING,obj,MISSING,leftover_source,
2612,1144,one-to-one,dn_1228,wk_1274,Ippolita,Ippolita,PRON,PRON,nsubj,nsubj,explicit_full,
2613,1144,one-to-one,dn_1228,wk_1274,Ippolita,Ippolita,DET,PRON,nmod,nsubj,explicit_ref_only,
2614,1144,one-to-one,dn_1228,wk_1274,Ippolita,Ippolita,NULL,NULL,nsubj,nsubj,zero_zero_semantic,0.3418563498874729
2615,1144,one-to-one,dn_1228,wk_1274,Ippolita,Ippolita,NULL,NULL,nsubj,nsubj,zero_zero_semantic,0.18538691944520838
2616,1144,one-to-one,dn_1228,wk_1274,Ippolita,Ippolita,NULL,PRON,nsubj,nsubj,zero_to_tgt_anchor,
2617,1147,one-to-one,dn_1231,wk_1277,Giorgio,Giorgio,PRON,DET,nsubj,nmod,explicit_ref_only,
2618,1147,one-to-one,dn_1231,wk_1277,Giorgio,Giorgio,PRON,NULL,nsubj,nsubj,zero_to_src_anchor,
2619,1147,one-to-one,dn_1231,wk_1277,Giorgio,Giorgio,PRON,NULL,nsubj,nsubj,zero_to_src_anchor,
2620,1147,one-to-one,dn_1231,wk_1277,MISSING,Giorgio,MISSING,NULL,MISSING,nsubj,leftover_target,
2621,1147,one-to-one,dn_1231,wk_1277,Ippolita,Ippolita,PRON,PRON,obj,obj,explicit_full,
2622,1147,one-to-one,dn_1231,wk_1277,Ippolita,Ippolita,PRON,PRON,obj,obj,explicit_full,
2623,1147,one-to-one,dn_1231,wk_1277,Ippolita,Ippolita,PRON,PRON,obj,nmod,explicit_ref_pos,
2624,1149,one-to-one,dn_1234,wk_1279,Ippolita,Ippolita,PRON,PRON,nsubj,nsubj,explicit_full,
2625,1149,one-to-one,dn_1234,wk_1279,Ippolita,MISSING,NULL,MISSING,nsubj,MISSING,leftover_source,
2626,1150,many-to-one,dn_1235 dn_1236,wk_1280,MISSING,Ippolita,MISSING,NULL,MISSING,nsubj,leftover_target,
2627,1151,one-to-one,dn_1237,wk_1281,Giorgio,Giorgio,NULL,NULL,nsubj,nsubj,zero_zero_single,
2628,1151,one-to-one,dn_1237,wk_1281,MISSING,Giorgio,MISSING,PRON,MISSING,nsubj,leftover_target,
2629,1152,one-to-one,dn_1238,wk_1282,Giorgio,MISSING,DET,MISSING,nmod,MISSING,leftover_source,
2630,1153,one-to-many,dn_1239,wk_1283 wk_1284,Giorgio,Giorgio,PRON,PRON,nsubj,nsubj,explicit_full,
2631,1153,one-to-many,dn_1239,wk_1283 wk_1284,Giorgio,Giorgio,PRON,PRON,obj,obj,explicit_full,
2632,1153,one-to-many,dn_1239,wk_1283 wk_1284,Giorgio,Giorgio,PRON,PRON,nsubj,nsubj,explicit_full,
2633,1153,one-to-many,dn_1239,wk_1283 wk_1284,Giorgio,Giorgio,PRON,PRON,obj,nmod,explicit_ref_pos,
2634,1153,one-to-many,dn_1239,wk_1283 wk_1284,MISSING,Giorgio,MISSING,NULL,MISSING,nsubj,leftover_target,
2635,1154,one-to-one,dn_1240,wk_1285,Giorgio,MISSING,NULL,MISSING,nsubj,MISSING,leftover_source,
2636,1156,one-to-one,dn_1242,wk_1288,Giorgio,Giorgio,NULL,NULL,nsubj,nsubj,zero_zero_single,
2637,1156,one-to-one,dn_1242,wk_1288,Giorgio,MISSING,PRON-REFLEX,MISSING,obj,MISSING,leftover_source,
2638,1157,one-to-one,dn_1243,wk_1289,Ippolita,Ippolita,PROPN,PROPN,nsubj,nsubj,explicit_full,
2639,1158,one-to-one,dn_1244,wk_1290,Ippolita,Ippolita,PRON,PRON,nsubj,nsubj,explicit_full,
2640,1159,one-to-one,dn_1245,wk_1291,Giorgio,Giorgio,PROPN,PROPN,nsubj,nsubj,explicit_full,
2641,1159,one-to-one,dn_1245,wk_1291,Giorgio,Giorgio,PRON,PRON,obj,obj,explicit_full,
2642,1159,one-to-one,dn_1245,wk_1291,Giorgio,Giorgio,NULL,NULL,nsubj,nsubj,zero_zero_semantic,0.3821126915632732
2643,1159,one-to-one,dn_1245,wk_1291,MISSING,Giorgio,MISSING,NULL,MISSING,nsubj,leftover_target,
2644,1159,one-to-one,dn_1245,wk_1291,MISSING,Giorgio,MISSING,NULL,MISSING,nsubj,leftover_target,
2645,1161,one-to-one,dn_1247,wk_1293,Giorgio,Giorgio,PRON,PRON,obj,obj,explicit_full,
2646,1162,one-to-one,dn_1248,wk_1294,Giorgio,Giorgio,PRON,PRON,obj,obj,explicit_full,
2647,1162,one-to-one,dn_1248,wk_1294,Ippolita,Ippolita,PROPN,PROPN,nmod,nmod,explicit_full,
2648,1163,one-to-one,dn_1249,wk_1295,Giorgio,Giorgio,PRON,PRON,nsubj,nsubj,explicit_full,
2649,1164,one-to-one,dn_1250,wk_1296,Giorgio,MISSING,NULL,MISSING,nsubj,MISSING,leftover_source,
2650,1164,one-to-one,dn_1250,wk_1296,Giorgio,MISSING,PRON,MISSING,nsubj,MISSING,leftover_source,
2651,1165,one-to-one,dn_1251,wk_1297,Giorgio,Giorgio,PRON,NULL,nsubj,nsubj,zero_to_src_anchor,
2652,1165,one-to-one,dn_1251,wk_1297,Giorgio,MISSING,PRON,MISSING,obj,MISSING,leftover_source,
2653,1165,one-to-one,dn_1251,wk_1297,Ippolita,Ippolita,PRON,PRON,nsubj,nsubj,explicit_full,
2654,1166,one-to-one,dn_1252,wk_1298,Giorgio,Giorgio,PRON,PRON,obj,obj,explicit_full,
2655,1166,one-to-one,dn_1252,wk_1298,Giorgio,Giorgio,NOUN,PRON,obj,obj,explicit_ref_case,
2656,1166,one-to-one,dn_1252,wk_1298,Giorgio,MISSING,NOUN,MISSING,obj,MISSING,leftover_source,
2657,1166,one-to-one,dn_1252,wk_1298,MISSING,Giorgio,MISSING,NULL,MISSING,nsubj,leftover_target,
2658,1167,one-to-many,dn_1253,wk_1299 wk_1300,Giorgio,Giorgio,PRON,PRON,nsubj,nsubj,explicit_full,
2659,1167,one-to-many,dn_1253,wk_1299 wk_1300,Giorgio,Giorgio,DET,PRON,nmod,nmod,explicit_ref_case,
2660,1167,one-to-many,dn_1253,wk_1299 wk_1300,Giorgio,Giorgio,NULL,NULL,nsubj,nsubj,zero_zero_semantic,0.27790865959206784
2661,1167,one-to-many,dn_1253,wk_1299 wk_1300,Giorgio,Giorgio,NULL,NULL,nsubj,nsubj,zero_zero_semantic,0.24312128915462672
2662,1167,one-to-many,dn_1253,wk_1299 wk_1300,Giorgio,Giorgio,NULL,NULL,nsubj,nsubj,zero_zero_semantic,0.5068916527150082
2663,1167,one-to-many,dn_1253,wk_1299 wk_1300,Giorgio,MISSING,NOUN,MISSING,obj,MISSING,leftover_source,
2664,1167,one-to-many,dn_1253,wk_1299 wk_1300,Giorgio,MISSING,PRON,MISSING,obj,MISSING,leftover_source,
2665,1167,one-to-many,dn_1253,wk_1299 wk_1300,MISSING,Giorgio,MISSING,NULL,MISSING,nsubj,leftover_target,
2666,1167,one-to-many,dn_1253,wk_1299 wk_1300,MISSING,Giorgio,MISSING,NULL,MISSING,nsubj,leftover_target,
2667,1168,one-to-one,dn_1254,wk_1301,MISSING,Giorgio,MISSING,NULL,MISSING,nsubj,leftover_target,
2668,1169,one-to-one,dn_1255,wk_1302,Giorgio,MISSING,NOUN,MISSING,nmod,MISSING,leftover_source,
2669,1170,one-to-one,dn_1256,wk_1303,Giorgio,Giorgio,PRON,PRON,nsubj,nsubj,explicit_full,
2670,1174,one-to-one,dn_1260,wk_1307,Giorgio,Giorgio,PROPN,PROPN,nsubj,nsubj,explicit_full,
2671,1176,one-to-one,dn_1262,wk_1309,Giorgio,Giorgio,DET,PRON,nmod,nmod,explicit_ref_case,
2672,1177,one-to-one,dn_1263,wk_1310,Giorgio,MISSING,DET,MISSING,nmod,MISSING,leftover_source,
2673,1178,one-to-one,dn_1264,wk_1311,Giorgio,Giorgio,PRON,PRON,nsubj,nsubj,explicit_full,
2674,1178,one-to-one,dn_1264,wk_1311,Giorgio,Giorgio,PRON,PRON,nsubj,nsubj,explicit_full,
2675,1178,one-to-one,dn_1264,wk_1311,Giorgio,Giorgio,DET,PRON,nmod,nmod,explicit_ref_case,
2676,1178,one-to-one,dn_1264,wk_1311,MISSING,Giorgio,MISSING,PRON,MISSING,nmod,leftover_target,
2677,1178,one-to-one,dn_1264,wk_1311,MISSING,Giorgio,MISSING,NULL,MISSING,nsubj,leftover_target,
2678,1178,one-to-one,dn_1264,wk_1311,MISSING,Giorgio,MISSING,NULL,MISSING,nsubj,leftover_target,
2679,1179,one-to-one,dn_1265,wk_1312,Giorgio,Giorgio,NULL,NULL,nsubj,nsubj,zero_zero_semantic,0.15893754355817236
2680,1179,one-to-one,dn_1265,wk_1312,Giorgio,Giorgio,PRON,NULL,nsubj,nsubj,zero_to_src_anchor,
2681,1179,one-to-one,dn_1265,wk_1312,MISSING,Giorgio,MISSING,NULL,MISSING,nsubj,leftover_target,
2682,1179,one-to-one,dn_1265,wk_1312,MISSING,Giorgio,MISSING,NULL,MISSING,nsubj,leftover_target,
2683,1180,one-to-one,dn_1266,wk_1313,Giorgio,MISSING,NULL,MISSING,nsubj,MISSING,leftover_source,
2684,1181,one-to-one,dn_1267,wk_1314,Giorgio,Giorgio,PRON,PRON,nsubj,nsubj,explicit_full,
2685,1181,one-to-one,dn_1267,wk_1314,Ippolita,Ippolita,PRON,PRON,obj,obj,explicit_full,
2686,1182,one-to-one,dn_1268,wk_1315,Ippolita,Ippolita,DET,PRON,nmod,nsubj,explicit_ref_only,
2687,1183,one-to-one,dn_1269 dn_1270 dn_1271,wk_1316 wk_1317 wk_1318,Giorgio,Giorgio,PRON,PRON,nsubj,obj,explicit_ref_pos,
2688,1183,one-to-one,dn_1269 dn_1270 dn_1271,wk_1316 wk_1317 wk_1318,MISSING,Giorgio,MISSING,NULL,MISSING,nsubj,leftover_target,
2689,1183,one-to-one,dn_1269 dn_1270 dn_1271,wk_1316 wk_1317 wk_1318,MISSING,Giorgio,MISSING,NULL,MISSING,nsubj,leftover_target,
2690,1183,one-to-one,dn_1269 dn_1270 dn_1271,wk_1316 wk_1317 wk_1318,MISSING,Giorgio,MISSING,NULL,MISSING,nsubj,leftover_target,
2691,1183,one-to-one,dn_1269 dn_1270 dn_1271,wk_1316 wk_1317 wk_1318,Ippolita,Ippolita,PRON,PRON,nsubj,nsubj,explicit_full,
2692,1183,one-to-one,dn_1269 dn_1270 dn_1271,wk_1316 wk_1317 wk_1318,Ippolita,Ippolita,PRON,PRON,nsubj,nsubj,explicit_full,
2693,1183,one-to-one,dn_1269 dn_1270 dn_1271,wk_1316 wk_1317 wk_1318,Ippolita,Ippolita,NULL,NULL,nsubj,nsubj,zero_zero_semantic,0.36990407741431036
2694,1183,one-to-one,dn_1269 dn_1270 dn_1271,wk_1316 wk_1317 wk_1318,Ippolita,Ippolita,NULL,NULL,nsubj,nsubj,zero_zero_semantic,0.2845977440927968
2695,1183,one-to-one,dn_1269 dn_1270 dn_1271,wk_1316 wk_1317 wk_1318,Ippolita,MISSING,PRON,MISSING,obj,MISSING,leftover_source,
2696,1183,one-to-one,dn_1269 dn_1270 dn_1271,wk_1316 wk_1317 wk_1318,Ippolita,MISSING,PRON,MISSING,obj,MISSING,leftover_source,
2697,1183,one-to-one,dn_1269 dn_1270 dn_1271,wk_1316 wk_1317 wk_1318,Ippolita,MISSING,PRON,MISSING,obj,MISSING,leftover_source,
2698,1183,one-to-one,dn_1269 dn_1270 dn_1271,wk_1316 wk_1317 wk_1318,Ippolita,MISSING,PRON,MISSING,obj,MISSING,leftover_source,
2699,1183,one-to-one,dn_1269 dn_1270 dn_1271,wk_1316 wk_1317 wk_1318,Ippolita,MISSING,PRON,MISSING,obj,MISSING,leftover_source,
2700,1184,one-to-one,dn_1272,wk_1319,Giorgio,Giorgio,PRON,NULL,nsubj,nsubj,zero_to_src_anchor,
2701,1184,one-to-one,dn_1272,wk_1319,Giorgio,MISSING,PRON-REFLEX,MISSING,obj,MISSING,leftover_source,
2702,1185,one-to-one,dn_1273,wk_1320,Ippolita,Ippolita,DET,PRON,nmod,nmod,explicit_ref_case,
2703,1185,one-to-one,dn_1273,wk_1320,Ippolitas-husband,Ippolitas-husband,NOUN,NOUN,nsubj,nsubj,explicit_full,
2704,1185,one-to-one,dn_1273,wk_1320,Ippolitas-husband,MISSING,NULL,MISSING,nsubj,MISSING,leftover_source,
2705,1185,one-to-one,dn_1273,wk_1320,Ippolitas-husbands-female-friend,Ippolitas-husbands-female-friend,NOUN,NOUN,obj,nsubj,explicit_ref_pos,
2706,1185,one-to-one,dn_1273,wk_1320,Ippolitas-husbands-male-friend,Ippolitas-husbands-male-friend,NOUN,NOUN,obj,obj,explicit_full,
2707,1186,one-to-one,dn_1274,wk_1321,Ippolita,Ippolita,PRON,PRON,obj,obj,explicit_full,
2708,1186,one-to-one,dn_1274,wk_1321,MISSING,Ippolitas-husband,MISSING,NULL,MISSING,nsubj,leftover_target,
2709,1186,one-to-one,dn_1274,wk_1321,MISSING,Ippolitas-husband,MISSING,NULL,MISSING,nsubj,leftover_target,
2710,1186,one-to-one,dn_1274,wk_1321,Ippolitas-husband Ippolitas-husbands-male-friend Ippolitas-husbands-female-friend,MISSING,NULL,MISSING,nsubj,MISSING,leftover_source,
2711,1187,one-to-one,dn_1275,wk_1322,Giorgio,Giorgio,PRON,PRON,obj,nsubj,explicit_ref_pos,
2712,1187,one-to-one,dn_1275,wk_1322,Giorgio,Giorgio,NULL,NULL,nsubj,nsubj,zero_zero_semantic,0.27469820430357056
2713,1187,one-to-one,dn_1275,wk_1322,Giorgio,Giorgio,NULL,NULL,nsubj,nsubj,zero_zero_semantic,0.5420084337407033
2714,1187,one-to-one,dn_1275,wk_1322,Giorgio,MISSING,PRON-REFLEX,MISSING,obj,MISSING,leftover_source,
2715,1188,one-to-one,dn_1276,wk_1323,Giorgio,Giorgio,PRON,PRON,obj,nsubj,explicit_ref_pos,
2716,1188,one-to-one,dn_1276,wk_1323,Ippolitas-husband Ippolitas-husbands-male-friend Ippolitas-husbands-female-friend,Ippolitas-husband Ippolitas-husbands-male-friend Ippolitas-husbands-female-friend,NOUN,NOUN,nmod,nmod,explicit_full,
2717,1188,one-to-one,dn_1276,wk_1323,Ippolitas-husband Ippolitas-husbands-male-friend Ippolitas-husbands-female-friend,MISSING,NULL,MISSING,nsubj,MISSING,leftover_source,
2718,1189,one-to-one,dn_1277,wk_1324,Giorgio,MISSING,PRON,MISSING,obj,MISSING,leftover_source,
2719,1189,one-to-one,dn_1277,wk_1324,Ippolita,Ippolita,PRON,PRON,nsubj,nsubj,explicit_full,
2720,1189,one-to-one,dn_1277,wk_1324,Ippolita,MISSING,NULL,MISSING,nsubj,MISSING,leftover_source,
2721,1189,one-to-one,dn_1277,wk_1324,Ippolitas-husband Ippolitas-husbands-male-friend Ippolitas-husbands-female-friend,Ippolitas-husband Ippolitas-husbands-male-friend Ippolitas-husbands-female-friend,PRON,NOUN,nsubj,nmod,explicit_ref_only,
2722,1190,one-to-many,dn_1278,wk_1325 wk_1326,Giorgio,Giorgio,PRON,PRON,nsubj,nsubj,explicit_full,
2723,1190,one-to-many,dn_1278,wk_1325 wk_1326,Giorgio,Giorgio,NULL,NULL,nsubj,nsubj,zero_zero_single,
2724,1190,one-to-many,dn_1278,wk_1325 wk_1326,Ippolita,Ippolita,PROPN,PROPN,obj,nsubj,explicit_ref_pos,
2725,1190,one-to-many,dn_1278,wk_1325 wk_1326,MISSING,Ippolita,MISSING,NULL,MISSING,nsubj,leftover_target,
2726,1190,one-to-many,dn_1278,wk_1325 wk_1326,MISSING,Ippolita,MISSING,PRON,MISSING,nmod,leftover_target,
2727,1190,one-to-many,dn_1278,wk_1325 wk_1326,Ippolitas-husband,Ippolitas-husband,NOUN,NOUN,obj,obj,explicit_full,
2728,1190,one-to-many,dn_1278,wk_1325 wk_1326,Ippolitas-husbands-female-friend,Ippolitas-husbands-female-friend,NOUN,NOUN,obj,nsubj,explicit_ref_pos,
2729,1190,one-to-many,dn_1278,wk_1325 wk_1326,Ippolitas-husbands-male-friend,Ippolitas-husbands-male-friend,NOUN,NOUN,obj,obj,explicit_full,
2730,1191,one-to-many,dn_1279,wk_1327 wk_1328 wk_1329,Giorgio,Giorgio,PRON,PRON,nsubj,nsubj,explicit_full,
2731,1191,one-to-many,dn_1279,wk_1327 wk_1328 wk_1329,Giorgio,Giorgio,NULL,NULL,nsubj,nsubj,zero_zero_semantic,0.28748799175106504
2732,1191,one-to-many,dn_1279,wk_1327 wk_1328 wk_1329,Giorgio,Giorgio,NULL,NULL,nsubj,nsubj,zero_zero_semantic,0.20148821368798053
2733,1191,one-to-many,dn_1279,wk_1327 wk_1328 wk_1329,MISSING,Giorgio,MISSING,NULL,MISSING,nsubj,leftover_target,
2734,1191,one-to-many,dn_1279,wk_1327 wk_1328 wk_1329,Ippolita,Ippolita,NOUN,PROPN,nsubj,nsubj,explicit_ref_case,
2735,1191,one-to-many,dn_1279,wk_1327 wk_1328 wk_1329,Ippolitas-husband Ippolitas-husbands-male-friend Ippolitas-husbands-female-friend,Ippolitas-husband Ippolitas-husbands-male-friend Ippolitas-husbands-female-friend,PRON,NOUN,obj,obj,explicit_ref_case,
2736,1191,one-to-many,dn_1279,wk_1327 wk_1328 wk_1329,Ippolitas-husband Ippolitas-husbands-male-friend Ippolitas-husbands-female-friend,Ippolitas-husband Ippolitas-husbands-male-friend Ippolitas-husbands-female-friend,DET,NOUN,nmod,nmod,explicit_ref_case,
2737,1191,one-to-many,dn_1279,wk_1327 wk_1328 wk_1329,Ippolitas-husband Ippolitas-husbands-male-friend Ippolitas-husbands-female-friend,Ippolitas-husband Ippolitas-husbands-male-friend Ippolitas-husbands-female-friend,DET,NOUN,nmod,nmod,explicit_ref_case,
2738,1191,one-to-many,dn_1279,wk_1327 wk_1328 wk_1329,Ippolitas-husband Ippolitas-husbands-male-friend Ippolitas-husbands-female-friend,MISSING,DET,MISSING,nmod,MISSING,leftover_source,
2739,1191,one-to-many,dn_1279,wk_1327 wk_1328 wk_1329,Ippolitas-husband Ippolitas-husbands-male-friend Ippolitas-husbands-female-friend,MISSING,DET,MISSING,nmod,MISSING,leftover_source,
2740,1192,one-to-one,dn_1280,wk_1330,Giorgio,MISSING,NULL,MISSING,nsubj,MISSING,leftover_source,
2741,1193,one-to-one,dn_1281,wk_1331,Giorgio,Giorgio,NULL,PRON,nsubj,nsubj,zero_to_tgt_anchor,
2742,1194,one-to-one,dn_1282,wk_1332,Giorgio,Giorgio,NULL,NULL,nsubj,nsubj,zero_zero_single,
2743,1194,one-to-one,dn_1282,wk_1332,Ippolita,Ippolita,PRON,PRON,obj,obj,explicit_full,
2744,1195,one-to-one,dn_1283,wk_1333,Giorgio,Giorgio,NULL,NULL,nsubj,nsubj,zero_zero_single,
2745,1196,one-to-one,dn_1284,wk_1334,Giorgio,Giorgio,NULL,NULL,nsubj,nsubj,zero_zero_semantic,0.22298615458218948
2746,1196,one-to-one,dn_1284,wk_1334,Giorgio,Giorgio,NULL,NULL,nsubj,nsubj,zero_zero_semantic,0.05718845452951349
2747,1199,one-to-one,dn_1287,wk_1337,Giorgio,Giorgio,NULL,NULL,nsubj,nsubj,zero_zero_single,
2748,1199,one-to-one,dn_1287,wk_1337,Ippolita,Ippolita,PRON,PRON,obj,obj,explicit_full,
2749,1199,one-to-one,dn_1287,wk_1337,Ippolita,MISSING,PRON,MISSING,obj,MISSING,leftover_source,
2750,1201,one-to-one,dn_1289,wk_1339,Giorgio,Giorgio,PRON,PRON,obj,obj,explicit_full,
2751,1201,one-to-one,dn_1289,wk_1339,Ippolita,Ippolita,PRON,PRON,nsubj,nsubj,explicit_full,
2752,1201,one-to-one,dn_1289,wk_1339,Ippolita,MISSING,NULL,MISSING,nsubj,MISSING,leftover_source,
2753,1202,one-to-one,dn_1290,wk_1340,MISSING,Giorgio,MISSING,PRON,MISSING,obj,leftover_target,
2754,1202,one-to-one,dn_1290,wk_1340,Ippolita,Ippolita,NULL,NULL,nsubj,nsubj,zero_zero_semantic,0.32263528355699916
2755,1202,one-to-one,dn_1290,wk_1340,MISSING,Ippolita,MISSING,NULL,MISSING,nsubj,leftover_target,
2756,1203,one-to-one,dn_1291,wk_1341,MISSING,Giorgio,MISSING,PRON,MISSING,obj,leftover_target,
2757,1203,one-to-one,dn_1291,wk_1341,Ippolita,Ippolita,PRON,PRON,nsubj,nsubj,explicit_full,
2758,1204,one-to-one,dn_1292,wk_1342,Ippolita,Ippolita,NULL,PRON,nsubj,nsubj,zero_to_tgt_anchor,
2759,1205,one-to-one,dn_1293,wk_1343,Ippolita,Ippolita,NULL,PRON,nsubj,nsubj,zero_to_tgt_anchor,
2760,1206,one-to-one,dn_1294,wk_1344,Giorgio,Giorgio,PRON,PRON,nsubj,nsubj,explicit_full,
2761,1207,one-to-one,dn_1295,wk_1345,Giorgio,MISSING,NULL,MISSING,nsubj,MISSING,leftover_source,
2762,1207,one-to-one,dn_1295,wk_1345,Giorgio,MISSING,NULL,MISSING,nsubj,MISSING,leftover_source,
2763,1207,one-to-one,dn_1295,wk_1345,MISSING,Giorgio,MISSING,PRON,MISSING,obj,leftover_target,
2764,1207,one-to-one,dn_1295,wk_1345,Ippolita,Ippolita,PRON,PRON,obj,obj,explicit_full,
2765,1208,many-to-one,dn_1296 dn_1297,wk_1346,Giorgio,Giorgio,NULL,NULL,nsubj,nsubj,zero_zero_semantic,0.23178857616309462
2766,1208,many-to-one,dn_1296 dn_1297,wk_1346,Giorgio,Giorgio,NULL,NULL,nsubj,nsubj,zero_zero_semantic,0.2668615727474863
2767,1208,many-to-one,dn_1296 dn_1297,wk_1346,Giorgio,Giorgio,NULL,PRON,nsubj,nsubj,zero_to_tgt_anchor,
2768,1208,many-to-one,dn_1296 dn_1297,wk_1346,Giorgio,MISSING,NULL,MISSING,nsubj,MISSING,leftover_source,
2769,1210,one-to-one,dn_1299,wk_1348,Ippolita,Ippolita,PROPN,PROPN,nsubj,nsubj,explicit_full,
2770,1211,one-to-one,dn_1300,wk_1349,Ippolita,Ippolita,PRON,PRON,nsubj,nsubj,explicit_full,
2771,1211,one-to-one,dn_1300,wk_1349,Ippolita,MISSING,NULL,MISSING,nsubj,MISSING,leftover_source,
2772,1213,one-to-one,dn_1302,wk_1351,Giorgio,Giorgio,PRON,PRON,nsubj,nsubj,explicit_full,
2773,1215,one-to-one,dn_1304,wk_1353,Giorgio,Giorgio,NULL,NULL,nsubj,nsubj,zero_zero_semantic,0.3720664224203895
2774,1215,one-to-one,dn_1304,wk_1353,MISSING,Giorgio,MISSING,NULL,MISSING,nsubj,leftover_target,
2775,1216,one-to-one,dn_1305,wk_1354,Giorgio,MISSING,NULL,MISSING,nsubj,MISSING,leftover_source,
2776,1216,one-to-one,dn_1305,wk_1354,Ippolita,Ippolita,DET,PRON,nmod,nmod,explicit_ref_case,
2777,1216,one-to-one,dn_1305,wk_1354,Ippolita,MISSING,DET,MISSING,nmod,MISSING,leftover_source,
2778,1217,one-to-many,dn_1306,wk_1355 wk_1356,Giorgio,Giorgio,NULL,NULL,nsubj,nsubj,zero_zero_single,
2779,1217,one-to-many,dn_1306,wk_1355 wk_1356,Ippolita,Ippolita,PRON,PRON,obj,obj,explicit_full,
2780,1218,one-to-one,dn_1307,wk_1357,Giorgio,MISSING,NULL,MISSING,nsubj,MISSING,leftover_source,
2781,1220,one-to-one,dn_1309,wk_1359,Ippolita,Ippolita,DET,PRON,nmod,nmod,explicit_ref_case,
2782,1223,one-to-one,dn_1312,wk_1362,Giorgio Ippolita,Giorgio Ippolita,NULL,PRON,nsubj,nsubj,zero_to_tgt_anchor,
2783,1223,one-to-one,dn_1312,wk_1362,Giorgio Ippolita,MISSING,PRON-REFLEX,MISSING,obj,MISSING,leftover_source,
2784,1224,one-to-one,dn_1313,wk_1363,Giorgio,MISSING,PRON-REFLEX,MISSING,obj,MISSING,leftover_source,
2785,1224,one-to-one,dn_1313,wk_1363,Giorgio,MISSING,NULL,MISSING,nsubj,MISSING,leftover_source,
2786,1225,one-to-one,dn_1314,wk_1364,Giorgio Ippolita,MISSING,NULL,MISSING,nsubj,MISSING,leftover_source,
2787,1226,one-to-one,dn_1315,wk_1365,MISSING,Ippolita,MISSING,PRON,MISSING,nmod,leftover_target,
2788,1226,one-to-one,dn_1315,wk_1365,Ippolitas-sister-in-law,Ippolitas-sister-in-law,NOUN,NOUN,nsubj,vocative,explicit_ref_pos,
2789,1227,one-to-one,dn_1316,wk_1366,Giorgio,Giorgio,NULL,NULL,nsubj,nsubj,zero_zero_single,
2790,1227,one-to-one,dn_1316,wk_1366,Giorgio,MISSING,PRON-REFLEX,MISSING,obj,MISSING,leftover_source,
2791,1227,one-to-one,dn_1316,wk_1366,MISSING,Giorgio Ippolita,MISSING,NULL,MISSING,nsubj,leftover_target,
2792,1228,one-to-one,dn_1317,wk_1367,Giorgio,Giorgio,PRON,PRON,nsubj,nsubj,explicit_full,
2793,1228,one-to-one,dn_1317,wk_1367,MISSING,Giorgio Ippolita,MISSING,NULL,MISSING,nsubj,leftover_target,
2794,1230,one-to-one,dn_1319,wk_1369,Giorgio Ippolita,Giorgio Ippolita,PRON,NOUN,nsubj,nsubj,explicit_ref_case,
2795,1230,one-to-one,dn_1319,wk_1369,MISSING,Giorgio Ippolita,MISSING,NULL,MISSING,nsubj,leftover_target,
2796,1231,one-to-one,dn_1320,wk_1370,Giorgio,Giorgio,NULL,NULL,nsubj,nsubj,zero_zero_semantic,0.3028512987143853
2797,1231,one-to-one,dn_1320,wk_1370,MISSING,Giorgio,MISSING,NULL,MISSING,nsubj,leftover_target,
2798,1232,one-to-one,dn_1321,wk_1371,Giorgio,Giorgio,PRON,PRON,obj,obj,explicit_full,
2799,1234,one-to-one,dn_1323,wk_1373,Giorgio,Giorgio,NULL,PRON,nsubj,nsubj,zero_to_tgt_anchor,
2800,1235,one-to-one,dn_1324,wk_1374,Ippolita,Ippolita,NULL,PRON,nsubj,nsubj,zero_to_tgt_anchor,
2801,1236,one-to-one,dn_1325,wk_1375,MISSING,Giorgio,MISSING,PRON,MISSING,nsubj,leftover_target,
2802,1236,one-to-one,dn_1325,wk_1375,Ippolita,MISSING,PRON,MISSING,nsubj,MISSING,leftover_source,
2803,1237,one-to-many,dn_1326,wk_1376 wk_1377,Giorgio Ippolita,Giorgio Ippolita,DET,PRON,nmod,nmod,explicit_ref_case,
2804,1237,one-to-many,dn_1326,wk_1376 wk_1377,Giorgio Ippolita,Giorgio Ippolita,NULL,NULL,nsubj,nsubj,zero_zero_single,
2805,1238,one-to-one,dn_1327,wk_1378,Giorgio Ippolita,Giorgio Ippolita,NULL,NOUN,nsubj,nsubj,zero_to_tgt_anchor,
2806,1239,many-to-one,dn_1328 dn_1329,wk_1379,Giorgio,MISSING,NULL,MISSING,nsubj,MISSING,leftover_source,
2807,1239,many-to-one,dn_1328 dn_1329,wk_1379,Giorgio,MISSING,PRON,MISSING,obj,MISSING,leftover_source,
2808,1239,many-to-one,dn_1328 dn_1329,wk_1379,Giorgio,MISSING,PRON,MISSING,obj,MISSING,leftover_source,
2809,1240,one-to-one,dn_1330,wk_1380,Giorgio,Giorgio,DET,PRON,nmod,nmod,explicit_ref_case,
2810,1240,one-to-one,dn_1330,wk_1380,Giorgio,MISSING,NULL,MISSING,nsubj,MISSING,leftover_source,
2811,1240,one-to-one,dn_1330,wk_1380,Ippolita,Ippolita,PRON,PRON,nsubj,nsubj,explicit_full,
2812,1240,one-to-one,dn_1330,wk_1380,MISSING,Ippolita,MISSING,NULL,MISSING,nsubj,leftover_target,
2813,1241,one-to-one,dn_1331,wk_1381,MISSING,Giorgio Ippolita,MISSING,NULL,MISSING,nsubj,leftover_target,
2814,1242,one-to-one,dn_1332,wk_1382,Ippolita,Ippolita,DET,PRON,nmod,nmod,explicit_ref_case,
2815,1243,one-to-one,dn_1333,wk_1383,Ippolita,Ippolita,DET,PRON,nmod,nmod,explicit_ref_case,
2816,1244,one-to-one,dn_1334,wk_1384,CaterinaCornaro,CaterinaCornaro,PROPN,PROPN,nsubj,nsubj,explicit_full,
2817,1244,one-to-one,dn_1334,wk_1384,CaterinaCornaro,CaterinaCornaro,NULL,NULL,nsubj,nsubj,zero_zero_single,
2818,1244,one-to-one,dn_1334,wk_1384,Giorgio,Giorgio,NULL,NULL,nsubj,nsubj,zero_zero_semantic,0.8494397992620256
2819,1244,one-to-one,dn_1334,wk_1384,Giorgio,Giorgio,NULL,NULL,nsubj,nsubj,zero_zero_semantic,0.2298487745001831
2820,1244,one-to-one,dn_1334,wk_1384,Giorgio,MISSING,PRON,MISSING,nsubj,MISSING,leftover_source,
2821,1244,one-to-one,dn_1334,wk_1384,Ippolita,Ippolita,PRON,PRON,obj,obj,explicit_full,
2822,1245,one-to-one,dn_1335,wk_1385,CaterinaCornaro,CaterinaCornaro,NOUN,NOUN,nmod,nsubj,explicit_ref_pos,
2823,1245,one-to-one,dn_1335,wk_1385,Giorgio,Giorgio,NULL,NULL,nsubj,nsubj,zero_zero_semantic,0.24701819812678635
2824,1245,one-to-one,dn_1335,wk_1385,Giorgio,Giorgio,NULL,NULL,nsubj,nsubj,zero_zero_semantic,0.12193614508726504
2825,1245,one-to-one,dn_1335,wk_1385,Giorgio,MISSING,DET,MISSING,nmod,MISSING,leftover_source,
2826,1246,many-to-one,dn_1336 dn_1337,wk_1386,Ippolita,Ippolita,PRON,PRON,nsubj,nsubj,explicit_full,
2827,1246,many-to-one,dn_1336 dn_1337,wk_1386,Ippolita,MISSING,PRON-REFLEX,MISSING,obj,MISSING,leftover_source,
2828,1246,many-to-one,dn_1336 dn_1337,wk_1386,Ippolita,MISSING,PROPN,MISSING,vocative,MISSING,leftover_source,
2829,1246,many-to-one,dn_1336 dn_1337,wk_1386,MISSING,Ippolita,MISSING,NULL,MISSING,nsubj,leftover_target,
2830,1246,many-to-one,dn_1336 dn_1337,wk_1386,MISSING,Ippolita,MISSING,NULL,MISSING,nsubj,leftover_target,
2831,1247,one-to-one,dn_1338,wk_1387,Giorgio,Giorgio,PRON,PRON,nsubj,nsubj,explicit_full,
2832,1247,one-to-one,dn_1338,wk_1387,Ippolita,Ippolita,PRON,PRON,nsubj,nsubj,explicit_full,
2833,1247,one-to-one,dn_1338,wk_1387,Ippolita,Ippolita,DET,PRON,nmod,nmod,explicit_ref_case,
2834,1247,one-to-one,dn_1338,wk_1387,Ippolita,Ippolita,DET,PRON,nmod,obj,explicit_ref_only,
2835,1249,one-to-one,dn_1340,wk_1389,PaoloVeronese,PaoloVeronese,PROPN,PROPN,nmod,nmod,explicit_full,
2836,1250,one-to-one,dn_1341,wk_1390,Giorgio,MISSING,PRON,MISSING,obj,MISSING,leftover_source,
2837,1250,one-to-one,dn_1341,wk_1390,MISSING,Giorgio,MISSING,NULL,MISSING,nsubj,leftover_target,
2838,1250,one-to-one,dn_1341,wk_1390,Giorgio Ippolita,MISSING,DET,MISSING,nmod,MISSING,leftover_source,
2839,1250,one-to-one,dn_1341,wk_1390,MISSING,Giorgio Ippolita,MISSING,NULL,MISSING,nsubj,leftover_target,
2840,1250,one-to-one,dn_1341,wk_1390,MISSING,Giorgio Ippolita,MISSING,NULL,MISSING,nsubj,leftover_target,
2841,1250,one-to-one,dn_1341,wk_1390,PaoloVeronese,PaoloVeronese,PROPN,PROPN,nsubj,nmod,explicit_ref_pos,
2842,1251,one-to-one,dn_1342,wk_1391,Giorgio Ippolita,Giorgio Ippolita,NULL,PRON,nsubj,nsubj,zero_to_tgt_anchor,
2843,1252,one-to-one,dn_1343,wk_1392,Giorgio Ippolita,Giorgio Ippolita,PRON,PRON,obj,nsubj,explicit_ref_pos,
2844,1252,one-to-one,dn_1343,wk_1392,Giorgio Ippolita,Giorgio Ippolita,NULL,NULL,nsubj,nsubj,zero_zero_single,
2845,1253,one-to-one,dn_1344,wk_1393,Ippolita,Ippolita,NULL,NULL,nsubj,nsubj,zero_zero_single,
2846,1254,one-to-one,dn_1345,wk_1394,Giorgio Ippolita,Giorgio Ippolita,NULL,NOUN,nsubj,nsubj,zero_to_tgt_anchor,
2847,1254,one-to-one,dn_1345,wk_1394,Giorgio Ippolita,MISSING,PRON-REFLEX,MISSING,obj,MISSING,leftover_source,
2848,1254,one-to-one,dn_1345,wk_1394,Giorgio Ippolita,MISSING,PRON-REFLEX,MISSING,obj,MISSING,leftover_source,
2849,1254,one-to-one,dn_1345,wk_1394,Giorgio Ippolita,MISSING,NULL,MISSING,nsubj,MISSING,leftover_source,
2850,1256,one-to-one,dn_1347,wk_1396,Ippolita,Ippolita,PRON,PRON,nsubj,nsubj,explicit_full,
2851,1257,many-to-one,dn_1348 dn_1349,wk_1397,Giorgio,MISSING,NULL,MISSING,nsubj,MISSING,leftover_source,
2852,1258,one-to-one,dn_1350,wk_1398,Ippolita,Ippolita,PROPN,PROPN,nsubj,nsubj,explicit_full,
2853,1259,one-to-one,dn_1351,wk_1399,Giorgio,Giorgio,PRON,PRON,nsubj,obj,explicit_ref_pos,
2854,1259,one-to-one,dn_1351,wk_1399,Ippolita,Ippolita,DET,PRON,nmod,nmod,explicit_ref_case,
2855,1260,one-to-one,dn_1352,wk_1400,Ippolita,Ippolita,DET,PRON,nmod,nsubj,explicit_ref_only,
2856,1260,one-to-one,dn_1352,wk_1400,Ippolita,Ippolita,NULL,NULL,nsubj,nsubj,zero_zero_semantic,0.3545875375921076
2857,1260,one-to-one,dn_1352,wk_1400,MISSING,Ippolita,MISSING,NULL,MISSING,nsubj,leftover_target,
2858,1260,one-to-one,dn_1352,wk_1400,MISSING,Ippolita,MISSING,NULL,MISSING,nsubj,leftover_target,
2859,1261,one-to-one,dn_1353,wk_1401,Ippolita,Ippolita,NULL,PRON,nsubj,nsubj,zero_to_tgt_anchor,
2860,1262,one-to-one,dn_1354,wk_1402,Ippolita,Ippolita,NULL,NULL,nsubj,nsubj,zero_zero_semantic,0.34485842481903406
2861,1262,one-to-one,dn_1354,wk_1402,Ippolita,MISSING,NULL,MISSING,nsubj,MISSING,leftover_source,
2862,1263,one-to-one,dn_1355,wk_1403,Giorgio,Giorgio,PRON,PRON,obj,obj,explicit_full,
2863,1263,one-to-one,dn_1355,wk_1403,MISSING,Giorgio Ippolita,MISSING,NOUN,MISSING,obj,leftover_target,
2864,1263,one-to-one,dn_1355,wk_1403,Ippolita,Ippolita,NULL,PRON,nsubj,nsubj,zero_to_tgt_anchor,
2865,1263,one-to-one,dn_1355,wk_1403,Ippolita,MISSING,PRON-REFLEX,MISSING,obj,MISSING,leftover_source,
2866,1263,one-to-one,dn_1355,wk_1403,Ippolita,MISSING,NULL,MISSING,nsubj,MISSING,leftover_source,
2867,1264,one-to-one,dn_1356,wk_1404,Giorgio,Giorgio,NULL,NULL,nsubj,nsubj,zero_zero_single,
2868,1264,one-to-one,dn_1356,wk_1404,Giorgio,MISSING,PRON-REFLEX,MISSING,obj,MISSING,leftover_source,
2869,1265,one-to-one,dn_1357,wk_1405,Giorgio,MISSING,PRON,MISSING,obj,MISSING,leftover_source,
2870,1265,one-to-one,dn_1357,wk_1405,Ippolita,Ippolita,PRON,PRON,obj,nsubj,explicit_ref_pos,
2871,1265,one-to-one,dn_1357,wk_1405,Ippolita,Ippolita,NULL,NULL,nsubj,nsubj,zero_zero_semantic,0.4266721065726614
2872,1265,one-to-one,dn_1357,wk_1405,Ippolita,MISSING,NULL,MISSING,nsubj,MISSING,leftover_source,
2873,1266,one-to-one,dn_1358,wk_1406,Giorgio,Giorgio,PRON,PRON,nsubj,nsubj,explicit_full,
2874,1266,one-to-one,dn_1358,wk_1406,Ippolita,Ippolita,PRON,PRON,obj,obj,explicit_full,
2875,1267,one-to-one,dn_1359,wk_1407,Giorgio,Giorgio,PRON,NULL,nsubj,nsubj,zero_to_src_anchor,
2876,1267,one-to-one,dn_1359,wk_1407,Ippolita,Ippolita,PRON,PRON,nsubj,nsubj,explicit_full,
2877,1268,one-to-one,dn_1360,wk_1408,MISSING,Ippolita,MISSING,PRON,MISSING,nsubj,leftover_target,
2878,1270,one-to-one,dn_1362,wk_1410,MISSING,Ippolita,MISSING,NULL,MISSING,nsubj,leftover_target,
2879,1272,one-to-one,dn_1364,wk_1412,Giorgio,Giorgio,DET,PRON,nmod,nmod,explicit_ref_case,
2880,1272,one-to-one,dn_1364,wk_1412,MISSING,Giorgio,MISSING,NULL,MISSING,nsubj,leftover_target,
2881,1272,one-to-one,dn_1364,wk_1412,Ippolita,Ippolita,PRON,PRON,nsubj,nsubj,explicit_full,
2882,1273,one-to-one,dn_1365,wk_1413,Ippolita,Ippolita,PRON,PRON,nsubj,nsubj,explicit_full,
2883,1273,one-to-one,dn_1365,wk_1413,Ippolita,MISSING,PRON-REFLEX,MISSING,obj,MISSING,leftover_source,
2884,1274,one-to-one,dn_1366,wk_1414,Giorgio,Giorgio,PROPN,PROPN,nsubj,nsubj,explicit_full,
2885,1274,one-to-one,dn_1366,wk_1414,Ippolita,Ippolita,PRON,PRON,obj,nmod,explicit_ref_pos,
2886,1275,one-to-one,dn_1367,wk_1415,Giorgio Ippolita,Giorgio Ippolita,DET,PRON,nmod,nmod,explicit_ref_case,
2887,1275,one-to-one,dn_1367,wk_1415,Giorgio Ippolita,Giorgio Ippolita,NULL,NULL,nsubj,nsubj,zero_zero_single,
2888,1275,one-to-one,dn_1367,wk_1415,MISSING,Giorgio Ippolita,MISSING,NOUN,MISSING,nsubj,leftover_target,
2889,1276,one-to-many,dn_1368,wk_1416 wk_1417,Giorgio Ippolita,Giorgio Ippolita,DET,PRON,nmod,nmod,explicit_ref_case,
2890,1276,one-to-many,dn_1368,wk_1416 wk_1417,Giorgio Ippolita,Giorgio Ippolita,PRON,NOUN,nsubj,obj,explicit_ref_only,
2891,1276,one-to-many,dn_1368,wk_1416 wk_1417,Giorgio Ippolita,Giorgio Ippolita,NULL,NULL,nsubj,nsubj,zero_zero_single,
2892,1276,one-to-many,dn_1368,wk_1416 wk_1417,MISSING,Giorgio Ippolita,MISSING,NOUN,MISSING,obj,leftover_target,
2893,1277,one-to-one,dn_1369,wk_1418,Ippolita,Ippolita,PROPN,PROPN,nmod,nmod,explicit_full,
2894,1278,one-to-one,dn_1370,wk_1419,Ippolita,Ippolita,PRON,PRON,nmod,nmod,explicit_full,
2895,1279,one-to-many,dn_1371,wk_1420 wk_1421,Giorgio,Giorgio,PRON,PRON,nsubj,nsubj,explicit_full,
2896,1279,one-to-many,dn_1371,wk_1420 wk_1421,Giorgio,Giorgio,PRON,PRON,obj,obj,explicit_full,
2897,1279,one-to-many,dn_1371,wk_1420 wk_1421,Giorgio,Giorgio,NULL,NULL,nsubj,nsubj,zero_zero_semantic,0.19711561419534882
2898,1279,one-to-many,dn_1371,wk_1420 wk_1421,Giorgio,Giorgio,NULL,NULL,nsubj,nsubj,zero_zero_semantic,0.4147625503907211
2899,1279,one-to-many,dn_1371,wk_1420 wk_1421,Giorgio,MISSING,DET,MISSING,nmod,MISSING,leftover_source,
2900,1279,one-to-many,dn_1371,wk_1420 wk_1421,Giorgio,MISSING,PRON,MISSING,obj,MISSING,leftover_source,
2901,1279,one-to-many,dn_1371,wk_1420 wk_1421,Ippolita,Ippolita,DET,PRON,nmod,nmod,explicit_ref_case,
2902,1279,one-to-many,dn_1371,wk_1420 wk_1421,Ippolita,Ippolita,DET,PRON,nmod,nmod,explicit_ref_case,
2903,1279,one-to-many,dn_1371,wk_1420 wk_1421,Ippolita,Ippolita,PRON,PRON,nsubj,obj,explicit_ref_pos,
2904,1279,one-to-many,dn_1371,wk_1420 wk_1421,MISSING,Ippolita,MISSING,NULL,MISSING,nsubj,leftover_target,
2905,1279,one-to-many,dn_1371,wk_1420 wk_1421,MISSING,Ippolita,MISSING,PRON,MISSING,obj,leftover_target,
2906,1279,one-to-many,dn_1371,wk_1420 wk_1421,MISSING,Ippolita,MISSING,NULL,MISSING,nsubj,leftover_target,
2907,1280,one-to-one,dn_1372,wk_1422,Ippolita,Ippolita,PRON,PRON,nsubj,obj,explicit_ref_pos,
2908,1280,one-to-one,dn_1372,wk_1422,Ippolita,MISSING,NULL,MISSING,nsubj,MISSING,leftover_source,
2909,1281,one-to-one,dn_1373,wk_1423,Giorgio,Giorgio,DET,PRON,nmod,nmod,explicit_ref_case,
2910,1281,one-to-one,dn_1373,wk_1423,Ippolita,Ippolita,PRON,PRON,nsubj,nsubj,explicit_full,
2911,1281,one-to-one,dn_1373,wk_1423,Ippolita,Ippolita,DET,NOUN,nmod,nmod,explicit_ref_case,
2912,1282,one-to-one,dn_1374,wk_1424,Ippolita,Ippolita,NULL,NULL,nsubj,nsubj,zero_zero_single,
2913,1282,one-to-one,dn_1374,wk_1424,Ippolita,MISSING,PRON,MISSING,nsubj,MISSING,leftover_source,
2914,1286,many-to-one,dn_1378 dn_1379,wk_1428,Ippolita,Ippolita,PROPN,PROPN,nmod,nmod,explicit_full,
2915,1286,many-to-one,dn_1378 dn_1379,wk_1428,Ippolita,Ippolita,PROPN,PROPN,nsubj,nsubj,explicit_full,
2916,1286,many-to-one,dn_1378 dn_1379,wk_1428,Ippolita,MISSING,PRON,MISSING,obj,MISSING,leftover_source,
2917,1286,many-to-one,dn_1378 dn_1379,wk_1428,MISSING,Ippolita,MISSING,NULL,MISSING,nsubj,leftover_target,
2918,1286,many-to-one,dn_1378 dn_1379,wk_1428,Ippolitas-husband,Ippolitas-husband,NOUN,NOUN,nsubj,nsubj,explicit_full,
2919,1286,many-to-one,dn_1378 dn_1379,wk_1428,Ippolitas-husband,MISSING,PRON,MISSING,nmod,MISSING,leftover_source,
2920,1286,many-to-one,dn_1378 dn_1379,wk_1428,Ippolitas-husband,MISSING,DET,MISSING,nmod,MISSING,leftover_source,
2921,1286,many-to-one,dn_1378 dn_1379,wk_1428,MISSING,Ippolitas-husband,MISSING,NULL,MISSING,nsubj,leftover_target,
2922,1286,many-to-one,dn_1378 dn_1379,wk_1428,Ippolitas-mother,Ippolitas-mother,NOUN,NOUN,nmod,nmod,explicit_full,
2923,1286,many-to-one,dn_1378 dn_1379,wk_1428,Ippolitas-sister,Ippolitas-sister,NOUN,NOUN,obj,nmod,explicit_ref_pos,
2924,1287,one-to-one,dn_1380,wk_1429,Ippolita,MISSING,PRON,MISSING,obj,MISSING,leftover_source,
2925,1287,one-to-one,dn_1380,wk_1429,MISSING,Ippolita,MISSING,NULL,MISSING,nsubj,leftover_target,
2926,1289,one-to-one,dn_1382,wk_1431,Giorgio,Giorgio,PRON,PRON,nsubj,nmod,explicit_ref_pos,
2927,1289,one-to-one,dn_1382,wk_1431,Ippolita,Ippolita,PRON,PRON,nsubj,nsubj,explicit_full,
2928,1290,one-to-one,dn_1383,wk_1432,Giorgio,Giorgio,DET,PRON,nmod,obj,explicit_ref_only,
2929,1291,one-to-many,dn_1384,wk_1433 wk_1434,Giorgio,MISSING,PRON,MISSING,nsubj,MISSING,leftover_source,
2930,1291,one-to-many,dn_1384,wk_1433 wk_1434,Giorgio,MISSING,PRON,MISSING,nsubj,MISSING,leftover_source,
2931,1291,one-to-many,dn_1384,wk_1433 wk_1434,Ippolita,Ippolita,DET,PRON,nmod,nmod,explicit_ref_case,
2932,1291,one-to-many,dn_1384,wk_1433 wk_1434,Ippolita,Ippolita,DET,PRON,nmod,nmod,explicit_ref_case,
2933,1291,one-to-many,dn_1384,wk_1433 wk_1434,Ippolita,MISSING,PRON,MISSING,obj,MISSING,leftover_source,
2934,1291,one-to-many,dn_1384,wk_1433 wk_1434,Ippolita,MISSING,PRON-REFLEX,MISSING,obj,MISSING,leftover_source,
2935,1292,one-to-many,dn_1385,wk_1435 wk_1436,Giorgio,Giorgio,PRON,PRON,nsubj,obj,explicit_ref_pos,
2936,1292,one-to-many,dn_1385,wk_1435 wk_1436,Giorgio,Giorgio,NULL,NULL,nsubj,nsubj,zero_zero_semantic,0.2743927453373587
2937,1292,one-to-many,dn_1385,wk_1435 wk_1436,Giorgio,Giorgio,PRON,NULL,nsubj,nsubj,zero_to_src_anchor,
2938,1292,one-to-many,dn_1385,wk_1435 wk_1436,Giorgio,MISSING,PRON,MISSING,nsubj,MISSING,leftover_source,
2939,1292,one-to-many,dn_1385,wk_1435 wk_1436,Ippolita,Ippolita,PRON,PRON,obj,nmod,explicit_ref_pos,
2940,1293,one-to-one,dn_1386,wk_1437,Giorgio,Giorgio,PRON,PRON,obj,obj,explicit_full,
2941,1293,one-to-one,dn_1386,wk_1437,Giorgio,MISSING,NULL,MISSING,nsubj,MISSING,leftover_source,
2942,1293,one-to-one,dn_1386,wk_1437,MISSING,Ippolita,MISSING,PRON,MISSING,nsubj,leftover_target,
2943,1294,one-to-one,dn_1387,wk_1438,Giorgio,Giorgio,NULL,NULL,nsubj,nsubj,zero_zero_single,
2944,1294,one-to-one,dn_1387,wk_1438,Ippolita,Ippolita,DET,PRON,nmod,nmod,explicit_ref_case,
2945,1296,one-to-one,dn_1389,wk_1440,Giorgio,Giorgio,NULL,NULL,nsubj,nsubj,zero_zero_single,
2946,1296,one-to-one,dn_1389,wk_1440,Ippolita,MISSING,PRON,MISSING,obj,MISSING,leftover_source,
2947,1297,one-to-one,dn_1390,wk_1441,Giorgio,Giorgio,NULL,NULL,nsubj,nsubj,zero_zero_semantic,0.31576735374786086
2948,1297,one-to-one,dn_1390,wk_1441,MISSING,Giorgio,MISSING,NULL,MISSING,nsubj,leftover_target,
2949,1297,one-to-one,dn_1390,wk_1441,MISSING,Giorgio,MISSING,NULL,MISSING,nsubj,leftover_target,
2950,1297,one-to-one,dn_1390,wk_1441,MISSING,Giorgio,MISSING,NULL,MISSING,nsubj,leftover_target,
2951,1297,one-to-one,dn_1390,wk_1441,Ippolita,Ippolita,PRON,PRON,obj,obj,explicit_full,
2952,1297,one-to-one,dn_1390,wk_1441,Ippolita,Ippolita,DET,PRON,obj,obj,explicit_ref_case,
2953,1297,one-to-one,dn_1390,wk_1441,Ippolita,Ippolita,DET,PRON,obj,nmod,explicit_ref_only,
2954,1297,one-to-one,dn_1390,wk_1441,MISSING,Ippolita,MISSING,PRON,MISSING,nmod,leftover_target,
2955,1298,one-to-one,dn_1391,wk_1442,Giorgio,Giorgio,NULL,NULL,nsubj,nsubj,zero_zero_semantic,0.44534218492540156
2956,1298,one-to-one,dn_1391,wk_1442,MISSING,Giorgio,MISSING,NULL,MISSING,nsubj,leftover_target,
2957,1299,one-to-one,dn_1392,wk_1443,Giorgio,Giorgio,DET,PRON,nmod,nmod,explicit_ref_case,
2958,1299,one-to-one,dn_1392,wk_1443,Ippolita,MISSING,NOUN,MISSING,vocative,MISSING,leftover_source,
2959,1300,one-to-one,dn_1393,wk_1444,Giorgio,Giorgio,NULL,NULL,nsubj,nsubj,zero_zero_semantic,0.49660993107405027
2960,1300,one-to-one,dn_1393,wk_1444,Giorgio,Giorgio,NULL,NULL,nsubj,nsubj,zero_zero_semantic,0.27209720804368254
2961,1300,one-to-one,dn_1393,wk_1444,Giorgio,MISSING,PRON-REFLEX,MISSING,obj,MISSING,leftover_source,
2962,1300,one-to-one,dn_1393,wk_1444,Giorgio,MISSING,PRON-REFLEX,MISSING,obj,MISSING,leftover_source,
2963,1300,one-to-one,dn_1393,wk_1444,Giorgio,MISSING,PRON-REFLEX,MISSING,obj,MISSING,leftover_source,
2964,1300,one-to-one,dn_1393,wk_1444,MISSING,Giorgio,MISSING,PRON,MISSING,nsubj,leftover_target,
2965,1300,one-to-one,dn_1393,wk_1444,MISSING,Giorgio,MISSING,NULL,MISSING,nsubj,leftover_target,
2966,1301,many-to-one,dn_1394 dn_1395,wk_1445,Giorgio,Giorgio,NULL,NULL,nsubj,nsubj,zero_zero_single,
2967,1301,many-to-one,dn_1394 dn_1395,wk_1445,Giorgio,MISSING,PRON,MISSING,obj,MISSING,leftover_source,
2968,1302,one-to-many,dn_1396,wk_1446 wk_1447,Giorgio,MISSING,NULL,MISSING,nsubj,MISSING,leftover_source,
2969,1302,one-to-many,dn_1396,wk_1446 wk_1447,Giorgio,MISSING,NULL,MISSING,nsubj,MISSING,leftover_source,
2970,1302,one-to-many,dn_1396,wk_1446 wk_1447,Ippolita,Ippolita,DET,PRON,obj,nmod,explicit_ref_only,
2971,1302,one-to-many,dn_1396,wk_1446 wk_1447,MISSING,Ippolita,MISSING,PRON,MISSING,nmod,leftover_target,
2972,1304,one-to-one,dn_1398,wk_1449,Giorgio,MISSING,PRON,MISSING,obj,MISSING,leftover_source,
2973,1304,one-to-one,dn_1398,wk_1449,Ippolita,Ippolita,PRON,PRON,nsubj,nsubj,explicit_full,
2974,1305,one-to-one,dn_1399,wk_1450,Giorgio,Giorgio,DET,PRON,obj,nmod,explicit_ref_only,
2975,1305,one-to-one,dn_1399,wk_1450,Ippolita,MISSING,PRON,MISSING,obj,MISSING,leftover_source,
2976,1305,one-to-one,dn_1399,wk_1450,MISSING,Ippolita,MISSING,NULL,MISSING,nsubj,leftover_target,
2977,1306,one-to-many,dn_1400,wk_1451 wk_1452,Giorgio,Giorgio,PRON,PRON,obj,obj,explicit_full,
2978,1306,one-to-many,dn_1400,wk_1451 wk_1452,Giorgio,MISSING,PRON,MISSING,obj,MISSING,leftover_source,
2979,1306,one-to-many,dn_1400,wk_1451 wk_1452,Ippolita,Ippolita,PRON,PRON,nsubj,nsubj,explicit_full,
2980,1306,one-to-many,dn_1400,wk_1451 wk_1452,Ippolita,Ippolita,NULL,NULL,nsubj,nsubj,zero_zero_single,
2981,1307,one-to-one,dn_1401,wk_1453,Ippolita,Ippolita,NULL,NULL,nsubj,nsubj,zero_zero_semantic,0.2880207903328396
2982,1307,one-to-one,dn_1401,wk_1453,Ippolita,Ippolita,NULL,PRON,nsubj,nsubj,zero_to_tgt_anchor,
2983,1308,one-to-one,dn_1402,wk_1454,Ippolita,Ippolita,PRON,PRON,nsubj,nmod,explicit_ref_pos,
2984,1308,one-to-one,dn_1402,wk_1454,Ippolita,Ippolita,NULL,NULL,nsubj,nsubj,zero_zero_semantic,0.378763428088781
2985,1308,one-to-one,dn_1402,wk_1454,Ippolita,MISSING,NULL,MISSING,nsubj,MISSING,leftover_source,
2986,1309,one-to-one,dn_1403,wk_1455,Giorgio,Giorgio,PRON,PRON,obj,nmod,explicit_ref_pos,
2987,1309,one-to-one,dn_1403,wk_1455,Giorgio,MISSING,PRON,MISSING,obj,MISSING,leftover_source,
2988,1309,one-to-one,dn_1403,wk_1455,Giorgio,MISSING,PRON,MISSING,nsubj,MISSING,leftover_source,
2989,1309,one-to-one,dn_1403,wk_1455,Ippolita,Ippolita,PRON,PRON,nsubj,nsubj,explicit_full,
2990,1310,one-to-one,dn_1404,wk_1456,Giorgio,MISSING,PRON,MISSING,obj,MISSING,leftover_source,
2991,1310,one-to-one,dn_1404,wk_1456,Ippolita,Ippolita,NULL,NULL,nsubj,nsubj,zero_zero_single,
2992,1311,one-to-one,dn_1405,wk_1457,Giorgio,MISSING,PRON,MISSING,obj,MISSING,leftover_source,
2993,1311,one-to-one,dn_1405,wk_1457,Giorgio,MISSING,PRON,MISSING,obj,MISSING,leftover_source,
2994,1311,one-to-one,dn_1405,wk_1457,Ippolita,Ippolita,NULL,NULL,nsubj,nsubj,zero_zero_semantic,0.17515090396327357
2995,1311,one-to-one,dn_1405,wk_1457,Ippolita,Ippolita,NULL,NULL,nsubj,nsubj,zero_zero_semantic,0.34490130007404335
2996,1311,one-to-one,dn_1405,wk_1457,Ippolita,Ippolita,NULL,NULL,nsubj,nsubj,zero_zero_semantic,0.3850021391145645
2997,1311,one-to-one,dn_1405,wk_1457,Ippolita,Ippolita,NULL,NULL,nsubj,nsubj,zero_zero_semantic,0.2086767558059934
2998,1312,many-to-one,dn_1406 dn_1407 dn_1408,wk_1458,Ippolita,Ippolita,PRON,PRON,nsubj,nsubj,explicit_full,
2999,1312,many-to-one,dn_1406 dn_1407 dn_1408,wk_1458,Ippolita,Ippolita,PROPN,PROPN,vocative,vocative,explicit_full,
3000,1312,many-to-one,dn_1406 dn_1407 dn_1408,wk_1458,Ippolita,Ippolita,PRON,PRON,nsubj,nsubj,explicit_full,
3001,1312,many-to-one,dn_1406 dn_1407 dn_1408,wk_1458,Ippolita,MISSING,NULL,MISSING,nsubj,MISSING,leftover_source,
3002,1315,one-to-one,dn_1411,wk_1461,Giorgio,Giorgio,PRON,PRON,nsubj,nsubj,explicit_full,
3003,1315,one-to-one,dn_1411,wk_1461,Giorgios-friend,Giorgios-friend,NOUN,NOUN,nsubj,obj,explicit_ref_pos,
3004,1316,one-to-one,dn_1412,wk_1462,Giorgio,Giorgio,PRON,PRON,nsubj,nsubj,explicit_full,
3005,1318,one-to-one,dn_1414,wk_1465,Giorgios-friend,Giorgios-friend,NOUN,NOUN,nsubj,nsubj,explicit_full,
3006,1320,one-to-one,dn_1416,wk_1468,Giorgios-friend,Giorgios-friend,NULL,PRON,nsubj,nsubj,zero_to_tgt_anchor,
3007,1320,one-to-one,dn_1416,wk_1468,Giorgios-friend,MISSING,PRON-REFLEX,MISSING,obj,MISSING,leftover_source,
3008,1322,one-to-one,dn_1418,wk_1470,Giorgio,Giorgio,PRON,PRON,obj,obj,explicit_full,
3009,1322,one-to-one,dn_1418,wk_1470,Giorgio,MISSING,NULL,MISSING,nsubj,MISSING,leftover_source,
3010,1322,one-to-one,dn_1418,wk_1470,Giorgios-friend,Giorgios-friend,NOUN,NOUN,nmod,nmod,explicit_full,
3011,1322,one-to-one,dn_1418,wk_1470,Ippolita,MISSING,PRON,MISSING,obj,MISSING,leftover_source,
3012,1325,one-to-one,dn_1421,wk_1473,Ippolita,Ippolita,PRON,PRON,nsubj,nsubj,explicit_full,
3013,1325,one-to-one,dn_1421,wk_1473,Ippolita,MISSING,NULL,MISSING,nsubj,MISSING,leftover_source,
3014,1328,one-to-one,dn_1424,wk_1476,Giorgio,Giorgio,NULL,NULL,nsubj,nsubj,zero_zero_single,
3015,1329,one-to-one,dn_1425,wk_1477,Giorgio,Giorgio,PRON,PRON,obj,nmod,explicit_ref_pos,
3016,1331,one-to-one,dn_1427,wk_1479,Ippolita,Ippolita,PRON,PRON,nsubj,nsubj,explicit_full,
3017,1331,one-to-one,dn_1427,wk_1479,Ippolita,MISSING,NULL,MISSING,nsubj,MISSING,leftover_source,
3018,1332,one-to-one,dn_1428,wk_1480,Giorgio,Giorgio,NULL,NULL,nsubj,nsubj,zero_zero_semantic,0.36077934574298187
3019,1332,one-to-one,dn_1428,wk_1480,MISSING,Giorgio,MISSING,NULL,MISSING,nsubj,leftover_target,
3020,1332,one-to-one,dn_1428,wk_1480,Ippolita,Ippolita,DET,PRON,nmod,nmod,explicit_ref_case,
3021,1333,one-to-one,dn_1429,wk_1481,Ippolita,Ippolita,PRON,PRON,nsubj,nsubj,explicit_full,
3022,1334,one-to-one,dn_1430,wk_1482,Giorgio,MISSING,PRON,MISSING,nsubj,MISSING,leftover_source,
3023,1334,one-to-one,dn_1430,wk_1482,Ippolita,Ippolita,PRON,NULL,nsubj,nsubj,zero_to_src_anchor,
3024,1334,one-to-one,dn_1430,wk_1482,Ippolita,MISSING,DET,MISSING,nmod,MISSING,leftover_source,
3025,1335,one-to-one,dn_1431,wk_1483,Ippolita,Ippolita,NULL,NULL,nsubj,nsubj,zero_zero_single,
3026,1335,one-to-one,dn_1431,wk_1483,Ippolita,MISSING,PRON,MISSING,obj,MISSING,leftover_source,
3027,1336,one-to-one,dn_1432,wk_1484,Giorgio,MISSING,DET,MISSING,nmod,MISSING,leftover_source,
3028,1336,one-to-one,dn_1432,wk_1484,MISSING,Giorgio,MISSING,NULL,MISSING,nsubj,leftover_target,
3029,1336,one-to-one,dn_1432,wk_1484,Ippolita,Ippolita,NULL,NULL,nsubj,nsubj,zero_zero_single,
3030,1336,one-to-one,dn_1432,wk_1484,MISSING,Ippolita,MISSING,PRON,MISSING,nmod,leftover_target,
3031,1338,one-to-one,dn_1434,wk_1486,pilgrims,pilgrims,NOUN,NOUN,nsubj,nsubj,explicit_full,
3032,1338,one-to-one,dn_1434,wk_1486,MISSING,pilgrims,MISSING,NULL,MISSING,nsubj,leftover_target,
3033,1338,one-to-one,dn_1434,wk_1486,MISSING,pilgrims,MISSING,NULL,MISSING,nsubj,leftover_target,
3034,1339,one-to-one,dn_1435,wk_1487,Ippolita,Ippolita,NOUN,NOUN,obj,obj,explicit_full,
3035,1340,one-to-one,dn_1436,wk_1488,Giorgio,Giorgio,NULL,NULL,nsubj,nsubj,zero_zero_single,
3036,1340,one-to-one,dn_1436,wk_1488,Ippolita,Ippolita,PRON,PRON,obj,obj,explicit_full,
3037,1341,one-to-one,dn_1437,wk_1489,Giorgio,MISSING,PRON,MISSING,nsubj,MISSING,leftover_source,
3038,1343,one-to-one,dn_1439,wk_1491,Ippolita,Ippolita,NULL,NULL,nsubj,nsubj,zero_zero_single,
3039,1346,one-to-one,dn_1442,wk_1494,Giorgio,Giorgio,DET,PRON,nmod,nmod,explicit_ref_case,
3040,1346,one-to-one,dn_1442,wk_1494,Giorgio,Giorgio,NULL,NULL,nsubj,nsubj,zero_zero_semantic,0.323611934076656
3041,1346,one-to-one,dn_1442,wk_1494,Giorgio,MISSING,PRON-REFLEX,MISSING,obj,MISSING,leftover_source,
3042,1346,one-to-one,dn_1442,wk_1494,MISSING,Giorgio,MISSING,NULL,MISSING,nsubj,leftover_target,
3043,1347,one-to-many,dn_1443,wk_1495 wk_1496,Giorgio,MISSING,PRON,MISSING,obj,MISSING,leftover_source,
3044,1347,one-to-many,dn_1443,wk_1495 wk_1496,Ippolita,Ippolita,PRON,PRON,nsubj,nmod,explicit_ref_pos,
3045,1348,one-to-one,dn_1444,wk_1497,Giorgio,Giorgio,NULL,NULL,nsubj,nsubj,zero_zero_semantic,0.3848584696990133
3046,1348,one-to-one,dn_1444,wk_1497,Giorgio,Giorgio,NULL,NULL,nsubj,nsubj,zero_zero_semantic,0.2556078156344911
3047,1348,one-to-one,dn_1444,wk_1497,Ippolita,Ippolita,DET,PRON,nmod,nmod,explicit_ref_case,
3048,1348,one-to-one,dn_1444,wk_1497,Ippolita,MISSING,DET,MISSING,nmod,MISSING,leftover_source,
3049,1349,one-to-one,dn_1445,wk_1498,Giorgio,Giorgio,NULL,PRON,nsubj,nsubj,zero_to_tgt_anchor,
3050,1352,one-to-one,dn_1448,wk_1501,Giorgio,Giorgio,NULL,NULL,nsubj,nsubj,zero_zero_single,
3051,1352,one-to-one,dn_1448,wk_1501,Ippolita,Ippolita,PRON,PRON,obj,obj,explicit_full,
3052,1353,one-to-one,dn_1449,wk_1502,Giorgio,MISSING,PRON,MISSING,obj,MISSING,leftover_source,
3053,1353,one-to-one,dn_1449,wk_1502,Giorgio,MISSING,PRON,MISSING,obj,MISSING,leftover_source,
3054,1354,one-to-one,dn_1450,wk_1503,Giorgio,Giorgio,NULL,NULL,nsubj,nsubj,zero_zero_semantic,0.4107369127102809
3055,1354,one-to-one,dn_1450,wk_1503,Giorgio,Giorgio,NULL,NULL,nsubj,nsubj,zero_zero_semantic,0.5467567726811616
3056,1354,one-to-one,dn_1450,wk_1503,Giorgio,MISSING,PRON-REFLEX,MISSING,obj,MISSING,leftover_source,
3057,1355,one-to-one,dn_1451,wk_1504,Giorgio,Giorgio,NULL,NULL,nsubj,nsubj,zero_zero_semantic,0.3176721016565959
3058,1355,one-to-one,dn_1451,wk_1504,MISSING,Giorgio,MISSING,NULL,MISSING,nsubj,leftover_target,
3059,1356,one-to-one,dn_1452,wk_1505,Giorgio,Giorgio,NULL,NULL,nsubj,nsubj,zero_zero_semantic,0.25626330156913896
3060,1356,one-to-one,dn_1452,wk_1505,Giorgio,Giorgio,PRON-REFLEX,PRON,obj,obj,reflex_obj,
3061,1356,one-to-one,dn_1452,wk_1505,Giorgio,MISSING,NULL,MISSING,nsubj,MISSING,leftover_source,
3062,1357,one-to-one,dn_1453,wk_1506,Giorgio,Giorgio,NULL,NULL,nsubj,nsubj,zero_zero_single,
3063,1357,one-to-one,dn_1453,wk_1506,Ippolita,Ippolita,PRON,PRON,obj,obj,explicit_full,
3064,1358,one-to-one,dn_1454,wk_1507,Cristina,Cristina,PROPN,PROPN,nsubj,nsubj,explicit_full,
3065,1358,one-to-one,dn_1454,wk_1507,Cristina,Cristina,NULL,NULL,nsubj,nsubj,zero_zero_single,
3066,1358,one-to-one,dn_1454,wk_1507,Cristina,MISSING,NOUN,MISSING,nsubj,MISSING,leftover_source,
3067,1358,one-to-one,dn_1454,wk_1507,Giorgio,Giorgio,PRON,PRON,obj,nmod,explicit_ref_pos,
3068,1358,one-to-one,dn_1454,wk_1507,Giorgio,Giorgio,PRON,PRON,obj,nmod,explicit_ref_pos,
3069,1359,one-to-one,dn_1455,wk_1508,MISSING,Cristina,MISSING,DET,MISSING,nmod,leftover_target,
3070,1359,one-to-one,dn_1455,wk_1508,Giorgio,Giorgio,PRON,PRON,nsubj,nsubj,explicit_full,
3071,1359,one-to-one,dn_1455,wk_1508,Giorgio,Giorgio,NULL,NULL,nsubj,nsubj,zero_zero_semantic,0.29547325896671395
3072,1359,one-to-one,dn_1455,wk_1508,Giorgio,Giorgio,NULL,NULL,nsubj,nsubj,zero_zero_semantic,0.29583215666195706
3073,1359,one-to-one,dn_1455,wk_1508,Giorgio,MISSING,PRON-REFLEX,MISSING,obj,MISSING,leftover_source,
3074,1359,one-to-one,dn_1455,wk_1508,Giorgio,MISSING,DET,MISSING,nmod,MISSING,leftover_source,
3075,1359,one-to-one,dn_1455,wk_1508,MISSING,Giorgio,MISSING,NULL,MISSING,nsubj,leftover_target,
3076,1359,one-to-one,dn_1455,wk_1508,Ippolita,Ippolita,DET,PRON,nmod,nmod,explicit_ref_case,
3077,1359,one-to-one,dn_1455,wk_1508,Ippolita,Ippolita,DET,PRON,nmod,nmod,explicit_ref_case,
3078,1360,one-to-one,dn_1456,wk_1509,Cristina,Cristina,NOUN,NOUN,obj,obj,explicit_full,
3079,1360,one-to-one,dn_1456,wk_1509,Giorgio,Giorgio,NULL,NULL,nsubj,nsubj,zero_zero_semantic,0.26884035896836667
3080,1360,one-to-one,dn_1456,wk_1509,MISSING,Giorgio,MISSING,NULL,MISSING,nsubj,leftover_target,
3081,1361,one-to-one,dn_1457,wk_1510,Cristina,Cristina,DET,NOUN,nmod,nmod,explicit_ref_case,
3082,1361,one-to-one,dn_1457,wk_1510,Giorgio,MISSING,PRON,MISSING,obj,MISSING,leftover_source,
3083,1361,one-to-one,dn_1457,wk_1510,MISSING,Giorgio,MISSING,NULL,MISSING,nsubj,leftover_target,
3084,1361,one-to-one,dn_1457,wk_1510,MISSING,Giorgio,MISSING,NULL,MISSING,nsubj,leftover_target,
3085,1361,one-to-one,dn_1457,wk_1510,Ippolita,Ippolita,DET,PRON,nmod,nmod,explicit_ref_case,
3086,1362,one-to-one,dn_1458,wk_1511,Giorgio,MISSING,NULL,MISSING,nsubj,MISSING,leftover_source,
3087,1362,one-to-one,dn_1458,wk_1511,Ippolita,MISSING,PRON,MISSING,obj,MISSING,leftover_source,
3088,1363,one-to-one,dn_1459,wk_1512,Ippolita,Ippolita,PRON,PRON,nsubj,obj,explicit_ref_pos,
3089,1366,one-to-one,dn_1462,wk_1515,Giorgio,Giorgio,NULL,PRON,nsubj,nsubj,zero_to_tgt_anchor,
3090,1367,one-to-one,dn_1463,wk_1516,Cristina,Cristina,NOUN,NOUN,obj,nsubj,explicit_ref_pos,
3091,1367,one-to-one,dn_1463,wk_1516,Giorgio,MISSING,NULL,MISSING,nsubj,MISSING,leftover_source,
3092,1367,one-to-one,dn_1463,wk_1516,Giorgio,MISSING,NULL,MISSING,nsubj,MISSING,leftover_source,
3093,1367,one-to-one,dn_1463,wk_1516,Giorgio,MISSING,PRON,MISSING,obj,MISSING,leftover_source,
3094,1367,one-to-one,dn_1463,wk_1516,Giorgio,MISSING,DET,MISSING,nmod,MISSING,leftover_source,
3095,1368,one-to-one,dn_1464,wk_1517,MISSING,Giorgio,MISSING,NULL,MISSING,nsubj,leftover_target,
3096,1368,one-to-one,dn_1464,wk_1517,Ippolita,Ippolita,DET,PRON,nmod,nmod,explicit_ref_case,
3097,1369,one-to-one,dn_1465,wk_1518,boys,boys,NOUN,NOUN,nmod,nmod,explicit_full,
3098,1369,one-to-one,dn_1465,wk_1518,women,women,NOUN,NOUN,nmod,nmod,explicit_full,
3099,1369,one-to-one,dn_1465,wk_1518,women boys,MISSING,PRON-REFLEX,MISSING,obj,MISSING,leftover_source,
3100,1371,one-to-one,dn_1467,wk_1520,Giorgio,Giorgio,PRON,PRON,obj,obj,explicit_full,
3101,1371,one-to-one,dn_1467,wk_1520,Ippolita,Ippolita,NULL,PRON,nsubj,nsubj,zero_to_tgt_anchor,
3102,1371,one-to-one,dn_1467,wk_1520,Ippolita,MISSING,PRON-REFLEX,MISSING,obj,MISSING,leftover_source,
3103,1372,one-to-one,dn_1468,wk_1521,Giorgio,Giorgio,PRON,PRON,obj,obj,explicit_full,
3104,1372,one-to-one,dn_1468,wk_1521,MISSING,Ippolita,MISSING,NULL,MISSING,nsubj,leftover_target,
3105,1373,one-to-one,dn_1469,wk_1522,Giorgio,Giorgio,PRON,PRON,obj,obj,explicit_full,
3106,1373,one-to-one,dn_1469,wk_1522,Giorgio,Giorgio,PRON,PRON,obj,obj,explicit_full,
3107,1373,one-to-one,dn_1469,wk_1522,Giorgio,MISSING,PRON,MISSING,obj,MISSING,leftover_source,
3108,1373,one-to-one,dn_1469,wk_1522,Ippolita,Ippolita,DET,PRON,nmod,nsubj,explicit_ref_only,
3109,1374,one-to-one,dn_1470,wk_1523,Ippolita,Ippolita,DET,PRON,nmod,nmod,explicit_ref_case,
3110,1375,one-to-one,dn_1471,wk_1524,Ippolita,Ippolita,PRON,PRON,obj,obj,explicit_full,
3111,1375,one-to-one,dn_1471,wk_1524,Ippolita,Ippolita,PRON,PRON,obj,obj,explicit_full,
3112,1375,one-to-one,dn_1471,wk_1524,Ippolita,Ippolita,PRON,PRON,obj,nmod,explicit_ref_pos,
3113,1376,one-to-one,dn_1472,wk_1525,Giorgio,Giorgio,PRON,PRON,obj,obj,explicit_full,
3114,1376,one-to-one,dn_1472,wk_1525,Giorgio,Giorgio,PRON,PRON,obj,obj,explicit_full,
3115,1376,one-to-one,dn_1472,wk_1525,Giorgio,Giorgio,PRON,PRON,obj,obj,explicit_full,
3116,1376,one-to-one,dn_1472,wk_1525,Giorgio,Giorgio,DET,PRON,nmod,nmod,explicit_ref_case,
3117,1376,one-to-one,dn_1472,wk_1525,Giorgio,MISSING,PRON,MISSING,obj,MISSING,leftover_source,
3118,1376,one-to-one,dn_1472,wk_1525,Giorgio,MISSING,PRON,MISSING,obj,MISSING,leftover_source,
3119,1376,one-to-one,dn_1472,wk_1525,Ippolita,Ippolita,DET,PRON,nmod,nmod,explicit_ref_case,
3120,1376,one-to-one,dn_1472,wk_1525,Ippolita,Ippolita,DET,PRON,nmod,nmod,explicit_ref_case,
3121,1376,one-to-one,dn_1472,wk_1525,Ippolita,Ippolita,NULL,NULL,nsubj,nsubj,zero_zero_semantic,0.35189578815787126
3122,1376,one-to-one,dn_1472,wk_1525,Ippolita,Ippolita,NULL,NULL,nsubj,nsubj,zero_zero_semantic,0.19148813079178859
3123,1376,one-to-one,dn_1472,wk_1525,Ippolita,Ippolita,NULL,NULL,nsubj,nsubj,zero_zero_semantic,0.1995282857582586
3124,1376,one-to-one,dn_1472,wk_1525,Ippolita,Ippolita,NULL,NULL,nsubj,nsubj,zero_zero_semantic,0.4675173464399516
3125,1376,one-to-one,dn_1472,wk_1525,Ippolita,Ippolita,NULL,NULL,nsubj,nsubj,zero_zero_semantic,0.2545236607264063
3126,1376,one-to-one,dn_1472,wk_1525,Ippolita,MISSING,NULL,MISSING,nsubj,MISSING,leftover_source,
3127,1378,one-to-many,dn_1474,wk_1527 wk_1528,Giorgio,Giorgio,PRON,PRON,nsubj,nsubj,explicit_full,
3128,1378,one-to-many,dn_1474,wk_1527 wk_1528,Giorgio,Giorgio,PRON,PRON,obj,nsubj,explicit_ref_pos,
3129,1378,one-to-many,dn_1474,wk_1527 wk_1528,Giorgio,Giorgio,NULL,NULL,nsubj,nsubj,zero_zero_semantic,0.09456518698822368
3130,1378,one-to-many,dn_1474,wk_1527 wk_1528,Giorgio,Giorgio,NULL,NULL,nsubj,nsubj,zero_zero_semantic,0.3589138029651208
3131,1379,one-to-one,dn_1475,wk_1529,Giorgio,Giorgio,NULL,NULL,nsubj,nsubj,zero_zero_semantic,0.571810790721108
3132,1379,one-to-one,dn_1475,wk_1529,Giorgio,MISSING,PRON-REFLEX,MISSING,obj,MISSING,leftover_source,
3133,1379,one-to-one,dn_1475,wk_1529,MISSING,Giorgio,MISSING,NULL,MISSING,nsubj,leftover_target,
3134,1380,one-to-many,dn_1476,wk_1530 wk_1531,Giorgio,Giorgio,PRON,PRON,obj,obj,explicit_full,
3135,1380,one-to-many,dn_1476,wk_1530 wk_1531,Giorgio,Giorgio,PRON,NULL,nsubj,nsubj,zero_to_src_anchor,
3136,1380,one-to-many,dn_1476,wk_1530 wk_1531,Giorgio,MISSING,PRON,MISSING,obj,MISSING,leftover_source,
3137,1383,one-to-one,dn_1479,wk_1534,Giorgio,Giorgio,DET,PRON,nmod,nmod,explicit_ref_case,
3138,1383,one-to-one,dn_1479,wk_1534,Giorgio,MISSING,DET,MISSING,nmod,MISSING,leftover_source,
3139,1383,one-to-one,dn_1479,wk_1534,Giorgio,MISSING,DET,MISSING,nmod,MISSING,leftover_source,
3140,1384,one-to-one,dn_1480,wk_1535,Giorgio,Giorgio,PRON,PRON,obj,nsubj,explicit_ref_pos,
3141,1386,one-to-one,dn_1482,wk_1537,Giorgio,Giorgio,PRON,PRON,nsubj,nsubj,explicit_full,
3142,1387,many-to-one,dn_1483 dn_1484,wk_1538,Giorgio,Giorgio,PRON,PRON,nsubj,nsubj,explicit_full,
3143,1387,many-to-one,dn_1483 dn_1484,wk_1538,MISSING,Giorgio,MISSING,NULL,MISSING,nsubj,leftover_target,
3144,1387,many-to-one,dn_1483 dn_1484,wk_1538,MISSING,Giorgio,MISSING,NULL,MISSING,nsubj,leftover_target,
3145,1387,many-to-one,dn_1483 dn_1484,wk_1538,MISSING,Giorgio,MISSING,PRON,MISSING,nmod,leftover_target,
3146,1387,many-to-one,dn_1483 dn_1484,wk_1538,MISSING,Giorgio,MISSING,PRON,MISSING,nmod,leftover_target,
3147,1387,many-to-one,dn_1483 dn_1484,wk_1538,Ippolita,Ippolita,PRON,PRON,obj,obj,explicit_full,
3148,1387,many-to-one,dn_1483 dn_1484,wk_1538,Ippolita,Ippolita,DET,PRON,nmod,nmod,explicit_ref_case,
3149,1387,many-to-one,dn_1483 dn_1484,wk_1538,Ippolita,Ippolita,DET,PRON,nmod,nmod,explicit_ref_case,
3150,1387,many-to-one,dn_1483 dn_1484,wk_1538,Ippolita,Ippolita,DET,PRON,nmod,obj,explicit_ref_only,
3151,1388,one-to-one,dn_1485,wk_1539,Giorgio,Giorgio,PRON,PRON,obj,nsubj,explicit_ref_pos,
3152,1388,one-to-one,dn_1485,wk_1539,Giorgio,MISSING,NULL,MISSING,nsubj,MISSING,leftover_source,
3153,1388,one-to-one,dn_1485,wk_1539,Ippolita,Ippolita,PRON,PRON,obj,obj,explicit_full,
3154,1388,one-to-one,dn_1485,wk_1539,Ippolita,MISSING,DET,MISSING,nmod,MISSING,leftover_source,
3155,1388,one-to-one,dn_1485,wk_1539,MISSING,Ippolita,MISSING,NULL,MISSING,nsubj,leftover_target,
3156,1389,one-to-one,dn_1486,wk_1540,Giorgio,Giorgio,NULL,NOUN,nsubj,nsubj,zero_to_tgt_anchor,
3157,1390,one-to-one,dn_1487,wk_1541,Giorgio,Giorgio,DET,PRON,nmod,nmod,explicit_ref_case,
3158,1391,one-to-one,dn_1488,wk_1542,Giorgio,Giorgio,NULL,PRON,nsubj,nsubj,zero_to_tgt_anchor,
3159,1391,one-to-one,dn_1488,wk_1542,Giorgio,MISSING,NULL,MISSING,nsubj,MISSING,leftover_source,
3160,1391,one-to-one,dn_1488,wk_1542,Giorgio,MISSING,NULL,MISSING,nsubj,MISSING,leftover_source,
3161,1392,one-to-one,dn_1489,wk_1543,Giorgio,Giorgio,PRON,PRON,nmod,nmod,explicit_full,
3162,1393,one-to-one,dn_1490,wk_1544,Giorgio,Giorgio,PRON,PRON,obj,nmod,explicit_ref_pos,
3163,1394,one-to-one,dn_1491,wk_1545,Giorgio,MISSING,NULL,MISSING,nsubj,MISSING,leftover_source,
3164,1395,one-to-one,dn_1492,wk_1546,Giorgio,Giorgio,NULL,PRON,nsubj,nsubj,zero_to_tgt_anchor,
3165,1396,one-to-one,dn_1493,wk_1547,Giorgio,Giorgio,NULL,PRON,nsubj,nsubj,zero_to_tgt_anchor,
3166,1397,one-to-one,dn_1494,wk_1548,Giorgio,MISSING,PRON,MISSING,obj,MISSING,leftover_source,
3167,1399,one-to-one,dn_1496,wk_1550,Giorgio,Giorgio,PRON,PRON,nmod,nmod,explicit_full,
3168,1399,one-to-one,dn_1496,wk_1550,Giorgio,Giorgio,NULL,NULL,nsubj,nsubj,zero_zero_single,
3169,1399,one-to-one,dn_1496,wk_1550,MISSING,Giorgio,MISSING,PRON,MISSING,nsubj,leftover_target,
3170,1400,one-to-one,dn_1497,wk_1551,Demetrio,Demetrio,PROPN,NOUN,nmod,nmod,explicit_ref_case,
3171,1400,one-to-one,dn_1497,wk_1551,Giorgio,Giorgio,PRON,PRON,obj,obj,explicit_full,
3172,1400,one-to-one,dn_1497,wk_1551,Giorgio,Giorgio,DET,PRON,nmod,nmod,explicit_ref_case,
3173,1401,one-to-one,dn_1498,wk_1552,Giorgio,Giorgio,PRON,PRON,nmod,nmod,explicit_full,
3174,1401,one-to-one,dn_1498,wk_1552,Giorgio,MISSING,PRON,MISSING,nmod,MISSING,leftover_source,
3175,1401,one-to-one,dn_1498,wk_1552,MISSING,Giorgio,MISSING,NULL,MISSING,nsubj,leftover_target,
3176,1403,one-to-many,dn_1500,wk_1554 wk_1555,Giorgio,Giorgio,NULL,NULL,nsubj,nsubj,zero_zero_semantic,0.4897901200019177
3177,1403,one-to-many,dn_1500,wk_1554 wk_1555,Giorgio,Giorgio,NULL,PRON,nsubj,nsubj,zero_to_tgt_anchor,
3178,1404,one-to-many,dn_1501,wk_1556 wk_1557,Giorgio,Giorgio,PROPN,PROPN,nsubj,nsubj,explicit_full,
3179,1404,one-to-many,dn_1501,wk_1556 wk_1557,MISSING,Giorgio,MISSING,NULL,MISSING,nsubj,leftover_target,
3180,1404,one-to-many,dn_1501,wk_1556 wk_1557,Ippolita,Ippolita,PROPN,PROPN,obj,nmod,explicit_ref_pos,
3181,1405,one-to-one,dn_1502,wk_1558,Giorgio,MISSING,PRON,MISSING,obj,MISSING,leftover_source,
3182,1405,one-to-one,dn_1502,wk_1558,Ippolita,Ippolita,NOUN,PRON,nsubj,nsubj,explicit_ref_case,
3183,1406,one-to-many,dn_1503,wk_1559 wk_1560,Giorgio,Giorgio,PRON,PRON,obj,obj,explicit_full,
3184,1406,one-to-many,dn_1503,wk_1559 wk_1560,Ippolita,Ippolita,PRON,PRON,nsubj,nsubj,explicit_full,
3185,1407,one-to-one,dn_1504,wk_1561,Ippolita,MISSING,NULL,MISSING,nsubj,MISSING,leftover_source,
3186,1408,one-to-one,dn_1505,wk_1562,Ippolita,Ippolita,PRON,PRON,obj,obj,explicit_full,
3187,1409,one-to-one,dn_1506,wk_1563,Ippolita,Ippolita,NULL,PRON,nsubj,nsubj,zero_to_tgt_anchor,
3188,1410,one-to-many,dn_1507,wk_1564 wk_1565,Giorgio,Giorgio,DET,PRON,nmod,nmod,explicit_ref_case,
3189,1410,one-to-many,dn_1507,wk_1564 wk_1565,Giorgio,Giorgio,NULL,NULL,nsubj,nsubj,zero_zero_semantic,0.23337148935514584
3190,1410,one-to-many,dn_1507,wk_1564 wk_1565,MISSING,Giorgio,MISSING,PRON,MISSING,nsubj,leftover_target,
3191,1410,one-to-many,dn_1507,wk_1564 wk_1565,MISSING,Giorgio,MISSING,NULL,MISSING,nsubj,leftover_target,
3192,1411,one-to-one,dn_1508,wk_1566,Giorgio,Giorgio,NULL,PRON,nsubj,nsubj,zero_to_tgt_anchor,
3193,1412,one-to-many,dn_1509,wk_1567 wk_1568,Giorgio,Giorgio,DET,PRON,nmod,nmod,explicit_ref_case,
3194,1412,one-to-many,dn_1509,wk_1567 wk_1568,Giorgio,MISSING,DET,MISSING,nmod,MISSING,leftover_source,
3195,1412,one-to-many,dn_1509,wk_1567 wk_1568,Giorgio,MISSING,DET,MISSING,nmod,MISSING,leftover_source,
3196,1413,one-to-one,dn_1510,wk_1569,Giorgio,Giorgio,NULL,NULL,nsubj,nsubj,zero_zero_semantic,0.33150243285027414
3197,1413,one-to-one,dn_1510,wk_1569,MISSING,Giorgio,MISSING,NULL,MISSING,nsubj,leftover_target,
3198,1413,one-to-one,dn_1510,wk_1569,Ippolita,Ippolita,DET,PRON,nmod,nmod,explicit_ref_case,
3199,1414,one-to-one,dn_1511,wk_1570,Giorgio,Giorgio,PRON,PRON,obj,obj,explicit_full,
3200,1414,one-to-one,dn_1511,wk_1570,Ippolita,Ippolita,DET,PRON,nmod,nmod,explicit_ref_case,
3201,1415,one-to-one,dn_1512,wk_1571,Giorgio,Giorgio,PRON,NULL,nsubj,nsubj,zero_to_src_anchor,
3202,1415,one-to-one,dn_1512,wk_1571,Ippolita,Ippolita,PRON,PRON,obj,nmod,explicit_ref_pos,
3203,1416,one-to-one,dn_1513,wk_1572,Giorgio,Giorgio,NULL,PRON,nsubj,nsubj,zero_to_tgt_anchor,
3204,1416,one-to-one,dn_1513,wk_1572,Ippolita,Ippolita,PRON,PRON,obj,obj,explicit_full,
3205,1417,one-to-one,dn_1514,wk_1573,Giorgio,MISSING,NULL,MISSING,nsubj,MISSING,leftover_source,
3206,1420,one-to-one,dn_1517,wk_1576,Giorgio,Giorgio,PROPN,PROPN,nsubj,nsubj,explicit_full,
3207,1420,one-to-one,dn_1517,wk_1576,Giorgio,Giorgio,PRON,PRON,obj,nmod,explicit_ref_pos,
3208,1420,one-to-one,dn_1517,wk_1576,Giorgio,Giorgio,NULL,NULL,nsubj,nsubj,zero_zero_single,
3209,1421,one-to-one,dn_1518,wk_1577,Giorgio,Giorgio,PRON,PRON,obj,obj,explicit_full,
3210,1421,one-to-one,dn_1518,wk_1577,Ippolita,Ippolita,PROPN,PROPN,nsubj,nsubj,explicit_full,
3211,1422,one-to-many,dn_1519,wk_1578 wk_1579 wk_1580,Ippolita,Ippolita,PRON,PRON,nsubj,nsubj,explicit_full,
3212,1422,one-to-many,dn_1519,wk_1578 wk_1579 wk_1580,Ippolita,Ippolita,PRON,PRON,obj,obj,explicit_full,
3213,1422,one-to-many,dn_1519,wk_1578 wk_1579 wk_1580,Ippolita,Ippolita,NULL,NULL,nsubj,nsubj,zero_zero_single,
3214,1422,one-to-many,dn_1519,wk_1578 wk_1579 wk_1580,Ippolita,MISSING,PRON-REFLEX,MISSING,obj,MISSING,leftover_source,
3215,1422,one-to-many,dn_1519,wk_1578 wk_1579 wk_1580,Ippolita,MISSING,PRON,MISSING,obj,MISSING,leftover_source,
3216,1422,one-to-many,dn_1519,wk_1578 wk_1579 wk_1580,Ippolita,MISSING,PRON-REFLEX,MISSING,obj,MISSING,leftover_source,
3217,1422,one-to-many,dn_1519,wk_1578 wk_1579 wk_1580,Ippolita,MISSING,PRON,MISSING,obj,MISSING,leftover_source,
3218,1422,one-to-many,dn_1519,wk_1578 wk_1579 wk_1580,Ippolita Ippolitas-husband,MISSING,NULL,MISSING,nsubj,MISSING,leftover_source,
3219,1422,one-to-many,dn_1519,wk_1578 wk_1579 wk_1580,Ippolitas-husband,Ippolitas-husband,NOUN,NOUN,nsubj,nsubj,explicit_full,
3220,1422,one-to-many,dn_1519,wk_1578 wk_1579 wk_1580,Ippolitas-husband,Ippolitas-husband,PRON,NOUN,obj,nsubj,explicit_ref_only,
3221,1422,one-to-many,dn_1519,wk_1578 wk_1579 wk_1580,Ippolitas-husband,Ippolitas-husband,PRON,NOUN,obj,nsubj,explicit_ref_only,
3222,1422,one-to-many,dn_1519,wk_1578 wk_1579 wk_1580,MISSING,Ippolitas-husband,MISSING,NULL,MISSING,nsubj,leftover_target,
3223,1422,one-to-many,dn_1519,wk_1578 wk_1579 wk_1580,MISSING,Ippolitas-husband,MISSING,NULL,MISSING,nsubj,leftover_target,
3224,1423,many-to-one,dn_1520 dn_1521,wk_1581,Ippolita,Ippolita,PRON,PRON,obj,obj,explicit_full,
3225,1423,many-to-one,dn_1520 dn_1521,wk_1581,Ippolita,Ippolita,NULL,NULL,nsubj,nsubj,zero_zero_semantic,0.46725456864024145
3226,1423,many-to-one,dn_1520 dn_1521,wk_1581,Ippolita,MISSING,PRON-REFLEX,MISSING,obj,MISSING,leftover_source,
3227,1423,many-to-one,dn_1520 dn_1521,wk_1581,Ippolita,MISSING,PRON,MISSING,obj,MISSING,leftover_source,
3228,1423,many-to-one,dn_1520 dn_1521,wk_1581,MISSING,Ippolita,MISSING,NULL,MISSING,nsubj,leftover_target,
3229,1423,many-to-one,dn_1520 dn_1521,wk_1581,MISSING,Ippolita,MISSING,NULL,MISSING,nsubj,leftover_target,
3230,1423,many-to-one,dn_1520 dn_1521,wk_1581,MISSING,Ippolita,MISSING,NULL,MISSING,nsubj,leftover_target,
3231,1423,many-to-one,dn_1520 dn_1521,wk_1581,MISSING,Ippolita Ippolitas-husband,MISSING,NOUN,MISSING,obj,leftover_target,
3232,1423,many-to-one,dn_1520 dn_1521,wk_1581,Ippolitas-husband,Ippolitas-husband,NOUN,NOUN,obj,obj,explicit_full,
3233,1423,many-to-one,dn_1520 dn_1521,wk_1581,MISSING,Ippolitas-husband,MISSING,NULL,MISSING,nsubj,leftover_target,
3234,1423,many-to-one,dn_1520 dn_1521,wk_1581,MISSING,Ippolitas-husband,MISSING,PRON,MISSING,nmod,leftover_target,
3235,1424,one-to-one,dn_1522,wk_1582,Giorgio,Giorgio,PROPN,PROPN,vocative,vocative,explicit_full,
3236,1424,one-to-one,dn_1522,wk_1582,MISSING,Giorgio Ippolita,MISSING,NULL,MISSING,nsubj,leftover_target,
3237,1425,one-to-one,dn_1523,wk_1583,Giorgio,Giorgio,NOUN,NOUN,nmod,nmod,explicit_full,
3238,1425,one-to-one,dn_1523,wk_1583,Ippolita,Ippolita,PRON,PROPN,nsubj,nsubj,explicit_ref_case,
3239,1425,one-to-one,dn_1523,wk_1583,Ippolita,Ippolita,PRON,PRON,obj,nmod,explicit_ref_pos,
3240,1425,one-to-one,dn_1523,wk_1583,MISSING,Ippolita,MISSING,NULL,MISSING,nsubj,leftover_target,
3241,1426,one-to-one,dn_1524,wk_1584,Giorgio Ippolita,Giorgio Ippolita,NULL,NULL,nsubj,nsubj,zero_zero_single,
3242,1427,one-to-one,dn_1525 dn_1526,wk_1585 wk_1586,Giorgio,Giorgio,PRON,PRON,nsubj,nsubj,explicit_full,
3243,1427,one-to-one,dn_1525 dn_1526,wk_1585 wk_1586,Giorgio,MISSING,NULL,MISSING,nsubj,MISSING,leftover_source,
3244,1427,one-to-one,dn_1525 dn_1526,wk_1585 wk_1586,Giorgio,MISSING,NULL,MISSING,nsubj,MISSING,leftover_source,
3245,1427,one-to-one,dn_1525 dn_1526,wk_1585 wk_1586,MISSING,Giorgio,MISSING,PRON,MISSING,obj,leftover_target,
3246,1427,one-to-one,dn_1525 dn_1526,wk_1585 wk_1586,MISSING,Ippolita,MISSING,PRON,MISSING,nmod,leftover_target,
3247,1427,one-to-one,dn_1525 dn_1526,wk_1585 wk_1586,MISSING,Ippolitas-husband,MISSING,NOUN,MISSING,nsubj,leftover_target,
3248,1428,one-to-one,dn_1527,wk_1587,Giorgio,Giorgio,NULL,PRON,nsubj,nsubj,zero_to_tgt_anchor,
3249,1428,one-to-one,dn_1527,wk_1587,Giorgio,MISSING,NULL,MISSING,nsubj,MISSING,leftover_source,
3250,1428,one-to-one,dn_1527,wk_1587,Giorgio,MISSING,PRON-REFLEX,MISSING,obj,MISSING,leftover_source,
3251,1428,one-to-one,dn_1527,wk_1587,Ippolita,Ippolita,PRON,PRON,obj,obj,explicit_full,
3252,1428,one-to-one,dn_1527,wk_1587,Ippolitas-husband,MISSING,NOUN,MISSING,nmod,MISSING,leftover_source,
3253,1429,one-to-one,dn_1528,wk_1588,Giorgio,Giorgio,DET,PRON,nmod,nmod,explicit_ref_case,
3254,1429,one-to-one,dn_1528,wk_1588,Giorgio,Giorgio,NULL,NULL,nsubj,nsubj,zero_zero_single,
3255,1429,one-to-one,dn_1528,wk_1588,Ippolita,Ippolita,PRON,PRON,obj,obj,explicit_full,
3256,1429,one-to-one,dn_1528,wk_1588,Ippolita,MISSING,PRON,MISSING,obj,MISSING,leftover_source,
3257,1430,one-to-one,dn_1529,wk_1589,MISSING,Giorgio,MISSING,PRON,MISSING,nsubj,leftover_target,
3258,1431,one-to-one,dn_1530,wk_1590,Giorgio,Giorgio,DET,PRON,nmod,nmod,explicit_ref_case,
3259,1431,one-to-one,dn_1530,wk_1590,Giorgio,MISSING,NULL,MISSING,nsubj,MISSING,leftover_source,
3260,1432,one-to-one,dn_1531,wk_1591,Giorgio,Giorgio,PRON,PRON,obj,obj,explicit_full,
3261,1432,one-to-one,dn_1531,wk_1591,Giorgio,MISSING,NULL,MISSING,nsubj,MISSING,leftover_source,
3262,1432,one-to-one,dn_1531,wk_1591,Ippolita,MISSING,PRON,MISSING,obj,MISSING,leftover_source,
3263,1433,one-to-one,dn_1532,wk_1592,Ippolita,Ippolita,PRON,PRON,obj,obj,explicit_full,
3264,1433,one-to-one,dn_1532,wk_1592,Ippolita,Ippolita,NULL,NULL,nsubj,nsubj,zero_zero_semantic,0.484629577478847
3265,1433,one-to-one,dn_1532,wk_1592,Ippolita,Ippolita,NULL,NULL,nsubj,nsubj,zero_zero_semantic,0.3235906037558141
3266,1434,one-to-one,dn_1533,wk_1593,Giorgio,Giorgio,PRON,PRON,nsubj,nsubj,explicit_full,
3267,1435,one-to-one,dn_1534,wk_1594,Giorgio,Giorgio,DET,PRON,nmod,nmod,explicit_ref_case,
3268,1435,one-to-one,dn_1534,wk_1594,MISSING,Giorgio,MISSING,PRON,MISSING,nmod,leftover_target,
3269,1435,one-to-one,dn_1534,wk_1594,Ippolita,Ippolita,PRON,PRON,obj,obj,explicit_full,
3270,1435,one-to-one,dn_1534,wk_1594,Ippolita,Ippolita,PRON,PRON,obj,obj,explicit_full,
3271,1435,one-to-one,dn_1534,wk_1594,Ippolita,Ippolita,PRON,PRON,obj,obj,explicit_full,
3272,1435,one-to-one,dn_1534,wk_1594,Ippolita,Ippolita,PRON,PRON,obj,nmod,explicit_ref_pos,
3273,1439,one-to-one,dn_1538,wk_1598,Ippolita,Ippolita,PROPN,PROPN,vocative,vocative,explicit_full,
3274,1439,one-to-one,dn_1538,wk_1598,Ippolita,Ippolita,NULL,NULL,nsubj,nsubj,zero_zero_semantic,0.16829841968314402
3275,1439,one-to-one,dn_1538,wk_1598,Ippolita,Ippolita,NULL,NULL,nsubj,nsubj,zero_zero_semantic,0.048707377931167334
3276,1440,one-to-one,dn_1539,wk_1599,Giorgio,Giorgio,NULL,NULL,nsubj,nsubj,zero_zero_semantic,0.1122740238904953
3277,1440,one-to-one,dn_1539,wk_1599,MISSING,Giorgio,MISSING,NULL,MISSING,nsubj,leftover_target,
3278,1440,one-to-one,dn_1539,wk_1599,MISSING,Giorgio,MISSING,NULL,MISSING,nsubj,leftover_target,
3279,1440,one-to-one,dn_1539,wk_1599,Ippolita,Ippolita,PRON,PRON,obj,obj,explicit_full,
3280,1440,one-to-one,dn_1539,wk_1599,Ippolita,MISSING,PRON,MISSING,obj,MISSING,leftover_source,
3281,1440,one-to-one,dn_1539,wk_1599,Ippolita,MISSING,PRON,MISSING,obj,MISSING,leftover_source,
3282,1441,one-to-one,dn_1540,wk_1600,Giorgio,Giorgio,NULL,NULL,nsubj,nsubj,zero_zero_single,
3283,1441,one-to-one,dn_1540,wk_1600,Ippolita,Ippolita,PRON,PRON,obj,obj,explicit_full,
3284,1442,one-to-one,dn_1541,wk_1601,Giorgio,MISSING,PRON,MISSING,obj,MISSING,leftover_source,
3285,1442,one-to-one,dn_1541,wk_1601,Ippolita,Ippolita,NULL,NULL,nsubj,nsubj,zero_zero_single,
3286,1442,one-to-one,dn_1541,wk_1601,Ippolita,MISSING,DET,MISSING,nmod,MISSING,leftover_source,
3287,1443,one-to-one,dn_1542,wk_1602,Giorgio,Giorgio,PRON,NULL,nsubj,nsubj,zero_to_src_anchor,
3288,1443,one-to-one,dn_1542,wk_1602,MISSING,Giorgio,MISSING,NULL,MISSING,nsubj,leftover_target,
3289,1444,one-to-one,dn_1543,wk_1603,Giorgio,Giorgio,PRON,PRON,obj,nmod,explicit_ref_pos,
3290,1444,one-to-one,dn_1543,wk_1603,Giorgio,Giorgio,NULL,NULL,nsubj,nsubj,zero_zero_single,
3291,1444,one-to-one,dn_1543,wk_1603,Giorgio,MISSING,PRON,MISSING,obj,MISSING,leftover_source,
3292,1444,one-to-one,dn_1543,wk_1603,Ippolita,Ippolita,DET,PRON,nmod,nmod,explicit_ref_case,
3293,1444,one-to-one,dn_1543,wk_1603,Ippolitas-husband,Ippolitas-husband,DET,NOUN,nmod,nmod,explicit_ref_case,
3294,1447,many-to-one,dn_1546 dn_1547,wk_1606,Giorgio,Giorgio,PROPN,PROPN,vocative,vocative,explicit_full,
3295,1447,many-to-one,dn_1546 dn_1547,wk_1606,Giorgio Ippolita,Giorgio Ippolita,NULL,NULL,nsubj,nsubj,zero_zero_semantic,0.49533045603382975
3296,1447,many-to-one,dn_1546 dn_1547,wk_1606,MISSING,Giorgio Ippolita,MISSING,NULL,MISSING,nsubj,leftover_target,
3297,1448,one-to-one,dn_1548,wk_1607,Giorgio,Giorgio,NOUN,NOUN,nmod,nmod,explicit_full,
3298,1448,one-to-one,dn_1548,wk_1607,Giorgio,Giorgio,PRON,DET,obj,nmod,explicit_ref_only,
3299,1448,one-to-one,dn_1548,wk_1607,Ippolita,Ippolita,PROPN,PROPN,nsubj,nsubj,explicit_full,
3300,1448,one-to-one,dn_1548,wk_1607,Ippolita,Ippolita,NULL,NULL,nsubj,nsubj,zero_zero_single,
3301,1448,one-to-one,dn_1548,wk_1607,Ippolita,MISSING,DET,MISSING,nmod,MISSING,leftover_source,
3302,1449,one-to-one,dn_1549,wk_1608,Giorgio,Giorgio,PROPN,PROPN,vocative,vocative,explicit_full,
3303,1449,one-to-one,dn_1549,wk_1608,Giorgio,MISSING,PRON,MISSING,obj,MISSING,leftover_source,
3304,1449,one-to-one,dn_1549,wk_1608,Ippolita,Ippolita,NULL,NULL,nsubj,nsubj,zero_zero_single,
3305,1450,one-to-one,dn_1550,wk_1609,Giorgio,Giorgio,PRON,PRON,obj,obj,explicit_full,
3306,1450,one-to-one,dn_1550,wk_1609,Ippolita,Ippolita,PRON,PRON,nsubj,nsubj,explicit_full,
3307,1451,one-to-many,dn_1551,wk_1610 wk_1611,Giorgio,Giorgio,PRON,PRON,nsubj,nsubj,explicit_full,
3308,1451,one-to-many,dn_1551,wk_1610 wk_1611,Giorgio,Giorgio,NULL,NULL,nsubj,nsubj,zero_zero_semantic,0.27677759256955947
3309,1451,one-to-many,dn_1551,wk_1610 wk_1611,Giorgio,MISSING,PRON,MISSING,obj,MISSING,leftover_source,
3310,1451,one-to-many,dn_1551,wk_1610 wk_1611,Giorgio,MISSING,NULL,MISSING,nsubj,MISSING,leftover_source,
3311,1452,one-to-one,dn_1552,wk_1612,Giorgio Ippolita,Giorgio Ippolita,NULL,NOUN,nsubj,nsubj,zero_to_tgt_anchor,
3312,1453,one-to-one,dn_1553,wk_1613,Giorgio Ippolita,Giorgio Ippolita,NULL,NOUN,nsubj,nsubj,zero_to_tgt_anchor,
3313,1454,one-to-one,dn_1554,wk_1614,Giorgio Ippolita,Giorgio Ippolita,NULL,NULL,nsubj,nsubj,zero_zero_single,
3314,1454,one-to-one,dn_1554,wk_1614,MISSING,Giorgio Ippolita,MISSING,NOUN,MISSING,nsubj,leftover_target,
3315,1455,one-to-one,dn_1555,wk_1615,Giorgio Ippolita,MISSING,PRON,MISSING,obj,MISSING,leftover_source,
3316,1455,one-to-one,dn_1555,wk_1615,MISSING,Giorgio Ippolita,MISSING,NULL,MISSING,nsubj,leftover_target,
3317,1456,one-to-one,dn_1556,wk_1616,Giorgio Ippolita,Giorgio Ippolita,PRON,NOUN,obj,obj,explicit_ref_case,
3318,1457,one-to-one,dn_1557,wk_1617,Giorgio Ippolita,Giorgio Ippolita,PRON,NOUN,nsubj,obj,explicit_ref_only,
3319,1457,one-to-one,dn_1557,wk_1617,Giorgio Ippolita,MISSING,DET,MISSING,nmod,MISSING,leftover_source,
3320,1457,one-to-one,dn_1557,wk_1617,Giorgio Ippolita,MISSING,DET,MISSING,nmod,MISSING,leftover_source,
3321,1458,one-to-one,dn_1558,wk_1618,Giorgio Ippolita,Giorgio Ippolita,DET,NOUN,nmod,nmod,explicit_ref_case,
3322,1458,one-to-one,dn_1558,wk_1618,Giorgio Ippolita,Giorgio Ippolita,DET,NOUN,nmod,nmod,explicit_ref_case,
3323,1459,one-to-one,dn_1559,wk_1619,Giorgio,Giorgio,PROPN,PROPN,nsubj,nsubj,explicit_full,
3324,1461,one-to-one,dn_1561,wk_1621,Ippolita,Ippolita,PROPN,PROPN,nsubj,nsubj,explicit_full,
3325,1462,one-to-one,dn_1562,wk_1622,MISSING,Giorgio Ippolita,MISSING,NULL,MISSING,nsubj,leftover_target,
3326,1462,one-to-one,dn_1562,wk_1622,Ippolita,MISSING,NULL,MISSING,nsubj,MISSING,leftover_source,
3327,1463,one-to-one,dn_1563,wk_1623,Giorgio,Giorgio,DET,PRON,nmod,nmod,explicit_ref_case,
3328,1463,one-to-one,dn_1563,wk_1623,Ippolita,Ippolita,PRON,PRON,obj,nsubj,explicit_ref_pos,
3329,1463,one-to-one,dn_1563,wk_1623,MISSING,Ippolita,MISSING,NULL,MISSING,nsubj,leftover_target,
3330,1464,one-to-many,dn_1564,wk_1624 wk_1625,Giorgio Ippolita,Giorgio Ippolita,PRON,PRON,obj,obj,explicit_full,
3331,1464,one-to-many,dn_1564,wk_1624 wk_1625,Giorgio Ippolita,Giorgio Ippolita,PRON,NOUN,nsubj,nsubj,explicit_ref_case,
3332,1464,one-to-many,dn_1564,wk_1624 wk_1625,Giorgio Ippolita,Giorgio Ippolita,PRON,NOUN,obj,nsubj,explicit_ref_only,
3333,1464,one-to-many,dn_1564,wk_1624 wk_1625,Giorgio Ippolita,MISSING,PRON,MISSING,nmod,MISSING,leftover_source,
3334,1464,one-to-many,dn_1564,wk_1624 wk_1625,Giorgio Ippolita,MISSING,PRON,MISSING,obj,MISSING,leftover_source,
3335,1464,one-to-many,dn_1564,wk_1624 wk_1625,MISSING,Giorgio Ippolita,MISSING,NULL,MISSING,nsubj,leftover_target,
3336,1465,one-to-many,dn_1565,wk_1626 wk_1627,Giorgio Ippolita,Giorgio Ippolita,NULL,NOUN,nsubj,nsubj,zero_to_tgt_anchor,
3337,1465,one-to-many,dn_1565,wk_1626 wk_1627,Giorgio Ippolita,MISSING,NULL,MISSING,nsubj,MISSING,leftover_source,
3338,1465,one-to-many,dn_1565,wk_1626 wk_1627,pavers,pavers,NOUN,NOUN,nsubj,nsubj,explicit_full,
3339,1466,one-to-one,dn_1566,wk_1628,Giorgio Ippolita,Giorgio Ippolita,DET,NOUN,nmod,nmod,explicit_ref_case,
3340,1467,one-to-one,dn_1567,wk_1629,Giorgio,Giorgio,PROPN,PROPN,nsubj,nsubj,explicit_full,
3341,1467,one-to-one,dn_1567,wk_1629,Giorgio,MISSING,PRON,MISSING,obj,MISSING,leftover_source,
3342,1467,one-to-one,dn_1567,wk_1629,MISSING,Giorgio,MISSING,NULL,MISSING,nsubj,leftover_target,
3343,1469,one-to-many,dn_1569,wk_1631 wk_1632,Giorgio,Giorgio,PRON,PRON,nsubj,nsubj,explicit_full,
3344,1469,one-to-many,dn_1569,wk_1631 wk_1632,Giorgio,Giorgio,PRON,NULL,nsubj,nsubj,zero_to_src_anchor,
3345,1469,one-to-many,dn_1569,wk_1631 wk_1632,Giorgio,MISSING,PRON,MISSING,obj,MISSING,leftover_source,
3346,1469,one-to-many,dn_1569,wk_1631 wk_1632,Giorgio,MISSING,PRON,MISSING,obj,MISSING,leftover_source,
3347,1469,one-to-many,dn_1569,wk_1631 wk_1632,MISSING,Giorgio,MISSING,NULL,MISSING,nsubj,leftover_target,
3348,1469,one-to-many,dn_1569,wk_1631 wk_1632,MISSING,Giorgio,MISSING,NULL,MISSING,nsubj,leftover_target,
3349,1470,one-to-one,dn_1570,wk_1633,Giorgio,Giorgio,PRON,PRON,obj,obj,explicit_full,
3350,1471,one-to-one,dn_1571,wk_1634,Giorgio,Giorgio,PRON,PRON,nsubj,nsubj,explicit_full,
3351,1472,one-to-one,dn_1572,wk_1635,Giorgio Ippolita,Giorgio Ippolita,PRON,NOUN,nsubj,nsubj,explicit_ref_case,
3352,1472,one-to-one,dn_1572,wk_1635,Giorgio Ippolita,MISSING,PRON-REFLEX,MISSING,obj,MISSING,leftover_source,
3353,1473,one-to-one,dn_1573,wk_1636,Giorgio,Giorgio,PRON,PRON,nsubj,nsubj,explicit_full,
3354,1473,one-to-one,dn_1573,wk_1636,Giorgio,MISSING,DET,MISSING,nmod,MISSING,leftover_source,
3355,1473,one-to-one,dn_1573,wk_1636,MISSING,Giorgio,MISSING,NULL,MISSING,nsubj,leftover_target,
3356,1474,one-to-one,dn_1574,wk_1637,Giorgio,Giorgio,NULL,NULL,nsubj,nsubj,zero_zero_single,
3357,1475,one-to-one,dn_1575,wk_1638,Giorgio,Giorgio,PRON,NULL,nsubj,nsubj,zero_to_src_anchor,
3358,1475,one-to-one,dn_1575,wk_1638,Giorgio,MISSING,PRON,MISSING,obj,MISSING,leftover_source,
3359,1476,one-to-one,dn_1576,wk_1639,Giorgio,Giorgio,NULL,NULL,nsubj,nsubj,zero_zero_single,
3360,1477,one-to-one,dn_1577,wk_1640,AlfonsoExili,AlfonsoExili,PROPN,PROPN,obj,nsubj,explicit_ref_pos,
3361,1477,one-to-one,dn_1577,wk_1640,Giorgio,Giorgio,DET,DET,nmod,nmod,explicit_full,
3362,1477,one-to-one,dn_1577,wk_1640,Giorgio,Giorgio,PRON,PRON,obj,obj,explicit_full,
3363,1477,one-to-one,dn_1577,wk_1640,Giorgio,Giorgio,NULL,PRON,nsubj,nsubj,zero_to_tgt_anchor,
3364,1478,one-to-one,dn_1578,wk_1641,Giorgio,MISSING,PRON,MISSING,obj,MISSING,leftover_source,
3365,1478,one-to-one,dn_1578,wk_1641,Ippolita,Ippolita,PROPN,PROPN,nsubj,nsubj,explicit_full,
3366,1478,one-to-one,dn_1578,wk_1641,Ippolita,Ippolita,NULL,NULL,nsubj,nsubj,zero_zero_single,
3367,1479,one-to-one,dn_1579,wk_1642,MISSING,Ippolita,MISSING,NULL,MISSING,nsubj,leftover_target,
3368,1480,one-to-one,dn_1580,wk_1643,Giorgio,MISSING,PRON,MISSING,obj,MISSING,leftover_source,
3369,1480,one-to-one,dn_1580,wk_1643,Ippolita,Ippolita,PRON,PRON,nsubj,nsubj,explicit_full,
3370,1480,one-to-one,dn_1580,wk_1643,MISSING,Ippolita,MISSING,NULL,MISSING,nsubj,leftover_target,
3371,1481,one-to-one,dn_1581,wk_1644,Ippolita,Ippolita,PRON,PRON,nsubj,nsubj,explicit_full,
3372,1481,one-to-one,dn_1581,wk_1644,MISSING,Ippolita,MISSING,NULL,MISSING,nsubj,leftover_target,
3373,1482,one-to-one,dn_1582,wk_1645,Giorgio,MISSING,PRON,MISSING,obj,MISSING,leftover_source,
3374,1482,one-to-one,dn_1582,wk_1645,Giorgio,MISSING,DET,MISSING,nmod,MISSING,leftover_source,
3375,1482,one-to-one,dn_1582,wk_1645,MISSING,Giorgio,MISSING,NULL,MISSING,nsubj,leftover_target,
3376,1482,one-to-one,dn_1582,wk_1645,Ippolita,Ippolita,PRON,PRON,nsubj,nsubj,explicit_full,
3377,1483,one-to-many,dn_1583,wk_1646 wk_1647,Giorgio,Giorgio,DET,PRON,nmod,nmod,explicit_ref_case,
3378,1483,one-to-many,dn_1583,wk_1646 wk_1647,Giorgio,MISSING,PRON,MISSING,obj,MISSING,leftover_source,
3379,1483,one-to-many,dn_1583,wk_1646 wk_1647,Ippolita,Ippolita,PRON,PRON,nsubj,nsubj,explicit_full,
3380,1483,one-to-many,dn_1583,wk_1646 wk_1647,Ippolita,Ippolita,NULL,NULL,nsubj,nsubj,zero_zero_semantic,0.21452780004117727
3381,1483,one-to-many,dn_1583,wk_1646 wk_1647,MISSING,Ippolita,MISSING,NULL,MISSING,nsubj,leftover_target,
3382,1483,one-to-many,dn_1583,wk_1646 wk_1647,MISSING,Ippolita,MISSING,NULL,MISSING,nsubj,leftover_target,
3383,1483,one-to-many,dn_1583,wk_1646 wk_1647,MISSING,Ippolita,MISSING,NULL,MISSING,nsubj,leftover_target,
3384,1484,one-to-one,dn_1584,wk_1648,Giorgio,Giorgio,PRON,PRON,nsubj,nsubj,explicit_full,
3385,1484,one-to-one,dn_1584,wk_1648,Giorgio,MISSING,PRON,MISSING,obj,MISSING,leftover_source,
3386,1484,one-to-one,dn_1584,wk_1648,MISSING,Giorgio,MISSING,NULL,MISSING,nsubj,leftover_target,
3387,1484,one-to-one,dn_1584,wk_1648,Ippolita,Ippolita,PROPN,PROPN,obj,nmod,explicit_ref_pos,
3388,1484,one-to-one,dn_1584,wk_1648,Ippolita,Ippolita,PRON,PRON,obj,nmod,explicit_ref_pos,
3389,1485,one-to-one,dn_1585,wk_1649,Ippolita,Ippolita,NULL,PRON,nsubj,nsubj,zero_to_tgt_anchor,
3390,1486,one-to-one,dn_1586,wk_1650,Giorgio,MISSING,PRON,MISSING,obj,MISSING,leftover_source,
3391,1486,one-to-one,dn_1586,wk_1650,Ippolita,Ippolita,NULL,NULL,nsubj,nsubj,zero_zero_single,
3392,1487,one-to-one,dn_1587,wk_1651,Giorgio,MISSING,NULL,MISSING,nsubj,MISSING,leftover_source,
3393,1488,one-to-one,dn_1588,wk_1652,Ippolita,Ippolita,PROPN,PROPN,nsubj,nsubj,explicit_full,
3394,1490,one-to-many,dn_1590,wk_1654 wk_1655,Giorgio,Giorgio,PROPN,PROPN,nsubj,nsubj,explicit_full,
3395,1490,one-to-many,dn_1590,wk_1654 wk_1655,Giorgio,Giorgio,NULL,NULL,nsubj,nsubj,zero_zero_single,
3396,1490,one-to-many,dn_1590,wk_1654 wk_1655,Ippolita,Ippolita,PRON,PRON,obj,nmod,explicit_ref_pos,
3397,1491,one-to-one,dn_1591,wk_1656,Giorgio,Giorgio,NULL,PRON,nsubj,nsubj,zero_to_tgt_anchor,
3398,1492,one-to-one,dn_1592,wk_1657,Ippolita,Ippolita,PRON,PRON,nsubj,nsubj,explicit_full,
3399,1493,one-to-one,dn_1593,wk_1658,Ippolita,Ippolita,PROPN,PROPN,nsubj,nsubj,explicit_full,
3400,1494,one-to-one,dn_1594,wk_1659,Ippolita,Ippolita,PRON,PRON,obj,obj,explicit_full,
3401,1494,one-to-one,dn_1594,wk_1659,Ippolita,MISSING,NULL,MISSING,nsubj,MISSING,leftover_source,
3402,1494,one-to-one,dn_1594,wk_1659,Ippolita,MISSING,NULL,MISSING,nsubj,MISSING,leftover_source,
3403,1495,one-to-one,dn_1595,wk_1660,Giorgio,Giorgio,PRON,NULL,nsubj,nsubj,zero_to_src_anchor,
3404,1495,one-to-one,dn_1595,wk_1660,MISSING,Ippolita,MISSING,NULL,MISSING,nsubj,leftover_target,
3405,1496,one-to-one,dn_1596,wk_1661,Ippolita,Ippolita,PRON,PRON,nsubj,nsubj,explicit_full,
3406,1497,one-to-one,dn_1597,wk_1662,Giorgio,Giorgio,PROPN,PROPN,nsubj,nsubj,explicit_full,
3407,1497,one-to-one,dn_1597,wk_1662,Giorgio,MISSING,DET,MISSING,nmod,MISSING,leftover_source,
3408,1497,one-to-one,dn_1597,wk_1662,MISSING,Giorgio,MISSING,NULL,MISSING,nsubj,leftover_target,
3409,1497,one-to-one,dn_1597,wk_1662,Ippolita,Ippolita,PRON,PRON,obj,obj,explicit_full,
3410,1498,one-to-one,dn_1598,wk_1663,Giorgio,Giorgio,PRON,PRON,obj,obj,explicit_full,
3411,1498,one-to-one,dn_1598,wk_1663,Ippolita,Ippolita,PRON,PRON,nsubj,nsubj,explicit_full,
3412,1499,one-to-many,dn_1599,wk_1664 wk_1665,Giorgio,Giorgio,PRON,PRON,nsubj,nsubj,explicit_full,
3413,1499,one-to-many,dn_1599,wk_1664 wk_1665,Giorgio,Giorgio,PRON,PRON,obj,obj,explicit_full,
3414,1499,one-to-many,dn_1599,wk_1664 wk_1665,Ippolita,Ippolita,DET,PRON,nmod,nmod,explicit_ref_case,
3415,1499,one-to-many,dn_1599,wk_1664 wk_1665,Ippolita,Ippolita,DET,PRON,nmod,nmod,explicit_ref_case,
3416,1499,one-to-many,dn_1599,wk_1664 wk_1665,Ippolita,MISSING,PRON,MISSING,obj,MISSING,leftover_source,
3417,1499,one-to-many,dn_1599,wk_1664 wk_1665,Ippolita,MISSING,PRON,MISSING,nsubj,MISSING,leftover_source,
3418,1500,one-to-one,dn_1600,wk_1666,Ippolita,Ippolita,PRON,PRON,nsubj,nsubj,explicit_full,
3419,1500,one-to-one,dn_1600,wk_1666,Ippolita,MISSING,PRON,MISSING,obj,MISSING,leftover_source,
3420,1500,one-to-one,dn_1600,wk_1666,MISSING,Ippolita,MISSING,NULL,MISSING,nsubj,leftover_target,
3421,1500,one-to-one,dn_1600,wk_1666,MISSING,Ippolita,MISSING,NULL,MISSING,nsubj,leftover_target,
3422,1501,one-to-one,dn_1601,wk_1667,Giorgio,Giorgio,PRON,NULL,nsubj,nsubj,zero_to_src_anchor,
3423,1502,one-to-one,dn_1602,wk_1668,Giorgio,Giorgio,PRON,PRON,nsubj,nsubj,explicit_full,
3424,1502,one-to-one,dn_1602,wk_1668,MISSING,Giorgio,MISSING,NULL,MISSING,nsubj,leftover_target,
3425,1502,one-to-one,dn_1602,wk_1668,Ippolita,Ippolita,PRON,PRON,obj,nmod,explicit_ref_pos,
3426,1503,one-to-one,dn_1603,wk_1669,Giorgio,Giorgio,DET,PRON,nmod,nmod,explicit_ref_case,
3427,1503,one-to-one,dn_1603,wk_1669,Ippolita,Ippolita,PRON,PRON,nsubj,nsubj,explicit_full,
3428,1504,one-to-one,dn_1604,wk_1670,Giorgio,Giorgio,NOUN,NOUN,nmod,nmod,explicit_full,
3429,1504,one-to-one,dn_1604,wk_1670,Ippolita,Ippolita,PRON,PROPN,nsubj,nsubj,explicit_ref_case,
3430,1505,one-to-one,dn_1605,wk_1671,MISSING,Giorgio,MISSING,NULL,MISSING,nsubj,leftover_target,
3431,1505,one-to-one,dn_1605,wk_1671,Giorgio Ippolita,MISSING,NULL,MISSING,nsubj,MISSING,leftover_source,
3432,1505,one-to-one,dn_1605,wk_1671,Giorgio Ippolita,MISSING,NULL,MISSING,nsubj,MISSING,leftover_source,
3433,1505,one-to-one,dn_1605,wk_1671,MISSING,Giorgio Ippolita,MISSING,NOUN,MISSING,nmod,leftover_target,
3434,1505,one-to-one,dn_1605,wk_1671,Ippolita,Ippolita,NULL,PRON,nsubj,nsubj,zero_to_tgt_anchor,
3435,1506,one-to-one,dn_1606,wk_1672,Giorgio,MISSING,PRON,MISSING,obj,MISSING,leftover_source,
3436,1506,one-to-one,dn_1606,wk_1672,Ippolita,Ippolita,NULL,NULL,nsubj,nsubj,zero_zero_single,
3437,1507,one-to-one,dn_1607,wk_1673,Giorgio Ippolita,Giorgio Ippolita,NULL,NOUN,nsubj,nsubj,zero_to_tgt_anchor,
3438,1508,one-to-one,dn_1608,wk_1674,Giorgio Ippolita,Giorgio Ippolita,DET,NOUN,nmod,nmod,explicit_ref_case,
3439,1509,one-to-one,dn_1609,wk_1675,Giorgio,Giorgio,PRON,PRON,obj,obj,explicit_full,
3440,1509,one-to-one,dn_1609,wk_1675,Ippolita,Ippolita,NULL,NULL,nsubj,nsubj,zero_zero_single,
3441,1510,one-to-one,dn_1610,wk_1676,Giorgio,Giorgio,PROPN,PROPN,nsubj,nsubj,explicit_full,
3442,1511,one-to-many,dn_1611,wk_1677 wk_1678,Giorgio Ippolita,Giorgio Ippolita,NULL,NULL,nsubj,nsubj,zero_zero_semantic,0.26398894923073907
3443,1511,one-to-many,dn_1611,wk_1677 wk_1678,Giorgio Ippolita,Giorgio Ippolita,NULL,NULL,nsubj,nsubj,zero_zero_semantic,0.17261773339339664
3444,1511,one-to-many,dn_1611,wk_1677 wk_1678,Giorgio Ippolita,MISSING,NULL,MISSING,nsubj,MISSING,leftover_source,
3445,1512,one-to-one,dn_1612,wk_1679,Giorgio,Giorgio,PRON,PRON,obj,obj,explicit_full,
3446,1512,one-to-one,dn_1612,wk_1679,Ippolita,Ippolita,PRON,PRON,nsubj,nsubj,explicit_full,
3447,1513,one-to-one,dn_1613,wk_1680,Ippolita,Ippolita,PRON,PRON,nsubj,nsubj,explicit_full,
3448,1513,one-to-one,dn_1613,wk_1680,MISSING,Ippolita,MISSING,NULL,MISSING,nsubj,leftover_target,
3449,1514,one-to-one,dn_1614,wk_1681,Ippolita,Ippolita,NULL,NULL,nsubj,nsubj,zero_zero_single,
3450,1515,many-to-one,dn_1615 dn_1616,wk_1682,Giorgio,Giorgio,DET,PRON,nmod,nmod,explicit_ref_case,
3451,1515,many-to-one,dn_1615 dn_1616,wk_1682,Ippolita,Ippolita,PRON,PRON,nsubj,nsubj,explicit_full,
3452,1515,many-to-one,dn_1615 dn_1616,wk_1682,Ippolita,MISSING,PRON,MISSING,obj,MISSING,leftover_source,
3453,1516,many-to-one,dn_1617 dn_1618,wk_1683,Giorgio Ippolita,Giorgio Ippolita,NULL,NULL,nsubj,nsubj,zero_zero_semantic,0.5862126843302281
3454,1516,many-to-one,dn_1617 dn_1618,wk_1683,Giorgio Ippolita,Giorgio Ippolita,NULL,NULL,nsubj,nsubj,zero_zero_semantic,0.1840639638823348
3455,1516,many-to-one,dn_1617 dn_1618,wk_1683,MISSING,Giorgio Ippolita,MISSING,NOUN,MISSING,nsubj,leftover_target,
3456,1516,many-to-one,dn_1617 dn_1618,wk_1683,Ippolita,MISSING,PRON,MISSING,obj,MISSING,leftover_source,
3457,1517,many-to-one,dn_1619 dn_1620,wk_1684,Ippolita,Ippolita,PROPN,PROPN,nsubj,nsubj,explicit_full,
3458,1517,many-to-one,dn_1619 dn_1620,wk_1684,Ippolita,MISSING,DET,MISSING,nmod,MISSING,leftover_source,
3459,1517,many-to-one,dn_1619 dn_1620,wk_1684,MISSING,Ippolita,MISSING,NULL,MISSING,nsubj,leftover_target,
3460,1518,many-to-one,dn_1621 dn_1622,wk_1685,MISSING,Giorgio Ippolita,MISSING,NOUN,MISSING,nmod,leftover_target,
3461,1518,many-to-one,dn_1621 dn_1622,wk_1685,MISSING,Giorgio Ippolita,MISSING,NULL,MISSING,nsubj,leftover_target,
3462,1519,one-to-many,dn_1623,wk_1686 wk_1687,Giorgio,Giorgio,PROPN,PROPN,nsubj,nsubj,explicit_full,
3463,1519,one-to-many,dn_1623,wk_1686 wk_1687,Giorgio,Giorgio,NULL,NULL,nsubj,nsubj,zero_zero_single,
3464,1519,one-to-many,dn_1623,wk_1686 wk_1687,Ippolita,Ippolita,PRON,PRON,nsubj,nsubj,explicit_full,
3465,1519,one-to-many,dn_1623,wk_1686 wk_1687,Ippolita,Ippolita,PRON,PRON,obj,nmod,explicit_ref_pos,
3466,1519,one-to-many,dn_1623,wk_1686 wk_1687,Ippolita,Ippolita,NULL,NULL,nsubj,nsubj,zero_zero_single,
3467,1519,one-to-many,dn_1623,wk_1686 wk_1687,Ippolita,MISSING,PRON,MISSING,obj,MISSING,leftover_source,
3468,1519,one-to-many,dn_1623,wk_1686 wk_1687,Ippolita,MISSING,PRON,MISSING,nsubj,MISSING,leftover_source,
3469,1521,one-to-one,dn_1625,wk_1689,Ippolita,Ippolita,PRON,PRON,nsubj,nsubj,explicit_full,
3470,1523,one-to-one,dn_1627,wk_1691,Giorgio,Giorgio,NULL,NULL,nsubj,nsubj,zero_zero_single,
3471,1524,one-to-one,dn_1628,wk_1692,Giorgio,Giorgio,PROPN,PROPN,obj,obj,explicit_full,
3472,1524,one-to-one,dn_1628,wk_1692,MISSING,Giorgio,MISSING,NULL,MISSING,nsubj,leftover_target,
3473,1524,one-to-one,dn_1628,wk_1692,Ippolita,Ippolita,PRON,PRON,nsubj,nsubj,explicit_full,
3474,1526,one-to-one,dn_1630,wk_1694,Ippolita,Ippolita,NULL,NULL,nsubj,nsubj,zero_zero_single,
3475,1527,one-to-one,dn_1631,wk_1695,Pancrazio,Pancrazio,PROPN,NOUN,nsubj,nsubj,explicit_ref_case,
3476,1528,one-to-one,dn_1632,wk_1696,Giorgio,Giorgio,PROPN,PROPN,obj,obj,explicit_full,
3477,1528,one-to-one,dn_1632,wk_1696,Pancrazio,Pancrazio,NULL,NULL,nsubj,nsubj,zero_zero_single,
3478,1529,one-to-one,dn_1633,wk_1697,Giorgio,MISSING,NOUN,MISSING,nmod,MISSING,leftover_source,
3479,1529,one-to-one,dn_1633,wk_1697,MISSING,Giorgio Ippolita,MISSING,NOUN,MISSING,nmod,leftover_target,
3480,1529,one-to-one,dn_1633,wk_1697,Pancrazio,Pancrazio,PRON,PRON,nsubj,nsubj,explicit_full,
3481,1529,one-to-one,dn_1633,wk_1697,Pancrazio,MISSING,PRON,MISSING,obj,MISSING,leftover_source,
3482,1529,one-to-one,dn_1633,wk_1697,MISSING,Pancrazio,MISSING,NULL,MISSING,nsubj,leftover_target,
3483,1529,one-to-one,dn_1633,wk_1697,MISSING,Pancrazio,MISSING,NULL,MISSING,nsubj,leftover_target,
3484,1530,one-to-many,dn_1634,wk_1698 wk_1699,MISSING,Giorgio,MISSING,PRON,MISSING,nmod,leftover_target,
3485,1530,one-to-many,dn_1634,wk_1698 wk_1699,Pancrazio,Pancrazio,NULL,NULL,nsubj,nsubj,zero_zero_semantic,0.5010808284084002
3486,1530,one-to-many,dn_1634,wk_1698 wk_1699,Pancrazio,MISSING,PRON,MISSING,obj,MISSING,leftover_source,
3487,1530,one-to-many,dn_1634,wk_1698 wk_1699,Pancrazio,MISSING,PRON,MISSING,obj,MISSING,leftover_source,
3488,1530,one-to-many,dn_1634,wk_1698 wk_1699,MISSING,Pancrazio,MISSING,NULL,MISSING,nsubj,leftover_target,
3489,1531,one-to-one,dn_1635,wk_1700,Giorgio Ippolita,Giorgio Ippolita,PRON,NOUN,obj,nsubj,explicit_ref_only,
3490,1531,one-to-one,dn_1635,wk_1700,Giorgio Ippolita,MISSING,PRON,MISSING,obj,MISSING,leftover_source,
3491,1531,one-to-one,dn_1635,wk_1700,Pancrazio,Pancrazio,NULL,PRON,nsubj,nsubj,zero_to_tgt_anchor,
3492,1532,many-to-one,dn_1636 dn_1637,wk_1701,Pancrazio,Pancrazio,PROPN,PROPN,nsubj,nsubj,explicit_full,
3493,1532,many-to-one,dn_1636 dn_1637,wk_1701,MISSING,Pancrazio,MISSING,NULL,MISSING,nsubj,leftover_target,
3494,1533,one-to-one,dn_1638,wk_1702,Ippolita,Ippolita,PROPN,PROPN,nsubj,nsubj,explicit_full,
3495,1533,one-to-one,dn_1638,wk_1702,Ippolita,MISSING,NULL,MISSING,nsubj,MISSING,leftover_source,
3496,1534,one-to-one,dn_1639,wk_1703,Giorgio Ippolita,Giorgio Ippolita,NULL,NULL,nsubj,nsubj,zero_zero_single,
3497,1535,one-to-one,dn_1640,wk_1704,Pancrazio,Pancrazio,PROPN,PROPN,nsubj,nsubj,explicit_full,
3498,1536,one-to-one,dn_1641,wk_1705,Ippolita,Ippolita,NOUN,NOUN,obj,obj,explicit_full,
3499,1536,one-to-one,dn_1641,wk_1705,Pancrazio,Pancrazio,NULL,NULL,nsubj,nsubj,zero_zero_single,
3500,1537,one-to-one,dn_1642,wk_1706,Pancrazio,MISSING,PRON,MISSING,obj,MISSING,leftover_source,
3501,1538,one-to-one,dn_1643,wk_1707,Pancrazio,Pancrazio,PRON,NULL,nsubj,nsubj,zero_to_src_anchor,
3502,1540,one-to-one,dn_1645,wk_1709,Giorgio Ippolita,Giorgio Ippolita,NOUN,NOUN,nsubj,nsubj,explicit_full,
3503,1540,one-to-one,dn_1645,wk_1709,Giorgio Ippolita,Giorgio Ippolita,NULL,NULL,nsubj,nsubj,zero_zero_semantic,0.33212708819302367
3504,1540,one-to-one,dn_1645,wk_1709,MISSING,Giorgio Ippolita,MISSING,NULL,MISSING,nsubj,leftover_target,
3505,1540,one-to-one,dn_1645,wk_1709,MISSING,Giorgio Ippolita,MISSING,NULL,MISSING,nsubj,leftover_target,
3506,1541,one-to-one,dn_1646,wk_1710,Giorgio Ippolita,MISSING,PRON,MISSING,obj,MISSING,leftover_source,
3507,1541,one-to-one,dn_1646,wk_1710,Pancrazio,Pancrazio,NOUN,NOUN,nsubj,nsubj,explicit_full,
3508,1541,one-to-one,dn_1646,wk_1710,MISSING,Pancrazio,MISSING,NULL,MISSING,nsubj,leftover_target,
3509,1542,one-to-one,dn_1647,wk_1711,Pancrazio,Pancrazio,NULL,NULL,nsubj,nsubj,zero_zero_single,
3510,1543,one-to-one,dn_1648,wk_1712,Giorgio,Giorgio,PROPN,PROPN,nsubj,nsubj,explicit_full,
3511,1543,one-to-one,dn_1648,wk_1712,MISSING,Giorgio,MISSING,NULL,MISSING,nsubj,leftover_target,
3512,1544,one-to-one,dn_1649,wk_1713,Giorgio Ippolita,Giorgio Ippolita,NULL,NULL,nsubj,nsubj,zero_zero_semantic,0.16413339658787376
3513,1544,one-to-one,dn_1649,wk_1713,Giorgio Ippolita,MISSING,NULL,MISSING,nsubj,MISSING,leftover_source,
3514,1545,one-to-one,dn_1650,wk_1714,Giorgio Ippolita,Giorgio Ippolita,NULL,NULL,nsubj,nsubj,zero_zero_single,
3515,1547,one-to-one,dn_1652,wk_1716,Giorgio Ippolita,Giorgio Ippolita,PRON,NOUN,obj,obj,explicit_ref_case,
3516,1547,one-to-one,dn_1652,wk_1716,Giorgio Ippolita,MISSING,PRON-REFLEX,MISSING,obj,MISSING,leftover_source,
3517,1547,one-to-one,dn_1652,wk_1716,Giorgio Ippolita,MISSING,NULL,MISSING,nsubj,MISSING,leftover_source,
