,sentence_pair,alignment_type,source_sentence_ids,target_sentence_ids,source_ref,target_ref,source_pos,target_pos,source_case,target_case,pair_type,zero_pair_cost
0,1,one-to-one,dn_0,ikt_0,Ippolita,Ippolita,PROPN,PROPN,nsubj,nsubj,explicit_full,
1,1,one-to-one,dn_0,ikt_0,Ippolita,Ippolita,NULL,NULL,nsubj,nsubj,zero_zero_semantic,0.5750376785727315
2,1,one-to-one,dn_0,ikt_0,MISSING,Ippolita,MISSING,NULL,MISSING,nsubj,leftover_target,
3,1,one-to-one,dn_0,ikt_0,crowd-of-men,crowd-of-men,NOUN,NOUN,obj,nsubj,explicit_ref_pos,
4,1,one-to-one,dn_0,ikt_0,MISSING,crowd-of-men,MISSING,NULL,MISSING,nsubj,leftover_target,
5,3,one-to-one,dn_2,ikt_2,Giorgio,Giorgio,PROPN,PROPN,nmod,nmod,explicit_full,
6,3,one-to-one,dn_2,ikt_2,Giorgio,Giorgio,PRON,PRON,obj,obj,explicit_full,
7,3,one-to-one,dn_2,ikt_2,Ippolita,Ippolita,NULL,NULL,nsubj,nsubj,zero_zero_semantic,0.34037650713476086
8,3,one-to-one,dn_2,ikt_2,Ippolita,Ippolita,PRON,NULL,nsubj,nsubj,zero_to_src_anchor,
9,3,one-to-one,dn_2,ikt_2,MISSING,Ippolita,MISSING,NULL,MISSING,nsubj,leftover_target,
10,4,one-to-one,dn_4,ikt_3,suicidal-man,suicidal-man,PRON,PRON,nsubj,nsubj,explicit_full,
11,4,one-to-one,dn_4,ikt_3,suicidal-man,MISSING,PRON-REFLEX,MISSING,obj,MISSING,leftover_source,
12,5,many-to-one,dn_3 dn_5,ikt_4,Giorgio,Giorgio,PROPN,PROPN,nsubj,nsubj,explicit_full,
13,5,many-to-one,dn_3 dn_5,ikt_4,Giorgio,Giorgio,NULL,NULL,nsubj,nsubj,zero_zero_single,
14,5,many-to-one,dn_3 dn_5,ikt_4,crowd-of-men,crowd-of-men,NOUN,NOUN,nmod,nmod,explicit_full,
15,6,one-to-one,dn_6,ikt_5,Giorgio Ippolita,Giorgio Ippolita,NULL,NULL,nsubj,nsubj,zero_zero_single,
16,6,one-to-one,dn_6,ikt_5,Ippolita,MISSING,NULL,MISSING,nsubj,MISSING,leftover_source,
17,7,one-to-one,dn_7,ikt_6,Ippolita,Ippolita,PRON,PRON,nsubj,nsubj,explicit_full,
18,7,one-to-one,dn_7,ikt_6,MISSING,Ippolita,MISSING,NULL,MISSING,nsubj,leftover_target,
19,8,one-to-one,dn_8,ikt_8,Ippolita,Ippolita,NULL,PRON,nsubj,nsubj,zero_to_tgt_anchor,
20,9,one-to-many,dn_9,ikt_7 ikt_9,Giorgio Ippolita,Giorgio Ippolita,NULL,NULL,nsubj,nsubj,zero_zero_single,
21,10,one-to-one,dn_10,ikt_10,Giorgio Ippolita,Giorgio Ippolita,NULL,NULL,nsubj,nsubj,zero_zero_single,
22,10,one-to-one,dn_10,ikt_10,MISSING,Giorgio Ippolita,MISSING,NOUN,MISSING,nsubj,leftover_target,
23,11,one-to-one,dn_11,ikt_11,Ippolita,Ippolita,PROPN,PROPN,nsubj,nmod,explicit_ref_pos,
24,11,one-to-one,dn_11,ikt_11,crowd-of-men,crowd-of-men,NOUN,NOUN,obj,obj,explicit_full,
25,15,one-to-one,dn_15,ikt_15,Giorgio,Giorgio,PROPN,PROPN,nsubj,nsubj,explicit_full,
26,16,one-to-one,dn_16,ikt_16,suicidal-man,suicidal-man,PRON,PRON,nsubj,nsubj,explicit_full,
27,16,one-to-one,dn_16,ikt_16,suicidal-man,MISSING,PRON-REFLEX,MISSING,obj,MISSING,leftover_source,
28,17,one-to-one,dn_17,ikt_17,Giorgio Ippolita,Giorgio Ippolita,PRON,NOUN,nsubj,nsubj,explicit_ref_case,
29,17,one-to-one,dn_17,ikt_17,Giorgio Ippolita,MISSING,PRON-REFLEX,MISSING,obj,MISSING,leftover_source,
30,17,one-to-one,dn_17,ikt_17,MISSING,Giorgio Ippolita,MISSING,NULL,MISSING,nsubj,leftover_target,
31,17,one-to-one,dn_17,ikt_17,crowd-of-men,crowd-of-men,NOUN,NOUN,nmod,nmod,explicit_full,
32,18,one-to-one,dn_18,ikt_18,crowd-of-men,crowd-of-men,NOUN,NOUN,nsubj,nsubj,explicit_full,
33,19,one-to-one,dn_19,ikt_19,crowd-of-men,crowd-of-men,NOUN,NOUN,pred,pred,explicit_full,
34,19,one-to-one,dn_19,ikt_19,crowd-of-men,crowd-of-men,NULL,NOUN,nsubj,nsubj,zero_to_tgt_anchor,
35,20,one-to-one,dn_20,ikt_20,crowd-of-men,crowd-of-men,DET,DET,nmod,nmod,explicit_full,
36,20,one-to-one,dn_20,ikt_20,crowd-of-men,MISSING,DET,MISSING,nmod,MISSING,leftover_source,
37,21,one-to-one,dn_21,ikt_21,young-man,young-man,NOUN,NOUN,nsubj,nsubj,explicit_full,
38,21,one-to-one,dn_21,ikt_21,MISSING,young-man,MISSING,NULL,MISSING,nsubj,leftover_target,
39,22,one-to-one,dn_23,ikt_22,MISSING,crowd-of-men,MISSING,NOUN,MISSING,nmod,leftover_target,
40,22,one-to-one,dn_23,ikt_22,man-from-the-crowd,man-from-the-crowd,NOUN,NOUN,nsubj,nsubj,explicit_full,
41,22,one-to-one,dn_23,ikt_22,man-from-the-crowd,man-from-the-crowd,NULL,NULL,nsubj,nsubj,zero_zero_single,
42,22,one-to-one,dn_23,ikt_22,man-from-the-crowd,MISSING,PRON-REFLEX,MISSING,obj,MISSING,leftover_source,
43,22,one-to-one,dn_23,ikt_22,young-man,young-man,PRON,PRON,nsubj,nsubj,explicit_full,
44,22,one-to-one,dn_23,ikt_22,young-man,MISSING,PRON,MISSING,obj,MISSING,leftover_source,
45,22,one-to-one,dn_23,ikt_22,young-man,MISSING,PRON-REFLEX,MISSING,obj,MISSING,leftover_source,
46,22,one-to-one,dn_23,ikt_22,MISSING,young-man,MISSING,NULL,MISSING,nsubj,leftover_target,
47,22,one-to-one,dn_23,ikt_22,MISSING,young-man,MISSING,NULL,MISSING,nsubj,leftover_target,
48,23,one-to-one,dn_24,ikt_23,suicidal-man,MISSING,NULL,MISSING,nsubj,MISSING,leftover_source,
49,24,one-to-one,dn_25,ikt_24,UNKNOWN,MISSING,NULL,MISSING,nsubj,MISSING,leftover_source,
50,24,one-to-one,dn_25,ikt_24,suicidal-man,MISSING,PRON,MISSING,obj,MISSING,leftover_source,
51,24,one-to-one,dn_25,ikt_24,MISSING,suicidal-man,MISSING,NULL,MISSING,nsubj,leftover_target,
52,27,one-to-one,dn_28,ikt_27,suicidal-man,suicidal-man,NULL,NULL,nsubj,nsubj,zero_zero_single,
53,28,one-to-one,dn_29,ikt_28,suicidal-man,MISSING,NULL,MISSING,nsubj,MISSING,leftover_source,
54,29,one-to-one,dn_30,ikt_29,man-with-a-pipe,man-with-a-pipe,NOUN,NOUN,nsubj,nsubj,explicit_full,
55,29,one-to-one,dn_30,ikt_29,man-with-a-pipe,man-with-a-pipe,NULL,NULL,nsubj,nsubj,zero_zero_semantic,0.4483710077142179
56,29,one-to-one,dn_30,ikt_29,man-with-a-pipe,MISSING,PRON-REFLEX,MISSING,obj,MISSING,leftover_source,
57,29,one-to-one,dn_30,ikt_29,man-with-a-pipe,MISSING,PRON-REFLEX,MISSING,obj,MISSING,leftover_source,
58,29,one-to-one,dn_30,ikt_29,MISSING,man-with-a-pipe,MISSING,NULL,MISSING,nsubj,leftover_target,
59,31,one-to-many,dn_32,ikt_31 ikt_32,man-with-a-pipe,man-with-a-pipe,DET,DET,nmod,nmod,explicit_full,
60,31,one-to-many,dn_32,ikt_31 ikt_32,man-with-a-pipe,man-with-a-pipe,DET,PRON,nmod,nmod,explicit_ref_case,
61,33,one-to-one,dn_34,ikt_34,cart-driver,cart-driver,NOUN,NOUN,nsubj,nsubj,explicit_full,
62,33,one-to-one,dn_34,ikt_34,cart-driver,MISSING,PRON-REFLEX,MISSING,obj,MISSING,leftover_source,
63,33,one-to-one,dn_34,ikt_34,MISSING,cart-driver,MISSING,NULL,MISSING,nsubj,leftover_target,
64,34,one-to-one,dn_35,ikt_35,MISSING,cart-driver,MISSING,DET,MISSING,nmod,leftover_target,
65,34,one-to-one,dn_35,ikt_35,crowd-of-men,crowd-of-men,NOUN,NOUN,nsubj,nsubj,explicit_full,
66,34,one-to-one,dn_35,ikt_35,MISSING,crowd-of-men,MISSING,NULL,MISSING,nsubj,leftover_target,
67,34,one-to-one,dn_35,ikt_35,MISSING,crowd-of-men,MISSING,NULL,MISSING,nsubj,leftover_target,
68,35,one-to-one,dn_36,ikt_36,crowd-of-men,MISSING,NULL,MISSING,nsubj,MISSING,leftover_source,
69,37,one-to-many,dn_38,ikt_38 ikt_39,cart-driver,cart-driver,NOUN,NOUN,nsubj,nsubj,explicit_full,
70,37,one-to-many,dn_38,ikt_38 ikt_39,MISSING,cart-driver,MISSING,NULL,MISSING,nsubj,leftover_target,
71,37,one-to-many,dn_38,ikt_38 ikt_39,MISSING,cart-driver,MISSING,NULL,MISSING,nsubj,leftover_target,
72,39,one-to-one,dn_40,ikt_41,man-with-a-pipe,man-with-a-pipe,NOUN,NOUN,nsubj,nsubj,explicit_full,
73,40,one-to-many,dn_41,ikt_42 ikt_43,cart-driver,cart-driver,NOUN,NOUN,nsubj,nsubj,explicit_full,
74,40,one-to-many,dn_41,ikt_42 ikt_43,cart-driver,MISSING,PRON-REFLEX,MISSING,obj,MISSING,leftover_source,
75,40,one-to-many,dn_41,ikt_42 ikt_43,MISSING,cart-driver,MISSING,NULL,MISSING,nsubj,leftover_target,
76,40,one-to-many,dn_41,ikt_42 ikt_43,crowd-of-men,MISSING,PRON,MISSING,nsubj,MISSING,leftover_source,
77,44,one-to-one,dn_45,ikt_47,MISSING,crowd-of-men,MISSING,DET,MISSING,nmod,leftover_target,
78,45,one-to-one,dn_46,ikt_48,Giorgio,MISSING,PROPN,MISSING,vocative,MISSING,leftover_source,
79,45,one-to-one,dn_46,ikt_48,Giorgio Ippolita,Giorgio Ippolita,NULL,NULL,nsubj,nsubj,zero_zero_single,
80,46,one-to-many,dn_47,ikt_49 ikt_50,Giorgio,Giorgio,NOUN,NOUN,obj,nmod,explicit_ref_pos,
81,46,one-to-many,dn_47,ikt_49 ikt_50,Giorgio,MISSING,PRON-REFLEX,MISSING,obj,MISSING,leftover_source,
82,46,one-to-many,dn_47,ikt_49 ikt_50,MISSING,Giorgio,MISSING,PRON,MISSING,nsubj,leftover_target,
83,46,one-to-many,dn_47,ikt_49 ikt_50,MISSING,Giorgio,MISSING,NULL,MISSING,nsubj,leftover_target,
84,46,one-to-many,dn_47,ikt_49 ikt_50,Ippolita,Ippolita,PROPN,PROPN,nsubj,nsubj,explicit_full,
85,46,one-to-many,dn_47,ikt_49 ikt_50,MISSING,Ippolita,MISSING,PRON,MISSING,nsubj,leftover_target,
86,46,one-to-many,dn_47,ikt_49 ikt_50,MISSING,Ippolita,MISSING,NULL,MISSING,nsubj,leftover_target,
87,46,one-to-many,dn_47,ikt_49 ikt_50,crowd-of-men,crowd-of-men,NOUN,NOUN,nmod,obj,explicit_ref_pos,
88,47,one-to-one,dn_48,ikt_51,Giorgio Ippolita,Giorgio Ippolita,NULL,NULL,nsubj,nsubj,zero_zero_single,
89,47,one-to-one,dn_48,ikt_51,MISSING,Giorgio Ippolita,MISSING,NOUN,MISSING,nsubj,leftover_target,
90,48,one-to-one,dn_49,ikt_52,Giorgio Ippolita,Giorgio Ippolita,DET,PRON,obj,nsubj,explicit_ref_only,
91,48,one-to-one,dn_49,ikt_52,Giorgio Ippolita,MISSING,DET,MISSING,nmod,MISSING,leftover_source,
92,48,one-to-one,dn_49,ikt_52,MISSING,Giorgio Ippolita,MISSING,NULL,MISSING,nsubj,leftover_target,
93,49,one-to-one,dn_50,ikt_54,Giorgio,Giorgio,PRON,PROPN,nsubj,nsubj,explicit_ref_case,
94,52,one-to-one,dn_54,ikt_57,Giorgio Ippolita,Giorgio Ippolita,DET,NOUN,nmod,nmod,explicit_ref_case,
95,53,one-to-one,dn_55,ikt_58,Ippolita,Ippolita,PRON,PROPN,nsubj,nsubj,explicit_ref_case,
96,53,one-to-one,dn_55,ikt_58,MISSING,Ippolita,MISSING,NULL,MISSING,nsubj,leftover_target,
97,53,one-to-one,dn_55,ikt_58,MISSING,Ippolita,MISSING,NULL,MISSING,nsubj,leftover_target,
98,56,one-to-one,dn_58,ikt_61,Giorgio,Giorgio,PROPN,PROPN,nsubj,nsubj,explicit_full,
99,56,one-to-one,dn_58,ikt_61,MISSING,Giorgio,MISSING,PRON,MISSING,nmod,leftover_target,
100,56,one-to-one,dn_58,ikt_61,MISSING,Giorgio,MISSING,NULL,MISSING,nsubj,leftover_target,
101,56,one-to-one,dn_58,ikt_61,Ippolita,MISSING,PRON,MISSING,obj,MISSING,leftover_source,
102,57,one-to-one,dn_59,ikt_62,MISSING,Giorgio Ippolita,MISSING,NOUN,MISSING,nmod,leftover_target,
103,58,one-to-one,dn_60,ikt_63,Ippolita,Ippolita,PRON,PRON,nsubj,nsubj,explicit_full,
104,59,one-to-one,dn_61,ikt_64,Ippolita,Ippolita,PRON,PRON,obj,nsubj,explicit_ref_pos,
105,60,one-to-one,dn_62,ikt_65,Giorgio,Giorgio,PRON,PRON,obj,nsubj,explicit_ref_pos,
106,61,one-to-one,dn_63,ikt_66,Giorgio,MISSING,PRON,MISSING,nmod,MISSING,leftover_source,
107,62,one-to-one,dn_64,ikt_67,Giorgio,Giorgio,PRON,PRON,nsubj,nsubj,explicit_full,
108,62,one-to-one,dn_64,ikt_67,MISSING,Giorgio,MISSING,NULL,MISSING,nsubj,leftover_target,
109,62,one-to-one,dn_64,ikt_67,MISSING,Giorgio,MISSING,NULL,MISSING,nsubj,leftover_target,
110,62,one-to-one,dn_64,ikt_67,Ippolita,Ippolita,PRON,NOUN,obj,nmod,explicit_ref_only,
111,63,many-to-one,dn_65 dn_66,ikt_68,Giorgio,Giorgio,PRON,PRON,obj,nsubj,explicit_ref_pos,
112,63,many-to-one,dn_65 dn_66,ikt_68,Ippolita,MISSING,NULL,MISSING,nsubj,MISSING,leftover_source,
113,64,one-to-one,dn_67,ikt_69,Ippolita,Ippolita,PRON,PRON,nsubj,nsubj,explicit_full,
114,65,many-to-one,dn_68 dn_69,ikt_70,Ippolita,Ippolita,PRON,PRON,nsubj,nsubj,explicit_full,
115,65,many-to-one,dn_68 dn_69,ikt_70,Ippolita,Ippolita,NULL,NULL,nsubj,nsubj,zero_zero_semantic,0.6156054045717467
116,65,many-to-one,dn_68 dn_69,ikt_70,Ippolita,Ippolita,NULL,NULL,nsubj,nsubj,zero_zero_semantic,0.3548972759078475
117,66,one-to-many,dn_70,ikt_71 ikt_72 ikt_74,Giorgio,Giorgio,PRON,PRON,nsubj,nsubj,explicit_full,
118,66,one-to-many,dn_70,ikt_71 ikt_72 ikt_74,Giorgio Ippolita,Giorgio Ippolita,PRON,NOUN,nsubj,obj,explicit_ref_only,
119,66,one-to-many,dn_70,ikt_71 ikt_72 ikt_74,Giorgio Ippolita,MISSING,PRON-REFLEX,MISSING,obj,MISSING,leftover_source,
120,66,one-to-many,dn_70,ikt_71 ikt_72 ikt_74,MISSING,Giorgio Ippolita,MISSING,NULL,MISSING,nsubj,leftover_target,
121,66,one-to-many,dn_70,ikt_71 ikt_72 ikt_74,MISSING,Giorgio Ippolita,MISSING,NULL,MISSING,nsubj,leftover_target,
122,68,one-to-many,dn_72,ikt_75 ikt_76,Giorgio,Giorgio,PRON,PRON,nsubj,nsubj,explicit_full,
123,68,one-to-many,dn_72,ikt_75 ikt_76,Giorgio,Giorgio,NULL,NULL,nsubj,nsubj,zero_zero_semantic,0.5268447381655595
124,68,one-to-many,dn_72,ikt_75 ikt_76,Giorgio,Giorgio,NULL,NULL,nsubj,nsubj,zero_zero_semantic,0.3509288769978025
125,68,one-to-many,dn_72,ikt_75 ikt_76,Ippolita,Ippolita,PRON,PRON,nsubj,nsubj,explicit_full,
126,68,one-to-many,dn_72,ikt_75 ikt_76,Ippolita,Ippolita,PRON,PRON,nsubj,nsubj,explicit_full,
127,68,one-to-many,dn_72,ikt_75 ikt_76,Ippolita,MISSING,PRON,MISSING,obj,MISSING,leftover_source,
128,68,one-to-many,dn_72,ikt_75 ikt_76,Ippolita,MISSING,PRON,MISSING,obj,MISSING,leftover_source,
129,68,one-to-many,dn_72,ikt_75 ikt_76,Ippolita,MISSING,PRON,MISSING,obj,MISSING,leftover_source,
130,70,one-to-one,dn_74,ikt_78,Ippolita,MISSING,PROPN,MISSING,vocative,MISSING,leftover_source,
131,72,one-to-one,dn_76,ikt_80,Ippolita,Ippolita,NOUN,PROPN,nsubj,nsubj,explicit_ref_case,
132,72,one-to-one,dn_76,ikt_80,Ippolita,Ippolita,NULL,NULL,nsubj,nsubj,zero_zero_single,
133,72,one-to-one,dn_76,ikt_80,Ippolita,MISSING,PRON-REFLEX,MISSING,obj,MISSING,leftover_source,
134,72,one-to-one,dn_76,ikt_80,MISSING,Ippolita,MISSING,DET,MISSING,nmod,leftover_target,
135,73,one-to-one,dn_77,ikt_81,Giorgio,MISSING,PRON,MISSING,obj,MISSING,leftover_source,
136,73,one-to-one,dn_77,ikt_81,Giorgio Ippolita,Giorgio Ippolita,NOUN,NOUN,nsubj,nmod,explicit_ref_pos,
137,73,one-to-one,dn_77,ikt_81,Ippolita,MISSING,PRON,MISSING,obj,MISSING,leftover_source,
138,74,one-to-many,dn_78,ikt_82 ikt_83,Giorgio Ippolita,Giorgio Ippolita,PRON,NOUN,nsubj,obj,explicit_ref_only,
139,74,one-to-many,dn_78,ikt_82 ikt_83,Giorgio Ippolita,Giorgio Ippolita,NULL,NULL,nsubj,nsubj,zero_zero_semantic,0.4713426078634794
140,74,one-to-many,dn_78,ikt_82 ikt_83,Giorgio Ippolita,MISSING,PRON-REFLEX,MISSING,obj,MISSING,leftover_source,
141,74,one-to-many,dn_78,ikt_82 ikt_83,Giorgio Ippolita,MISSING,PRON-REFLEX,MISSING,obj,MISSING,leftover_source,
142,74,one-to-many,dn_78,ikt_82 ikt_83,MISSING,Giorgio Ippolita,MISSING,NULL,MISSING,nsubj,leftover_target,
143,75,one-to-one,dn_79,ikt_84,Giorgio Ippolita,Giorgio Ippolita,PRON,NOUN,obj,obj,explicit_ref_case,
144,75,one-to-one,dn_79,ikt_84,Giorgio Ippolita,MISSING,PRON-REFLEX,MISSING,obj,MISSING,leftover_source,
145,75,one-to-one,dn_79,ikt_84,Giorgio Ippolita,MISSING,PRON-REFLEX,MISSING,obj,MISSING,leftover_source,
146,75,one-to-one,dn_79,ikt_84,Giorgio Ippolita,MISSING,PRON-REFLEX,MISSING,obj,MISSING,leftover_source,
147,75,one-to-one,dn_79,ikt_84,MISSING,Giorgio Ippolita,MISSING,NULL,MISSING,nsubj,leftover_target,
148,75,one-to-one,dn_79,ikt_84,MISSING,Giorgio Ippolita,MISSING,DET,MISSING,nmod,leftover_target,
149,75,one-to-one,dn_79,ikt_84,MISSING,Giorgio Ippolita,MISSING,NULL,MISSING,nsubj,leftover_target,
150,76,one-to-many,dn_80,ikt_85 ikt_86,Giorgio,Giorgio,PROPN,PROPN,nsubj,nsubj,explicit_full,
151,76,one-to-many,dn_80,ikt_85 ikt_86,MISSING,Giorgio,MISSING,NULL,MISSING,nsubj,leftover_target,
152,76,one-to-many,dn_80,ikt_85 ikt_86,Ippolita,Ippolita,PRON,PRON,obj,obj,explicit_full,
153,76,one-to-many,dn_80,ikt_85 ikt_86,Ippolita,Ippolita,PROPN,PRON,nsubj,nsubj,explicit_ref_case,
154,76,one-to-many,dn_80,ikt_85 ikt_86,Ippolita,Ippolita,NULL,NULL,nsubj,nsubj,zero_zero_semantic,0.35130300214506666
155,76,one-to-many,dn_80,ikt_85 ikt_86,Ippolita,MISSING,PRON-REFLEX,MISSING,obj,MISSING,leftover_source,
156,76,one-to-many,dn_80,ikt_85 ikt_86,Ippolita,MISSING,PRON-REFLEX,MISSING,obj,MISSING,leftover_source,
157,76,one-to-many,dn_80,ikt_85 ikt_86,MISSING,Ippolita,MISSING,NULL,MISSING,nsubj,leftover_target,
158,78,one-to-one,dn_82,ikt_89,Giorgio,Giorgio,PRON,PRON,nsubj,nsubj,explicit_full,
159,78,one-to-one,dn_82,ikt_89,MISSING,Giorgio,MISSING,NULL,MISSING,nsubj,leftover_target,
160,78,one-to-one,dn_82,ikt_89,MISSING,Giorgio,MISSING,NULL,MISSING,nsubj,leftover_target,
161,79,one-to-one,dn_83,ikt_90,Ippolita,Ippolita,PRON,PRON,nsubj,nsubj,explicit_full,
162,79,one-to-one,dn_83,ikt_90,Ippolita,Ippolita,PRON,NULL,nsubj,nsubj,zero_to_src_anchor,
163,80,one-to-many,dn_84,ikt_91 ikt_92,Giorgio,Giorgio,PRON,PRON,obj,nsubj,explicit_ref_pos,
164,80,one-to-many,dn_84,ikt_91 ikt_92,Giorgio,MISSING,PRON,MISSING,obj,MISSING,leftover_source,
165,80,one-to-many,dn_84,ikt_91 ikt_92,Ippolita,Ippolita,PRON,PRON,obj,obj,explicit_full,
166,80,one-to-many,dn_84,ikt_91 ikt_92,Ippolita,Ippolita,PRON,NULL,nsubj,nsubj,zero_to_src_anchor,
167,80,one-to-many,dn_84,ikt_91 ikt_92,Ippolita,MISSING,PRON,MISSING,nsubj,MISSING,leftover_source,
168,81,one-to-many,dn_85,ikt_93 ikt_94 ikt_95 ikt_96,Giorgio,Giorgio,PRON,PRON,obj,nmod,explicit_ref_pos,
169,81,one-to-many,dn_85,ikt_93 ikt_94 ikt_95 ikt_96,Giorgio,MISSING,PRON,MISSING,nsubj,MISSING,leftover_source,
170,81,one-to-many,dn_85,ikt_93 ikt_94 ikt_95 ikt_96,Ippolita,Ippolita,PRON,PRON,obj,nsubj,explicit_ref_pos,
171,81,one-to-many,dn_85,ikt_93 ikt_94 ikt_95 ikt_96,Ippolita,Ippolita,NULL,NULL,nsubj,nsubj,zero_zero_semantic,0.3582425560682051
172,81,one-to-many,dn_85,ikt_93 ikt_94 ikt_95 ikt_96,Ippolita,MISSING,NULL,MISSING,nsubj,MISSING,leftover_source,
173,81,one-to-many,dn_85,ikt_93 ikt_94 ikt_95 ikt_96,Ippolita,MISSING,NULL,MISSING,nsubj,MISSING,leftover_source,
174,81,one-to-many,dn_85,ikt_93 ikt_94 ikt_95 ikt_96,Ippolita,MISSING,DET,MISSING,nmod,MISSING,leftover_source,
175,82,one-to-one,dn_86,ikt_97,Giorgio,Giorgio,PRON,PRON,obj,nmod,explicit_ref_pos,
176,82,one-to-one,dn_86,ikt_97,Ippolita,Ippolita,PRON,PRON,nsubj,nsubj,explicit_full,
177,83,one-to-many,dn_87,ikt_98 ikt_99,Giorgio,Giorgio,PRON,PRON,obj,obj,explicit_full,
178,83,one-to-many,dn_87,ikt_98 ikt_99,Giorgio,Giorgio,PRON,PRON,nsubj,obj,explicit_ref_pos,
179,83,one-to-many,dn_87,ikt_98 ikt_99,Ippolita,Ippolita,DET,NOUN,nmod,obj,explicit_ref_only,
180,84,one-to-many,dn_88,ikt_100 ikt_101,Giorgio,Giorgio,PRON,PRON,nsubj,nsubj,explicit_full,
181,84,one-to-many,dn_88,ikt_100 ikt_101,Giorgio,Giorgio,PRON,PRON,obj,obj,explicit_full,
182,84,one-to-many,dn_88,ikt_100 ikt_101,Giorgio,Giorgio,DET,PRON,nmod,nmod,explicit_ref_case,
183,84,one-to-many,dn_88,ikt_100 ikt_101,Giorgio,Giorgio,DET,PRON,nmod,nmod,explicit_ref_case,
184,84,one-to-many,dn_88,ikt_100 ikt_101,Giorgio,Giorgio,PRON,NULL,nsubj,nsubj,zero_to_src_anchor,
185,84,one-to-many,dn_88,ikt_100 ikt_101,Giorgio,MISSING,DET,MISSING,nmod,MISSING,leftover_source,
186,84,one-to-many,dn_88,ikt_100 ikt_101,MISSING,Giorgio,MISSING,NULL,MISSING,nsubj,leftover_target,
187,84,one-to-many,dn_88,ikt_100 ikt_101,MISSING,Giorgio,MISSING,NULL,MISSING,nsubj,leftover_target,
188,84,one-to-many,dn_88,ikt_100 ikt_101,MISSING,Giorgio,MISSING,NULL,MISSING,nsubj,leftover_target,
189,84,one-to-many,dn_88,ikt_100 ikt_101,MISSING,Giorgio,MISSING,NULL,MISSING,nsubj,leftover_target,
190,85,one-to-one,dn_89,ikt_102,Giorgio,Giorgio,DET,PRON,nmod,nmod,explicit_ref_case,
191,85,one-to-one,dn_89,ikt_102,MISSING,Giorgio,MISSING,NULL,MISSING,nsubj,leftover_target,
192,85,one-to-one,dn_89,ikt_102,MISSING,Giorgio,MISSING,PRON,MISSING,nmod,leftover_target,
193,85,one-to-one,dn_89,ikt_102,MISSING,Giorgio,MISSING,NULL,MISSING,nsubj,leftover_target,
194,86,one-to-one,dn_91,ikt_104,Giorgio,Giorgio,NULL,PRON,nsubj,nsubj,zero_to_tgt_anchor,
195,87,one-to-many,dn_92,ikt_103 ikt_105,Giorgio,Giorgio,PRON,PRON,nsubj,nsubj,explicit_full,
196,87,one-to-many,dn_92,ikt_103 ikt_105,MISSING,Giorgio,MISSING,NULL,MISSING,nsubj,leftover_target,
197,87,one-to-many,dn_92,ikt_103 ikt_105,Ippolita,Ippolita,PRON,PRON,obj,obj,explicit_full,
198,88,one-to-one,dn_93,ikt_106,Ippolita,Ippolita,PRON,PRON,nsubj,nmod,explicit_ref_pos,
199,92,one-to-one,dn_97,ikt_110,Giorgio,Giorgio,PRON,PRON,obj,obj,explicit_full,
200,92,one-to-one,dn_97,ikt_110,Ippolita,Ippolita,PRON,PRON,nsubj,nsubj,explicit_full,
201,93,one-to-one,dn_98,ikt_111,MISSING,Giorgio Ippolita,MISSING,PRON,MISSING,nmod,leftover_target,
202,94,one-to-one,dn_99,ikt_112,Ippolita,Ippolita,NULL,NULL,nsubj,nsubj,zero_zero_single,
203,94,one-to-one,dn_99,ikt_112,MISSING,Ippolita,MISSING,PRON,MISSING,nsubj,leftover_target,
204,95,one-to-one,dn_100,ikt_114,Ippolita,MISSING,PRON,MISSING,nsubj,MISSING,leftover_source,
205,96,one-to-one,dn_101,ikt_113,Giorgio,MISSING,PRON,MISSING,nsubj,MISSING,leftover_source,
206,96,one-to-one,dn_101,ikt_113,MISSING,Ippolita,MISSING,PROPN,MISSING,nsubj,leftover_target,
207,97,one-to-one,dn_102,ikt_115,MISSING,Giorgio,MISSING,PRON,MISSING,nsubj,leftover_target,
208,98,one-to-one,dn_103,ikt_116,Giorgio Ippolita,Giorgio Ippolita,NULL,NULL,nsubj,nsubj,zero_zero_semantic,0.3740762303704801
209,98,one-to-one,dn_103,ikt_116,Giorgio Ippolita,Giorgio Ippolita,NULL,NOUN,nsubj,nsubj,zero_to_tgt_anchor,
210,99,one-to-one,dn_104,ikt_117,Ippolita,Ippolita,PROPN,PROPN,nsubj,nsubj,explicit_full,
211,99,one-to-one,dn_104,ikt_117,Ippolita,MISSING,PRON-REFLEX,MISSING,obj,MISSING,leftover_source,
212,100,one-to-many,dn_105,ikt_118 ikt_119 ikt_120 ikt_121,MISSING,prelate,MISSING,NOUN,MISSING,obj,leftover_target,
213,102,one-to-one,dn_107,ikt_123,Giorgio,Giorgio,PROPN,PRON,nsubj,nsubj,explicit_ref_case,
214,102,one-to-one,dn_107,ikt_123,MISSING,Giorgio,MISSING,NULL,MISSING,nsubj,leftover_target,
215,102,one-to-one,dn_107,ikt_123,Ippolita,Ippolita,NOUN,NOUN,obj,obj,explicit_full,
216,103,one-to-one,dn_108,ikt_124,Giorgio Ippolita,Giorgio Ippolita,PRON,NULL,nsubj,nsubj,zero_to_src_anchor,
217,104,one-to-one,dn_109,ikt_125,Giorgio,Giorgio,PRON,PRON,nsubj,nsubj,explicit_full,
218,105,many-to-one,dn_110 dn_111,ikt_126,Ippolita,Ippolita,PROPN,PROPN,nsubj,nsubj,explicit_full,
219,105,many-to-one,dn_110 dn_111,ikt_126,Ippolita,MISSING,DET,MISSING,nmod,MISSING,leftover_source,
220,105,many-to-one,dn_110 dn_111,ikt_126,Ippolita,MISSING,NULL,MISSING,nsubj,MISSING,leftover_source,
221,106,one-to-one,dn_112,ikt_127,MISSING,Giorgio,MISSING,NULL,MISSING,nsubj,leftover_target,
222,107,one-to-one,dn_113,ikt_128,Giorgio,Giorgio,PROPN,NOUN,obj,nmod,explicit_ref_only,
223,107,one-to-one,dn_113,ikt_128,Ippolita,Ippolita,NULL,NULL,nsubj,nsubj,zero_zero_single,
224,107,one-to-one,dn_113,ikt_128,MISSING,Ippolita,MISSING,PRON,MISSING,nsubj,leftover_target,
225,108,one-to-one,dn_114,ikt_129,Giorgio Ippolita,Giorgio Ippolita,PRON,PRON,nsubj,nsubj,explicit_full,
226,108,one-to-one,dn_114,ikt_129,Giorgio Ippolita,MISSING,PRON-REFLEX,MISSING,obj,MISSING,leftover_source,
227,108,one-to-one,dn_114,ikt_129,MISSING,Giorgio Ippolita,MISSING,NOUN,MISSING,nmod,leftover_target,
228,108,one-to-one,dn_114,ikt_129,MISSING,Giorgio Ippolita,MISSING,NULL,MISSING,nsubj,leftover_target,
229,108,one-to-one,dn_114,ikt_129,MISSING,Giorgio Ippolita,MISSING,NULL,MISSING,nsubj,leftover_target,
230,109,one-to-many,dn_115,ikt_130 ikt_131,Giorgio,Giorgio,NOUN,PRON,nsubj,nsubj,explicit_ref_case,
231,109,one-to-many,dn_115,ikt_130 ikt_131,MISSING,Giorgio,MISSING,NOUN,MISSING,nmod,leftover_target,
232,109,one-to-many,dn_115,ikt_130 ikt_131,Ippolita,Ippolita,PRON,PRON,nsubj,nsubj,explicit_full,
233,109,one-to-many,dn_115,ikt_130 ikt_131,Ippolita,Ippolita,PRON,NULL,nsubj,nsubj,zero_to_src_anchor,
234,110,one-to-one,dn_116,ikt_133,Giorgio,Giorgio,DET,PROPN,nmod,nmod,explicit_ref_case,
235,110,one-to-one,dn_116,ikt_133,Giorgio,MISSING,PRON,MISSING,nsubj,MISSING,leftover_source,
236,110,one-to-one,dn_116,ikt_133,Giorgio,MISSING,PRON,MISSING,nsubj,MISSING,leftover_source,
237,110,one-to-one,dn_116,ikt_133,Ippolita,Ippolita,NULL,NULL,nsubj,nsubj,zero_zero_single,
238,110,one-to-one,dn_116,ikt_133,MISSING,Ippolita,MISSING,PRON,MISSING,nsubj,leftover_target,
239,111,one-to-one,dn_117,ikt_132,Giorgio,Giorgio,NULL,NULL,nsubj,nsubj,zero_zero_single,
240,112,one-to-one,dn_118,ikt_134,Giorgio,Giorgio,PRON,PRON,nsubj,obj,explicit_ref_pos,
241,112,one-to-one,dn_118,ikt_134,MISSING,Ippolita,MISSING,PRON,MISSING,nmod,leftover_target,
242,113,one-to-many,dn_119,ikt_135 ikt_136 ikt_137,Giorgio,Giorgio,PRON,PRON,nsubj,nsubj,explicit_full,
243,113,one-to-many,dn_119,ikt_135 ikt_136 ikt_137,Giorgio,Giorgio,PRON,PRON,obj,obj,explicit_full,
244,113,one-to-many,dn_119,ikt_135 ikt_136 ikt_137,Giorgio,Giorgio,PRON,PRON,nmod,nmod,explicit_full,
245,113,one-to-many,dn_119,ikt_135 ikt_136 ikt_137,Giorgio,Giorgio,PRON,PRON,obj,obj,explicit_full,
246,113,one-to-many,dn_119,ikt_135 ikt_136 ikt_137,Giorgio,MISSING,PRON-REFLEX,MISSING,obj,MISSING,leftover_source,
247,113,one-to-many,dn_119,ikt_135 ikt_136 ikt_137,MISSING,Giorgio,MISSING,NULL,MISSING,nsubj,leftover_target,
248,113,one-to-many,dn_119,ikt_135 ikt_136 ikt_137,MISSING,Giorgio,MISSING,NULL,MISSING,nsubj,leftover_target,
249,113,one-to-many,dn_119,ikt_135 ikt_136 ikt_137,MISSING,Ippolita,MISSING,PROPN,MISSING,nsubj,leftover_target,
250,113,one-to-many,dn_119,ikt_135 ikt_136 ikt_137,MISSING,Ippolita,MISSING,NULL,MISSING,nsubj,leftover_target,
251,114,one-to-one,dn_120,ikt_138,Giorgio,Giorgio,NULL,NULL,nsubj,nsubj,zero_zero_single,
252,115,one-to-one,dn_121,ikt_139,Giorgio,Giorgio,PRON,NOUN,obj,nmod,explicit_ref_only,
253,115,one-to-one,dn_121,ikt_139,Ippolita,Ippolita,PROPN,PRON,nsubj,nsubj,explicit_ref_case,
254,115,one-to-one,dn_121,ikt_139,Ippolita,Ippolita,DET,PRON,nmod,nmod,explicit_ref_case,
255,115,one-to-one,dn_121,ikt_139,MISSING,Ippolita,MISSING,NULL,MISSING,nsubj,leftover_target,
256,115,one-to-one,dn_121,ikt_139,MISSING,Ippolita,MISSING,NULL,MISSING,nsubj,leftover_target,
257,116,one-to-one,dn_122,ikt_140,Giorgio,Giorgio,NULL,NULL,nsubj,nsubj,zero_zero_single,
258,117,one-to-one,dn_123,ikt_141,Giorgio,Giorgio,PRON,PRON,nsubj,nsubj,explicit_full,
259,118,one-to-one,dn_124,ikt_142,Giorgio,Giorgio,NULL,NULL,nsubj,nsubj,zero_zero_single,
260,119,one-to-one,dn_125,ikt_143,Giorgio,Giorgio,DET,DET,nmod,nmod,explicit_full,
261,120,one-to-one,dn_126,ikt_144,Giorgio,Giorgio,PRON,PRON,nsubj,nsubj,explicit_full,
262,120,one-to-one,dn_126,ikt_144,Giorgio,Giorgio,PRON,PRON,obj,obj,explicit_full,
263,120,one-to-one,dn_126,ikt_144,Giorgio,MISSING,PRON-REFLEX,MISSING,obj,MISSING,leftover_source,
264,120,one-to-one,dn_126,ikt_144,MISSING,Giorgio,MISSING,NULL,MISSING,nsubj,leftover_target,
265,121,one-to-one,dn_127,ikt_145,Giorgio,MISSING,DET,MISSING,nmod,MISSING,leftover_source,
266,121,one-to-one,dn_127,ikt_145,Ippolita,MISSING,NOUN,MISSING,obj,MISSING,leftover_source,
267,122,one-to-many,dn_128,ikt_146 ikt_147,Giorgio,Giorgio,PRON,PRON,nsubj,nsubj,explicit_full,
268,122,one-to-many,dn_128,ikt_146 ikt_147,MISSING,Giorgio,MISSING,NULL,MISSING,nsubj,leftover_target,
269,122,one-to-many,dn_128,ikt_146 ikt_147,Ippolita,Ippolita,PRON,NOUN,obj,obj,explicit_ref_case,
270,123,one-to-one,dn_129,ikt_148,Giorgio,Giorgio,DET,PRON,nmod,nsubj,explicit_ref_only,
271,124,one-to-one,dn_130,ikt_149,Giorgio,Giorgio,PRON,NULL,nsubj,nsubj,zero_to_src_anchor,
272,124,one-to-one,dn_130,ikt_149,Giorgio,MISSING,PRON-REFLEX,MISSING,obj,MISSING,leftover_source,
273,124,one-to-one,dn_130,ikt_149,Ippolita,Ippolita,NOUN,NOUN,obj,obj,explicit_full,
274,125,one-to-one,dn_131,ikt_150,Giorgio,Giorgio,DET,PRON,nmod,nsubj,explicit_ref_only,
275,125,one-to-one,dn_131,ikt_150,MISSING,Giorgio,MISSING,NULL,MISSING,nsubj,leftover_target,
276,126,one-to-one,dn_132,ikt_151,Giorgio,Giorgio,PRON,PRON,nsubj,nsubj,explicit_full,
277,126,one-to-one,dn_132,ikt_151,MISSING,Giorgio,MISSING,NULL,MISSING,nsubj,leftover_target,
278,127,one-to-one,dn_133,ikt_152,Giorgio,Giorgio,PRON,PRON,nsubj,nsubj,explicit_full,
279,127,one-to-one,dn_133,ikt_152,Giorgio,MISSING,PRON,MISSING,obj,MISSING,leftover_source,
280,127,one-to-one,dn_133,ikt_152,MISSING,Giorgio,MISSING,NULL,MISSING,nsubj,leftover_target,
281,127,one-to-one,dn_133,ikt_152,Ippolita,Ippolita,PROPN,PROPN,nsubj,nsubj,explicit_full,
282,128,one-to-one,dn_134,ikt_153,Giorgio,Giorgio,PROPN,PROPN,vocative,vocative,explicit_full,
283,128,one-to-one,dn_134,ikt_153,Giorgio,Giorgio,PRON,PRON,obj,obj,explicit_full,
284,128,one-to-one,dn_134,ikt_153,Giorgio,Giorgio,PRON,NULL,nsubj,nsubj,zero_to_src_anchor,
285,128,one-to-one,dn_134,ikt_153,Ippolita,Ippolita,PRON,PRON,nsubj,nsubj,explicit_full,
286,129,many-to-one,dn_135 dn_136,ikt_154,Giorgio,Giorgio,PRON,NULL,nsubj,nsubj,zero_to_src_anchor,
287,129,many-to-one,dn_135 dn_136,ikt_154,Giorgio,MISSING,PRON,MISSING,obj,MISSING,leftover_source,
288,129,many-to-one,dn_135 dn_136,ikt_154,Ippolita,Ippolita,NULL,NULL,nsubj,nsubj,zero_zero_single,
289,129,many-to-one,dn_135 dn_136,ikt_154,Ippolita,MISSING,PRON,MISSING,nsubj,MISSING,leftover_source,
290,130,one-to-one,dn_137,ikt_155,Giorgio,Giorgio,PRON,PRON,nsubj,nsubj,explicit_full,
291,131,one-to-one,dn_138,ikt_156,Giorgio,Giorgio,DET,PRON,nmod,nmod,explicit_ref_case,
292,131,one-to-one,dn_138,ikt_156,Giorgio,MISSING,PRON,MISSING,obj,MISSING,leftover_source,
293,131,one-to-one,dn_138,ikt_156,Ippolita,Ippolita,NULL,NULL,nsubj,nsubj,zero_zero_semantic,0.34124121888682957
294,131,one-to-one,dn_138,ikt_156,Ippolita,Ippolita,PRON,NULL,nsubj,nsubj,zero_to_src_anchor,
295,131,one-to-one,dn_138,ikt_156,MISSING,Ippolita,MISSING,NULL,MISSING,nsubj,leftover_target,
296,132,one-to-one,dn_139,ikt_157,Giorgio,Giorgio,DET,PRON,nmod,nmod,explicit_ref_case,
297,132,one-to-one,dn_139,ikt_157,Giorgio,MISSING,PRON,MISSING,obj,MISSING,leftover_source,
298,132,one-to-one,dn_139,ikt_157,Ippolita,Ippolita,NULL,NULL,nsubj,nsubj,zero_zero_semantic,0.36780755705477897
299,132,one-to-one,dn_139,ikt_157,Ippolita,Ippolita,PRON,NULL,nsubj,nsubj,zero_to_src_anchor,
300,133,one-to-one,dn_140,ikt_158,Giorgio,Giorgio,PRON,PRON,nsubj,nsubj,explicit_full,
301,133,one-to-one,dn_140,ikt_158,MISSING,Giorgio,MISSING,PRON,MISSING,nsubj,leftover_target,
302,133,one-to-one,dn_140,ikt_158,Ippolita,Ippolita,PRON,NOUN,obj,nmod,explicit_ref_only,
303,136,many-to-one,dn_143 dn_144,ikt_161,Giorgio,Giorgio,PRON,PRON,obj,obj,explicit_full,
304,136,many-to-one,dn_143 dn_144,ikt_161,Giorgio,Giorgio,PRON,PRON,nsubj,obj,explicit_ref_pos,
305,136,many-to-one,dn_143 dn_144,ikt_161,Giorgio,MISSING,PRON,MISSING,nsubj,MISSING,leftover_source,
306,136,many-to-one,dn_143 dn_144,ikt_161,Ippolita,Ippolita,PRON,PRON,nsubj,nsubj,explicit_full,
307,137,one-to-many,dn_145,ikt_162 ikt_163,Giorgio,Giorgio,PRON,PRON,obj,obj,explicit_full,
308,137,one-to-many,dn_145,ikt_162 ikt_163,Giorgio,Giorgio,PRON,PRON,obj,nmod,explicit_ref_pos,
309,137,one-to-many,dn_145,ikt_162 ikt_163,Ippolita,Ippolita,PRON,PRON,nsubj,nsubj,explicit_full,
310,137,one-to-many,dn_145,ikt_162 ikt_163,Ippolita,MISSING,PRON,MISSING,obj,MISSING,leftover_source,
311,137,one-to-many,dn_145,ikt_162 ikt_163,MISSING,Ippolita,MISSING,NULL,MISSING,nsubj,leftover_target,
312,138,one-to-one,dn_146,ikt_164,Giorgio,Giorgio,PRON,PRON,nsubj,nsubj,explicit_full,
313,138,one-to-one,dn_146,ikt_164,Ippolita,Ippolita,DET,PRON,nmod,nmod,explicit_ref_case,
314,138,one-to-one,dn_146,ikt_164,Ippolita,MISSING,DET,MISSING,nmod,MISSING,leftover_source,
315,138,one-to-one,dn_146,ikt_164,Ippolita,MISSING,DET,MISSING,nmod,MISSING,leftover_source,
316,140,many-to-one,dn_148 dn_149,ikt_166,Giorgio,Giorgio,PRON,PRON,obj,obj,explicit_full,
317,140,many-to-one,dn_148 dn_149,ikt_166,Ippolita,Ippolita,PRON,PRON,nsubj,nsubj,explicit_full,
318,140,many-to-one,dn_148 dn_149,ikt_166,MISSING,Ippolita,MISSING,DET,MISSING,nmod,leftover_target,
319,141,one-to-one,dn_150,ikt_167,Giorgio Ippolita,Giorgio Ippolita,PRON,PRON,nsubj,nsubj,explicit_full,
320,141,one-to-one,dn_150,ikt_167,MISSING,Giorgio Ippolita,MISSING,NULL,MISSING,nsubj,leftover_target,
321,142,one-to-many,dn_151,ikt_168 ikt_169,Giorgio,Giorgio,PRON,PRON,nsubj,nsubj,explicit_full,
322,142,one-to-many,dn_151,ikt_168 ikt_169,Giorgio,Giorgio,DET,PRON,nmod,nmod,explicit_ref_case,
323,142,one-to-many,dn_151,ikt_168 ikt_169,Ippolita,Ippolita,DET,DET,nmod,nmod,explicit_full,
324,142,one-to-many,dn_151,ikt_168 ikt_169,MISSING,Ippolita,MISSING,PRON,MISSING,nmod,leftover_target,
325,143,one-to-many,dn_152,ikt_170 ikt_171,Giorgio,Giorgio,DET,PRON,nmod,nmod,explicit_ref_case,
326,143,one-to-many,dn_152,ikt_170 ikt_171,Giorgio,Giorgio,DET,PRON,nmod,nmod,explicit_ref_case,
327,143,one-to-many,dn_152,ikt_170 ikt_171,Giorgio,Giorgio,NULL,PRON,nsubj,nsubj,zero_to_tgt_anchor,
328,143,one-to-many,dn_152,ikt_170 ikt_171,Ippolita,Ippolita,PRON,PRON,obj,obj,explicit_full,
329,143,one-to-many,dn_152,ikt_170 ikt_171,Ippolita,Ippolita,PRON,PRON,obj,obj,explicit_full,
330,144,one-to-one,dn_153,ikt_172,Giorgio,Giorgio,PRON,PRON,nsubj,obj,explicit_ref_pos,
331,144,one-to-one,dn_153,ikt_172,Ippolita,Ippolita,PRON,PRON,obj,obj,explicit_full,
332,144,one-to-one,dn_153,ikt_172,Ippolita,Ippolita,DET,PRON,nmod,nmod,explicit_ref_case,
333,145,one-to-one,dn_154,ikt_173,Giorgio,Giorgio,PRON,PRON,nsubj,obj,explicit_ref_pos,
334,145,one-to-one,dn_154,ikt_173,MISSING,Giorgio Ippolita,MISSING,NOUN,MISSING,nsubj,leftover_target,
335,145,one-to-one,dn_154,ikt_173,Ippolita,Ippolita,DET,PRON,nmod,nsubj,explicit_ref_only,
336,146,one-to-many,dn_155,ikt_174 ikt_175,Giorgio,MISSING,PRON,MISSING,nsubj,MISSING,leftover_source,
337,146,one-to-many,dn_155,ikt_174 ikt_175,MISSING,Ippolita,MISSING,PRON,MISSING,nmod,leftover_target,
338,147,one-to-one,dn_156 dn_157,ikt_176 ikt_177 ikt_178 ikt_179 ikt_180,Giorgio,Giorgio,PRON,PRON,obj,obj,explicit_full,
339,147,one-to-one,dn_156 dn_157,ikt_176 ikt_177 ikt_178 ikt_179 ikt_180,Giorgio,Giorgio,PRON,PRON,obj,nsubj,explicit_ref_pos,
340,147,one-to-one,dn_156 dn_157,ikt_176 ikt_177 ikt_178 ikt_179 ikt_180,Giorgio,Giorgio,NULL,NULL,nsubj,nsubj,zero_zero_semantic,0.19484820152373658
341,147,one-to-one,dn_156 dn_157,ikt_176 ikt_177 ikt_178 ikt_179 ikt_180,Giorgio,Giorgio,NULL,NULL,nsubj,nsubj,zero_zero_semantic,0.11663547207399741
342,147,one-to-one,dn_156 dn_157,ikt_176 ikt_177 ikt_178 ikt_179 ikt_180,Giorgio,Giorgio,NULL,NULL,nsubj,nsubj,zero_zero_semantic,0.07875384649460258
343,147,one-to-one,dn_156 dn_157,ikt_176 ikt_177 ikt_178 ikt_179 ikt_180,Giorgio,Giorgio,NULL,NULL,nsubj,nsubj,zero_zero_semantic,0.24158236895435045
344,147,one-to-one,dn_156 dn_157,ikt_176 ikt_177 ikt_178 ikt_179 ikt_180,Giorgio,Giorgio,NULL,PRON,nsubj,nsubj,zero_to_tgt_anchor,
345,147,one-to-one,dn_156 dn_157,ikt_176 ikt_177 ikt_178 ikt_179 ikt_180,Giorgio,Giorgio,NULL,PRON,nsubj,nsubj,zero_to_tgt_anchor,
346,147,one-to-one,dn_156 dn_157,ikt_176 ikt_177 ikt_178 ikt_179 ikt_180,Giorgio,MISSING,PRON-REFLEX,MISSING,obj,MISSING,leftover_source,
347,147,one-to-one,dn_156 dn_157,ikt_176 ikt_177 ikt_178 ikt_179 ikt_180,Giorgio,MISSING,PRON-REFLEX,MISSING,obj,MISSING,leftover_source,
348,147,one-to-one,dn_156 dn_157,ikt_176 ikt_177 ikt_178 ikt_179 ikt_180,Ippolita,Ippolita,PRON,PRON,obj,obj,explicit_full,
349,147,one-to-one,dn_156 dn_157,ikt_176 ikt_177 ikt_178 ikt_179 ikt_180,Ippolita,Ippolita,DET,PRON,nmod,nmod,explicit_ref_case,
350,147,one-to-one,dn_156 dn_157,ikt_176 ikt_177 ikt_178 ikt_179 ikt_180,Ippolita,Ippolita,PRON,PRON,obj,nsubj,explicit_ref_pos,
351,147,one-to-one,dn_156 dn_157,ikt_176 ikt_177 ikt_178 ikt_179 ikt_180,Ippolita,MISSING,PRON,MISSING,obj,MISSING,leftover_source,
352,147,one-to-one,dn_156 dn_157,ikt_176 ikt_177 ikt_178 ikt_179 ikt_180,Ippolita,MISSING,PRON,MISSING,obj,MISSING,leftover_source,
353,148,one-to-one,dn_158,ikt_181,Giorgio,Giorgio,PRON,PRON,nsubj,nsubj,explicit_full,
354,148,one-to-one,dn_158,ikt_181,MISSING,Giorgio,MISSING,NULL,MISSING,nsubj,leftover_target,
355,148,one-to-one,dn_158,ikt_181,Ippolita,Ippolita,PRON,PRON,obj,nsubj,explicit_ref_pos,
356,149,one-to-one,dn_159,ikt_182,Giorgio,Giorgio,PRON,NULL,nsubj,nsubj,zero_to_src_anchor,
357,149,one-to-one,dn_159,ikt_182,Giorgio,MISSING,DET,MISSING,nmod,MISSING,leftover_source,
358,149,one-to-one,dn_159,ikt_182,Ippolita,MISSING,PRON,MISSING,obj,MISSING,leftover_source,
359,150,one-to-one,dn_160,ikt_183,Giorgio,MISSING,PRON,MISSING,obj,MISSING,leftover_source,
360,150,one-to-one,dn_160,ikt_183,Giorgio,MISSING,NULL,MISSING,nsubj,MISSING,leftover_source,
361,150,one-to-one,dn_160,ikt_183,Giorgio,MISSING,PRON,MISSING,obj,MISSING,leftover_source,
362,150,one-to-one,dn_160,ikt_183,MISSING,Giorgio Ippolita,MISSING,NOUN,MISSING,nmod,leftover_target,
363,150,one-to-one,dn_160,ikt_183,Ippolita,MISSING,PRON,MISSING,obj,MISSING,leftover_source,
364,151,one-to-one,dn_161,ikt_184,Giorgio,MISSING,PRON,MISSING,obj,MISSING,leftover_source,
365,151,one-to-one,dn_161,ikt_184,Ippolita,Ippolita,PRON,PRON,nsubj,nsubj,explicit_full,
366,151,one-to-one,dn_161,ikt_184,Ippolita,Ippolita,NULL,NULL,nsubj,nsubj,zero_zero_semantic,0.46343456525069016
367,151,one-to-one,dn_161,ikt_184,Ippolita,MISSING,PRON,MISSING,obj,MISSING,leftover_source,
368,151,one-to-one,dn_161,ikt_184,Ippolita,MISSING,NULL,MISSING,nsubj,MISSING,leftover_source,
369,152,one-to-one,dn_162,ikt_185,Giorgio,Giorgio,PRON,PRON,nsubj,nsubj,explicit_full,
370,153,one-to-one,dn_163,ikt_186,MISSING,Ippolita,MISSING,PRON,MISSING,nsubj,leftover_target,
371,154,one-to-one,dn_164,ikt_187,Giorgio,MISSING,PRON,MISSING,obj,MISSING,leftover_source,
372,154,one-to-one,dn_164,ikt_187,Giorgio,MISSING,PRON,MISSING,obj,MISSING,leftover_source,
373,154,one-to-one,dn_164,ikt_187,MISSING,Giorgio,MISSING,NULL,MISSING,nsubj,leftover_target,
374,154,one-to-one,dn_164,ikt_187,MISSING,Giorgio,MISSING,NULL,MISSING,nsubj,leftover_target,
375,154,one-to-one,dn_164,ikt_187,MISSING,Giorgio,MISSING,NULL,MISSING,nsubj,leftover_target,
376,154,one-to-one,dn_164,ikt_187,Ippolita,Ippolita,PRON,PRON,nsubj,obj,explicit_ref_pos,
377,154,one-to-one,dn_164,ikt_187,Ippolita,MISSING,NULL,MISSING,nsubj,MISSING,leftover_source,
378,155,one-to-one,dn_165,ikt_188,Giorgio,Giorgio,NULL,NULL,nsubj,nsubj,zero_zero_semantic,0.3024093832040023
379,155,one-to-one,dn_165,ikt_188,Giorgio,MISSING,PRON,MISSING,nsubj,MISSING,leftover_source,
380,155,one-to-one,dn_165,ikt_188,Giorgio,MISSING,NULL,MISSING,nsubj,MISSING,leftover_source,
381,155,one-to-one,dn_165,ikt_188,Giorgio,MISSING,PRON-REFLEX,MISSING,obj,MISSING,leftover_source,
382,155,one-to-one,dn_165,ikt_188,Giorgio,MISSING,NULL,MISSING,nsubj,MISSING,leftover_source,
383,155,one-to-one,dn_165,ikt_188,Giorgio,MISSING,NULL,MISSING,nsubj,MISSING,leftover_source,
384,155,one-to-one,dn_165,ikt_188,Ippolita,Ippolita,DET,PRON,nmod,nmod,explicit_ref_case,
385,155,one-to-one,dn_165,ikt_188,Ippolita,MISSING,PRON,MISSING,obj,MISSING,leftover_source,
386,156,one-to-one,dn_166,ikt_189,Giorgio Ippolita,Giorgio Ippolita,PRON,NOUN,obj,nmod,explicit_ref_only,
387,156,one-to-one,dn_166,ikt_189,MISSING,Giorgio Ippolita,MISSING,NULL,MISSING,nsubj,leftover_target,
388,156,one-to-one,dn_166,ikt_189,MISSING,Giorgio Ippolita,MISSING,NULL,MISSING,nsubj,leftover_target,
389,157,one-to-one,dn_167,ikt_191,Giorgio,Giorgio,PRON,PRON,nsubj,nsubj,explicit_full,
390,157,one-to-one,dn_167,ikt_191,Ippolita,MISSING,PRON,MISSING,obj,MISSING,leftover_source,
391,158,one-to-one,dn_168,ikt_190,Ippolita,Ippolita,NULL,NULL,nsubj,nsubj,zero_zero_single,
392,159,one-to-one,dn_169,ikt_193,Giorgio,MISSING,PRON,MISSING,obj,MISSING,leftover_source,
393,159,one-to-one,dn_169,ikt_193,Ippolita,Ippolita,PRON,PRON,nsubj,nsubj,explicit_full,
394,160,one-to-one,dn_170,ikt_192,Giorgio,Giorgio,NULL,NULL,nsubj,nsubj,zero_zero_single,
395,161,one-to-one,dn_171,ikt_194,Giorgio,Giorgio,DET,PRON,nmod,nmod,explicit_ref_case,
396,161,one-to-one,dn_171,ikt_194,Giorgio,Giorgio,PRON,PRON,nsubj,obj,explicit_ref_pos,
397,161,one-to-one,dn_171,ikt_194,Ippolita,Ippolita,DET,PRON,nmod,nmod,explicit_ref_case,
398,161,one-to-one,dn_171,ikt_194,Ippolita,Ippolita,PRON,PRON,nsubj,obj,explicit_ref_pos,
399,162,one-to-one,dn_172,ikt_195,MISSING,Giorgio Ippolita,MISSING,NOUN,MISSING,nmod,leftover_target,
400,163,one-to-one,dn_173,ikt_196,Giorgio,Giorgio,PRON,PRON,nsubj,nsubj,explicit_full,
401,163,one-to-one,dn_173,ikt_196,Giorgio,Giorgio,NULL,NULL,nsubj,nsubj,zero_zero_semantic,0.2836389397729935
402,163,one-to-one,dn_173,ikt_196,Giorgio,MISSING,PRON-REFLEX,MISSING,obj,MISSING,leftover_source,
403,163,one-to-one,dn_173,ikt_196,Giorgio,MISSING,NULL,MISSING,nsubj,MISSING,leftover_source,
404,163,one-to-one,dn_173,ikt_196,Ippolita,Ippolita,PRON,PRON,obj,obj,explicit_full,
405,163,one-to-one,dn_173,ikt_196,Ippolita,MISSING,DET,MISSING,nmod,MISSING,leftover_source,
406,163,one-to-one,dn_173,ikt_196,Ippolita,MISSING,PRON,MISSING,nmod,MISSING,leftover_source,
407,163,one-to-one,dn_173,ikt_196,Ippolita,MISSING,PRON,MISSING,obj,MISSING,leftover_source,
408,164,many-to-one,dn_174 dn_175,ikt_197,MISSING,Giorgio,MISSING,PRON,MISSING,nmod,leftover_target,
409,164,many-to-one,dn_174 dn_175,ikt_197,MISSING,Ippolita,MISSING,PRON,MISSING,obj,leftover_target,
410,165,one-to-one,dn_176,ikt_199,Ippolita,Ippolita,PROPN,PROPN,nsubj,nsubj,explicit_full,
411,166,one-to-one,dn_177,ikt_198,Ippolita,Ippolita,PRON,PRON,nsubj,nsubj,explicit_full,
412,167,one-to-one,dn_178,ikt_200,Ippolita,Ippolita,PRON,PRON,nsubj,nsubj,explicit_full,
413,167,one-to-one,dn_178,ikt_200,MISSING,Ippolita,MISSING,PRON,MISSING,obj,leftover_target,
414,168,one-to-one,dn_179,ikt_201,Ippolita,MISSING,NULL,MISSING,nsubj,MISSING,leftover_source,
415,168,one-to-one,dn_179,ikt_201,MISSING,Ippolita,MISSING,PRON,MISSING,nmod,leftover_target,
416,169,one-to-one,dn_180,ikt_202,Giorgio,Giorgio,NOUN,PRON,obj,nmod,explicit_ref_only,
417,169,one-to-one,dn_180,ikt_202,MISSING,Ippolita,MISSING,PRON,MISSING,nmod,leftover_target,
418,170,one-to-one,dn_181,ikt_204,Ippolita,Ippolita,PROPN,PRON,nsubj,nsubj,explicit_ref_case,
419,171,one-to-one,dn_182,ikt_203,Giorgio,Giorgio,PRON,PRON,nsubj,nsubj,explicit_full,
420,172,one-to-one,dn_183,ikt_205,Giorgio,Giorgio,PRON,PRON,nsubj,nsubj,explicit_full,
421,172,one-to-one,dn_183,ikt_205,Giorgio,MISSING,DET,MISSING,nmod,MISSING,leftover_source,
422,173,one-to-many,dn_184,ikt_206 ikt_207,Giorgio,Giorgio,DET,PRON,nmod,nmod,explicit_ref_case,
423,173,one-to-many,dn_184,ikt_206 ikt_207,Giorgio,Giorgio,PRON,PRON,obj,nsubj,explicit_ref_pos,
424,173,one-to-many,dn_184,ikt_206 ikt_207,Giorgio,MISSING,PRON,MISSING,obj,MISSING,leftover_source,
425,173,one-to-many,dn_184,ikt_206 ikt_207,Ippolita,Ippolita,PRON,PRON,nsubj,nsubj,explicit_full,
426,173,one-to-many,dn_184,ikt_206 ikt_207,Ippolita,Ippolita,PRON,PRON,nsubj,obj,explicit_ref_pos,
427,174,one-to-one,dn_185,ikt_208,Giorgio,Giorgio,PRON,PRON,nsubj,nsubj,explicit_full,
428,174,one-to-one,dn_185,ikt_208,Giorgio,MISSING,DET,MISSING,nmod,MISSING,leftover_source,
429,175,one-to-many,dn_186,ikt_209 ikt_210,Giorgio,Giorgio,NULL,NULL,nsubj,nsubj,zero_zero_semantic,0.4758111137364592
430,175,one-to-many,dn_186,ikt_209 ikt_210,Giorgio,Giorgio,NULL,NULL,nsubj,nsubj,zero_zero_semantic,0.1568135580365559
431,176,one-to-one,dn_187,ikt_211,Giorgio,Giorgio,PRON,PRON,nsubj,nsubj,explicit_full,
432,176,one-to-one,dn_187,ikt_211,MISSING,Giorgio,MISSING,NULL,MISSING,nsubj,leftover_target,
433,176,one-to-one,dn_187,ikt_211,MISSING,Giorgio,MISSING,NULL,MISSING,nsubj,leftover_target,
434,177,one-to-one,dn_188,ikt_212,Giorgio,Giorgio,PRON,NULL,nsubj,nsubj,zero_to_src_anchor,
435,178,one-to-one,dn_189,ikt_213,Ippolita,Ippolita,PRON,PRON,nsubj,nsubj,explicit_full,
436,178,one-to-one,dn_189,ikt_213,Ippolita,Ippolita,NULL,NULL,nsubj,nsubj,zero_zero_single,
437,180,many-to-one,dn_191 dn_192,ikt_215,Ippolita,Ippolita,PRON,PRON,obj,nsubj,explicit_ref_pos,
438,180,many-to-one,dn_191 dn_192,ikt_215,Ippolita,MISSING,NULL,MISSING,nsubj,MISSING,leftover_source,
439,180,many-to-one,dn_191 dn_192,ikt_215,Ippolita,MISSING,PRON-REFLEX,MISSING,obj,MISSING,leftover_source,
440,180,many-to-one,dn_191 dn_192,ikt_215,Ippolita,MISSING,NULL,MISSING,nsubj,MISSING,leftover_source,
441,181,one-to-one,dn_193,ikt_216,Giorgio,Giorgio,PROPN,PROPN,nsubj,nmod,explicit_ref_pos,
442,181,one-to-one,dn_193,ikt_216,Ippolita,Ippolita,PRON,PRON,nsubj,nsubj,explicit_full,
443,181,one-to-one,dn_193,ikt_216,Ippolita,MISSING,PRON-REFLEX,MISSING,obj,MISSING,leftover_source,
444,182,one-to-one,dn_194,ikt_217,Giorgio,Giorgio,NOUN,NOUN,obj,obj,explicit_full,
445,182,one-to-one,dn_194,ikt_217,Ippolita,Ippolita,PRON,PRON,nsubj,nsubj,explicit_full,
446,183,many-to-one,dn_195 dn_197,ikt_218,Giorgio,Giorgio,PRON,PRON,nsubj,nmod,explicit_ref_pos,
447,183,many-to-one,dn_195 dn_197,ikt_218,Giorgio,MISSING,NULL,MISSING,nsubj,MISSING,leftover_source,
448,183,many-to-one,dn_195 dn_197,ikt_218,Ippolita,MISSING,PRON,MISSING,obj,MISSING,leftover_source,
449,184,one-to-one,dn_196,ikt_219,Ippolita,Ippolita,PRON,NULL,nsubj,nsubj,zero_to_src_anchor,
450,185,one-to-one,dn_198,ikt_220,Giorgio,Giorgio,PRON,PRON,nsubj,nsubj,explicit_full,
451,185,one-to-one,dn_198,ikt_220,MISSING,Giorgio,MISSING,NULL,MISSING,nsubj,leftover_target,
452,186,one-to-one,dn_199,ikt_221,Giorgio Ippolita,Giorgio Ippolita,PRON,NOUN,nsubj,nsubj,explicit_ref_case,
453,186,one-to-one,dn_199,ikt_221,Giorgio Ippolita,MISSING,NULL,MISSING,nsubj,MISSING,leftover_source,
454,186,one-to-one,dn_199,ikt_221,MISSING,Giorgio Ippolita,MISSING,PRON,MISSING,nmod,leftover_target,
455,187,one-to-many,dn_200,ikt_222 ikt_223,MISSING,prelate,MISSING,NOUN,MISSING,nmod,leftover_target,
456,191,one-to-one,dn_204,ikt_228,Giorgio,Giorgio,PROPN,PROPN,nsubj,nsubj,explicit_full,
457,192,one-to-one,dn_205,ikt_227,Giorgio,Giorgio,PRON,PRON,obj,obj,explicit_full,
458,192,one-to-one,dn_205,ikt_227,Ippolita,Ippolita,PRON,PRON,nsubj,nsubj,explicit_full,
459,193,one-to-one,dn_206,ikt_229,Ippolita,Ippolita,NULL,NULL,nsubj,nsubj,zero_zero_single,
460,194,one-to-one,dn_207,ikt_230,Giorgio,Giorgio,PRON,PRON,nsubj,nmod,explicit_ref_pos,
461,194,one-to-one,dn_207,ikt_230,MISSING,Giorgio,MISSING,PRON,MISSING,nmod,leftover_target,
462,194,one-to-one,dn_207,ikt_230,Ippolita,Ippolita,PRON,NULL,nsubj,nsubj,zero_to_src_anchor,
463,194,one-to-one,dn_207,ikt_230,MISSING,Ippolita,MISSING,NULL,MISSING,nsubj,leftover_target,
464,195,one-to-one,dn_208,ikt_231,MISSING,Ippolita,MISSING,NULL,MISSING,nsubj,leftover_target,
465,196,one-to-one,dn_209,ikt_232,Giorgio,Giorgio,PRON,PRON,obj,nsubj,explicit_ref_pos,
466,196,one-to-one,dn_209,ikt_232,MISSING,Giorgio,MISSING,NULL,MISSING,nsubj,leftover_target,
467,196,one-to-one,dn_209,ikt_232,MISSING,Giorgio,MISSING,NULL,MISSING,nsubj,leftover_target,
468,197,one-to-one,dn_210,ikt_233,Giorgio,Giorgio,PRON,PRON,nsubj,nmod,explicit_ref_pos,
469,197,one-to-one,dn_210,ikt_233,Giorgio,MISSING,PRON,MISSING,obj,MISSING,leftover_source,
470,198,one-to-one,dn_211,ikt_234,Giorgio,Giorgio,NULL,PRON,nsubj,nsubj,zero_to_tgt_anchor,
471,199,one-to-one,dn_212,ikt_235,MISSING,Giorgio,MISSING,NULL,MISSING,nsubj,leftover_target,
472,200,many-to-one,dn_213 dn_214,ikt_236,Ippolita,Ippolita,DET,PRON,nmod,nmod,explicit_ref_case,
473,201,one-to-one,dn_215,ikt_237,Giorgio,Giorgio,PRON,PRON,nsubj,nsubj,explicit_full,
474,201,one-to-one,dn_215,ikt_237,Ippolita,Ippolita,PRON,PROPN,obj,nmod,explicit_ref_only,
475,202,one-to-one,dn_216,ikt_238,Ippolita,Ippolita,NULL,PRON,nsubj,nsubj,zero_to_tgt_anchor,
476,203,many-to-one,dn_217 dn_218,ikt_239,Giorgio,MISSING,PRON,MISSING,obj,MISSING,leftover_source,
477,203,many-to-one,dn_217 dn_218,ikt_239,Ippolita,Ippolita,NULL,NULL,nsubj,nsubj,zero_zero_semantic,0.3139810677085604
478,203,many-to-one,dn_217 dn_218,ikt_239,Ippolita,Ippolita,NULL,PRON,nsubj,nsubj,zero_to_tgt_anchor,
479,204,one-to-one,dn_219,ikt_240,Giorgio,MISSING,PRON,MISSING,obj,MISSING,leftover_source,
480,204,one-to-one,dn_219,ikt_240,Ippolita,Ippolita,PRON,PRON,nsubj,nsubj,explicit_full,
481,204,one-to-one,dn_219,ikt_240,Ippolita,MISSING,PRON-REFLEX,MISSING,obj,MISSING,leftover_source,
482,204,one-to-one,dn_219,ikt_240,Ippolita,MISSING,NULL,MISSING,nsubj,MISSING,leftover_source,
483,205,many-to-one,dn_220 dn_221,ikt_241,Giorgio,Giorgio,NULL,NULL,nsubj,nsubj,zero_zero_single,
484,205,many-to-one,dn_220 dn_221,ikt_241,Giorgio,MISSING,PRON-REFLEX,MISSING,obj,MISSING,leftover_source,
485,205,many-to-one,dn_220 dn_221,ikt_241,Ippolita,Ippolita,PRON,NULL,nsubj,nsubj,zero_to_src_anchor,
486,205,many-to-one,dn_220 dn_221,ikt_241,Ippolita,MISSING,DET,MISSING,nmod,MISSING,leftover_source,
487,206,one-to-one,dn_222,ikt_242,Giorgio,Giorgio,DET,PRON,nmod,nmod,explicit_ref_case,
488,207,one-to-one,dn_223,ikt_243,Giorgio,Giorgio,NULL,PRON,nsubj,nsubj,zero_to_tgt_anchor,
489,207,one-to-one,dn_223,ikt_243,Ippolita,Ippolita,NOUN,NOUN,nmod,nmod,explicit_full,
490,208,one-to-one,dn_224,ikt_244,Ippolita,Ippolita,PRON,PRON,nsubj,nmod,explicit_ref_pos,
491,209,one-to-one,dn_225,ikt_245,Ippolita,Ippolita,NULL,PRON,nsubj,nsubj,zero_to_tgt_anchor,
492,210,one-to-one,dn_226,ikt_246,Ippolita,Ippolita,DET,DET,nmod,nmod,explicit_full,
493,211,one-to-one,dn_227,ikt_247,Ippolita,Ippolita,PRON,PRON,nmod,nsubj,explicit_ref_pos,
494,212,one-to-many,dn_228,ikt_248 ikt_249,Giorgio,MISSING,PRON,MISSING,obj,MISSING,leftover_source,
495,212,one-to-many,dn_228,ikt_248 ikt_249,Giorgio,MISSING,PRON,MISSING,obj,MISSING,leftover_source,
496,212,one-to-many,dn_228,ikt_248 ikt_249,MISSING,Giorgio,MISSING,NULL,MISSING,nsubj,leftover_target,
497,212,one-to-many,dn_228,ikt_248 ikt_249,MISSING,Giorgio,MISSING,NULL,MISSING,nsubj,leftover_target,
498,212,one-to-many,dn_228,ikt_248 ikt_249,Ippolita,Ippolita,DET,PRON,nmod,nmod,explicit_ref_case,
499,213,one-to-one,dn_229,ikt_250,Ippolita,Ippolita,DET,PRON,nmod,nmod,explicit_ref_case,
500,214,one-to-one,dn_230,ikt_251,Giorgio,MISSING,NULL,MISSING,nsubj,MISSING,leftover_source,
501,214,one-to-one,dn_230,ikt_251,MISSING,Giorgio,MISSING,PRON,MISSING,obj,leftover_target,
502,215,one-to-one,dn_231,ikt_252,Ippolita,Ippolita,NULL,NULL,nsubj,nsubj,zero_zero_single,
503,215,one-to-one,dn_231,ikt_252,MISSING,Ippolita,MISSING,PRON,MISSING,nsubj,leftover_target,
504,216,one-to-one,dn_232,ikt_253,Giorgio,Giorgio,PRON,NULL,nsubj,nsubj,zero_to_src_anchor,
505,216,one-to-one,dn_232,ikt_253,MISSING,Giorgio,MISSING,NULL,MISSING,nsubj,leftover_target,
506,216,one-to-one,dn_232,ikt_253,Ippolita,Ippolita,PRON,DET,obj,nmod,explicit_ref_only,
507,217,one-to-one,dn_233,ikt_254,Giorgio,Giorgio,PRON,PRON,obj,nmod,explicit_ref_pos,
508,217,one-to-one,dn_233,ikt_254,Ippolita,Ippolita,DET,PRON,nmod,nmod,explicit_ref_case,
509,218,one-to-one,dn_234,ikt_255,Ippolita,Ippolita,PRON,PRON,nsubj,obj,explicit_ref_pos,
510,219,many-to-one,dn_235 dn_236,ikt_256,MISSING,Ippolita,MISSING,DET,MISSING,nmod,leftover_target,
511,219,many-to-one,dn_235 dn_236,ikt_256,MISSING,Ippolita,MISSING,DET,MISSING,nmod,leftover_target,
512,219,many-to-one,dn_235 dn_236,ikt_256,MISSING,Ippolita,MISSING,DET,MISSING,nmod,leftover_target,
513,220,one-to-one,dn_237,ikt_257,Giorgio,MISSING,PRON,MISSING,obj,MISSING,leftover_source,
514,220,one-to-one,dn_237,ikt_257,MISSING,Ippolita,MISSING,PRON,MISSING,nmod,leftover_target,
515,221,one-to-one,dn_238,ikt_258,Giorgio,Giorgio,PRON,PRON,obj,obj,explicit_full,
516,221,one-to-one,dn_238,ikt_258,Ippolita,Ippolita,PRON,PRON,nsubj,nsubj,explicit_full,
517,222,many-to-one,dn_239 dn_240,ikt_259,Giorgio,MISSING,PRON,MISSING,obj,MISSING,leftover_source,
518,222,many-to-one,dn_239 dn_240,ikt_259,Giorgio,MISSING,NULL,MISSING,nsubj,MISSING,leftover_source,
519,222,many-to-one,dn_239 dn_240,ikt_259,Ippolita,Ippolita,NULL,NULL,nsubj,nsubj,zero_zero_single,
520,222,many-to-one,dn_239 dn_240,ikt_259,Ippolita,MISSING,DET,MISSING,nmod,MISSING,leftover_source,
521,222,many-to-one,dn_239 dn_240,ikt_259,Ippolita,MISSING,DET,MISSING,nmod,MISSING,leftover_source,
522,222,many-to-one,dn_239 dn_240,ikt_259,Ippolita,MISSING,PRON,MISSING,nsubj,MISSING,leftover_source,
523,222,many-to-one,dn_239 dn_240,ikt_259,Ippolitas-sister,Ippolitas-sister,NOUN,NOUN,nmod,nmod,explicit_full,
524,222,many-to-one,dn_239 dn_240,ikt_259,Ippolitas-sister,MISSING,NOUN,MISSING,nmod,MISSING,leftover_source,
525,223,one-to-many,dn_241,ikt_260 ikt_261,MISSING,Ippolita,MISSING,NULL,MISSING,nsubj,leftover_target,
526,224,one-to-one,dn_242,ikt_262,Giorgio,Giorgio,PRON,PRON,obj,obj,explicit_full,
527,224,one-to-one,dn_242,ikt_262,Ippolita,Ippolita,PRON,PRON,nsubj,nsubj,explicit_full,
528,224,one-to-one,dn_242,ikt_262,Ippolita,Ippolita,NULL,NULL,nsubj,nsubj,zero_zero_semantic,0.49873400278023033
529,224,one-to-one,dn_242,ikt_262,MISSING,Ippolita,MISSING,NULL,MISSING,nsubj,leftover_target,
530,225,many-to-one,dn_243 dn_244,ikt_263,Giorgio,MISSING,NULL,MISSING,nsubj,MISSING,leftover_source,
531,225,many-to-one,dn_243 dn_244,ikt_263,Ippolita,Ippolita,DET,PRON,nmod,obj,explicit_ref_only,
532,225,many-to-one,dn_243 dn_244,ikt_263,Ippolita,MISSING,DET,MISSING,nmod,MISSING,leftover_source,
533,226,one-to-many,dn_245,ikt_264 ikt_265,Giorgio,Giorgio,PRON,PRON,nsubj,nsubj,explicit_full,
534,226,one-to-many,dn_245,ikt_264 ikt_265,Giorgio,Giorgio,NULL,NULL,nsubj,nsubj,zero_zero_semantic,0.3535991662431622
535,226,one-to-many,dn_245,ikt_264 ikt_265,MISSING,Giorgio,MISSING,NULL,MISSING,nsubj,leftover_target,
536,227,one-to-one,dn_246,ikt_266,Giorgio,Giorgio,PRON,PRON,obj,nmod,explicit_ref_pos,
537,228,one-to-one,dn_247,ikt_267,MISSING,Giorgio,MISSING,PRON,MISSING,obj,leftover_target,
538,228,one-to-one,dn_247,ikt_267,MISSING,Giorgio,MISSING,PRON,MISSING,obj,leftover_target,
539,228,one-to-one,dn_247,ikt_267,MISSING,Ippolita,MISSING,PRON,MISSING,nsubj,leftover_target,
540,228,one-to-one,dn_247,ikt_267,MISSING,Ippolita,MISSING,PRON,MISSING,nsubj,leftover_target,
541,228,one-to-one,dn_247,ikt_267,MISSING,Ippolita,MISSING,NULL,MISSING,nsubj,leftover_target,
542,228,one-to-one,dn_247,ikt_267,MISSING,Ippolita,MISSING,NULL,MISSING,nsubj,leftover_target,
543,229,one-to-one,dn_248,ikt_268,Giorgio,Giorgio,PRON,PRON,nsubj,nmod,explicit_ref_pos,
544,229,one-to-one,dn_248,ikt_268,Ippolita,Ippolita,PROPN,PROPN,nsubj,nsubj,explicit_full,
545,229,one-to-one,dn_248,ikt_268,MISSING,Ippolita,MISSING,NULL,MISSING,nsubj,leftover_target,
546,229,one-to-one,dn_248,ikt_268,Ippolitas-brother-in-law,Ippolitas-brother-in-law,NOUN,NOUN,nmod,nmod,explicit_full,
547,229,one-to-one,dn_248,ikt_268,Ippolitas-brother-in-laws-friends,Ippolitas-brother-in-laws-friends,NOUN,NOUN,obj,obj,explicit_full,
548,229,one-to-one,dn_248,ikt_268,Ippolitas-brother-in-laws-friends,Ippolitas-brother-in-laws-friends,NOUN,NOUN,obj,obj,explicit_full,
549,229,one-to-one,dn_248,ikt_268,Ippolitas-brother-in-laws-friends,Ippolitas-brother-in-laws-friends,NOUN,PRON,obj,obj,explicit_ref_case,
550,230,one-to-one,dn_249,ikt_269,Ippolita,MISSING,DET,MISSING,nmod,MISSING,leftover_source,
551,231,one-to-one,dn_250,ikt_270,Giorgio,Giorgio,PRON,PROPN,obj,nsubj,explicit_ref_only,
552,232,one-to-one,dn_251,ikt_271,MISSING,Ippolita,MISSING,NULL,MISSING,nsubj,leftover_target,
553,233,many-to-one,dn_252 dn_253,ikt_272,Giorgio,Giorgio,PRON,PRON,nsubj,nsubj,explicit_full,
554,233,many-to-one,dn_252 dn_253,ikt_272,Ippolita Ippolitas-sister Ippolitas-brother-in-law,MISSING,PRON,MISSING,obj,MISSING,leftover_source,
555,233,many-to-one,dn_252 dn_253,ikt_272,Ippolita Ippolitas-sister Ippolitas-brother-in-law,MISSING,PRON,MISSING,obj,MISSING,leftover_source,
556,233,many-to-one,dn_252 dn_253,ikt_272,Ippolitas-brother-in-laws-friends,Ippolitas-brother-in-laws-friends,NOUN,NOUN,nsubj,nsubj,explicit_full,
557,233,many-to-one,dn_252 dn_253,ikt_272,Ippolitas-brother-in-laws-friends,Ippolitas-brother-in-laws-friends,NULL,NULL,nsubj,nsubj,zero_zero_single,
558,234,many-to-one,dn_254 dn_255 dn_256,ikt_273,Giorgio,Giorgio,PRON,PRON,obj,nsubj,explicit_ref_pos,
559,234,many-to-one,dn_254 dn_255 dn_256,ikt_273,Ippolita,Ippolita,PROPN,PROPN,nsubj,nsubj,explicit_full,
560,234,many-to-one,dn_254 dn_255 dn_256,ikt_273,Ippolita,Ippolita,NULL,NULL,nsubj,nsubj,zero_zero_semantic,0.37960974557131344
561,234,many-to-one,dn_254 dn_255 dn_256,ikt_273,Ippolita,Ippolita,NULL,NULL,nsubj,nsubj,zero_zero_semantic,0.2503060831480245
562,234,many-to-one,dn_254 dn_255 dn_256,ikt_273,Ippolita,Ippolita,NULL,NULL,nsubj,nsubj,zero_zero_semantic,0.3202487826991161
563,234,many-to-one,dn_254 dn_255 dn_256,ikt_273,Ippolita,Ippolita,NULL,NULL,nsubj,nsubj,zero_zero_semantic,0.7068584575262757
564,234,many-to-one,dn_254 dn_255 dn_256,ikt_273,Ippolita,MISSING,PRON,MISSING,nsubj,MISSING,leftover_source,
565,234,many-to-one,dn_254 dn_255 dn_256,ikt_273,Ippolita,MISSING,PRON-REFLEX,MISSING,obj,MISSING,leftover_source,
566,234,many-to-one,dn_254 dn_255 dn_256,ikt_273,Ippolitas-brother-in-laws-friends,Ippolitas-brother-in-laws-friends,PRON,NOUN,obj,obj,explicit_ref_case,
567,234,many-to-one,dn_254 dn_255 dn_256,ikt_273,Ippolitas-brother-in-laws-friends,MISSING,PRON,MISSING,obj,MISSING,leftover_source,
568,234,many-to-one,dn_254 dn_255 dn_256,ikt_273,Ippolitas-brother-in-laws-friends,MISSING,PRON,MISSING,obj,MISSING,leftover_source,
569,235,one-to-one,dn_257,ikt_274,Giorgio,Giorgio,PRON,PRON,obj,obj,explicit_full,
570,235,one-to-one,dn_257,ikt_274,Giorgio,Giorgio,DET,PRON,nmod,nmod,explicit_ref_case,
571,235,one-to-one,dn_257,ikt_274,Giorgio,Giorgio,PRON,PRON,obj,nmod,explicit_ref_pos,
572,235,one-to-one,dn_257,ikt_274,MISSING,Giorgio,MISSING,NULL,MISSING,nsubj,leftover_target,
573,235,one-to-one,dn_257,ikt_274,Ippolita,Ippolita,NOUN,NOUN,nsubj,nmod,explicit_ref_pos,
574,235,one-to-one,dn_257,ikt_274,Ippolita,Ippolita,PRON,NULL,nsubj,nsubj,zero_to_src_anchor,
575,235,one-to-one,dn_257,ikt_274,Ippolitas-brother-in-laws-friends,MISSING,NOUN,MISSING,obj,MISSING,leftover_source,
576,236,one-to-one,dn_258,ikt_275,Ippolita,Ippolita,PRON,PRON,nsubj,nsubj,explicit_full,
577,237,one-to-one,dn_259,ikt_276,Ippolita,Ippolita,NULL,NULL,nsubj,nsubj,zero_zero_single,
578,238,one-to-one,dn_260,ikt_277,Ippolita,Ippolita,NULL,NULL,nsubj,nsubj,zero_zero_single,
579,239,one-to-one,dn_261,ikt_278,Ippolita,Ippolita,PRON,NULL,nsubj,nsubj,zero_to_src_anchor,
580,239,one-to-one,dn_261,ikt_278,Ippolita,MISSING,PRON,MISSING,nsubj,MISSING,leftover_source,
581,239,one-to-one,dn_261,ikt_278,Ippolitas-brother-in-laws-friends,Ippolitas-brother-in-laws-friends,NOUN,NOUN,obj,obj,explicit_full,
582,241,one-to-one,dn_263,ikt_281,Giorgio,Giorgio,NOUN,PRON,nsubj,nsubj,explicit_ref_case,
583,241,one-to-one,dn_263,ikt_281,MISSING,Giorgio,MISSING,PRON,MISSING,nsubj,leftover_target,
584,241,one-to-one,dn_263,ikt_281,MISSING,Giorgio,MISSING,PRON,MISSING,obj,leftover_target,
585,241,one-to-one,dn_263,ikt_281,MISSING,Giorgio,MISSING,NULL,MISSING,nsubj,leftover_target,
586,242,one-to-many,dn_264,ikt_280 ikt_282,Giorgio,Giorgio,PRON,PRON,obj,nmod,explicit_ref_pos,
587,242,one-to-many,dn_264,ikt_280 ikt_282,Ippolita,Ippolita,PRON,PRON,obj,obj,explicit_full,
588,242,one-to-many,dn_264,ikt_280 ikt_282,Ippolitas-brother-in-laws-friends,MISSING,NULL,MISSING,nsubj,MISSING,leftover_source,
589,243,one-to-one,dn_265,ikt_283,Giorgio,MISSING,PRON,MISSING,nsubj,MISSING,leftover_source,
590,243,one-to-one,dn_265,ikt_283,Ippolita,Ippolita,PRON,PRON,obj,obj,explicit_full,
591,243,one-to-one,dn_265,ikt_283,Ippolita,MISSING,PRON,MISSING,obj,MISSING,leftover_source,
592,243,one-to-one,dn_265,ikt_283,Ippolitas-brother-in-laws-friends,Ippolitas-brother-in-laws-friends,NOUN,NOUN,nsubj,nsubj,explicit_full,
593,243,one-to-one,dn_265,ikt_283,MISSING,Ippolitas-brother-in-laws-friends,MISSING,NULL,MISSING,nsubj,leftover_target,
594,244,one-to-many,dn_266,ikt_284 ikt_285,Ippolita,Ippolita,PRON,PROPN,nsubj,nmod,explicit_ref_only,
595,244,one-to-many,dn_266,ikt_284 ikt_285,Ippolita,MISSING,NULL,MISSING,nsubj,MISSING,leftover_source,
596,245,one-to-one,dn_267,ikt_286,Ippolita,Ippolita,PRON,PRON,nsubj,obj,explicit_ref_pos,
597,245,one-to-one,dn_267,ikt_286,Ippolitas-brother-in-laws-friends,Ippolitas-brother-in-laws-friends,NOUN,NOUN,obj,nsubj,explicit_ref_pos,
598,249,one-to-one,dn_272,ikt_292,Giorgio,Giorgio,PRON,PRON,obj,obj,explicit_full,
599,249,one-to-one,dn_272,ikt_292,Ippolita,Ippolita,PRON,NOUN,obj,obj,explicit_ref_case,
600,250,one-to-one,dn_273,ikt_293,Giorgio,Giorgio,DET,PRON,nmod,nmod,explicit_ref_case,
601,251,one-to-one,dn_274,ikt_294,Giorgio,Giorgio,PRON,PRON,nsubj,nsubj,explicit_full,
602,251,one-to-one,dn_274,ikt_294,Giorgio,MISSING,DET,MISSING,nmod,MISSING,leftover_source,
603,251,one-to-one,dn_274,ikt_294,MISSING,Giorgio,MISSING,NULL,MISSING,nsubj,leftover_target,
604,252,one-to-one,dn_275,ikt_295,Giorgio,Giorgio,PRON,PRON,nsubj,nsubj,explicit_full,
605,252,one-to-one,dn_275,ikt_295,Giorgio,Giorgio,PRON,PRON,nsubj,obj,explicit_ref_pos,
606,252,one-to-one,dn_275,ikt_295,Giorgio,Giorgio,NULL,NULL,nsubj,nsubj,zero_zero_semantic,0.29594279559618825
607,252,one-to-one,dn_275,ikt_295,MISSING,Giorgio,MISSING,NULL,MISSING,nsubj,leftover_target,
608,252,one-to-one,dn_275,ikt_295,MISSING,Giorgio,MISSING,NULL,MISSING,nsubj,leftover_target,
609,252,one-to-one,dn_275,ikt_295,Ippolita,Ippolita,PROPN,PROPN,obj,obj,explicit_full,
610,253,one-to-many,dn_276,ikt_296 ikt_297,Giorgio,Giorgio,PRON,PRON,nsubj,nsubj,explicit_full,
611,253,one-to-many,dn_276,ikt_296 ikt_297,Giorgio,Giorgio,NULL,NULL,nsubj,nsubj,zero_zero_semantic,0.5931270731722608
612,253,one-to-many,dn_276,ikt_296 ikt_297,Giorgio,MISSING,NULL,MISSING,nsubj,MISSING,leftover_source,
613,253,one-to-many,dn_276,ikt_296 ikt_297,Ippolita,Ippolita,PRON,PRON,obj,obj,explicit_full,
614,253,one-to-many,dn_276,ikt_296 ikt_297,Ippolita,Ippolita,PRON,PRON,obj,nsubj,explicit_ref_pos,
615,254,one-to-many,dn_277,ikt_298 ikt_299,Giorgio,Giorgio,PRON,PRON,nsubj,nmod,explicit_ref_pos,
616,254,one-to-many,dn_277,ikt_298 ikt_299,Giorgio,Giorgio,PRON,PRON,obj,nmod,explicit_ref_pos,
617,254,one-to-many,dn_277,ikt_298 ikt_299,Giorgio,MISSING,NULL,MISSING,nsubj,MISSING,leftover_source,
618,255,one-to-one,dn_278,ikt_300,Giorgio,Giorgio,DET,PRON,nmod,nmod,explicit_ref_case,
619,255,one-to-one,dn_278,ikt_300,Giorgio,Giorgio,PRON,NULL,nsubj,nsubj,zero_to_src_anchor,
620,257,one-to-one,dn_280,ikt_302,MISSING,Giorgio,MISSING,PRON,MISSING,nsubj,leftover_target,
621,258,one-to-one,dn_281,ikt_303,Giorgio,MISSING,DET,MISSING,nmod,MISSING,leftover_source,
622,258,one-to-one,dn_281,ikt_303,MISSING,Giorgio,MISSING,NULL,MISSING,nsubj,leftover_target,
623,259,one-to-one,dn_282,ikt_304,Giorgio,Giorgio,PRON,NULL,nsubj,nsubj,zero_to_src_anchor,
624,259,one-to-one,dn_282,ikt_304,Giorgio,MISSING,DET,MISSING,nmod,MISSING,leftover_source,
625,259,one-to-one,dn_282,ikt_304,Giorgio,MISSING,DET,MISSING,nmod,MISSING,leftover_source,
626,259,one-to-one,dn_282,ikt_304,Ippolita,Ippolita,PROPN,PROPN,obj,obj,explicit_full,
627,260,one-to-one,dn_283,ikt_305,MISSING,Giorgio,MISSING,PRON,MISSING,nsubj,leftover_target,
628,260,one-to-one,dn_283,ikt_305,Ippolita,Ippolita,PRON,PROPN,nsubj,nsubj,explicit_ref_case,
629,261,one-to-many,dn_284,ikt_306 ikt_307,Giorgio,Giorgio,PRON,PRON,nsubj,nsubj,explicit_full,
630,261,one-to-many,dn_284,ikt_306 ikt_307,Giorgio,Giorgio,NULL,NULL,nsubj,nsubj,zero_zero_semantic,0.1937488340984675
631,261,one-to-many,dn_284,ikt_306 ikt_307,Giorgio,Giorgio,PRON,NULL,nsubj,nsubj,zero_to_src_anchor,
632,261,one-to-many,dn_284,ikt_306 ikt_307,Giorgio,MISSING,PRON,MISSING,nsubj,MISSING,leftover_source,
633,261,one-to-many,dn_284,ikt_306 ikt_307,Giorgio,MISSING,DET,MISSING,nmod,MISSING,leftover_source,
634,261,one-to-many,dn_284,ikt_306 ikt_307,Ippolita,Ippolita,PRON,PRON,obj,obj,explicit_full,
635,261,one-to-many,dn_284,ikt_306 ikt_307,Ippolita,Ippolita,PRON,PRON,obj,nmod,explicit_ref_pos,
636,261,one-to-many,dn_284,ikt_306 ikt_307,Ippolita,MISSING,NOUN,MISSING,obj,MISSING,leftover_source,
637,262,one-to-many,dn_285,ikt_308 ikt_309 ikt_310 ikt_311,Giorgio,Giorgio,PRON,PRON,nsubj,nsubj,explicit_full,
638,262,one-to-many,dn_285,ikt_308 ikt_309 ikt_310 ikt_311,Giorgio,MISSING,DET,MISSING,nmod,MISSING,leftover_source,
639,262,one-to-many,dn_285,ikt_308 ikt_309 ikt_310 ikt_311,MISSING,Giorgio,MISSING,NULL,MISSING,nsubj,leftover_target,
640,262,one-to-many,dn_285,ikt_308 ikt_309 ikt_310 ikt_311,Ippolita,MISSING,NOUN,MISSING,nmod,MISSING,leftover_source,
641,262,one-to-many,dn_285,ikt_308 ikt_309 ikt_310 ikt_311,MISSING,Ippolita,MISSING,NULL,MISSING,nsubj,leftover_target,
642,263,one-to-one,dn_286,ikt_312,Giorgio,MISSING,PRON,MISSING,obj,MISSING,leftover_source,
643,265,one-to-one,dn_288,ikt_314,MISSING,Giorgio,MISSING,PRON,MISSING,obj,leftover_target,
644,265,one-to-one,dn_288,ikt_314,Ippolita,Ippolita,PRON,PRON,nsubj,nsubj,explicit_full,
645,265,one-to-one,dn_288,ikt_314,Ippolita,Ippolita,NULL,NULL,nsubj,nsubj,zero_zero_single,
646,265,one-to-one,dn_288,ikt_314,Ippolita,MISSING,PRON,MISSING,nmod,MISSING,leftover_source,
647,265,one-to-one,dn_288,ikt_314,Ippolita,MISSING,DET,MISSING,nmod,MISSING,leftover_source,
648,266,one-to-one,dn_289,ikt_315,Giorgio,Giorgio,PRON,PRON,nsubj,nsubj,explicit_full,
649,266,one-to-one,dn_289,ikt_315,MISSING,Giorgio,MISSING,NULL,MISSING,nsubj,leftover_target,
650,266,one-to-one,dn_289,ikt_315,MISSING,Giorgio,MISSING,NULL,MISSING,nsubj,leftover_target,
651,267,one-to-one,dn_290,ikt_318,Giorgio,MISSING,PRON,MISSING,obj,MISSING,leftover_source,
652,267,one-to-one,dn_290,ikt_318,Ippolita,Ippolita,PROPN,PROPN,nsubj,nsubj,explicit_full,
653,268,one-to-one,dn_291,ikt_316,Giorgio,Giorgio,NULL,NULL,nsubj,nsubj,zero_zero_single,
654,269,one-to-one,dn_292,ikt_317,Giorgio,Giorgio,NULL,NULL,nsubj,nsubj,zero_zero_single,
655,270,one-to-one,dn_293,ikt_320,Giorgio,Giorgio,PRON,PRON,nsubj,nsubj,explicit_full,
656,271,one-to-one,dn_294,ikt_319,Ippolita,Ippolita,PRON,PRON,obj,nmod,explicit_ref_pos,
657,272,one-to-many,dn_295,ikt_321 ikt_322,MISSING,Giorgio,MISSING,NULL,MISSING,nsubj,leftover_target,
658,274,one-to-one,dn_297,ikt_324,Ippolita,Ippolita,PROPN,PRON,nsubj,nsubj,explicit_ref_case,
659,275,one-to-one,dn_299,ikt_325,Giorgio,MISSING,NULL,MISSING,nsubj,MISSING,leftover_source,
660,275,one-to-one,dn_299,ikt_325,Giorgio Ippolita,Giorgio Ippolita,NULL,NULL,nsubj,nsubj,zero_zero_single,
661,276,one-to-many,dn_301,ikt_326 ikt_327,Giorgio Ippolita,Giorgio Ippolita,NULL,NULL,nsubj,nsubj,zero_zero_single,
662,277,many-to-one,dn_302 dn_303,ikt_328,Giorgio Ippolita,Giorgio Ippolita,NULL,NULL,nsubj,nsubj,zero_zero_semantic,0.3750053204241253
663,277,many-to-one,dn_302 dn_303,ikt_328,Giorgio Ippolita,Giorgio Ippolita,NULL,NOUN,nsubj,nsubj,zero_to_tgt_anchor,
664,277,many-to-one,dn_302 dn_303,ikt_328,Giorgio Ippolita,MISSING,PRON-REFLEX,MISSING,obj,MISSING,leftover_source,
665,277,many-to-one,dn_302 dn_303,ikt_328,Giorgio Ippolita,MISSING,PRON-REFLEX,MISSING,obj,MISSING,leftover_source,
666,277,many-to-one,dn_302 dn_303,ikt_328,Giorgio Ippolita,MISSING,NULL,MISSING,nsubj,MISSING,leftover_source,
667,278,one-to-one,dn_304,ikt_330,Ippolita,Ippolita,PROPN,PROPN,nsubj,nsubj,explicit_full,
668,278,one-to-one,dn_304,ikt_330,MISSING,Ippolita,MISSING,NULL,MISSING,nsubj,leftover_target,
669,279,one-to-many,dn_305,ikt_329 ikt_331,Giorgio,Giorgio,NOUN,PRON,vocative,vocative,explicit_ref_case,
670,279,one-to-many,dn_305,ikt_329 ikt_331,Ippolita,MISSING,DET,MISSING,nmod,MISSING,leftover_source,
671,280,one-to-many,dn_306,ikt_332 ikt_333,Ippolita,Ippolita,NULL,NULL,nsubj,nsubj,zero_zero_single,
672,280,one-to-many,dn_306,ikt_332 ikt_333,Ippolita,MISSING,PRON-REFLEX,MISSING,obj,MISSING,leftover_source,
673,280,one-to-many,dn_306,ikt_332 ikt_333,MISSING,Ippolita,MISSING,PRON,MISSING,nsubj,leftover_target,
674,284,one-to-one,dn_310,ikt_337,Giorgio,Giorgio,NULL,PRON,nsubj,nsubj,zero_to_tgt_anchor,
675,285,one-to-one,dn_311,ikt_339,Ippolita,Ippolita,PRON,PRON,nsubj,nsubj,explicit_full,
676,286,one-to-one,dn_312,ikt_338,Giorgio,Giorgio,NULL,NULL,nsubj,nsubj,zero_zero_single,
677,287,one-to-one,dn_313,ikt_341,Giorgio,Giorgio,PRON,PRON,nsubj,nsubj,explicit_full,
678,288,one-to-one,dn_314,ikt_340,Giorgio,MISSING,PRON,MISSING,nsubj,MISSING,leftover_source,
679,288,one-to-one,dn_314,ikt_340,Giorgio,MISSING,NULL,MISSING,nsubj,MISSING,leftover_source,
680,289,one-to-many,dn_315,ikt_342 ikt_343,Giorgio,MISSING,PRON,MISSING,obj,MISSING,leftover_source,
681,289,one-to-many,dn_315,ikt_342 ikt_343,Giorgio Ippolita,Giorgio Ippolita,PRON,NOUN,obj,nsubj,explicit_ref_only,
682,289,one-to-many,dn_315,ikt_342 ikt_343,Giorgio Ippolita,Giorgio Ippolita,NULL,NULL,nsubj,nsubj,zero_zero_semantic,0.5460644804728709
683,289,one-to-many,dn_315,ikt_342 ikt_343,Giorgio Ippolita,Giorgio Ippolita,NULL,NULL,nsubj,nsubj,zero_zero_semantic,0.30011344705655324
684,289,one-to-many,dn_315,ikt_342 ikt_343,MISSING,Giorgio Ippolita,MISSING,NULL,MISSING,nsubj,leftover_target,
685,289,one-to-many,dn_315,ikt_342 ikt_343,MISSING,Giorgio Ippolita,MISSING,NULL,MISSING,nsubj,leftover_target,
686,289,one-to-many,dn_315,ikt_342 ikt_343,Ippolita,MISSING,PRON,MISSING,obj,MISSING,leftover_source,
687,290,one-to-one,dn_316,ikt_344,Giorgio Ippolita,Giorgio Ippolita,DET,PRON,nmod,nmod,explicit_ref_case,
688,290,one-to-one,dn_316,ikt_344,Giorgio Ippolita,Giorgio Ippolita,PRON,NULL,nsubj,nsubj,zero_to_src_anchor,
689,291,one-to-one,dn_317,ikt_345,Giorgio,MISSING,PRON,MISSING,nsubj,MISSING,leftover_source,
690,291,one-to-one,dn_317,ikt_345,Giorgio,MISSING,PRON,MISSING,obj,MISSING,leftover_source,
691,291,one-to-one,dn_317,ikt_345,Ippolita,Ippolita,NULL,NULL,nsubj,nsubj,zero_zero_single,
692,292,one-to-one,dn_318,ikt_346,Ippolita,Ippolita,PROPN,PROPN,nsubj,nsubj,explicit_full,
693,293,one-to-many,dn_319,ikt_347 ikt_349,Giorgio,Giorgio,NOUN,NOUN,nsubj,nsubj,explicit_full,
694,293,one-to-many,dn_319,ikt_347 ikt_349,Giorgio,MISSING,PRON-REFLEX,MISSING,obj,MISSING,leftover_source,
695,293,one-to-many,dn_319,ikt_347 ikt_349,Giorgio,MISSING,PRON-REFLEX,MISSING,obj,MISSING,leftover_source,
696,293,one-to-many,dn_319,ikt_347 ikt_349,MISSING,Giorgio,MISSING,NULL,MISSING,nsubj,leftover_target,
697,293,one-to-many,dn_319,ikt_347 ikt_349,MISSING,Giorgio,MISSING,NULL,MISSING,nsubj,leftover_target,
698,293,one-to-many,dn_319,ikt_347 ikt_349,MISSING,Giorgio,MISSING,NULL,MISSING,nsubj,leftover_target,
699,293,one-to-many,dn_319,ikt_347 ikt_349,MISSING,Giorgio,MISSING,NULL,MISSING,nsubj,leftover_target,
700,295,one-to-one,dn_321,ikt_350,Giorgio,Giorgio,PRON,PRON,obj,nmod,explicit_ref_pos,
701,296,one-to-one,dn_322,ikt_351,Giorgio,Giorgio,PRON,PRON,nsubj,nsubj,explicit_full,
702,296,one-to-one,dn_322,ikt_351,Giorgio,Giorgio,NULL,PRON,nsubj,nsubj,zero_to_tgt_anchor,
703,296,one-to-one,dn_322,ikt_351,Giorgio,MISSING,NULL,MISSING,nsubj,MISSING,leftover_source,
704,296,one-to-one,dn_322,ikt_351,Ippolita,Ippolita,PRON,NOUN,obj,obj,explicit_ref_case,
705,297,one-to-one,dn_323,ikt_352,Giorgio,Giorgio,NULL,NULL,nsubj,nsubj,zero_zero_semantic,0.6198487725955267
706,297,one-to-one,dn_323,ikt_352,Giorgio,Giorgio,PRON,NULL,nsubj,nsubj,zero_to_src_anchor,
707,297,one-to-one,dn_323,ikt_352,MISSING,Giorgio,MISSING,NULL,MISSING,nsubj,leftover_target,
708,298,one-to-one,dn_324,ikt_353,Giorgio,Giorgio,PRON,PRON,obj,nsubj,explicit_ref_pos,
709,298,one-to-one,dn_324,ikt_353,Giorgio,MISSING,NULL,MISSING,nsubj,MISSING,leftover_source,
710,299,one-to-one,dn_325,ikt_354,Giorgio,Giorgio,NULL,NULL,nsubj,nsubj,zero_zero_semantic,0.5363054451398835
711,299,one-to-one,dn_325,ikt_354,Giorgio,Giorgio,PRON,NULL,nsubj,nsubj,zero_to_src_anchor,
712,299,one-to-one,dn_325,ikt_354,Ippolita,Ippolita,PRON,NOUN,obj,nsubj,explicit_ref_only,
713,300,one-to-one,dn_326,ikt_355,Giorgio,Giorgio,PRON,PRON,obj,nsubj,explicit_ref_pos,
714,300,one-to-one,dn_326,ikt_355,Giorgio,Giorgio,NULL,NULL,nsubj,nsubj,zero_zero_semantic,0.45551633558103016
715,300,one-to-one,dn_326,ikt_355,MISSING,Giorgio,MISSING,PRON,MISSING,nmod,leftover_target,
716,300,one-to-one,dn_326,ikt_355,MISSING,Giorgio,MISSING,NULL,MISSING,nsubj,leftover_target,
717,301,one-to-one,dn_327,ikt_356,Giorgio,Giorgio,PRON,PRON,obj,nmod,explicit_ref_pos,
718,302,one-to-one,dn_328,ikt_357,Giorgio,Giorgio,PROPN,PROPN,vocative,vocative,explicit_full,
719,303,one-to-one,dn_329,ikt_358,Giorgio,Giorgio,PRON,PRON,obj,nmod,explicit_ref_pos,
720,303,one-to-one,dn_329,ikt_358,Ippolita,Ippolita,PROPN,PROPN,nsubj,nsubj,explicit_full,
721,303,one-to-one,dn_329,ikt_358,MISSING,Ippolita,MISSING,NULL,MISSING,nsubj,leftover_target,
722,304,one-to-one,dn_330 dn_331,ikt_359 ikt_361,Giorgio,Giorgio,PRON,PRON,nsubj,nsubj,explicit_full,
723,304,one-to-one,dn_330 dn_331,ikt_359 ikt_361,Giorgio,Giorgio,NULL,NULL,nsubj,nsubj,zero_zero_semantic,0.6338768427374915
724,304,one-to-one,dn_330 dn_331,ikt_359 ikt_361,Giorgio,Giorgio,NULL,NULL,nsubj,nsubj,zero_zero_semantic,0.6700762786778617
725,304,one-to-one,dn_330 dn_331,ikt_359 ikt_361,MISSING,Giorgio,MISSING,PRON,MISSING,nsubj,leftover_target,
726,304,one-to-one,dn_330 dn_331,ikt_359 ikt_361,Giorgio Ippolita,MISSING,PRON-REFLEX,MISSING,obj,MISSING,leftover_source,
727,304,one-to-one,dn_330 dn_331,ikt_359 ikt_361,Giorgio Ippolita,MISSING,NULL,MISSING,nsubj,MISSING,leftover_source,
728,304,one-to-one,dn_330 dn_331,ikt_359 ikt_361,suicidal-man,suicidal-man,NOUN,NOUN,nmod,nmod,explicit_full,
729,305,one-to-one,dn_332,ikt_360,Ippolita,Ippolita,NULL,NULL,nsubj,nsubj,zero_zero_single,
730,306,one-to-one,dn_333,ikt_363,Giorgio,Giorgio,PRON,PRON,obj,nmod,explicit_ref_pos,
731,306,one-to-one,dn_333,ikt_363,Ippolita,Ippolita,PRON,PRON,nsubj,nsubj,explicit_full,
732,306,one-to-one,dn_333,ikt_363,MISSING,Ippolita,MISSING,NULL,MISSING,nsubj,leftover_target,
733,308,one-to-one,dn_335,ikt_364,Giorgio,Giorgio,PRON,PRON,nsubj,nsubj,explicit_full,
734,308,one-to-one,dn_335,ikt_364,Giorgio,Giorgio,NULL,NULL,nsubj,nsubj,zero_zero_semantic,0.5395395057896774
735,308,one-to-one,dn_335,ikt_364,Giorgio,MISSING,PRON-REFLEX,MISSING,obj,MISSING,leftover_source,
736,308,one-to-one,dn_335,ikt_364,Giorgio,MISSING,PRON-REFLEX,MISSING,obj,MISSING,leftover_source,
737,308,one-to-one,dn_335,ikt_364,Giorgio,MISSING,PRON-REFLEX,MISSING,obj,MISSING,leftover_source,
738,308,one-to-one,dn_335,ikt_364,Giorgio,MISSING,NULL,MISSING,nsubj,MISSING,leftover_source,
739,308,one-to-one,dn_335,ikt_364,Ippolita,Ippolita,PRON,DET,obj,nmod,explicit_ref_only,
740,309,one-to-many,dn_336,ikt_365 ikt_366,Giorgio,MISSING,PRON,MISSING,nsubj,MISSING,leftover_source,
741,309,one-to-many,dn_336,ikt_365 ikt_366,Giorgio,MISSING,NULL,MISSING,nsubj,MISSING,leftover_source,
742,310,many-to-one,dn_337 dn_338,ikt_367,MISSING,Giorgio,MISSING,PRON,MISSING,nmod,leftover_target,
743,310,many-to-one,dn_337 dn_338,ikt_367,suicidal-man,suicidal-man,NOUN,NOUN,nmod,nmod,explicit_full,
744,310,many-to-one,dn_337 dn_338,ikt_367,suicidal-man,suicidal-man,NOUN,NOUN,obj,nmod,explicit_ref_pos,
745,311,one-to-one,dn_339,ikt_368,suicidal-man,suicidal-man,PRON,PRON,nsubj,nsubj,explicit_full,
746,312,one-to-one,dn_340,ikt_369,suicidal-man,suicidal-man,NULL,NULL,nsubj,nsubj,zero_zero_single,
747,312,one-to-one,dn_340,ikt_369,suicidal-man,MISSING,PRON-REFLEX,MISSING,obj,MISSING,leftover_source,
748,313,one-to-one,dn_341,ikt_370,Giorgio,Giorgio,PRON,PROPN,obj,nsubj,explicit_ref_only,
749,313,one-to-one,dn_341,ikt_370,Giorgio,MISSING,NULL,MISSING,nsubj,MISSING,leftover_source,
750,313,one-to-one,dn_341,ikt_370,MISSING,Giorgio,MISSING,NOUN,MISSING,nmod,leftover_target,
751,314,one-to-one,dn_342,ikt_371,Giorgio,MISSING,PRON,MISSING,obj,MISSING,leftover_source,
752,315,one-to-many,dn_343,ikt_372 ikt_373,Demetrio,Demetrio,PROPN,PROPN,obj,obj,explicit_full,
753,315,one-to-many,dn_343,ikt_372 ikt_373,MISSING,Demetrio,MISSING,NOUN,MISSING,obj,leftover_target,
754,315,one-to-many,dn_343,ikt_372 ikt_373,MISSING,Demetrio,MISSING,NOUN,MISSING,nsubj,leftover_target,
755,315,one-to-many,dn_343,ikt_372 ikt_373,Giorgio,Giorgio,DET,PRON,nmod,nsubj,explicit_ref_only,
756,315,one-to-many,dn_343,ikt_372 ikt_373,Giorgio,MISSING,NULL,MISSING,nsubj,MISSING,leftover_source,
757,315,one-to-many,dn_343,ikt_372 ikt_373,Giorgio,MISSING,DET,MISSING,nmod,MISSING,leftover_source,
758,315,one-to-many,dn_343,ikt_372 ikt_373,Giorgios-father,Giorgios-father,NOUN,NOUN,nmod,nmod,explicit_full,
759,317,one-to-one,dn_345,ikt_377,Giorgio,Giorgio,PRON,PRON,nsubj,nsubj,explicit_full,
760,317,one-to-one,dn_345,ikt_377,Giorgio,MISSING,PRON-REFLEX,MISSING,obj,MISSING,leftover_source,
761,320,one-to-one,dn_348,ikt_380,Giorgio,Giorgio,NULL,NULL,nsubj,nsubj,zero_zero_semantic,0.4485945659024375
762,320,one-to-one,dn_348,ikt_380,Giorgio,Giorgio,NULL,PRON,nsubj,nsubj,zero_to_tgt_anchor,
763,321,one-to-one,dn_349,ikt_381,Giorgio,MISSING,NULL,MISSING,nsubj,MISSING,leftover_source,
764,321,one-to-one,dn_349,ikt_381,MISSING,Giorgio,MISSING,PRON,MISSING,nmod,leftover_target,
765,322,one-to-one,dn_350,ikt_382,Giorgio,MISSING,PRON,MISSING,obj,MISSING,leftover_source,
766,322,one-to-one,dn_350,ikt_382,MISSING,Giorgio,MISSING,NULL,MISSING,nsubj,leftover_target,
767,323,one-to-one,dn_351,ikt_383,MISSING,Giorgio,MISSING,NULL,MISSING,nsubj,leftover_target,
768,323,one-to-one,dn_351,ikt_383,MISSING,Giorgio,MISSING,NULL,MISSING,nsubj,leftover_target,
769,323,one-to-one,dn_351,ikt_383,MISSING,Giorgio,MISSING,NULL,MISSING,nsubj,leftover_target,
770,324,one-to-one,dn_352,ikt_384,Giorgio,MISSING,PRON,MISSING,obj,MISSING,leftover_source,
771,325,one-to-many,dn_353,ikt_385 ikt_386,Giorgio,Giorgio,PRON,PRON,obj,obj,explicit_full,
772,325,one-to-many,dn_353,ikt_385 ikt_386,Giorgio,Giorgio,PRON,PRON,obj,nmod,explicit_ref_pos,
773,325,one-to-many,dn_353,ikt_385 ikt_386,Giorgio,Giorgio,NULL,PRON,nsubj,nsubj,zero_to_tgt_anchor,
774,325,one-to-many,dn_353,ikt_385 ikt_386,Giorgio,MISSING,PRON-REFLEX,MISSING,obj,MISSING,leftover_source,
775,325,one-to-many,dn_353,ikt_385 ikt_386,Giorgio,MISSING,NULL,MISSING,nsubj,MISSING,leftover_source,
776,325,one-to-many,dn_353,ikt_385 ikt_386,Ippolita,Ippolita,PROPN,PROPN,nmod,nmod,explicit_full,
777,325,one-to-many,dn_353,ikt_385 ikt_386,MISSING,Ippolita,MISSING,DET,MISSING,nmod,leftover_target,
778,326,one-to-one,dn_354,ikt_387,Giorgio,Giorgio,DET,PRON,nmod,nmod,explicit_ref_case,
779,326,one-to-one,dn_354,ikt_387,Giorgio,Giorgio,NULL,NULL,nsubj,nsubj,zero_zero_semantic,0.3647451923007057
780,326,one-to-one,dn_354,ikt_387,Giorgio,Giorgio,NULL,NULL,nsubj,nsubj,zero_zero_semantic,0.34434088851724354
781,326,one-to-one,dn_354,ikt_387,Giorgio,MISSING,PRON-REFLEX,MISSING,obj,MISSING,leftover_source,
782,326,one-to-one,dn_354,ikt_387,Giorgio,MISSING,PRON,MISSING,obj,MISSING,leftover_source,
783,326,one-to-one,dn_354,ikt_387,Ippolita,Ippolita,PRON,PRON,obj,obj,explicit_full,
784,326,one-to-one,dn_354,ikt_387,Ippolita,Ippolita,PRON,PRON,nmod,nmod,explicit_full,
785,326,one-to-one,dn_354,ikt_387,MISSING,Ippolita,MISSING,PRON,MISSING,obj,leftover_target,
786,327,one-to-one,dn_355,ikt_388,Giorgio,MISSING,PRON,MISSING,obj,MISSING,leftover_source,
787,327,one-to-one,dn_355,ikt_388,Ippolita,Ippolita,PRON,PRON,nsubj,nsubj,explicit_full,
788,327,one-to-one,dn_355,ikt_388,Ippolita,MISSING,PRON-REFLEX,MISSING,obj,MISSING,leftover_source,
789,327,one-to-one,dn_355,ikt_388,MISSING,Ippolita,MISSING,PRON,MISSING,nmod,leftover_target,
790,328,one-to-one,dn_357,ikt_389,guardians,MISSING,NULL,MISSING,nsubj,MISSING,leftover_source,
791,329,one-to-one,dn_358,ikt_390,guardians,MISSING,NULL,MISSING,nsubj,MISSING,leftover_source,
792,330,one-to-one,dn_359,ikt_391,guardians,guardians,NOUN,NOUN,nmod,nmod,explicit_full,
793,331,one-to-one,dn_360,ikt_392,guardians,MISSING,NULL,MISSING,nsubj,MISSING,leftover_source,
794,332,one-to-many,dn_361,ikt_393 ikt_394,Giorgio Ippolita,Giorgio Ippolita,NOUN,NOUN,obj,obj,explicit_full,
795,332,one-to-many,dn_361,ikt_393 ikt_394,MISSING,Giorgio Ippolita,MISSING,PRON,MISSING,obj,leftover_target,
796,332,one-to-many,dn_361,ikt_393 ikt_394,MISSING,Giorgio Ippolita,MISSING,NOUN,MISSING,obj,leftover_target,
797,332,one-to-many,dn_361,ikt_393 ikt_394,guardians,guardians,NOUN,DET,obj,nmod,explicit_ref_only,
798,333,one-to-one,dn_362,ikt_395,Giorgio Ippolita,Giorgio Ippolita,NOUN,PRON,nsubj,nsubj,explicit_ref_case,
799,333,one-to-one,dn_362,ikt_395,Giorgio Ippolita,MISSING,NULL,MISSING,nsubj,MISSING,leftover_source,
800,333,one-to-one,dn_362,ikt_395,Giorgio Ippolita,MISSING,PRON-REFLEX,MISSING,obj,MISSING,leftover_source,
801,333,one-to-one,dn_362,ikt_395,Giorgio Ippolita,MISSING,NULL,MISSING,nsubj,MISSING,leftover_source,
802,333,one-to-one,dn_362,ikt_395,MISSING,guardians,MISSING,DET,MISSING,nmod,leftover_target,
803,334,one-to-many,dn_363,ikt_396 ikt_398,MISSING,guardians,MISSING,DET,MISSING,nmod,leftover_target,
804,334,one-to-many,dn_363,ikt_396 ikt_398,MISSING,guardians,MISSING,NULL,MISSING,nsubj,leftover_target,
805,335,one-to-one,dn_364,ikt_397,guardians,MISSING,NULL,MISSING,nsubj,MISSING,leftover_source,
806,337,one-to-one,dn_366,ikt_400,Ippolita,Ippolita,PROPN,PROPN,nsubj,nsubj,explicit_full,
807,337,one-to-one,dn_366,ikt_400,MISSING,Ippolita,MISSING,NULL,MISSING,nsubj,leftover_target,
808,341,one-to-one,dn_371,ikt_404,Giorgio,MISSING,PRON,MISSING,obj,MISSING,leftover_source,
809,341,one-to-one,dn_371,ikt_404,Ippolita,Ippolita,PRON,NULL,nsubj,nsubj,zero_to_src_anchor,
810,342,one-to-one,dn_372,ikt_405,Giorgio,Giorgio,PROPN,PROPN,nsubj,nsubj,explicit_full,
811,343,one-to-one,dn_373,ikt_406,Ippolita,Ippolita,NULL,NULL,nsubj,nsubj,zero_zero_single,
812,344,one-to-one,dn_374,ikt_407,Ippolita,MISSING,NULL,MISSING,nsubj,MISSING,leftover_source,
813,345,one-to-one,dn_375,ikt_408,Ippolita,MISSING,NULL,MISSING,nsubj,MISSING,leftover_source,
814,346,one-to-one,dn_376,ikt_409,Giorgio,Giorgio,PRON,NULL,nsubj,nsubj,zero_to_src_anchor,
815,346,one-to-one,dn_376,ikt_409,Ippolita,Ippolita,PRON,NULL,nsubj,nsubj,zero_to_src_anchor,
816,347,one-to-one,dn_377,ikt_410,Ippolita,Ippolita,NULL,NULL,nsubj,nsubj,zero_zero_single,
817,348,one-to-one,dn_378,ikt_411,Giorgio Ippolita,Giorgio Ippolita,NULL,NULL,nsubj,nsubj,zero_zero_semantic,0.2855650407720509
818,348,one-to-one,dn_378,ikt_411,Giorgio Ippolita,Giorgio Ippolita,NULL,NOUN,nsubj,nsubj,zero_to_tgt_anchor,
819,348,one-to-one,dn_378,ikt_411,Giorgio Ippolita,Giorgio Ippolita,PRON-REFLEX,NOUN,obj,obj,reflex_obj,
820,348,one-to-one,dn_378,ikt_411,Giorgio Ippolita,MISSING,PRON-REFLEX,MISSING,obj,MISSING,leftover_source,
821,348,one-to-one,dn_378,ikt_411,MISSING,Giorgio Ippolita,MISSING,NOUN,MISSING,nmod,leftover_target,
822,349,one-to-one,dn_379,ikt_413,Giorgio,Giorgio,PRON,PROPN,nsubj,nsubj,explicit_ref_case,
823,349,one-to-one,dn_379,ikt_413,MISSING,Giorgio,MISSING,NULL,MISSING,nsubj,leftover_target,
824,350,one-to-one,dn_380,ikt_412,Giorgio,MISSING,PRON,MISSING,obj,MISSING,leftover_source,
825,350,one-to-one,dn_380,ikt_412,Ippolita,Ippolita,NULL,PRON,nsubj,nsubj,zero_to_tgt_anchor,
826,351,one-to-many,dn_381,ikt_414 ikt_415,Giorgio Ippolita,Giorgio Ippolita,PRON,NOUN,obj,nsubj,explicit_ref_only,
827,351,one-to-many,dn_381,ikt_414 ikt_415,Giorgio Ippolita,MISSING,NULL,MISSING,nsubj,MISSING,leftover_source,
828,352,one-to-one,dn_382,ikt_417,Giorgio,Giorgio,PRON,PRON,nsubj,nsubj,explicit_full,
829,353,one-to-one,dn_383,ikt_416,MISSING,Ippolita,MISSING,NOUN,MISSING,vocative,leftover_target,
830,354,one-to-one,dn_384,ikt_419,Ippolita,Ippolita,PRON,PRON,nsubj,nsubj,explicit_full,
831,356,many-to-one,dn_386 dn_387,ikt_420,Giorgio,Giorgio,NULL,NULL,nsubj,nsubj,zero_zero_single,
832,356,many-to-one,dn_386 dn_387,ikt_420,Ippolita,Ippolita,PRON,PRON,obj,nsubj,explicit_ref_pos,
833,356,many-to-one,dn_386 dn_387,ikt_420,MISSING,Ippolita,MISSING,PRON,MISSING,nmod,leftover_target,
834,357,many-to-one,dn_388 dn_389,ikt_421,Giorgio Ippolita,Giorgio Ippolita,NULL,NOUN,nsubj,nsubj,zero_to_tgt_anchor,
835,357,many-to-one,dn_388 dn_389,ikt_421,Giorgio Ippolita,MISSING,PRON-REFLEX,MISSING,obj,MISSING,leftover_source,
836,357,many-to-one,dn_388 dn_389,ikt_421,Giorgio Ippolita,MISSING,NULL,MISSING,nsubj,MISSING,leftover_source,
837,358,one-to-one,dn_390,ikt_422,Ippolita,Ippolita,PRON,PROPN,nsubj,nsubj,explicit_ref_case,
838,359,one-to-one,dn_391,ikt_423,Giorgio,Giorgio,PRON,PRON,nsubj,nsubj,explicit_full,
839,359,one-to-one,dn_391,ikt_423,Ippolita,Ippolita,PRON,PRON,obj,nmod,explicit_ref_pos,
840,359,one-to-one,dn_391,ikt_423,Ippolita,MISSING,PRON-REFLEX,MISSING,obj,MISSING,leftover_source,
841,360,one-to-one,dn_392 dn_393,ikt_424 ikt_425,Giorgio,Giorgio,PRON,PRON,obj,obj,explicit_full,
842,360,one-to-one,dn_392 dn_393,ikt_424 ikt_425,Giorgio,Giorgio,PRON,PRON,obj,nmod,explicit_ref_pos,
843,360,one-to-one,dn_392 dn_393,ikt_424 ikt_425,Giorgio,MISSING,NULL,MISSING,nsubj,MISSING,leftover_source,
844,360,one-to-one,dn_392 dn_393,ikt_424 ikt_425,MISSING,Giorgio,MISSING,PRON,MISSING,nmod,leftover_target,
845,360,one-to-one,dn_392 dn_393,ikt_424 ikt_425,Ippolita,Ippolita,PRON,PRON,nsubj,nsubj,explicit_full,
846,360,one-to-one,dn_392 dn_393,ikt_424 ikt_425,Ippolita,Ippolita,NOUN,NOUN,pred,pred,explicit_full,
847,360,one-to-one,dn_392 dn_393,ikt_424 ikt_425,Ippolita,Ippolita,PRON,PRON,obj,nsubj,explicit_ref_pos,
848,360,one-to-one,dn_392 dn_393,ikt_424 ikt_425,Ippolita,MISSING,NULL,MISSING,nsubj,MISSING,leftover_source,
849,360,one-to-one,dn_392 dn_393,ikt_424 ikt_425,Ippolita,MISSING,NULL,MISSING,nsubj,MISSING,leftover_source,
850,360,one-to-one,dn_392 dn_393,ikt_424 ikt_425,Ippolita,MISSING,PRON-REFLEX,MISSING,obj,MISSING,leftover_source,
851,360,one-to-one,dn_392 dn_393,ikt_424 ikt_425,Ippolita,MISSING,NULL,MISSING,nsubj,MISSING,leftover_source,
852,360,one-to-one,dn_392 dn_393,ikt_424 ikt_425,Ippolita,MISSING,NULL,MISSING,nsubj,MISSING,leftover_source,
853,360,one-to-one,dn_392 dn_393,ikt_424 ikt_425,Ippolita,MISSING,NOUN,MISSING,pred,MISSING,leftover_source,
854,361,one-to-one,dn_394,ikt_426,Giorgio,Giorgio,PRON,PRON,nsubj,nsubj,explicit_full,
855,361,one-to-one,dn_394,ikt_426,Ippolita,Ippolita,PRON,PRON,obj,obj,explicit_full,
856,362,one-to-one,dn_395,ikt_427,Ippolita,Ippolita,PRON,PRON,obj,obj,explicit_full,
857,362,one-to-one,dn_395,ikt_427,Ippolita,MISSING,PRON,MISSING,obj,MISSING,leftover_source,
858,362,one-to-one,dn_395,ikt_427,Ippolita,MISSING,PRON,MISSING,obj,MISSING,leftover_source,
859,363,many-to-one,dn_396 dn_397,ikt_428,Giorgio,Giorgio,PRON,PRON,obj,nmod,explicit_ref_pos,
860,363,many-to-one,dn_396 dn_397,ikt_428,Giorgio,MISSING,PRON,MISSING,obj,MISSING,leftover_source,
861,364,one-to-one,dn_398,ikt_429,Giorgio Ippolita,Giorgio Ippolita,PRON,PRON,nsubj,nsubj,explicit_full,
862,364,one-to-one,dn_398,ikt_429,Giorgio Ippolita,Giorgio Ippolita,PRON,PRON,obj,obj,explicit_full,
863,364,one-to-one,dn_398,ikt_429,Giorgio Ippolita,Giorgio Ippolita,DET,PRON,nmod,nmod,explicit_ref_case,
864,364,one-to-one,dn_398,ikt_429,Giorgio Ippolita,Giorgio Ippolita,DET,PRON,nmod,nsubj,explicit_ref_only,
865,365,one-to-one,dn_399,ikt_430,Giorgio,Giorgio,PRON,PROPN,obj,obj,explicit_ref_case,
866,365,one-to-one,dn_399,ikt_430,Giorgio,Giorgio,PROPN,NULL,nsubj,nsubj,zero_to_src_anchor,
867,365,one-to-one,dn_399,ikt_430,butler,butler,NOUN,NOUN,nsubj,nsubj,explicit_full,
868,366,one-to-one,dn_400,ikt_432,Giorgio,Giorgio,PRON,PRON,nsubj,nsubj,explicit_full,
869,366,one-to-one,dn_400,ikt_432,Giorgio,MISSING,PRON-REFLEX,MISSING,obj,MISSING,leftover_source,
870,366,one-to-one,dn_400,ikt_432,MISSING,Giorgio,MISSING,NULL,MISSING,nsubj,leftover_target,
871,367,one-to-one,dn_401,ikt_431,Giorgio,Giorgio,NULL,NULL,nsubj,nsubj,zero_zero_single,
872,368,one-to-one,dn_402,ikt_433,Giorgio,MISSING,PRON,MISSING,obj,MISSING,leftover_source,
873,368,one-to-one,dn_402,ikt_433,butler,butler,NULL,NULL,nsubj,nsubj,zero_zero_single,
874,369,one-to-one,dn_403,ikt_434,AlfonsoExili,AlfonsoExili,NOUN,NOUN,nmod,nmod,explicit_full,
875,369,one-to-one,dn_403,ikt_434,Giorgio,MISSING,NULL,MISSING,nsubj,MISSING,leftover_source,
876,370,many-to-one,dn_404 dn_405,ikt_435,AlfonsoExili,AlfonsoExili,NULL,NULL,nsubj,nsubj,zero_zero_semantic,0.4485163987447054
877,370,many-to-one,dn_404 dn_405,ikt_435,AlfonsoExili,AlfonsoExili,NULL,NULL,nsubj,nsubj,zero_zero_semantic,0.3245853612959246
878,370,many-to-one,dn_404 dn_405,ikt_435,Giorgio,MISSING,NULL,MISSING,nsubj,MISSING,leftover_source,
879,370,many-to-one,dn_404 dn_405,ikt_435,Giorgio,MISSING,PROPN,MISSING,vocative,MISSING,leftover_source,
880,370,many-to-one,dn_404 dn_405,ikt_435,Giorgio,MISSING,PRON,MISSING,obj,MISSING,leftover_source,
881,371,one-to-one,dn_406,ikt_436,AlfonsoExili,AlfonsoExili,PROPN,PROPN,nmod,nmod,explicit_full,
882,371,one-to-one,dn_406,ikt_436,Giorgio,Giorgio,DET,PRON,nmod,nsubj,explicit_ref_only,
883,371,one-to-one,dn_406,ikt_436,Giorgio,Giorgio,NULL,NULL,nsubj,nsubj,zero_zero_single,
884,372,one-to-one,dn_407,ikt_437,AlfonsoExili,AlfonsoExili,PROPN,PROPN,nsubj,nsubj,explicit_full,
885,372,one-to-one,dn_407,ikt_437,AlfonsoExili,AlfonsoExili,NOUN,NOUN,pred,pred,explicit_full,
886,372,one-to-one,dn_407,ikt_437,AlfonsoExili,MISSING,NOUN,MISSING,pred,MISSING,leftover_source,
887,372,one-to-one,dn_407,ikt_437,AlfonsoExili,MISSING,PRON-REFLEX,MISSING,obj,MISSING,leftover_source,
888,372,one-to-one,dn_407,ikt_437,AlfonsoExili,MISSING,NOUN,MISSING,pred,MISSING,leftover_source,
889,372,one-to-one,dn_407,ikt_437,MISSING,AlfonsoExili,MISSING,NULL,MISSING,nsubj,leftover_target,
890,372,one-to-one,dn_407,ikt_437,MISSING,AlfonsoExili,MISSING,NULL,MISSING,nsubj,leftover_target,
891,372,one-to-one,dn_407,ikt_437,Giorgio,Giorgio,DET,PRON,nmod,nmod,explicit_ref_case,
892,373,one-to-many,dn_408,ikt_438 ikt_439,AlfonsoExili,AlfonsoExili,DET,DET,nmod,nmod,explicit_full,
893,373,one-to-many,dn_408,ikt_438 ikt_439,AlfonsoExili,MISSING,PRON,MISSING,nsubj,MISSING,leftover_source,
894,373,one-to-many,dn_408,ikt_438 ikt_439,AlfonsoExili,MISSING,NOUN,MISSING,pred,MISSING,leftover_source,
895,373,one-to-many,dn_408,ikt_438 ikt_439,AlfonsoExili,MISSING,NULL,MISSING,nsubj,MISSING,leftover_source,
896,373,one-to-many,dn_408,ikt_438 ikt_439,AlfonsoExili,MISSING,DET,MISSING,nmod,MISSING,leftover_source,
897,373,one-to-many,dn_408,ikt_438 ikt_439,AlfonsoExili,MISSING,DET,MISSING,nmod,MISSING,leftover_source,
898,374,one-to-many,dn_409,ikt_440 ikt_441,AlfonsoExili,AlfonsoExili,NULL,NULL,nsubj,nsubj,zero_zero_semantic,0.40818585604429247
899,374,one-to-many,dn_409,ikt_440 ikt_441,AlfonsoExili,AlfonsoExili,NULL,NULL,nsubj,nsubj,zero_zero_semantic,0.2942668766785069
900,374,one-to-many,dn_409,ikt_440 ikt_441,AlfonsoExili,AlfonsoExili,NULL,PRON,nsubj,nsubj,zero_to_tgt_anchor,
901,374,one-to-many,dn_409,ikt_440 ikt_441,AlfonsoExili,MISSING,NULL,MISSING,nsubj,MISSING,leftover_source,
902,374,one-to-many,dn_409,ikt_440 ikt_441,AlfonsoExili,MISSING,PRON-REFLEX,MISSING,obj,MISSING,leftover_source,
903,374,one-to-many,dn_409,ikt_440 ikt_441,butler,butler,NOUN,NOUN,nsubj,nsubj,explicit_full,
904,375,one-to-one,dn_410,ikt_442,AlfonsoExili,MISSING,NULL,MISSING,nsubj,MISSING,leftover_source,
905,375,one-to-one,dn_410,ikt_442,Giorgio,Giorgio,PRON,PRON,obj,nmod,explicit_ref_pos,
906,375,one-to-one,dn_410,ikt_442,Giorgio,MISSING,PROPN,MISSING,vocative,MISSING,leftover_source,
907,375,one-to-one,dn_410,ikt_442,MISSING,Giorgio,MISSING,NULL,MISSING,nsubj,leftover_target,
908,375,one-to-one,dn_410,ikt_442,MISSING,Giorgio,MISSING,NULL,MISSING,nsubj,leftover_target,
909,376,one-to-one,dn_411,ikt_443,AlfonsoExili,MISSING,NULL,MISSING,nsubj,MISSING,leftover_source,
910,377,one-to-one,dn_412,ikt_444,AlfonsoExili,MISSING,PRON,MISSING,obj,MISSING,leftover_source,
911,377,one-to-one,dn_412,ikt_444,Giorgio,Giorgio,NULL,NULL,nsubj,nsubj,zero_zero_single,
912,378,many-to-one,dn_413 dn_414 dn_415,ikt_445,Giorgio,MISSING,PROPN,MISSING,vocative,MISSING,leftover_source,
913,379,one-to-one,dn_416,ikt_446,AlfonsoExili,AlfonsoExili,PRON,NULL,nsubj,nsubj,zero_to_src_anchor,
914,379,one-to-one,dn_416,ikt_446,AlfonsoExili,MISSING,DET,MISSING,nmod,MISSING,leftover_source,
915,380,one-to-many,dn_417,ikt_448 ikt_449,AlfonsoExili,AlfonsoExili,PRON,PRON,obj,obj,explicit_full,
916,380,one-to-many,dn_417,ikt_448 ikt_449,AlfonsoExili,AlfonsoExili,NOUN,NOUN,obj,obj,explicit_full,
917,380,one-to-many,dn_417,ikt_448 ikt_449,AlfonsoExili,MISSING,PRON,MISSING,obj,MISSING,leftover_source,
918,380,one-to-many,dn_417,ikt_448 ikt_449,AlfonsoExili,MISSING,PRON,MISSING,obj,MISSING,leftover_source,
919,380,one-to-many,dn_417,ikt_448 ikt_449,Giorgio,Giorgio,PROPN,PROPN,nsubj,nsubj,explicit_full,
920,380,one-to-many,dn_417,ikt_448 ikt_449,Giorgio,Giorgio,NULL,NULL,nsubj,nsubj,zero_zero_semantic,0.303042138996757
921,380,one-to-many,dn_417,ikt_448 ikt_449,Giorgio,Giorgio,PRON,NULL,nsubj,nsubj,zero_to_src_anchor,
922,380,one-to-many,dn_417,ikt_448 ikt_449,Giorgio,MISSING,PRON-REFLEX,MISSING,obj,MISSING,leftover_source,
923,381,one-to-one,dn_418,ikt_447,AlfonsoExili,MISSING,NULL,MISSING,nsubj,MISSING,leftover_source,
924,381,one-to-one,dn_418,ikt_447,Giorgio,MISSING,PRON,MISSING,obj,MISSING,leftover_source,
925,382,one-to-one,dn_419,ikt_450,AlfonsoExili,AlfonsoExili,PROPN,PROPN,nsubj,nsubj,explicit_full,
926,383,one-to-one,dn_420,ikt_451,Giorgio,Giorgio,NULL,NULL,nsubj,nsubj,zero_zero_single,
927,384,one-to-one,dn_421,ikt_452,AlfonsoExili,MISSING,NULL,MISSING,nsubj,MISSING,leftover_source,
928,384,one-to-one,dn_421,ikt_452,MISSING,Giorgio,MISSING,PRON,MISSING,nsubj,leftover_target,
929,385,one-to-many,dn_422,ikt_453 ikt_454,AlfonsoExili,MISSING,PRON,MISSING,obj,MISSING,leftover_source,
930,385,one-to-many,dn_422,ikt_453 ikt_454,Giorgio,Giorgio,NULL,NULL,nsubj,nsubj,zero_zero_single,
931,386,one-to-one,dn_423,ikt_455,AlfonsoExili,AlfonsoExili,NULL,NULL,nsubj,nsubj,zero_zero_single,
932,386,one-to-one,dn_423,ikt_455,AlfonsoExili,MISSING,DET,MISSING,nmod,MISSING,leftover_source,
933,386,one-to-one,dn_423,ikt_455,Giorgio,MISSING,PRON,MISSING,obj,MISSING,leftover_source,
934,387,one-to-one,dn_424,ikt_456,Giorgio,Giorgio,PROPN,PROPN,nsubj,nsubj,explicit_full,
935,388,one-to-one,dn_425,ikt_457,Giorgio,Giorgio,NULL,NULL,nsubj,nsubj,zero_zero_semantic,0.41900737010515654
936,388,one-to-one,dn_425,ikt_457,MISSING,Giorgio,MISSING,NULL,MISSING,nsubj,leftover_target,
937,388,one-to-one,dn_425,ikt_457,butler,butler,NOUN,NOUN,obj,obj,explicit_full,
938,389,one-to-one,dn_426,ikt_459,MISSING,Giorgio,MISSING,NULL,MISSING,nsubj,leftover_target,
939,389,one-to-one,dn_426,ikt_459,butler,butler,NOUN,NOUN,nsubj,nsubj,explicit_full,
940,390,one-to-many,dn_427,ikt_458 ikt_460,butler,butler,NULL,NULL,nsubj,nsubj,zero_zero_single,
941,391,one-to-one,dn_428,ikt_461,butler,butler,NOUN,NOUN,nsubj,nsubj,explicit_full,
942,392,many-to-one,dn_429 dn_430,ikt_462,Giorgio,MISSING,PRON,MISSING,obj,MISSING,leftover_source,
943,392,many-to-one,dn_429 dn_430,ikt_462,butler,butler,NULL,NULL,nsubj,nsubj,zero_zero_semantic,0.18229553209883825
944,392,many-to-one,dn_429 dn_430,ikt_462,butler,butler,NULL,NULL,nsubj,nsubj,zero_zero_semantic,0.4036417679417701
945,393,one-to-one,dn_431,ikt_463,butler,butler,NOUN,NOUN,nsubj,nsubj,explicit_full,
946,394,one-to-one,dn_432,ikt_464,butler,butler,NULL,NULL,nsubj,nsubj,zero_zero_single,
947,395,one-to-one,dn_433,ikt_465,AlfonsoExili,AlfonsoExili,PROPN,PROPN,nsubj,nsubj,explicit_full,
948,395,one-to-one,dn_433,ikt_465,butler,butler,NOUN,NOUN,nsubj,nsubj,explicit_full,
949,396,one-to-one,dn_434,ikt_466,AlfonsoExili,MISSING,PRON,MISSING,obj,MISSING,leftover_source,
950,396,one-to-one,dn_434,ikt_466,Giorgio,Giorgio,NULL,NULL,nsubj,nsubj,zero_zero_single,
951,398,many-to-one,dn_436 dn_437,ikt_468,AlfonsoExili,AlfonsoExili,NULL,NULL,nsubj,nsubj,zero_zero_single,
952,399,one-to-one,dn_438,ikt_469,AlfonsoExili,AlfonsoExili,NULL,NULL,nsubj,nsubj,zero_zero_semantic,0.2058483362197876
953,399,one-to-one,dn_438,ikt_469,MISSING,AlfonsoExili,MISSING,NULL,MISSING,nsubj,leftover_target,
954,400,one-to-one,dn_439,ikt_470,AlfonsoExili,MISSING,PRON,MISSING,obj,MISSING,leftover_source,
955,400,one-to-one,dn_439,ikt_470,Giorgio,Giorgio,PROPN,PRON,nsubj,nsubj,explicit_ref_case,
956,400,one-to-one,dn_439,ikt_470,Giorgio,MISSING,NULL,MISSING,nsubj,MISSING,leftover_source,
957,401,one-to-one,dn_440,ikt_471,AlfonsoExili,AlfonsoExili,PROPN,PROPN,nsubj,nsubj,explicit_full,
958,401,one-to-one,dn_440,ikt_471,MISSING,AlfonsoExili,MISSING,NULL,MISSING,nsubj,leftover_target,
959,401,one-to-one,dn_440,ikt_471,MISSING,AlfonsoExili,MISSING,NULL,MISSING,nsubj,leftover_target,
960,402,one-to-one,dn_441,ikt_472,AlfonsoExili,AlfonsoExili,NULL,NULL,nsubj,nsubj,zero_zero_semantic,0.38081480672264545
961,402,one-to-one,dn_441,ikt_472,MISSING,AlfonsoExili,MISSING,PRON,MISSING,nsubj,leftover_target,
962,402,one-to-one,dn_441,ikt_472,MISSING,AlfonsoExili,MISSING,NULL,MISSING,nsubj,leftover_target,
963,403,one-to-one,dn_442,ikt_473,Giorgio,Giorgio,PRON,PRON,nsubj,nsubj,explicit_full,
964,404,one-to-one,dn_443,ikt_474,AlfonsoExili,AlfonsoExili,NULL,NULL,nsubj,nsubj,zero_zero_single,
965,404,one-to-one,dn_443,ikt_474,AlfonsoExili,MISSING,PRON-REFLEX,MISSING,obj,MISSING,leftover_source,
966,405,one-to-one,dn_444,ikt_475,Giorgio,MISSING,PRON,MISSING,nsubj,MISSING,leftover_source,
967,406,one-to-one,dn_445,ikt_476,AlfonsoExili,AlfonsoExili,NULL,NULL,nsubj,nsubj,zero_zero_semantic,0.21616278299217767
968,406,one-to-one,dn_445,ikt_476,AlfonsoExili,AlfonsoExili,NULL,NULL,nsubj,nsubj,zero_zero_semantic,0.5417063971978545
969,406,one-to-one,dn_445,ikt_476,AlfonsoExili,AlfonsoExili,NULL,PRON,nsubj,nsubj,zero_to_tgt_anchor,
970,406,one-to-one,dn_445,ikt_476,AlfonsoExili,MISSING,PRON-REFLEX,MISSING,obj,MISSING,leftover_source,
971,406,one-to-one,dn_445,ikt_476,AlfonsoExili,MISSING,PRON-REFLEX,MISSING,obj,MISSING,leftover_source,
972,406,one-to-one,dn_445,ikt_476,AlfonsoExili,MISSING,PRON-REFLEX,MISSING,obj,MISSING,leftover_source,
973,406,one-to-one,dn_445,ikt_476,MISSING,AlfonsoExili,MISSING,PRON,MISSING,nmod,leftover_target,
974,407,many-to-one,dn_446 dn_447,ikt_477,Giorgio,MISSING,DET,MISSING,nmod,MISSING,leftover_source,
975,407,many-to-one,dn_446 dn_447,ikt_477,Ippolita,Ippolita,PRON,NOUN,nsubj,nsubj,explicit_ref_case,
976,407,many-to-one,dn_446 dn_447,ikt_477,Ippolita,Ippolita,NULL,NOUN,nsubj,nsubj,zero_to_tgt_anchor,
977,408,many-to-one,dn_448 dn_449,ikt_478,AlfonsoExili,AlfonsoExili,PROPN,PROPN,vocative,vocative,explicit_full,
978,408,many-to-one,dn_448 dn_449,ikt_478,AlfonsoExili,AlfonsoExili,NULL,NULL,nsubj,nsubj,zero_zero_single,
979,408,many-to-one,dn_448 dn_449,ikt_478,Giorgio,Giorgio,NULL,PRON,nsubj,nsubj,zero_to_tgt_anchor,
980,409,one-to-one,dn_450,ikt_479,Ippolita,Ippolita,PRON,PRON,vocative,nsubj,explicit_ref_pos,
981,410,one-to-one,dn_451,ikt_480,MISSING,Ippolita,MISSING,PRON,MISSING,nmod,leftover_target,
982,411,one-to-one,dn_452,ikt_481,Ippolita,Ippolita,NULL,NULL,nsubj,nsubj,zero_zero_single,
983,412,one-to-one,dn_453,ikt_482,AlfonsoExili,AlfonsoExili,NULL,NULL,nsubj,nsubj,zero_zero_single,
984,412,one-to-one,dn_453,ikt_482,Ippolita,MISSING,PRON,MISSING,obj,MISSING,leftover_source,
985,413,one-to-one,dn_454,ikt_483,Ippolita,Ippolita,NULL,NULL,nsubj,nsubj,zero_zero_single,
986,414,one-to-one,dn_455,ikt_484,AlfonsoExili,MISSING,PRON,MISSING,obj,MISSING,leftover_source,
987,414,one-to-one,dn_455,ikt_484,Ippolita,MISSING,NULL,MISSING,nsubj,MISSING,leftover_source,
988,414,one-to-one,dn_455,ikt_484,Ippolitas-sister,Ippolitas-sister,NOUN,NOUN,obj,nsubj,explicit_ref_pos,
989,415,one-to-one,dn_456,ikt_485,AlfonsoExili,AlfonsoExili,PRON,PRON,nsubj,nsubj,explicit_full,
990,415,one-to-one,dn_456,ikt_485,AlfonsoExili,AlfonsoExili,NULL,NULL,nsubj,nsubj,zero_zero_single,
991,415,one-to-one,dn_456,ikt_485,AlfonsoExili,AlfonsoExili,PRON-REFLEX,NOUN,obj,obj,reflex_obj,
992,416,one-to-one,dn_457,ikt_486,AlfonsoExili,AlfonsoExili,NULL,NULL,nsubj,nsubj,zero_zero_single,
993,417,one-to-one,dn_458,ikt_487,Ippolita,Ippolita,NULL,NULL,nsubj,nsubj,zero_zero_single,
994,417,one-to-one,dn_458,ikt_487,Ippolitas-husband,Ippolitas-husband,NOUN,NOUN,obj,nsubj,explicit_ref_pos,
995,418,one-to-one,dn_459,ikt_488,AlfonsoExili,MISSING,NULL,MISSING,nsubj,MISSING,leftover_source,
996,418,one-to-one,dn_459,ikt_488,Ippolita,MISSING,NULL,MISSING,nsubj,MISSING,leftover_source,
997,419,one-to-one,dn_460,ikt_489,Ippolita,Ippolita,NULL,NULL,nsubj,nsubj,zero_zero_single,
998,420,one-to-one,dn_461,ikt_490,AlfonsoExili,AlfonsoExili,NULL,PRON,nsubj,nsubj,zero_to_tgt_anchor,
999,420,one-to-one,dn_461,ikt_490,Ippolita,MISSING,PRON,MISSING,obj,MISSING,leftover_source,
1000,421,one-to-one,dn_462,ikt_491,Giorgio,Giorgio,NULL,NULL,nsubj,nsubj,zero_zero_semantic,0.5334112485465796
1001,421,one-to-one,dn_462,ikt_491,Giorgio,MISSING,DET,MISSING,nmod,MISSING,leftover_source,
1002,421,one-to-one,dn_462,ikt_491,MISSING,Giorgio,MISSING,NULL,MISSING,nsubj,leftover_target,
1003,421,one-to-one,dn_462,ikt_491,MISSING,Monti,MISSING,NOUN,MISSING,obj,leftover_target,
1004,422,one-to-one,dn_463,ikt_492,Monti,Monti,PROPN,NOUN,vocative,pred,explicit_ref_only,
1005,423,many-to-one,dn_464 dn_465,ikt_493,Giorgio,Giorgio,PRON,PRON,nsubj,nmod,explicit_ref_pos,
1006,423,many-to-one,dn_464 dn_465,ikt_493,Monti,Monti,NOUN,NOUN,pred,pred,explicit_full,
1007,423,many-to-one,dn_464 dn_465,ikt_493,Monti,Monti,NOUN,NOUN,pred,pred,explicit_full,
1008,423,many-to-one,dn_464 dn_465,ikt_493,Monti,MISSING,PRON,MISSING,obj,MISSING,leftover_source,
1009,423,many-to-one,dn_464 dn_465,ikt_493,MISSING,Monti,MISSING,NULL,MISSING,nsubj,leftover_target,
1010,424,one-to-one,dn_466,ikt_494,Ippolita,MISSING,PRON,MISSING,obj,MISSING,leftover_source,
1011,424,one-to-one,dn_466,ikt_494,Monti,Monti,NULL,NULL,nsubj,nsubj,zero_zero_single,
1012,425,many-to-one,dn_467 dn_468,ikt_495,Giorgio,MISSING,PRON,MISSING,nsubj,MISSING,leftover_source,
1013,426,one-to-one,dn_469,ikt_496,Monti,Monti,PROPN,PROPN,nsubj,nsubj,explicit_full,
1014,427,one-to-one,dn_470,ikt_497,AlfonsoExili,MISSING,NULL,MISSING,nsubj,MISSING,leftover_source,
1015,428,one-to-one,dn_471,ikt_498,AlfonsoExili,AlfonsoExili,NULL,NULL,nsubj,nsubj,zero_zero_single,
1016,428,one-to-one,dn_471,ikt_498,MISSING,AlfonsoExili,MISSING,PRON,MISSING,nsubj,leftover_target,
1017,429,one-to-one,dn_472,ikt_499,Giorgio,Giorgio,PROPN,PROPN,vocative,vocative,explicit_full,
1018,429,one-to-one,dn_472,ikt_499,Giorgio,Giorgio,NULL,NULL,nsubj,nsubj,zero_zero_single,
1019,430,one-to-many,dn_473,ikt_500 ikt_501,Giorgio,Giorgio,PROPN,PRON,nsubj,nsubj,explicit_ref_case,
1020,430,one-to-many,dn_473,ikt_500 ikt_501,Giorgio,MISSING,NULL,MISSING,nsubj,MISSING,leftover_source,
1021,431,one-to-one,dn_474,ikt_502,AlfonsoExili,AlfonsoExili,PROPN,PROPN,nsubj,nsubj,explicit_full,
1022,431,one-to-one,dn_474,ikt_502,Giorgio,Giorgio,PRON,PRON,nsubj,nmod,explicit_ref_pos,
1023,431,one-to-one,dn_474,ikt_502,MISSING,Giorgio,MISSING,NULL,MISSING,nsubj,leftover_target,
1024,431,one-to-one,dn_474,ikt_502,MISSING,Giorgio,MISSING,NULL,MISSING,nsubj,leftover_target,
1025,432,one-to-one,dn_475,ikt_503,Giorgio,Giorgio,PROPN,PROPN,vocative,vocative,explicit_full,
1026,433,one-to-one,dn_476,ikt_504,Giorgio,Giorgio,PRON,PRON,nsubj,nsubj,explicit_full,
1027,433,one-to-one,dn_476,ikt_504,Giorgio,MISSING,PRON-REFLEX,MISSING,obj,MISSING,leftover_source,
1028,435,one-to-one,dn_478,ikt_506,AlfonsoExili,AlfonsoExili,NULL,NULL,nsubj,nsubj,zero_zero_single,
1029,436,one-to-one,dn_479,ikt_507,AlfonsoExili,AlfonsoExili,NULL,NULL,nsubj,nsubj,zero_zero_single,
1030,436,one-to-one,dn_479,ikt_507,AlfonsoExili,MISSING,PRON,MISSING,obj,MISSING,leftover_source,
1031,437,one-to-one,dn_480,ikt_508,AlfonsoExili,AlfonsoExili,NULL,NULL,nsubj,nsubj,zero_zero_single,
1032,437,one-to-one,dn_480,ikt_508,AlfonsoExili,MISSING,PRON,MISSING,obj,MISSING,leftover_source,
1033,438,one-to-one,dn_481,ikt_509,AlfonsoExili,AlfonsoExili,PROPN,PROPN,nsubj,nsubj,explicit_full,
1034,438,one-to-one,dn_481,ikt_509,AlfonsoExili,MISSING,PRON-REFLEX,MISSING,obj,MISSING,leftover_source,
1035,438,one-to-one,dn_481,ikt_509,MISSING,AlfonsoExili,MISSING,NULL,MISSING,nsubj,leftover_target,
1036,439,many-to-one,dn_482 dn_483,ikt_510,Giorgio,Giorgio,NULL,NULL,nsubj,nsubj,zero_zero_single,
1037,440,one-to-one,dn_484,ikt_511,AlfonsoExili,AlfonsoExili,NULL,NULL,nsubj,nsubj,zero_zero_semantic,0.3258417151219935
1038,440,one-to-one,dn_484,ikt_511,AlfonsoExili,AlfonsoExili,NULL,NULL,nsubj,nsubj,zero_zero_semantic,0.4103379300711386
1039,440,one-to-one,dn_484,ikt_511,AlfonsoExili,AlfonsoExili,NULL,NULL,nsubj,nsubj,zero_zero_semantic,0.42348978075096366
1040,440,one-to-one,dn_484,ikt_511,AlfonsoExili,MISSING,PRON-REFLEX,MISSING,obj,MISSING,leftover_source,
1041,440,one-to-one,dn_484,ikt_511,MISSING,AlfonsoExili,MISSING,PRON,MISSING,nsubj,leftover_target,
1042,442,one-to-one,dn_486,ikt_513,AlfonsoExili,AlfonsoExili,NULL,NULL,nsubj,nsubj,zero_zero_single,
1043,442,one-to-one,dn_486,ikt_513,AlfonsoExili,MISSING,DET,MISSING,nmod,MISSING,leftover_source,
1044,443,one-to-many,dn_487,ikt_514 ikt_515,MISSING,AlfonsoExili,MISSING,NULL,MISSING,nsubj,leftover_target,
1045,444,one-to-one,dn_488,ikt_516,AlfonsoExili,AlfonsoExili,NULL,PRON,nsubj,nsubj,zero_to_tgt_anchor,
1046,444,one-to-one,dn_488,ikt_516,Giorgio,Giorgio,PROPN,PROPN,nsubj,nsubj,explicit_full,
1047,444,one-to-one,dn_488,ikt_516,Giorgio,MISSING,DET,MISSING,nmod,MISSING,leftover_source,
1048,445,one-to-one,dn_489,ikt_517,AlfonsoExili,AlfonsoExili,NOUN,NOUN,nsubj,nsubj,explicit_full,
1049,445,one-to-one,dn_489,ikt_517,AlfonsoExili,MISSING,PRON-REFLEX,MISSING,obj,MISSING,leftover_source,
1050,446,one-to-one,dn_490,ikt_518,Giorgio,MISSING,PRON,MISSING,nsubj,MISSING,leftover_source,
1051,447,one-to-one,dn_491,ikt_519,AlfonsoExili,AlfonsoExili,NULL,NULL,nsubj,nsubj,zero_zero_single,
1052,448,one-to-many,dn_492,ikt_520 ikt_521,AlfonsoExili,AlfonsoExili,NULL,NULL,nsubj,nsubj,zero_zero_semantic,0.5340043380146935
1053,448,one-to-many,dn_492,ikt_520 ikt_521,AlfonsoExili,AlfonsoExili,NULL,PRON,nsubj,nsubj,zero_to_tgt_anchor,
1054,448,one-to-many,dn_492,ikt_520 ikt_521,MISSING,AlfonsoExili,MISSING,PRON,MISSING,nmod,leftover_target,
1055,448,one-to-many,dn_492,ikt_520 ikt_521,Giorgio,Giorgio,PROPN,PROPN,obj,nsubj,explicit_ref_pos,
1056,450,one-to-one,dn_494,ikt_523,MISSING,Giorgio Ippolita,MISSING,NULL,MISSING,nsubj,leftover_target,
1057,450,one-to-one,dn_494,ikt_523,MISSING,Giorgio Ippolita,MISSING,NULL,MISSING,nsubj,leftover_target,
1058,451,one-to-one,dn_495,ikt_524,Ippolita,Ippolita,PROPN,PROPN,nsubj,nsubj,explicit_full,
1059,452,one-to-one,dn_496,ikt_525,Giorgio Ippolita,Giorgio Ippolita,PRON,NOUN,nsubj,obj,explicit_ref_only,
1060,452,one-to-one,dn_496,ikt_525,MISSING,Giorgio Ippolita,MISSING,NULL,MISSING,nsubj,leftover_target,
1061,453,one-to-one,dn_498,ikt_526,Ippolita,Ippolita,NULL,NULL,nsubj,nsubj,zero_zero_single,
1062,453,one-to-one,dn_498,ikt_526,Ippolita,MISSING,PRON-REFLEX,MISSING,obj,MISSING,leftover_source,
1063,454,one-to-one,dn_497,ikt_527,Giorgio,Giorgio,PROPN,PROPN,nsubj,nsubj,explicit_full,
1064,455,one-to-one,dn_499,ikt_528,Ippolita,Ippolita,NULL,NULL,nsubj,nsubj,zero_zero_single,
1065,455,one-to-one,dn_499,ikt_528,Ippolita,MISSING,PRON-REFLEX,MISSING,obj,MISSING,leftover_source,
1066,457,one-to-one,dn_501,ikt_530,Giorgio,Giorgio,PRON,PRON,obj,nmod,explicit_ref_pos,
1067,457,one-to-one,dn_501,ikt_530,Ippolita,Ippolita,PRON,NULL,nsubj,nsubj,zero_to_src_anchor,
1068,458,one-to-one,dn_502,ikt_531,Giorgio,Giorgio,PRON,PRON,obj,nmod,explicit_ref_pos,
1069,458,one-to-one,dn_502,ikt_531,Ippolita,Ippolita,NULL,NULL,nsubj,nsubj,zero_zero_semantic,0.1688077715603081
1070,458,one-to-one,dn_502,ikt_531,Ippolita,Ippolita,PRON,NULL,nsubj,nsubj,zero_to_src_anchor,
1071,458,one-to-one,dn_502,ikt_531,Ippolita,MISSING,PRON,MISSING,obj,MISSING,leftover_source,
1072,459,one-to-one,dn_503,ikt_532,Ippolita,Ippolita,NULL,NULL,nsubj,nsubj,zero_zero_semantic,0.29110359566079247
1073,459,one-to-one,dn_503,ikt_532,MISSING,Ippolita,MISSING,NULL,MISSING,nsubj,leftover_target,
1074,460,one-to-one,dn_504,ikt_533,Ippolita,Ippolita,NULL,NULL,nsubj,nsubj,zero_zero_single,
1075,461,one-to-one,dn_505,ikt_534,Ippolita,Ippolita,NULL,NULL,nsubj,nsubj,zero_zero_single,
1076,462,many-to-one,dn_506 dn_507,ikt_535,Giorgio,MISSING,PRON,MISSING,nsubj,MISSING,leftover_source,
1077,462,many-to-one,dn_506 dn_507,ikt_535,Ippolita,MISSING,PRON,MISSING,obj,MISSING,leftover_source,
1078,462,many-to-one,dn_506 dn_507,ikt_535,Ippolitas-family,MISSING,NULL,MISSING,nsubj,MISSING,leftover_source,
1079,463,one-to-one,dn_508,ikt_536,Giorgio,MISSING,PRON,MISSING,obj,MISSING,leftover_source,
1080,463,one-to-one,dn_508,ikt_536,Ippolita,Ippolita,NULL,NULL,nsubj,nsubj,zero_zero_single,
1081,464,one-to-one,dn_509,ikt_537,Ippolita Ippolitas-family,MISSING,NULL,MISSING,nsubj,MISSING,leftover_source,
1082,465,one-to-one,dn_510,ikt_538,Giorgio Ippolita,Giorgio Ippolita,NULL,NULL,nsubj,nsubj,zero_zero_single,
1083,465,one-to-one,dn_510,ikt_538,Giorgio Ippolita,MISSING,PRON-REFLEX,MISSING,obj,MISSING,leftover_source,
1084,469,one-to-one,dn_514,ikt_542,Giorgio,Giorgio,DET,PRON,nmod,nmod,explicit_ref_case,
1085,470,one-to-many,dn_515,ikt_543 ikt_544,Giorgio,Giorgio,PRON,PRON,nsubj,nsubj,explicit_full,
1086,470,one-to-many,dn_515,ikt_543 ikt_544,Giorgio,Giorgio,NULL,NULL,nsubj,nsubj,zero_zero_semantic,0.2908363504843278
1087,470,one-to-many,dn_515,ikt_543 ikt_544,Giorgio,Giorgio,NULL,NULL,nsubj,nsubj,zero_zero_semantic,0.4016933032694985
1088,471,one-to-one,dn_516,ikt_545,Giorgio,Giorgio,NULL,PRON,nsubj,nsubj,zero_to_tgt_anchor,
1089,471,one-to-one,dn_516,ikt_545,Giorgio,MISSING,NULL,MISSING,nsubj,MISSING,leftover_source,
1090,471,one-to-one,dn_516,ikt_545,Ippolita,Ippolita,PRON,PRON,obj,obj,explicit_full,
1091,471,one-to-one,dn_516,ikt_545,Ippolita,MISSING,PRON,MISSING,obj,MISSING,leftover_source,
1092,472,one-to-one,dn_517,ikt_546,Giorgio,Giorgio,NULL,NULL,nsubj,nsubj,zero_zero_single,
1093,472,one-to-one,dn_517,ikt_546,Giorgio,MISSING,PRON-REFLEX,MISSING,obj,MISSING,leftover_source,
1094,473,one-to-one,dn_518,ikt_547,Giorgio,Giorgio,NULL,NULL,nsubj,nsubj,zero_zero_single,
1095,473,one-to-one,dn_518,ikt_547,Giorgio,MISSING,PRON-REFLEX,MISSING,obj,MISSING,leftover_source,
1096,474,one-to-one,dn_519,ikt_548,Ippolita,Ippolita,NULL,NULL,nsubj,nsubj,zero_zero_semantic,0.1638399478053493
1097,474,one-to-one,dn_519,ikt_548,Ippolita,Ippolita,NULL,NULL,nsubj,nsubj,zero_zero_semantic,0.31122321715505447
1098,474,one-to-one,dn_519,ikt_548,Ippolita,MISSING,PRON-REFLEX,MISSING,obj,MISSING,leftover_source,
1099,474,one-to-one,dn_519,ikt_548,MISSING,Ippolita,MISSING,NULL,MISSING,nsubj,leftover_target,
1100,475,one-to-one,dn_520,ikt_549,Ippolita,Ippolita,PRON,NOUN,nsubj,nsubj,explicit_ref_case,
1101,476,one-to-one,dn_521,ikt_550,Ippolita,Ippolita,DET,PRON,nmod,nsubj,explicit_ref_only,
1102,476,one-to-one,dn_521,ikt_550,Ippolita,Ippolita,NULL,NULL,nsubj,nsubj,zero_zero_single,
1103,476,one-to-one,dn_521,ikt_550,Ippolitas-husband,MISSING,NOUN,MISSING,nsubj,MISSING,leftover_source,
1104,477,one-to-one,dn_522,ikt_551,Giorgio,MISSING,PRON,MISSING,obj,MISSING,leftover_source,
1105,477,one-to-one,dn_522,ikt_551,MISSING,Giorgio,MISSING,NULL,MISSING,nsubj,leftover_target,
1106,477,one-to-one,dn_522,ikt_551,Ippolita,MISSING,NULL,MISSING,nsubj,MISSING,leftover_source,
1107,478,many-to-one,dn_523 dn_524,ikt_552,Ippolita,Ippolita,NULL,NULL,nsubj,nsubj,zero_zero_semantic,0.25287517878236415
1108,478,many-to-one,dn_523 dn_524,ikt_552,Ippolita,Ippolita,NULL,NULL,nsubj,nsubj,zero_zero_semantic,0.3923613242777266
1109,478,many-to-one,dn_523 dn_524,ikt_552,Ippolita,Ippolita,NULL,NULL,nsubj,nsubj,zero_zero_semantic,0.47925488175359665
1110,478,many-to-one,dn_523 dn_524,ikt_552,Ippolita,MISSING,NULL,MISSING,nsubj,MISSING,leftover_source,
1111,480,one-to-one,dn_526,ikt_554,MISSING,Ippolita,MISSING,PRON,MISSING,nsubj,leftover_target,
1112,481,one-to-one,dn_527,ikt_555,Giorgio,Giorgio,PRON,PRON,nsubj,nsubj,explicit_full,
1113,481,one-to-one,dn_527,ikt_555,Giorgio,MISSING,DET,MISSING,nmod,MISSING,leftover_source,
1114,481,one-to-one,dn_527,ikt_555,Giorgio Ippolita,Giorgio Ippolita,NULL,NOUN,nsubj,nsubj,zero_to_tgt_anchor,
1115,482,one-to-one,dn_528,ikt_556,Giorgio,Giorgio,PRON,PRON,nsubj,nsubj,explicit_full,
1116,483,one-to-one,dn_529,ikt_557,Ippolita,Ippolita,PRON,PRON,nsubj,nsubj,explicit_full,
1117,484,one-to-one,dn_530,ikt_559,Giorgio,Giorgio,PROPN,PROPN,nsubj,nsubj,explicit_full,
1118,484,one-to-one,dn_530,ikt_559,MISSING,Giorgio,MISSING,NULL,MISSING,nsubj,leftover_target,
1119,486,one-to-one,dn_532,ikt_561,Giorgio,Giorgio,NULL,PRON,nsubj,nsubj,zero_to_tgt_anchor,
1120,486,one-to-one,dn_532,ikt_561,MISSING,Ippolita,MISSING,PRON,MISSING,nmod,leftover_target,
1121,486,one-to-one,dn_532,ikt_561,Ippolitas-husband,Ippolitas-husband,NOUN,NOUN,obj,nmod,explicit_ref_pos,
1122,487,one-to-one,dn_533,ikt_562,Ippolita,Ippolita,PRON,PRON,nsubj,nsubj,explicit_full,
1123,487,one-to-one,dn_533,ikt_562,Ippolita,MISSING,NULL,MISSING,nsubj,MISSING,leftover_source,
1124,488,one-to-one,dn_534,ikt_563,Giorgio,Giorgio,PRON,PRON,nsubj,nsubj,explicit_full,
1125,489,many-to-one,dn_535 dn_536,ikt_564,Giorgio,Giorgio,DET,PRON,nmod,nmod,explicit_ref_case,
1126,489,many-to-one,dn_535 dn_536,ikt_564,Giorgio,Giorgio,PRON,PRON,obj,nsubj,explicit_ref_pos,
1127,489,many-to-one,dn_535 dn_536,ikt_564,Giorgio,MISSING,PRON,MISSING,obj,MISSING,leftover_source,
1128,489,many-to-one,dn_535 dn_536,ikt_564,MISSING,Ippolita,MISSING,PRON,MISSING,nmod,leftover_target,
1129,489,many-to-one,dn_535 dn_536,ikt_564,MISSING,Ippolita,MISSING,NOUN,MISSING,obj,leftover_target,
1130,489,many-to-one,dn_535 dn_536,ikt_564,Ippolitas-husband,Ippolitas-husband,NOUN,NOUN,nsubj,obj,explicit_ref_pos,
1131,489,many-to-one,dn_535 dn_536,ikt_564,Ippolitas-husband,Ippolitas-husband,PRON,NULL,nsubj,nsubj,zero_to_src_anchor,
1132,490,many-to-one,dn_537 dn_538,ikt_565,Giorgio,Giorgio,NULL,NULL,nsubj,nsubj,zero_zero_semantic,0.10690731014131655
1133,490,many-to-one,dn_537 dn_538,ikt_565,Giorgio,Giorgio,PRON,NULL,nsubj,nsubj,zero_to_src_anchor,
1134,490,many-to-one,dn_537 dn_538,ikt_565,Giorgio,MISSING,PRON-REFLEX,MISSING,obj,MISSING,leftover_source,
1135,492,one-to-one,dn_540,ikt_567,Giorgio,Giorgio,PRON,PRON,nsubj,nsubj,explicit_full,
1136,492,one-to-one,dn_540,ikt_567,Giorgio,Giorgio,DET,PRON,nmod,nmod,explicit_ref_case,
1137,492,one-to-one,dn_540,ikt_567,Ippolita,Ippolita,PROPN,PROPN,nmod,nsubj,explicit_ref_pos,
1138,493,one-to-one,dn_541,ikt_569,Ippolita,Ippolita,PRON,PRON,nsubj,nsubj,explicit_full,
1139,494,one-to-one,dn_542,ikt_568,Giorgio Ippolita,Giorgio Ippolita,NULL,NULL,nsubj,nsubj,zero_zero_single,
1140,495,one-to-one,dn_543,ikt_570,MISSING,Giorgio Ippolita,MISSING,NULL,MISSING,nsubj,leftover_target,
1141,497,one-to-one,dn_545 dn_547,ikt_572 ikt_574,Ippolita,Ippolita,NULL,NULL,nsubj,nsubj,zero_zero_semantic,0.41538027332578614
1142,497,one-to-one,dn_545 dn_547,ikt_572 ikt_574,Ippolita,Ippolita,PRON,NULL,nsubj,nsubj,zero_to_src_anchor,
1143,497,one-to-one,dn_545 dn_547,ikt_572 ikt_574,Ippolita,MISSING,NOUN,MISSING,nmod,MISSING,leftover_source,
1144,497,one-to-one,dn_545 dn_547,ikt_572 ikt_574,Ippolitas-mother,Ippolitas-mother,NOUN,NOUN,obj,obj,explicit_full,
1145,497,one-to-one,dn_545 dn_547,ikt_572 ikt_574,Ippolitas-mother,MISSING,PRON,MISSING,obj,MISSING,leftover_source,
1146,498,one-to-one,dn_546,ikt_573,Ippolita,Ippolita,NULL,NULL,nsubj,nsubj,zero_zero_single,
1147,498,one-to-one,dn_546,ikt_573,Ippolitas-mother,MISSING,NULL,MISSING,nsubj,MISSING,leftover_source,
1148,498,one-to-one,dn_546,ikt_573,Ippolitas-mother,MISSING,NOUN,MISSING,vocative,MISSING,leftover_source,
1149,499,one-to-one,dn_548,ikt_576,Ippolita,Ippolita,NULL,NULL,nsubj,nsubj,zero_zero_single,
1150,499,one-to-one,dn_548,ikt_576,Ippolitas-mother,MISSING,PRON,MISSING,obj,MISSING,leftover_source,
1151,500,one-to-one,dn_549,ikt_575,Giorgio,MISSING,NULL,MISSING,nsubj,MISSING,leftover_source,
1152,501,one-to-one,dn_550,ikt_577,Ippolita,Ippolita,PRON,PRON,nsubj,nsubj,explicit_full,
1153,501,one-to-one,dn_550,ikt_577,Ippolita,Ippolita,NULL,NULL,nsubj,nsubj,zero_zero_single,
1154,502,one-to-one,dn_551,ikt_578,Giorgio,Giorgio,PRON,PRON,nsubj,obj,explicit_ref_pos,
1155,502,one-to-one,dn_551,ikt_578,Ippolita,Ippolita,PRON,PRON,obj,nmod,explicit_ref_pos,
1156,503,one-to-one,dn_552,ikt_579,Giorgio,Giorgio,PRON,PRON,obj,obj,explicit_full,
1157,503,one-to-one,dn_552,ikt_579,Ippolita,Ippolita,PRON,PROPN,nsubj,nsubj,explicit_ref_case,
1158,503,one-to-one,dn_552,ikt_579,Ippolitas-mother,Ippolitas-mother,NOUN,NOUN,obj,obj,explicit_full,
1159,504,one-to-one,dn_553,ikt_580,Giorgio,Giorgio,NULL,PRON,nsubj,nsubj,zero_to_tgt_anchor,
1160,504,one-to-one,dn_553,ikt_580,Ippolitas-husband,Ippolitas-husband,NOUN,NOUN,nmod,nmod,explicit_full,
1161,505,one-to-one,dn_554,ikt_581,Giorgio,Giorgio,PRON,NULL,nsubj,nsubj,zero_to_src_anchor,
1162,505,one-to-one,dn_554,ikt_581,Giorgio,MISSING,DET,MISSING,nmod,MISSING,leftover_source,
1163,505,one-to-one,dn_554,ikt_581,Ippolita,Ippolita,DET,PRON,nmod,nsubj,explicit_ref_only,
1164,506,one-to-one,dn_555,ikt_582,Giorgio,Giorgio,DET,PRON,nmod,nmod,explicit_ref_case,
1165,506,one-to-one,dn_555,ikt_582,Giorgio,Giorgio,DET,PRON,nmod,nsubj,explicit_ref_only,
1166,506,one-to-one,dn_555,ikt_582,Giorgio,Giorgio,NULL,NULL,nsubj,nsubj,zero_zero_semantic,0.5729290124682218
1167,506,one-to-one,dn_555,ikt_582,Giorgio,Giorgio,NULL,NULL,nsubj,nsubj,zero_zero_semantic,0.5146344154075766
1168,506,one-to-one,dn_555,ikt_582,Giorgio,MISSING,PRON-REFLEX,MISSING,obj,MISSING,leftover_source,
1169,506,one-to-one,dn_555,ikt_582,Ippolita,Ippolita,PRON,PRON,obj,obj,explicit_full,
1170,506,one-to-one,dn_555,ikt_582,Ippolita,MISSING,NULL,MISSING,nsubj,MISSING,leftover_source,
1171,507,one-to-many,dn_556,ikt_583 ikt_584 ikt_585 ikt_586,Giorgio,Giorgio,PRON,PRON,nsubj,nsubj,explicit_full,
1172,507,one-to-many,dn_556,ikt_583 ikt_584 ikt_585 ikt_586,Giorgio,Giorgio,NULL,PRON,nsubj,nsubj,zero_to_tgt_anchor,
1173,507,one-to-many,dn_556,ikt_583 ikt_584 ikt_585 ikt_586,Giorgio,Giorgio,NULL,PRON,nsubj,nsubj,zero_to_tgt_anchor,
1174,507,one-to-many,dn_556,ikt_583 ikt_584 ikt_585 ikt_586,MISSING,Giorgio,MISSING,PRON,MISSING,nsubj,leftover_target,
1175,507,one-to-many,dn_556,ikt_583 ikt_584 ikt_585 ikt_586,Ippolita,Ippolita,PRON,PRON,obj,obj,explicit_full,
1176,507,one-to-many,dn_556,ikt_583 ikt_584 ikt_585 ikt_586,Ippolita,Ippolita,PRON,PRON,obj,obj,explicit_full,
1177,507,one-to-many,dn_556,ikt_583 ikt_584 ikt_585 ikt_586,Ippolita,Ippolita,PRON,PRON,obj,obj,explicit_full,
1178,507,one-to-many,dn_556,ikt_583 ikt_584 ikt_585 ikt_586,Ippolita,Ippolita,PRON,PRON,obj,nsubj,explicit_ref_pos,
1179,507,one-to-many,dn_556,ikt_583 ikt_584 ikt_585 ikt_586,MISSING,Ippolita,MISSING,NOUN,MISSING,pred,leftover_target,
1180,508,many-to-one,dn_557 dn_559,ikt_587,Giorgio Ippolita,Giorgio Ippolita,NULL,NULL,nsubj,nsubj,zero_zero_single,
1181,509,one-to-one,dn_558,ikt_588,Ippolita,Ippolita,PRON,PRON,nsubj,nsubj,explicit_full,
1182,510,one-to-one,dn_560,ikt_589,Giorgio,MISSING,NULL,MISSING,nsubj,MISSING,leftover_source,
1183,510,one-to-one,dn_560,ikt_589,Giorgio,MISSING,PRON,MISSING,nsubj,MISSING,leftover_source,
1184,510,one-to-one,dn_560,ikt_589,MISSING,Giorgio Ippolita,MISSING,NULL,MISSING,nsubj,leftover_target,
1185,512,one-to-one,dn_562,ikt_592,Giorgio,Giorgio,NULL,NULL,nsubj,nsubj,zero_zero_semantic,0.48301820788118577
1186,512,one-to-one,dn_562,ikt_592,Giorgio,Giorgio,NULL,NULL,nsubj,nsubj,zero_zero_semantic,0.0682012422602306
1187,513,one-to-one,dn_563,ikt_593,Giorgio Ippolita,Giorgio Ippolita,NULL,NULL,nsubj,nsubj,zero_zero_single,
1188,514,one-to-one,dn_564,ikt_594,Giorgio,Giorgio,PRON,PRON,nsubj,nmod,explicit_ref_pos,
1189,514,one-to-one,dn_564,ikt_594,Ippolita,Ippolita,PRON,PRON,nsubj,nsubj,explicit_full,
1190,514,one-to-one,dn_564,ikt_594,Ippolita,Ippolita,NULL,NULL,nsubj,nsubj,zero_zero_semantic,0.5219818609194797
1191,514,one-to-one,dn_564,ikt_594,Ippolita,Ippolita,NULL,NULL,nsubj,nsubj,zero_zero_semantic,0.4437754412230692
1192,514,one-to-one,dn_564,ikt_594,Ippolita,MISSING,PRON-REFLEX,MISSING,obj,MISSING,leftover_source,
1193,515,one-to-one,dn_565,ikt_595,Ippolita,Ippolita,NULL,NULL,nsubj,nsubj,zero_zero_single,
1194,516,one-to-many,dn_566,ikt_596 ikt_597,Giorgio,Giorgio,PRON,PRON,nsubj,nsubj,explicit_full,
1195,516,one-to-many,dn_566,ikt_596 ikt_597,Ippolita,Ippolita,PRON,PROPN,obj,nmod,explicit_ref_only,
1196,516,one-to-many,dn_566,ikt_596 ikt_597,MISSING,Ippolita,MISSING,DET,MISSING,nmod,leftover_target,
1197,517,one-to-many,dn_567,ikt_598 ikt_599,Giorgio,Giorgio,NULL,NULL,nsubj,nsubj,zero_zero_single,
1198,517,one-to-many,dn_567,ikt_598 ikt_599,MISSING,Ippolita,MISSING,PRON,MISSING,nmod,leftover_target,
1199,517,one-to-many,dn_567,ikt_598 ikt_599,MISSING,Ippolita,MISSING,DET,MISSING,nmod,leftover_target,
1200,518,one-to-one,dn_568,ikt_600,Giorgio,Giorgio,NULL,PRON,nsubj,nsubj,zero_to_tgt_anchor,
1201,518,one-to-one,dn_568,ikt_600,Ippolita,Ippolita,PRON,PRON,nsubj,nsubj,explicit_full,
1202,519,one-to-one,dn_569,ikt_601,Ippolita,Ippolita,NULL,PRON,nsubj,nsubj,zero_to_tgt_anchor,
1203,520,one-to-one,dn_570,ikt_602,Ippolita,Ippolita,NULL,NULL,nsubj,nsubj,zero_zero_single,
1204,521,one-to-one,dn_571,ikt_603,Ippolita,Ippolita,PRON,PRON,nsubj,nsubj,explicit_full,
1205,521,one-to-one,dn_571,ikt_603,Ippolita,MISSING,DET,MISSING,nmod,MISSING,leftover_source,
1206,522,one-to-one,dn_572,ikt_604,Giorgio,Giorgio,PRON,PRON,nsubj,nsubj,explicit_full,
1207,522,one-to-one,dn_572,ikt_604,Giorgio,MISSING,DET,MISSING,nmod,MISSING,leftover_source,
1208,522,one-to-one,dn_572,ikt_604,MISSING,Giorgio,MISSING,NULL,MISSING,nsubj,leftover_target,
1209,522,one-to-one,dn_572,ikt_604,MISSING,Giorgio,MISSING,NULL,MISSING,nsubj,leftover_target,
1210,522,one-to-one,dn_572,ikt_604,MISSING,Giorgio,MISSING,NULL,MISSING,nsubj,leftover_target,
1211,523,many-to-one,dn_573 dn_574,ikt_605,Giorgio,Giorgio,PRON,PRON,obj,obj,explicit_full,
1212,523,many-to-one,dn_573 dn_574,ikt_605,Ippolita,Ippolita,PRON,PRON,nsubj,nsubj,explicit_full,
1213,523,many-to-one,dn_573 dn_574,ikt_605,Ippolita,Ippolita,PRON,PRON,obj,obj,explicit_full,
1214,523,many-to-one,dn_573 dn_574,ikt_605,Ippolita,Ippolita,PRON,PRON,obj,obj,explicit_full,
1215,523,many-to-one,dn_573 dn_574,ikt_605,Ippolita,Ippolita,NULL,NULL,nsubj,nsubj,zero_zero_semantic,0.2793347011534054
1216,523,many-to-one,dn_573 dn_574,ikt_605,Ippolita,Ippolita,NULL,NULL,nsubj,nsubj,zero_zero_semantic,0.24857127316327932
1217,523,many-to-one,dn_573 dn_574,ikt_605,MISSING,Ippolita,MISSING,PRON,MISSING,nmod,leftover_target,
1218,523,many-to-one,dn_573 dn_574,ikt_605,MISSING,Ippolita,MISSING,NULL,MISSING,nsubj,leftover_target,
1219,524,one-to-one,dn_575,ikt_606,AlfonsoExili,AlfonsoExili,PROPN,PROPN,nsubj,nmod,explicit_ref_pos,
1220,524,one-to-one,dn_575,ikt_606,Monti,Monti,NOUN,NOUN,nsubj,nsubj,explicit_full,
1221,524,one-to-one,dn_575,ikt_606,Monti,MISSING,PRON,MISSING,obj,MISSING,leftover_source,
1222,525,one-to-one,dn_576,ikt_607,Ippolita,Ippolita,PRON,PRON,nsubj,nsubj,explicit_full,
1223,526,one-to-one,dn_577,ikt_608,Ippolita,Ippolita,NULL,NULL,nsubj,nsubj,zero_zero_single,
1224,526,one-to-one,dn_577,ikt_608,Ippolita,MISSING,PRON-REFLEX,MISSING,obj,MISSING,leftover_source,
1225,527,one-to-one,dn_578,ikt_609,Ippolita,Ippolita,NULL,NULL,nsubj,nsubj,zero_zero_semantic,0.4924027573849474
1226,527,one-to-one,dn_578,ikt_609,Ippolita,MISSING,PRON,MISSING,obj,MISSING,leftover_source,
1227,527,one-to-one,dn_578,ikt_609,MISSING,Ippolita,MISSING,NULL,MISSING,nsubj,leftover_target,
1228,528,one-to-one,dn_579,ikt_610,CountessAlbertini,CountessAlbertini,NOUN,NOUN,nsubj,nsubj,explicit_full,
1229,528,one-to-one,dn_579,ikt_610,MISSING,CountessAlbertini,MISSING,NOUN,MISSING,nmod,leftover_target,
1230,528,one-to-one,dn_579,ikt_610,Giorgio,Giorgio,PRON,PRON,obj,nsubj,explicit_ref_pos,
1231,529,one-to-one,dn_580,ikt_611,CountessAlbertini,CountessAlbertini,PRON,NOUN,nsubj,nsubj,explicit_ref_case,
1232,529,one-to-one,dn_580,ikt_611,CountessAlbertini,CountessAlbertini,NULL,NULL,nsubj,nsubj,zero_zero_semantic,0.2999347402104016
1233,529,one-to-one,dn_580,ikt_611,MISSING,CountessAlbertini,MISSING,NULL,MISSING,nsubj,leftover_target,
1234,529,one-to-one,dn_580,ikt_611,CountessAlbertinis-husband,CountessAlbertinis-husband,NOUN,NOUN,obj,obj,explicit_full,
1235,530,many-to-one,dn_581 dn_582,ikt_612,Giorgio,Giorgio,PRON,PRON,obj,nmod,explicit_ref_pos,
1236,530,many-to-one,dn_581 dn_582,ikt_612,Giorgio,Giorgio,PRON,PRON,nsubj,nmod,explicit_ref_pos,
1237,530,many-to-one,dn_581 dn_582,ikt_612,MISSING,Giorgio,MISSING,NULL,MISSING,nsubj,leftover_target,
1238,531,one-to-one,dn_583,ikt_613,Giorgio,Giorgio,DET,PRON,nmod,nsubj,explicit_ref_only,
1239,532,one-to-one,dn_584,ikt_614,Giorgio,Giorgio,PRON,PRON,nsubj,nsubj,explicit_full,
1240,532,one-to-one,dn_584,ikt_614,MISSING,Ippolita,MISSING,NOUN,MISSING,nmod,leftover_target,
1241,534,one-to-one,dn_586,ikt_616,Ippolita,Ippolita,PRON,PRON,nsubj,nsubj,explicit_full,
1242,534,one-to-one,dn_586,ikt_616,Ippolita,MISSING,PRON,MISSING,obj,MISSING,leftover_source,
1243,535,one-to-one,dn_587,ikt_617,Ippolita,MISSING,PRON,MISSING,nsubj,MISSING,leftover_source,
1244,537,many-to-one,dn_589 dn_590 dn_591,ikt_619,Ippolita,MISSING,PRON,MISSING,nsubj,MISSING,leftover_source,
1245,538,one-to-many,dn_592,ikt_620 ikt_621,Giorgio,Giorgio,NOUN,NOUN,nmod,nmod,explicit_full,
1246,538,one-to-many,dn_592,ikt_620 ikt_621,Ippolita,Ippolita,NULL,NULL,nsubj,nsubj,zero_zero_semantic,0.24694063669384114
1247,538,one-to-many,dn_592,ikt_620 ikt_621,Ippolita,MISSING,PRON-REFLEX,MISSING,obj,MISSING,leftover_source,
1248,538,one-to-many,dn_592,ikt_620 ikt_621,MISSING,Ippolita,MISSING,PRON,MISSING,nsubj,leftover_target,
1249,538,one-to-many,dn_592,ikt_620 ikt_621,MISSING,Ippolita,MISSING,NULL,MISSING,nsubj,leftover_target,
1250,538,one-to-many,dn_592,ikt_620 ikt_621,MISSING,Ippolita,MISSING,NULL,MISSING,nsubj,leftover_target,
1251,538,one-to-many,dn_592,ikt_620 ikt_621,MISSING,Ippolita,MISSING,DET,MISSING,nmod,leftover_target,
1252,538,one-to-many,dn_592,ikt_620 ikt_621,MISSING,Ippolita,MISSING,NULL,MISSING,nsubj,leftover_target,
1253,539,one-to-one,dn_593,ikt_622,Ippolita,Ippolita,PRON,PRON,nsubj,nsubj,explicit_full,
1254,539,one-to-one,dn_593,ikt_622,Ippolita,Ippolita,NULL,NULL,nsubj,nsubj,zero_zero_semantic,0.2634540945291519
1255,539,one-to-one,dn_593,ikt_622,MISSING,Ippolita,MISSING,NULL,MISSING,nsubj,leftover_target,
1256,540,many-to-one,dn_594 dn_595,ikt_623,MISSING,Giorgio,MISSING,PRON,MISSING,nsubj,leftover_target,
1257,542,one-to-one,dn_597,ikt_625,Giorgio Ippolita,Giorgio Ippolita,PRON,NULL,nsubj,nsubj,zero_to_src_anchor,
1258,542,one-to-one,dn_597,ikt_625,Ippolita,MISSING,NULL,MISSING,nsubj,MISSING,leftover_source,
1259,543,one-to-one,dn_598,ikt_626,Giorgio,Giorgio,PROPN,PROPN,obj,nsubj,explicit_ref_pos,
1260,543,one-to-one,dn_598,ikt_626,MISSING,Giorgio,MISSING,NULL,MISSING,nsubj,leftover_target,
1261,544,one-to-one,dn_599,ikt_627,Giorgio,Giorgio,PRON,PRON,nsubj,nsubj,explicit_full,
1262,544,one-to-one,dn_599,ikt_627,Giorgio,MISSING,PRON-REFLEX,MISSING,obj,MISSING,leftover_source,
1263,545,one-to-one,dn_600,ikt_628,Giorgio,Giorgio,NULL,NULL,nsubj,nsubj,zero_zero_semantic,0.4472177195058447
1264,545,one-to-one,dn_600,ikt_628,Giorgio,Giorgio,NULL,PRON,nsubj,nsubj,zero_to_tgt_anchor,
1265,545,one-to-one,dn_600,ikt_628,MISSING,Giorgio,MISSING,DET,MISSING,nmod,leftover_target,
1266,545,one-to-one,dn_600,ikt_628,MISSING,Giorgio,MISSING,PRON,MISSING,nsubj,leftover_target,
1267,545,one-to-one,dn_600,ikt_628,Ippolita,Ippolita,PROPN,PROPN,nmod,nmod,explicit_full,
1268,547,one-to-one,dn_602,ikt_630,Ippolita,Ippolita,NULL,PRON,nsubj,nsubj,zero_to_tgt_anchor,
1269,548,one-to-one,dn_603,ikt_631,MISSING,Ippolita,MISSING,PRON,MISSING,nsubj,leftover_target,
1270,548,one-to-one,dn_603,ikt_631,MISSING,Ippolita,MISSING,NULL,MISSING,nsubj,leftover_target,
1271,548,one-to-one,dn_603,ikt_631,MISSING,Ippolita,MISSING,NULL,MISSING,nsubj,leftover_target,
1272,550,one-to-many,dn_606,ikt_637 ikt_638,Ippolita,Ippolita,PROPN,PROPN,nsubj,nsubj,explicit_full,
1273,550,one-to-many,dn_606,ikt_637 ikt_638,Ippolita,Ippolita,NULL,NULL,nsubj,nsubj,zero_zero_single,
1274,552,one-to-one,dn_608,ikt_639,Giorgio,Giorgio,PRON,PRON,nsubj,nsubj,explicit_full,
1275,553,one-to-one,dn_609,ikt_640,MISSING,Giorgio,MISSING,NULL,MISSING,nsubj,leftover_target,
1276,554,one-to-many,dn_610,ikt_641 ikt_642,Giorgio,Giorgio,PRON,PRON,nsubj,nsubj,explicit_full,
1277,554,one-to-many,dn_610,ikt_641 ikt_642,Giorgio,Giorgio,NULL,NULL,nsubj,nsubj,zero_zero_semantic,0.41060925747984595
1278,554,one-to-many,dn_610,ikt_641 ikt_642,Giorgio,MISSING,NULL,MISSING,nsubj,MISSING,leftover_source,
1279,554,one-to-many,dn_610,ikt_641 ikt_642,Giorgio,MISSING,PRON,MISSING,obj,MISSING,leftover_source,
1280,556,one-to-one,dn_612,ikt_644,Giorgio,Giorgio,PRON,PRON,nsubj,nsubj,explicit_full,
1281,556,one-to-one,dn_612,ikt_644,Giorgio,MISSING,NULL,MISSING,nsubj,MISSING,leftover_source,
1282,557,many-to-one,dn_613 dn_614,ikt_645,MISSING,Giorgio,MISSING,PRON,MISSING,obj,leftover_target,
1283,557,many-to-one,dn_613 dn_614,ikt_645,MISSING,Giorgio,MISSING,NULL,MISSING,nsubj,leftover_target,
1284,557,many-to-one,dn_613 dn_614,ikt_645,MISSING,Giorgio,MISSING,NULL,MISSING,nsubj,leftover_target,
1285,558,one-to-one,dn_615,ikt_646,MISSING,Giorgio,MISSING,NULL,MISSING,nsubj,leftover_target,
1286,558,one-to-one,dn_615,ikt_646,MISSING,Giorgio,MISSING,NULL,MISSING,nsubj,leftover_target,
1287,558,one-to-one,dn_615,ikt_646,MISSING,Giorgio,MISSING,NULL,MISSING,nsubj,leftover_target,
1288,558,one-to-one,dn_615,ikt_646,MISSING,Giorgio,MISSING,NULL,MISSING,nsubj,leftover_target,
1289,558,one-to-one,dn_615,ikt_646,MISSING,Giorgio,MISSING,NULL,MISSING,nsubj,leftover_target,
1290,558,one-to-one,dn_615,ikt_646,MISSING,Giorgio,MISSING,NULL,MISSING,nsubj,leftover_target,
1291,559,many-to-one,dn_616 dn_617,ikt_647,Ippolita,Ippolita,PROPN,PROPN,nsubj,nsubj,explicit_full,
1292,559,many-to-one,dn_616 dn_617,ikt_647,Ippolita,Ippolita,PRON,NULL,nsubj,nsubj,zero_to_src_anchor,
1293,560,one-to-one,dn_618,ikt_648,Ippolita,Ippolita,PRON,PRON,nsubj,nsubj,explicit_full,
1294,561,one-to-one,dn_619,ikt_649,Giorgio,Giorgio,NULL,NULL,nsubj,nsubj,zero_zero_single,
1295,561,one-to-one,dn_619,ikt_649,Ippolita,MISSING,PRON,MISSING,obj,MISSING,leftover_source,
1296,562,one-to-many,dn_620,ikt_650 ikt_651 ikt_652,Giorgio,Giorgio,NOUN,NOUN,nmod,nmod,explicit_full,
1297,562,one-to-many,dn_620,ikt_650 ikt_651 ikt_652,Giorgio,Giorgio,PRON,DET,obj,nmod,explicit_ref_only,
1298,562,one-to-many,dn_620,ikt_650 ikt_651 ikt_652,Ippolita,Ippolita,PRON,PRON,nsubj,nsubj,explicit_full,
1299,562,one-to-many,dn_620,ikt_650 ikt_651 ikt_652,Ippolita,Ippolita,NULL,NULL,nsubj,nsubj,zero_zero_semantic,0.44117504278054603
1300,562,one-to-many,dn_620,ikt_650 ikt_651 ikt_652,Ippolita,MISSING,PRON-REFLEX,MISSING,obj,MISSING,leftover_source,
1301,562,one-to-many,dn_620,ikt_650 ikt_651 ikt_652,MISSING,Ippolita,MISSING,PRON,MISSING,nmod,leftover_target,
1302,562,one-to-many,dn_620,ikt_650 ikt_651 ikt_652,MISSING,Ippolita,MISSING,PRON,MISSING,nsubj,leftover_target,
1303,562,one-to-many,dn_620,ikt_650 ikt_651 ikt_652,MISSING,Ippolita,MISSING,NULL,MISSING,nsubj,leftover_target,
1304,563,one-to-one,dn_621,ikt_653,Giorgio,Giorgio,NULL,NULL,nsubj,nsubj,zero_zero_single,
1305,563,one-to-one,dn_621,ikt_653,Ippolita,MISSING,PRON,MISSING,obj,MISSING,leftover_source,
1306,564,many-to-one,dn_622 dn_623,ikt_654,Giorgio,Giorgio,PRON,PRON,nsubj,nsubj,explicit_full,
1307,564,many-to-one,dn_622 dn_623,ikt_654,Giorgio,Giorgio,NULL,NULL,nsubj,nsubj,zero_zero_semantic,0.42151422746186423
1308,564,many-to-one,dn_622 dn_623,ikt_654,MISSING,Giorgio,MISSING,NULL,MISSING,nsubj,leftover_target,
1309,564,many-to-one,dn_622 dn_623,ikt_654,Ippolita,Ippolita,PRON,PRON,obj,obj,explicit_full,
1310,564,many-to-one,dn_622 dn_623,ikt_654,Ippolita,Ippolita,PRON,PROPN,obj,nmod,explicit_ref_only,
1311,565,one-to-one,dn_624,ikt_655,Ippolita,MISSING,NULL,MISSING,nsubj,MISSING,leftover_source,
1312,565,one-to-one,dn_624,ikt_655,MISSING,Ippolita,MISSING,PRON,MISSING,nmod,leftover_target,
1313,566,one-to-one,dn_625,ikt_656,Giorgio,Giorgio,NULL,PRON,nsubj,nsubj,zero_to_tgt_anchor,
1314,567,one-to-one,dn_626,ikt_657,Giorgio,Giorgio,PRON,PRON,nsubj,nmod,explicit_ref_pos,
1315,567,one-to-one,dn_626,ikt_657,Giorgio,MISSING,NULL,MISSING,nsubj,MISSING,leftover_source,
1316,567,one-to-one,dn_626,ikt_657,Ippolita,Ippolita,PROPN,PROPN,obj,nsubj,explicit_ref_pos,
1317,567,one-to-one,dn_626,ikt_657,Ippolita,MISSING,PRON,MISSING,nmod,MISSING,leftover_source,
1318,568,one-to-one,dn_627,ikt_658,Giorgio,MISSING,NULL,MISSING,nsubj,MISSING,leftover_source,
1319,568,one-to-one,dn_627,ikt_658,Ippolita,MISSING,PRON,MISSING,obj,MISSING,leftover_source,
1320,568,one-to-one,dn_627,ikt_658,MISSING,Ippolita,MISSING,NULL,MISSING,nsubj,leftover_target,
1321,569,one-to-one,dn_628,ikt_659,Giorgio,Giorgio,PRON,PRON,nsubj,nmod,explicit_ref_pos,
1322,569,one-to-one,dn_628,ikt_659,Ippolita,Ippolita,PRON,PRON,nsubj,nsubj,explicit_full,
1323,569,one-to-one,dn_628,ikt_659,Ippolita,MISSING,PRON,MISSING,obj,MISSING,leftover_source,
1324,569,one-to-one,dn_628,ikt_659,MISSING,Ippolita,MISSING,NULL,MISSING,nsubj,leftover_target,
1325,570,one-to-one,dn_629,ikt_660,Giorgio,Giorgio,NULL,NULL,nsubj,nsubj,zero_zero_single,
1326,570,one-to-one,dn_629,ikt_660,Ippolita,MISSING,PRON,MISSING,obj,MISSING,leftover_source,
1327,571,one-to-one,dn_630,ikt_661,Ippolita,Ippolita,PRON,PRON,nsubj,nsubj,explicit_full,
1328,574,one-to-one,dn_633,ikt_664,Giorgio,MISSING,PRON,MISSING,nsubj,MISSING,leftover_source,
1329,574,one-to-one,dn_633,ikt_664,Giorgio Ippolita,Giorgio Ippolita,NULL,NULL,nsubj,nsubj,zero_zero_semantic,0.2947765769106729
1330,574,one-to-one,dn_633,ikt_664,Giorgio Ippolita,Giorgio Ippolita,PRON,NULL,nsubj,nsubj,zero_to_src_anchor,
1331,574,one-to-one,dn_633,ikt_664,MISSING,Giorgio Ippolita,MISSING,NULL,MISSING,nsubj,leftover_target,
1332,575,one-to-one,dn_634,ikt_665,Giorgio Ippolita,Giorgio Ippolita,NULL,NULL,nsubj,nsubj,zero_zero_single,
1333,576,many-to-one,dn_635 dn_636,ikt_666,Giorgio,Giorgio,PROPN,PRON,nsubj,nsubj,explicit_ref_case,
1334,576,many-to-one,dn_635 dn_636,ikt_666,MISSING,Giorgio,MISSING,NULL,MISSING,nsubj,leftover_target,
1335,576,many-to-one,dn_635 dn_636,ikt_666,MISSING,Giorgio,MISSING,NULL,MISSING,nsubj,leftover_target,
1336,577,one-to-one,dn_637,ikt_667,Giorgio,Giorgio,PRON,PROPN,nsubj,nsubj,explicit_ref_case,
1337,578,one-to-one,dn_638,ikt_668,Ippolita,Ippolita,PROPN,PROPN,nsubj,nsubj,explicit_full,
1338,578,one-to-one,dn_638,ikt_668,Ippolita,MISSING,DET,MISSING,nmod,MISSING,leftover_source,
1339,578,one-to-one,dn_638,ikt_668,aunt-Giovianna,aunt-Giovianna,NOUN,NOUN,nmod,obj,explicit_ref_pos,
1340,579,one-to-one,dn_639,ikt_669,Giorgio,Giorgio,PRON,PRON,nsubj,obj,explicit_ref_pos,
1341,579,one-to-one,dn_639,ikt_669,Ippolita,Ippolita,PROPN,PROPN,nsubj,obj,explicit_ref_pos,
1342,582,one-to-one,dn_642,ikt_672,Giorgio Ippolita,Giorgio Ippolita,NULL,NOUN,nsubj,nsubj,zero_to_tgt_anchor,
1343,583,one-to-many,dn_643,ikt_673 ikt_674,Giorgio Ippolita,Giorgio Ippolita,PRON,NOUN,obj,nmod,explicit_ref_only,
1344,583,one-to-many,dn_643,ikt_673 ikt_674,Giorgio Ippolita,Giorgio Ippolita,NULL,NULL,nsubj,nsubj,zero_zero_semantic,0.47224073837964964
1345,583,one-to-many,dn_643,ikt_673 ikt_674,Giorgio Ippolita,MISSING,PRON-REFLEX,MISSING,obj,MISSING,leftover_source,
1346,583,one-to-many,dn_643,ikt_673 ikt_674,MISSING,Giorgio Ippolita,MISSING,NULL,MISSING,nsubj,leftover_target,
1347,583,one-to-many,dn_643,ikt_673 ikt_674,MISSING,Giorgio Ippolita,MISSING,NULL,MISSING,nsubj,leftover_target,
1348,583,one-to-many,dn_643,ikt_673 ikt_674,stations-crowd,stations-crowd,NOUN,NOUN,obj,nmod,explicit_ref_pos,
1349,584,one-to-one,dn_644,ikt_675,Giorgio Ippolita,MISSING,PRON,MISSING,obj,MISSING,leftover_source,
1350,584,one-to-one,dn_644,ikt_675,MISSING,Giorgio Ippolita,MISSING,NULL,MISSING,nsubj,leftover_target,
1351,584,one-to-one,dn_644,ikt_675,stations-crowd,MISSING,NULL,MISSING,nsubj,MISSING,leftover_source,
1352,585,many-to-one,dn_645 dn_646,ikt_676,Giorgio,MISSING,NULL,MISSING,nsubj,MISSING,leftover_source,
1353,585,many-to-one,dn_645 dn_646,ikt_676,MISSING,Giorgio,MISSING,PRON,MISSING,vocative,leftover_target,
1354,585,many-to-one,dn_645 dn_646,ikt_676,Giorgio Ippolita,MISSING,PRON,MISSING,obj,MISSING,leftover_source,
1355,585,many-to-one,dn_645 dn_646,ikt_676,MISSING,Giorgio Ippolita,MISSING,NULL,MISSING,nsubj,leftover_target,
1356,585,many-to-one,dn_645 dn_646,ikt_676,stations-crowd,MISSING,NULL,MISSING,nsubj,MISSING,leftover_source,
1357,586,one-to-one,dn_647,ikt_677,Ippolita,Ippolita,PROPN,PROPN,nsubj,nsubj,explicit_full,
1358,586,one-to-one,dn_647,ikt_677,Ippolita,Ippolita,PRON,PRON,obj,obj,explicit_full,
1359,586,one-to-one,dn_647,ikt_677,Ippolita,Ippolita,NULL,NULL,nsubj,nsubj,zero_zero_semantic,0.3259351246722163
1360,586,one-to-one,dn_647,ikt_677,Ippolita,MISSING,PRON,MISSING,nmod,MISSING,leftover_source,
1361,586,one-to-one,dn_647,ikt_677,MISSING,Ippolita,MISSING,NULL,MISSING,nsubj,leftover_target,
1362,586,one-to-one,dn_647,ikt_677,MISSING,Ippolita,MISSING,NULL,MISSING,nsubj,leftover_target,
1363,586,one-to-one,dn_647,ikt_677,MISSING,stations-crowd,MISSING,NOUN,MISSING,nmod,leftover_target,
1364,588,one-to-many,dn_649,ikt_679 ikt_680,Ippolita,Ippolita,NULL,NULL,nsubj,nsubj,zero_zero_semantic,0.3561093916234217
1365,588,one-to-many,dn_649,ikt_679 ikt_680,MISSING,Ippolita,MISSING,NULL,MISSING,nsubj,leftover_target,
1366,589,one-to-one,dn_650,ikt_681,Giorgio Ippolita,Giorgio Ippolita,NULL,NULL,nsubj,nsubj,zero_zero_semantic,0.4629197405940071
1367,589,one-to-one,dn_650,ikt_681,Giorgio Ippolita,Giorgio Ippolita,NULL,PRON,nsubj,nsubj,zero_to_tgt_anchor,
1368,589,one-to-one,dn_650,ikt_681,Giorgio Ippolita,Giorgio Ippolita,PRON-REFLEX,PRON,obj,obj,reflex_obj,
1369,589,one-to-one,dn_650,ikt_681,MrMartlet MrsMartlet another-traveller,MrMartlet MrsMartlet another-traveller,NOUN,NOUN,obj,obj,explicit_full,
1370,590,one-to-one,dn_651,ikt_682,Giorgio,Giorgio,PROPN,PROPN,nsubj,nsubj,explicit_full,
1371,590,one-to-one,dn_651,ikt_682,MrMartlet,MrMartlet,NOUN,NOUN,obj,obj,explicit_full,
1372,590,one-to-one,dn_651,ikt_682,MrsMartlet,MrsMartlet,NOUN,NOUN,obj,obj,explicit_full,
1373,591,one-to-one,dn_652,ikt_683,MrMartlet MrsMartlet,MISSING,NULL,MISSING,nsubj,MISSING,leftover_source,
1374,592,one-to-one,dn_653,ikt_684,Giorgio,MISSING,NOUN,MISSING,nmod,MISSING,leftover_source,
1375,592,one-to-one,dn_653,ikt_684,Ippolita,Ippolita,PROPN,PROPN,nsubj,nsubj,explicit_full,
1376,592,one-to-one,dn_653,ikt_684,Ippolita,MISSING,PRON-REFLEX,MISSING,obj,MISSING,leftover_source,
1377,593,one-to-one,dn_654,ikt_685,Giorgio,Giorgio,NULL,NULL,nsubj,nsubj,zero_zero_single,
1378,593,one-to-one,dn_654,ikt_685,Ippolita,MISSING,PRON,MISSING,obj,MISSING,leftover_source,
1379,594,one-to-one,dn_655,ikt_686,Ippolita,Ippolita,PRON,PRON,nsubj,nsubj,explicit_full,
1380,594,one-to-one,dn_655,ikt_686,MISSING,Ippolita,MISSING,NULL,MISSING,nsubj,leftover_target,
1381,594,one-to-one,dn_655,ikt_686,MrMartlet MrsMartlet,MrMartlet MrsMartlet,NOUN,NOUN,obj,obj,explicit_full,
1382,595,one-to-one,dn_656,ikt_687,MrMartlet,MrMartlet,NOUN,NOUN,nsubj,nsubj,explicit_full,
1383,595,one-to-one,dn_656,ikt_687,MrMartlet,MrMartlet,NOUN,NOUN,pred,pred,explicit_full,
1384,595,one-to-one,dn_656,ikt_687,MISSING,MrMartlet,MISSING,NULL,MISSING,nsubj,leftover_target,
1385,596,one-to-many,dn_657,ikt_688 ikt_689,MrsMartlet,MrsMartlet,NOUN,NOUN,nsubj,nsubj,explicit_full,
1386,596,one-to-many,dn_657,ikt_688 ikt_689,MrsMartlet,MrsMartlet,DET,DET,nmod,nmod,explicit_full,
1387,596,one-to-many,dn_657,ikt_688 ikt_689,MrsMartlet,MrsMartlet,NULL,NULL,nsubj,nsubj,zero_zero_semantic,0.6074817699321152
1388,596,one-to-many,dn_657,ikt_688 ikt_689,MrsMartlet,MISSING,DET,MISSING,nmod,MISSING,leftover_source,
1389,596,one-to-many,dn_657,ikt_688 ikt_689,MISSING,MrsMartlet,MISSING,NULL,MISSING,nsubj,leftover_target,
1390,597,one-to-one,dn_658,ikt_690,MrMartlet,MrMartlet,NOUN,NOUN,nmod,nmod,explicit_full,
1391,598,one-to-one,dn_659,ikt_691,Giorgio,Giorgio,PROPN,PROPN,nmod,nmod,explicit_full,
1392,598,one-to-one,dn_659,ikt_691,MrMartlet,MrMartlet,PRON,PRON,nsubj,nsubj,explicit_full,
1393,599,one-to-one,dn_660,ikt_692,Ippolita,Ippolita,PROPN,PROPN,nsubj,nsubj,explicit_full,
1394,599,one-to-one,dn_660,ikt_692,Ippolita,MISSING,DET,MISSING,nmod,MISSING,leftover_source,
1395,600,one-to-one,dn_661,ikt_693,Ippolita,Ippolita,NULL,NULL,nsubj,nsubj,zero_zero_single,
1396,600,one-to-one,dn_661,ikt_693,Ippolita,MISSING,PRON,MISSING,nsubj,MISSING,leftover_source,
1397,600,one-to-one,dn_661,ikt_693,MrMartlet MrsMartlet,MrMartlet MrsMartlet,NOUN,NOUN,obj,obj,explicit_full,
1398,601,one-to-many,dn_662,ikt_694 ikt_695,Ippolita,Ippolita,DET,PRON,nmod,nmod,explicit_ref_case,
1399,601,one-to-many,dn_662,ikt_694 ikt_695,Ippolita,Ippolita,NULL,NULL,nsubj,nsubj,zero_zero_semantic,0.3269348321604605
1400,601,one-to-many,dn_662,ikt_694 ikt_695,Ippolita,MISSING,NULL,MISSING,nsubj,MISSING,leftover_source,
1401,601,one-to-many,dn_662,ikt_694 ikt_695,MrMartlet MrsMartlet,MrMartlet MrsMartlet,NOUN,NOUN,nsubj,nsubj,explicit_full,
1402,602,one-to-one,dn_663,ikt_697,Giorgio,MISSING,NULL,MISSING,nsubj,MISSING,leftover_source,
1403,602,one-to-one,dn_663,ikt_697,MISSING,Giorgio,MISSING,PRON,MISSING,vocative,leftover_target,
1404,602,one-to-one,dn_663,ikt_697,Ippolita,MISSING,PRON,MISSING,obj,MISSING,leftover_source,
1405,603,one-to-one,dn_664,ikt_696,MrMartlet MrsMartlet,MISSING,NULL,MISSING,nsubj,MISSING,leftover_source,
1406,604,one-to-one,dn_665,ikt_698,Giorgio,Giorgio,NOUN,PROPN,nsubj,nmod,explicit_ref_only,
1407,604,one-to-one,dn_665,ikt_698,Ippolita,Ippolita,NULL,PRON,nsubj,nsubj,zero_to_tgt_anchor,
1408,605,one-to-one,dn_666,ikt_699,MrMartlet MrsMartlet,MrMartlet MrsMartlet,PROPN,PROPN,nsubj,nsubj,explicit_full,
1409,606,one-to-one,dn_667,ikt_700,MrMartlet,MrMartlet,PROPN,PROPN,nsubj,nsubj,explicit_full,
1410,606,one-to-one,dn_667,ikt_700,MrsMartlet,MrsMartlet,NOUN,NOUN,obj,nsubj,explicit_ref_pos,
1411,607,one-to-one,dn_668,ikt_701,Giorgio Ippolita,MISSING,PRON,MISSING,obj,MISSING,leftover_source,
1412,607,one-to-one,dn_668,ikt_701,MrMartlet MrsMartlet,MISSING,NULL,MISSING,nsubj,MISSING,leftover_source,
1413,607,one-to-one,dn_668,ikt_701,MISSING,MrMartlet MrsMartlet,MISSING,NOUN,MISSING,obj,leftover_target,
1414,608,one-to-one,dn_669,ikt_702,MISSING,Ippolita,MISSING,NULL,MISSING,nsubj,leftover_target,
1415,608,one-to-one,dn_669,ikt_702,MISSING,Ippolita,MISSING,NULL,MISSING,nsubj,leftover_target,
1416,608,one-to-one,dn_669,ikt_702,MrMartlet MrsMartlet,MISSING,NULL,MISSING,nsubj,MISSING,leftover_source,
1417,608,one-to-one,dn_669,ikt_702,MrMartlet MrsMartlet,MISSING,NULL,MISSING,nsubj,MISSING,leftover_source,
1418,608,one-to-one,dn_669,ikt_702,MISSING,MrMartlet MrsMartlet,MISSING,NOUN,MISSING,obj,leftover_target,
1419,609,one-to-many,dn_670,ikt_703 ikt_704,Ippolita,Ippolita,NULL,NULL,nsubj,nsubj,zero_zero_single,
1420,609,one-to-many,dn_670,ikt_703 ikt_704,Ippolita,MISSING,PRON,MISSING,nsubj,MISSING,leftover_source,
1421,609,one-to-many,dn_670,ikt_703 ikt_704,MrMartlet MrsMartlet,MISSING,PRON,MISSING,obj,MISSING,leftover_source,
1422,610,one-to-one,dn_671,ikt_705,Giorgio,Giorgio,PRON,PRON,nsubj,nsubj,explicit_full,
1423,610,one-to-one,dn_671,ikt_705,Ippolita,Ippolita,PRON,PRON,obj,obj,explicit_full,
1424,610,one-to-one,dn_671,ikt_705,MrMartlet MrsMartlet,MISSING,PRON,MISSING,nsubj,MISSING,leftover_source,
1425,611,one-to-one,dn_672,ikt_706,Ippolita,Ippolita,NULL,NULL,nsubj,nsubj,zero_zero_single,
1426,612,one-to-one,dn_673,ikt_707,Ippolita,Ippolita,PRON,PRON,obj,nsubj,explicit_ref_pos,
1427,613,one-to-one,dn_674,ikt_708,Ippolita,Ippolita,PRON,PRON,obj,obj,explicit_full,
1428,614,one-to-one,dn_675,ikt_709,Ippolita,Ippolita,PRON,PRON,nsubj,nsubj,explicit_full,
1429,614,one-to-one,dn_675,ikt_709,MrMartlet MrsMartlet,MrMartlet MrsMartlet,NOUN,NOUN,obj,obj,explicit_full,
1430,616,one-to-one,dn_677,ikt_711,Ippolita,Ippolita,NULL,PRON,nsubj,nsubj,zero_to_tgt_anchor,
1431,616,one-to-one,dn_677,ikt_711,Ippolita,MISSING,PRON-REFLEX,MISSING,obj,MISSING,leftover_source,
1432,616,one-to-one,dn_677,ikt_711,Ippolita,MISSING,NULL,MISSING,nsubj,MISSING,leftover_source,
1433,617,one-to-one,dn_678,ikt_712,Ippolita,Ippolita,NULL,NULL,nsubj,nsubj,zero_zero_semantic,0.6784841136799918
1434,617,one-to-one,dn_678,ikt_712,MISSING,Ippolita,MISSING,NULL,MISSING,nsubj,leftover_target,
1435,618,one-to-many,dn_679,ikt_713 ikt_714 ikt_715,AlessandroMemmi,AlessandroMemmi,NOUN,NOUN,nsubj,nsubj,explicit_full,
1436,618,one-to-many,dn_679,ikt_713 ikt_714 ikt_715,SebastianBach,SebastianBach,PROPN,PROPN,nmod,nmod,explicit_full,
1437,618,one-to-many,dn_679,ikt_713 ikt_714 ikt_715,audience,audience,NOUN,NOUN,nsubj,nmod,explicit_ref_pos,
1438,618,one-to-many,dn_679,ikt_713 ikt_714 ikt_715,MISSING,chorus,MISSING,NOUN,MISSING,nsubj,leftover_target,
1439,618,one-to-many,dn_679,ikt_713 ikt_714 ikt_715,maidens,maidens,NOUN,NOUN,nsubj,nmod,explicit_ref_pos,
1440,618,one-to-many,dn_679,ikt_713 ikt_714 ikt_715,violinists,violinists,NOUN,NOUN,nsubj,nsubj,explicit_full,
1441,618,one-to-many,dn_679,ikt_713 ikt_714 ikt_715,MISSING,violinists,MISSING,NULL,MISSING,nsubj,leftover_target,
1442,619,one-to-one,dn_680,ikt_716,Giorgio,Giorgio,NOUN,NOUN,obj,nmod,explicit_ref_pos,
1443,619,one-to-one,dn_680,ikt_716,Ippolita,Ippolita,PRON,PRON,nsubj,nsubj,explicit_full,
1444,619,one-to-one,dn_680,ikt_716,Ippolita,MISSING,PRON,MISSING,obj,MISSING,leftover_source,
1445,619,one-to-one,dn_680,ikt_716,MISSING,Ippolita,MISSING,NULL,MISSING,nsubj,leftover_target,
1446,620,one-to-one,dn_681,ikt_717,Giorgio,Giorgio,PRON,PRON,nsubj,nsubj,explicit_full,
1447,620,one-to-one,dn_681,ikt_717,Giorgio,Giorgio,NULL,NULL,nsubj,nsubj,zero_zero_single,
1448,621,one-to-one,dn_682,ikt_718,Giorgio,Giorgio,PRON,PRON,obj,obj,explicit_full,
1449,621,one-to-one,dn_682,ikt_718,Giorgio,MISSING,PRON,MISSING,obj,MISSING,leftover_source,
1450,621,one-to-one,dn_682,ikt_718,Ippolita,Ippolita,PRON,PRON,nsubj,nsubj,explicit_full,
1451,621,one-to-one,dn_682,ikt_718,MISSING,Ippolita,MISSING,PRON,MISSING,nmod,leftover_target,
1452,621,one-to-one,dn_682,ikt_718,MISSING,Ippolita,MISSING,NOUN,MISSING,nsubj,leftover_target,
1453,621,one-to-one,dn_682,ikt_718,MISSING,Ippolita,MISSING,NULL,MISSING,nsubj,leftover_target,
1454,621,one-to-one,dn_682,ikt_718,MISSING,Ippolita,MISSING,NULL,MISSING,nsubj,leftover_target,
1455,622,one-to-many,dn_683,ikt_719 ikt_720,Giorgio,Giorgio,PRON,PRON,nsubj,nsubj,explicit_full,
1456,622,one-to-many,dn_683,ikt_719 ikt_720,Giorgio,Giorgio,NULL,NULL,nsubj,nsubj,zero_zero_single,
1457,622,one-to-many,dn_683,ikt_719 ikt_720,Ippolita,Ippolita,PRON,PRON,obj,nmod,explicit_ref_pos,
1458,622,one-to-many,dn_683,ikt_719 ikt_720,Ippolita,Ippolita,PRON,PRON,obj,nmod,explicit_ref_pos,
1459,623,one-to-one,dn_684,ikt_721,Giorgio Ippolita,Giorgio Ippolita,PRON,PRON,nsubj,obj,explicit_ref_pos,
1460,623,one-to-one,dn_684,ikt_721,Giorgio Ippolita,MISSING,DET,MISSING,nmod,MISSING,leftover_source,
1461,623,one-to-one,dn_684,ikt_721,MISSING,Giorgio Ippolita,MISSING,NULL,MISSING,nsubj,leftover_target,
1462,624,one-to-many,dn_685,ikt_722 ikt_723,Giorgio Ippolita,Giorgio Ippolita,NULL,NULL,nsubj,nsubj,zero_zero_semantic,0.3705288569132487
1463,624,one-to-many,dn_685,ikt_722 ikt_723,MISSING,Giorgio Ippolita,MISSING,NOUN,MISSING,nsubj,leftover_target,
1464,624,one-to-many,dn_685,ikt_722 ikt_723,MISSING,Giorgio Ippolita,MISSING,NULL,MISSING,nsubj,leftover_target,
1465,624,one-to-many,dn_685,ikt_722 ikt_723,MISSING,Giorgio Ippolita,MISSING,NULL,MISSING,nsubj,leftover_target,
1466,626,one-to-one,dn_687,ikt_725,MrMartlet,MrMartlet,PROPN,PROPN,nsubj,nsubj,explicit_full,
1467,626,one-to-one,dn_687,ikt_725,MrsMartlet,MrsMartlet,PROPN,NOUN,nsubj,nsubj,explicit_ref_case,
1468,627,one-to-one,dn_688,ikt_726,another-traveller,another-traveller,NOUN,NOUN,nsubj,nsubj,explicit_full,
1469,627,one-to-one,dn_688,ikt_726,MISSING,another-traveller,MISSING,NULL,MISSING,nsubj,leftover_target,
1470,628,one-to-one,dn_689,ikt_728,MISSING,AlessandroMemmi,MISSING,NOUN,MISSING,obj,leftover_target,
1471,628,one-to-one,dn_689,ikt_728,MrMartlet,MrMartlet,PROPN,PROPN,nsubj,nsubj,explicit_full,
1472,628,one-to-one,dn_689,ikt_728,MISSING,MrMartlet,MISSING,NULL,MISSING,nsubj,leftover_target,
1473,628,one-to-one,dn_689,ikt_728,another-traveller,MISSING,NOUN,MISSING,obj,MISSING,leftover_source,
1474,628,one-to-one,dn_689,ikt_728,MISSING,chorus,MISSING,NOUN,MISSING,nsubj,leftover_target,
1475,629,one-to-one,dn_690,ikt_729,MrMartlet another-traveller,MISSING,NOUN,MISSING,nsubj,MISSING,leftover_source,
1476,629,one-to-one,dn_690,ikt_729,MISSING,audience,MISSING,NULL,MISSING,nsubj,leftover_target,
1477,629,one-to-one,dn_690,ikt_729,MISSING,audience,MISSING,NOUN,MISSING,nsubj,leftover_target,
1478,629,one-to-one,dn_690,ikt_729,MISSING,audience,MISSING,NULL,MISSING,nsubj,leftover_target,
1479,631,one-to-one,dn_692,ikt_727,Giorgio,Giorgio,PROPN,PROPN,nsubj,nsubj,explicit_full,
1480,631,one-to-one,dn_692,ikt_727,Giorgio,MISSING,PRON-REFLEX,MISSING,obj,MISSING,leftover_source,
1481,632,one-to-one,dn_693,ikt_731,Giorgio,Giorgio,PRON,PRON,nsubj,nsubj,explicit_full,
1482,632,one-to-one,dn_693,ikt_731,Giorgio,Giorgio,DET,PRON,nmod,nmod,explicit_ref_case,
1483,633,one-to-one,dn_694,ikt_732,Giorgio,Giorgio,DET,PRON,nmod,nmod,explicit_ref_case,
1484,634,one-to-one,dn_695,ikt_733,Giorgio,Giorgio,NULL,PRON,nsubj,nsubj,zero_to_tgt_anchor,
1485,635,one-to-one,dn_696,ikt_734,Giorgio,Giorgio,DET,PRON,nmod,nmod,explicit_ref_case,
1486,636,one-to-one,dn_697,ikt_735,Giorgio,Giorgio,DET,PRON,nmod,nmod,explicit_ref_case,
1487,636,one-to-one,dn_697,ikt_735,Giorgio,Giorgio,PRON,NULL,nsubj,nsubj,zero_to_src_anchor,
1488,639,one-to-one,dn_700,ikt_738,Giorgio,Giorgio,NULL,NULL,nsubj,nsubj,zero_zero_single,
1489,639,one-to-one,dn_700,ikt_738,MrMartlet,MrMartlet,PROPN,PROPN,nsubj,obj,explicit_ref_pos,
1490,640,one-to-one,dn_701,ikt_739,Giorgio,MISSING,PRON,MISSING,obj,MISSING,leftover_source,
1491,640,one-to-one,dn_701,ikt_739,Ippolita,Ippolita,PROPN,PROPN,nsubj,nsubj,explicit_full,
1492,641,one-to-one,dn_702,ikt_740,MISSING,MrMartlet,MISSING,NULL,MISSING,nsubj,leftover_target,
1493,642,one-to-one,dn_703,ikt_742,Ippolita,Ippolita,NULL,NULL,nsubj,nsubj,zero_zero_semantic,0.24455386285598463
1494,642,one-to-one,dn_703,ikt_742,MISSING,Ippolita,MISSING,PRON,MISSING,nsubj,leftover_target,
1495,642,one-to-one,dn_703,ikt_742,MISSING,Ippolita,MISSING,NULL,MISSING,nsubj,leftover_target,
1496,643,one-to-one,dn_704,ikt_741,Giorgio,Giorgio,PRON,PRON,nsubj,nsubj,explicit_full,
1497,643,one-to-one,dn_704,ikt_741,MISSING,Giorgio,MISSING,NULL,MISSING,nsubj,leftover_target,
1498,645,many-to-one,dn_706 dn_707,ikt_744,Giorgio,MISSING,PRON,MISSING,obj,MISSING,leftover_source,
1499,645,many-to-one,dn_706 dn_707,ikt_744,MISSING,Ippolita,MISSING,PRON,MISSING,nsubj,leftover_target,
1500,645,many-to-one,dn_706 dn_707,ikt_744,MISSING,Ippolita,MISSING,NULL,MISSING,nsubj,leftover_target,
1501,646,one-to-one,dn_708,ikt_745,Giorgio,Giorgio,PRON,PRON,obj,obj,explicit_full,
1502,646,one-to-one,dn_708,ikt_745,Ippolita,Ippolita,PRON,PRON,nsubj,nsubj,explicit_full,
1503,646,one-to-one,dn_708,ikt_745,MISSING,Ippolita,MISSING,DET,MISSING,nmod,leftover_target,
1504,647,one-to-one,dn_709,ikt_746,Giorgio,Giorgio,PRON,PRON,obj,nmod,explicit_ref_pos,
1505,647,one-to-one,dn_709,ikt_746,Ippolita,Ippolita,DET,PRON,nmod,nmod,explicit_ref_case,
1506,648,one-to-one,dn_710,ikt_747,Giorgio,Giorgio,PROPN,PROPN,nsubj,nsubj,explicit_full,
1507,649,one-to-one,dn_711,ikt_748,Ippolita,Ippolita,PRON,PRON,nsubj,nsubj,explicit_full,
1508,650,one-to-one,dn_712,ikt_749,Ippolita,Ippolita,DET,PRON,nmod,nmod,explicit_ref_case,
1509,652,one-to-one,dn_714 dn_715,ikt_751 ikt_752,Giorgio,Giorgio,PRON,PRON,obj,nsubj,explicit_ref_pos,
1510,652,one-to-one,dn_714 dn_715,ikt_751 ikt_752,Ippolita,Ippolita,PRON,PRON,nsubj,nsubj,explicit_full,
1511,652,one-to-one,dn_714 dn_715,ikt_751 ikt_752,Ippolita,Ippolita,NOUN,PRON,nmod,nmod,explicit_ref_case,
1512,652,one-to-one,dn_714 dn_715,ikt_751 ikt_752,Ippolita,MISSING,PRON-REFLEX,MISSING,obj,MISSING,leftover_source,
1513,653,many-to-one,dn_716 dn_717,ikt_753,Giorgio,MISSING,NULL,MISSING,nsubj,MISSING,leftover_source,
1514,653,many-to-one,dn_716 dn_717,ikt_753,MISSING,Giorgio Ippolita,MISSING,NULL,MISSING,nsubj,leftover_target,
1515,654,one-to-one,dn_718,ikt_754,Ippolita,Ippolita,PROPN,PROPN,nsubj,nsubj,explicit_full,
1516,656,many-to-one,dn_720 dn_722,ikt_756,Giorgio,MISSING,NULL,MISSING,nsubj,MISSING,leftover_source,
1517,656,many-to-one,dn_720 dn_722,ikt_756,Giorgio Ippolita,Giorgio Ippolita,NULL,NULL,nsubj,nsubj,zero_zero_single,
1518,657,one-to-one,dn_721,ikt_757,Ippolita,Ippolita,PRON,PRON,nsubj,nsubj,explicit_full,
1519,659,many-to-one,dn_724 dn_725,ikt_759,Giorgio,Giorgio,NULL,NULL,nsubj,nsubj,zero_zero_single,
1520,662,one-to-one,dn_728,ikt_762,Giorgio,Giorgio,PROPN,PROPN,nsubj,nsubj,explicit_full,
1521,662,one-to-one,dn_728,ikt_762,Giorgio,MISSING,PRON-REFLEX,MISSING,obj,MISSING,leftover_source,
1522,664,one-to-one,dn_730,ikt_764,Giorgio,Giorgio,NULL,NULL,nsubj,nsubj,zero_zero_single,
1523,665,many-to-one,dn_731 dn_732,ikt_765,Giorgio,MISSING,NOUN,MISSING,vocative,MISSING,leftover_source,
1524,666,one-to-one,dn_733,ikt_766,man-on-the-train,man-on-the-train,NOUN,NOUN,nsubj,nsubj,explicit_full,
1525,666,one-to-one,dn_733,ikt_766,MISSING,man-on-the-train,MISSING,NULL,MISSING,nsubj,leftover_target,
1526,667,one-to-one,dn_734,ikt_767,Giorgio,Giorgio,NULL,NULL,nsubj,nsubj,zero_zero_single,
1527,668,one-to-one,dn_735,ikt_768,Giorgio,Giorgio,NULL,NULL,nsubj,nsubj,zero_zero_single,
1528,668,one-to-one,dn_735,ikt_768,Giorgio,MISSING,NOUN,MISSING,vocative,MISSING,leftover_source,
1529,669,one-to-one,dn_736,ikt_769,Ippolita,Ippolita,PROPN,PROPN,nsubj,nsubj,explicit_full,
1530,669,one-to-one,dn_736,ikt_769,Ippolita,Ippolita,PRON-REFLEX,PRON,obj,obj,reflex_obj,
1531,669,one-to-one,dn_736,ikt_769,MrMartlet MrsMartlet,MrMartlet MrsMartlet,NOUN,NOUN,nsubj,nsubj,explicit_full,
1532,669,one-to-one,dn_736,ikt_769,MrMartlet MrsMartlet,MrMartlet MrsMartlet,NULL,NULL,nsubj,nsubj,zero_zero_single,
1533,670,one-to-one,dn_737,ikt_770,Giorgio,Giorgio,NOUN,PROPN,obj,nsubj,explicit_ref_only,
1534,670,one-to-one,dn_737,ikt_770,Ippolita,Ippolita,PRON,PRON,nmod,nmod,explicit_full,
1535,672,one-to-one,dn_739,ikt_772,MISSING,Giorgio Ippolita,MISSING,NULL,MISSING,nsubj,leftover_target,
1536,673,one-to-many,dn_740,ikt_773 ikt_774,Giorgio,Giorgio,PROPN,PROPN,nsubj,nsubj,explicit_full,
1537,673,one-to-many,dn_740,ikt_773 ikt_774,Ippolita,Ippolita,PROPN,PROPN,nsubj,nsubj,explicit_full,
1538,673,one-to-many,dn_740,ikt_773 ikt_774,MISSING,Ippolita,MISSING,NULL,MISSING,nsubj,leftover_target,
1539,673,one-to-many,dn_740,ikt_773 ikt_774,man-on-the-train,man-on-the-train,NOUN,NOUN,obj,obj,explicit_full,
1540,674,one-to-one,dn_741,ikt_775,MrMartlet,MrMartlet,PROPN,PROPN,nsubj,nsubj,explicit_full,
1541,674,one-to-one,dn_741,ikt_775,MISSING,MrMartlet,MISSING,NULL,MISSING,nsubj,leftover_target,
1542,675,one-to-many,dn_742,ikt_776 ikt_777,Ippolita,Ippolita,PROPN,PROPN,obj,obj,explicit_full,
1543,675,one-to-many,dn_742,ikt_776 ikt_777,MISSING,Ippolita,MISSING,PROPN,MISSING,nsubj,leftover_target,
1544,675,one-to-many,dn_742,ikt_776 ikt_777,MrMartlet,MrMartlet,PRON,PRON,nsubj,nsubj,explicit_full,
1545,675,one-to-many,dn_742,ikt_776 ikt_777,MrMartlet,MISSING,PRON-REFLEX,MISSING,obj,MISSING,leftover_source,
1546,675,one-to-many,dn_742,ikt_776 ikt_777,MISSING,MrMartlet,MISSING,NULL,MISSING,nsubj,leftover_target,
1547,676,one-to-one,dn_743,ikt_778,MrMartlet,MrMartlet,PROPN,PROPN,vocative,vocative,explicit_full,
1548,677,one-to-one,dn_744,ikt_779,Ippolita,Ippolita,PRON,PRON,nsubj,nsubj,explicit_full,
1549,677,one-to-one,dn_744,ikt_779,MISSING,Ippolita,MISSING,NULL,MISSING,nsubj,leftover_target,
1550,677,one-to-one,dn_744,ikt_779,MISSING,Ippolita,MISSING,NULL,MISSING,nsubj,leftover_target,
1551,678,one-to-one,dn_745,ikt_780,Ippolita,MISSING,PRON,MISSING,obj,MISSING,leftover_source,
1552,678,one-to-one,dn_745,ikt_780,MISSING,Ippolita,MISSING,NULL,MISSING,nsubj,leftover_target,
1553,678,one-to-one,dn_745,ikt_780,MrMartlet,MrMartlet,PRON,NOUN,obj,nmod,explicit_ref_only,
1554,679,one-to-one,dn_746,ikt_781,Ippolita,Ippolita,NULL,NULL,nsubj,nsubj,zero_zero_single,
1555,679,one-to-one,dn_746,ikt_781,MrMartlet,MISSING,PRON,MISSING,obj,MISSING,leftover_source,
1556,680,one-to-one,dn_747,ikt_782,Giorgio,Giorgio,PROPN,PROPN,obj,nmod,explicit_ref_pos,
1557,680,one-to-one,dn_747,ikt_782,Ippolita,MISSING,PRON-REFLEX,MISSING,obj,MISSING,leftover_source,
1558,680,one-to-one,dn_747,ikt_782,MISSING,Ippolita,MISSING,NULL,MISSING,nsubj,leftover_target,
1559,681,one-to-one,dn_748,ikt_783,MISSING,Giorgio Ippolita,MISSING,NULL,MISSING,nsubj,leftover_target,
1560,682,many-to-one,dn_749 dn_750,ikt_784,station-worker,station-worker,NOUN,NOUN,nsubj,nsubj,explicit_full,
1561,682,many-to-one,dn_749 dn_750,ikt_784,MISSING,station-worker,MISSING,NULL,MISSING,nsubj,leftover_target,
1562,684,one-to-one,dn_752,ikt_786,Ippolita,Ippolita,PROPN,PROPN,nsubj,nsubj,explicit_full,
1563,686,one-to-one,dn_754,ikt_788,Ippolita,Ippolita,PRON,PRON,nsubj,nsubj,explicit_full,
1564,686,one-to-one,dn_754,ikt_788,Ippolita,Ippolita,NULL,NULL,nsubj,nsubj,zero_zero_single,
1565,687,one-to-one,dn_755,ikt_789,Giorgio,Giorgio,PRON,PRON,nsubj,nmod,explicit_ref_pos,
1566,687,one-to-one,dn_755,ikt_789,Giorgio,MISSING,PRON,MISSING,obj,MISSING,leftover_source,
1567,688,many-to-one,dn_756 dn_757,ikt_790,Giorgio,Giorgio,PROPN,NOUN,vocative,vocative,explicit_ref_case,
1568,688,many-to-one,dn_756 dn_757,ikt_790,Giorgio,Giorgio,NULL,NULL,nsubj,nsubj,zero_zero_semantic,0.36176532865674405
1569,688,many-to-one,dn_756 dn_757,ikt_790,Giorgio,Giorgio,NULL,NULL,nsubj,nsubj,zero_zero_semantic,0.20719412007536891
1570,688,many-to-one,dn_756 dn_757,ikt_790,Giorgio,Giorgio,NULL,NULL,nsubj,nsubj,zero_zero_semantic,0.5355909556052217
1571,688,many-to-one,dn_756 dn_757,ikt_790,Giorgio,MISSING,PRON-REFLEX,MISSING,obj,MISSING,leftover_source,
1572,688,many-to-one,dn_756 dn_757,ikt_790,Giorgio,MISSING,PRON-REFLEX,MISSING,obj,MISSING,leftover_source,
1573,688,many-to-one,dn_756 dn_757,ikt_790,Ippolita,MISSING,PRON,MISSING,obj,MISSING,leftover_source,
1574,689,one-to-one,dn_758,ikt_791,Giorgio,Giorgio,PRON,PRON,obj,obj,explicit_full,
1575,689,one-to-one,dn_758,ikt_791,Ippolita,Ippolita,PRON,PRON,nsubj,nsubj,explicit_full,
1576,690,one-to-one,dn_759,ikt_792,Giorgio Ippolita,Giorgio Ippolita,PRON,NOUN,nsubj,nsubj,explicit_ref_case,
1577,690,one-to-one,dn_759,ikt_792,Giorgio Ippolita,MISSING,PRON-REFLEX,MISSING,obj,MISSING,leftover_source,
1578,696,one-to-many,dn_765,ikt_798 ikt_799,Giorgio Ippolita,Giorgio Ippolita,NOUN,NOUN,nsubj,nsubj,explicit_full,
1579,696,one-to-many,dn_765,ikt_798 ikt_799,Giorgio Ippolita,MISSING,PRON-REFLEX,MISSING,obj,MISSING,leftover_source,
1580,696,one-to-many,dn_765,ikt_798 ikt_799,MISSING,Giorgio Ippolita,MISSING,NULL,MISSING,nsubj,leftover_target,
1581,699,one-to-one,dn_768,ikt_803,Giorgio,MISSING,NULL,MISSING,nsubj,MISSING,leftover_source,
1582,700,one-to-one,dn_769,ikt_804,Ippolita,Ippolita,PROPN,PROPN,nsubj,nsubj,explicit_full,
1583,700,one-to-one,dn_769,ikt_804,MISSING,Ippolita,MISSING,NULL,MISSING,nsubj,leftover_target,
1584,702,one-to-one,dn_771,ikt_806,MISSING,Giorgio Ippolita,MISSING,NOUN,MISSING,obj,leftover_target,
1585,702,one-to-one,dn_771,ikt_806,Ippolita,MISSING,PRON,MISSING,obj,MISSING,leftover_source,
1586,703,one-to-one,dn_772,ikt_807,Giorgio Ippolita,Giorgio Ippolita,NULL,NULL,nsubj,nsubj,zero_zero_single,
1587,704,one-to-one,dn_773,ikt_808,Giorgio,Giorgio,PROPN,PROPN,nsubj,nsubj,explicit_full,
1588,706,one-to-one,dn_775,ikt_810,Giorgio,Giorgio,PRON,PRON,nsubj,nsubj,explicit_full,
1589,707,one-to-one,dn_776,ikt_811,Giorgio Ippolita,Giorgio Ippolita,PRON,NOUN,obj,nmod,explicit_ref_only,
1590,708,one-to-one,dn_777,ikt_812,Giorgio Ippolita,Giorgio Ippolita,NULL,NULL,nsubj,nsubj,zero_zero_semantic,0.36632764233010157
1591,708,one-to-one,dn_777,ikt_812,MISSING,Giorgio Ippolita,MISSING,NOUN,MISSING,nsubj,leftover_target,
1592,708,one-to-one,dn_777,ikt_812,MISSING,Giorgio Ippolita,MISSING,NULL,MISSING,nsubj,leftover_target,
1593,709,one-to-one,dn_778,ikt_813,Giorgio Ippolita,MISSING,NULL,MISSING,nsubj,MISSING,leftover_source,
1594,710,one-to-one,dn_779,ikt_814,Giorgio,Giorgio,DET,PRON,nmod,nmod,explicit_ref_case,
1595,710,one-to-one,dn_779,ikt_814,Ippolita,Ippolita,DET,PRON,nmod,nmod,explicit_ref_case,
1596,711,one-to-one,dn_780,ikt_815,Giorgio,Giorgio,PROPN,PROPN,nsubj,nsubj,explicit_full,
1597,713,one-to-one,dn_782,ikt_817,Ippolita,Ippolita,PRON,PRON,nsubj,nsubj,explicit_full,
1598,714,one-to-one,dn_783,ikt_818,Giorgio,MISSING,NULL,MISSING,nsubj,MISSING,leftover_source,
1599,714,one-to-one,dn_783,ikt_818,MISSING,Giorgio,MISSING,PRON,MISSING,nmod,leftover_target,
1600,714,one-to-one,dn_783,ikt_818,Ippolita,Ippolita,PRON,PRON,obj,nsubj,explicit_ref_pos,
1601,715,one-to-one,dn_784,ikt_819,Giorgio,Giorgio,PRON,PRON,nsubj,nsubj,explicit_full,
1602,715,one-to-one,dn_784,ikt_819,MISSING,Giorgio,MISSING,NULL,MISSING,nsubj,leftover_target,
1603,716,one-to-one,dn_785,ikt_820,MISSING,Giorgio,MISSING,NULL,MISSING,nsubj,leftover_target,
1604,716,one-to-one,dn_785,ikt_820,MISSING,Giorgio,MISSING,NULL,MISSING,nsubj,leftover_target,
1605,718,one-to-many,dn_787,ikt_822 ikt_823,Giorgio,Giorgio,PRON,PRON,nsubj,nsubj,explicit_full,
1606,718,one-to-many,dn_787,ikt_822 ikt_823,Giorgio,Giorgio,NULL,NULL,nsubj,nsubj,zero_zero_semantic,0.15663407207399177
1607,718,one-to-many,dn_787,ikt_822 ikt_823,Giorgio,MISSING,NULL,MISSING,nsubj,MISSING,leftover_source,
1608,719,many-to-one,dn_788 dn_789 dn_790,ikt_824,Giorgio,Giorgio,NULL,NULL,nsubj,nsubj,zero_zero_semantic,0.3837790401502587
1609,719,many-to-one,dn_788 dn_789 dn_790,ikt_824,Giorgio,Giorgio,NULL,NULL,nsubj,nsubj,zero_zero_semantic,0.5776808889775441
1610,719,many-to-one,dn_788 dn_789 dn_790,ikt_824,Giorgio,Giorgio,NULL,NULL,nsubj,nsubj,zero_zero_semantic,0.5132464930415154
1611,719,many-to-one,dn_788 dn_789 dn_790,ikt_824,Ippolita,MISSING,PRON,MISSING,obj,MISSING,leftover_source,
1612,720,many-to-one,dn_793 dn_794,ikt_825,Giorgio,Giorgio,PRON,NULL,nsubj,nsubj,zero_to_src_anchor,
1613,721,one-to-many,dn_795,ikt_826 ikt_827 ikt_828,Giorgio,Giorgio,PRON,PRON,nsubj,nmod,explicit_ref_pos,
1614,721,one-to-many,dn_795,ikt_826 ikt_827 ikt_828,Giorgio,Giorgio,PRON,PRON,nsubj,nmod,explicit_ref_pos,
1615,721,one-to-many,dn_795,ikt_826 ikt_827 ikt_828,Giorgio,Giorgio,PRON,PROPN,obj,nmod,explicit_ref_only,
1616,721,one-to-many,dn_795,ikt_826 ikt_827 ikt_828,Ippolita,Ippolita,PROPN,PROPN,nsubj,nsubj,explicit_full,
1617,721,one-to-many,dn_795,ikt_826 ikt_827 ikt_828,MISSING,Ippolita,MISSING,NULL,MISSING,nsubj,leftover_target,
1618,721,one-to-many,dn_795,ikt_826 ikt_827 ikt_828,MISSING,Ippolita,MISSING,NULL,MISSING,nsubj,leftover_target,
1619,721,one-to-many,dn_795,ikt_826 ikt_827 ikt_828,MISSING,Ippolita,MISSING,NULL,MISSING,nsubj,leftover_target,
1620,721,one-to-many,dn_795,ikt_826 ikt_827 ikt_828,MISSING,Ippolita,MISSING,PRON,MISSING,obj,leftover_target,
1621,723,many-to-one,dn_797 dn_798,ikt_830,Giorgio,Giorgio,PRON,PRON,nsubj,nsubj,explicit_full,
1622,723,many-to-one,dn_797 dn_798,ikt_830,Ippolita,Ippolita,NULL,NULL,nsubj,nsubj,zero_zero_single,
1623,724,one-to-one,dn_799,ikt_831,Giorgio,Giorgio,PRON,NULL,nsubj,nsubj,zero_to_src_anchor,
1624,725,many-to-one,dn_800 dn_801,ikt_832,Giorgio,MISSING,PRON,MISSING,nsubj,MISSING,leftover_source,
1625,725,many-to-one,dn_800 dn_801,ikt_832,Ippolita,Ippolita,PRON,PRON,nsubj,nsubj,explicit_full,
1626,725,many-to-one,dn_800 dn_801,ikt_832,Ippolita,Ippolita,PRON,PRON,obj,nsubj,explicit_ref_pos,
1627,726,one-to-one,dn_802,ikt_833,Ippolita,Ippolita,PRON,PRON,nsubj,nsubj,explicit_full,
1628,726,one-to-one,dn_802,ikt_833,Ippolita,Ippolita,PROPN,PROPN,vocative,vocative,explicit_full,
1629,726,one-to-one,dn_802,ikt_833,Ippolita,Ippolita,NULL,NULL,nsubj,nsubj,zero_zero_single,
1630,726,one-to-one,dn_802,ikt_833,Ippolita,Ippolita,PRON-REFLEX,PRON,obj,obj,reflex_obj,
1631,727,one-to-one,dn_803,ikt_834,Giorgio,Giorgio,PRON,PRON,obj,nsubj,explicit_ref_pos,
1632,728,many-to-one,dn_804 dn_805,ikt_835,Giorgio,Giorgio,NULL,PRON,nsubj,nsubj,zero_to_tgt_anchor,
1633,728,many-to-one,dn_804 dn_805,ikt_835,Ippolita,Ippolita,NOUN,PRON,nsubj,nsubj,explicit_ref_case,
1634,728,many-to-one,dn_804 dn_805,ikt_835,Ippolita,MISSING,NULL,MISSING,nsubj,MISSING,leftover_source,
1635,729,one-to-one,dn_806,ikt_836,Ippolita,MISSING,NULL,MISSING,nsubj,MISSING,leftover_source,
1636,729,one-to-one,dn_806,ikt_836,MISSING,Ippolita,MISSING,PRON,MISSING,nmod,leftover_target,
1637,730,one-to-many,dn_807,ikt_837 ikt_838,Ippolita,Ippolita,PRON,PRON,obj,nsubj,explicit_ref_pos,
1638,730,one-to-many,dn_807,ikt_837 ikt_838,MISSING,Ippolita,MISSING,NULL,MISSING,nsubj,leftover_target,
1639,731,one-to-many,dn_808,ikt_839 ikt_840,Giorgio,Giorgio,NULL,PRON,nsubj,nsubj,zero_to_tgt_anchor,
1640,731,one-to-many,dn_808,ikt_839 ikt_840,Giorgio,MISSING,NULL,MISSING,nsubj,MISSING,leftover_source,
1641,731,one-to-many,dn_808,ikt_839 ikt_840,Giorgio,MISSING,NULL,MISSING,nsubj,MISSING,leftover_source,
1642,731,one-to-many,dn_808,ikt_839 ikt_840,MISSING,Giorgio,MISSING,PRON,MISSING,nmod,leftover_target,
1643,731,one-to-many,dn_808,ikt_839 ikt_840,Ippolita,Ippolita,PRON,PRON,obj,nmod,explicit_ref_pos,
1644,731,one-to-many,dn_808,ikt_839 ikt_840,Ippolita,Ippolita,PRON,PRON,obj,nmod,explicit_ref_pos,
1645,731,one-to-many,dn_808,ikt_839 ikt_840,Ippolita,Ippolita,PRON,PRON,obj,nsubj,explicit_ref_pos,
1646,731,one-to-many,dn_808,ikt_839 ikt_840,Ippolitas-chaperon,Ippolitas-chaperon,NOUN,NOUN,obj,obj,explicit_full,
1647,732,one-to-one,dn_809,ikt_841,Giorgio,Giorgio,NULL,NULL,nsubj,nsubj,zero_zero_single,
1648,733,one-to-one,dn_810,ikt_842,Ippolita,Ippolita,PRON,PRON,nsubj,nsubj,explicit_full,
1649,733,one-to-one,dn_810,ikt_842,Ippolita,MISSING,PRON-REFLEX,MISSING,obj,MISSING,leftover_source,
1650,733,one-to-one,dn_810,ikt_842,MISSING,Ippolita,MISSING,NULL,MISSING,nsubj,leftover_target,
1651,734,one-to-one,dn_811 dn_812,ikt_843 ikt_844,Giorgio,Giorgio,NULL,NULL,nsubj,nsubj,zero_zero_single,
1652,734,one-to-one,dn_811 dn_812,ikt_843 ikt_844,Ippolita,Ippolita,PRON,PRON,obj,nmod,explicit_ref_pos,
1653,734,one-to-one,dn_811 dn_812,ikt_843 ikt_844,Ippolita,MISSING,NULL,MISSING,nsubj,MISSING,leftover_source,
1654,735,one-to-many,dn_813,ikt_845 ikt_846,Ippolita,Ippolita,PROPN,PROPN,nsubj,nsubj,explicit_full,
1655,735,one-to-many,dn_813,ikt_845 ikt_846,MISSING,Ippolita,MISSING,PRON,MISSING,nsubj,leftover_target,
1656,735,one-to-many,dn_813,ikt_845 ikt_846,MISSING,Ippolita,MISSING,PRON,MISSING,nmod,leftover_target,
1657,736,one-to-one,dn_814,ikt_847,Ippolita,Ippolita,NULL,NULL,nsubj,nsubj,zero_zero_single,
1658,737,one-to-many,dn_816,ikt_848 ikt_849,Ippolita,Ippolita,NULL,NULL,nsubj,nsubj,zero_zero_semantic,0.4820460230456184
1659,737,one-to-many,dn_816,ikt_848 ikt_849,Ippolita,MISSING,PRON-REFLEX,MISSING,obj,MISSING,leftover_source,
1660,737,one-to-many,dn_816,ikt_848 ikt_849,MISSING,Ippolita,MISSING,NULL,MISSING,nsubj,leftover_target,
1661,737,one-to-many,dn_816,ikt_848 ikt_849,MISSING,Ippolita,MISSING,NULL,MISSING,nsubj,leftover_target,
1662,737,one-to-many,dn_816,ikt_848 ikt_849,MISSING,Ippolita,MISSING,NULL,MISSING,nsubj,leftover_target,
1663,738,one-to-one,dn_817,ikt_850,MISSING,Giorgio,MISSING,PRON,MISSING,nsubj,leftover_target,
1664,738,one-to-one,dn_817,ikt_850,MISSING,Giorgio,MISSING,NULL,MISSING,nsubj,leftover_target,
1665,738,one-to-one,dn_817,ikt_850,MISSING,Giorgio,MISSING,NULL,MISSING,nsubj,leftover_target,
1666,738,one-to-one,dn_817,ikt_850,Ippolita,MISSING,NULL,MISSING,nsubj,MISSING,leftover_source,
1667,741,one-to-many,dn_820,ikt_853 ikt_854,Giorgio Ippolita,Giorgio Ippolita,PRON,NOUN,nsubj,nsubj,explicit_ref_case,
1668,742,one-to-one,dn_821,ikt_855,Ippolita,Ippolita,PROPN,PROPN,nsubj,nsubj,explicit_full,
1669,743,one-to-one,dn_822,ikt_856,Giorgio Ippolita,Giorgio Ippolita,DET,PRON,nmod,nmod,explicit_ref_case,
1670,743,one-to-one,dn_822,ikt_856,Giorgio Ippolita,MISSING,PRON,MISSING,obj,MISSING,leftover_source,
1671,744,one-to-many,dn_823,ikt_857 ikt_858 ikt_859,Giorgio Ippolita,Giorgio Ippolita,PRON,PRON,nsubj,nsubj,explicit_full,
1672,744,one-to-many,dn_823,ikt_857 ikt_858 ikt_859,MISSING,Giorgio Ippolita,MISSING,NULL,MISSING,nsubj,leftover_target,
1673,745,one-to-one,dn_824,ikt_860,Giorgio Ippolita,Giorgio Ippolita,NOUN,PRON,nmod,nmod,explicit_ref_case,
1674,745,one-to-one,dn_824,ikt_860,Giorgio Ippolita,Giorgio Ippolita,PRON,NULL,nsubj,nsubj,zero_to_src_anchor,
1675,745,one-to-one,dn_824,ikt_860,MISSING,Giorgio Ippolita,MISSING,NULL,MISSING,nsubj,leftover_target,
1676,746,many-to-one,dn_825 dn_826,ikt_861,Giorgio Ippolita,Giorgio Ippolita,PRON,PRON,nsubj,nsubj,explicit_full,
1677,746,many-to-one,dn_825 dn_826,ikt_861,MISSING,Giorgio Ippolita,MISSING,NULL,MISSING,nsubj,leftover_target,
1678,746,many-to-one,dn_825 dn_826,ikt_861,MISSING,Giorgio Ippolita,MISSING,PRON,MISSING,nmod,leftover_target,
1679,746,many-to-one,dn_825 dn_826,ikt_861,MISSING,Giorgio Ippolita,MISSING,NULL,MISSING,nsubj,leftover_target,
1680,746,many-to-one,dn_825 dn_826,ikt_861,MISSING,Giorgio Ippolita,MISSING,NULL,MISSING,nsubj,leftover_target,
1681,747,one-to-many,dn_827,ikt_862 ikt_863,Giorgio Ippolita,Giorgio Ippolita,DET,PRON,nmod,nmod,explicit_ref_case,
1682,748,one-to-one,dn_828,ikt_864,Giorgio,Giorgio,NULL,NULL,nsubj,nsubj,zero_zero_single,
1683,749,one-to-one,dn_829,ikt_865,Ippolita,Ippolita,PROPN,PROPN,nsubj,nsubj,explicit_full,
1684,749,one-to-one,dn_829,ikt_865,MISSING,Ippolita,MISSING,NULL,MISSING,nsubj,leftover_target,
1685,750,one-to-one,dn_830,ikt_866,Ippolita,Ippolita,PRON,PRON,nsubj,nsubj,explicit_full,
1686,750,one-to-one,dn_830,ikt_866,MISSING,Ippolita,MISSING,PRON,MISSING,nsubj,leftover_target,
1687,751,one-to-one,dn_831,ikt_867,Giorgio,Giorgio,PROPN,PROPN,nsubj,nsubj,explicit_full,
1688,751,one-to-one,dn_831,ikt_867,MISSING,Giorgio,MISSING,NULL,MISSING,nsubj,leftover_target,
1689,751,one-to-one,dn_831,ikt_867,Ippolita,Ippolita,PRON,PRON,obj,obj,explicit_full,
1690,752,one-to-one,dn_832,ikt_868,Giorgio Ippolita,Giorgio Ippolita,PRON,PRON,nsubj,nsubj,explicit_full,
1691,752,one-to-one,dn_832,ikt_868,MISSING,Giorgio Ippolita,MISSING,NULL,MISSING,nsubj,leftover_target,
1692,753,one-to-one,dn_833,ikt_869,Giorgio Ippolita,Giorgio Ippolita,NULL,NULL,nsubj,nsubj,zero_zero_semantic,0.3496032711760751
1693,753,one-to-one,dn_833,ikt_869,Giorgio Ippolita,Giorgio Ippolita,NULL,NULL,nsubj,nsubj,zero_zero_semantic,0.4521348895637307
1694,757,one-to-one,dn_837,ikt_873,Ippolita,Ippolita,PROPN,PROPN,vocative,vocative,explicit_full,
1695,758,one-to-one,dn_838,ikt_874,Giorgio,Giorgio,PROPN,PROPN,nsubj,nsubj,explicit_full,
1696,758,one-to-one,dn_838,ikt_874,MISSING,Giorgio,MISSING,NULL,MISSING,nsubj,leftover_target,
1697,758,one-to-one,dn_838,ikt_874,MISSING,Giorgio,MISSING,NULL,MISSING,nsubj,leftover_target,
1698,759,one-to-one,dn_839,ikt_875,Giorgio,Giorgio,NULL,NULL,nsubj,nsubj,zero_zero_semantic,0.25573420678415604
1699,759,one-to-one,dn_839,ikt_875,Giorgio,MISSING,NULL,MISSING,nsubj,MISSING,leftover_source,
1700,759,one-to-one,dn_839,ikt_875,MISSING,Giorgio,MISSING,PRON,MISSING,nmod,leftover_target,
1701,759,one-to-one,dn_839,ikt_875,Ippolita,Ippolita,NULL,PRON,nsubj,nsubj,zero_to_tgt_anchor,
1702,759,one-to-one,dn_839,ikt_875,Ippolita,MISSING,PRON-REFLEX,MISSING,obj,MISSING,leftover_source,
1703,760,one-to-one,dn_840,ikt_876,Giorgio,MISSING,NULL,MISSING,nsubj,MISSING,leftover_source,
1704,760,one-to-one,dn_840,ikt_876,Giorgio,MISSING,NULL,MISSING,nsubj,MISSING,leftover_source,
1705,760,one-to-one,dn_840,ikt_876,MISSING,Giorgio,MISSING,PRON,MISSING,obj,leftover_target,
1706,760,one-to-one,dn_840,ikt_876,Ippolita,MISSING,DET,MISSING,nmod,MISSING,leftover_source,
1707,761,one-to-one,dn_841,ikt_877,Giorgio,Giorgio,DET,PRON,nmod,obj,explicit_ref_only,
1708,761,one-to-one,dn_841,ikt_877,Giorgios-younger-sister-Ippolita,Giorgios-younger-sister-Ippolita,NOUN,NOUN,nsubj,nsubj,explicit_full,
1709,761,one-to-one,dn_841,ikt_877,Giorgios-younger-sister-Ippolita,MISSING,PRON-REFLEX,MISSING,obj,MISSING,leftover_source,
1710,762,one-to-one,dn_842,ikt_878,Giorgio,MISSING,PRON,MISSING,obj,MISSING,leftover_source,
1711,762,one-to-one,dn_842,ikt_878,MISSING,Ippolita,MISSING,PRON,MISSING,nsubj,leftover_target,
1712,763,many-to-one,dn_843 dn_844,ikt_879,Giorgio,Giorgio,DET,PRON,nmod,nmod,explicit_ref_case,
1713,763,many-to-one,dn_843 dn_844,ikt_879,Giorgio,Giorgio,NULL,NULL,nsubj,nsubj,zero_zero_single,
1714,763,many-to-one,dn_843 dn_844,ikt_879,MISSING,Giorgio,MISSING,PRON,MISSING,nsubj,leftover_target,
1715,764,one-to-many,dn_845,ikt_880 ikt_881,Giorgio,Giorgio,DET,PRON,nmod,nmod,explicit_ref_case,
1716,764,one-to-many,dn_845,ikt_880 ikt_881,MISSING,Giorgio,MISSING,PRON,MISSING,obj,leftover_target,
1717,764,one-to-many,dn_845,ikt_880 ikt_881,Giorgios-younger-sister-Ippolita,Giorgios-younger-sister-Ippolita,NOUN,NOUN,nmod,nmod,explicit_full,
1718,764,one-to-many,dn_845,ikt_880 ikt_881,MISSING,Ippolita,MISSING,PRON,MISSING,obj,leftover_target,
1719,764,one-to-many,dn_845,ikt_880 ikt_881,MISSING,Ippolita,MISSING,PRON,MISSING,obj,leftover_target,
1720,765,one-to-many,dn_846,ikt_882 ikt_883 ikt_884,Giorgio,Giorgio,PRON,PRON,obj,obj,explicit_full,
1721,765,one-to-many,dn_846,ikt_882 ikt_883 ikt_884,Giorgio,Giorgio,PRON,PRON,obj,obj,explicit_full,
1722,765,one-to-many,dn_846,ikt_882 ikt_883 ikt_884,Giorgio,Giorgio,NULL,NULL,nsubj,nsubj,zero_zero_semantic,0.3369107805771531
1723,765,one-to-many,dn_846,ikt_882 ikt_883 ikt_884,Giorgio,Giorgio,NULL,NULL,nsubj,nsubj,zero_zero_semantic,0.554706862721528
1724,765,one-to-many,dn_846,ikt_882 ikt_883 ikt_884,Giorgio,Giorgio,NULL,NULL,nsubj,nsubj,zero_zero_semantic,0.38107276013056357
1725,765,one-to-many,dn_846,ikt_882 ikt_883 ikt_884,Giorgio,Giorgio,PRON,NULL,nsubj,nsubj,zero_to_src_anchor,
1726,765,one-to-many,dn_846,ikt_882 ikt_883 ikt_884,Giorgio,MISSING,PRON,MISSING,obj,MISSING,leftover_source,
1727,765,one-to-many,dn_846,ikt_882 ikt_883 ikt_884,Ippolita,Ippolita,PRON,PRON,nsubj,nsubj,explicit_full,
1728,765,one-to-many,dn_846,ikt_882 ikt_883 ikt_884,Ippolita,MISSING,PRON,MISSING,obj,MISSING,leftover_source,
1729,765,one-to-many,dn_846,ikt_882 ikt_883 ikt_884,Ippolita,MISSING,PRON,MISSING,obj,MISSING,leftover_source,
1730,765,one-to-many,dn_846,ikt_882 ikt_883 ikt_884,Ippolita,MISSING,NULL,MISSING,nsubj,MISSING,leftover_source,
1731,765,one-to-many,dn_846,ikt_882 ikt_883 ikt_884,Ippolita,MISSING,NULL,MISSING,nsubj,MISSING,leftover_source,
1732,767,one-to-many,dn_848,ikt_886 ikt_887,Giorgio,Giorgio,DET,PRON,nmod,nsubj,explicit_ref_only,
1733,767,one-to-many,dn_848,ikt_886 ikt_887,Giorgio,Giorgio,NULL,PRON,nsubj,nsubj,zero_to_tgt_anchor,
1734,767,one-to-many,dn_848,ikt_886 ikt_887,Giorgio,MISSING,NULL,MISSING,nsubj,MISSING,leftover_source,
1735,768,one-to-many,dn_849,ikt_888 ikt_889,Giorgio,Giorgio,NULL,PRON,nsubj,nsubj,zero_to_tgt_anchor,
1736,768,one-to-many,dn_849,ikt_888 ikt_889,Giorgio,MISSING,NULL,MISSING,nsubj,MISSING,leftover_source,
1737,768,one-to-many,dn_849,ikt_888 ikt_889,GiovanniSgambati,MISSING,PROPN,MISSING,nmod,MISSING,leftover_source,
1738,768,one-to-many,dn_849,ikt_888 ikt_889,Ippolita,Ippolita,PRON,PRON,obj,obj,explicit_full,
1739,768,one-to-many,dn_849,ikt_888 ikt_889,Ippolita,Ippolita,PRON,PRON,nsubj,nsubj,explicit_full,
1740,768,one-to-many,dn_849,ikt_888 ikt_889,Ippolita,MISSING,PRON,MISSING,obj,MISSING,leftover_source,
1741,769,one-to-one,dn_850,ikt_890,Giorgio,Giorgio,PRON,PRON,obj,obj,explicit_full,
1742,769,one-to-one,dn_850,ikt_890,Ippolita,Ippolita,NULL,PRON,nsubj,nsubj,zero_to_tgt_anchor,
1743,770,one-to-one,dn_851,ikt_891,Giorgio,Giorgio,PRON,PRON,obj,obj,explicit_full,
1744,770,one-to-one,dn_851,ikt_891,Ippolita,Ippolita,NULL,NULL,nsubj,nsubj,zero_zero_semantic,0.4716855216593969
1745,770,one-to-one,dn_851,ikt_891,Ippolita,Ippolita,NULL,PRON,nsubj,nsubj,zero_to_tgt_anchor,
1746,770,one-to-one,dn_851,ikt_891,Ippolita,MISSING,PRON-REFLEX,MISSING,obj,MISSING,leftover_source,
1747,771,one-to-one,dn_852,ikt_892,Giorgio Ippolita,Giorgio Ippolita,NULL,NULL,nsubj,nsubj,zero_zero_single,
1748,771,one-to-one,dn_852,ikt_892,Giorgio Ippolita,MISSING,PRON-REFLEX,MISSING,obj,MISSING,leftover_source,
1749,772,one-to-one,dn_853,ikt_893,Ippolita,Ippolita,NULL,NULL,nsubj,nsubj,zero_zero_single,
1750,772,one-to-one,dn_853,ikt_893,Ippolita,MISSING,PRON,MISSING,obj,MISSING,leftover_source,
1751,773,one-to-one,dn_854,ikt_894,Cecilia,Cecilia,NOUN,NOUN,obj,obj,explicit_full,
1752,773,one-to-one,dn_854,ikt_894,Ippolita,Ippolita,NULL,NULL,nsubj,nsubj,zero_zero_single,
1753,773,one-to-one,dn_854,ikt_894,Ippolita,MISSING,PRON,MISSING,obj,MISSING,leftover_source,
1754,775,one-to-one,dn_856,ikt_896,Cecilia,Cecilia,PROPN,PROPN,pred,pred,explicit_full,
1755,775,one-to-one,dn_856,ikt_896,Cecilia,Cecilia,NOUN,PRON,pred,nsubj,explicit_ref_only,
1756,775,one-to-one,dn_856,ikt_896,Ippolita,MISSING,DET,MISSING,nmod,MISSING,leftover_source,
1757,776,one-to-one,dn_857,ikt_897,Giorgio,Giorgio,PRON,PRON,nsubj,nsubj,explicit_full,
1758,776,one-to-one,dn_857,ikt_897,Giorgio,MISSING,PRON-REFLEX,MISSING,obj,MISSING,leftover_source,
1759,776,one-to-one,dn_857,ikt_897,Ippolita,MISSING,PRON,MISSING,obj,MISSING,leftover_source,
1760,776,one-to-one,dn_857,ikt_897,MISSING,Ippolita Cecilia,MISSING,PRON,MISSING,obj,leftover_target,
1761,777,one-to-one,dn_858,ikt_898,Giorgio,Giorgio,NULL,PRON,nsubj,nsubj,zero_to_tgt_anchor,
1762,777,one-to-one,dn_858,ikt_898,Giorgio Ippolita,MISSING,NOUN,MISSING,nsubj,MISSING,leftover_source,
1763,777,one-to-one,dn_858,ikt_898,MISSING,Ippolita,MISSING,PRON,MISSING,nsubj,leftover_target,
1764,778,one-to-one,dn_859,ikt_899,Ippolita,Ippolita,NULL,PRON,nsubj,nsubj,zero_to_tgt_anchor,
1765,779,one-to-one,dn_860,ikt_900,Giorgio,Giorgio,PRON,PRON,obj,nmod,explicit_ref_pos,
1766,780,one-to-one,dn_861,ikt_901,Giorgio,Giorgio,NULL,PRON,nsubj,nsubj,zero_to_tgt_anchor,
1767,781,one-to-one,dn_862,ikt_902,Ippolita,Ippolita,NULL,NULL,nsubj,nsubj,zero_zero_single,
1768,781,one-to-one,dn_862,ikt_902,Ippolita,MISSING,PRON-REFLEX,MISSING,obj,MISSING,leftover_source,
1769,783,one-to-one,dn_864,ikt_904,Giorgio,Giorgio,DET,PRON,nmod,nsubj,explicit_ref_only,
1770,784,one-to-one,dn_865,ikt_905,Giorgio,Giorgio,NULL,NULL,nsubj,nsubj,zero_zero_semantic,0.2084942594651253
1771,784,one-to-one,dn_865,ikt_905,MISSING,Giorgio,MISSING,PRON,MISSING,nsubj,leftover_target,
1772,784,one-to-one,dn_865,ikt_905,MISSING,Giorgio,MISSING,NULL,MISSING,nsubj,leftover_target,
1773,785,one-to-many,dn_866,ikt_906 ikt_907,Giorgio,Giorgio,DET,PRON,obj,nsubj,explicit_ref_only,
1774,785,one-to-many,dn_866,ikt_906 ikt_907,Giorgio,Giorgio,NULL,PRON,nsubj,nsubj,zero_to_tgt_anchor,
1775,785,one-to-many,dn_866,ikt_906 ikt_907,Giorgio,MISSING,NULL,MISSING,nsubj,MISSING,leftover_source,
1776,785,one-to-many,dn_866,ikt_906 ikt_907,MISSING,Giorgio,MISSING,PRON,MISSING,nmod,leftover_target,
1777,785,one-to-many,dn_866,ikt_906 ikt_907,Ippolita,Ippolita,PRON,PRON,obj,obj,explicit_full,
1778,786,one-to-one,dn_867,ikt_908,Giorgio,Giorgio,PRON,NULL,nsubj,nsubj,zero_to_src_anchor,
1779,787,one-to-one,dn_868,ikt_909,Giorgio,MISSING,DET,MISSING,nmod,MISSING,leftover_source,
1780,788,one-to-one,dn_869,ikt_910,Giorgio,Giorgio,DET,PRON,nmod,nmod,explicit_ref_case,
1781,788,one-to-one,dn_869,ikt_910,Giorgio,Giorgio,PRON,PRON,obj,nmod,explicit_ref_pos,
1782,789,one-to-one,dn_870,ikt_911,Giorgio,Giorgio,PRON,PRON,obj,nsubj,explicit_ref_pos,
1783,789,one-to-one,dn_870,ikt_911,Giorgio,MISSING,PRON-REFLEX,MISSING,obj,MISSING,leftover_source,
1784,789,one-to-one,dn_870,ikt_911,Giorgio,MISSING,NULL,MISSING,nsubj,MISSING,leftover_source,
1785,790,one-to-one,dn_871,ikt_912,Beethoven,MISSING,PROPN,MISSING,nmod,MISSING,leftover_source,
1786,790,one-to-one,dn_871,ikt_912,Giorgio,Giorgio,NULL,NULL,nsubj,nsubj,zero_zero_semantic,0.3691625947204148
1787,790,one-to-one,dn_871,ikt_912,Giorgio,Giorgio,NULL,NULL,nsubj,nsubj,zero_zero_semantic,0.46627228759672323
1788,790,one-to-one,dn_871,ikt_912,Giorgio,MISSING,PRON-REFLEX,MISSING,obj,MISSING,leftover_source,
1789,790,one-to-one,dn_871,ikt_912,Giorgio,MISSING,PRON-REFLEX,MISSING,obj,MISSING,leftover_source,
1790,790,one-to-one,dn_871,ikt_912,Giorgio,MISSING,DET,MISSING,nmod,MISSING,leftover_source,
1791,790,one-to-one,dn_871,ikt_912,Ippolita,Ippolita,NOUN,PRON,nsubj,nmod,explicit_ref_only,
1792,791,one-to-many,dn_872,ikt_913 ikt_914,Giorgio,Giorgio,PRON,PRON,obj,nsubj,explicit_ref_pos,
1793,791,one-to-many,dn_872,ikt_913 ikt_914,Giorgio,MISSING,PRON,MISSING,obj,MISSING,leftover_source,
1794,791,one-to-many,dn_872,ikt_913 ikt_914,Ippolita,Ippolita,PROPN,PROPN,nsubj,nsubj,explicit_full,
1795,791,one-to-many,dn_872,ikt_913 ikt_914,Ippolita,Ippolita,PRON,NULL,nsubj,nsubj,zero_to_src_anchor,
1796,792,one-to-one,dn_873,ikt_915,Giorgio,MISSING,PRON,MISSING,obj,MISSING,leftover_source,
1797,793,one-to-one,dn_874,ikt_916,Giorgio,Giorgio,PRON,PRON,obj,obj,explicit_full,
1798,794,one-to-one,dn_875,ikt_917,Giorgio,Giorgio,DET,PRON,nmod,nsubj,explicit_ref_only,
1799,795,one-to-one,dn_876,ikt_918,Giorgio,Giorgio,PROPN,PROPN,nsubj,nsubj,explicit_full,
1800,795,one-to-one,dn_876,ikt_918,Giorgio,MISSING,NULL,MISSING,nsubj,MISSING,leftover_source,
1801,796,one-to-one,dn_877,ikt_919,Giorgio,MISSING,PRON,MISSING,obj,MISSING,leftover_source,
1802,796,one-to-one,dn_877,ikt_919,MISSING,Giorgio,MISSING,NULL,MISSING,nsubj,leftover_target,
1803,797,one-to-one,dn_878,ikt_920,Ippolita,Ippolita,NULL,PRON,nsubj,nsubj,zero_to_tgt_anchor,
1804,797,one-to-one,dn_878,ikt_920,Ippolita,MISSING,PRON-REFLEX,MISSING,obj,MISSING,leftover_source,
1805,800,one-to-one,dn_882 dn_883 dn_884,ikt_923 ikt_924,Ippolita,Ippolita,NULL,NULL,nsubj,nsubj,zero_zero_single,
1806,800,one-to-one,dn_882 dn_883 dn_884,ikt_923 ikt_924,Ippolita,MISSING,PRON-REFLEX,MISSING,obj,MISSING,leftover_source,
1807,802,one-to-one,dn_886,ikt_926,audience,audience,NOUN,NOUN,nsubj,nsubj,explicit_full,
1808,802,one-to-one,dn_886,ikt_926,MISSING,audience,MISSING,NULL,MISSING,nsubj,leftover_target,
1809,803,one-to-one,dn_887,ikt_927,AlessandroMemmi,AlessandroMemmi,PROPN,PROPN,nsubj,nsubj,explicit_full,
1810,803,one-to-one,dn_887,ikt_927,AlessandroMemmi,MISSING,NULL,MISSING,nsubj,MISSING,leftover_source,
1811,803,one-to-one,dn_887,ikt_927,AlessandroMemmi,MISSING,DET,MISSING,nmod,MISSING,leftover_source,
1812,803,one-to-one,dn_887,ikt_927,audience,audience,NOUN,NOUN,obj,obj,explicit_full,
1813,804,one-to-one,dn_888,ikt_928,Ippolita,Ippolita,PRON,PRON,nsubj,nsubj,explicit_full,
1814,804,one-to-one,dn_888,ikt_928,Ippolita,MISSING,NOUN,MISSING,vocative,MISSING,leftover_source,
1815,804,one-to-one,dn_888,ikt_928,MISSING,Ippolita,MISSING,NULL,MISSING,nsubj,leftover_target,
1816,804,one-to-one,dn_888,ikt_928,audience,audience,NOUN,NOUN,obj,obj,explicit_full,
1817,805,one-to-many,dn_889,ikt_929 ikt_930 ikt_931,Ippolita,MISSING,NULL,MISSING,nsubj,MISSING,leftover_source,
1818,805,one-to-many,dn_889,ikt_929 ikt_930 ikt_931,MrMartlet,MrMartlet,PROPN,PROPN,nsubj,nsubj,explicit_full,
1819,805,one-to-many,dn_889,ikt_929 ikt_930 ikt_931,MrMartlet,MrMartlet,PROPN,PROPN,nsubj,nsubj,explicit_full,
1820,805,one-to-many,dn_889,ikt_929 ikt_930 ikt_931,MrMartlet,MISSING,NULL,MISSING,nsubj,MISSING,leftover_source,
1821,805,one-to-many,dn_889,ikt_929 ikt_930 ikt_931,MISSING,MrMartlet,MISSING,NOUN,MISSING,pred,leftover_target,
1822,805,one-to-many,dn_889,ikt_929 ikt_930 ikt_931,MrsMartlet,MrsMartlet,NOUN,NOUN,nsubj,nsubj,explicit_full,
1823,806,one-to-one,dn_890,ikt_932,Boll,Boll,PROPN,NOUN,nmod,nmod,explicit_ref_case,
1824,806,one-to-one,dn_890,ikt_932,Boll,MISSING,NOUN,MISSING,nsubj,MISSING,leftover_source,
1825,806,one-to-one,dn_890,ikt_932,Ippolita,Ippolita,NOUN,PRON,obj,nmod,explicit_ref_only,
1826,806,one-to-one,dn_890,ikt_932,MargheritaTraubeBoll,MargheritaTraubeBoll,NOUN,NOUN,nsubj,nsubj,explicit_full,
1827,806,one-to-one,dn_890,ikt_932,MargheritaTraubeBoll,MargheritaTraubeBoll,NOUN,NOUN,pred,pred,explicit_full,
1828,806,one-to-one,dn_890,ikt_932,MargheritaTraubeBoll,MISSING,PROPN,MISSING,pred,MISSING,leftover_source,
1829,806,one-to-one,dn_890,ikt_932,MargheritaTraubeBoll,MISSING,NOUN,MISSING,pred,MISSING,leftover_source,
1830,806,one-to-one,dn_890,ikt_932,MISSING,MargheritaTraubeBoll,MISSING,NULL,MISSING,nsubj,leftover_target,
1831,807,one-to-one,dn_891,ikt_933,Fleichl,Fleichl,NOUN,NOUN,nsubj,nsubj,explicit_full,
1832,807,one-to-one,dn_891,ikt_933,Fleichl,Fleichl,NOUN,NOUN,pred,pred,explicit_full,
1833,807,one-to-one,dn_891,ikt_933,Fleichl,Fleichl,NOUN,NOUN,pred,pred,explicit_full,
1834,807,one-to-one,dn_891,ikt_933,Fleichl,Fleichl,NOUN,PROPN,pred,pred,explicit_ref_case,
1835,807,one-to-one,dn_891,ikt_933,Fleichl,MISSING,PROPN,MISSING,nsubj,MISSING,leftover_source,
1836,807,one-to-one,dn_891,ikt_933,Fleichl,MISSING,NOUN,MISSING,pred,MISSING,leftover_source,
1837,807,one-to-one,dn_891,ikt_933,SebastianBach,SebastianBach,PROPN,PROPN,nmod,nmod,explicit_full,
1838,808,one-to-one,dn_892,ikt_934,Castracane,Castracane,NOUN,NOUN,nsubj,nsubj,explicit_full,
1839,808,one-to-one,dn_892,ikt_934,Castracane,Castracane,PROPN,PROPN,pred,pred,explicit_full,
1840,808,one-to-one,dn_892,ikt_934,Castracane,Castracane,NOUN,NOUN,pred,pred,explicit_full,
1841,809,one-to-one,dn_893,ikt_935,MISSING,Castracane,MISSING,DET,MISSING,nmod,leftover_target,
1842,809,one-to-one,dn_893,ikt_935,Cuboni,Cuboni,PROPN,PROPN,nsubj,nsubj,explicit_full,
1843,809,one-to-one,dn_893,ikt_935,Cuboni,Cuboni,NOUN,NOUN,nsubj,pred,explicit_ref_pos,
1844,809,one-to-one,dn_893,ikt_935,Cuboni,Cuboni,NOUN,NOUN,nsubj,pred,explicit_ref_pos,
1845,809,one-to-one,dn_893,ikt_935,Cuboni,MISSING,NOUN,MISSING,nsubj,MISSING,leftover_source,
1846,810,one-to-one,dn_894 dn_895,ikt_936 ikt_937 ikt_938,Blaserna,Blaserna,PROPN,PROPN,nsubj,nsubj,explicit_full,
1847,810,one-to-one,dn_894 dn_895,ikt_936 ikt_937 ikt_938,Blaserna,Blaserna,NOUN,NULL,nsubj,nsubj,zero_to_src_anchor,
1848,810,one-to-one,dn_894 dn_895,ikt_936 ikt_937 ikt_938,Davis,Davis,PROPN,PROPN,nsubj,nsubj,explicit_full,
1849,810,one-to-one,dn_894 dn_895,ikt_936 ikt_937 ikt_938,Davis,Davis,NOUN,NOUN,nsubj,pred,explicit_ref_pos,
1850,810,one-to-one,dn_894 dn_895,ikt_936 ikt_937 ikt_938,Davis,MISSING,NOUN,MISSING,nsubj,MISSING,leftover_source,
1851,810,one-to-one,dn_894 dn_895,ikt_936 ikt_937 ikt_938,Helmholtz,Helmholtz,PROPN,PROPN,nmod,obj,explicit_ref_pos,
1852,810,one-to-one,dn_894 dn_895,ikt_936 ikt_937 ikt_938,JacopoMoleschott,JacopoMoleschott,PROPN,PROPN,nsubj,nsubj,explicit_full,
1853,810,one-to-one,dn_894 dn_895,ikt_936 ikt_937 ikt_938,JacopoMoleschott,JacopoMoleschott,NOUN,NOUN,nsubj,pred,explicit_ref_pos,
1854,810,one-to-one,dn_894 dn_895,ikt_936 ikt_937 ikt_938,JacopoMoleschott,JacopoMoleschott,NOUN,NOUN,nsubj,pred,explicit_ref_pos,
1855,811,many-to-one,dn_896 dn_897,ikt_939,audience,audience,NOUN,NOUN,nsubj,nsubj,explicit_full,
1856,811,many-to-one,dn_896 dn_897,ikt_939,audience,audience,NOUN,NOUN,pred,pred,explicit_full,
1857,811,many-to-one,dn_896 dn_897,ikt_939,audience,audience,NOUN,NOUN,pred,pred,explicit_full,
1858,811,many-to-one,dn_896 dn_897,ikt_939,audience,audience,NOUN,NOUN,pred,pred,explicit_full,
1859,811,many-to-one,dn_896 dn_897,ikt_939,MISSING,audience,MISSING,NOUN,MISSING,pred,leftover_target,
1860,812,one-to-one,dn_898,ikt_940,Giorgio,Giorgio,PRON,PRON,nsubj,nsubj,explicit_full,
1861,812,one-to-one,dn_898,ikt_940,Giorgio,MISSING,PRON-REFLEX,MISSING,obj,MISSING,leftover_source,
1862,812,one-to-one,dn_898,ikt_940,Giorgio,MISSING,PRON,MISSING,nmod,MISSING,leftover_source,
1863,812,one-to-one,dn_898,ikt_940,MISSING,Giorgio,MISSING,NULL,MISSING,nsubj,leftover_target,
1864,813,one-to-many,dn_899,ikt_941 ikt_942,AlessandroMemmi,MISSING,PROPN,MISSING,nsubj,MISSING,leftover_source,
1865,813,one-to-many,dn_899,ikt_941 ikt_942,audience,audience,NOUN,NOUN,nsubj,nsubj,explicit_full,
1866,813,one-to-many,dn_899,ikt_941 ikt_942,audience,audience,PRON,NOUN,nsubj,nsubj,explicit_ref_case,
1867,813,one-to-many,dn_899,ikt_941 ikt_942,audience,audience,PRON,NOUN,nsubj,nsubj,explicit_ref_case,
1868,813,one-to-many,dn_899,ikt_941 ikt_942,audience,audience,PRON,NOUN,nsubj,nsubj,explicit_ref_case,
1869,813,one-to-many,dn_899,ikt_941 ikt_942,audience,MISSING,DET,MISSING,nmod,MISSING,leftover_source,
1870,813,one-to-many,dn_899,ikt_941 ikt_942,MISSING,audience,MISSING,NULL,MISSING,nsubj,leftover_target,
1871,813,one-to-many,dn_899,ikt_941 ikt_942,MISSING,audience,MISSING,NULL,MISSING,nsubj,leftover_target,
1872,813,one-to-many,dn_899,ikt_941 ikt_942,chorus,MISSING,NOUN,MISSING,nmod,MISSING,leftover_source,
1873,814,one-to-many,dn_900,ikt_943 ikt_944,chorus,chorus,NOUN,NOUN,nsubj,nsubj,explicit_full,
1874,814,one-to-many,dn_900,ikt_943 ikt_944,MISSING,chorus,MISSING,NULL,MISSING,nsubj,leftover_target,
1875,815,one-to-one,dn_901,ikt_945,maidens,maidens,NOUN,NOUN,nsubj,nsubj,explicit_full,
1876,815,one-to-one,dn_901,ikt_945,maidens,MISSING,PRON-REFLEX,MISSING,obj,MISSING,leftover_source,
1877,816,one-to-one,dn_902,ikt_946,maidens,MISSING,DET,MISSING,nmod,MISSING,leftover_source,
1878,816,one-to-one,dn_902,ikt_946,violinists,violinists,NOUN,NOUN,nmod,nmod,explicit_full,
1879,818,one-to-one,dn_904,ikt_948,AlessandroMemmi,AlessandroMemmi,PROPN,PROPN,nsubj,nsubj,explicit_full,
1880,818,one-to-one,dn_904,ikt_948,AlessandroMemmi,MISSING,DET,MISSING,nmod,MISSING,leftover_source,
1881,818,one-to-one,dn_904,ikt_948,MISSING,AlessandroMemmi,MISSING,NULL,MISSING,nsubj,leftover_target,
1882,818,one-to-one,dn_904,ikt_948,MISSING,chorus,MISSING,NOUN,MISSING,obj,leftover_target,
1883,822,one-to-one,dn_908,ikt_952,audience,audience,NOUN,NOUN,nmod,nsubj,explicit_ref_pos,
1884,822,one-to-one,dn_908,ikt_952,MISSING,audience,MISSING,NULL,MISSING,nsubj,leftover_target,
1885,826,one-to-many,dn_912,ikt_957 ikt_958,Giorgio Ippolita,Giorgio Ippolita,NOUN,NOUN,obj,nmod,explicit_ref_pos,
1886,826,one-to-many,dn_912,ikt_957 ikt_958,MISSING,Giorgio Ippolita,MISSING,NULL,MISSING,nsubj,leftover_target,
1887,826,one-to-many,dn_912,ikt_957 ikt_958,MISSING,Giorgio Ippolita,MISSING,NULL,MISSING,nsubj,leftover_target,
1888,826,one-to-many,dn_912,ikt_957 ikt_958,audience,audience,NOUN,PRON,obj,obj,explicit_ref_case,
1889,826,one-to-many,dn_912,ikt_957 ikt_958,MISSING,audience,MISSING,NOUN,MISSING,nmod,leftover_target,
1890,827,one-to-one,dn_913,ikt_959,Giorgio,Giorgio,PRON,PRON,nsubj,nsubj,explicit_full,
1891,827,one-to-one,dn_913,ikt_959,Giorgio,Giorgio,NULL,NULL,nsubj,nsubj,zero_zero_single,
1892,829,one-to-one,dn_915,ikt_961,Giorgio,Giorgio,NULL,PRON,nsubj,nsubj,zero_to_tgt_anchor,
1893,830,one-to-one,dn_916,ikt_962,AlessandroMemmi,AlessandroMemmi,NOUN,NOUN,nsubj,nsubj,explicit_full,
1894,830,one-to-one,dn_916,ikt_962,AlessandroMemmi,AlessandroMemmi,NOUN,NOUN,nsubj,nsubj,explicit_full,
1895,830,one-to-one,dn_916,ikt_962,AlessandroMemmi,AlessandroMemmi,NULL,NULL,nsubj,nsubj,zero_zero_single,
1896,830,one-to-one,dn_916,ikt_962,AlessandroMemmi,MISSING,PRON-REFLEX,MISSING,obj,MISSING,leftover_source,
1897,830,one-to-one,dn_916,ikt_962,AlessandroMemmi,MISSING,DET,MISSING,nmod,MISSING,leftover_source,
1898,830,one-to-one,dn_916,ikt_962,Schopenhauer,Schopenhauer,PROPN,PROPN,nmod,nmod,explicit_full,
1899,830,one-to-one,dn_916,ikt_962,SebastianBach,SebastianBach,PROPN,PROPN,nmod,nmod,explicit_full,
1900,830,one-to-one,dn_916,ikt_962,audience,audience,NOUN,NOUN,obj,obj,explicit_full,
1901,830,one-to-one,dn_916,ikt_962,audience,MISSING,DET,MISSING,nmod,MISSING,leftover_source,
1902,830,one-to-one,dn_916,ikt_962,chorus,chorus,NOUN,NOUN,obj,nmod,explicit_ref_pos,
1903,830,one-to-one,dn_916,ikt_962,maidens,maidens,NOUN,NOUN,obj,obj,explicit_full,
1904,831,one-to-one,dn_917,ikt_963,Hoffmann,Hoffmann,PROPN,PROPN,nmod,nmod,explicit_full,
1905,832,one-to-one,dn_918,ikt_964,audience,audience,NOUN,NOUN,nsubj,nsubj,explicit_full,
1906,832,one-to-one,dn_918,ikt_964,audience,audience,NULL,NULL,nsubj,nsubj,zero_zero_semantic,0.8679644515239676
1907,832,one-to-one,dn_918,ikt_964,audience,audience,NULL,NULL,nsubj,nsubj,zero_zero_semantic,0.5614681601722209
1908,832,one-to-one,dn_918,ikt_964,audience,MISSING,DET,MISSING,nmod,MISSING,leftover_source,
1909,832,one-to-one,dn_918,ikt_964,audience,MISSING,PRON-REFLEX,MISSING,obj,MISSING,leftover_source,
1910,832,one-to-one,dn_918,ikt_964,audience,MISSING,PRON-REFLEX,MISSING,obj,MISSING,leftover_source,
1911,832,one-to-one,dn_918,ikt_964,audience,MISSING,DET,MISSING,nmod,MISSING,leftover_source,
1912,832,one-to-one,dn_918,ikt_964,audience,MISSING,PRON-REFLEX,MISSING,obj,MISSING,leftover_source,
1913,833,one-to-one,dn_919,ikt_965,AlessandroMemmi,AlessandroMemmi,NOUN,PRON,nmod,nmod,explicit_ref_case,
1914,833,one-to-one,dn_919,ikt_965,AlessandroMemmi,AlessandroMemmi,NOUN,PRON,nmod,nmod,explicit_ref_case,
1915,833,one-to-one,dn_919,ikt_965,Giorgio,Giorgio,NOUN,NOUN,obj,nmod,explicit_ref_pos,
1916,833,one-to-one,dn_919,ikt_965,Ippolita,Ippolita,NOUN,NOUN,obj,nmod,explicit_ref_pos,
1917,833,one-to-one,dn_919,ikt_965,MISSING,audience,MISSING,NOUN,MISSING,nmod,leftover_target,
1918,834,one-to-one,dn_920,ikt_966,AlessandroMemmi,AlessandroMemmi,NOUN,NOUN,nsubj,nsubj,explicit_full,
1919,834,one-to-one,dn_920,ikt_966,Giorgio,Giorgio,NOUN,NOUN,obj,obj,explicit_full,
1920,834,one-to-one,dn_920,ikt_966,Ippolita,Ippolita,PROPN,PROPN,obj,obj,explicit_full,
1921,835,one-to-one,dn_921,ikt_967,Giorgio,Giorgio,PRON,PRON,nsubj,nsubj,explicit_full,
1922,835,one-to-one,dn_921,ikt_967,Giorgio,MISSING,PRON-REFLEX,MISSING,obj,MISSING,leftover_source,
1923,835,one-to-one,dn_921,ikt_967,MISSING,Giorgio,MISSING,NULL,MISSING,nsubj,leftover_target,
1924,836,one-to-one,dn_922,ikt_968,Giorgio,Giorgio,PRON,PRON,obj,nsubj,explicit_ref_pos,
1925,836,one-to-one,dn_922,ikt_968,Giorgio,MISSING,NULL,MISSING,nsubj,MISSING,leftover_source,
1926,837,many-to-one,dn_923 dn_924,ikt_969,Ippolita,Ippolita,PROPN,PROPN,nsubj,nsubj,explicit_full,
1927,837,many-to-one,dn_923 dn_924,ikt_969,Ippolita,MISSING,NULL,MISSING,nsubj,MISSING,leftover_source,
1928,838,one-to-one,dn_925,ikt_970,Giorgio,Giorgio,NULL,NULL,nsubj,nsubj,zero_zero_single,
1929,838,one-to-one,dn_925,ikt_970,Giorgio,MISSING,PRON-REFLEX,MISSING,obj,MISSING,leftover_source,
1930,840,one-to-one,dn_928,ikt_972,Giorgio,Giorgio,NOUN,PROPN,obj,nmod,explicit_ref_only,
1931,840,one-to-one,dn_928,ikt_972,Ippolita,Ippolita,PRON,PRON,nsubj,nsubj,explicit_full,
1932,840,one-to-one,dn_928,ikt_972,Ippolita,Ippolita,NULL,NULL,nsubj,nsubj,zero_zero_single,
1933,840,one-to-one,dn_928,ikt_972,Ippolita,MISSING,PRON-REFLEX,MISSING,obj,MISSING,leftover_source,
1934,841,one-to-one,dn_929,ikt_973,Giorgio,MISSING,NULL,MISSING,nsubj,MISSING,leftover_source,
1935,841,one-to-one,dn_929,ikt_973,Giorgio Ippolita,Giorgio Ippolita,NULL,NULL,nsubj,nsubj,zero_zero_single,
1936,843,one-to-one,dn_931,ikt_975,Giorgio Ippolita,Giorgio Ippolita,NULL,NULL,nsubj,nsubj,zero_zero_semantic,0.43388591814472016
1937,843,one-to-one,dn_931,ikt_975,Giorgio Ippolita,Giorgio Ippolita,NULL,NOUN,nsubj,nsubj,zero_to_tgt_anchor,
1938,843,one-to-one,dn_931,ikt_975,Giorgio Ippolita,MISSING,PRON-REFLEX,MISSING,obj,MISSING,leftover_source,
1939,844,one-to-one,dn_932,ikt_976,Giorgio Ippolita,MISSING,PRON,MISSING,obj,MISSING,leftover_source,
1940,847,one-to-one,dn_935,ikt_981,Giorgio Ippolita,Giorgio Ippolita,DET,PRON,nmod,nmod,explicit_ref_case,
1941,848,one-to-one,dn_936,ikt_982,Ippolita,Ippolita,PROPN,PROPN,nsubj,nsubj,explicit_full,
1942,848,one-to-one,dn_936,ikt_982,Ippolita,Ippolita,NULL,NULL,nsubj,nsubj,zero_zero_semantic,0.3921173612276713
1943,848,one-to-one,dn_936,ikt_982,Ippolita,MISSING,PRON-REFLEX,MISSING,obj,MISSING,leftover_source,
1944,848,one-to-one,dn_936,ikt_982,MISSING,Ippolita,MISSING,NULL,MISSING,nsubj,leftover_target,
1945,850,one-to-one,dn_938,ikt_984,MISSING,Giorgio Ippolita,MISSING,NOUN,MISSING,obj,leftover_target,
1946,852,one-to-one,dn_940,ikt_986,service-worker,service-worker,NOUN,NOUN,nsubj,nsubj,explicit_full,
1947,852,one-to-one,dn_940,ikt_986,service-worker,MISSING,PRON-REFLEX,MISSING,obj,MISSING,leftover_source,
1948,852,one-to-one,dn_940,ikt_986,MISSING,service-worker,MISSING,NULL,MISSING,nsubj,leftover_target,
1949,853,one-to-one,dn_941,ikt_987,Giorgio Ippolita,Giorgio Ippolita,NULL,NULL,nsubj,nsubj,zero_zero_single,
1950,854,one-to-one,dn_942,ikt_988,Giorgio,Giorgio,PROPN,PROPN,nsubj,nsubj,explicit_full,
1951,857,one-to-one,dn_945,ikt_991,Giorgio,Giorgio,PROPN,PROPN,nmod,obj,explicit_ref_pos,
1952,857,one-to-one,dn_945,ikt_991,Ippolita,Ippolita,PROPN,PROPN,nsubj,nsubj,explicit_full,
1953,857,one-to-one,dn_945,ikt_991,Ippolita,Ippolita,NULL,NULL,nsubj,nsubj,zero_zero_semantic,0.4242585318930009
1954,857,one-to-one,dn_945,ikt_991,MISSING,Ippolita,MISSING,NULL,MISSING,nsubj,leftover_target,
1955,858,one-to-one,dn_946,ikt_992,Giorgio,MISSING,PRON,MISSING,obj,MISSING,leftover_source,
1956,858,one-to-one,dn_946,ikt_992,Ippolita,Ippolita,NULL,NULL,nsubj,nsubj,zero_zero_semantic,0.318081094227828
1957,858,one-to-one,dn_946,ikt_992,Ippolita,MISSING,PRON-REFLEX,MISSING,obj,MISSING,leftover_source,
1958,858,one-to-one,dn_946,ikt_992,MISSING,Ippolita,MISSING,PRON,MISSING,nsubj,leftover_target,
1959,858,one-to-one,dn_946,ikt_992,MISSING,Ippolita,MISSING,NULL,MISSING,nsubj,leftover_target,
1960,859,one-to-one,dn_947,ikt_994,Giorgio,Giorgio,PROPN,PROPN,nsubj,nsubj,explicit_full,
1961,859,one-to-one,dn_947,ikt_994,Ippolita,MISSING,PRON,MISSING,obj,MISSING,leftover_source,
1962,860,one-to-one,dn_948,ikt_993,Giorgio Ippolita,Giorgio Ippolita,NULL,NULL,nsubj,nsubj,zero_zero_single,
1963,860,one-to-one,dn_948,ikt_993,Ippolita,MISSING,NULL,MISSING,nsubj,MISSING,leftover_source,
1964,862,one-to-one,dn_950,ikt_996,Ippolita,Ippolita,PRON,PRON,nsubj,nsubj,explicit_full,
1965,863,one-to-one,dn_951,ikt_997,Giorgio,MISSING,NULL,MISSING,nsubj,MISSING,leftover_source,
1966,864,many-to-one,dn_952 dn_953,ikt_998,Giorgio Ippolita,Giorgio Ippolita,NULL,NULL,nsubj,nsubj,zero_zero_semantic,0.4244172652733737
1967,864,many-to-one,dn_952 dn_953,ikt_998,MISSING,Giorgio Ippolita,MISSING,NULL,MISSING,nsubj,leftover_target,
1968,864,many-to-one,dn_952 dn_953,ikt_998,Ippolita,MISSING,PRON-REFLEX,MISSING,obj,MISSING,leftover_source,
1969,864,many-to-one,dn_952 dn_953,ikt_998,Ippolita,MISSING,NULL,MISSING,nsubj,MISSING,leftover_source,
1970,865,one-to-one,dn_954,ikt_999,Giorgio,Giorgio,PRON,PRON,nmod,nmod,explicit_full,
1971,865,one-to-one,dn_954,ikt_999,Ippolita,Ippolita,PRON,PRON,nsubj,nsubj,explicit_full,
1972,865,one-to-one,dn_954,ikt_999,Ippolita,MISSING,PRON-REFLEX,MISSING,obj,MISSING,leftover_source,
1973,865,one-to-one,dn_954,ikt_999,MISSING,Ippolita,MISSING,NULL,MISSING,nsubj,leftover_target,
1974,866,many-to-one,dn_955 dn_956 dn_957,ikt_1000,Giorgio,Giorgio,NOUN,NOUN,obj,obj,explicit_full,
1975,866,many-to-one,dn_955 dn_956 dn_957,ikt_1000,Giorgio,Giorgio,PRON,PRON,nmod,nmod,explicit_full,
1976,866,many-to-one,dn_955 dn_956 dn_957,ikt_1000,Giorgio,MISSING,PRON,MISSING,obj,MISSING,leftover_source,
1977,866,many-to-one,dn_955 dn_956 dn_957,ikt_1000,Ippolita,Ippolita,PRON,PRON,nsubj,obj,explicit_ref_pos,
1978,866,many-to-one,dn_955 dn_956 dn_957,ikt_1000,Ippolita,Ippolita,NULL,NULL,nsubj,nsubj,zero_zero_semantic,0.47827916592359543
1979,866,many-to-one,dn_955 dn_956 dn_957,ikt_1000,Ippolita,Ippolita,NULL,NULL,nsubj,nsubj,zero_zero_semantic,0.372025370749892
1980,866,many-to-one,dn_955 dn_956 dn_957,ikt_1000,Ippolita,Ippolita,NULL,NULL,nsubj,nsubj,zero_zero_semantic,0.5063267602604262
1981,866,many-to-one,dn_955 dn_956 dn_957,ikt_1000,Ippolita,MISSING,DET,MISSING,nmod,MISSING,leftover_source,
1982,866,many-to-one,dn_955 dn_956 dn_957,ikt_1000,Ippolita,MISSING,DET,MISSING,nmod,MISSING,leftover_source,
1983,866,many-to-one,dn_955 dn_956 dn_957,ikt_1000,MISSING,Ippolita,MISSING,NULL,MISSING,nsubj,leftover_target,
1984,867,one-to-one,dn_958,ikt_1001,Giorgio,Giorgio,PRON,PRON,nsubj,nsubj,explicit_full,
1985,867,one-to-one,dn_958,ikt_1001,MISSING,Giorgio,MISSING,NULL,MISSING,nsubj,leftover_target,
1986,867,one-to-one,dn_958,ikt_1001,MISSING,Giorgio,MISSING,NULL,MISSING,nsubj,leftover_target,
1987,867,one-to-one,dn_958,ikt_1001,MISSING,Giorgio,MISSING,NULL,MISSING,nsubj,leftover_target,
1988,867,one-to-one,dn_958,ikt_1001,MISSING,Giorgio,MISSING,NULL,MISSING,nsubj,leftover_target,
1989,867,one-to-one,dn_958,ikt_1001,Ippolita,Ippolita,PRON,PRON,obj,obj,explicit_full,
1990,867,one-to-one,dn_958,ikt_1001,MISSING,Ippolita,MISSING,NULL,MISSING,nsubj,leftover_target,
1991,867,one-to-one,dn_958,ikt_1001,MISSING,Ippolita,MISSING,NULL,MISSING,nsubj,leftover_target,
1992,868,one-to-one,dn_959,ikt_1002,Ippolita,Ippolita,NULL,PRON,nsubj,nsubj,zero_to_tgt_anchor,
1993,869,one-to-one,dn_960,ikt_1003,Giorgio,Giorgio,DET,NOUN,nmod,nmod,explicit_ref_case,
1994,869,one-to-one,dn_960,ikt_1003,Ippolita,MISSING,PRON,MISSING,obj,MISSING,leftover_source,
1995,869,one-to-one,dn_960,ikt_1003,MISSING,Ippolita,MISSING,NULL,MISSING,nsubj,leftover_target,
1996,870,one-to-one,dn_961,ikt_1004,Ippolita,Ippolita,NULL,NULL,nsubj,nsubj,zero_zero_semantic,0.24462162445183672
1997,870,one-to-one,dn_961,ikt_1004,MISSING,Ippolita,MISSING,NULL,MISSING,nsubj,leftover_target,
1998,870,one-to-one,dn_961,ikt_1004,MISSING,Ippolita,MISSING,NULL,MISSING,nsubj,leftover_target,
1999,871,one-to-one,dn_962,ikt_1005,Giorgio,Giorgio,PRON,NOUN,nsubj,nsubj,explicit_ref_case,
2000,871,one-to-one,dn_962,ikt_1005,Giorgio,Giorgio,NULL,NULL,nsubj,nsubj,zero_zero_single,
2001,871,one-to-one,dn_962,ikt_1005,Giorgio,MISSING,PRON,MISSING,nmod,MISSING,leftover_source,
2002,873,one-to-one,dn_964,ikt_1007,Ippolita,Ippolita,NULL,NULL,nsubj,nsubj,zero_zero_single,
2003,874,one-to-one,dn_965,ikt_1008,Giorgio,Giorgio,PRON,NOUN,nsubj,nsubj,explicit_ref_case,
2004,874,one-to-one,dn_965,ikt_1008,Ippolita,Ippolita,PRON,PRON,obj,obj,explicit_full,
2005,875,one-to-one,dn_966,ikt_1009,Giorgio,Giorgio,PRON,PRON,obj,obj,explicit_full,
2006,875,one-to-one,dn_966,ikt_1009,Giorgio,Giorgio,PRON,PRON,obj,obj,explicit_full,
2007,875,one-to-one,dn_966,ikt_1009,Giorgio,Giorgio,PRON,NOUN,nsubj,nsubj,explicit_ref_case,
2008,875,one-to-one,dn_966,ikt_1009,Giorgio,MISSING,NULL,MISSING,nsubj,MISSING,leftover_source,
2009,875,one-to-one,dn_966,ikt_1009,Giorgio,MISSING,NULL,MISSING,nsubj,MISSING,leftover_source,
2010,876,one-to-many,dn_967,ikt_1010 ikt_1011 ikt_1012,Giorgio,Giorgio,DET,NOUN,nmod,nmod,explicit_ref_case,
2011,876,one-to-many,dn_967,ikt_1010 ikt_1011 ikt_1012,Giorgio,Giorgio,NULL,NOUN,nsubj,nsubj,zero_to_tgt_anchor,
2012,876,one-to-many,dn_967,ikt_1010 ikt_1011 ikt_1012,Giorgio,MISSING,NULL,MISSING,nsubj,MISSING,leftover_source,
2013,876,one-to-many,dn_967,ikt_1010 ikt_1011 ikt_1012,Giorgio,MISSING,NULL,MISSING,nsubj,MISSING,leftover_source,
2014,876,one-to-many,dn_967,ikt_1010 ikt_1011 ikt_1012,MISSING,Giorgio,MISSING,NOUN,MISSING,nmod,leftover_target,
2015,876,one-to-many,dn_967,ikt_1010 ikt_1011 ikt_1012,MISSING,Giorgio,MISSING,NOUN,MISSING,nmod,leftover_target,
2016,876,one-to-many,dn_967,ikt_1010 ikt_1011 ikt_1012,Ippolita,Ippolita,PRON,PRON,obj,nsubj,explicit_ref_pos,
2017,876,one-to-many,dn_967,ikt_1010 ikt_1011 ikt_1012,Ippolita,Ippolita,PRON,PRON,obj,nsubj,explicit_ref_pos,
2018,876,one-to-many,dn_967,ikt_1010 ikt_1011 ikt_1012,Ippolita,Ippolita,PRON,PRON,obj,nsubj,explicit_ref_pos,
2019,876,one-to-many,dn_967,ikt_1010 ikt_1011 ikt_1012,MISSING,Ippolita,MISSING,PRON,MISSING,nsubj,leftover_target,
2020,876,one-to-many,dn_967,ikt_1010 ikt_1011 ikt_1012,MISSING,Ippolita,MISSING,NULL,MISSING,nsubj,leftover_target,
2021,877,one-to-many,dn_968,ikt_1013 ikt_1014 ikt_1015,Giorgio,Giorgio,PRON,NOUN,obj,obj,explicit_ref_case,
2022,877,one-to-many,dn_968,ikt_1013 ikt_1014 ikt_1015,Giorgio,Giorgio,PRON,NOUN,obj,obj,explicit_ref_case,
2023,877,one-to-many,dn_968,ikt_1013 ikt_1014 ikt_1015,Giorgio,Giorgio,PRON,NOUN,obj,nmod,explicit_ref_only,
2024,877,one-to-many,dn_968,ikt_1013 ikt_1014 ikt_1015,Ippolita,Ippolita,PRON,PRON,nsubj,nsubj,explicit_full,
2025,877,one-to-many,dn_968,ikt_1013 ikt_1014 ikt_1015,Ippolita,Ippolita,PRON,PRON,nsubj,nsubj,explicit_full,
2026,877,one-to-many,dn_968,ikt_1013 ikt_1014 ikt_1015,Ippolita,Ippolita,DET,PRON,nmod,nmod,explicit_ref_case,
2027,877,one-to-many,dn_968,ikt_1013 ikt_1014 ikt_1015,Ippolita,Ippolita,NULL,NULL,nsubj,nsubj,zero_zero_semantic,0.2898151332576506
2028,877,one-to-many,dn_968,ikt_1013 ikt_1014 ikt_1015,Ippolita,Ippolita,NULL,NULL,nsubj,nsubj,zero_zero_semantic,0.24258157728517704
2029,877,one-to-many,dn_968,ikt_1013 ikt_1014 ikt_1015,Ippolita,Ippolita,NULL,PRON,nsubj,nsubj,zero_to_tgt_anchor,
2030,877,one-to-many,dn_968,ikt_1013 ikt_1014 ikt_1015,Ippolita,MISSING,NULL,MISSING,nsubj,MISSING,leftover_source,
2031,877,one-to-many,dn_968,ikt_1013 ikt_1014 ikt_1015,MISSING,Ippolita,MISSING,PRON,MISSING,nmod,leftover_target,
2032,877,one-to-many,dn_968,ikt_1013 ikt_1014 ikt_1015,MISSING,Ippolita,MISSING,PRON,MISSING,nmod,leftover_target,
2033,878,one-to-one,dn_969,ikt_1016,Giorgio Ippolita,Giorgio Ippolita,NULL,NULL,nsubj,nsubj,zero_zero_single,
2034,878,one-to-one,dn_969,ikt_1016,Giorgio Ippolita,Giorgio Ippolita,PRON-REFLEX,NOUN,obj,obj,reflex_obj,
2035,878,one-to-one,dn_969,ikt_1016,MISSING,Ippolita,MISSING,NULL,MISSING,nsubj,leftover_target,
2036,879,one-to-many,dn_970,ikt_1017 ikt_1018,Giorgio,Giorgio,NOUN,NOUN,nmod,nmod,explicit_full,
2037,879,one-to-many,dn_970,ikt_1017 ikt_1018,Giorgio,Giorgio,PRON,PRON,obj,obj,explicit_full,
2038,879,one-to-many,dn_970,ikt_1017 ikt_1018,Ippolita,Ippolita,PRON,PRON,nsubj,nsubj,explicit_full,
2039,879,one-to-many,dn_970,ikt_1017 ikt_1018,Ippolita,Ippolita,NULL,NULL,nsubj,nsubj,zero_zero_single,
2040,879,one-to-many,dn_970,ikt_1017 ikt_1018,Ippolita,MISSING,PRON-REFLEX,MISSING,obj,MISSING,leftover_source,
2041,879,one-to-many,dn_970,ikt_1017 ikt_1018,MISSING,Ippolita,MISSING,DET,MISSING,nmod,leftover_target,
2042,880,one-to-many,dn_971,ikt_1019 ikt_1020 ikt_1021,Giorgio,Giorgio,PRON,NOUN,nsubj,nsubj,explicit_ref_case,
2043,880,one-to-many,dn_971,ikt_1019 ikt_1020 ikt_1021,MISSING,Giorgio,MISSING,NULL,MISSING,nsubj,leftover_target,
2044,880,one-to-many,dn_971,ikt_1019 ikt_1020 ikt_1021,Giorgio Ippolita,Giorgio Ippolita,NULL,NULL,nsubj,nsubj,zero_zero_single,
2045,880,one-to-many,dn_971,ikt_1019 ikt_1020 ikt_1021,Ippolita,Ippolita,PRON,PRON,obj,nmod,explicit_ref_pos,
2046,880,one-to-many,dn_971,ikt_1019 ikt_1020 ikt_1021,Ippolita,Ippolita,PRON,PRON,obj,nmod,explicit_ref_pos,
2047,880,one-to-many,dn_971,ikt_1019 ikt_1020 ikt_1021,Ippolita,Ippolita,PRON,PRON,obj,nsubj,explicit_ref_pos,
2048,880,one-to-many,dn_971,ikt_1019 ikt_1020 ikt_1021,Ippolita,MISSING,PRON,MISSING,obj,MISSING,leftover_source,
2049,880,one-to-many,dn_971,ikt_1019 ikt_1020 ikt_1021,MISSING,Ippolita,MISSING,NULL,MISSING,nsubj,leftover_target,
2050,881,one-to-one,dn_972,ikt_1022,Ippolita,Ippolita,PRON,NULL,nsubj,nsubj,zero_to_src_anchor,
2051,881,one-to-one,dn_972,ikt_1022,Ippolita,MISSING,PRON,MISSING,nmod,MISSING,leftover_source,
2052,883,one-to-many,dn_974,ikt_1024 ikt_1025,Giorgio Ippolita,Giorgio Ippolita,PRON,NOUN,nsubj,nsubj,explicit_ref_case,
2053,883,one-to-many,dn_974,ikt_1024 ikt_1025,Giorgio Ippolita,MISSING,PRON-REFLEX,MISSING,obj,MISSING,leftover_source,
2054,883,one-to-many,dn_974,ikt_1024 ikt_1025,MISSING,Giorgio Ippolita,MISSING,NOUN,MISSING,nsubj,leftover_target,
2055,884,one-to-one,dn_975,ikt_1026,Giorgio,Giorgio,PRON,PRON,nsubj,nsubj,explicit_full,
2056,884,one-to-one,dn_975,ikt_1026,Giorgio,Giorgio,DET,DET,nmod,nmod,explicit_full,
2057,884,one-to-one,dn_975,ikt_1026,Ippolita,Ippolita,PRON,PRON,obj,obj,explicit_full,
2058,885,many-to-one,dn_976 dn_977,ikt_1027,Giorgio Ippolita,Giorgio Ippolita,PRON,NOUN,obj,nmod,explicit_ref_only,
2059,885,many-to-one,dn_976 dn_977,ikt_1027,Giorgio Ippolita,MISSING,NULL,MISSING,nsubj,MISSING,leftover_source,
2060,886,one-to-one,dn_978,ikt_1028,Giorgio Ippolita,Giorgio Ippolita,DET,NOUN,nmod,nmod,explicit_ref_case,
2061,886,one-to-one,dn_978,ikt_1028,Giorgio Ippolita,MISSING,DET,MISSING,nmod,MISSING,leftover_source,
2062,887,one-to-one,dn_979,ikt_1029,Giorgio Ippolita,Giorgio Ippolita,DET,NOUN,nmod,nmod,explicit_ref_case,
2063,888,one-to-one,dn_980,ikt_1030,Giorgio,Giorgio,PRON,NOUN,obj,obj,explicit_ref_case,
2064,888,one-to-one,dn_980,ikt_1030,Giorgio,Giorgio,PRON,NOUN,obj,obj,explicit_ref_case,
2065,888,one-to-one,dn_980,ikt_1030,Giorgio,MISSING,DET,MISSING,nmod,MISSING,leftover_source,
2066,888,one-to-one,dn_980,ikt_1030,Ippolita,Ippolita,PRON,PRON,nsubj,nsubj,explicit_full,
2067,888,one-to-one,dn_980,ikt_1030,Ippolita,Ippolita,PRON,PRON,obj,obj,explicit_full,
2068,888,one-to-one,dn_980,ikt_1030,Ippolita,Ippolita,NULL,NULL,nsubj,nsubj,zero_zero_single,
2069,888,one-to-one,dn_980,ikt_1030,Ippolita,MISSING,PRON,MISSING,nsubj,MISSING,leftover_source,
2070,889,one-to-many,dn_982,ikt_1031 ikt_1032,Giorgio,Giorgio,PRON,NOUN,nsubj,nsubj,explicit_ref_case,
2071,889,one-to-many,dn_982,ikt_1031 ikt_1032,Giorgio,Giorgio,NULL,NULL,nsubj,nsubj,zero_zero_semantic,0.35200948436328283
2072,889,one-to-many,dn_982,ikt_1031 ikt_1032,Giorgio,Giorgio,NULL,NOUN,nsubj,nsubj,zero_to_tgt_anchor,
2073,889,one-to-many,dn_982,ikt_1031 ikt_1032,Ippolita,Ippolita,PRON,PRON,obj,obj,explicit_full,
2074,889,one-to-many,dn_982,ikt_1031 ikt_1032,Ippolita,Ippolita,PRON,PRON,obj,obj,explicit_full,
2075,889,one-to-many,dn_982,ikt_1031 ikt_1032,Ippolita,MISSING,PRON,MISSING,obj,MISSING,leftover_source,
2076,890,one-to-one,dn_983,ikt_1033,Giorgio,Giorgio,DET,NOUN,nmod,nmod,explicit_ref_case,
2077,890,one-to-one,dn_983,ikt_1033,MISSING,Giorgio,MISSING,NOUN,MISSING,nmod,leftover_target,
2078,890,one-to-one,dn_983,ikt_1033,Ippolita,Ippolita,PRON,PRON,nsubj,nsubj,explicit_full,
2079,890,one-to-one,dn_983,ikt_1033,Ippolita,Ippolita,NOUN,NOUN,pred,pred,explicit_full,
2080,891,many-to-one,dn_984 dn_985,ikt_1034,Giorgio,Giorgio,PRON,NOUN,nsubj,nsubj,explicit_ref_case,
2081,891,many-to-one,dn_984 dn_985,ikt_1034,Giorgio,Giorgio,DET,PRON,nmod,nmod,explicit_ref_case,
2082,891,many-to-one,dn_984 dn_985,ikt_1034,Giorgio,Giorgio,PRON,NOUN,obj,nmod,explicit_ref_only,
2083,891,many-to-one,dn_984 dn_985,ikt_1034,Giorgio,MISSING,PRON-REFLEX,MISSING,obj,MISSING,leftover_source,
2084,891,many-to-one,dn_984 dn_985,ikt_1034,Ippolita,Ippolita,PRON,PRON,nsubj,nsubj,explicit_full,
2085,891,many-to-one,dn_984 dn_985,ikt_1034,Ippolita,Ippolita,PRON,PRON,obj,nmod,explicit_ref_pos,
2086,892,one-to-many,dn_986,ikt_1035 ikt_1037,Giorgio,Giorgio,PRON,PRON,obj,nsubj,explicit_ref_pos,
2087,892,one-to-many,dn_986,ikt_1035 ikt_1037,Giorgio,MISSING,PRON,MISSING,obj,MISSING,leftover_source,
2088,892,one-to-many,dn_986,ikt_1035 ikt_1037,Ippolita,Ippolita,PRON,NULL,nsubj,nsubj,zero_to_src_anchor,
2089,892,one-to-many,dn_986,ikt_1035 ikt_1037,Ippolita,MISSING,PRON-REFLEX,MISSING,obj,MISSING,leftover_source,
2090,892,one-to-many,dn_986,ikt_1035 ikt_1037,MISSING,Ippolita,MISSING,NULL,MISSING,nsubj,leftover_target,
2091,893,one-to-one,dn_987,ikt_1036,Giorgio,Giorgio,NULL,PRON,nsubj,nsubj,zero_to_tgt_anchor,
2092,894,one-to-one,dn_988,ikt_1038,Giorgio,Giorgio,PRON,PRON,nsubj,obj,explicit_ref_pos,
2093,894,one-to-one,dn_988,ikt_1038,MISSING,Giorgio,MISSING,NULL,MISSING,nsubj,leftover_target,
2094,894,one-to-one,dn_988,ikt_1038,MISSING,Giorgio,MISSING,NULL,MISSING,nsubj,leftover_target,
2095,894,one-to-one,dn_988,ikt_1038,MISSING,Giorgio,MISSING,NULL,MISSING,nsubj,leftover_target,
2096,894,one-to-one,dn_988,ikt_1038,MISSING,Giorgio,MISSING,PRON,MISSING,nmod,leftover_target,
2097,894,one-to-one,dn_988,ikt_1038,MISSING,Ippolita,MISSING,PRON,MISSING,nmod,leftover_target,
2098,895,one-to-one,dn_989,ikt_1040,Giorgio,Giorgio,NULL,PRON,nsubj,nsubj,zero_to_tgt_anchor,
2099,897,one-to-one,dn_991,ikt_1041,Giorgio Ippolita,MISSING,NULL,MISSING,nsubj,MISSING,leftover_source,
2100,897,one-to-one,dn_991,ikt_1041,MISSING,Giorgio Ippolita,MISSING,NOUN,MISSING,obj,leftover_target,
2101,898,one-to-many,dn_992,ikt_1042 ikt_1043 ikt_1044,Giorgio Ippolita,Giorgio Ippolita,DET,NOUN,nmod,obj,explicit_ref_only,
2102,898,one-to-many,dn_992,ikt_1042 ikt_1043 ikt_1044,Giorgio Ippolita,Giorgio Ippolita,NULL,NULL,nsubj,nsubj,zero_zero_semantic,0.32858606526697387
2103,898,one-to-many,dn_992,ikt_1042 ikt_1043 ikt_1044,Giorgio Ippolita,Giorgio Ippolita,NULL,NULL,nsubj,nsubj,zero_zero_semantic,0.17889835151827088
2104,898,one-to-many,dn_992,ikt_1042 ikt_1043 ikt_1044,Giorgio Ippolita,Giorgio Ippolita,NULL,NULL,nsubj,nsubj,zero_zero_semantic,0.2577925455845076
2105,898,one-to-many,dn_992,ikt_1042 ikt_1043 ikt_1044,Giorgio Ippolita,Giorgio Ippolita,NULL,NULL,nsubj,nsubj,zero_zero_semantic,0.11648997974778534
2106,898,one-to-many,dn_992,ikt_1042 ikt_1043 ikt_1044,Giorgio Ippolita,Giorgio Ippolita,NULL,NULL,nsubj,nsubj,zero_zero_semantic,0.2534461022229197
2107,898,one-to-many,dn_992,ikt_1042 ikt_1043 ikt_1044,Giorgio Ippolita,MISSING,PRON-REFLEX,MISSING,obj,MISSING,leftover_source,
2108,898,one-to-many,dn_992,ikt_1042 ikt_1043 ikt_1044,Giorgio Ippolita,MISSING,NULL,MISSING,nsubj,MISSING,leftover_source,
2109,898,one-to-many,dn_992,ikt_1042 ikt_1043 ikt_1044,Giorgio Ippolita,MISSING,PRON-REFLEX,MISSING,obj,MISSING,leftover_source,
2110,898,one-to-many,dn_992,ikt_1042 ikt_1043 ikt_1044,Giorgio Ippolita,MISSING,PRON-REFLEX,MISSING,obj,MISSING,leftover_source,
2111,898,one-to-many,dn_992,ikt_1042 ikt_1043 ikt_1044,Giorgio Ippolita,MISSING,PRON-REFLEX,MISSING,obj,MISSING,leftover_source,
2112,899,one-to-one,dn_993 dn_994,ikt_1045 ikt_1046,Giorgio,MISSING,PRON,MISSING,obj,MISSING,leftover_source,
2113,899,one-to-one,dn_993 dn_994,ikt_1045 ikt_1046,Giorgio Ippolita,Giorgio Ippolita,DET,NOUN,nmod,nsubj,explicit_ref_only,
2114,899,one-to-one,dn_993 dn_994,ikt_1045 ikt_1046,Giorgio Ippolita,Giorgio Ippolita,NULL,NULL,nsubj,nsubj,zero_zero_semantic,0.307461517106058
2115,899,one-to-one,dn_993 dn_994,ikt_1045 ikt_1046,Giorgio Ippolita,Giorgio Ippolita,NULL,NULL,nsubj,nsubj,zero_zero_semantic,0.3724874578388443
2116,899,one-to-one,dn_993 dn_994,ikt_1045 ikt_1046,MISSING,Giorgio Ippolita,MISSING,NULL,MISSING,nsubj,leftover_target,
2117,899,one-to-one,dn_993 dn_994,ikt_1045 ikt_1046,MISSING,Giorgio Ippolita,MISSING,NULL,MISSING,nsubj,leftover_target,
2118,899,one-to-one,dn_993 dn_994,ikt_1045 ikt_1046,Ippolita,MISSING,PRON,MISSING,obj,MISSING,leftover_source,
2119,900,one-to-one,dn_995,ikt_1048,Ippolita,Ippolita,PROPN,PROPN,nsubj,nsubj,explicit_full,
2120,900,one-to-one,dn_995,ikt_1048,Ippolita,MISSING,NULL,MISSING,nsubj,MISSING,leftover_source,
2121,901,one-to-many,dn_996,ikt_1047 ikt_1049,Giorgio,Giorgio,NULL,NULL,nsubj,nsubj,zero_zero_semantic,0.15319023103941054
2122,901,one-to-many,dn_996,ikt_1047 ikt_1049,Giorgio,Giorgio,NULL,NULL,nsubj,nsubj,zero_zero_semantic,0.5100271542945867
2123,901,one-to-many,dn_996,ikt_1047 ikt_1049,Giorgio,MISSING,PRON-REFLEX,MISSING,obj,MISSING,leftover_source,
2124,901,one-to-many,dn_996,ikt_1047 ikt_1049,Ippolita,Ippolita,DET,PRON,nmod,nmod,explicit_ref_case,
2125,902,one-to-one,dn_997,ikt_1050,Giorgio,Giorgio,PROPN,PROPN,nsubj,nsubj,explicit_full,
2126,902,one-to-one,dn_997,ikt_1050,Giorgio,MISSING,PRON-REFLEX,MISSING,obj,MISSING,leftover_source,
2127,902,one-to-one,dn_997,ikt_1050,Giorgio,MISSING,NULL,MISSING,nsubj,MISSING,leftover_source,
2128,902,one-to-one,dn_997,ikt_1050,Ippolita,Ippolita,PRON,PRON,obj,nmod,explicit_ref_pos,
2129,903,one-to-one,dn_999,ikt_1051,Giorgio,MISSING,PRON,MISSING,obj,MISSING,leftover_source,
2130,904,many-to-one,dn_998 dn_1000,ikt_1052,Giorgio,MISSING,PRON,MISSING,obj,MISSING,leftover_source,
2131,904,many-to-one,dn_998 dn_1000,ikt_1052,Ippolita,Ippolita,PRON,PRON,nsubj,nsubj,explicit_full,
2132,904,many-to-one,dn_998 dn_1000,ikt_1052,Ippolita,Ippolita,NULL,NULL,nsubj,nsubj,zero_zero_semantic,0.4865970296519143
2133,904,many-to-one,dn_998 dn_1000,ikt_1052,MISSING,Ippolita,MISSING,NULL,MISSING,nsubj,leftover_target,
2134,905,one-to-one,dn_1001,ikt_1053,Giorgio,Giorgio,PRON,PROPN,nsubj,nsubj,explicit_ref_case,
2135,905,one-to-one,dn_1001,ikt_1053,Ippolita,Ippolita,PRON,PRON,obj,nmod,explicit_ref_pos,
2136,906,one-to-one,dn_1002,ikt_1054,Giorgio,Giorgio,PRON,PRON,obj,nmod,explicit_ref_pos,
2137,906,one-to-one,dn_1002,ikt_1054,Ippolita,Ippolita,PRON,PRON,nsubj,nsubj,explicit_full,
2138,907,one-to-one,dn_1003,ikt_1056,Ippolita,Ippolita,NULL,PRON,nsubj,nsubj,zero_to_tgt_anchor,
2139,908,one-to-one,dn_1004,ikt_1055,Giorgio,Giorgio,PRON,PRON,nsubj,nmod,explicit_ref_pos,
2140,909,one-to-one,dn_1005,ikt_1057,Giorgio,Giorgio,PRON,PRON,obj,nmod,explicit_ref_pos,
2141,909,one-to-one,dn_1005,ikt_1057,Ippolita,Ippolita,NULL,PRON,nsubj,nsubj,zero_to_tgt_anchor,
2142,910,one-to-many,dn_1006,ikt_1058 ikt_1059,Giorgio,Giorgio,PRON,PRON,obj,obj,explicit_full,
2143,910,one-to-many,dn_1006,ikt_1058 ikt_1059,Giorgio,Giorgio,PRON,PRON,obj,nmod,explicit_ref_pos,
2144,910,one-to-many,dn_1006,ikt_1058 ikt_1059,MISSING,Giorgio,MISSING,PRON,MISSING,nmod,leftover_target,
2145,910,one-to-many,dn_1006,ikt_1058 ikt_1059,Ippolita,Ippolita,NULL,NULL,nsubj,nsubj,zero_zero_semantic,0.5491381034213287
2146,910,one-to-many,dn_1006,ikt_1058 ikt_1059,Ippolita,Ippolita,NULL,NULL,nsubj,nsubj,zero_zero_semantic,0.15155237892261741
2147,910,one-to-many,dn_1006,ikt_1058 ikt_1059,Ippolita,MISSING,PRON-REFLEX,MISSING,obj,MISSING,leftover_source,
2148,910,one-to-many,dn_1006,ikt_1058 ikt_1059,MISSING,Ippolita,MISSING,NULL,MISSING,nsubj,leftover_target,
2149,910,one-to-many,dn_1006,ikt_1058 ikt_1059,MISSING,Ippolita,MISSING,PRON,MISSING,nmod,leftover_target,
2150,911,one-to-one,dn_1007,ikt_1060,Giorgio,Giorgio,PRON,PRON,nsubj,nsubj,explicit_full,
2151,911,one-to-one,dn_1007,ikt_1060,MISSING,Giorgio,MISSING,NULL,MISSING,nsubj,leftover_target,
2152,911,one-to-one,dn_1007,ikt_1060,MISSING,Giorgio,MISSING,NULL,MISSING,nsubj,leftover_target,
2153,911,one-to-one,dn_1007,ikt_1060,Ippolita,Ippolita,PRON,PRON,nmod,nmod,explicit_full,
2154,912,many-to-one,dn_1008 dn_1009,ikt_1061,Ippolita,Ippolita,PRON,PRON,nsubj,nsubj,explicit_full,
2155,912,many-to-one,dn_1008 dn_1009,ikt_1061,Ippolita,Ippolita,NULL,NULL,nsubj,nsubj,zero_zero_single,
2156,913,one-to-one,dn_1010 dn_1011,ikt_1062 ikt_1063,Giorgio Ippolita,Giorgio Ippolita,PRON,PRON,nsubj,nsubj,explicit_full,
2157,913,one-to-one,dn_1010 dn_1011,ikt_1062 ikt_1063,Giorgio Ippolita,Giorgio Ippolita,PRON,PRON,obj,nmod,explicit_ref_pos,
2158,913,one-to-one,dn_1010 dn_1011,ikt_1062 ikt_1063,MISSING,Giorgio Ippolita,MISSING,NULL,MISSING,nsubj,leftover_target,
2159,913,one-to-one,dn_1010 dn_1011,ikt_1062 ikt_1063,MISSING,Giorgio Ippolita,MISSING,NULL,MISSING,nsubj,leftover_target,
2160,914,one-to-one,dn_1012,ikt_1064,Giorgio Ippolita,Giorgio Ippolita,NULL,PRON,nsubj,nsubj,zero_to_tgt_anchor,
2161,914,one-to-one,dn_1012,ikt_1064,Giorgio Ippolita,Giorgio Ippolita,PRON-REFLEX,NOUN,obj,obj,reflex_obj,
2162,915,one-to-one,dn_1013,ikt_1065,Ippolita,Ippolita,PRON,PRON,nsubj,nsubj,explicit_full,
2163,915,one-to-one,dn_1013,ikt_1065,MISSING,Ippolita,MISSING,NULL,MISSING,nsubj,leftover_target,
2164,916,one-to-many,dn_1014,ikt_1066 ikt_1067,Giorgio Ippolita,Giorgio Ippolita,NULL,NULL,nsubj,nsubj,zero_zero_semantic,0.42007709439698754
2165,916,one-to-many,dn_1014,ikt_1066 ikt_1067,Giorgio Ippolita,Giorgio Ippolita,PRON-REFLEX,NOUN,obj,obj,reflex_obj,
2166,916,one-to-many,dn_1014,ikt_1066 ikt_1067,Giorgio Ippolita,MISSING,NULL,MISSING,nsubj,MISSING,leftover_source,
2167,916,one-to-many,dn_1014,ikt_1066 ikt_1067,MISSING,Giorgio Ippolita,MISSING,NOUN,MISSING,obj,leftover_target,
2168,917,one-to-one,dn_1015,ikt_1068,Giorgio Ippolita,MISSING,NULL,MISSING,nsubj,MISSING,leftover_source,
2169,917,one-to-one,dn_1015,ikt_1068,MISSING,Giorgio Ippolita,MISSING,NOUN,MISSING,obj,leftover_target,
2170,917,one-to-one,dn_1015,ikt_1068,Ippolita,Ippolita,PRON,PRON,nsubj,nsubj,explicit_full,
2171,917,one-to-one,dn_1015,ikt_1068,Ippolita,MISSING,PRON,MISSING,obj,MISSING,leftover_source,
2172,918,one-to-one,dn_1017,ikt_1069,Giorgio,Giorgio,PRON,PROPN,nsubj,nsubj,explicit_ref_case,
2173,918,one-to-one,dn_1017,ikt_1069,Giorgio,Giorgio,NULL,NULL,nsubj,nsubj,zero_zero_semantic,0.3084876777738055
2174,918,one-to-one,dn_1017,ikt_1069,Giorgio,Giorgio,NULL,NULL,nsubj,nsubj,zero_zero_semantic,0.5635315507000029
2175,918,one-to-one,dn_1017,ikt_1069,Giorgio,MISSING,PRON-REFLEX,MISSING,obj,MISSING,leftover_source,
2176,918,one-to-one,dn_1017,ikt_1069,Ippolita,Ippolita,PRON,PRON,obj,nmod,explicit_ref_pos,
2177,918,one-to-one,dn_1017,ikt_1069,Ippolita,Ippolita,PRON,PRON,obj,nmod,explicit_ref_pos,
2178,919,one-to-one,dn_1018,ikt_1071,Ippolita,Ippolita,PRON,PRON,nsubj,nsubj,explicit_full,
2179,919,one-to-one,dn_1018,ikt_1071,Ippolita,MISSING,PRON,MISSING,nmod,MISSING,leftover_source,
2180,920,one-to-one,dn_1020,ikt_1070,MISSING,Giorgio,MISSING,PRON,MISSING,nsubj,leftover_target,
2181,920,one-to-one,dn_1020,ikt_1070,Giorgio Ippolita,MISSING,PRON,MISSING,nsubj,MISSING,leftover_source,
2182,920,one-to-one,dn_1020,ikt_1070,Giorgio Ippolita,MISSING,NULL,MISSING,nsubj,MISSING,leftover_source,
2183,921,one-to-one,dn_1021,ikt_1072,MISSING,Giorgio Ippolita,MISSING,PRON,MISSING,obj,leftover_target,
2184,922,one-to-one,dn_1022,ikt_1073,Ippolita,Ippolita,PRON,PRON,nsubj,nsubj,explicit_full,
2185,924,one-to-one,dn_1024,ikt_1075,MISSING,Giorgio,MISSING,PROPN,MISSING,nmod,leftover_target,
2186,924,one-to-one,dn_1024,ikt_1075,Ippolita,Ippolita,PROPN,PRON,nsubj,nsubj,explicit_ref_case,
2187,924,one-to-one,dn_1024,ikt_1075,Ippolita,MISSING,NULL,MISSING,nsubj,MISSING,leftover_source,
2188,925,one-to-one,dn_1025,ikt_1076,Giorgio Ippolita,MISSING,NULL,MISSING,nsubj,MISSING,leftover_source,
2189,925,one-to-one,dn_1025,ikt_1076,MISSING,Giorgio Ippolita,MISSING,NOUN,MISSING,obj,leftover_target,
2190,926,one-to-one,dn_1026,ikt_1077,Giorgio Ippolita,MISSING,PRON,MISSING,obj,MISSING,leftover_source,
2191,926,one-to-one,dn_1026,ikt_1077,MISSING,Giorgio Ippolita,MISSING,NULL,MISSING,nsubj,leftover_target,
2192,926,one-to-one,dn_1026,ikt_1077,UNKNOWN,MISSING,NULL,MISSING,nsubj,MISSING,leftover_source,
2193,927,one-to-one,dn_1027,ikt_1078,Giorgio,Giorgio,PROPN,PROPN,nmod,obj,explicit_ref_pos,
2194,927,one-to-one,dn_1027,ikt_1078,Ippolita,Ippolita,NULL,NULL,nsubj,nsubj,zero_zero_semantic,0.4293887511986058
2195,927,one-to-one,dn_1027,ikt_1078,Ippolita,Ippolita,NULL,NULL,nsubj,nsubj,zero_zero_semantic,0.3559247962481469
2196,927,one-to-one,dn_1027,ikt_1078,Ippolita,MISSING,PRON-REFLEX,MISSING,obj,MISSING,leftover_source,
2197,927,one-to-one,dn_1027,ikt_1078,Ippolita,MISSING,PRON-REFLEX,MISSING,obj,MISSING,leftover_source,
2198,927,one-to-one,dn_1027,ikt_1078,MISSING,Ippolita,MISSING,PRON,MISSING,nsubj,leftover_target,
2199,929,one-to-one,dn_1029,ikt_1080,Giorgio Ippolita,Giorgio Ippolita,NULL,NULL,nsubj,nsubj,zero_zero_semantic,0.16161000444775536
2200,929,one-to-one,dn_1029,ikt_1080,Giorgio Ippolita,Giorgio Ippolita,NULL,NULL,nsubj,nsubj,zero_zero_semantic,0.11651898835386548
2201,929,one-to-one,dn_1029,ikt_1080,MISSING,Giorgio Ippolita,MISSING,NULL,MISSING,nsubj,leftover_target,
2202,930,many-to-one,dn_1030 dn_1031,ikt_1081,Giorgio Ippolita,Giorgio Ippolita,PRON,NOUN,nsubj,nsubj,explicit_ref_case,
2203,930,many-to-one,dn_1030 dn_1031,ikt_1081,Giorgio Ippolita,Giorgio Ippolita,NULL,NULL,nsubj,nsubj,zero_zero_semantic,0.4303571573325566
2204,930,many-to-one,dn_1030 dn_1031,ikt_1081,Giorgio Ippolita,Giorgio Ippolita,NULL,NULL,nsubj,nsubj,zero_zero_semantic,0.37419687103113985
2205,930,many-to-one,dn_1030 dn_1031,ikt_1081,Giorgio Ippolita,Giorgio Ippolita,PRON-REFLEX,NOUN,obj,obj,reflex_obj,
2206,930,many-to-one,dn_1030 dn_1031,ikt_1081,MISSING,Giorgio Ippolita,MISSING,NOUN,MISSING,obj,leftover_target,
2207,931,one-to-one,dn_1033 dn_1034,ikt_1082 ikt_1083,Giorgio Ippolita,Giorgio Ippolita,NULL,NULL,nsubj,nsubj,zero_zero_semantic,0.3345523084464826
2208,931,one-to-one,dn_1033 dn_1034,ikt_1082 ikt_1083,Giorgio Ippolita,Giorgio Ippolita,NULL,NULL,nsubj,nsubj,zero_zero_semantic,0.537450884760072
2209,931,one-to-one,dn_1033 dn_1034,ikt_1082 ikt_1083,Giorgio Ippolita,MISSING,DET,MISSING,nmod,MISSING,leftover_source,
2210,931,one-to-one,dn_1033 dn_1034,ikt_1082 ikt_1083,MISSING,Giorgio Ippolita,MISSING,NULL,MISSING,nsubj,leftover_target,
2211,931,one-to-one,dn_1033 dn_1034,ikt_1082 ikt_1083,MISSING,Giorgio Ippolita,MISSING,NULL,MISSING,nsubj,leftover_target,
2212,932,one-to-one,dn_1035,ikt_1083,MISSING,Giorgio Ippolita,MISSING,NULL,MISSING,nsubj,leftover_target,
2213,932,one-to-one,dn_1035,ikt_1083,MISSING,Giorgio Ippolita,MISSING,NULL,MISSING,nsubj,leftover_target,
2214,932,one-to-one,dn_1035,ikt_1083,Ippolita,MISSING,NULL,MISSING,nsubj,MISSING,leftover_source,
2215,933,one-to-one,dn_1038,ikt_1084,Giorgio Ippolita,MISSING,PRON,MISSING,obj,MISSING,leftover_source,
2216,933,one-to-one,dn_1038,ikt_1084,Giorgio Ippolita,MISSING,DET,MISSING,nmod,MISSING,leftover_source,
2217,933,one-to-one,dn_1038,ikt_1084,Giorgio Ippolita,MISSING,DET,MISSING,obj,MISSING,leftover_source,
2218,935,one-to-one,dn_1043,ikt_1086,Ippolita,Ippolita,NULL,NULL,nsubj,nsubj,zero_zero_semantic,0.7974892456961029
2219,935,one-to-one,dn_1043,ikt_1086,Ippolita,Ippolita,NULL,NULL,nsubj,nsubj,zero_zero_semantic,0.3620372268027855
2220,935,one-to-one,dn_1043,ikt_1086,MISSING,Ippolita,MISSING,PROPN,MISSING,nsubj,leftover_target,
2221,936,one-to-one,dn_1044,ikt_1087,Giorgio,Giorgio,PROPN,PROPN,nsubj,nsubj,explicit_full,
2222,936,one-to-one,dn_1044,ikt_1087,MISSING,Giorgio,MISSING,NULL,MISSING,nsubj,leftover_target,
2223,936,one-to-one,dn_1044,ikt_1087,Ippolita,MISSING,PRON,MISSING,obj,MISSING,leftover_source,
2224,937,one-to-many,dn_1045,ikt_1088 ikt_1089,Giorgio,Giorgio,PRON,PRON,nsubj,nsubj,explicit_full,
2225,937,one-to-many,dn_1045,ikt_1088 ikt_1089,Giorgio,Giorgio,PRON,PRON,obj,nsubj,explicit_ref_pos,
2226,937,one-to-many,dn_1045,ikt_1088 ikt_1089,Giorgio,MISSING,NULL,MISSING,nsubj,MISSING,leftover_source,
2227,937,one-to-many,dn_1045,ikt_1088 ikt_1089,Ippolita,MISSING,PRON,MISSING,obj,MISSING,leftover_source,
2228,938,one-to-one,dn_1046,ikt_1090,Giorgio,Giorgio,NULL,NULL,nsubj,nsubj,zero_zero_single,
2229,939,one-to-one,dn_1047,ikt_1091,Giorgio,MISSING,PRON,MISSING,obj,MISSING,leftover_source,
2230,939,one-to-one,dn_1047,ikt_1091,Ippolita,Ippolita,PROPN,PROPN,nsubj,nsubj,explicit_full,
2231,940,one-to-one,dn_1048,ikt_1092,Ippolita,Ippolita,PRON,PRON,obj,nmod,explicit_ref_pos,
2232,941,one-to-one,dn_1049,ikt_1093,Giorgio,Giorgio,PRON,PRON,nsubj,nsubj,explicit_full,
2233,941,one-to-one,dn_1049,ikt_1093,MISSING,Giorgio,MISSING,NULL,MISSING,nsubj,leftover_target,
2234,941,one-to-one,dn_1049,ikt_1093,Ippolita,Ippolita,PRON,PRON,obj,nmod,explicit_ref_pos,
2235,942,one-to-one,dn_1050,ikt_1094,Giorgio,Giorgio,PRON,PRON,obj,obj,explicit_full,
2236,942,one-to-one,dn_1050,ikt_1094,Ippolita,Ippolita,PRON,PRON,nsubj,nsubj,explicit_full,
2237,942,one-to-one,dn_1050,ikt_1094,Ippolita,Ippolita,NULL,NULL,nsubj,nsubj,zero_zero_single,
2238,942,one-to-one,dn_1050,ikt_1094,Ippolita,MISSING,PRON-REFLEX,MISSING,obj,MISSING,leftover_source,
2239,942,one-to-one,dn_1050,ikt_1094,Ippolita,MISSING,DET,MISSING,nmod,MISSING,leftover_source,
2240,942,one-to-one,dn_1050,ikt_1094,MISSING,Ippolita Ippolitas-husband,MISSING,PRON,MISSING,obj,leftover_target,
2241,942,one-to-one,dn_1050,ikt_1094,Ippolitas-husband,Ippolitas-husband,NOUN,NOUN,obj,obj,explicit_full,
2242,943,one-to-one,dn_1052,ikt_1095,Ippolita,Ippolita,PRON,PRON,nsubj,nsubj,explicit_full,
2243,943,one-to-one,dn_1052,ikt_1095,Ippolita,Ippolita,NULL,NULL,nsubj,nsubj,zero_zero_single,
2244,943,one-to-one,dn_1052,ikt_1095,Ippolita,MISSING,PRON-REFLEX,MISSING,obj,MISSING,leftover_source,
2245,944,one-to-one,dn_1055,ikt_1096,Giorgio,Giorgio,PRON,PRON,nsubj,nsubj,explicit_full,
2246,944,one-to-one,dn_1055,ikt_1096,MISSING,Giorgio Ippolita,MISSING,NOUN,MISSING,nmod,leftover_target,
2247,946,one-to-many,dn_1058,ikt_1098 ikt_1099,Giorgio,Giorgio,NOUN,PRON,nsubj,nsubj,explicit_ref_case,
2248,946,one-to-many,dn_1058,ikt_1098 ikt_1099,Giorgio,MISSING,NULL,MISSING,nsubj,MISSING,leftover_source,
2249,946,one-to-many,dn_1058,ikt_1098 ikt_1099,MISSING,Giorgio,MISSING,NOUN,MISSING,obj,leftover_target,
2250,946,one-to-many,dn_1058,ikt_1098 ikt_1099,Ippolita,Ippolita,PROPN,PROPN,nsubj,nsubj,explicit_full,
2251,947,one-to-many,dn_1059,ikt_1100 ikt_1102,Giorgio,Giorgio,PRON,PRON,obj,nmod,explicit_ref_pos,
2252,947,one-to-many,dn_1059,ikt_1100 ikt_1102,Giorgio,MISSING,PRON,MISSING,obj,MISSING,leftover_source,
2253,947,one-to-many,dn_1059,ikt_1100 ikt_1102,Ippolita,Ippolita,PRON,PRON,nsubj,nsubj,explicit_full,
2254,947,one-to-many,dn_1059,ikt_1100 ikt_1102,MISSING,Ippolita,MISSING,PRON,MISSING,nsubj,leftover_target,
2255,948,one-to-one,dn_1060,ikt_1101,Giorgio,Giorgio,PRON,NULL,nsubj,nsubj,zero_to_src_anchor,
2256,949,one-to-one,dn_1061,ikt_1103,Giorgio,Giorgio,PRON,PRON,nsubj,nsubj,explicit_full,
2257,949,one-to-one,dn_1061,ikt_1103,Giorgio,Giorgio,NULL,NULL,nsubj,nsubj,zero_zero_semantic,0.40858817204179104
2258,949,one-to-one,dn_1061,ikt_1103,MISSING,Giorgio,MISSING,NULL,MISSING,nsubj,leftover_target,
2259,949,one-to-one,dn_1061,ikt_1103,Ippolita,Ippolita,PRON,PRON,obj,nmod,explicit_ref_pos,
2260,950,one-to-many,dn_1062,ikt_1104 ikt_1105,Giorgio,Giorgio,PRON,PRON,nsubj,nsubj,explicit_full,
2261,950,one-to-many,dn_1062,ikt_1104 ikt_1105,Giorgio,MISSING,PRON,MISSING,obj,MISSING,leftover_source,
2262,950,one-to-many,dn_1062,ikt_1104 ikt_1105,Ippolita,Ippolita,PRON,PRON,nsubj,nsubj,explicit_full,
2263,950,one-to-many,dn_1062,ikt_1104 ikt_1105,Ippolita,Ippolita,NULL,PRON,nsubj,nsubj,zero_to_tgt_anchor,
2264,951,one-to-many,dn_1063,ikt_1106 ikt_1107,Giorgio,Giorgio,PRON,PRON,obj,nmod,explicit_ref_pos,
2265,951,one-to-many,dn_1063,ikt_1106 ikt_1107,MISSING,Giorgio,MISSING,PRON,MISSING,nmod,leftover_target,
2266,951,one-to-many,dn_1063,ikt_1106 ikt_1107,Ippolita,Ippolita,NULL,NULL,nsubj,nsubj,zero_zero_semantic,0.40369018555983255
2267,951,one-to-many,dn_1063,ikt_1106 ikt_1107,Ippolita,Ippolita,NULL,NULL,nsubj,nsubj,zero_zero_semantic,0.1643521504023437
2268,951,one-to-many,dn_1063,ikt_1106 ikt_1107,Ippolita,Ippolita,NULL,NULL,nsubj,nsubj,zero_zero_semantic,0.4110410579293398
2269,951,one-to-many,dn_1063,ikt_1106 ikt_1107,MISSING,Ippolita,MISSING,PRON,MISSING,nsubj,leftover_target,
2270,952,one-to-one,dn_1064,ikt_1108,MISSING,Giorgio Ippolita,MISSING,NULL,MISSING,nsubj,leftover_target,
2271,953,one-to-one,dn_1065,ikt_1109,Ippolita,Ippolita,NULL,NULL,nsubj,nsubj,zero_zero_single,
2272,953,one-to-one,dn_1065,ikt_1109,MISSING,Ippolita,MISSING,PRON,MISSING,nsubj,leftover_target,
2273,954,many-to-one,dn_1066 dn_1067,ikt_1110,Giorgio,Giorgio,NOUN,PRON,vocative,vocative,explicit_ref_case,
2274,954,many-to-one,dn_1066 dn_1067,ikt_1110,MISSING,Giorgio Ippolita,MISSING,NULL,MISSING,nsubj,leftover_target,
2275,955,one-to-one,dn_1068,ikt_1111,Giorgio,Giorgio,PRON,NOUN,obj,nmod,explicit_ref_only,
2276,955,one-to-one,dn_1068,ikt_1111,Ippolita,Ippolita,PRON,PRON,nsubj,nsubj,explicit_full,
2277,955,one-to-one,dn_1068,ikt_1111,Ippolita,MISSING,PRON-REFLEX,MISSING,obj,MISSING,leftover_source,
2278,956,one-to-one,dn_1069,ikt_1112,Ippolita,Ippolita,NULL,NULL,nsubj,nsubj,zero_zero_semantic,0.4980315406407629
2279,956,one-to-one,dn_1069,ikt_1112,Ippolita,Ippolita,NULL,PRON,nsubj,nsubj,zero_to_tgt_anchor,
2280,958,many-to-one,dn_1071 dn_1072,ikt_1114,Giorgio,Giorgio,NOUN,PRON,vocative,vocative,explicit_ref_case,
2281,958,many-to-one,dn_1071 dn_1072,ikt_1114,MISSING,Giorgio Ippolita,MISSING,PRON,MISSING,nmod,leftover_target,
2282,959,one-to-one,dn_1073,ikt_1115,Giorgio Ippolita,Giorgio Ippolita,NULL,NULL,nsubj,nsubj,zero_zero_single,
2283,960,one-to-one,dn_1074,ikt_1116,Giorgio,Giorgio,PRON,PROPN,nsubj,nsubj,explicit_ref_case,
2284,960,one-to-one,dn_1074,ikt_1116,Giorgio,MISSING,PRON,MISSING,obj,MISSING,leftover_source,
2285,960,one-to-one,dn_1074,ikt_1116,MISSING,Giorgio,MISSING,NULL,MISSING,nsubj,leftover_target,
2286,960,one-to-one,dn_1074,ikt_1116,MISSING,Ippolita,MISSING,PRON,MISSING,nmod,leftover_target,
2287,961,one-to-one,dn_1075,ikt_1117,Giorgio,Giorgio,NULL,NULL,nsubj,nsubj,zero_zero_semantic,0.6578994183377787
2288,961,one-to-one,dn_1075,ikt_1117,Giorgio,MISSING,PRON-REFLEX,MISSING,obj,MISSING,leftover_source,
2289,961,one-to-one,dn_1075,ikt_1117,MISSING,Giorgio,MISSING,NULL,MISSING,nsubj,leftover_target,
2290,965,one-to-one,dn_1079,ikt_1121,Giorgio Ippolita,Giorgio Ippolita,NULL,NULL,nsubj,nsubj,zero_zero_single,
2291,966,one-to-one,dn_1080,ikt_1122,Giorgio,Giorgio,PROPN,PROPN,nsubj,nsubj,explicit_full,
2292,966,one-to-one,dn_1080,ikt_1122,Giorgio,MISSING,PRON,MISSING,nmod,MISSING,leftover_source,
2293,966,one-to-one,dn_1080,ikt_1122,Giorgio,MISSING,PRON,MISSING,obj,MISSING,leftover_source,
2294,966,one-to-one,dn_1080,ikt_1122,MISSING,Giorgio,MISSING,NULL,MISSING,nsubj,leftover_target,
2295,966,one-to-one,dn_1080,ikt_1122,Ippolita,Ippolita,NOUN,PROPN,nmod,nmod,explicit_ref_case,
2296,967,one-to-one,dn_1081,ikt_1123,Giorgio,MISSING,PRON,MISSING,obj,MISSING,leftover_source,
2297,968,one-to-one,dn_1082,ikt_1124,MISSING,Giorgio Ippolita,MISSING,PRON,MISSING,nmod,leftover_target,
2298,969,one-to-one,dn_1083,ikt_1125,Giorgio Ippolita,Giorgio Ippolita,NULL,NULL,nsubj,nsubj,zero_zero_single,
2299,970,one-to-one,dn_1084,ikt_1126,Giorgio,Giorgio,PRON,PRON,nsubj,nsubj,explicit_full,
2300,970,one-to-one,dn_1084,ikt_1126,Giorgio,MISSING,NULL,MISSING,nsubj,MISSING,leftover_source,
2301,971,one-to-many,dn_1085,ikt_1127 ikt_1128 ikt_1129,Giorgio,Giorgio,DET,PRON,nmod,nmod,explicit_ref_case,
2302,971,one-to-many,dn_1085,ikt_1127 ikt_1128 ikt_1129,Giorgio,Giorgio,DET,PRON,nmod,nsubj,explicit_ref_only,
2303,971,one-to-many,dn_1085,ikt_1127 ikt_1128 ikt_1129,Giorgio,Giorgio,NULL,NULL,nsubj,nsubj,zero_zero_semantic,0.4275093167125184
2304,971,one-to-many,dn_1085,ikt_1127 ikt_1128 ikt_1129,MISSING,Giorgio,MISSING,NULL,MISSING,nsubj,leftover_target,
2305,972,one-to-one,dn_1086,ikt_1130,Giorgio,Giorgio,PRON,PRON,obj,nmod,explicit_ref_pos,
2306,972,one-to-one,dn_1086,ikt_1130,Giorgio,MISSING,PRON,MISSING,obj,MISSING,leftover_source,
2307,976,one-to-one,dn_1090,ikt_1137,Ippolita,MISSING,PRON,MISSING,obj,MISSING,leftover_source,
2308,977,one-to-many,dn_1091,ikt_1138 ikt_1139,Ippolita,Ippolita,PROPN,PROPN,nsubj,nsubj,explicit_full,
2309,977,one-to-many,dn_1091,ikt_1138 ikt_1139,Ippolita,MISSING,PRON-REFLEX,MISSING,obj,MISSING,leftover_source,
2310,977,one-to-many,dn_1091,ikt_1138 ikt_1139,MISSING,Ippolita,MISSING,NULL,MISSING,nsubj,leftover_target,
2311,977,one-to-many,dn_1091,ikt_1138 ikt_1139,MISSING,Ippolita,MISSING,NULL,MISSING,nsubj,leftover_target,
2312,978,one-to-one,dn_1092,ikt_1140,Ippolita,Ippolita,NULL,PROPN,nsubj,nsubj,zero_to_tgt_anchor,
2313,978,one-to-one,dn_1092,ikt_1140,Ippolita,MISSING,PRON-REFLEX,MISSING,obj,MISSING,leftover_source,
2314,979,one-to-one,dn_1093,ikt_1141,Ippolita,Ippolita,PRON,PRON,nsubj,nsubj,explicit_full,
2315,979,one-to-one,dn_1093,ikt_1141,MISSING,Ippolita,MISSING,PRON,MISSING,nmod,leftover_target,
2316,979,one-to-one,dn_1093,ikt_1141,aunt-Giovianna,aunt-Giovianna,NOUN,PROPN,obj,nmod,explicit_ref_only,
2317,980,one-to-many,dn_1094,ikt_1142 ikt_1143,Ippolita,Ippolita,NULL,NULL,nsubj,nsubj,zero_zero_single,
2318,980,one-to-many,dn_1094,ikt_1142 ikt_1143,Ippolita,MISSING,PRON-REFLEX,MISSING,obj,MISSING,leftover_source,
2319,980,one-to-many,dn_1094,ikt_1142 ikt_1143,aunt-Giovianna,aunt-Giovianna,NOUN,NOUN,nsubj,nsubj,explicit_full,
2320,980,one-to-many,dn_1094,ikt_1142 ikt_1143,aunt-Giovianna,MISSING,NULL,MISSING,nsubj,MISSING,leftover_source,
2321,981,one-to-one,dn_1095,ikt_1144,Giorgio,MISSING,PRON,MISSING,nsubj,MISSING,leftover_source,
2322,981,one-to-one,dn_1095,ikt_1144,Ippolita,Ippolita,NULL,NULL,nsubj,nsubj,zero_zero_semantic,0.3545166859642053
2323,981,one-to-one,dn_1095,ikt_1144,Ippolita,MISSING,PRON-REFLEX,MISSING,obj,MISSING,leftover_source,
2324,981,one-to-one,dn_1095,ikt_1144,Ippolita,MISSING,NULL,MISSING,nsubj,MISSING,leftover_source,
2325,981,one-to-one,dn_1095,ikt_1144,MISSING,Ippolita,MISSING,PRON,MISSING,nmod,leftover_target,
2326,981,one-to-one,dn_1095,ikt_1144,aunt-Giovianna,aunt-Giovianna,DET,NOUN,nmod,nmod,explicit_ref_case,
2327,981,one-to-one,dn_1095,ikt_1144,aunt-Giovianna,MISSING,PRON,MISSING,obj,MISSING,leftover_source,
2328,982,many-to-one,dn_1096 dn_1097,ikt_1145,Ippolita,MISSING,PRON-REFLEX,MISSING,obj,MISSING,leftover_source,
2329,982,many-to-one,dn_1096 dn_1097,ikt_1145,Ippolita,MISSING,NULL,MISSING,nsubj,MISSING,leftover_source,
2330,982,many-to-one,dn_1096 dn_1097,ikt_1145,aunt-Giovianna,aunt-Giovianna,NOUN,NOUN,vocative,nsubj,explicit_ref_pos,
2331,982,many-to-one,dn_1096 dn_1097,ikt_1145,aunt-Giovianna,MISSING,NULL,MISSING,nsubj,MISSING,leftover_source,
2332,983,one-to-one,dn_1098,ikt_1146,Ippolita,MISSING,NULL,MISSING,nsubj,MISSING,leftover_source,
2333,983,one-to-one,dn_1098,ikt_1146,aunt-Giovianna,MISSING,PRON,MISSING,obj,MISSING,leftover_source,
2334,983,one-to-one,dn_1098,ikt_1146,aunt-Giovianna,MISSING,DET,MISSING,nmod,MISSING,leftover_source,
2335,983,one-to-one,dn_1098,ikt_1146,aunt-Giovianna,MISSING,DET,MISSING,nmod,MISSING,leftover_source,
2336,984,one-to-many,dn_1099,ikt_1147 ikt_1148,Giorgio,Giorgio,PROPN,PROPN,obj,obj,explicit_full,
2337,984,one-to-many,dn_1099,ikt_1147 ikt_1148,Ippolita,Ippolita,PRON,PROPN,nsubj,nsubj,explicit_ref_case,
2338,984,one-to-many,dn_1099,ikt_1147 ikt_1148,Ippolita,MISSING,PRON-REFLEX,MISSING,obj,MISSING,leftover_source,
2339,984,one-to-many,dn_1099,ikt_1147 ikt_1148,MISSING,Ippolita,MISSING,NULL,MISSING,nsubj,leftover_target,
2340,984,one-to-many,dn_1099,ikt_1147 ikt_1148,MISSING,Ippolita,MISSING,NULL,MISSING,nsubj,leftover_target,
2341,984,one-to-many,dn_1099,ikt_1147 ikt_1148,MISSING,Ippolita,MISSING,NULL,MISSING,nsubj,leftover_target,
2342,984,one-to-many,dn_1099,ikt_1147 ikt_1148,MISSING,Ippolita,MISSING,NULL,MISSING,nsubj,leftover_target,
2343,984,one-to-many,dn_1099,ikt_1147 ikt_1148,MISSING,Ippolita,MISSING,NULL,MISSING,nsubj,leftover_target,
2344,984,one-to-many,dn_1099,ikt_1147 ikt_1148,MISSING,Ippolita,MISSING,NULL,MISSING,nsubj,leftover_target,
2345,984,one-to-many,dn_1099,ikt_1147 ikt_1148,pavers,pavers,NOUN,NOUN,nsubj,nmod,explicit_ref_pos,
2346,985,one-to-one,dn_1100,ikt_1149,Ippolita,MISSING,PRON-REFLEX,MISSING,obj,MISSING,leftover_source,
2347,985,one-to-one,dn_1100,ikt_1149,Ippolita,MISSING,NULL,MISSING,nsubj,MISSING,leftover_source,
2348,987,many-to-one,dn_1102 dn_1103 dn_1104,ikt_1151,Ippolita,Ippolita,PRON,PRON,nsubj,nsubj,explicit_full,
2349,987,many-to-one,dn_1102 dn_1103 dn_1104,ikt_1151,Ippolita,Ippolita,PRON,PRON,obj,nmod,explicit_ref_pos,
2350,987,many-to-one,dn_1102 dn_1103 dn_1104,ikt_1151,Ippolita,Ippolita,NULL,NULL,nsubj,nsubj,zero_zero_semantic,0.45967693882537825
2351,987,many-to-one,dn_1102 dn_1103 dn_1104,ikt_1151,Ippolita,Ippolita,NULL,NULL,nsubj,nsubj,zero_zero_semantic,0.5557712872871776
2352,987,many-to-one,dn_1102 dn_1103 dn_1104,ikt_1151,Ippolita,MISSING,PRON,MISSING,obj,MISSING,leftover_source,
2353,988,one-to-one,dn_1105,ikt_1152,Ippolita,Ippolita,PRON,NULL,nsubj,nsubj,zero_to_src_anchor,
2354,988,one-to-one,dn_1105,ikt_1152,Ippolita,MISSING,PRON-REFLEX,MISSING,obj,MISSING,leftover_source,
2355,988,one-to-one,dn_1105,ikt_1152,MISSING,Ippolita,MISSING,NULL,MISSING,nsubj,leftover_target,
2356,988,one-to-one,dn_1105,ikt_1152,MISSING,Ippolita,MISSING,NULL,MISSING,nsubj,leftover_target,
2357,989,one-to-one,dn_1106,ikt_1153,Ippolita,MISSING,PRON,MISSING,obj,MISSING,leftover_source,
2358,989,one-to-one,dn_1106,ikt_1153,Ippolita,MISSING,PRON,MISSING,nsubj,MISSING,leftover_source,
2359,991,one-to-one,dn_1109,ikt_1155,Ippolita,Ippolita,PRON,PRON,obj,nsubj,explicit_ref_pos,
2360,992,one-to-one,dn_1110,ikt_1156,Ippolita,Ippolita,NULL,NULL,nsubj,nsubj,zero_zero_semantic,0.2883637053321819
2361,992,one-to-one,dn_1110,ikt_1156,MISSING,Ippolita,MISSING,NULL,MISSING,nsubj,leftover_target,
2362,993,one-to-many,dn_1111,ikt_1157 ikt_1158,Ippolita,Ippolita,PRON,PRON,obj,nmod,explicit_ref_pos,
2363,993,one-to-many,dn_1111,ikt_1157 ikt_1158,Ippolita,MISSING,PRON,MISSING,obj,MISSING,leftover_source,
2364,995,one-to-one,dn_1113,ikt_1160,Ippolita,Ippolita,NULL,NULL,nsubj,nsubj,zero_zero_semantic,0.3291846944226159
2365,995,one-to-one,dn_1113,ikt_1160,Ippolita,MISSING,NULL,MISSING,nsubj,MISSING,leftover_source,
2366,996,one-to-one,dn_1114,ikt_1161,Ippolita,Ippolita,PRON,PRON,obj,nmod,explicit_ref_pos,
2367,996,one-to-one,dn_1114,ikt_1161,MISSING,Ippolita,MISSING,NULL,MISSING,nsubj,leftover_target,
2368,997,one-to-one,dn_1115,ikt_1162,Ippolita,Ippolita,PRON,PROPN,nsubj,nsubj,explicit_ref_case,
2369,997,one-to-one,dn_1115,ikt_1162,MISSING,Ippolita,MISSING,NULL,MISSING,nsubj,leftover_target,
2370,997,one-to-one,dn_1115,ikt_1162,MISSING,Ippolita,MISSING,NULL,MISSING,nsubj,leftover_target,
2371,999,one-to-one,dn_1118,ikt_1164,Ippolita,MISSING,PRON-REFLEX,MISSING,obj,MISSING,leftover_source,
2372,999,one-to-one,dn_1118,ikt_1164,Ippolita,MISSING,NULL,MISSING,nsubj,MISSING,leftover_source,
2373,999,one-to-one,dn_1118,ikt_1164,aunt-Giovianna,aunt-Giovianna,NOUN,NOUN,nmod,nsubj,explicit_ref_pos,
2374,999,one-to-one,dn_1118,ikt_1164,MISSING,aunt-Giovianna,MISSING,NULL,MISSING,nsubj,leftover_target,
2375,1000,one-to-many,dn_1119,ikt_1165 ikt_1166,Clarice,Clarice,NOUN,NOUN,nsubj,nsubj,explicit_full,
2376,1000,one-to-many,dn_1119,ikt_1165 ikt_1166,Clarice,Clarice,NOUN,NOUN,nsubj,nsubj,explicit_full,
2377,1000,one-to-many,dn_1119,ikt_1165 ikt_1166,Clarice,Clarice,NOUN,PROPN,obj,obj,explicit_ref_case,
2378,1000,one-to-many,dn_1119,ikt_1165 ikt_1166,Clarice,MISSING,PRON-REFLEX,MISSING,obj,MISSING,leftover_source,
2379,1000,one-to-many,dn_1119,ikt_1165 ikt_1166,MISSING,Clarice,MISSING,NULL,MISSING,nsubj,leftover_target,
2380,1000,one-to-many,dn_1119,ikt_1165 ikt_1166,Ippolita,Ippolita,PRON,PRON,obj,nmod,explicit_ref_pos,
2381,1001,many-to-one,dn_1120 dn_1121,ikt_1167,Ippolita Clarice,Ippolita Clarice,PRON,NOUN,nsubj,nsubj,explicit_ref_case,
2382,1001,many-to-one,dn_1120 dn_1121,ikt_1167,aunt-Giovianna,aunt-Giovianna,NOUN,NOUN,nsubj,nsubj,explicit_full,
2383,1002,one-to-one,dn_1122,ikt_1168,Ippolita Clarice,Ippolita Clarice,PRON,PRON,obj,obj,explicit_full,
2384,1003,one-to-one,dn_1123,ikt_1169,Clarice,Clarice,PROPN,PROPN,nsubj,nsubj,explicit_full,
2385,1003,one-to-one,dn_1123,ikt_1169,Clarice,MISSING,NULL,MISSING,nsubj,MISSING,leftover_source,
2386,1004,one-to-one,dn_1124,ikt_1170,Ippolita Clarice,MISSING,PRON,MISSING,nsubj,MISSING,leftover_source,
2387,1005,many-to-one,dn_1125 dn_1126,ikt_1171,Clarice,Clarice,PROPN,PROPN,nsubj,nsubj,explicit_full,
2388,1005,many-to-one,dn_1125 dn_1126,ikt_1171,Clarice,Clarice,NOUN,NOUN,pred,pred,explicit_full,
2389,1005,many-to-one,dn_1125 dn_1126,ikt_1171,Clarice,MISSING,NULL,MISSING,nsubj,MISSING,leftover_source,
2390,1006,one-to-one,dn_1127,ikt_1172,Ippolita Clarice,Ippolita Clarice,PRON,PRON,nsubj,nsubj,explicit_full,
2391,1006,one-to-one,dn_1127,ikt_1172,MISSING,Ippolita Clarice,MISSING,NULL,MISSING,nsubj,leftover_target,
2392,1006,one-to-one,dn_1127,ikt_1172,MISSING,Ippolita Clarice,MISSING,PRON,MISSING,nsubj,leftover_target,
2393,1006,one-to-one,dn_1127,ikt_1172,MISSING,Ippolita Clarice,MISSING,NULL,MISSING,nsubj,leftover_target,
2394,1007,one-to-one,dn_1128,ikt_1173,MISSING,Clarice,MISSING,PROPN,MISSING,nsubj,leftover_target,
2395,1007,one-to-one,dn_1128,ikt_1173,Ippolita Clarice,MISSING,DET,MISSING,nmod,MISSING,leftover_source,
2396,1008,one-to-many,dn_1129,ikt_1174 ikt_1175 ikt_1176,Clarice,Clarice,PROPN,NULL,nsubj,nsubj,zero_to_src_anchor,
2397,1008,one-to-many,dn_1129,ikt_1174 ikt_1175 ikt_1176,MISSING,Clarice,MISSING,NULL,MISSING,nsubj,leftover_target,
2398,1008,one-to-many,dn_1129,ikt_1174 ikt_1175 ikt_1176,MISSING,Clarice,MISSING,NULL,MISSING,nsubj,leftover_target,
2399,1008,one-to-many,dn_1129,ikt_1174 ikt_1175 ikt_1176,MISSING,Clarice,MISSING,NULL,MISSING,nsubj,leftover_target,
2400,1008,one-to-many,dn_1129,ikt_1174 ikt_1175 ikt_1176,MISSING,Clarice,MISSING,NULL,MISSING,nsubj,leftover_target,
2401,1008,one-to-many,dn_1129,ikt_1174 ikt_1175 ikt_1176,MISSING,Clarice,MISSING,NULL,MISSING,nsubj,leftover_target,
2402,1008,one-to-many,dn_1129,ikt_1174 ikt_1175 ikt_1176,Ippolita,Ippolita,PRON,PRON,obj,obj,explicit_full,
2403,1008,one-to-many,dn_1129,ikt_1174 ikt_1175 ikt_1176,Ippolita,Ippolita,NULL,NULL,nsubj,nsubj,zero_zero_semantic,0.27180071834920233
2404,1008,one-to-many,dn_1129,ikt_1174 ikt_1175 ikt_1176,Ippolita,Ippolita,NULL,NULL,nsubj,nsubj,zero_zero_semantic,0.6108374619873692
2405,1008,one-to-many,dn_1129,ikt_1174 ikt_1175 ikt_1176,Ippolita,MISSING,PRON,MISSING,obj,MISSING,leftover_source,
2406,1010,one-to-one,dn_1131,ikt_1178,Ippolita Clarice,Ippolita Clarice,PRON,PRON,nsubj,nsubj,explicit_full,
2407,1011,one-to-one,dn_1132,ikt_1179,MISSING,Clarice,MISSING,PROPN,MISSING,nsubj,leftover_target,
2408,1011,one-to-one,dn_1132,ikt_1179,Ippolita Clarice,Ippolita Clarice,NULL,NULL,nsubj,nsubj,zero_zero_single,
2409,1011,one-to-one,dn_1132,ikt_1179,aunt-Giovianna,aunt-Giovianna,NOUN,NOUN,nsubj,nmod,explicit_ref_pos,
2410,1011,one-to-one,dn_1132,ikt_1179,MISSING,aunt-Giovianna,MISSING,NULL,MISSING,nsubj,leftover_target,
2411,1012,one-to-one,dn_1133,ikt_1180,Clarice,MISSING,PROPN,MISSING,nsubj,MISSING,leftover_source,
2412,1012,one-to-one,dn_1133,ikt_1180,Ippolita,Ippolita,PRON,PRON,nsubj,nsubj,explicit_full,
2413,1012,one-to-one,dn_1133,ikt_1180,Ippolita,MISSING,PRON-REFLEX,MISSING,obj,MISSING,leftover_source,
2414,1014,one-to-many,dn_1135,ikt_1182 ikt_1183,Ippolita,Ippolita,PRON,PRON,obj,obj,explicit_full,
2415,1014,one-to-many,dn_1135,ikt_1182 ikt_1183,Ippolita,Ippolita,PRON,PRON,obj,nsubj,explicit_ref_pos,
2416,1014,one-to-many,dn_1135,ikt_1182 ikt_1183,Ippolita,Ippolita,NULL,NULL,nsubj,nsubj,zero_zero_single,
2417,1014,one-to-many,dn_1135,ikt_1182 ikt_1183,aunt-Giovianna,aunt-Giovianna,NOUN,NOUN,nsubj,nsubj,explicit_full,
2418,1014,one-to-many,dn_1135,ikt_1182 ikt_1183,aunt-Giovianna,aunt-Giovianna,PRON,NOUN,obj,obj,explicit_ref_case,
2419,1014,one-to-many,dn_1135,ikt_1182 ikt_1183,MISSING,aunt-Giovianna,MISSING,NOUN,MISSING,nsubj,leftover_target,
2420,1015,one-to-one,dn_1136,ikt_1184,Ippolita,Ippolita,NULL,NULL,nsubj,nsubj,zero_zero_single,
2421,1016,one-to-one,dn_1137,ikt_1185,Ippolita,MISSING,PRON,MISSING,obj,MISSING,leftover_source,
2422,1016,one-to-one,dn_1137,ikt_1185,MISSING,Ippolita,MISSING,NULL,MISSING,nsubj,leftover_target,
2423,1016,one-to-one,dn_1137,ikt_1185,MISSING,Ippolita,MISSING,NULL,MISSING,nsubj,leftover_target,
2424,1017,one-to-many,dn_1138,ikt_1186 ikt_1187 ikt_1188,Ippolita,Ippolita,PRON,PRON,nsubj,nsubj,explicit_full,
2425,1017,one-to-many,dn_1138,ikt_1186 ikt_1187 ikt_1188,Ippolita,Ippolita,PRON,PROPN,obj,obj,explicit_ref_case,
2426,1017,one-to-many,dn_1138,ikt_1186 ikt_1187 ikt_1188,Ippolita,MISSING,PRON-REFLEX,MISSING,obj,MISSING,leftover_source,
2427,1017,one-to-many,dn_1138,ikt_1186 ikt_1187 ikt_1188,Ippolita,MISSING,PRON,MISSING,obj,MISSING,leftover_source,
2428,1017,one-to-many,dn_1138,ikt_1186 ikt_1187 ikt_1188,MISSING,Ippolita,MISSING,NULL,MISSING,nsubj,leftover_target,
2429,1017,one-to-many,dn_1138,ikt_1186 ikt_1187 ikt_1188,MISSING,Ippolita,MISSING,NULL,MISSING,nsubj,leftover_target,
2430,1017,one-to-many,dn_1138,ikt_1186 ikt_1187 ikt_1188,pavers,pavers,NOUN,NOUN,nsubj,nmod,explicit_ref_pos,
2431,1018,one-to-one,dn_1139,ikt_1189,Giorgio Ippolita,Giorgio Ippolita,NOUN,NOUN,nsubj,nsubj,explicit_full,
2432,1018,one-to-one,dn_1139,ikt_1189,MISSING,Giorgio Ippolita,MISSING,NULL,MISSING,nsubj,leftover_target,
2433,1019,one-to-one,dn_1140,ikt_1190,Giorgio Ippolita,Giorgio Ippolita,NULL,NULL,nsubj,nsubj,zero_zero_single,
2434,1019,one-to-one,dn_1140,ikt_1190,MISSING,Giorgio Ippolita,MISSING,PRON,MISSING,nsubj,leftover_target,
2435,1020,one-to-one,dn_1141,ikt_1191,Giorgio Ippolita,Giorgio Ippolita,NULL,NULL,nsubj,nsubj,zero_zero_semantic,0.5072317723846385
2436,1020,one-to-one,dn_1141,ikt_1191,MISSING,Giorgio Ippolita,MISSING,PRON,MISSING,obj,leftover_target,
2437,1020,one-to-one,dn_1141,ikt_1191,MISSING,Giorgio Ippolita,MISSING,NULL,MISSING,nsubj,leftover_target,
2438,1020,one-to-one,dn_1141,ikt_1191,MISSING,Giorgio Ippolita,MISSING,NULL,MISSING,nsubj,leftover_target,
2439,1021,one-to-one,dn_1142,ikt_1192,Giorgio Ippolita,Giorgio Ippolita,NULL,PRON,nsubj,nsubj,zero_to_tgt_anchor,
2440,1022,one-to-many,dn_1143,ikt_1193 ikt_1194,Giorgio,Giorgio,PROPN,PROPN,obj,nmod,explicit_ref_pos,
2441,1022,one-to-many,dn_1143,ikt_1193 ikt_1194,Giorgio,MISSING,PRON,MISSING,obj,MISSING,leftover_source,
2442,1022,one-to-many,dn_1143,ikt_1193 ikt_1194,Ippolita,Ippolita,PROPN,PROPN,nsubj,nsubj,explicit_full,
2443,1022,one-to-many,dn_1143,ikt_1193 ikt_1194,Ippolita,Ippolita,DET,DET,nmod,nmod,explicit_full,
2444,1022,one-to-many,dn_1143,ikt_1193 ikt_1194,Ippolita,MISSING,PRON-REFLEX,MISSING,obj,MISSING,leftover_source,
2445,1022,one-to-many,dn_1143,ikt_1193 ikt_1194,MISSING,Ippolita,MISSING,NULL,MISSING,nsubj,leftover_target,
2446,1023,one-to-one,dn_1144,ikt_1195,Giorgio,Giorgio,NULL,NULL,nsubj,nsubj,zero_zero_single,
2447,1024,one-to-one,dn_1145,ikt_1196,Giorgio,Giorgio,DET,PRON,nmod,nsubj,explicit_ref_only,
2448,1024,one-to-one,dn_1145,ikt_1196,MISSING,Giorgio,MISSING,NULL,MISSING,nsubj,leftover_target,
2449,1025,one-to-one,dn_1146,ikt_1197,Ippolita,Ippolita,PRON,PRON,obj,nsubj,explicit_ref_pos,
2450,1025,one-to-one,dn_1146,ikt_1197,Ippolita,MISSING,NULL,MISSING,nsubj,MISSING,leftover_source,
2451,1026,one-to-one,dn_1147,ikt_1200,Giorgio,Giorgio,PROPN,PROPN,nsubj,nmod,explicit_ref_pos,
2452,1028,one-to-one,dn_1149,ikt_1199,Ippolita,MISSING,NULL,MISSING,nsubj,MISSING,leftover_source,
2453,1029,many-to-one,dn_1150 dn_1151,ikt_1201,Ippolita,MISSING,NULL,MISSING,nsubj,MISSING,leftover_source,
2454,1030,one-to-one,dn_1152,ikt_1202,Ippolita,Ippolita,NULL,NULL,nsubj,nsubj,zero_zero_single,
2455,1030,one-to-one,dn_1152,ikt_1202,Ippolitas-husband,Ippolitas-husband,NOUN,NOUN,nmod,obj,explicit_ref_pos,
2456,1031,one-to-one,dn_1153,ikt_1203,Ippolita,Ippolita,NULL,NULL,nsubj,nsubj,zero_zero_single,
2457,1033,one-to-one,dn_1155,ikt_1205,Giorgio,MISSING,PRON,MISSING,obj,MISSING,leftover_source,
2458,1033,one-to-one,dn_1155,ikt_1205,Ippolita,Ippolita,NULL,NULL,nsubj,nsubj,zero_zero_single,
2459,1034,one-to-one,dn_1156,ikt_1206,Giorgio,Giorgio,PROPN,PROPN,nsubj,nsubj,explicit_full,
2460,1035,one-to-one,dn_1157,ikt_1207,Ippolita,Ippolita,PRON,PRON,nsubj,nsubj,explicit_full,
2461,1036,one-to-one,dn_1158,ikt_1208,Giorgio,Giorgio,PROPN,PROPN,nsubj,nsubj,explicit_full,
2462,1036,one-to-one,dn_1158,ikt_1208,Giorgio,MISSING,PRON-REFLEX,MISSING,obj,MISSING,leftover_source,
2463,1036,one-to-one,dn_1158,ikt_1208,MISSING,Giorgio,MISSING,NULL,MISSING,nsubj,leftover_target,
2464,1036,one-to-one,dn_1158,ikt_1208,Ippolita,Ippolita,PRON,PRON,nsubj,nsubj,explicit_full,
2465,1036,one-to-one,dn_1158,ikt_1208,Ippolita,Ippolita,PRON,PRON,obj,nmod,explicit_ref_pos,
2466,1037,many-to-one,dn_1159 dn_1160,ikt_1209,Giorgio,Giorgio,PRON,PRON,nsubj,nsubj,explicit_full,
2467,1037,many-to-one,dn_1159 dn_1160,ikt_1209,Ippolita,MISSING,NULL,MISSING,nsubj,MISSING,leftover_source,
2468,1038,one-to-one,dn_1161,ikt_1210,Giorgio,Giorgio,PRON,NOUN,obj,nsubj,explicit_ref_only,
2469,1038,one-to-one,dn_1161,ikt_1210,Ippolita,Ippolita,PRON,PRON,nsubj,nsubj,explicit_full,
2470,1038,one-to-one,dn_1161,ikt_1210,Ippolita,Ippolita,NULL,NULL,nsubj,nsubj,zero_zero_semantic,0.22948132624154532
2471,1038,one-to-one,dn_1161,ikt_1210,Ippolita,Ippolita,NULL,NULL,nsubj,nsubj,zero_zero_semantic,0.2741257182472575
2472,1038,one-to-one,dn_1161,ikt_1210,Ippolita,MISSING,PRON-REFLEX,MISSING,obj,MISSING,leftover_source,
2473,1039,one-to-one,dn_1162,ikt_1211,Giorgio,MISSING,PRON,MISSING,obj,MISSING,leftover_source,
2474,1039,one-to-one,dn_1162,ikt_1211,Giorgio,MISSING,NULL,MISSING,nsubj,MISSING,leftover_source,
2475,1039,one-to-one,dn_1162,ikt_1211,Ippolita,Ippolita,NULL,NULL,nsubj,nsubj,zero_zero_single,
2476,1039,one-to-one,dn_1162,ikt_1211,Ippolita,MISSING,PRON,MISSING,obj,MISSING,leftover_source,
2477,1040,one-to-many,dn_1163,ikt_1212 ikt_1213,Giorgio,Giorgio,DET,PRON,nmod,nsubj,explicit_ref_only,
2478,1040,one-to-many,dn_1163,ikt_1212 ikt_1213,Giorgio,Giorgio,NULL,NULL,nsubj,nsubj,zero_zero_semantic,0.29474539422627655
2479,1040,one-to-many,dn_1163,ikt_1212 ikt_1213,MISSING,Giorgio,MISSING,NULL,MISSING,nsubj,leftover_target,
2480,1040,one-to-many,dn_1163,ikt_1212 ikt_1213,MISSING,Giorgio,MISSING,NULL,MISSING,nsubj,leftover_target,
2481,1041,one-to-one,dn_1164,ikt_1214,Giorgio,Giorgio,NULL,NULL,nsubj,nsubj,zero_zero_single,
2482,1041,one-to-one,dn_1164,ikt_1214,Ippolita,MISSING,PRON,MISSING,obj,MISSING,leftover_source,
2483,1043,many-to-one,dn_1166 dn_1167,ikt_1216,Giorgio,MISSING,NULL,MISSING,nsubj,MISSING,leftover_source,
2484,1043,many-to-one,dn_1166 dn_1167,ikt_1216,Ippolita,Ippolita,NULL,NULL,nsubj,nsubj,zero_zero_single,
2485,1043,many-to-one,dn_1166 dn_1167,ikt_1216,Ippolita,MISSING,PRON,MISSING,obj,MISSING,leftover_source,
2486,1043,many-to-one,dn_1166 dn_1167,ikt_1216,Ippolita,MISSING,PRON,MISSING,obj,MISSING,leftover_source,
2487,1044,one-to-one,dn_1168,ikt_1217,Giorgio,Giorgio,NOUN,NOUN,nmod,nmod,explicit_full,
2488,1044,one-to-one,dn_1168,ikt_1217,Ippolita,Ippolita,PRON,PRON,nsubj,nsubj,explicit_full,
2489,1044,one-to-one,dn_1168,ikt_1217,MISSING,Ippolita,MISSING,NULL,MISSING,nsubj,leftover_target,
2490,1044,one-to-one,dn_1168,ikt_1217,MISSING,Ippolita,MISSING,NULL,MISSING,nsubj,leftover_target,
2491,1045,one-to-one,dn_1169,ikt_1218,Giorgio Ippolita,Giorgio Ippolita,NULL,NULL,nsubj,nsubj,zero_zero_semantic,0.14717094963908411
2492,1045,one-to-one,dn_1169,ikt_1218,Giorgio Ippolita,Giorgio Ippolita,NULL,NULL,nsubj,nsubj,zero_zero_semantic,0.2807426379895167
2493,1046,one-to-one,dn_1170,ikt_1219,Giorgio Ippolita,Giorgio Ippolita,NULL,NULL,nsubj,nsubj,zero_zero_single,
2494,1046,one-to-one,dn_1170,ikt_1219,Ippolita,MISSING,NULL,MISSING,nsubj,MISSING,leftover_source,
2495,1051,one-to-one,dn_1175,ikt_1225,Pancrazio,Pancrazio,PROPN,PROPN,nsubj,nsubj,explicit_full,
2496,1052,one-to-one,dn_1176,ikt_1226,Ippolita,Ippolita,PROPN,PROPN,nsubj,nsubj,explicit_full,
2497,1052,one-to-one,dn_1176,ikt_1226,MISSING,Ippolita,MISSING,NULL,MISSING,nsubj,leftover_target,
2498,1053,one-to-one,dn_1177,ikt_1227,Pancrazio,Pancrazio,PROPN,PROPN,nsubj,nsubj,explicit_full,
2499,1053,one-to-one,dn_1177,ikt_1227,Pancrazio,MISSING,DET,MISSING,nmod,MISSING,leftover_source,
2500,1053,one-to-one,dn_1177,ikt_1227,Pancrazio,MISSING,DET,MISSING,nmod,MISSING,leftover_source,
2501,1053,one-to-one,dn_1177,ikt_1227,MISSING,Pancrazio,MISSING,NULL,MISSING,nsubj,leftover_target,
2502,1053,one-to-one,dn_1177,ikt_1227,MISSING,Pancrazio,MISSING,NULL,MISSING,nsubj,leftover_target,
2503,1054,one-to-one,dn_1178,ikt_1228,Pancrazio,Pancrazio,NULL,NULL,nsubj,nsubj,zero_zero_semantic,0.3889569827251964
2504,1054,one-to-one,dn_1178,ikt_1228,Pancrazio,Pancrazio,NULL,NULL,nsubj,nsubj,zero_zero_semantic,0.1698839609173761
2505,1054,one-to-one,dn_1178,ikt_1228,Pancrazio,Pancrazio,NULL,PRON,nsubj,nsubj,zero_to_tgt_anchor,
2506,1055,one-to-many,dn_1179,ikt_1229 ikt_1230,Pancrazio,Pancrazio,PRON,PRON,nsubj,nsubj,explicit_full,
2507,1055,one-to-many,dn_1179,ikt_1229 ikt_1230,Pancrazio,Pancrazio,NULL,NULL,nsubj,nsubj,zero_zero_semantic,0.6527924320199987
2508,1055,one-to-many,dn_1179,ikt_1229 ikt_1230,Pancrazio,Pancrazio,NULL,NULL,nsubj,nsubj,zero_zero_semantic,0.7110585452561057
2509,1055,one-to-many,dn_1179,ikt_1229 ikt_1230,Pancrazio,Pancrazio,NULL,NULL,nsubj,nsubj,zero_zero_semantic,0.3320643661562041
2510,1056,one-to-one,dn_1180,ikt_1232,Giorgio,Giorgio,PROPN,PROPN,nsubj,nsubj,explicit_full,
2511,1057,one-to-one,dn_1181,ikt_1231,Pancrazio,Pancrazio,PROPN,PROPN,nsubj,nsubj,explicit_full,
2512,1057,one-to-one,dn_1181,ikt_1231,Pancrazio,MISSING,DET,MISSING,nmod,MISSING,leftover_source,
2513,1058,one-to-one,dn_1182,ikt_1233,MISSING,Pancrazio,MISSING,NOUN,MISSING,nsubj,leftover_target,
2514,1060,many-to-one,dn_1184 dn_1185 dn_1186,ikt_1237,Ippolita,Ippolita,PROPN,PROPN,nsubj,nsubj,explicit_full,
2515,1060,many-to-one,dn_1184 dn_1185 dn_1186,ikt_1237,Ippolita,Ippolita,PRON,PRON,nsubj,nsubj,explicit_full,
2516,1065,one-to-one,dn_1192,ikt_1242,Giorgio,Giorgio,NOUN,PRON,vocative,vocative,explicit_ref_case,
2517,1066,one-to-one,dn_1193,ikt_1243,Giorgio Ippolita,Giorgio Ippolita,PRON,NOUN,nsubj,nsubj,explicit_ref_case,
2518,1066,one-to-one,dn_1193,ikt_1243,MISSING,Giorgio Ippolita,MISSING,NULL,MISSING,nsubj,leftover_target,
2519,1067,one-to-one,dn_1194,ikt_1244,Giorgio,MISSING,PRON,MISSING,obj,MISSING,leftover_source,
2520,1067,one-to-one,dn_1194,ikt_1244,Giorgio Ippolita,Giorgio Ippolita,NULL,NULL,nsubj,nsubj,zero_zero_semantic,0.44853537528590764
2521,1067,one-to-one,dn_1194,ikt_1244,Giorgio Ippolita,Giorgio Ippolita,NULL,NULL,nsubj,nsubj,zero_zero_semantic,0.16040930128499364
2522,1067,one-to-one,dn_1194,ikt_1244,Giorgio Ippolita,MISSING,PRON-REFLEX,MISSING,obj,MISSING,leftover_source,
2523,1067,one-to-one,dn_1194,ikt_1244,MISSING,Giorgio Ippolita,MISSING,NULL,MISSING,nsubj,leftover_target,
2524,1067,one-to-one,dn_1194,ikt_1244,Ippolita,MISSING,PRON,MISSING,obj,MISSING,leftover_source,
2525,1068,many-to-one,dn_1195 dn_1196,ikt_1245,Giorgio,Giorgio,PROPN,PROPN,obj,nsubj,explicit_ref_pos,
2526,1068,many-to-one,dn_1195 dn_1196,ikt_1245,Giorgio,MISSING,DET,MISSING,nmod,MISSING,leftover_source,
2527,1068,many-to-one,dn_1195 dn_1196,ikt_1245,MISSING,Giorgio,MISSING,NULL,MISSING,nsubj,leftover_target,
2528,1069,one-to-one,dn_1197,ikt_1246,Giorgio,MISSING,DET,MISSING,nmod,MISSING,leftover_source,
2529,1070,one-to-one,dn_1198,ikt_1247,Giorgio,Giorgio,PRON,PRON,obj,obj,explicit_full,
2530,1071,one-to-one,dn_1199,ikt_1248,Giorgio,Giorgio,PRON,PRON,obj,nsubj,explicit_ref_pos,
2531,1071,one-to-one,dn_1199,ikt_1248,MISSING,Giorgio,MISSING,NULL,MISSING,nsubj,leftover_target,
2532,1071,one-to-one,dn_1199,ikt_1248,MISSING,Giorgio,MISSING,NULL,MISSING,nsubj,leftover_target,
2533,1072,one-to-one,dn_1200,ikt_1249,Giorgio,Giorgio,PRON,PRON,obj,obj,explicit_full,
2534,1072,one-to-one,dn_1200,ikt_1249,Giorgio,MISSING,PRON,MISSING,obj,MISSING,leftover_source,
2535,1074,one-to-one,dn_1202,ikt_1251,Giorgio,Giorgio,DET,PRON,nmod,nmod,explicit_ref_case,
2536,1074,one-to-one,dn_1202,ikt_1251,Ippolita,Ippolita,PRON,PRON,obj,obj,explicit_full,
2537,1075,one-to-one,dn_1203,ikt_1252,Giorgio,Giorgio,PRON,PRON,obj,obj,explicit_full,
2538,1075,one-to-one,dn_1203,ikt_1252,Giorgio,MISSING,PRON,MISSING,nsubj,MISSING,leftover_source,
2539,1075,one-to-one,dn_1203,ikt_1252,Giorgio,MISSING,DET,MISSING,nmod,MISSING,leftover_source,
2540,1076,many-to-one,dn_1204 dn_1205,ikt_1253,Giorgio,Giorgio,PRON,PRON,obj,obj,explicit_full,
2541,1076,many-to-one,dn_1204 dn_1205,ikt_1253,Giorgio,Giorgio,PRON,PRON,obj,obj,explicit_full,
2542,1076,many-to-one,dn_1204 dn_1205,ikt_1253,MISSING,Giorgio,MISSING,PRON,MISSING,obj,leftover_target,
2543,1076,many-to-one,dn_1204 dn_1205,ikt_1253,Ippolita,Ippolita,PRON,PRON,nsubj,nsubj,explicit_full,
2544,1077,one-to-one,dn_1206,ikt_1254,Giorgio,Giorgio,PRON,PRON,obj,nsubj,explicit_ref_pos,
2545,1078,one-to-one,dn_1207,ikt_1255,Giorgio,Giorgio,DET,PRON,nmod,nmod,explicit_ref_case,
2546,1078,one-to-one,dn_1207,ikt_1255,Giorgio,Giorgio,PRON,NULL,nsubj,nsubj,zero_to_src_anchor,
2547,1078,one-to-one,dn_1207,ikt_1255,Ippolita,Ippolita,PRON,PRON,obj,nsubj,explicit_ref_pos,
2548,1079,many-to-one,dn_1208 dn_1209,ikt_1256,Giorgio,Giorgio,PRON,PRON,nsubj,nsubj,explicit_full,
2549,1079,many-to-one,dn_1208 dn_1209,ikt_1256,Giorgio,Giorgio,PRON,PRON,obj,obj,explicit_full,
2550,1079,many-to-one,dn_1208 dn_1209,ikt_1256,Giorgio,Giorgio,PRON,NULL,nsubj,nsubj,zero_to_src_anchor,
2551,1079,many-to-one,dn_1208 dn_1209,ikt_1256,Giorgio,MISSING,PRON,MISSING,obj,MISSING,leftover_source,
2552,1079,many-to-one,dn_1208 dn_1209,ikt_1256,Ippolita,Ippolita,PRON,PRON,nsubj,obj,explicit_ref_pos,
2553,1080,one-to-one,dn_1210,ikt_1257,MISSING,Giorgio,MISSING,NULL,MISSING,nsubj,leftover_target,
2554,1080,one-to-one,dn_1210,ikt_1257,Ippolita,Ippolita,PROPN,PROPN,nmod,nmod,explicit_full,
2555,1081,one-to-one,dn_1211,ikt_1258,Giorgio,Giorgio,NULL,PRON,nsubj,nsubj,zero_to_tgt_anchor,
2556,1082,one-to-one,dn_1212,ikt_1259,Giorgio,MISSING,NULL,MISSING,nsubj,MISSING,leftover_source,
2557,1082,one-to-one,dn_1212,ikt_1259,Giorgio,MISSING,NULL,MISSING,nsubj,MISSING,leftover_source,
2558,1082,one-to-one,dn_1212,ikt_1259,MISSING,Giorgio,MISSING,PRON,MISSING,obj,leftover_target,
2559,1083,one-to-one,dn_1213,ikt_1260,Giorgio,Giorgio,PRON,PRON,nsubj,nsubj,explicit_full,
2560,1083,one-to-one,dn_1213,ikt_1260,Giorgio,Giorgio,NULL,NULL,nsubj,nsubj,zero_zero_semantic,0.4765975233596591
2561,1083,one-to-one,dn_1213,ikt_1260,Giorgio,MISSING,PRON,MISSING,obj,MISSING,leftover_source,
2562,1083,one-to-one,dn_1213,ikt_1260,MISSING,Giorgio,MISSING,NULL,MISSING,nsubj,leftover_target,
2563,1083,one-to-one,dn_1213,ikt_1260,MISSING,Giorgio,MISSING,NULL,MISSING,nsubj,leftover_target,
2564,1084,one-to-one,dn_1214,ikt_1261,Giorgio,MISSING,NULL,MISSING,nsubj,MISSING,leftover_source,
2565,1085,one-to-many,dn_1215,ikt_1262 ikt_1263,Giorgio,Giorgio,DET,PRON,nmod,nmod,explicit_ref_case,
2566,1086,one-to-one,dn_1216,ikt_1264,Giorgio,MISSING,PRON,MISSING,obj,MISSING,leftover_source,
2567,1086,one-to-one,dn_1216,ikt_1264,Giorgio,MISSING,PRON,MISSING,obj,MISSING,leftover_source,
2568,1088,one-to-one,dn_1218,ikt_1266,Giorgio,MISSING,NULL,MISSING,nsubj,MISSING,leftover_source,
2569,1088,one-to-one,dn_1218,ikt_1266,MISSING,Giorgio,MISSING,PRON,MISSING,obj,leftover_target,
2570,1089,one-to-one,dn_1219,ikt_1267,Giorgio,Giorgio,PRON,PRON,nsubj,nsubj,explicit_full,
2571,1089,one-to-one,dn_1219,ikt_1267,Giorgio,MISSING,PRON,MISSING,obj,MISSING,leftover_source,
2572,1089,one-to-one,dn_1219,ikt_1267,Giorgio,MISSING,PRON,MISSING,obj,MISSING,leftover_source,
2573,1089,one-to-one,dn_1219,ikt_1267,MISSING,Giorgio,MISSING,NULL,MISSING,nsubj,leftover_target,
2574,1089,one-to-one,dn_1219,ikt_1267,MISSING,Giorgio,MISSING,NULL,MISSING,nsubj,leftover_target,
2575,1089,one-to-one,dn_1219,ikt_1267,MISSING,Giorgio,MISSING,NULL,MISSING,nsubj,leftover_target,
2576,1091,many-to-one,dn_1221 dn_1222 dn_1223,ikt_1269,Giorgio,Giorgio,NULL,NULL,nsubj,nsubj,zero_zero_semantic,0.2489256974723604
2577,1091,many-to-one,dn_1221 dn_1222 dn_1223,ikt_1269,Giorgio,Giorgio,NULL,NULL,nsubj,nsubj,zero_zero_semantic,0.2419735449883673
2578,1091,many-to-one,dn_1221 dn_1222 dn_1223,ikt_1269,Giorgio,Giorgio,NULL,PRON,nsubj,nsubj,zero_to_tgt_anchor,
2579,1091,many-to-one,dn_1221 dn_1222 dn_1223,ikt_1269,Ippolita,Ippolita,PRON,PRON,nmod,nmod,explicit_full,
2580,1091,many-to-one,dn_1221 dn_1222 dn_1223,ikt_1269,Ippolita,Ippolita,PRON,PRON,nsubj,nsubj,explicit_full,
2581,1091,many-to-one,dn_1221 dn_1222 dn_1223,ikt_1269,Ippolita,MISSING,DET,MISSING,nmod,MISSING,leftover_source,
2582,1092,one-to-one,dn_1224,ikt_1270,Giorgio,Giorgio,NULL,PRON,nsubj,nsubj,zero_to_tgt_anchor,
2583,1092,one-to-one,dn_1224,ikt_1270,Ippolita,Ippolita,PRON,PRON,obj,obj,explicit_full,
2584,1093,many-to-one,dn_1225 dn_1226,ikt_1271,Giorgio,Giorgio,NULL,PRON,nsubj,nsubj,zero_to_tgt_anchor,
2585,1093,many-to-one,dn_1225 dn_1226,ikt_1271,Ippolita,Ippolita,DET,PRON,nmod,nmod,explicit_ref_case,
2586,1093,many-to-one,dn_1225 dn_1226,ikt_1271,Ippolita,Ippolita,DET,PRON,nmod,nmod,explicit_ref_case,
2587,1093,many-to-one,dn_1225 dn_1226,ikt_1271,Ippolita,Ippolita,DET,PRON,nmod,nmod,explicit_ref_case,
2588,1094,one-to-one,dn_1227,ikt_1272,Giorgio,Giorgio,NULL,NULL,nsubj,nsubj,zero_zero_semantic,0.6410800389189651
2589,1094,one-to-one,dn_1227,ikt_1272,Giorgio,Giorgio,NULL,PRON,nsubj,nsubj,zero_to_tgt_anchor,
2590,1094,one-to-one,dn_1227,ikt_1272,Ippolita,Ippolita,DET,PRON,nmod,nsubj,explicit_ref_only,
2591,1094,one-to-one,dn_1227,ikt_1272,MISSING,Ippolita,MISSING,NULL,MISSING,nsubj,leftover_target,
2592,1095,one-to-one,dn_1228 dn_1229 dn_1230,ikt_1273 ikt_1274,Giorgio,Giorgio,PRON,PRON,obj,obj,explicit_full,
2593,1095,one-to-one,dn_1228 dn_1229 dn_1230,ikt_1273 ikt_1274,Giorgio,Giorgio,PRON,PRON,obj,obj,explicit_full,
2594,1095,one-to-one,dn_1228 dn_1229 dn_1230,ikt_1273 ikt_1274,Giorgio,MISSING,PRON,MISSING,nsubj,MISSING,leftover_source,
2595,1095,one-to-one,dn_1228 dn_1229 dn_1230,ikt_1273 ikt_1274,Giorgio,MISSING,PRON,MISSING,obj,MISSING,leftover_source,
2596,1095,one-to-one,dn_1228 dn_1229 dn_1230,ikt_1273 ikt_1274,Ippolita,Ippolita,PRON,PRON,nsubj,nsubj,explicit_full,
2597,1095,one-to-one,dn_1228 dn_1229 dn_1230,ikt_1273 ikt_1274,Ippolita,Ippolita,DET,PRON,nmod,nmod,explicit_ref_case,
2598,1095,one-to-one,dn_1228 dn_1229 dn_1230,ikt_1273 ikt_1274,Ippolita,Ippolita,NULL,NULL,nsubj,nsubj,zero_zero_semantic,0.1629681509079003
2599,1095,one-to-one,dn_1228 dn_1229 dn_1230,ikt_1273 ikt_1274,Ippolita,Ippolita,NULL,NULL,nsubj,nsubj,zero_zero_semantic,0.21461459490514936
2600,1095,one-to-one,dn_1228 dn_1229 dn_1230,ikt_1273 ikt_1274,Ippolita,Ippolita,NULL,NULL,nsubj,nsubj,zero_zero_semantic,0.2860488509674936
2601,1095,one-to-one,dn_1228 dn_1229 dn_1230,ikt_1273 ikt_1274,MISSING,Ippolita,MISSING,PRON,MISSING,nmod,leftover_target,
2602,1095,one-to-one,dn_1228 dn_1229 dn_1230,ikt_1273 ikt_1274,MISSING,Ippolita,MISSING,NULL,MISSING,nsubj,leftover_target,
2603,1096,one-to-one,dn_1231,ikt_1275,Giorgio,Giorgio,PRON,PRON,nsubj,nsubj,explicit_full,
2604,1096,one-to-one,dn_1231,ikt_1275,Giorgio,Giorgio,PRON,NULL,nsubj,nsubj,zero_to_src_anchor,
2605,1096,one-to-one,dn_1231,ikt_1275,Giorgio,Giorgio,PRON,NULL,nsubj,nsubj,zero_to_src_anchor,
2606,1096,one-to-one,dn_1231,ikt_1275,Ippolita,Ippolita,PRON,PRON,obj,obj,explicit_full,
2607,1096,one-to-one,dn_1231,ikt_1275,Ippolita,Ippolita,PRON,PRON,obj,obj,explicit_full,
2608,1096,one-to-one,dn_1231,ikt_1275,Ippolita,Ippolita,PRON,PRON,obj,nmod,explicit_ref_pos,
2609,1099,one-to-one,dn_1234,ikt_1278,Ippolita,Ippolita,PRON,PRON,nsubj,nsubj,explicit_full,
2610,1099,one-to-one,dn_1234,ikt_1278,Ippolita,MISSING,NULL,MISSING,nsubj,MISSING,leftover_source,
2611,1100,many-to-one,dn_1235 dn_1236,ikt_1279,MISSING,Giorgio Ippolita,MISSING,PRON,MISSING,nmod,leftover_target,
2612,1101,one-to-one,dn_1237,ikt_1280,Giorgio,Giorgio,NULL,NULL,nsubj,nsubj,zero_zero_single,
2613,1101,one-to-one,dn_1237,ikt_1280,MISSING,Giorgio,MISSING,PRON,MISSING,nsubj,leftover_target,
2614,1102,one-to-one,dn_1238,ikt_1281,Giorgio,Giorgio,DET,PRON,nmod,nmod,explicit_ref_case,
2615,1103,one-to-many,dn_1239,ikt_1282 ikt_1283,Giorgio,Giorgio,PRON,PRON,nsubj,nmod,explicit_ref_pos,
2616,1103,one-to-many,dn_1239,ikt_1282 ikt_1283,Giorgio,Giorgio,PRON,PRON,obj,nmod,explicit_ref_pos,
2617,1103,one-to-many,dn_1239,ikt_1282 ikt_1283,Giorgio,Giorgio,PRON,NULL,nsubj,nsubj,zero_to_src_anchor,
2618,1103,one-to-many,dn_1239,ikt_1282 ikt_1283,Giorgio,MISSING,PRON,MISSING,obj,MISSING,leftover_source,
2619,1104,one-to-one,dn_1240,ikt_1284,Giorgio,Giorgio,NULL,PRON,nsubj,nsubj,zero_to_tgt_anchor,
2620,1106,one-to-one,dn_1242,ikt_1286,Giorgio,Giorgio,NULL,NULL,nsubj,nsubj,zero_zero_single,
2621,1106,one-to-one,dn_1242,ikt_1286,Giorgio,MISSING,PRON-REFLEX,MISSING,obj,MISSING,leftover_source,
2622,1107,one-to-one,dn_1243,ikt_1287,Ippolita,Ippolita,PROPN,PROPN,nsubj,nsubj,explicit_full,
2623,1108,one-to-many,dn_1244,ikt_1288 ikt_1289,Ippolita,Ippolita,PRON,PRON,nsubj,nsubj,explicit_full,
2624,1109,one-to-one,dn_1245,ikt_1290,Giorgio,Giorgio,PROPN,PROPN,nsubj,nsubj,explicit_full,
2625,1109,one-to-one,dn_1245,ikt_1290,Giorgio,Giorgio,PRON,PRON,obj,nmod,explicit_ref_pos,
2626,1109,one-to-one,dn_1245,ikt_1290,Giorgio,Giorgio,NULL,NULL,nsubj,nsubj,zero_zero_semantic,0.2712472216004417
2627,1109,one-to-one,dn_1245,ikt_1290,MISSING,Giorgio,MISSING,NULL,MISSING,nsubj,leftover_target,
2628,1111,one-to-one,dn_1247,ikt_1292,Giorgio,Giorgio,PRON,PRON,obj,nmod,explicit_ref_pos,
2629,1112,one-to-one,dn_1248,ikt_1293,Giorgio,Giorgio,PRON,PRON,obj,obj,explicit_full,
2630,1112,one-to-one,dn_1248,ikt_1293,MISSING,Giorgio,MISSING,NULL,MISSING,nsubj,leftover_target,
2631,1112,one-to-one,dn_1248,ikt_1293,Ippolita,Ippolita,PROPN,PROPN,nmod,obj,explicit_ref_pos,
2632,1113,one-to-one,dn_1249,ikt_1295,Giorgio,Giorgio,PRON,PRON,nsubj,nsubj,explicit_full,
2633,1114,one-to-one,dn_1250,ikt_1294,Giorgio,MISSING,NULL,MISSING,nsubj,MISSING,leftover_source,
2634,1114,one-to-one,dn_1250,ikt_1294,Giorgio,MISSING,PRON,MISSING,nsubj,MISSING,leftover_source,
2635,1115,one-to-one,dn_1251,ikt_1296,Giorgio,Giorgio,PRON,NULL,nsubj,nsubj,zero_to_src_anchor,
2636,1115,one-to-one,dn_1251,ikt_1296,Giorgio,MISSING,PRON,MISSING,obj,MISSING,leftover_source,
2637,1115,one-to-one,dn_1251,ikt_1296,Ippolita,Ippolita,PRON,PROPN,nsubj,nmod,explicit_ref_only,
2638,1116,one-to-one,dn_1252,ikt_1297,Giorgio,Giorgio,PRON,PRON,obj,nmod,explicit_ref_pos,
2639,1116,one-to-one,dn_1252,ikt_1297,Giorgio,Giorgio,NOUN,PRON,obj,nmod,explicit_ref_only,
2640,1116,one-to-one,dn_1252,ikt_1297,Giorgio,Giorgio,NOUN,PRON,obj,nsubj,explicit_ref_only,
2641,1117,one-to-many,dn_1253,ikt_1298 ikt_1299,Giorgio,Giorgio,PRON,PRON,nsubj,nsubj,explicit_full,
2642,1117,one-to-many,dn_1253,ikt_1298 ikt_1299,Giorgio,Giorgio,DET,PRON,nmod,nmod,explicit_ref_case,
2643,1117,one-to-many,dn_1253,ikt_1298 ikt_1299,Giorgio,Giorgio,NULL,NULL,nsubj,nsubj,zero_zero_semantic,0.262660807423887
2644,1117,one-to-many,dn_1253,ikt_1298 ikt_1299,Giorgio,Giorgio,NULL,NULL,nsubj,nsubj,zero_zero_semantic,0.22482895729816066
2645,1117,one-to-many,dn_1253,ikt_1298 ikt_1299,Giorgio,MISSING,NOUN,MISSING,obj,MISSING,leftover_source,
2646,1117,one-to-many,dn_1253,ikt_1298 ikt_1299,Giorgio,MISSING,NULL,MISSING,nsubj,MISSING,leftover_source,
2647,1117,one-to-many,dn_1253,ikt_1298 ikt_1299,Giorgio,MISSING,PRON,MISSING,obj,MISSING,leftover_source,
2648,1119,one-to-one,dn_1255,ikt_1301,Giorgio,MISSING,NOUN,MISSING,nmod,MISSING,leftover_source,
2649,1120,one-to-one,dn_1256,ikt_1302,Giorgio,Giorgio,PRON,PRON,nsubj,nsubj,explicit_full,
2650,1124,one-to-one,dn_1260,ikt_1308,Giorgio,Giorgio,PROPN,PROPN,nsubj,nsubj,explicit_full,
2651,1126,one-to-one,dn_1262,ikt_1309,Giorgio,Giorgio,DET,PRON,nmod,nmod,explicit_ref_case,
2652,1127,one-to-many,dn_1263,ikt_1310 ikt_1311,Giorgio,Giorgio,DET,PRON,nmod,nmod,explicit_ref_case,
2653,1127,one-to-many,dn_1263,ikt_1310 ikt_1311,MISSING,Giorgio,MISSING,NULL,MISSING,nsubj,leftover_target,
2654,1127,one-to-many,dn_1263,ikt_1310 ikt_1311,MISSING,Giorgio,MISSING,PRON,MISSING,nmod,leftover_target,
2655,1128,one-to-one,dn_1264,ikt_1312,Giorgio,Giorgio,PRON,PRON,nsubj,nsubj,explicit_full,
2656,1128,one-to-one,dn_1264,ikt_1312,Giorgio,Giorgio,PRON,PRON,nsubj,nsubj,explicit_full,
2657,1128,one-to-one,dn_1264,ikt_1312,Giorgio,Giorgio,DET,PRON,nmod,nmod,explicit_ref_case,
2658,1128,one-to-one,dn_1264,ikt_1312,MISSING,Giorgio,MISSING,NULL,MISSING,nsubj,leftover_target,
2659,1128,one-to-one,dn_1264,ikt_1312,MISSING,Giorgio,MISSING,NULL,MISSING,nsubj,leftover_target,
2660,1129,one-to-many,dn_1265,ikt_1313 ikt_1314,Giorgio,Giorgio,PRON,PRON,nsubj,nsubj,explicit_full,
2661,1129,one-to-many,dn_1265,ikt_1313 ikt_1314,Giorgio,Giorgio,NULL,NULL,nsubj,nsubj,zero_zero_semantic,0.5937556626539275
2662,1129,one-to-many,dn_1265,ikt_1313 ikt_1314,MISSING,Giorgio,MISSING,NULL,MISSING,nsubj,leftover_target,
2663,1130,one-to-one,dn_1266,ikt_1315,Giorgio,MISSING,NULL,MISSING,nsubj,MISSING,leftover_source,
2664,1131,one-to-one,dn_1267,ikt_1316,Giorgio,Giorgio,PRON,PRON,nsubj,nsubj,explicit_full,
2665,1131,one-to-one,dn_1267,ikt_1316,MISSING,Giorgio Ippolita,MISSING,PRON,MISSING,nsubj,leftover_target,
2666,1131,one-to-one,dn_1267,ikt_1316,Ippolita,MISSING,PRON,MISSING,obj,MISSING,leftover_source,
2667,1132,one-to-one,dn_1268,ikt_1317,Ippolita,Ippolita,DET,PRON,nmod,nmod,explicit_ref_case,
2668,1133,many-to-one,dn_1269 dn_1270 dn_1271,ikt_1318,Giorgio,Giorgio,PRON,PRON,nsubj,nsubj,explicit_full,
2669,1133,many-to-one,dn_1269 dn_1270 dn_1271,ikt_1318,MISSING,Giorgio,MISSING,NULL,MISSING,nsubj,leftover_target,
2670,1133,many-to-one,dn_1269 dn_1270 dn_1271,ikt_1318,MISSING,Giorgio,MISSING,PRON,MISSING,nmod,leftover_target,
2671,1133,many-to-one,dn_1269 dn_1270 dn_1271,ikt_1318,MISSING,Giorgio,MISSING,PRON,MISSING,nmod,leftover_target,
2672,1133,many-to-one,dn_1269 dn_1270 dn_1271,ikt_1318,MISSING,Giorgio,MISSING,NULL,MISSING,nsubj,leftover_target,
2673,1133,many-to-one,dn_1269 dn_1270 dn_1271,ikt_1318,Ippolita,Ippolita,PRON,PRON,nsubj,nsubj,explicit_full,
2674,1133,many-to-one,dn_1269 dn_1270 dn_1271,ikt_1318,Ippolita,Ippolita,PRON,PRON,obj,obj,explicit_full,
2675,1133,many-to-one,dn_1269 dn_1270 dn_1271,ikt_1318,Ippolita,Ippolita,PRON,PRON,nsubj,nmod,explicit_ref_pos,
2676,1133,many-to-one,dn_1269 dn_1270 dn_1271,ikt_1318,Ippolita,Ippolita,NULL,NULL,nsubj,nsubj,zero_zero_semantic,0.3722994989573255
2677,1133,many-to-one,dn_1269 dn_1270 dn_1271,ikt_1318,Ippolita,Ippolita,NULL,NULL,nsubj,nsubj,zero_zero_semantic,0.3545302678413353
2678,1133,many-to-one,dn_1269 dn_1270 dn_1271,ikt_1318,Ippolita,MISSING,PRON,MISSING,obj,MISSING,leftover_source,
2679,1133,many-to-one,dn_1269 dn_1270 dn_1271,ikt_1318,Ippolita,MISSING,PRON,MISSING,obj,MISSING,leftover_source,
2680,1133,many-to-one,dn_1269 dn_1270 dn_1271,ikt_1318,Ippolita,MISSING,PRON,MISSING,obj,MISSING,leftover_source,
2681,1133,many-to-one,dn_1269 dn_1270 dn_1271,ikt_1318,Ippolita,MISSING,PRON,MISSING,obj,MISSING,leftover_source,
2682,1133,many-to-one,dn_1269 dn_1270 dn_1271,ikt_1318,MISSING,Ippolita,MISSING,NULL,MISSING,nsubj,leftover_target,
2683,1134,one-to-one,dn_1272,ikt_1319,Giorgio,Giorgio,PRON,PRON,nsubj,nsubj,explicit_full,
2684,1134,one-to-one,dn_1272,ikt_1319,Giorgio,MISSING,PRON-REFLEX,MISSING,obj,MISSING,leftover_source,
2685,1135,one-to-one,dn_1273,ikt_1320,Ippolita,Ippolita,DET,PRON,nmod,nmod,explicit_ref_case,
2686,1135,one-to-one,dn_1273,ikt_1320,Ippolitas-husband,Ippolitas-husband,NOUN,NOUN,nsubj,nsubj,explicit_full,
2687,1135,one-to-one,dn_1273,ikt_1320,Ippolitas-husband,MISSING,NULL,MISSING,nsubj,MISSING,leftover_source,
2688,1135,one-to-one,dn_1273,ikt_1320,MISSING,Ippolitas-husband Ippolitas-husbands-male-friend,MISSING,NOUN,MISSING,nmod,leftover_target,
2689,1135,one-to-one,dn_1273,ikt_1320,Ippolitas-husbands-female-friend,Ippolitas-husbands-female-friend,NOUN,NOUN,obj,obj,explicit_full,
2690,1135,one-to-one,dn_1273,ikt_1320,Ippolitas-husbands-male-friend,Ippolitas-husbands-male-friend,NOUN,NOUN,obj,obj,explicit_full,
2691,1136,one-to-one,dn_1274,ikt_1321,Ippolita,Ippolita,PRON,PRON,obj,obj,explicit_full,
2692,1136,one-to-one,dn_1274,ikt_1321,Ippolitas-husband Ippolitas-husbands-male-friend Ippolitas-husbands-female-friend,Ippolitas-husband Ippolitas-husbands-male-friend Ippolitas-husbands-female-friend,NULL,NOUN,nsubj,nsubj,zero_to_tgt_anchor,
2693,1137,one-to-one,dn_1275,ikt_1322,Giorgio,Giorgio,PRON,PRON,obj,nsubj,explicit_ref_pos,
2694,1137,one-to-one,dn_1275,ikt_1322,Giorgio,Giorgio,NULL,NULL,nsubj,nsubj,zero_zero_semantic,0.6312530407453099
2695,1137,one-to-one,dn_1275,ikt_1322,Giorgio,Giorgio,NULL,NULL,nsubj,nsubj,zero_zero_semantic,0.49331156809217114
2696,1137,one-to-one,dn_1275,ikt_1322,Giorgio,MISSING,PRON-REFLEX,MISSING,obj,MISSING,leftover_source,
2697,1138,one-to-one,dn_1276,ikt_1323,Giorgio,MISSING,PRON,MISSING,obj,MISSING,leftover_source,
2698,1138,one-to-one,dn_1276,ikt_1323,MISSING,Giorgio,MISSING,NULL,MISSING,nsubj,leftover_target,
2699,1138,one-to-one,dn_1276,ikt_1323,Ippolitas-husband Ippolitas-husbands-male-friend Ippolitas-husbands-female-friend,Ippolitas-husband Ippolitas-husbands-male-friend Ippolitas-husbands-female-friend,NOUN,NOUN,nmod,nsubj,explicit_ref_pos,
2700,1138,one-to-one,dn_1276,ikt_1323,Ippolitas-husband Ippolitas-husbands-male-friend Ippolitas-husbands-female-friend,MISSING,NULL,MISSING,nsubj,MISSING,leftover_source,
2701,1139,one-to-one,dn_1277,ikt_1324,Giorgio,MISSING,PRON,MISSING,obj,MISSING,leftover_source,
2702,1139,one-to-one,dn_1277,ikt_1324,MISSING,Giorgio,MISSING,NULL,MISSING,nsubj,leftover_target,
2703,1139,one-to-one,dn_1277,ikt_1324,MISSING,Giorgio,MISSING,NULL,MISSING,nsubj,leftover_target,
2704,1139,one-to-one,dn_1277,ikt_1324,Ippolita,Ippolita,PRON,PRON,nsubj,nsubj,explicit_full,
2705,1139,one-to-one,dn_1277,ikt_1324,Ippolita,Ippolita,NULL,NULL,nsubj,nsubj,zero_zero_single,
2706,1139,one-to-one,dn_1277,ikt_1324,Ippolitas-husband Ippolitas-husbands-male-friend Ippolitas-husbands-female-friend,Ippolitas-husband Ippolitas-husbands-male-friend Ippolitas-husbands-female-friend,PRON,NOUN,nsubj,nmod,explicit_ref_only,
2707,1140,one-to-many,dn_1278,ikt_1325 ikt_1326,Giorgio,Giorgio,PRON,PRON,nsubj,nsubj,explicit_full,
2708,1140,one-to-many,dn_1278,ikt_1325 ikt_1326,Giorgio,Giorgio,NULL,NULL,nsubj,nsubj,zero_zero_single,
2709,1140,one-to-many,dn_1278,ikt_1325 ikt_1326,Ippolita,Ippolita,PROPN,PRON,obj,obj,explicit_ref_case,
2710,1140,one-to-many,dn_1278,ikt_1325 ikt_1326,MISSING,Ippolita,MISSING,PROPN,MISSING,nsubj,leftover_target,
2711,1140,one-to-many,dn_1278,ikt_1325 ikt_1326,MISSING,Ippolita,MISSING,NULL,MISSING,nsubj,leftover_target,
2712,1140,one-to-many,dn_1278,ikt_1325 ikt_1326,Ippolitas-husband,Ippolitas-husband,NOUN,NOUN,obj,nmod,explicit_ref_pos,
2713,1140,one-to-many,dn_1278,ikt_1325 ikt_1326,Ippolitas-husbands-female-friend,Ippolitas-husbands-female-friend,NOUN,NOUN,obj,nsubj,explicit_ref_pos,
2714,1140,one-to-many,dn_1278,ikt_1325 ikt_1326,MISSING,Ippolitas-husbands-female-friend,MISSING,NULL,MISSING,nsubj,leftover_target,
2715,1140,one-to-many,dn_1278,ikt_1325 ikt_1326,Ippolitas-husbands-male-friend,Ippolitas-husbands-male-friend,NOUN,NOUN,obj,nmod,explicit_ref_pos,
2716,1141,one-to-many,dn_1279,ikt_1327 ikt_1328 ikt_1329,Giorgio,Giorgio,PRON,PRON,nsubj,nsubj,explicit_full,
2717,1141,one-to-many,dn_1279,ikt_1327 ikt_1328 ikt_1329,Giorgio,Giorgio,NULL,NULL,nsubj,nsubj,zero_zero_semantic,0.3453462839430692
2718,1141,one-to-many,dn_1279,ikt_1327 ikt_1328 ikt_1329,Giorgio,MISSING,NULL,MISSING,nsubj,MISSING,leftover_source,
2719,1141,one-to-many,dn_1279,ikt_1327 ikt_1328 ikt_1329,MISSING,Giorgio,MISSING,PRON,MISSING,nmod,leftover_target,
2720,1141,one-to-many,dn_1279,ikt_1327 ikt_1328 ikt_1329,MISSING,Giorgio,MISSING,PRON,MISSING,nmod,leftover_target,
2721,1141,one-to-many,dn_1279,ikt_1327 ikt_1328 ikt_1329,Ippolita,Ippolita,NOUN,NOUN,nsubj,nsubj,explicit_full,
2722,1141,one-to-many,dn_1279,ikt_1327 ikt_1328 ikt_1329,Ippolitas-husband Ippolitas-husbands-male-friend Ippolitas-husbands-female-friend,Ippolitas-husband Ippolitas-husbands-male-friend Ippolitas-husbands-female-friend,DET,PRON,nmod,nmod,explicit_ref_case,
2723,1141,one-to-many,dn_1279,ikt_1327 ikt_1328 ikt_1329,Ippolitas-husband Ippolitas-husbands-male-friend Ippolitas-husbands-female-friend,Ippolitas-husband Ippolitas-husbands-male-friend Ippolitas-husbands-female-friend,DET,NOUN,nmod,nmod,explicit_ref_case,
2724,1141,one-to-many,dn_1279,ikt_1327 ikt_1328 ikt_1329,Ippolitas-husband Ippolitas-husbands-male-friend Ippolitas-husbands-female-friend,Ippolitas-husband Ippolitas-husbands-male-friend Ippolitas-husbands-female-friend,PRON,NOUN,obj,nsubj,explicit_ref_only,
2725,1141,one-to-many,dn_1279,ikt_1327 ikt_1328 ikt_1329,Ippolitas-husband Ippolitas-husbands-male-friend Ippolitas-husbands-female-friend,MISSING,DET,MISSING,nmod,MISSING,leftover_source,
2726,1141,one-to-many,dn_1279,ikt_1327 ikt_1328 ikt_1329,Ippolitas-husband Ippolitas-husbands-male-friend Ippolitas-husbands-female-friend,MISSING,DET,MISSING,nmod,MISSING,leftover_source,
2727,1142,one-to-one,dn_1280,ikt_1330,Giorgio,MISSING,NULL,MISSING,nsubj,MISSING,leftover_source,
2728,1143,many-to-one,dn_1281 dn_1282,ikt_1331,Giorgio,MISSING,NULL,MISSING,nsubj,MISSING,leftover_source,
2729,1143,many-to-one,dn_1281 dn_1282,ikt_1331,Giorgio,MISSING,NULL,MISSING,nsubj,MISSING,leftover_source,
2730,1143,many-to-one,dn_1281 dn_1282,ikt_1331,Ippolita,Ippolita,PRON,PRON,obj,obj,explicit_full,
2731,1144,one-to-one,dn_1283,ikt_1332,Giorgio,Giorgio,NULL,NULL,nsubj,nsubj,zero_zero_single,
2732,1145,one-to-one,dn_1284,ikt_1333,Giorgio,Giorgio,NULL,NULL,nsubj,nsubj,zero_zero_semantic,0.12583457678556442
2733,1145,one-to-one,dn_1284,ikt_1333,Giorgio,Giorgio,NULL,NULL,nsubj,nsubj,zero_zero_semantic,0.22543422877788544
2734,1148,one-to-one,dn_1287,ikt_1336,Giorgio,Giorgio,NULL,NULL,nsubj,nsubj,zero_zero_single,
2735,1148,one-to-one,dn_1287,ikt_1336,Ippolita,MISSING,PRON,MISSING,obj,MISSING,leftover_source,
2736,1148,one-to-one,dn_1287,ikt_1336,Ippolita,MISSING,PRON,MISSING,obj,MISSING,leftover_source,
2737,1150,one-to-one,dn_1289,ikt_1338,Giorgio,Giorgio,PRON,PRON,obj,obj,explicit_full,
2738,1150,one-to-one,dn_1289,ikt_1338,Ippolita,Ippolita,PRON,PRON,nsubj,nsubj,explicit_full,
2739,1150,one-to-one,dn_1289,ikt_1338,Ippolita,MISSING,NULL,MISSING,nsubj,MISSING,leftover_source,
2740,1151,one-to-one,dn_1290,ikt_1339,Ippolita,Ippolita,NULL,NULL,nsubj,nsubj,zero_zero_single,
2741,1152,one-to-one,dn_1291,ikt_1340,Ippolita,Ippolita,PRON,PRON,nsubj,nsubj,explicit_full,
2742,1153,one-to-one,dn_1292,ikt_1341,Ippolita,Ippolita,NULL,PRON,nsubj,nsubj,zero_to_tgt_anchor,
2743,1154,one-to-one,dn_1293,ikt_1342,Ippolita,Ippolita,NULL,NULL,nsubj,nsubj,zero_zero_single,
2744,1155,many-to-one,dn_1294 dn_1295 dn_1296 dn_1297,ikt_1343,Giorgio,Giorgio,PRON,PRON,nsubj,nsubj,explicit_full,
2745,1155,many-to-one,dn_1294 dn_1295 dn_1296 dn_1297,ikt_1343,Giorgio,Giorgio,NULL,NULL,nsubj,nsubj,zero_zero_semantic,0.35621614095776577
2746,1155,many-to-one,dn_1294 dn_1295 dn_1296 dn_1297,ikt_1343,Giorgio,Giorgio,NULL,NULL,nsubj,nsubj,zero_zero_semantic,0.2637068508322849
2747,1155,many-to-one,dn_1294 dn_1295 dn_1296 dn_1297,ikt_1343,Giorgio,Giorgio,NULL,PRON,nsubj,nsubj,zero_to_tgt_anchor,
2748,1155,many-to-one,dn_1294 dn_1295 dn_1296 dn_1297,ikt_1343,Giorgio,MISSING,NULL,MISSING,nsubj,MISSING,leftover_source,
2749,1155,many-to-one,dn_1294 dn_1295 dn_1296 dn_1297,ikt_1343,Giorgio,MISSING,NULL,MISSING,nsubj,MISSING,leftover_source,
2750,1155,many-to-one,dn_1294 dn_1295 dn_1296 dn_1297,ikt_1343,Giorgio,MISSING,NULL,MISSING,nsubj,MISSING,leftover_source,
2751,1155,many-to-one,dn_1294 dn_1295 dn_1296 dn_1297,ikt_1343,MISSING,Giorgio,MISSING,PRON,MISSING,obj,leftover_target,
2752,1155,many-to-one,dn_1294 dn_1295 dn_1296 dn_1297,ikt_1343,Ippolita,MISSING,PRON,MISSING,obj,MISSING,leftover_source,
2753,1157,one-to-one,dn_1299,ikt_1345,Ippolita,Ippolita,PROPN,PROPN,nsubj,nsubj,explicit_full,
2754,1158,many-to-one,dn_1300 dn_1301,ikt_1346,Ippolita,Ippolita,PRON,PRON,nsubj,nsubj,explicit_full,
2755,1158,many-to-one,dn_1300 dn_1301,ikt_1346,Ippolita,Ippolita,NULL,NULL,nsubj,nsubj,zero_zero_single,
2756,1159,one-to-one,dn_1302,ikt_1348,Giorgio,Giorgio,PRON,PRON,nsubj,nsubj,explicit_full,
2757,1159,one-to-one,dn_1302,ikt_1348,MISSING,Giorgio,MISSING,NULL,MISSING,nsubj,leftover_target,
2758,1161,one-to-one,dn_1304,ikt_1350,Giorgio,Giorgio,NULL,NULL,nsubj,nsubj,zero_zero_single,
2759,1162,one-to-one,dn_1305,ikt_1351,Giorgio,MISSING,NULL,MISSING,nsubj,MISSING,leftover_source,
2760,1162,one-to-one,dn_1305,ikt_1351,Ippolita,Ippolita,DET,PRON,nmod,nmod,explicit_ref_case,
2761,1162,one-to-one,dn_1305,ikt_1351,Ippolita,MISSING,DET,MISSING,nmod,MISSING,leftover_source,
2762,1163,one-to-one,dn_1306,ikt_1352,Giorgio,Giorgio,NULL,NULL,nsubj,nsubj,zero_zero_semantic,0.2547852269240788
2763,1163,one-to-one,dn_1306,ikt_1352,MISSING,Giorgio,MISSING,NULL,MISSING,nsubj,leftover_target,
2764,1163,one-to-one,dn_1306,ikt_1352,Ippolita,MISSING,PRON,MISSING,obj,MISSING,leftover_source,
2765,1164,one-to-one,dn_1307,ikt_1353,Giorgio,Giorgio,NULL,NULL,nsubj,nsubj,zero_zero_single,
2766,1166,one-to-one,dn_1309,ikt_1355,MISSING,Giorgio,MISSING,PRON,MISSING,nmod,leftover_target,
2767,1166,one-to-one,dn_1309,ikt_1355,Ippolita,MISSING,DET,MISSING,nmod,MISSING,leftover_source,
2768,1169,one-to-one,dn_1312,ikt_1358,Giorgio Ippolita,Giorgio Ippolita,NULL,NULL,nsubj,nsubj,zero_zero_semantic,0.4273950231978702
2769,1169,one-to-one,dn_1312,ikt_1358,Giorgio Ippolita,MISSING,PRON-REFLEX,MISSING,obj,MISSING,leftover_source,
2770,1169,one-to-one,dn_1312,ikt_1358,MISSING,Giorgio Ippolita,MISSING,NULL,MISSING,nsubj,leftover_target,
2771,1170,one-to-one,dn_1313,ikt_1359,Giorgio,Giorgio,NULL,NULL,nsubj,nsubj,zero_zero_single,
2772,1170,one-to-one,dn_1313,ikt_1359,Giorgio,MISSING,PRON-REFLEX,MISSING,obj,MISSING,leftover_source,
2773,1171,one-to-one,dn_1314,ikt_1360,Giorgio Ippolita,Giorgio Ippolita,NULL,NULL,nsubj,nsubj,zero_zero_single,
2774,1172,one-to-one,dn_1315,ikt_1361,MISSING,Ippolita,MISSING,PRON,MISSING,nmod,leftover_target,
2775,1172,one-to-one,dn_1315,ikt_1361,Ippolitas-sister-in-law,Ippolitas-sister-in-law,NOUN,NOUN,nsubj,vocative,explicit_ref_pos,
2776,1173,many-to-one,dn_1316 dn_1317,ikt_1362,Giorgio,Giorgio,PRON,PRON,nsubj,nsubj,explicit_full,
2777,1173,many-to-one,dn_1316 dn_1317,ikt_1362,Giorgio,Giorgio,NULL,NULL,nsubj,nsubj,zero_zero_single,
2778,1173,many-to-one,dn_1316 dn_1317,ikt_1362,Giorgio,MISSING,PRON-REFLEX,MISSING,obj,MISSING,leftover_source,
2779,1173,many-to-one,dn_1316 dn_1317,ikt_1362,MISSING,Giorgio Ippolita,MISSING,NOUN,MISSING,obj,leftover_target,
2780,1173,many-to-one,dn_1316 dn_1317,ikt_1362,MISSING,Giorgio Ippolita,MISSING,NULL,MISSING,nsubj,leftover_target,
2781,1173,many-to-one,dn_1316 dn_1317,ikt_1362,MISSING,Giorgio Ippolita,MISSING,NULL,MISSING,nsubj,leftover_target,
2782,1175,one-to-one,dn_1319,ikt_1364,Giorgio Ippolita,Giorgio Ippolita,PRON,PRON,nsubj,nsubj,explicit_full,
2783,1175,one-to-one,dn_1319,ikt_1364,MISSING,Giorgio Ippolita,MISSING,NULL,MISSING,nsubj,leftover_target,
2784,1176,many-to-one,dn_1320 dn_1321,ikt_1365,Giorgio,Giorgio,PRON,PRON,obj,nsubj,explicit_ref_pos,
2785,1176,many-to-one,dn_1320 dn_1321,ikt_1365,Giorgio,Giorgio,NULL,NULL,nsubj,nsubj,zero_zero_single,
2786,1177,many-to-one,dn_1322 dn_1323,ikt_1366,Giorgio,Giorgio,NULL,PRON,nsubj,nsubj,zero_to_tgt_anchor,
2787,1178,one-to-one,dn_1324,ikt_1367,Ippolita,Ippolita,NULL,PRON,nsubj,nsubj,zero_to_tgt_anchor,
2788,1179,one-to-one,dn_1325,ikt_1368,Ippolita,Ippolita,PRON,PRON,nsubj,nsubj,explicit_full,
2789,1180,one-to-one,dn_1326,ikt_1369,Giorgio Ippolita,Giorgio Ippolita,DET,PRON,nmod,nmod,explicit_ref_case,
2790,1180,one-to-one,dn_1326,ikt_1369,Giorgio Ippolita,MISSING,NULL,MISSING,nsubj,MISSING,leftover_source,
2791,1181,one-to-one,dn_1327,ikt_1370,Giorgio Ippolita,Giorgio Ippolita,NULL,PRON,nsubj,nsubj,zero_to_tgt_anchor,
2792,1182,one-to-one,dn_1328,ikt_1371,Giorgio,Giorgio,PRON,PRON,obj,obj,explicit_full,
2793,1182,one-to-one,dn_1328,ikt_1371,Giorgio,Giorgio,PRON,PRON,obj,nmod,explicit_ref_pos,
2794,1182,one-to-one,dn_1328,ikt_1371,Giorgio,MISSING,NULL,MISSING,nsubj,MISSING,leftover_source,
2795,1184,one-to-one,dn_1330,ikt_1373,Giorgio,Giorgio,DET,PRON,nmod,nmod,explicit_ref_case,
2796,1184,one-to-one,dn_1330,ikt_1373,Giorgio,Giorgio,NULL,NULL,nsubj,nsubj,zero_zero_single,
2797,1184,one-to-one,dn_1330,ikt_1373,MISSING,Giorgio,MISSING,PRON,MISSING,nsubj,leftover_target,
2798,1184,one-to-one,dn_1330,ikt_1373,Ippolita,Ippolita,PRON,PRON,nsubj,nsubj,explicit_full,
2799,1186,one-to-one,dn_1332,ikt_1375,Ippolita,Ippolita,DET,PRON,nmod,nmod,explicit_ref_case,
2800,1187,one-to-one,dn_1333,ikt_1376,Ippolita,Ippolita,DET,PRON,nmod,nmod,explicit_ref_case,
2801,1188,one-to-one,dn_1334,ikt_1377,CaterinaCornaro,CaterinaCornaro,PROPN,PROPN,nsubj,nsubj,explicit_full,
2802,1188,one-to-one,dn_1334,ikt_1377,CaterinaCornaro,CaterinaCornaro,NULL,NULL,nsubj,nsubj,zero_zero_semantic,0.13264074424038352
2803,1188,one-to-one,dn_1334,ikt_1377,MISSING,CaterinaCornaro,MISSING,NULL,MISSING,nsubj,leftover_target,
2804,1188,one-to-one,dn_1334,ikt_1377,Giorgio,Giorgio,NULL,NULL,nsubj,nsubj,zero_zero_semantic,0.7097318127400153
2805,1188,one-to-one,dn_1334,ikt_1377,Giorgio,MISSING,PRON,MISSING,nsubj,MISSING,leftover_source,
2806,1188,one-to-one,dn_1334,ikt_1377,Giorgio,MISSING,NULL,MISSING,nsubj,MISSING,leftover_source,
2807,1188,one-to-one,dn_1334,ikt_1377,Ippolita,Ippolita,PRON,PRON,obj,obj,explicit_full,
2808,1189,one-to-one,dn_1335,ikt_1378,CaterinaCornaro,MISSING,NOUN,MISSING,nmod,MISSING,leftover_source,
2809,1189,one-to-one,dn_1335,ikt_1378,Giorgio,Giorgio,DET,PRON,nmod,nsubj,explicit_ref_only,
2810,1189,one-to-one,dn_1335,ikt_1378,Giorgio,Giorgio,NULL,NULL,nsubj,nsubj,zero_zero_semantic,0.3073618757271627
2811,1189,one-to-one,dn_1335,ikt_1378,Giorgio,MISSING,NULL,MISSING,nsubj,MISSING,leftover_source,
2812,1190,one-to-one,dn_1336,ikt_1379,Ippolita,Ippolita,PRON,PRON,nsubj,nsubj,explicit_full,
2813,1190,one-to-one,dn_1336,ikt_1379,Ippolita,MISSING,PRON-REFLEX,MISSING,obj,MISSING,leftover_source,
2814,1190,one-to-one,dn_1336,ikt_1379,MISSING,Ippolita,MISSING,PRON,MISSING,nsubj,leftover_target,
2815,1190,one-to-one,dn_1336,ikt_1379,MISSING,Ippolita,MISSING,NULL,MISSING,nsubj,leftover_target,
2816,1190,one-to-one,dn_1336,ikt_1379,MISSING,Ippolita,MISSING,NULL,MISSING,nsubj,leftover_target,
2817,1191,one-to-one,dn_1337,ikt_1380,Ippolita,Ippolita,PROPN,PROPN,vocative,vocative,explicit_full,
2818,1192,one-to-many,dn_1338,ikt_1381 ikt_1382,Giorgio,Giorgio,PRON,PRON,nsubj,nsubj,explicit_full,
2819,1192,one-to-many,dn_1338,ikt_1381 ikt_1382,Ippolita,Ippolita,PRON,PRON,nsubj,nsubj,explicit_full,
2820,1192,one-to-many,dn_1338,ikt_1381 ikt_1382,Ippolita,Ippolita,DET,PRON,nmod,nmod,explicit_ref_case,
2821,1192,one-to-many,dn_1338,ikt_1381 ikt_1382,Ippolita,MISSING,DET,MISSING,nmod,MISSING,leftover_source,
2822,1194,one-to-one,dn_1340,ikt_1384,PaoloVeronese,PaoloVeronese,PROPN,PROPN,nmod,nmod,explicit_full,
2823,1195,one-to-one,dn_1341,ikt_1385,Giorgio,MISSING,PRON,MISSING,obj,MISSING,leftover_source,
2824,1195,one-to-one,dn_1341,ikt_1385,Giorgio Ippolita,Giorgio Ippolita,DET,PRON,nmod,nsubj,explicit_ref_only,
2825,1195,one-to-one,dn_1341,ikt_1385,PaoloVeronese,MISSING,PROPN,MISSING,nsubj,MISSING,leftover_source,
2826,1196,one-to-one,dn_1342,ikt_1386,Giorgio Ippolita,Giorgio Ippolita,NULL,PRON,nsubj,nsubj,zero_to_tgt_anchor,
2827,1197,one-to-one,dn_1343,ikt_1387,Giorgio Ippolita,Giorgio Ippolita,NULL,NULL,nsubj,nsubj,zero_zero_semantic,0.25001852575500133
2828,1197,one-to-one,dn_1343,ikt_1387,Giorgio Ippolita,MISSING,PRON,MISSING,obj,MISSING,leftover_source,
2829,1197,one-to-one,dn_1343,ikt_1387,MISSING,Giorgio Ippolita,MISSING,NULL,MISSING,nsubj,leftover_target,
2830,1198,one-to-one,dn_1344,ikt_1388,Ippolita,Ippolita,NULL,PRON,nsubj,nsubj,zero_to_tgt_anchor,
2831,1199,one-to-one,dn_1345,ikt_1389,Giorgio Ippolita,Giorgio Ippolita,NULL,NULL,nsubj,nsubj,zero_zero_semantic,0.7322236121927304
2832,1199,one-to-one,dn_1345,ikt_1389,Giorgio Ippolita,Giorgio Ippolita,NULL,NULL,nsubj,nsubj,zero_zero_semantic,0.48111927008291777
2833,1199,one-to-one,dn_1345,ikt_1389,Giorgio Ippolita,Giorgio Ippolita,PRON-REFLEX,NOUN,obj,obj,reflex_obj,
2834,1199,one-to-one,dn_1345,ikt_1389,Giorgio Ippolita,MISSING,PRON-REFLEX,MISSING,obj,MISSING,leftover_source,
2835,1201,one-to-one,dn_1347,ikt_1391,Ippolita,Ippolita,PRON,PRON,nsubj,nsubj,explicit_full,
2836,1201,one-to-one,dn_1347,ikt_1391,MISSING,Ippolita,MISSING,NULL,MISSING,nsubj,leftover_target,
2837,1202,one-to-one,dn_1348,ikt_1392,Giorgio,MISSING,NULL,MISSING,nsubj,MISSING,leftover_source,
2838,1202,one-to-one,dn_1348,ikt_1392,MISSING,Giorgio,MISSING,PRON,MISSING,vocative,leftover_target,
2839,1203,one-to-one,dn_1349,ikt_1394,MISSING,Ippolita,MISSING,NULL,MISSING,nsubj,leftover_target,
2840,1204,one-to-one,dn_1350,ikt_1393,Ippolita,Ippolita,PROPN,PROPN,nsubj,nsubj,explicit_full,
2841,1205,one-to-one,dn_1351,ikt_1395,Giorgio,Giorgio,PRON,NULL,nsubj,nsubj,zero_to_src_anchor,
2842,1205,one-to-one,dn_1351,ikt_1395,Ippolita,Ippolita,DET,PRON,nmod,nsubj,explicit_ref_only,
2843,1206,one-to-one,dn_1352,ikt_1396,Ippolita,Ippolita,NULL,NULL,nsubj,nsubj,zero_zero_semantic,0.3350440613469299
2844,1206,one-to-one,dn_1352,ikt_1396,Ippolita,MISSING,DET,MISSING,nmod,MISSING,leftover_source,
2845,1206,one-to-one,dn_1352,ikt_1396,MISSING,Ippolita,MISSING,NULL,MISSING,nsubj,leftover_target,
2846,1206,one-to-one,dn_1352,ikt_1396,MISSING,Ippolita,MISSING,NULL,MISSING,nsubj,leftover_target,
2847,1207,one-to-one,dn_1353,ikt_1397,Ippolita,Ippolita,NULL,NULL,nsubj,nsubj,zero_zero_single,
2848,1208,one-to-one,dn_1354,ikt_1398,Ippolita,Ippolita,NULL,NULL,nsubj,nsubj,zero_zero_semantic,0.28613920907179513
2849,1208,one-to-one,dn_1354,ikt_1398,Ippolita,MISSING,NULL,MISSING,nsubj,MISSING,leftover_source,
2850,1209,one-to-one,dn_1355,ikt_1399,Giorgio,Giorgio,PRON,PRON,obj,obj,explicit_full,
2851,1209,one-to-one,dn_1355,ikt_1399,Ippolita,Ippolita,NULL,NULL,nsubj,nsubj,zero_zero_semantic,0.2908123108388838
2852,1209,one-to-one,dn_1355,ikt_1399,Ippolita,Ippolita,NULL,NULL,nsubj,nsubj,zero_zero_semantic,0.15175745270668628
2853,1209,one-to-one,dn_1355,ikt_1399,Ippolita,MISSING,PRON-REFLEX,MISSING,obj,MISSING,leftover_source,
2854,1210,one-to-one,dn_1356,ikt_1400,Giorgio,Giorgio,NULL,NULL,nsubj,nsubj,zero_zero_single,
2855,1210,one-to-one,dn_1356,ikt_1400,Giorgio,MISSING,PRON-REFLEX,MISSING,obj,MISSING,leftover_source,
2856,1210,one-to-one,dn_1356,ikt_1400,MISSING,Giorgio,MISSING,PRON,MISSING,nsubj,leftover_target,
2857,1211,one-to-one,dn_1357,ikt_1401,Giorgio,MISSING,PRON,MISSING,obj,MISSING,leftover_source,
2858,1211,one-to-one,dn_1357,ikt_1401,Ippolita,Ippolita,PRON,PRON,obj,nsubj,explicit_ref_pos,
2859,1211,one-to-one,dn_1357,ikt_1401,Ippolita,MISSING,NULL,MISSING,nsubj,MISSING,leftover_source,
2860,1211,one-to-one,dn_1357,ikt_1401,Ippolita,MISSING,NULL,MISSING,nsubj,MISSING,leftover_source,
2861,1212,one-to-one,dn_1358,ikt_1402,Giorgio,Giorgio,PRON,PRON,nsubj,nsubj,explicit_full,
2862,1212,one-to-one,dn_1358,ikt_1402,Ippolita,Ippolita,PRON,PRON,obj,obj,explicit_full,
2863,1213,one-to-one,dn_1359,ikt_1403,Giorgio,Giorgio,PRON,NULL,nsubj,nsubj,zero_to_src_anchor,
2864,1213,one-to-one,dn_1359,ikt_1403,Ippolita,Ippolita,PRON,PRON,nsubj,nsubj,explicit_full,
2865,1213,one-to-one,dn_1359,ikt_1403,MISSING,Ippolita,MISSING,NULL,MISSING,nsubj,leftover_target,
2866,1216,one-to-one,dn_1362,ikt_1406,MISSING,Ippolita,MISSING,NULL,MISSING,nsubj,leftover_target,
2867,1218,one-to-one,dn_1364,ikt_1408,Giorgio,Giorgio,DET,PRON,nmod,nmod,explicit_ref_case,
2868,1218,one-to-one,dn_1364,ikt_1408,Ippolita,Ippolita,PRON,NULL,nsubj,nsubj,zero_to_src_anchor,
2869,1219,one-to-one,dn_1365,ikt_1409,Ippolita,MISSING,PRON,MISSING,nsubj,MISSING,leftover_source,
2870,1219,one-to-one,dn_1365,ikt_1409,Ippolita,MISSING,PRON-REFLEX,MISSING,obj,MISSING,leftover_source,
2871,1220,one-to-one,dn_1366,ikt_1410,Giorgio,Giorgio,PROPN,PROPN,nsubj,nsubj,explicit_full,
2872,1220,one-to-one,dn_1366,ikt_1410,Ippolita,Ippolita,PRON,PRON,obj,obj,explicit_full,
2873,1221,one-to-many,dn_1367,ikt_1411 ikt_1412,Giorgio Ippolita,Giorgio Ippolita,DET,NOUN,nmod,nmod,explicit_ref_case,
2874,1221,one-to-many,dn_1367,ikt_1411 ikt_1412,Giorgio Ippolita,MISSING,NULL,MISSING,nsubj,MISSING,leftover_source,
2875,1221,one-to-many,dn_1367,ikt_1411 ikt_1412,MISSING,Ippolita,MISSING,PRON,MISSING,nsubj,leftover_target,
2876,1222,one-to-many,dn_1368,ikt_1413 ikt_1414,Giorgio Ippolita,Giorgio Ippolita,PRON,PRON,nsubj,nsubj,explicit_full,
2877,1222,one-to-many,dn_1368,ikt_1413 ikt_1414,Giorgio Ippolita,Giorgio Ippolita,DET,NOUN,nmod,nmod,explicit_ref_case,
2878,1222,one-to-many,dn_1368,ikt_1413 ikt_1414,Giorgio Ippolita,Giorgio Ippolita,NULL,NULL,nsubj,nsubj,zero_zero_semantic,0.3400125112136205
2879,1222,one-to-many,dn_1368,ikt_1413 ikt_1414,MISSING,Giorgio Ippolita,MISSING,NULL,MISSING,nsubj,leftover_target,
2880,1223,one-to-one,dn_1369,ikt_1415,Ippolita,Ippolita,PROPN,PROPN,nmod,obj,explicit_ref_pos,
2881,1224,one-to-one,dn_1370,ikt_1416,Ippolita,Ippolita,PRON,PRON,nmod,nmod,explicit_full,
2882,1225,one-to-many,dn_1371,ikt_1417 ikt_1418,Giorgio,Giorgio,PRON,PRON,nsubj,nsubj,explicit_full,
2883,1225,one-to-many,dn_1371,ikt_1417 ikt_1418,Giorgio,Giorgio,DET,PRON,nmod,nmod,explicit_ref_case,
2884,1225,one-to-many,dn_1371,ikt_1417 ikt_1418,Giorgio,Giorgio,PRON,PRON,obj,nsubj,explicit_ref_pos,
2885,1225,one-to-many,dn_1371,ikt_1417 ikt_1418,Giorgio,Giorgio,PRON,PRON,obj,nmod,explicit_ref_pos,
2886,1225,one-to-many,dn_1371,ikt_1417 ikt_1418,Giorgio,Giorgio,NULL,NULL,nsubj,nsubj,zero_zero_semantic,0.24771192381556048
2887,1225,one-to-many,dn_1371,ikt_1417 ikt_1418,Giorgio,MISSING,NULL,MISSING,nsubj,MISSING,leftover_source,
2888,1225,one-to-many,dn_1371,ikt_1417 ikt_1418,Ippolita,Ippolita,DET,PRON,nmod,nmod,explicit_ref_case,
2889,1225,one-to-many,dn_1371,ikt_1417 ikt_1418,Ippolita,Ippolita,PRON,PRON,nsubj,obj,explicit_ref_pos,
2890,1225,one-to-many,dn_1371,ikt_1417 ikt_1418,Ippolita,MISSING,DET,MISSING,nmod,MISSING,leftover_source,
2891,1225,one-to-many,dn_1371,ikt_1417 ikt_1418,MISSING,Ippolita,MISSING,NULL,MISSING,nsubj,leftover_target,
2892,1225,one-to-many,dn_1371,ikt_1417 ikt_1418,MISSING,Ippolita,MISSING,NULL,MISSING,nsubj,leftover_target,
2893,1226,one-to-one,dn_1372,ikt_1419,Ippolita,Ippolita,PRON,PRON,nsubj,nsubj,explicit_full,
2894,1226,one-to-one,dn_1372,ikt_1419,Ippolita,MISSING,NULL,MISSING,nsubj,MISSING,leftover_source,
2895,1227,one-to-one,dn_1373,ikt_1420,Giorgio,Giorgio,DET,PRON,nmod,nsubj,explicit_ref_only,
2896,1227,one-to-one,dn_1373,ikt_1420,Ippolita,Ippolita,DET,PRON,nmod,nmod,explicit_ref_case,
2897,1227,one-to-one,dn_1373,ikt_1420,Ippolita,Ippolita,PRON,NULL,nsubj,nsubj,zero_to_src_anchor,
2898,1228,one-to-one,dn_1374,ikt_1421,Ippolita,Ippolita,NULL,NULL,nsubj,nsubj,zero_zero_single,
2899,1228,one-to-one,dn_1374,ikt_1421,Ippolita,MISSING,PRON,MISSING,nsubj,MISSING,leftover_source,
2900,1229,one-to-one,dn_1375,ikt_1422,MISSING,Giorgio,MISSING,PRON,MISSING,nmod,leftover_target,
2901,1232,one-to-many,dn_1378,ikt_1425 ikt_1426,Ippolita,Ippolita,PROPN,PROPN,nmod,nmod,explicit_full,
2902,1232,one-to-many,dn_1378,ikt_1425 ikt_1426,MISSING,Ippolita,MISSING,PRON,MISSING,nmod,leftover_target,
2903,1232,one-to-many,dn_1378,ikt_1425 ikt_1426,Ippolitas-husband,Ippolitas-husband,NOUN,NOUN,nsubj,nsubj,explicit_full,
2904,1232,one-to-many,dn_1378,ikt_1425 ikt_1426,Ippolitas-husband,MISSING,PRON,MISSING,nmod,MISSING,leftover_source,
2905,1232,one-to-many,dn_1378,ikt_1425 ikt_1426,Ippolitas-husband,MISSING,DET,MISSING,nmod,MISSING,leftover_source,
2906,1232,one-to-many,dn_1378,ikt_1425 ikt_1426,MISSING,Ippolitas-husband,MISSING,NULL,MISSING,nsubj,leftover_target,
2907,1232,one-to-many,dn_1378,ikt_1425 ikt_1426,MISSING,Ippolitas-husband,MISSING,NULL,MISSING,nsubj,leftover_target,
2908,1233,many-to-one,dn_1379 dn_1380,ikt_1427,Ippolita,Ippolita,PROPN,PROPN,nsubj,nsubj,explicit_full,
2909,1233,many-to-one,dn_1379 dn_1380,ikt_1427,Ippolita,Ippolita,PRON,PRON,obj,nsubj,explicit_ref_pos,
2910,1233,many-to-one,dn_1379 dn_1380,ikt_1427,Ippolita,MISSING,PRON,MISSING,obj,MISSING,leftover_source,
2911,1233,many-to-one,dn_1379 dn_1380,ikt_1427,MISSING,Ippolita,MISSING,NULL,MISSING,nsubj,leftover_target,
2912,1233,many-to-one,dn_1379 dn_1380,ikt_1427,Ippolitas-mother,Ippolitas-mother,NOUN,NOUN,nmod,obj,explicit_ref_pos,
2913,1233,many-to-one,dn_1379 dn_1380,ikt_1427,Ippolitas-sister,Ippolitas-sister,NOUN,NOUN,obj,obj,explicit_full,
2914,1235,one-to-one,dn_1382,ikt_1429,Giorgio,Giorgio,PRON,PRON,nsubj,nmod,explicit_ref_pos,
2915,1235,one-to-one,dn_1382,ikt_1429,Ippolita,Ippolita,PRON,PRON,nsubj,obj,explicit_ref_pos,
2916,1236,one-to-one,dn_1383,ikt_1430,Giorgio,Giorgio,DET,PRON,nmod,nmod,explicit_ref_case,
2917,1237,one-to-many,dn_1384,ikt_1431 ikt_1432,Giorgio,MISSING,PRON,MISSING,nsubj,MISSING,leftover_source,
2918,1237,one-to-many,dn_1384,ikt_1431 ikt_1432,Giorgio,MISSING,PRON,MISSING,nsubj,MISSING,leftover_source,
2919,1237,one-to-many,dn_1384,ikt_1431 ikt_1432,Ippolita,Ippolita,DET,PRON,nmod,nmod,explicit_ref_case,
2920,1237,one-to-many,dn_1384,ikt_1431 ikt_1432,Ippolita,Ippolita,PRON,PRON,obj,nsubj,explicit_ref_pos,
2921,1237,one-to-many,dn_1384,ikt_1431 ikt_1432,Ippolita,Ippolita,DET,PRON,nmod,nsubj,explicit_ref_only,
2922,1237,one-to-many,dn_1384,ikt_1431 ikt_1432,Ippolita,MISSING,PRON-REFLEX,MISSING,obj,MISSING,leftover_source,
2923,1238,one-to-one,dn_1385,ikt_1433,Giorgio,Giorgio,PRON,PRON,nsubj,nsubj,explicit_full,
2924,1238,one-to-one,dn_1385,ikt_1433,Giorgio,Giorgio,NULL,NULL,nsubj,nsubj,zero_zero_single,
2925,1238,one-to-one,dn_1385,ikt_1433,Giorgio,MISSING,PRON,MISSING,nsubj,MISSING,leftover_source,
2926,1238,one-to-one,dn_1385,ikt_1433,Giorgio,MISSING,PRON,MISSING,nsubj,MISSING,leftover_source,
2927,1238,one-to-one,dn_1385,ikt_1433,Ippolita,Ippolita,PRON,PRON,obj,nmod,explicit_ref_pos,
2928,1238,one-to-one,dn_1385,ikt_1433,MISSING,Ippolita,MISSING,PRON,MISSING,nmod,leftover_target,
2929,1239,many-to-one,dn_1386 dn_1387,ikt_1434,Giorgio,Giorgio,PRON,PRON,obj,obj,explicit_full,
2930,1239,many-to-one,dn_1386 dn_1387,ikt_1434,Giorgio,MISSING,NULL,MISSING,nsubj,MISSING,leftover_source,
2931,1239,many-to-one,dn_1386 dn_1387,ikt_1434,Giorgio,MISSING,NULL,MISSING,nsubj,MISSING,leftover_source,
2932,1239,many-to-one,dn_1386 dn_1387,ikt_1434,MISSING,Giorgio,MISSING,PRON,MISSING,nmod,leftover_target,
2933,1239,many-to-one,dn_1386 dn_1387,ikt_1434,Ippolita,Ippolita,DET,PRON,nmod,nmod,explicit_ref_case,
2934,1239,many-to-one,dn_1386 dn_1387,ikt_1434,MISSING,Ippolita,MISSING,PRON,MISSING,nmod,leftover_target,
2935,1241,one-to-one,dn_1392,ikt_1436,Giorgio,Giorgio,DET,PRON,nmod,nmod,explicit_ref_case,
2936,1241,one-to-one,dn_1392,ikt_1436,Ippolita,Ippolita,NOUN,NOUN,vocative,vocative,explicit_full,
2937,1242,one-to-one,dn_1393,ikt_1437,Giorgio,Giorgio,NULL,NULL,nsubj,nsubj,zero_zero_semantic,0.7243881399933476
2938,1242,one-to-one,dn_1393,ikt_1437,Giorgio,Giorgio,NULL,NULL,nsubj,nsubj,zero_zero_semantic,0.21064654461031568
2939,1242,one-to-one,dn_1393,ikt_1437,Giorgio,MISSING,PRON-REFLEX,MISSING,obj,MISSING,leftover_source,
2940,1242,one-to-one,dn_1393,ikt_1437,Giorgio,MISSING,PRON-REFLEX,MISSING,obj,MISSING,leftover_source,
2941,1242,one-to-one,dn_1393,ikt_1437,Giorgio,MISSING,PRON-REFLEX,MISSING,obj,MISSING,leftover_source,
2942,1242,one-to-one,dn_1393,ikt_1437,MISSING,Giorgio,MISSING,PRON,MISSING,nsubj,leftover_target,
2943,1243,one-to-one,dn_1394,ikt_1438,Giorgio,Giorgio,NULL,NULL,nsubj,nsubj,zero_zero_semantic,0.31141796873675454
2944,1243,one-to-one,dn_1394,ikt_1438,Giorgio,MISSING,PRON,MISSING,obj,MISSING,leftover_source,
2945,1243,one-to-one,dn_1394,ikt_1438,MISSING,Giorgio,MISSING,NULL,MISSING,nsubj,leftover_target,
2946,1243,one-to-one,dn_1394,ikt_1438,MISSING,Giorgio,MISSING,NULL,MISSING,nsubj,leftover_target,
2947,1245,one-to-one,dn_1396,ikt_1440,Giorgio,MISSING,NULL,MISSING,nsubj,MISSING,leftover_source,
2948,1245,one-to-one,dn_1396,ikt_1440,Giorgio,MISSING,NULL,MISSING,nsubj,MISSING,leftover_source,
2949,1245,one-to-one,dn_1396,ikt_1440,Ippolita,Ippolita,DET,PRON,obj,nmod,explicit_ref_only,
2950,1247,one-to-one,dn_1398,ikt_1442,Giorgio,MISSING,PRON,MISSING,obj,MISSING,leftover_source,
2951,1247,one-to-one,dn_1398,ikt_1442,Ippolita,Ippolita,PRON,PRON,nsubj,nmod,explicit_ref_pos,
2952,1248,one-to-one,dn_1399,ikt_1443,Giorgio,MISSING,DET,MISSING,obj,MISSING,leftover_source,
2953,1248,one-to-one,dn_1399,ikt_1443,Ippolita,Ippolita,PRON,PRON,obj,nsubj,explicit_ref_pos,
2954,1248,one-to-one,dn_1399,ikt_1443,MISSING,Ippolita,MISSING,PRON,MISSING,nsubj,leftover_target,
2955,1249,one-to-one,dn_1400,ikt_1444,Giorgio,MISSING,PRON,MISSING,obj,MISSING,leftover_source,
2956,1249,one-to-one,dn_1400,ikt_1444,Giorgio,MISSING,PRON,MISSING,obj,MISSING,leftover_source,
2957,1249,one-to-one,dn_1400,ikt_1444,Ippolita,Ippolita,PRON,PRON,nsubj,nsubj,explicit_full,
2958,1249,one-to-one,dn_1400,ikt_1444,Ippolita,Ippolita,NULL,NULL,nsubj,nsubj,zero_zero_single,
2959,1250,one-to-one,dn_1401,ikt_1445,Ippolita,Ippolita,NULL,PRON,nsubj,nsubj,zero_to_tgt_anchor,
2960,1250,one-to-one,dn_1401,ikt_1445,Ippolita,MISSING,NULL,MISSING,nsubj,MISSING,leftover_source,
2961,1251,one-to-one,dn_1402,ikt_1446,Ippolita,Ippolita,PRON,PRON,nsubj,nsubj,explicit_full,
2962,1251,one-to-one,dn_1402,ikt_1446,Ippolita,Ippolita,NULL,NULL,nsubj,nsubj,zero_zero_semantic,0.32883892527648384
2963,1251,one-to-one,dn_1402,ikt_1446,Ippolita,MISSING,NULL,MISSING,nsubj,MISSING,leftover_source,
2964,1252,one-to-one,dn_1403,ikt_1447,Giorgio,Giorgio,PRON,PRON,obj,obj,explicit_full,
2965,1252,one-to-one,dn_1403,ikt_1447,Giorgio,Giorgio,PRON,PRON,obj,nmod,explicit_ref_pos,
2966,1252,one-to-one,dn_1403,ikt_1447,Giorgio,MISSING,PRON,MISSING,nsubj,MISSING,leftover_source,
2967,1252,one-to-one,dn_1403,ikt_1447,Ippolita,MISSING,PRON,MISSING,nsubj,MISSING,leftover_source,
2968,1253,one-to-one,dn_1404,ikt_1448,Giorgio,MISSING,PRON,MISSING,obj,MISSING,leftover_source,
2969,1253,one-to-one,dn_1404,ikt_1448,Ippolita,Ippolita,NULL,NULL,nsubj,nsubj,zero_zero_semantic,0.16536030173301697
2970,1253,one-to-one,dn_1404,ikt_1448,MISSING,Ippolita,MISSING,NULL,MISSING,nsubj,leftover_target,
2971,1254,one-to-one,dn_1405,ikt_1449,Giorgio,Giorgio,PRON,PRON,obj,obj,explicit_full,
2972,1254,one-to-one,dn_1405,ikt_1449,Giorgio,MISSING,PRON,MISSING,obj,MISSING,leftover_source,
2973,1254,one-to-one,dn_1405,ikt_1449,Ippolita,Ippolita,NULL,NULL,nsubj,nsubj,zero_zero_semantic,0.4990134491868641
2974,1254,one-to-one,dn_1405,ikt_1449,Ippolita,Ippolita,NULL,NULL,nsubj,nsubj,zero_zero_semantic,0.35691645991357956
2975,1254,one-to-one,dn_1405,ikt_1449,Ippolita,Ippolita,NULL,PRON,nsubj,nsubj,zero_to_tgt_anchor,
2976,1254,one-to-one,dn_1405,ikt_1449,Ippolita,MISSING,NULL,MISSING,nsubj,MISSING,leftover_source,
2977,1255,one-to-one,dn_1406,ikt_1450,Ippolita,Ippolita,PRON,PRON,nsubj,nsubj,explicit_full,
2978,1256,many-to-one,dn_1407 dn_1408,ikt_1451,MISSING,Giorgio,MISSING,NULL,MISSING,nsubj,leftover_target,
2979,1256,many-to-one,dn_1407 dn_1408,ikt_1451,MISSING,Giorgio,MISSING,NULL,MISSING,nsubj,leftover_target,
2980,1256,many-to-one,dn_1407 dn_1408,ikt_1451,Ippolita,Ippolita,PROPN,PROPN,vocative,vocative,explicit_full,
2981,1256,many-to-one,dn_1407 dn_1408,ikt_1451,Ippolita,Ippolita,PRON,PRON,nsubj,nsubj,explicit_full,
2982,1256,many-to-one,dn_1407 dn_1408,ikt_1451,Ippolita,MISSING,NULL,MISSING,nsubj,MISSING,leftover_source,
2983,1259,one-to-one,dn_1411,ikt_1454,Giorgio,Giorgio,PRON,PRON,nsubj,nsubj,explicit_full,
2984,1259,one-to-one,dn_1411,ikt_1454,Giorgios-friend,Giorgios-friend,NOUN,NOUN,nsubj,obj,explicit_ref_pos,
2985,1261,one-to-one,dn_1412,ikt_1456,Giorgio,Giorgio,PRON,PRON,nsubj,nsubj,explicit_full,
2986,1263,many-to-one,dn_1414 dn_1416,ikt_1458,Giorgios-friend,Giorgios-friend,NOUN,NOUN,nsubj,nsubj,explicit_full,
2987,1263,many-to-one,dn_1414 dn_1416,ikt_1458,Giorgios-friend,MISSING,PRON-REFLEX,MISSING,obj,MISSING,leftover_source,
2988,1263,many-to-one,dn_1414 dn_1416,ikt_1458,Giorgios-friend,MISSING,NULL,MISSING,nsubj,MISSING,leftover_source,
2989,1265,one-to-one,dn_1418,ikt_1460,Giorgio,Giorgio,PRON,PRON,obj,obj,explicit_full,
2990,1265,one-to-one,dn_1418,ikt_1460,Giorgio,Giorgio,NULL,NULL,nsubj,nsubj,zero_zero_single,
2991,1265,one-to-one,dn_1418,ikt_1460,Giorgios-friend,Giorgios-friend,NOUN,NOUN,nmod,nmod,explicit_full,
2992,1265,one-to-one,dn_1418,ikt_1460,Ippolita,MISSING,PRON,MISSING,obj,MISSING,leftover_source,
2993,1268,one-to-one,dn_1421,ikt_1463,Ippolita,Ippolita,PRON,PRON,nsubj,nsubj,explicit_full,
2994,1268,one-to-one,dn_1421,ikt_1463,Ippolita,Ippolita,NULL,PRON,nsubj,nsubj,zero_to_tgt_anchor,
2995,1270,one-to-one,dn_1423,ikt_1465,MISSING,Giorgio,MISSING,PRON,MISSING,nsubj,leftover_target,
2996,1271,one-to-one,dn_1424,ikt_1466,Giorgio,MISSING,NULL,MISSING,nsubj,MISSING,leftover_source,
2997,1272,one-to-one,dn_1425,ikt_1467,Giorgio,MISSING,PRON,MISSING,obj,MISSING,leftover_source,
2998,1273,one-to-one,dn_1427,ikt_1468,Ippolita,Ippolita,PRON,PRON,nsubj,nsubj,explicit_full,
2999,1273,one-to-one,dn_1427,ikt_1468,Ippolita,Ippolita,NULL,NULL,nsubj,nsubj,zero_zero_single,
3000,1274,one-to-one,dn_1428,ikt_1469,Giorgio,Giorgio,NULL,NULL,nsubj,nsubj,zero_zero_semantic,0.35281892652366487
3001,1274,one-to-one,dn_1428,ikt_1469,MISSING,Giorgio,MISSING,NULL,MISSING,nsubj,leftover_target,
3002,1274,one-to-one,dn_1428,ikt_1469,Ippolita,Ippolita,DET,PRON,nmod,nmod,explicit_ref_case,
3003,1275,one-to-one,dn_1429,ikt_1470,Ippolita,Ippolita,PRON,PRON,nsubj,nsubj,explicit_full,
3004,1276,one-to-many,dn_1430,ikt_1471 ikt_1472,Giorgio,MISSING,PRON,MISSING,nsubj,MISSING,leftover_source,
3005,1276,one-to-many,dn_1430,ikt_1471 ikt_1472,Ippolita,Ippolita,PRON,NULL,nsubj,nsubj,zero_to_src_anchor,
3006,1276,one-to-many,dn_1430,ikt_1471 ikt_1472,Ippolita,MISSING,DET,MISSING,nmod,MISSING,leftover_source,
3007,1276,one-to-many,dn_1430,ikt_1471 ikt_1472,MISSING,Ippolita,MISSING,NULL,MISSING,nsubj,leftover_target,
3008,1277,one-to-one,dn_1431,ikt_1473,Ippolita,MISSING,NULL,MISSING,nsubj,MISSING,leftover_source,
3009,1277,one-to-one,dn_1431,ikt_1473,Ippolita,MISSING,PRON,MISSING,obj,MISSING,leftover_source,
3010,1278,one-to-one,dn_1432,ikt_1474,Giorgio,Giorgio,DET,PRON,nmod,nsubj,explicit_ref_only,
3011,1278,one-to-one,dn_1432,ikt_1474,Ippolita,MISSING,NULL,MISSING,nsubj,MISSING,leftover_source,
3012,1278,one-to-one,dn_1432,ikt_1474,MISSING,Ippolita,MISSING,PRON,MISSING,nmod,leftover_target,
3013,1278,one-to-one,dn_1432,ikt_1474,MISSING,Ippolita,MISSING,PRON,MISSING,obj,leftover_target,
3014,1280,one-to-one,dn_1434,ikt_1476,pilgrims,pilgrims,NOUN,NOUN,nsubj,nsubj,explicit_full,
3015,1280,one-to-one,dn_1434,ikt_1476,MISSING,pilgrims,MISSING,NULL,MISSING,nsubj,leftover_target,
3016,1280,one-to-one,dn_1434,ikt_1476,MISSING,pilgrims,MISSING,NULL,MISSING,nsubj,leftover_target,
3017,1281,one-to-one,dn_1435,ikt_1477,Ippolita,Ippolita,NOUN,NOUN,obj,nmod,explicit_ref_pos,
3018,1282,one-to-one,dn_1436,ikt_1478,Giorgio,Giorgio,NULL,NULL,nsubj,nsubj,zero_zero_single,
3019,1282,one-to-one,dn_1436,ikt_1478,Ippolita,MISSING,PRON,MISSING,obj,MISSING,leftover_source,
3020,1283,one-to-many,dn_1437,ikt_1479 ikt_1480,Giorgio,MISSING,PRON,MISSING,nsubj,MISSING,leftover_source,
3021,1285,many-to-one,dn_1439 dn_1440 dn_1441,ikt_1482,Ippolita,Ippolita,NULL,NULL,nsubj,nsubj,zero_zero_single,
3022,1286,one-to-one,dn_1442,ikt_1483,Giorgio,Giorgio,DET,PRON,nmod,nmod,explicit_ref_case,
3023,1286,one-to-one,dn_1442,ikt_1483,Giorgio,Giorgio,NULL,PRON,nsubj,nsubj,zero_to_tgt_anchor,
3024,1286,one-to-one,dn_1442,ikt_1483,Giorgio,MISSING,PRON-REFLEX,MISSING,obj,MISSING,leftover_source,
3025,1287,one-to-one,dn_1443,ikt_1484,Giorgio,MISSING,PRON,MISSING,obj,MISSING,leftover_source,
3026,1287,one-to-one,dn_1443,ikt_1484,Ippolita,Ippolita,PRON,PRON,nsubj,nmod,explicit_ref_pos,
3027,1288,one-to-one,dn_1444,ikt_1485,Giorgio,Giorgio,NULL,NULL,nsubj,nsubj,zero_zero_semantic,0.19641992553147075
3028,1288,one-to-one,dn_1444,ikt_1485,Giorgio,Giorgio,NULL,PRON,nsubj,nsubj,zero_to_tgt_anchor,
3029,1288,one-to-one,dn_1444,ikt_1485,Ippolita,Ippolita,DET,PRON,nmod,nmod,explicit_ref_case,
3030,1288,one-to-one,dn_1444,ikt_1485,Ippolita,Ippolita,DET,PRON,nmod,nmod,explicit_ref_case,
3031,1289,one-to-one,dn_1445,ikt_1486,Giorgio,Giorgio,NULL,PRON,nsubj,nsubj,zero_to_tgt_anchor,
3032,1289,one-to-one,dn_1445,ikt_1486,MISSING,Giorgio,MISSING,PRON,MISSING,nmod,leftover_target,
3033,1291,one-to-one,dn_1448,ikt_1488,Giorgio,Giorgio,NULL,PRON,nsubj,nsubj,zero_to_tgt_anchor,
3034,1291,one-to-one,dn_1448,ikt_1488,Ippolita,MISSING,PRON,MISSING,obj,MISSING,leftover_source,
3035,1292,one-to-one,dn_1449,ikt_1489,Giorgio,MISSING,PRON,MISSING,obj,MISSING,leftover_source,
3036,1292,one-to-one,dn_1449,ikt_1489,Giorgio,MISSING,PRON,MISSING,obj,MISSING,leftover_source,
3037,1293,one-to-many,dn_1450,ikt_1490 ikt_1491,Giorgio,Giorgio,NULL,NULL,nsubj,nsubj,zero_zero_semantic,0.3426490209041498
3038,1293,one-to-many,dn_1450,ikt_1490 ikt_1491,Giorgio,MISSING,PRON-REFLEX,MISSING,obj,MISSING,leftover_source,
3039,1293,one-to-many,dn_1450,ikt_1490 ikt_1491,Giorgio,MISSING,NULL,MISSING,nsubj,MISSING,leftover_source,
3040,1294,one-to-one,dn_1451,ikt_1492,Giorgio,Giorgio,NULL,NULL,nsubj,nsubj,zero_zero_semantic,0.447431230201171
3041,1294,one-to-one,dn_1451,ikt_1492,MISSING,Giorgio,MISSING,NULL,MISSING,nsubj,leftover_target,
3042,1294,one-to-one,dn_1451,ikt_1492,MISSING,Giorgio,MISSING,NULL,MISSING,nsubj,leftover_target,
3043,1295,one-to-many,dn_1452,ikt_1493 ikt_1494,Giorgio,Giorgio,PRON-REFLEX,PRON,obj,obj,reflex_obj,
3044,1295,one-to-many,dn_1452,ikt_1493 ikt_1494,Giorgio,MISSING,NULL,MISSING,nsubj,MISSING,leftover_source,
3045,1295,one-to-many,dn_1452,ikt_1493 ikt_1494,Giorgio,MISSING,NULL,MISSING,nsubj,MISSING,leftover_source,
3046,1296,one-to-one,dn_1453,ikt_1495,Giorgio,Giorgio,NULL,NULL,nsubj,nsubj,zero_zero_single,
3047,1296,one-to-one,dn_1453,ikt_1495,Ippolita,Ippolita,PRON,PRON,obj,nmod,explicit_ref_pos,
3048,1297,one-to-one,dn_1454,ikt_1496,Cristina,Cristina,PROPN,PROPN,nsubj,nsubj,explicit_full,
3049,1297,one-to-one,dn_1454,ikt_1496,Cristina,Cristina,NULL,NULL,nsubj,nsubj,zero_zero_single,
3050,1297,one-to-one,dn_1454,ikt_1496,Cristina,MISSING,NOUN,MISSING,nsubj,MISSING,leftover_source,
3051,1297,one-to-one,dn_1454,ikt_1496,Giorgio,Giorgio,PRON,PRON,obj,nmod,explicit_ref_pos,
3052,1297,one-to-one,dn_1454,ikt_1496,Giorgio,Giorgio,PRON,PRON,obj,nmod,explicit_ref_pos,
3053,1298,one-to-many,dn_1455,ikt_1497 ikt_1498,Giorgio,Giorgio,PRON,PRON,nsubj,nsubj,explicit_full,
3054,1298,one-to-many,dn_1455,ikt_1497 ikt_1498,Giorgio,Giorgio,DET,PRON,nmod,nsubj,explicit_ref_only,
3055,1298,one-to-many,dn_1455,ikt_1497 ikt_1498,Giorgio,Giorgio,NULL,NULL,nsubj,nsubj,zero_zero_semantic,0.14854811424133824
3056,1298,one-to-many,dn_1455,ikt_1497 ikt_1498,Giorgio,Giorgio,NULL,NULL,nsubj,nsubj,zero_zero_semantic,0.11027582215540337
3057,1298,one-to-many,dn_1455,ikt_1497 ikt_1498,Giorgio,MISSING,PRON-REFLEX,MISSING,obj,MISSING,leftover_source,
3058,1298,one-to-many,dn_1455,ikt_1497 ikt_1498,Ippolita,Ippolita,DET,PRON,nmod,nmod,explicit_ref_case,
3059,1298,one-to-many,dn_1455,ikt_1497 ikt_1498,Ippolita,Ippolita,DET,PRON,nmod,nsubj,explicit_ref_only,
3060,1299,one-to-one,dn_1456,ikt_1499,Cristina,Cristina,NOUN,NOUN,obj,obj,explicit_full,
3061,1299,one-to-one,dn_1456,ikt_1499,Giorgio,Giorgio,NULL,NULL,nsubj,nsubj,zero_zero_semantic,0.2883250835478806
3062,1299,one-to-one,dn_1456,ikt_1499,MISSING,Giorgio,MISSING,NULL,MISSING,nsubj,leftover_target,
3063,1300,one-to-one,dn_1457,ikt_1500,Cristina,Cristina,DET,PRON,nmod,nmod,explicit_ref_case,
3064,1300,one-to-one,dn_1457,ikt_1500,Giorgio,MISSING,PRON,MISSING,obj,MISSING,leftover_source,
3065,1300,one-to-one,dn_1457,ikt_1500,MISSING,Giorgio,MISSING,NULL,MISSING,nsubj,leftover_target,
3066,1300,one-to-one,dn_1457,ikt_1500,Ippolita,Ippolita,DET,PRON,nmod,nmod,explicit_ref_case,
3067,1301,one-to-one,dn_1458,ikt_1501,Giorgio,Giorgio,NULL,NULL,nsubj,nsubj,zero_zero_single,
3068,1301,one-to-one,dn_1458,ikt_1501,Ippolita,MISSING,PRON,MISSING,obj,MISSING,leftover_source,
3069,1302,one-to-one,dn_1459,ikt_1502,Ippolita,Ippolita,PRON,PRON,nsubj,nsubj,explicit_full,
3070,1305,one-to-one,dn_1467,ikt_1506,Giorgio,MISSING,PRON,MISSING,obj,MISSING,leftover_source,
3071,1305,one-to-one,dn_1467,ikt_1506,Ippolita,Ippolita,NULL,PRON,nsubj,nsubj,zero_to_tgt_anchor,
3072,1305,one-to-one,dn_1467,ikt_1506,Ippolita,MISSING,PRON-REFLEX,MISSING,obj,MISSING,leftover_source,
3073,1306,one-to-one,dn_1468,ikt_1507,Giorgio,Giorgio,PRON,PRON,obj,obj,explicit_full,
3074,1307,one-to-one,dn_1469,ikt_1508,Giorgio,Giorgio,PRON,PRON,obj,obj,explicit_full,
3075,1307,one-to-one,dn_1469,ikt_1508,Giorgio,Giorgio,PRON,PRON,obj,obj,explicit_full,
3076,1307,one-to-one,dn_1469,ikt_1508,Giorgio,MISSING,PRON,MISSING,obj,MISSING,leftover_source,
3077,1307,one-to-one,dn_1469,ikt_1508,Ippolita,Ippolita,DET,PRON,nmod,nmod,explicit_ref_case,
3078,1308,one-to-one,dn_1470,ikt_1509,Ippolita,Ippolita,DET,PRON,nmod,nmod,explicit_ref_case,
3079,1308,one-to-one,dn_1470,ikt_1509,MISSING,Ippolita,MISSING,PRON,MISSING,nmod,leftover_target,
3080,1309,many-to-one,dn_1471 dn_1472 dn_1473,ikt_1510,Giorgio,Giorgio,PRON,PRON,obj,obj,explicit_full,
3081,1309,many-to-one,dn_1471 dn_1472 dn_1473,ikt_1510,Giorgio,Giorgio,PRON,PRON,obj,obj,explicit_full,
3082,1309,many-to-one,dn_1471 dn_1472 dn_1473,ikt_1510,Giorgio,Giorgio,DET,PRON,nmod,nmod,explicit_ref_case,
3083,1309,many-to-one,dn_1471 dn_1472 dn_1473,ikt_1510,Giorgio,MISSING,PRON,MISSING,obj,MISSING,leftover_source,
3084,1309,many-to-one,dn_1471 dn_1472 dn_1473,ikt_1510,Giorgio,MISSING,PRON,MISSING,obj,MISSING,leftover_source,
3085,1309,many-to-one,dn_1471 dn_1472 dn_1473,ikt_1510,Giorgio,MISSING,PRON,MISSING,obj,MISSING,leftover_source,
3086,1309,many-to-one,dn_1471 dn_1472 dn_1473,ikt_1510,Ippolita,Ippolita,PRON,PRON,obj,nsubj,explicit_ref_pos,
3087,1309,many-to-one,dn_1471 dn_1472 dn_1473,ikt_1510,Ippolita,Ippolita,PRON,PRON,obj,nsubj,explicit_ref_pos,
3088,1309,many-to-one,dn_1471 dn_1472 dn_1473,ikt_1510,Ippolita,Ippolita,PRON,PRON,obj,nsubj,explicit_ref_pos,
3089,1309,many-to-one,dn_1471 dn_1472 dn_1473,ikt_1510,Ippolita,Ippolita,NULL,NULL,nsubj,nsubj,zero_zero_semantic,0.3505180783011675
3090,1309,many-to-one,dn_1471 dn_1472 dn_1473,ikt_1510,Ippolita,Ippolita,NULL,NULL,nsubj,nsubj,zero_zero_semantic,0.24782208472025818
3091,1309,many-to-one,dn_1471 dn_1472 dn_1473,ikt_1510,Ippolita,MISSING,NULL,MISSING,nsubj,MISSING,leftover_source,
3092,1309,many-to-one,dn_1471 dn_1472 dn_1473,ikt_1510,Ippolita,MISSING,NULL,MISSING,nsubj,MISSING,leftover_source,
3093,1309,many-to-one,dn_1471 dn_1472 dn_1473,ikt_1510,Ippolita,MISSING,DET,MISSING,nmod,MISSING,leftover_source,
3094,1309,many-to-one,dn_1471 dn_1472 dn_1473,ikt_1510,Ippolita,MISSING,DET,MISSING,nmod,MISSING,leftover_source,
3095,1309,many-to-one,dn_1471 dn_1472 dn_1473,ikt_1510,Ippolita,MISSING,NULL,MISSING,nsubj,MISSING,leftover_source,
3096,1309,many-to-one,dn_1471 dn_1472 dn_1473,ikt_1510,Ippolita,MISSING,NULL,MISSING,nsubj,MISSING,leftover_source,
3097,1310,one-to-one,dn_1474,ikt_1511,Giorgio,Giorgio,PRON,PRON,nsubj,nsubj,explicit_full,
3098,1310,one-to-one,dn_1474,ikt_1511,Giorgio,Giorgio,NULL,NULL,nsubj,nsubj,zero_zero_semantic,0.3240668177238553
3099,1310,one-to-one,dn_1474,ikt_1511,Giorgio,Giorgio,NULL,NULL,nsubj,nsubj,zero_zero_semantic,0.5910634996978159
3100,1310,one-to-one,dn_1474,ikt_1511,Giorgio,MISSING,PRON,MISSING,obj,MISSING,leftover_source,
3101,1311,one-to-one,dn_1475,ikt_1512,Giorgio,Giorgio,PRON-REFLEX,PRON,obj,obj,reflex_obj,
3102,1311,one-to-one,dn_1475,ikt_1512,Giorgio,MISSING,NULL,MISSING,nsubj,MISSING,leftover_source,
3103,1312,one-to-one,dn_1476,ikt_1513,Giorgio,MISSING,PRON,MISSING,obj,MISSING,leftover_source,
3104,1312,one-to-one,dn_1476,ikt_1513,Giorgio,MISSING,PRON,MISSING,obj,MISSING,leftover_source,
3105,1312,one-to-one,dn_1476,ikt_1513,Giorgio,MISSING,PRON,MISSING,nsubj,MISSING,leftover_source,
3106,1315,one-to-one,dn_1479,ikt_1516,Giorgio,Giorgio,DET,PRON,nmod,nmod,explicit_ref_case,
3107,1315,one-to-one,dn_1479,ikt_1516,Giorgio,Giorgio,DET,PRON,nmod,nsubj,explicit_ref_only,
3108,1315,one-to-one,dn_1479,ikt_1516,Giorgio,MISSING,DET,MISSING,nmod,MISSING,leftover_source,
3109,1316,one-to-one,dn_1480,ikt_1517,Giorgio,Giorgio,PRON,PRON,obj,nsubj,explicit_ref_pos,
3110,1316,one-to-one,dn_1480,ikt_1517,MISSING,Giorgio,MISSING,NULL,MISSING,nsubj,leftover_target,
3111,1316,one-to-one,dn_1480,ikt_1517,MISSING,Giorgio,MISSING,PRON,MISSING,nsubj,leftover_target,
3112,1318,one-to-one,dn_1482,ikt_1519,Giorgio,Giorgio,PRON,PRON,nsubj,obj,explicit_ref_pos,
3113,1319,many-to-one,dn_1483 dn_1484,ikt_1520,Giorgio,Giorgio,PRON,PRON,nsubj,nsubj,explicit_full,
3114,1319,many-to-one,dn_1483 dn_1484,ikt_1520,MISSING,Giorgio,MISSING,PRON,MISSING,nsubj,leftover_target,
3115,1319,many-to-one,dn_1483 dn_1484,ikt_1520,MISSING,Giorgio,MISSING,NULL,MISSING,nsubj,leftover_target,
3116,1319,many-to-one,dn_1483 dn_1484,ikt_1520,MISSING,Giorgio,MISSING,PRON,MISSING,nsubj,leftover_target,
3117,1319,many-to-one,dn_1483 dn_1484,ikt_1520,Ippolita,Ippolita,PRON,PRON,obj,obj,explicit_full,
3118,1319,many-to-one,dn_1483 dn_1484,ikt_1520,Ippolita,Ippolita,DET,PRON,nmod,nmod,explicit_ref_case,
3119,1319,many-to-one,dn_1483 dn_1484,ikt_1520,Ippolita,Ippolita,DET,PRON,nmod,nmod,explicit_ref_case,
3120,1319,many-to-one,dn_1483 dn_1484,ikt_1520,Ippolita,Ippolita,DET,PRON,nmod,nmod,explicit_ref_case,
3121,1320,one-to-one,dn_1485,ikt_1521,Giorgio,Giorgio,PRON,PRON,obj,obj,explicit_full,
3122,1320,one-to-one,dn_1485,ikt_1521,Giorgio,Giorgio,NULL,PRON,nsubj,nsubj,zero_to_tgt_anchor,
3123,1320,one-to-one,dn_1485,ikt_1521,Ippolita,Ippolita,DET,PRON,nmod,nmod,explicit_ref_case,
3124,1320,one-to-one,dn_1485,ikt_1521,Ippolita,MISSING,PRON,MISSING,obj,MISSING,leftover_source,
3125,1321,one-to-one,dn_1486,ikt_1522,Giorgio,Giorgio,NULL,PRON,nsubj,nsubj,zero_to_tgt_anchor,
3126,1322,one-to-one,dn_1487,ikt_1523,Giorgio,Giorgio,DET,PRON,nmod,nmod,explicit_ref_case,
3127,1323,one-to-one,dn_1488,ikt_1524,Giorgio,Giorgio,NULL,NULL,nsubj,nsubj,zero_zero_semantic,0.3931071830271673
3128,1323,one-to-one,dn_1488,ikt_1524,Giorgio,Giorgio,NULL,PRON,nsubj,nsubj,zero_to_tgt_anchor,
3129,1323,one-to-one,dn_1488,ikt_1524,Giorgio,MISSING,NULL,MISSING,nsubj,MISSING,leftover_source,
3130,1324,one-to-many,dn_1489,ikt_1525 ikt_1526,Giorgio,Giorgio,PRON,PRON,nmod,nmod,explicit_full,
3131,1325,one-to-one,dn_1490,ikt_1527,Giorgio,Giorgio,PRON,PRON,obj,nmod,explicit_ref_pos,
3132,1326,one-to-one,dn_1491,ikt_1528,Giorgio,MISSING,NULL,MISSING,nsubj,MISSING,leftover_source,
3133,1326,one-to-one,dn_1491,ikt_1528,MISSING,Giorgio,MISSING,PRON,MISSING,nmod,leftover_target,
3134,1327,one-to-one,dn_1492,ikt_1529,Giorgio,Giorgio,NULL,NULL,nsubj,nsubj,zero_zero_single,
3135,1328,one-to-many,dn_1493,ikt_1530 ikt_1531,Giorgio,Giorgio,NULL,PRON,nsubj,nsubj,zero_to_tgt_anchor,
3136,1329,one-to-one,dn_1494,ikt_1532,Giorgio,Giorgio,PRON,PRON,obj,obj,explicit_full,
3137,1331,one-to-one,dn_1496,ikt_1534,Giorgio,Giorgio,PRON,PRON,nmod,nmod,explicit_full,
3138,1331,one-to-one,dn_1496,ikt_1534,Giorgio,Giorgio,NULL,PRON,nsubj,nsubj,zero_to_tgt_anchor,
3139,1332,one-to-one,dn_1497,ikt_1535,Demetrio,Demetrio,PROPN,PROPN,nmod,nmod,explicit_full,
3140,1332,one-to-one,dn_1497,ikt_1535,Giorgio,Giorgio,PRON,PRON,obj,obj,explicit_full,
3141,1332,one-to-one,dn_1497,ikt_1535,Giorgio,MISSING,DET,MISSING,nmod,MISSING,leftover_source,
3142,1333,one-to-one,dn_1498,ikt_1536,Giorgio,MISSING,PRON,MISSING,nmod,MISSING,leftover_source,
3143,1333,one-to-one,dn_1498,ikt_1536,Giorgio,MISSING,PRON,MISSING,nmod,MISSING,leftover_source,
3144,1334,one-to-one,dn_1499 dn_1500,ikt_1537 ikt_1538,Giorgio,Giorgio,NULL,NULL,nsubj,nsubj,zero_zero_semantic,0.31718839730462456
3145,1334,one-to-one,dn_1499 dn_1500,ikt_1537 ikt_1538,Giorgio,Giorgio,NULL,NULL,nsubj,nsubj,zero_zero_semantic,0.6830391176108621
3146,1334,one-to-one,dn_1499 dn_1500,ikt_1537 ikt_1538,MISSING,Giorgio,MISSING,PRON,MISSING,nsubj,leftover_target,
3147,1335,one-to-many,dn_1501,ikt_1539 ikt_1540,Giorgio,Giorgio,PROPN,PROPN,nsubj,nsubj,explicit_full,
3148,1335,one-to-many,dn_1501,ikt_1539 ikt_1540,MISSING,Giorgio,MISSING,NULL,MISSING,nsubj,leftover_target,
3149,1335,one-to-many,dn_1501,ikt_1539 ikt_1540,Ippolita,Ippolita,PROPN,PROPN,obj,nmod,explicit_ref_pos,
3150,1336,one-to-one,dn_1502,ikt_1541,Giorgio,MISSING,PRON,MISSING,obj,MISSING,leftover_source,
3151,1336,one-to-one,dn_1502,ikt_1541,Ippolita,Ippolita,NOUN,PRON,nsubj,nmod,explicit_ref_only,
3152,1337,one-to-one,dn_1503,ikt_1542,Giorgio,Giorgio,PRON,PRON,obj,nsubj,explicit_ref_pos,
3153,1337,one-to-one,dn_1503,ikt_1542,Ippolita,Ippolita,PRON,PRON,nsubj,obj,explicit_ref_pos,
3154,1337,one-to-one,dn_1503,ikt_1542,MISSING,Ippolita,MISSING,NULL,MISSING,nsubj,leftover_target,
3155,1338,one-to-one,dn_1504,ikt_1543,Ippolita,MISSING,NULL,MISSING,nsubj,MISSING,leftover_source,
3156,1339,one-to-one,dn_1505,ikt_1544,Ippolita,Ippolita,PRON,PRON,obj,nmod,explicit_ref_pos,
3157,1340,one-to-many,dn_1506,ikt_1545 ikt_1546,Ippolita,MISSING,NULL,MISSING,nsubj,MISSING,leftover_source,
3158,1340,one-to-many,dn_1506,ikt_1545 ikt_1546,MISSING,Ippolita,MISSING,PRON,MISSING,nmod,leftover_target,
3159,1341,one-to-many,dn_1507,ikt_1547 ikt_1548,Giorgio,Giorgio,DET,PRON,nmod,nmod,explicit_ref_case,
3160,1341,one-to-many,dn_1507,ikt_1547 ikt_1548,Giorgio,MISSING,NULL,MISSING,nsubj,MISSING,leftover_source,
3161,1341,one-to-many,dn_1507,ikt_1547 ikt_1548,MISSING,Giorgio,MISSING,PRON,MISSING,nmod,leftover_target,
3162,1342,one-to-one,dn_1508,ikt_1549,Giorgio,MISSING,NULL,MISSING,nsubj,MISSING,leftover_source,
3163,1343,one-to-one,dn_1509,ikt_1550,Giorgio,MISSING,DET,MISSING,nmod,MISSING,leftover_source,
3164,1343,one-to-one,dn_1509,ikt_1550,Giorgio,MISSING,DET,MISSING,nmod,MISSING,leftover_source,
3165,1343,one-to-one,dn_1509,ikt_1550,Giorgio,MISSING,DET,MISSING,nmod,MISSING,leftover_source,
3166,1344,one-to-one,dn_1510,ikt_1551,Giorgio,Giorgio,NULL,NULL,nsubj,nsubj,zero_zero_single,
3167,1344,one-to-one,dn_1510,ikt_1551,Ippolita,Ippolita,DET,PRON,nmod,nmod,explicit_ref_case,
3168,1345,one-to-one,dn_1511,ikt_1552,Giorgio,Giorgio,PRON,PRON,obj,obj,explicit_full,
3169,1345,one-to-one,dn_1511,ikt_1552,Ippolita,Ippolita,DET,PRON,nmod,nmod,explicit_ref_case,
3170,1346,one-to-one,dn_1512,ikt_1553,Giorgio,Giorgio,PRON,PRON,nsubj,nsubj,explicit_full,
3171,1346,one-to-one,dn_1512,ikt_1553,Ippolita,MISSING,PRON,MISSING,obj,MISSING,leftover_source,
3172,1347,one-to-one,dn_1513,ikt_1554,Giorgio,Giorgio,NULL,PRON,nsubj,nsubj,zero_to_tgt_anchor,
3173,1347,one-to-one,dn_1513,ikt_1554,Ippolita,Ippolita,PRON,PRON,obj,obj,explicit_full,
3174,1348,one-to-one,dn_1514,ikt_1555,Giorgio,Giorgio,NULL,NULL,nsubj,nsubj,zero_zero_single,
3175,1351,one-to-one,dn_1517,ikt_1558,Giorgio,Giorgio,PRON,PROPN,obj,obj,explicit_ref_case,
3176,1351,one-to-one,dn_1517,ikt_1558,Giorgio,MISSING,PROPN,MISSING,nsubj,MISSING,leftover_source,
3177,1351,one-to-one,dn_1517,ikt_1558,Giorgio,MISSING,NULL,MISSING,nsubj,MISSING,leftover_source,
3178,1352,one-to-one,dn_1518,ikt_1559,Giorgio,MISSING,PRON,MISSING,obj,MISSING,leftover_source,
3179,1352,one-to-one,dn_1518,ikt_1559,Ippolita,Ippolita,PROPN,PROPN,nsubj,nsubj,explicit_full,
3180,1352,one-to-one,dn_1518,ikt_1559,MISSING,Ippolita,MISSING,NULL,MISSING,nsubj,leftover_target,
3181,1353,one-to-many,dn_1519,ikt_1560 ikt_1561 ikt_1562,Ippolita,Ippolita,PRON,PRON,nsubj,nsubj,explicit_full,
3182,1353,one-to-many,dn_1519,ikt_1560 ikt_1561 ikt_1562,Ippolita,Ippolita,PRON,PRON,obj,obj,explicit_full,
3183,1353,one-to-many,dn_1519,ikt_1560 ikt_1561 ikt_1562,Ippolita,Ippolita,PRON,PRON,obj,nmod,explicit_ref_pos,
3184,1353,one-to-many,dn_1519,ikt_1560 ikt_1561 ikt_1562,Ippolita,Ippolita,PRON,PRON,obj,nmod,explicit_ref_pos,
3185,1353,one-to-many,dn_1519,ikt_1560 ikt_1561 ikt_1562,Ippolita,Ippolita,NULL,NULL,nsubj,nsubj,zero_zero_semantic,0.12142828387350926
3186,1353,one-to-many,dn_1519,ikt_1560 ikt_1561 ikt_1562,Ippolita,MISSING,PRON-REFLEX,MISSING,obj,MISSING,leftover_source,
3187,1353,one-to-many,dn_1519,ikt_1560 ikt_1561 ikt_1562,Ippolita,MISSING,PRON-REFLEX,MISSING,obj,MISSING,leftover_source,
3188,1353,one-to-many,dn_1519,ikt_1560 ikt_1561 ikt_1562,MISSING,Ippolita,MISSING,NULL,MISSING,nsubj,leftover_target,
3189,1353,one-to-many,dn_1519,ikt_1560 ikt_1561 ikt_1562,Ippolita Ippolitas-husband,MISSING,NULL,MISSING,nsubj,MISSING,leftover_source,
3190,1353,one-to-many,dn_1519,ikt_1560 ikt_1561 ikt_1562,MISSING,Ippolita Ippolitas-husband,MISSING,NOUN,MISSING,obj,leftover_target,
3191,1353,one-to-many,dn_1519,ikt_1560 ikt_1561 ikt_1562,Ippolitas-husband,Ippolitas-husband,NOUN,NOUN,nsubj,nsubj,explicit_full,
3192,1353,one-to-many,dn_1519,ikt_1560 ikt_1561 ikt_1562,Ippolitas-husband,MISSING,PRON,MISSING,obj,MISSING,leftover_source,
3193,1353,one-to-many,dn_1519,ikt_1560 ikt_1561 ikt_1562,Ippolitas-husband,MISSING,PRON,MISSING,obj,MISSING,leftover_source,
3194,1353,one-to-many,dn_1519,ikt_1560 ikt_1561 ikt_1562,MISSING,Ippolitas-husband,MISSING,NULL,MISSING,nsubj,leftover_target,
3195,1353,one-to-many,dn_1519,ikt_1560 ikt_1561 ikt_1562,MISSING,Ippolitas-husband,MISSING,NULL,MISSING,nsubj,leftover_target,
3196,1354,one-to-one,dn_1520 dn_1521,ikt_1563 ikt_1564,MISSING,Giorgio,MISSING,PRON,MISSING,nsubj,leftover_target,
3197,1354,one-to-one,dn_1520 dn_1521,ikt_1563 ikt_1564,MISSING,Giorgio,MISSING,NULL,MISSING,nsubj,leftover_target,
3198,1354,one-to-one,dn_1520 dn_1521,ikt_1563 ikt_1564,MISSING,Giorgio,MISSING,NULL,MISSING,nsubj,leftover_target,
3199,1354,one-to-one,dn_1520 dn_1521,ikt_1563 ikt_1564,Ippolita,Ippolita,PRON,PRON,obj,nsubj,explicit_ref_pos,
3200,1354,one-to-one,dn_1520 dn_1521,ikt_1563 ikt_1564,Ippolita,MISSING,PRON-REFLEX,MISSING,obj,MISSING,leftover_source,
3201,1354,one-to-one,dn_1520 dn_1521,ikt_1563 ikt_1564,Ippolita,MISSING,NULL,MISSING,nsubj,MISSING,leftover_source,
3202,1354,one-to-one,dn_1520 dn_1521,ikt_1563 ikt_1564,Ippolita,MISSING,PRON,MISSING,obj,MISSING,leftover_source,
3203,1354,one-to-one,dn_1520 dn_1521,ikt_1563 ikt_1564,Ippolitas-husband,MISSING,NOUN,MISSING,obj,MISSING,leftover_source,
3204,1355,one-to-one,dn_1522,ikt_1565,Giorgio,MISSING,PROPN,MISSING,vocative,MISSING,leftover_source,
3205,1356,one-to-one,dn_1523,ikt_1566,Giorgio,Giorgio,NOUN,PROPN,nmod,nmod,explicit_ref_case,
3206,1356,one-to-one,dn_1523,ikt_1566,Ippolita,Ippolita,PRON,PRON,nsubj,nsubj,explicit_full,
3207,1356,one-to-one,dn_1523,ikt_1566,Ippolita,MISSING,PRON,MISSING,obj,MISSING,leftover_source,
3208,1356,one-to-one,dn_1523,ikt_1566,MISSING,Ippolita,MISSING,NULL,MISSING,nsubj,leftover_target,
3209,1357,one-to-one,dn_1524,ikt_1567,Giorgio Ippolita,Giorgio Ippolita,NULL,NULL,nsubj,nsubj,zero_zero_single,
3210,1358,one-to-one,dn_1525,ikt_1568,Giorgio,Giorgio,PRON,PRON,nsubj,nsubj,explicit_full,
3211,1358,one-to-one,dn_1525,ikt_1568,Giorgio,MISSING,NULL,MISSING,nsubj,MISSING,leftover_source,
3212,1359,one-to-one,dn_1526,ikt_1569,Giorgio,MISSING,NULL,MISSING,nsubj,MISSING,leftover_source,
3213,1359,one-to-one,dn_1526,ikt_1569,MISSING,Giorgio,MISSING,PRON,MISSING,obj,leftover_target,
3214,1360,one-to-many,dn_1527,ikt_1570 ikt_1571,Giorgio,Giorgio,NULL,NULL,nsubj,nsubj,zero_zero_semantic,0.3023799806833267
3215,1360,one-to-many,dn_1527,ikt_1570 ikt_1571,Giorgio,Giorgio,NULL,PRON,nsubj,nsubj,zero_to_tgt_anchor,
3216,1360,one-to-many,dn_1527,ikt_1570 ikt_1571,Giorgio,MISSING,PRON-REFLEX,MISSING,obj,MISSING,leftover_source,
3217,1360,one-to-many,dn_1527,ikt_1570 ikt_1571,Ippolita,Ippolita,PRON,PRON,obj,obj,explicit_full,
3218,1360,one-to-many,dn_1527,ikt_1570 ikt_1571,Ippolitas-husband,Ippolitas-husband,NOUN,NOUN,nmod,nsubj,explicit_ref_pos,
3219,1361,one-to-one,dn_1528,ikt_1572,Giorgio,Giorgio,DET,PRON,nmod,nmod,explicit_ref_case,
3220,1361,one-to-one,dn_1528,ikt_1572,Giorgio,Giorgio,NULL,NULL,nsubj,nsubj,zero_zero_semantic,0.5083813956908642
3221,1361,one-to-one,dn_1528,ikt_1572,MISSING,Giorgio,MISSING,NULL,MISSING,nsubj,leftover_target,
3222,1361,one-to-one,dn_1528,ikt_1572,Ippolita,Ippolita,PRON,PRON,obj,obj,explicit_full,
3223,1361,one-to-one,dn_1528,ikt_1572,Ippolita,MISSING,PRON,MISSING,obj,MISSING,leftover_source,
3224,1362,one-to-one,dn_1530,ikt_1573,Giorgio,Giorgio,DET,PRON,nmod,nmod,explicit_ref_case,
3225,1362,one-to-one,dn_1530,ikt_1573,Giorgio,Giorgio,NULL,NULL,nsubj,nsubj,zero_zero_single,
3226,1363,one-to-one,dn_1531,ikt_1574,Giorgio,Giorgio,PRON,PRON,obj,obj,explicit_full,
3227,1363,one-to-one,dn_1531,ikt_1574,Giorgio,MISSING,NULL,MISSING,nsubj,MISSING,leftover_source,
3228,1363,one-to-one,dn_1531,ikt_1574,Ippolita,Ippolita,PRON,PRON,obj,nsubj,explicit_ref_pos,
3229,1364,one-to-one,dn_1532,ikt_1575,Ippolita,Ippolita,PRON,PRON,obj,nsubj,explicit_ref_pos,
3230,1364,one-to-one,dn_1532,ikt_1575,Ippolita,Ippolita,NULL,NULL,nsubj,nsubj,zero_zero_semantic,0.1510389817136151
3231,1364,one-to-one,dn_1532,ikt_1575,Ippolita,MISSING,NULL,MISSING,nsubj,MISSING,leftover_source,
3232,1365,one-to-one,dn_1533,ikt_1576,Giorgio,Giorgio,PRON,PRON,nsubj,nsubj,explicit_full,
3233,1366,one-to-one,dn_1534,ikt_1577,Giorgio,Giorgio,DET,PRON,nmod,nmod,explicit_ref_case,
3234,1366,one-to-one,dn_1534,ikt_1577,MISSING,Giorgio,MISSING,PRON,MISSING,nmod,leftover_target,
3235,1366,one-to-one,dn_1534,ikt_1577,Ippolita,Ippolita,PRON,PRON,obj,obj,explicit_full,
3236,1366,one-to-one,dn_1534,ikt_1577,Ippolita,Ippolita,PRON,PRON,obj,obj,explicit_full,
3237,1366,one-to-one,dn_1534,ikt_1577,Ippolita,Ippolita,PRON,PRON,obj,obj,explicit_full,
3238,1366,one-to-one,dn_1534,ikt_1577,Ippolita,Ippolita,PRON,PRON,obj,obj,explicit_full,
3239,1370,one-to-many,dn_1538,ikt_1581 ikt_1582,Ippolita,Ippolita,PROPN,PROPN,vocative,vocative,explicit_full,
3240,1370,one-to-many,dn_1538,ikt_1581 ikt_1582,Ippolita,Ippolita,NULL,NULL,nsubj,nsubj,zero_zero_semantic,0.3658967075060154
3241,1370,one-to-many,dn_1538,ikt_1581 ikt_1582,Ippolita,Ippolita,NULL,NULL,nsubj,nsubj,zero_zero_semantic,0.26948127867846655
3242,1371,one-to-many,dn_1539,ikt_1583 ikt_1584,Giorgio,Giorgio,NULL,NULL,nsubj,nsubj,zero_zero_semantic,0.2735917750332091
3243,1371,one-to-many,dn_1539,ikt_1583 ikt_1584,MISSING,Giorgio,MISSING,PRON,MISSING,nsubj,leftover_target,
3244,1371,one-to-many,dn_1539,ikt_1583 ikt_1584,MISSING,Giorgio,MISSING,NULL,MISSING,nsubj,leftover_target,
3245,1371,one-to-many,dn_1539,ikt_1583 ikt_1584,Ippolita,Ippolita,PRON,PRON,obj,obj,explicit_full,
3246,1371,one-to-many,dn_1539,ikt_1583 ikt_1584,Ippolita,Ippolita,PRON,PRON,obj,obj,explicit_full,
3247,1371,one-to-many,dn_1539,ikt_1583 ikt_1584,Ippolita,Ippolita,PRON,PRON,obj,obj,explicit_full,
3248,1372,one-to-one,dn_1540,ikt_1585,Giorgio,Giorgio,NULL,PRON,nsubj,nsubj,zero_to_tgt_anchor,
3249,1372,one-to-one,dn_1540,ikt_1585,Ippolita,Ippolita,PRON,PRON,obj,obj,explicit_full,
3250,1373,one-to-one,dn_1541,ikt_1586,Giorgio,MISSING,PRON,MISSING,obj,MISSING,leftover_source,
3251,1373,one-to-one,dn_1541,ikt_1586,Ippolita,Ippolita,DET,PRON,nmod,nmod,explicit_ref_case,
3252,1373,one-to-one,dn_1541,ikt_1586,Ippolita,Ippolita,NULL,NULL,nsubj,nsubj,zero_zero_single,
3253,1374,one-to-one,dn_1542,ikt_1587,Giorgio,Giorgio,PRON,PRON,nsubj,nsubj,explicit_full,
3254,1374,one-to-one,dn_1542,ikt_1587,MISSING,Giorgio,MISSING,NULL,MISSING,nsubj,leftover_target,
3255,1374,one-to-one,dn_1542,ikt_1587,MISSING,Giorgio,MISSING,NULL,MISSING,nsubj,leftover_target,
3256,1375,one-to-one,dn_1543,ikt_1588,Giorgio,Giorgio,PRON,PRON,obj,nmod,explicit_ref_pos,
3257,1375,one-to-one,dn_1543,ikt_1588,Giorgio,Giorgio,NULL,NULL,nsubj,nsubj,zero_zero_single,
3258,1375,one-to-one,dn_1543,ikt_1588,Giorgio,MISSING,PRON,MISSING,obj,MISSING,leftover_source,
3259,1375,one-to-one,dn_1543,ikt_1588,Ippolita,Ippolita,DET,PRON,nmod,nmod,explicit_ref_case,
3260,1375,one-to-one,dn_1543,ikt_1588,Ippolitas-husband,Ippolitas-husband,DET,DET,nmod,nmod,explicit_full,
3261,1378,one-to-one,dn_1546,ikt_1591,Giorgio,MISSING,PROPN,MISSING,vocative,MISSING,leftover_source,
3262,1379,one-to-one,dn_1547,ikt_1592,Giorgio Ippolita,Giorgio Ippolita,NULL,NULL,nsubj,nsubj,zero_zero_single,
3263,1380,one-to-one,dn_1548,ikt_1593,Giorgio,Giorgio,NOUN,NOUN,nmod,nmod,explicit_full,
3264,1380,one-to-one,dn_1548,ikt_1593,Giorgio,MISSING,PRON,MISSING,obj,MISSING,leftover_source,
3265,1380,one-to-one,dn_1548,ikt_1593,Ippolita,Ippolita,PROPN,PROPN,nsubj,nsubj,explicit_full,
3266,1380,one-to-one,dn_1548,ikt_1593,Ippolita,Ippolita,NULL,NULL,nsubj,nsubj,zero_zero_single,
3267,1380,one-to-one,dn_1548,ikt_1593,Ippolita,MISSING,DET,MISSING,nmod,MISSING,leftover_source,
3268,1381,one-to-one,dn_1549,ikt_1594,Giorgio,Giorgio,PROPN,PROPN,vocative,vocative,explicit_full,
3269,1381,one-to-one,dn_1549,ikt_1594,Giorgio,MISSING,PRON,MISSING,obj,MISSING,leftover_source,
3270,1381,one-to-one,dn_1549,ikt_1594,Ippolita,MISSING,NULL,MISSING,nsubj,MISSING,leftover_source,
3271,1382,one-to-one,dn_1550,ikt_1595,Giorgio,Giorgio,PRON,PRON,obj,obj,explicit_full,
3272,1382,one-to-one,dn_1550,ikt_1595,Ippolita,Ippolita,PRON,PRON,nsubj,nsubj,explicit_full,
3273,1383,one-to-one,dn_1551,ikt_1596,Giorgio,Giorgio,PRON,PRON,nsubj,nsubj,explicit_full,
3274,1383,one-to-one,dn_1551,ikt_1596,Giorgio,Giorgio,NULL,NULL,nsubj,nsubj,zero_zero_semantic,0.44204438930006096
3275,1383,one-to-one,dn_1551,ikt_1596,Giorgio,MISSING,PRON,MISSING,obj,MISSING,leftover_source,
3276,1383,one-to-one,dn_1551,ikt_1596,Giorgio,MISSING,NULL,MISSING,nsubj,MISSING,leftover_source,
3277,1384,one-to-one,dn_1552,ikt_1597,Giorgio Ippolita,Giorgio Ippolita,NULL,NULL,nsubj,nsubj,zero_zero_single,
3278,1384,one-to-one,dn_1552,ikt_1597,MISSING,Giorgio Ippolita,MISSING,PRON,MISSING,nsubj,leftover_target,
3279,1385,one-to-one,dn_1553,ikt_1598,Giorgio Ippolita,Giorgio Ippolita,NULL,NULL,nsubj,nsubj,zero_zero_single,
3280,1386,one-to-one,dn_1554,ikt_1599,Giorgio Ippolita,Giorgio Ippolita,NULL,NULL,nsubj,nsubj,zero_zero_single,
3281,1386,one-to-one,dn_1554,ikt_1599,MISSING,Giorgio Ippolita,MISSING,NOUN,MISSING,nsubj,leftover_target,
3282,1387,one-to-one,dn_1555,ikt_1600,Giorgio Ippolita,MISSING,PRON,MISSING,obj,MISSING,leftover_source,
3283,1388,one-to-one,dn_1556,ikt_1601,Giorgio Ippolita,MISSING,PRON,MISSING,obj,MISSING,leftover_source,
3284,1389,one-to-one,dn_1557,ikt_1602,Giorgio Ippolita,Giorgio Ippolita,PRON,PRON,nsubj,nsubj,explicit_full,
3285,1389,one-to-one,dn_1557,ikt_1602,Giorgio Ippolita,Giorgio Ippolita,DET,PRON,nmod,nmod,explicit_ref_case,
3286,1389,one-to-one,dn_1557,ikt_1602,Giorgio Ippolita,MISSING,DET,MISSING,nmod,MISSING,leftover_source,
3287,1389,one-to-one,dn_1557,ikt_1602,MISSING,Giorgio Ippolita,MISSING,NULL,MISSING,nsubj,leftover_target,
3288,1390,one-to-one,dn_1558,ikt_1603,Giorgio Ippolita,Giorgio Ippolita,DET,PRON,nmod,nmod,explicit_ref_case,
3289,1390,one-to-one,dn_1558,ikt_1603,Giorgio Ippolita,Giorgio Ippolita,DET,PRON,nmod,nmod,explicit_ref_case,
3290,1391,one-to-one,dn_1559,ikt_1605,Giorgio,Giorgio,PROPN,PROPN,nsubj,nsubj,explicit_full,
3291,1393,one-to-one,dn_1561,ikt_1607,Ippolita,Ippolita,PROPN,PROPN,nsubj,nsubj,explicit_full,
3292,1393,one-to-one,dn_1561,ikt_1607,MISSING,Ippolita,MISSING,NULL,MISSING,nsubj,leftover_target,
3293,1394,one-to-one,dn_1562,ikt_1606,Ippolita,Ippolita,NULL,PRON,nsubj,nsubj,zero_to_tgt_anchor,
3294,1395,one-to-one,dn_1563,ikt_1608,Giorgio,Giorgio,DET,PRON,nmod,nmod,explicit_ref_case,
3295,1395,one-to-one,dn_1563,ikt_1608,Ippolita,Ippolita,PRON,PRON,obj,nmod,explicit_ref_pos,
3296,1396,one-to-one,dn_1564,ikt_1609,Giorgio Ippolita,Giorgio Ippolita,PRON,PRON,nsubj,nsubj,explicit_full,
3297,1396,one-to-one,dn_1564,ikt_1609,Giorgio Ippolita,Giorgio Ippolita,PRON,NOUN,nmod,nmod,explicit_ref_case,
3298,1396,one-to-one,dn_1564,ikt_1609,Giorgio Ippolita,MISSING,PRON,MISSING,obj,MISSING,leftover_source,
3299,1396,one-to-one,dn_1564,ikt_1609,Giorgio Ippolita,MISSING,PRON,MISSING,obj,MISSING,leftover_source,
3300,1396,one-to-one,dn_1564,ikt_1609,Giorgio Ippolita,MISSING,PRON,MISSING,obj,MISSING,leftover_source,
3301,1396,one-to-one,dn_1564,ikt_1609,MISSING,Giorgio Ippolita,MISSING,NULL,MISSING,nsubj,leftover_target,
3302,1396,one-to-one,dn_1564,ikt_1609,MISSING,Giorgio Ippolita,MISSING,NULL,MISSING,nsubj,leftover_target,
3303,1397,one-to-one,dn_1565,ikt_1610,Giorgio Ippolita,Giorgio Ippolita,NULL,NULL,nsubj,nsubj,zero_zero_semantic,0.3947942103271361
3304,1397,one-to-one,dn_1565,ikt_1610,Giorgio Ippolita,Giorgio Ippolita,NULL,PRON,nsubj,nsubj,zero_to_tgt_anchor,
3305,1397,one-to-one,dn_1565,ikt_1610,pavers,pavers,NOUN,NOUN,nsubj,nmod,explicit_ref_pos,
3306,1398,one-to-one,dn_1566,ikt_1611,Giorgio Ippolita,Giorgio Ippolita,DET,PRON,nmod,nmod,explicit_ref_case,
3307,1399,one-to-one,dn_1567,ikt_1613,Giorgio,Giorgio,PROPN,PROPN,nsubj,nsubj,explicit_full,
3308,1399,one-to-one,dn_1567,ikt_1613,Giorgio,MISSING,PRON,MISSING,obj,MISSING,leftover_source,
3309,1399,one-to-one,dn_1567,ikt_1613,MISSING,Giorgio,MISSING,NULL,MISSING,nsubj,leftover_target,
3310,1400,one-to-one,dn_1568,ikt_1612,MISSING,pavers,MISSING,PRON,MISSING,nsubj,leftover_target,
3311,1401,one-to-many,dn_1569,ikt_1614 ikt_1615 ikt_1616,Giorgio,Giorgio,PRON,PRON,obj,obj,explicit_full,
3312,1401,one-to-many,dn_1569,ikt_1614 ikt_1615 ikt_1616,Giorgio,Giorgio,PRON,PRON,nsubj,nsubj,explicit_full,
3313,1401,one-to-many,dn_1569,ikt_1614 ikt_1615 ikt_1616,Giorgio,Giorgio,PRON,PRON,obj,nmod,explicit_ref_pos,
3314,1401,one-to-many,dn_1569,ikt_1614 ikt_1615 ikt_1616,Giorgio,MISSING,PRON,MISSING,nsubj,MISSING,leftover_source,
3315,1402,one-to-one,dn_1570,ikt_1617,Giorgio,Giorgio,PRON,PRON,obj,nmod,explicit_ref_pos,
3316,1403,one-to-one,dn_1571,ikt_1619,Giorgio,Giorgio,PRON,PRON,nsubj,nsubj,explicit_full,
3317,1404,one-to-many,dn_1572,ikt_1618 ikt_1620,Giorgio Ippolita,Giorgio Ippolita,PRON,PRON,nsubj,nsubj,explicit_full,
3318,1404,one-to-many,dn_1572,ikt_1618 ikt_1620,Giorgio Ippolita,MISSING,PRON-REFLEX,MISSING,obj,MISSING,leftover_source,
3319,1405,one-to-one,dn_1573,ikt_1621,Giorgio,Giorgio,PRON,PRON,nsubj,nsubj,explicit_full,
3320,1405,one-to-one,dn_1573,ikt_1621,Giorgio,MISSING,DET,MISSING,nmod,MISSING,leftover_source,
3321,1405,one-to-one,dn_1573,ikt_1621,MISSING,Giorgio,MISSING,NULL,MISSING,nsubj,leftover_target,
3322,1406,one-to-one,dn_1574,ikt_1622,Giorgio,Giorgio,NULL,NULL,nsubj,nsubj,zero_zero_single,
3323,1407,one-to-one,dn_1575,ikt_1623,Giorgio,Giorgio,PRON,PRON,obj,obj,explicit_full,
3324,1407,one-to-one,dn_1575,ikt_1623,Giorgio,Giorgio,PRON,NULL,nsubj,nsubj,zero_to_src_anchor,
3325,1407,one-to-one,dn_1575,ikt_1623,MISSING,Giorgio,MISSING,NULL,MISSING,nsubj,leftover_target,
3326,1408,one-to-one,dn_1576,ikt_1624,Giorgio,Giorgio,NULL,PRON,nsubj,nsubj,zero_to_tgt_anchor,
3327,1409,one-to-one,dn_1577,ikt_1625,AlfonsoExili,AlfonsoExili,PROPN,PROPN,obj,obj,explicit_full,
3328,1409,one-to-one,dn_1577,ikt_1625,Giorgio,Giorgio,DET,PRON,nmod,nmod,explicit_ref_case,
3329,1409,one-to-one,dn_1577,ikt_1625,Giorgio,MISSING,NULL,MISSING,nsubj,MISSING,leftover_source,
3330,1409,one-to-one,dn_1577,ikt_1625,Giorgio,MISSING,PRON,MISSING,obj,MISSING,leftover_source,
3331,1410,one-to-one,dn_1578,ikt_1626,Giorgio,Giorgio,PRON,PRON,obj,obj,explicit_full,
3332,1410,one-to-one,dn_1578,ikt_1626,Ippolita,Ippolita,PROPN,PROPN,nsubj,obj,explicit_ref_pos,
3333,1410,one-to-one,dn_1578,ikt_1626,Ippolita,MISSING,NULL,MISSING,nsubj,MISSING,leftover_source,
3334,1410,one-to-one,dn_1578,ikt_1626,MISSING,Ippolita,MISSING,PRON,MISSING,nmod,leftover_target,
3335,1412,one-to-one,dn_1580,ikt_1628,Giorgio,Giorgio,PRON,PRON,obj,obj,explicit_full,
3336,1412,one-to-one,dn_1580,ikt_1628,Ippolita,Ippolita,PRON,PRON,nsubj,nsubj,explicit_full,
3337,1412,one-to-one,dn_1580,ikt_1628,MISSING,Ippolita,MISSING,NULL,MISSING,nsubj,leftover_target,
3338,1413,one-to-one,dn_1581,ikt_1629,Ippolita,Ippolita,PRON,PRON,nsubj,nsubj,explicit_full,
3339,1414,one-to-one,dn_1582,ikt_1630,Giorgio,Giorgio,DET,PRON,nmod,nmod,explicit_ref_case,
3340,1414,one-to-one,dn_1582,ikt_1630,Giorgio,MISSING,PRON,MISSING,obj,MISSING,leftover_source,
3341,1414,one-to-one,dn_1582,ikt_1630,Ippolita,Ippolita,PRON,PRON,nsubj,nsubj,explicit_full,
3342,1414,one-to-one,dn_1582,ikt_1630,MISSING,Ippolita,MISSING,NULL,MISSING,nsubj,leftover_target,
3343,1415,one-to-many,dn_1583,ikt_1631 ikt_1632,Giorgio,Giorgio,PRON,PRON,obj,nsubj,explicit_ref_pos,
3344,1415,one-to-many,dn_1583,ikt_1631 ikt_1632,Giorgio,MISSING,DET,MISSING,nmod,MISSING,leftover_source,
3345,1415,one-to-many,dn_1583,ikt_1631 ikt_1632,MISSING,Giorgio,MISSING,NULL,MISSING,nsubj,leftover_target,
3346,1415,one-to-many,dn_1583,ikt_1631 ikt_1632,MISSING,Giorgio,MISSING,NULL,MISSING,nsubj,leftover_target,
3347,1415,one-to-many,dn_1583,ikt_1631 ikt_1632,Ippolita,Ippolita,PRON,PRON,nsubj,nsubj,explicit_full,
3348,1415,one-to-many,dn_1583,ikt_1631 ikt_1632,Ippolita,Ippolita,NULL,NULL,nsubj,nsubj,zero_zero_single,
3349,1416,one-to-one,dn_1584,ikt_1633,Giorgio,Giorgio,PRON,PRON,nsubj,nsubj,explicit_full,
3350,1416,one-to-one,dn_1584,ikt_1633,Giorgio,MISSING,PRON,MISSING,obj,MISSING,leftover_source,
3351,1416,one-to-one,dn_1584,ikt_1633,Ippolita,Ippolita,PROPN,PROPN,obj,nmod,explicit_ref_pos,
3352,1416,one-to-one,dn_1584,ikt_1633,Ippolita,Ippolita,PRON,PRON,obj,nmod,explicit_ref_pos,
3353,1416,one-to-one,dn_1584,ikt_1633,MISSING,Ippolita,MISSING,NULL,MISSING,nsubj,leftover_target,
3354,1417,one-to-one,dn_1585,ikt_1634,Ippolita,Ippolita,NULL,NULL,nsubj,nsubj,zero_zero_single,
3355,1418,one-to-one,dn_1586,ikt_1635,Giorgio,MISSING,PRON,MISSING,obj,MISSING,leftover_source,
3356,1418,one-to-one,dn_1586,ikt_1635,Ippolita,MISSING,NULL,MISSING,nsubj,MISSING,leftover_source,
3357,1419,one-to-one,dn_1587,ikt_1636,Giorgio,Giorgio,NULL,NULL,nsubj,nsubj,zero_zero_semantic,0.524387888610363
3358,1419,one-to-one,dn_1587,ikt_1636,MISSING,Giorgio,MISSING,NULL,MISSING,nsubj,leftover_target,
3359,1420,one-to-one,dn_1588,ikt_1638,Ippolita,Ippolita,PROPN,PRON,nsubj,nsubj,explicit_ref_case,
3360,1422,one-to-one,dn_1590,ikt_1639,Giorgio,Giorgio,PROPN,PROPN,nsubj,nsubj,explicit_full,
3361,1422,one-to-one,dn_1590,ikt_1639,Giorgio,Giorgio,NULL,NULL,nsubj,nsubj,zero_zero_single,
3362,1422,one-to-one,dn_1590,ikt_1639,Ippolita,Ippolita,PRON,PRON,obj,nmod,explicit_ref_pos,
3363,1422,one-to-one,dn_1590,ikt_1639,MISSING,Ippolita,MISSING,PRON,MISSING,nmod,leftover_target,
3364,1423,one-to-one,dn_1592,ikt_1640,Ippolita,Ippolita,PRON,PRON,nsubj,nsubj,explicit_full,
3365,1423,one-to-one,dn_1592,ikt_1640,MISSING,Ippolita,MISSING,NULL,MISSING,nsubj,leftover_target,
3366,1424,one-to-one,dn_1593,ikt_1642,Ippolita,Ippolita,PROPN,PRON,nsubj,nsubj,explicit_ref_case,
3367,1425,one-to-one,dn_1594 dn_1595,ikt_1641 ikt_1643,Giorgio,MISSING,PRON,MISSING,nsubj,MISSING,leftover_source,
3368,1425,one-to-one,dn_1594 dn_1595,ikt_1641 ikt_1643,Ippolita,Ippolita,PRON,PRON,obj,nsubj,explicit_ref_pos,
3369,1425,one-to-one,dn_1594 dn_1595,ikt_1641 ikt_1643,Ippolita,MISSING,NULL,MISSING,nsubj,MISSING,leftover_source,
3370,1425,one-to-one,dn_1594 dn_1595,ikt_1641 ikt_1643,Ippolita,MISSING,NULL,MISSING,nsubj,MISSING,leftover_source,
3371,1426,one-to-one,dn_1596,ikt_1644,Ippolita,Ippolita,PRON,NULL,nsubj,nsubj,zero_to_src_anchor,
3372,1426,one-to-one,dn_1596,ikt_1644,MISSING,Ippolita,MISSING,NULL,MISSING,nsubj,leftover_target,
3373,1427,one-to-one,dn_1597,ikt_1645,Giorgio,Giorgio,PROPN,PROPN,nsubj,nsubj,explicit_full,
3374,1427,one-to-one,dn_1597,ikt_1645,Giorgio,MISSING,DET,MISSING,nmod,MISSING,leftover_source,
3375,1427,one-to-one,dn_1597,ikt_1645,MISSING,Giorgio,MISSING,NULL,MISSING,nsubj,leftover_target,
3376,1427,one-to-one,dn_1597,ikt_1645,Ippolita,Ippolita,PRON,PRON,obj,obj,explicit_full,
3377,1428,one-to-one,dn_1598 dn_1599,ikt_1646 ikt_1647,Giorgio,Giorgio,PRON,PRON,obj,obj,explicit_full,
3378,1428,one-to-one,dn_1598 dn_1599,ikt_1646 ikt_1647,Giorgio,Giorgio,PRON,PRON,obj,obj,explicit_full,
3379,1428,one-to-one,dn_1598 dn_1599,ikt_1646 ikt_1647,Giorgio,Giorgio,PRON,PRON,nsubj,obj,explicit_ref_pos,
3380,1428,one-to-one,dn_1598 dn_1599,ikt_1646 ikt_1647,Ippolita,Ippolita,PRON,PRON,nsubj,nsubj,explicit_full,
3381,1428,one-to-one,dn_1598 dn_1599,ikt_1646 ikt_1647,Ippolita,Ippolita,DET,PRON,nmod,nmod,explicit_ref_case,
3382,1428,one-to-one,dn_1598 dn_1599,ikt_1646 ikt_1647,Ippolita,Ippolita,PRON,NULL,nsubj,nsubj,zero_to_src_anchor,
3383,1428,one-to-one,dn_1598 dn_1599,ikt_1646 ikt_1647,Ippolita,MISSING,PRON,MISSING,obj,MISSING,leftover_source,
3384,1428,one-to-one,dn_1598 dn_1599,ikt_1646 ikt_1647,Ippolita,MISSING,DET,MISSING,nmod,MISSING,leftover_source,
3385,1428,one-to-one,dn_1598 dn_1599,ikt_1646 ikt_1647,MISSING,Ippolita,MISSING,NULL,MISSING,nsubj,leftover_target,
3386,1429,one-to-many,dn_1600,ikt_1648 ikt_1650,Ippolita,Ippolita,PRON,PRON,nsubj,nsubj,explicit_full,
3387,1429,one-to-many,dn_1600,ikt_1648 ikt_1650,Ippolita,Ippolita,PRON,PRON,obj,nsubj,explicit_ref_pos,
3388,1429,one-to-many,dn_1600,ikt_1648 ikt_1650,MISSING,Ippolita,MISSING,NULL,MISSING,nsubj,leftover_target,
3389,1430,one-to-one,dn_1601,ikt_1649,Giorgio,Giorgio,PRON,NULL,nsubj,nsubj,zero_to_src_anchor,
3390,1431,one-to-one,dn_1602,ikt_1652,Giorgio,Giorgio,PRON,PRON,nsubj,nsubj,explicit_full,
3391,1431,one-to-one,dn_1602,ikt_1652,MISSING,Giorgio,MISSING,PRON,MISSING,nmod,leftover_target,
3392,1431,one-to-one,dn_1602,ikt_1652,Ippolita,Ippolita,PRON,PRON,obj,nmod,explicit_ref_pos,
3393,1431,one-to-one,dn_1602,ikt_1652,MISSING,Ippolita,MISSING,NULL,MISSING,nsubj,leftover_target,
3394,1432,one-to-one,dn_1603,ikt_1651,Giorgio,Giorgio,DET,PRON,nmod,nmod,explicit_ref_case,
3395,1432,one-to-one,dn_1603,ikt_1651,Ippolita,Ippolita,PRON,PRON,nsubj,obj,explicit_ref_pos,
3396,1433,one-to-one,dn_1604,ikt_1653,Giorgio,Giorgio,NOUN,NOUN,nmod,nmod,explicit_full,
3397,1433,one-to-one,dn_1604,ikt_1653,Ippolita,Ippolita,PRON,PRON,nsubj,obj,explicit_ref_pos,
3398,1434,one-to-one,dn_1605,ikt_1654,Giorgio Ippolita,Giorgio Ippolita,NULL,NOUN,nsubj,nsubj,zero_to_tgt_anchor,
3399,1434,one-to-one,dn_1605,ikt_1654,Giorgio Ippolita,MISSING,NULL,MISSING,nsubj,MISSING,leftover_source,
3400,1434,one-to-one,dn_1605,ikt_1654,Ippolita,Ippolita,NULL,PRON,nsubj,nsubj,zero_to_tgt_anchor,
3401,1435,one-to-one,dn_1606,ikt_1655,Giorgio,Giorgio,PRON,PRON,obj,obj,explicit_full,
3402,1435,one-to-one,dn_1606,ikt_1655,Ippolita,Ippolita,NULL,NULL,nsubj,nsubj,zero_zero_single,
3403,1436,one-to-one,dn_1607,ikt_1656,Giorgio Ippolita,Giorgio Ippolita,NULL,NOUN,nsubj,nsubj,zero_to_tgt_anchor,
3404,1437,one-to-one,dn_1608,ikt_1657,Giorgio Ippolita,MISSING,DET,MISSING,nmod,MISSING,leftover_source,
3405,1438,one-to-many,dn_1609,ikt_1658 ikt_1660,Giorgio,MISSING,PRON,MISSING,obj,MISSING,leftover_source,
3406,1438,one-to-many,dn_1609,ikt_1658 ikt_1660,MISSING,Giorgio Ippolita,MISSING,NULL,MISSING,nsubj,leftover_target,
3407,1438,one-to-many,dn_1609,ikt_1658 ikt_1660,Ippolita,MISSING,NULL,MISSING,nsubj,MISSING,leftover_source,
3408,1439,one-to-one,dn_1610,ikt_1659,Giorgio,Giorgio,PROPN,PROPN,nsubj,nsubj,explicit_full,
3409,1440,many-to-one,dn_1611 dn_1612,ikt_1661,Giorgio,Giorgio,PRON,PRON,obj,nsubj,explicit_ref_pos,
3410,1440,many-to-one,dn_1611 dn_1612,ikt_1661,Giorgio Ippolita,Giorgio Ippolita,NULL,NULL,nsubj,nsubj,zero_zero_semantic,0.21492348191644575
3411,1440,many-to-one,dn_1611 dn_1612,ikt_1661,Giorgio Ippolita,MISSING,NULL,MISSING,nsubj,MISSING,leftover_source,
3412,1440,many-to-one,dn_1611 dn_1612,ikt_1661,Giorgio Ippolita,MISSING,NULL,MISSING,nsubj,MISSING,leftover_source,
3413,1440,many-to-one,dn_1611 dn_1612,ikt_1661,Ippolita,MISSING,PRON,MISSING,nsubj,MISSING,leftover_source,
3414,1441,one-to-one,dn_1613,ikt_1662,Ippolita,Ippolita,PRON,PRON,nsubj,nsubj,explicit_full,
3415,1442,many-to-one,dn_1614 dn_1615 dn_1616,ikt_1663,Giorgio,Giorgio,DET,PRON,nmod,nmod,explicit_ref_case,
3416,1442,many-to-one,dn_1614 dn_1615 dn_1616,ikt_1663,MISSING,Giorgio Ippolita,MISSING,NULL,MISSING,nsubj,leftover_target,
3417,1442,many-to-one,dn_1614 dn_1615 dn_1616,ikt_1663,Ippolita,Ippolita,PRON,PRON,nsubj,nsubj,explicit_full,
3418,1442,many-to-one,dn_1614 dn_1615 dn_1616,ikt_1663,Ippolita,MISSING,NULL,MISSING,nsubj,MISSING,leftover_source,
3419,1442,many-to-one,dn_1614 dn_1615 dn_1616,ikt_1663,Ippolita,MISSING,PRON,MISSING,obj,MISSING,leftover_source,
3420,1443,one-to-one,dn_1617,ikt_1664,Giorgio Ippolita,Giorgio Ippolita,NULL,NULL,nsubj,nsubj,zero_zero_semantic,0.16497320185105005
3421,1443,one-to-one,dn_1617,ikt_1664,MISSING,Giorgio Ippolita,MISSING,NULL,MISSING,nsubj,leftover_target,
3422,1443,one-to-one,dn_1617,ikt_1664,MISSING,Giorgio Ippolita,MISSING,NOUN,MISSING,nsubj,leftover_target,
3423,1443,one-to-one,dn_1617,ikt_1664,MISSING,Giorgio Ippolita,MISSING,NULL,MISSING,nsubj,leftover_target,
3424,1443,one-to-one,dn_1617,ikt_1664,Ippolita,MISSING,PRON,MISSING,obj,MISSING,leftover_source,
3425,1444,one-to-one,dn_1618,ikt_1665,Giorgio Ippolita,Giorgio Ippolita,NULL,NULL,nsubj,nsubj,zero_zero_single,
3426,1445,one-to-one,dn_1619,ikt_1666,Ippolita,Ippolita,PROPN,PROPN,nsubj,nsubj,explicit_full,
3427,1445,one-to-one,dn_1619,ikt_1666,Ippolita,MISSING,DET,MISSING,nmod,MISSING,leftover_source,
3428,1445,one-to-one,dn_1619,ikt_1666,MISSING,Ippolita,MISSING,NULL,MISSING,nsubj,leftover_target,
3429,1445,one-to-one,dn_1619,ikt_1666,MISSING,Ippolita,MISSING,NULL,MISSING,nsubj,leftover_target,
3430,1446,one-to-one,dn_1620,ikt_1667,MISSING,Giorgio Ippolita,MISSING,NULL,MISSING,nsubj,leftover_target,
3431,1448,one-to-one,dn_1622,ikt_1669,MISSING,Giorgio Ippolita,MISSING,NULL,MISSING,nsubj,leftover_target,
3432,1449,one-to-many,dn_1623,ikt_1670 ikt_1671,Giorgio,Giorgio,PROPN,PROPN,nsubj,nsubj,explicit_full,
3433,1449,one-to-many,dn_1623,ikt_1670 ikt_1671,Giorgio,Giorgio,NULL,NULL,nsubj,nsubj,zero_zero_semantic,0.26749283858637246
3434,1449,one-to-many,dn_1623,ikt_1670 ikt_1671,MISSING,Giorgio,MISSING,NULL,MISSING,nsubj,leftover_target,
3435,1449,one-to-many,dn_1623,ikt_1670 ikt_1671,MISSING,Giorgio,MISSING,NULL,MISSING,nsubj,leftover_target,
3436,1449,one-to-many,dn_1623,ikt_1670 ikt_1671,Ippolita,Ippolita,PRON,PRON,obj,obj,explicit_full,
3437,1449,one-to-many,dn_1623,ikt_1670 ikt_1671,Ippolita,Ippolita,PRON,PROPN,nsubj,nsubj,explicit_ref_case,
3438,1449,one-to-many,dn_1623,ikt_1670 ikt_1671,Ippolita,Ippolita,NULL,NULL,nsubj,nsubj,zero_zero_semantic,0.4701584753844321
3439,1449,one-to-many,dn_1623,ikt_1670 ikt_1671,Ippolita,Ippolita,PRON,NULL,nsubj,nsubj,zero_to_src_anchor,
3440,1449,one-to-many,dn_1623,ikt_1670 ikt_1671,Ippolita,MISSING,PRON,MISSING,obj,MISSING,leftover_source,
3441,1449,one-to-many,dn_1623,ikt_1670 ikt_1671,MISSING,Ippolita,MISSING,NULL,MISSING,nsubj,leftover_target,
3442,1451,one-to-many,dn_1625,ikt_1674 ikt_1675,Ippolita,Ippolita,PRON,PRON,nsubj,nsubj,explicit_full,
3443,1453,one-to-one,dn_1627,ikt_1677,Giorgio,Giorgio,NULL,NULL,nsubj,nsubj,zero_zero_single,
3444,1454,one-to-one,dn_1628,ikt_1678,Giorgio,MISSING,PROPN,MISSING,obj,MISSING,leftover_source,
3445,1454,one-to-one,dn_1628,ikt_1678,Ippolita,Ippolita,PRON,PRON,nsubj,nsubj,explicit_full,
3446,1454,one-to-one,dn_1628,ikt_1678,MISSING,Ippolita,MISSING,NULL,MISSING,nsubj,leftover_target,
3447,1455,many-to-one,dn_1629 dn_1630,ikt_1679,Ippolita,Ippolita,NULL,NULL,nsubj,nsubj,zero_zero_single,
3448,1456,one-to-one,dn_1631,ikt_1680,Pancrazio,Pancrazio,PROPN,PROPN,nsubj,nsubj,explicit_full,
3449,1457,one-to-one,dn_1632,ikt_1681,Giorgio,MISSING,PROPN,MISSING,obj,MISSING,leftover_source,
3450,1457,one-to-one,dn_1632,ikt_1681,Pancrazio,Pancrazio,NULL,NULL,nsubj,nsubj,zero_zero_single,
3451,1458,one-to-one,dn_1633 dn_1634,ikt_1682 ikt_1683,Giorgio,MISSING,NOUN,MISSING,nmod,MISSING,leftover_source,
3452,1458,one-to-one,dn_1633 dn_1634,ikt_1682 ikt_1683,MISSING,Giorgio Ippolita,MISSING,PRON,MISSING,obj,leftover_target,
3453,1458,one-to-one,dn_1633 dn_1634,ikt_1682 ikt_1683,Pancrazio,Pancrazio,PRON,PRON,nsubj,nsubj,explicit_full,
3454,1458,one-to-one,dn_1633 dn_1634,ikt_1682 ikt_1683,Pancrazio,Pancrazio,NULL,NULL,nsubj,nsubj,zero_zero_single,
3455,1458,one-to-one,dn_1633 dn_1634,ikt_1682 ikt_1683,Pancrazio,MISSING,PRON,MISSING,obj,MISSING,leftover_source,
3456,1458,one-to-one,dn_1633 dn_1634,ikt_1682 ikt_1683,Pancrazio,MISSING,PRON,MISSING,obj,MISSING,leftover_source,
3457,1458,one-to-one,dn_1633 dn_1634,ikt_1682 ikt_1683,Pancrazio,MISSING,PRON,MISSING,obj,MISSING,leftover_source,
3458,1459,one-to-many,dn_1635,ikt_1684 ikt_1685,MISSING,Giorgio,MISSING,PRON,MISSING,nsubj,leftover_target,
3459,1459,one-to-many,dn_1635,ikt_1684 ikt_1685,Giorgio Ippolita,Giorgio Ippolita,PRON,NOUN,obj,nsubj,explicit_ref_only,
3460,1459,one-to-many,dn_1635,ikt_1684 ikt_1685,Giorgio Ippolita,MISSING,PRON,MISSING,obj,MISSING,leftover_source,
3461,1459,one-to-many,dn_1635,ikt_1684 ikt_1685,Pancrazio,Pancrazio,NULL,NULL,nsubj,nsubj,zero_zero_single,
3462,1460,many-to-one,dn_1636 dn_1637,ikt_1686,Pancrazio,Pancrazio,PROPN,PROPN,nsubj,nsubj,explicit_full,
3463,1461,one-to-one,dn_1638,ikt_1688,Ippolita,Ippolita,PROPN,PROPN,nsubj,nsubj,explicit_full,
3464,1461,one-to-one,dn_1638,ikt_1688,Ippolita,Ippolita,NULL,NULL,nsubj,nsubj,zero_zero_single,
3465,1462,one-to-one,dn_1639,ikt_1687,Giorgio Ippolita,Giorgio Ippolita,NULL,NULL,nsubj,nsubj,zero_zero_single,
3466,1463,one-to-one,dn_1640,ikt_1689,Pancrazio,Pancrazio,PROPN,PROPN,nsubj,nsubj,explicit_full,
3467,1464,one-to-one,dn_1641,ikt_1690,MISSING,Giorgio Ippolita,MISSING,NOUN,MISSING,obj,leftover_target,
3468,1464,one-to-one,dn_1641,ikt_1690,Ippolita,MISSING,NOUN,MISSING,obj,MISSING,leftover_source,
3469,1464,one-to-one,dn_1641,ikt_1690,Pancrazio,Pancrazio,NULL,NULL,nsubj,nsubj,zero_zero_single,
3470,1465,one-to-one,dn_1642,ikt_1691,Pancrazio,MISSING,PRON,MISSING,obj,MISSING,leftover_source,
3471,1467,one-to-one,dn_1645,ikt_1693,Giorgio Ippolita,Giorgio Ippolita,NOUN,NOUN,nsubj,nsubj,explicit_full,
3472,1467,one-to-one,dn_1645,ikt_1693,Giorgio Ippolita,Giorgio Ippolita,NULL,NULL,nsubj,nsubj,zero_zero_semantic,0.3925319800063559
3473,1467,one-to-one,dn_1645,ikt_1693,MISSING,Giorgio Ippolita,MISSING,NULL,MISSING,nsubj,leftover_target,
3474,1468,one-to-many,dn_1646,ikt_1694 ikt_1696,Giorgio Ippolita,Giorgio Ippolita,PRON,PRON,obj,obj,explicit_full,
3475,1468,one-to-many,dn_1646,ikt_1694 ikt_1696,Pancrazio,Pancrazio,NOUN,NOUN,nsubj,nsubj,explicit_full,
3476,1468,one-to-many,dn_1646,ikt_1694 ikt_1696,MISSING,Pancrazio,MISSING,NULL,MISSING,nsubj,leftover_target,
3477,1469,one-to-one,dn_1647,ikt_1695,Pancrazio,Pancrazio,NULL,NULL,nsubj,nsubj,zero_zero_single,
3478,1470,one-to-one,dn_1648,ikt_1697,Giorgio,Giorgio,PROPN,PROPN,nsubj,nsubj,explicit_full,
3479,1470,one-to-one,dn_1648,ikt_1697,MISSING,Giorgio,MISSING,DET,MISSING,nmod,leftover_target,
3480,1470,one-to-one,dn_1648,ikt_1697,MISSING,Giorgio,MISSING,NULL,MISSING,nsubj,leftover_target,
3481,1471,one-to-one,dn_1649,ikt_1698,Giorgio Ippolita,Giorgio Ippolita,NULL,NULL,nsubj,nsubj,zero_zero_semantic,0.25588646084070205
3482,1471,one-to-one,dn_1649,ikt_1698,Giorgio Ippolita,MISSING,NULL,MISSING,nsubj,MISSING,leftover_source,
3483,1472,one-to-one,dn_1650,ikt_1699,Giorgio Ippolita,Giorgio Ippolita,NULL,NULL,nsubj,nsubj,zero_zero_single,
3484,1474,one-to-one,dn_1652,ikt_1701,Giorgio Ippolita,Giorgio Ippolita,PRON,PRON,obj,nmod,explicit_ref_pos,
3485,1474,one-to-one,dn_1652,ikt_1701,Giorgio Ippolita,MISSING,PRON-REFLEX,MISSING,obj,MISSING,leftover_source,
3486,1474,one-to-one,dn_1652,ikt_1701,Giorgio Ippolita,MISSING,NULL,MISSING,nsubj,MISSING,leftover_source,
